# FreeCAD v1.0 build2 Arch module
# https://www.freecad.org
mtllib CardHolder.mtl
o CardHolder
usemtl color_acb5bc
v 0.0 0.0 0.0
v 0.0 0.0 9.5
v 0.0 102.794586 0.0
v 0.0 102.794586 9.5
v 20.385786 0.0 3.085786
v 20.318098 0.0 3.156882
v 20.456882 0.0 3.018098
v 20.531214 0.0 2.953979
v 20.253979 0.0 3.231213
v 20.193584 0.0 3.308601
v 20.608601 0.0 2.893585
v 20.13706 0.0 3.38886
v 20.68886 0.0 2.837061
v 20.084543 0.0 3.471795
v 20.771795 0.0 2.784543
v 20.036158 0.0 3.557207
v 20.857206 0.0 2.736157
v 19.992022 0.0 3.64489
v 20.944889 0.0 2.692021
v 19.95224 0.0 3.734633
v 21.034634 0.0 2.652241
v 19.916912 0.0 3.82622
v 21.126221 0.0 2.616912
v 19.88612 0.0 3.919431
v 21.219431 0.0 2.586119
v 19.859938 0.0 4.01404
v 21.314039 0.0 2.559937
v 19.838428 0.0 4.109819
v 21.409819 0.0 2.538429
v 19.821648 0.0 4.206539
v 21.506538 0.0 2.521647
v 19.809631 0.0 4.303966
v 21.603966 0.0 2.50963
v 19.802408 0.0 4.401865
v 19.799999 0.0 4.5
v 19.799999 0.0 9.5
v 52.19759 0.0 4.401865
v 72.0 0.0 0.0
v 52.200001 0.0 4.5
v 52.190369 0.0 4.303966
v 52.178352 0.0 4.206539
v 52.161572 0.0 4.109819
v 52.140064 0.0 4.01404
v 52.11388 0.0 3.919431
v 52.083088 0.0 3.82622
v 52.04776 0.0 3.734633
v 52.00798 0.0 3.64489
v 51.963844 0.0 3.557207
v 51.915459 0.0 3.471795
v 51.862938 0.0 3.38886
v 51.806416 0.0 3.308601
v 51.746021 0.0 3.231213
v 51.681904 0.0 3.156882
v 51.614212 0.0 3.085786
v 51.543118 0.0 3.018098
v 51.468788 0.0 2.953979
v 51.391399 0.0 2.893585
v 51.311142 0.0 2.837061
v 51.228207 0.0 2.784543
v 51.142792 0.0 2.736157
v 51.055111 0.0 2.692021
v 50.965366 0.0 2.652241
v 50.873779 0.0 2.616912
v 50.780571 0.0 2.586119
v 50.685959 0.0 2.559937
v 50.590179 0.0 2.538429
v 50.493462 0.0 2.521647
v 50.396034 0.0 2.50963
v 50.298134 0.0 2.502409
v 72.0 0.0 9.5
v 52.200001 0.0 9.5
v 21.799999 0.0 2.5
v 21.701864 0.0 2.502409
v 50.200001 0.0 2.5
v 4.256882 4.118098 9.5
v 4.185786 4.185786 9.5
v 4.118098 4.256882 9.5
v 4.331213 4.053979 9.5
v 4.053979 4.331213 9.5
v 3.993585 4.408601 9.5
v 4.408601 3.993585 9.5
v 3.937061 4.48886 9.5
v 4.48886 3.937061 9.5
v 3.884543 4.571795 9.5
v 4.571795 3.884543 9.5
v 3.836158 4.657207 9.5
v 4.657207 3.836158 9.5
v 3.792022 4.74489 9.5
v 4.74489 3.792022 9.5
v 3.752241 4.834633 9.5
v 4.834633 3.752241 9.5
v 4.92622 3.716912 9.5
v 3.716912 4.92622 9.5
v 3.686119 5.019431 9.5
v 5.019431 3.686119 9.5
v 3.659937 5.114039 9.5
v 5.114039 3.659937 9.5
v 3.638429 5.209819 9.5
v 5.209819 3.638429 9.5
v 5.306539 3.621647 9.5
v 3.621647 5.306539 9.5
v 3.609631 5.403966 9.5
v 5.403966 3.609631 9.5
v 3.602409 5.501864 9.5
v 5.501864 3.602409 9.5
v 5.6 3.6 9.5
v 3.6 5.6 9.5
v 17.799999 3.6 9.5
v 19.799999 1.6 9.5
v 19.778353 1.893461 9.5
v 19.79759 1.698135 9.5
v 19.790369 1.796034 9.5
v 18.09346 3.578353 9.5
v 17.996035 3.590369 9.5
v 17.898136 3.597591 9.5
v 18.285961 3.540062 9.5
v 18.19018 3.561571 9.5
v 18.380569 3.513881 9.5
v 19.683088 2.27378 9.5
v 19.740063 2.08596 9.5
v 19.713881 2.180569 9.5
v 19.76157 1.990181 9.5
v 18.47378 3.483088 9.5
v 19.607979 2.45511 9.5
v 19.647758 2.365367 9.5
v 18.742794 3.363842 9.5
v 18.565367 3.447759 9.5
v 18.655109 3.407979 9.5
v 19.563843 2.542794 9.5
v 18.828205 3.315457 9.5
v 18.991398 3.206415 9.5
v 18.91114 3.262939 9.5
v 19.068787 3.146021 9.5
v 19.346022 2.868787 9.5
v 19.462938 2.71114 9.5
v 19.406416 2.791399 9.5
v 19.515457 2.628206 9.5
v 19.281902 2.943118 9.5
v 19.214214 3.014214 9.5
v 19.143118 3.081902 9.5
v 52.209629 1.796034 9.5
v 52.202408 1.698135 9.5
v 52.200001 1.6 9.5
v 52.23843 1.990181 9.5
v 52.221645 1.893461 9.5
v 52.259937 2.08596 9.5
v 52.286118 2.180569 9.5
v 52.392021 2.45511 9.5
v 52.316914 2.27378 9.5
v 52.352242 2.365367 9.5
v 52.436157 2.542794 9.5
v 52.484543 2.628206 9.5
v 52.53706 2.71114 9.5
v 52.65398 2.868787 9.5
v 52.593586 2.791399 9.5
v 52.718098 2.943118 9.5
v 52.85688 3.081902 9.5
v 52.785786 3.014214 9.5
v 53.008602 3.206415 9.5
v 52.931213 3.146021 9.5
v 53.08886 3.262939 9.5
v 53.171795 3.315457 9.5
v 53.257206 3.363842 9.5
v 53.434631 3.447759 9.5
v 53.344891 3.407979 9.5
v 53.526218 3.483088 9.5
v 53.619431 3.513881 9.5
v 53.809818 3.561571 9.5
v 53.714039 3.540062 9.5
v 53.90654 3.578353 9.5
v 54.101864 3.597591 9.5
v 54.003967 3.590369 9.5
v 54.200001 3.6 9.5
v 66.400002 3.6 9.5
v 66.498138 3.602409 9.5
v 66.596031 3.609631 9.5
v 66.693459 3.621647 9.5
v 66.790184 3.638429 9.5
v 66.885963 3.659937 9.5
v 66.980568 3.686119 9.5
v 67.073776 3.716912 9.5
v 67.165367 3.752241 9.5
v 67.255112 3.792022 9.5
v 67.342796 3.836158 9.5
v 67.428207 3.884543 9.5
v 67.511139 3.937061 9.5
v 67.5914 3.993585 9.5
v 67.668785 4.053979 9.5
v 67.743118 4.118098 9.5
v 67.814217 4.185786 9.5
v 67.881905 4.256882 9.5
v 67.946022 4.331213 9.5
v 68.006416 4.408601 9.5
v 68.062943 4.48886 9.5
v 68.115456 4.571795 9.5
v 68.163841 4.657207 9.5
v 68.207977 4.74489 9.5
v 68.247757 4.834633 9.5
v 68.283089 4.92622 9.5
v 68.313881 5.019431 9.5
v 68.340065 5.114039 9.5
v 68.361572 5.209819 9.5
v 68.378349 5.306539 9.5
v 68.390373 5.403966 9.5
v 68.397591 5.501864 9.5
v 68.400002 5.6 9.5
v 3.6 91.400002 9.5
v 3.602409 91.498138 9.5
v 3.609631 91.596031 9.5
v 5.501864 93.397591 9.5
v 5.6 93.400002 9.5
v 5.403966 93.390373 9.5
v 5.306539 93.378349 9.5
v 5.209819 93.361572 9.5
v 5.114039 93.340065 9.5
v 5.019431 93.313881 9.5
v 4.92622 93.283089 9.5
v 4.834633 93.247757 9.5
v 4.74489 93.207977 9.5
v 4.657207 93.163841 9.5
v 4.571795 93.115456 9.5
v 4.48886 93.062943 9.5
v 4.408601 93.006416 9.5
v 4.331213 92.946022 9.5
v 4.256882 92.881905 9.5
v 4.185786 92.814217 9.5
v 4.118098 92.743118 9.5
v 4.053979 92.668785 9.5
v 3.993585 92.5914 9.5
v 3.937061 92.511139 9.5
v 3.884543 92.428207 9.5
v 3.836158 92.342796 9.5
v 3.792022 92.255112 9.5
v 3.752241 92.165367 9.5
v 3.716912 92.073776 9.5
v 3.686119 91.980568 9.5
v 3.659937 91.885963 9.5
v 3.638429 91.790184 9.5
v 3.621647 91.693459 9.5
v 68.400002 91.400002 9.5
v 72.0 102.794586 9.5
v 66.400002 93.400002 9.5
v 68.397591 91.498138 9.5
v 68.390373 91.596031 9.5
v 68.378349 91.693459 9.5
v 68.361572 91.790184 9.5
v 68.340065 91.885963 9.5
v 68.313881 91.980568 9.5
v 68.283089 92.073776 9.5
v 68.247757 92.165367 9.5
v 68.207977 92.255112 9.5
v 68.163841 92.342796 9.5
v 68.115456 92.428207 9.5
v 68.062943 92.511139 9.5
v 68.006416 92.5914 9.5
v 67.946022 92.668785 9.5
v 67.881905 92.743118 9.5
v 67.814217 92.814217 9.5
v 67.743118 92.881905 9.5
v 67.668785 92.946022 9.5
v 67.5914 93.006416 9.5
v 67.511139 93.062943 9.5
v 67.428207 93.115456 9.5
v 67.342796 93.163841 9.5
v 67.255112 93.207977 9.5
v 67.165367 93.247757 9.5
v 67.073776 93.283089 9.5
v 66.980568 93.313881 9.5
v 66.885963 93.340065 9.5
v 66.790184 93.361572 9.5
v 66.693459 93.378349 9.5
v 66.596031 93.390373 9.5
v 66.498138 93.397591 9.5
v 1.879416 102.794586 1.15
v 1.879416 102.794586 0.0
v 4.720583 102.794586 1.15
v 67.279419 102.794586 1.15
v 67.279419 102.794586 0.0
v 4.720583 102.794586 0.0
v 72.0 102.794586 0.0
v 70.120583 102.794586 0.0
v 70.120583 102.794586 1.15
v 1.980507 2.075689 0.0
v 2.043174 2.01144 0.0
v 2.108965 1.950394 0.0
v 1.92112 2.142982 0.0
v 2.177718 1.892703 0.0
v 1.865162 2.213152 0.0
v 2.249261 1.838512 0.0
v 1.81277 2.286024 0.0
v 2.323417 1.787953 0.0
v 1.764076 2.361417 0.0
v 2.4 1.741154 0.0
v 1.719201 2.439143 0.0
v 2.478821 1.698231 0.0
v 1.678256 2.519009 0.0
v 2.559683 1.659289 0.0
v 1.641343 2.600817 0.0
v 2.642386 1.624427 0.0
v 1.608553 2.684364 0.0
v 2.726724 1.593731 0.0
v 1.579969 2.769441 0.0
v 2.812487 1.567276 0.0
v 1.555661 2.855837 0.0
v 2.899462 1.54513 0.0
v 1.535689 2.943337 0.0
v 2.987433 1.527346 0.0
v 1.520105 3.031724 0.0
v 3.076181 1.513969 0.0
v 1.508945 3.120778 0.0
v 3.165486 1.505033 0.0
v 1.502238 3.210277 0.0
v 3.255125 1.500559 0.0
v 1.5 3.3 0.0
v 3.344875 1.500559 0.0
v 1.502238 3.389723 0.0
v 3.434514 1.505033 0.0
v 1.508945 3.479222 0.0
v 3.523819 1.513969 0.0
v 1.520105 3.568276 0.0
v 3.612567 1.527346 0.0
v 1.535689 3.656663 0.0
v 3.700538 1.54513 0.0
v 1.555661 3.744163 0.0
v 3.787513 1.567276 0.0
v 1.579969 3.830559 0.0
v 3.873276 1.593731 0.0
v 1.608553 3.915636 0.0
v 3.957614 1.624427 0.0
v 4.556826 2.01144 0.0
v 67.380508 2.075689 0.0
v 67.443176 2.01144 0.0
v 4.619493 2.075689 0.0
v 67.508965 1.950394 0.0
v 4.491035 1.950394 0.0
v 67.321121 2.142982 0.0
v 4.67888 2.142982 0.0
v 4.422282 1.892703 0.0
v 67.577721 1.892703 0.0
v 4.350739 1.838512 0.0
v 67.26516 2.213152 0.0
v 4.734838 2.213152 0.0
v 67.649261 1.838512 0.0
v 67.212769 2.286024 0.0
v 4.78723 2.286024 0.0
v 67.723419 1.787953 0.0
v 4.276583 1.787953 0.0
v 4.835924 2.361417 0.0
v 67.164078 2.361417 0.0
v 67.800003 1.741154 0.0
v 4.2 1.741154 0.0
v 4.880799 2.439143 0.0
v 67.119202 2.439143 0.0
v 67.878822 1.698231 0.0
v 4.121179 1.698231 0.0
v 4.921744 2.519009 0.0
v 67.078255 2.519009 0.0
v 67.959686 1.659289 0.0
v 4.040317 1.659289 0.0
v 4.958657 2.600817 0.0
v 67.041344 2.600817 0.0
v 68.042389 1.624427 0.0
v 4.991446 2.684364 0.0
v 67.008553 2.684364 0.0
v 5.020031 2.769441 0.0
v 66.979965 2.769441 0.0
v 5.044339 2.855837 0.0
v 66.955658 2.855837 0.0
v 5.064311 2.943337 0.0
v 66.935692 2.943337 0.0
v 5.079895 3.031724 0.0
v 66.920105 3.031724 0.0
v 5.091055 3.120778 0.0
v 66.908943 3.120778 0.0
v 5.097763 3.210277 0.0
v 66.902237 3.210277 0.0
v 5.1 3.3 0.0
v 66.900002 3.3 0.0
v 66.902237 3.389723 0.0
v 5.097763 3.389723 0.0
v 66.908943 3.479222 0.0
v 5.091055 3.479222 0.0
v 5.079895 3.568276 0.0
v 66.920105 3.568276 0.0
v 66.935692 3.656663 0.0
v 5.064311 3.656663 0.0
v 5.044339 3.744163 0.0
v 66.955658 3.744163 0.0
v 5.020031 3.830559 0.0
v 66.979965 3.830559 0.0
v 67.008553 3.915636 0.0
v 4.991446 3.915636 0.0
v 67.041344 3.999183 0.0
v 4.958657 3.999183 0.0
v 67.078255 4.080991 0.0
v 4.921744 4.080991 0.0
v 4.880799 4.160857 0.0
v 67.119202 4.160857 0.0
v 67.164078 4.238584 0.0
v 4.835924 4.238584 0.0
v 4.78723 4.313976 0.0
v 67.212769 4.313976 0.0
v 67.26516 4.386848 0.0
v 4.734838 4.386848 0.0
v 4.67888 4.457018 0.0
v 67.321121 4.457018 0.0
v 4.619493 4.524311 0.0
v 67.380508 4.524311 0.0
v 68.299461 1.54513 0.0
v 68.212486 1.567276 0.0
v 68.387436 1.527346 0.0
v 68.476181 1.513969 0.0
v 68.565483 1.505033 0.0
v 68.655128 1.500559 0.0
v 68.744873 1.500559 0.0
v 68.834511 1.505033 0.0
v 68.92382 1.513969 0.0
v 69.012566 1.527346 0.0
v 69.10054 1.54513 0.0
v 69.187515 1.567276 0.0
v 69.273277 1.593731 0.0
v 69.357613 1.624427 0.0
v 69.440315 1.659289 0.0
v 69.521179 1.698231 0.0
v 69.599998 1.741154 0.0
v 69.676582 1.787953 0.0
v 69.75074 1.838512 0.0
v 69.822281 1.892703 0.0
v 69.891037 1.950394 0.0
v 69.956825 2.01144 0.0
v 68.126724 1.593731 0.0
v 4.556826 4.58856 0.0
v 67.443176 4.58856 0.0
v 70.019493 2.075689 0.0
v 4.491035 4.649606 0.0
v 67.508965 4.649606 0.0
v 70.07888 2.142982 0.0
v 4.422282 4.707297 0.0
v 67.577721 4.707297 0.0
v 70.134842 2.213152 0.0
v 4.350739 4.761488 0.0
v 67.649261 4.761488 0.0
v 70.187233 2.286024 0.0
v 4.276583 4.812047 0.0
v 67.723419 4.812047 0.0
v 70.235924 2.361417 0.0
v 70.2808 2.439143 0.0
v 70.321747 2.519009 0.0
v 70.358658 2.600817 0.0
v 70.391449 2.684364 0.0
v 70.420029 2.769441 0.0
v 70.444336 2.855837 0.0
v 70.46431 2.943337 0.0
v 70.479897 3.031724 0.0
v 70.491058 3.120778 0.0
v 70.497765 3.210277 0.0
v 70.5 3.3 0.0
v 70.497765 3.389723 0.0
v 70.491058 3.479222 0.0
v 70.479897 3.568276 0.0
v 70.46431 3.656663 0.0
v 70.444336 3.744163 0.0
v 70.420029 3.830559 0.0
v 70.391449 3.915636 0.0
v 1.980507 4.524311 0.0
v 2.008986 100.434868 0.0
v 2.043174 4.58856 0.0
v 2.072482 100.372658 0.0
v 2.108965 4.649606 0.0
v 1.92112 4.457018 0.0
v 1.948638 100.50013 0.0
v 2.138972 100.313667 0.0
v 2.177718 4.707297 0.0
v 1.891585 100.568291 0.0
v 2.208293 100.258026 0.0
v 2.249261 4.761488 0.0
v 2.280277 100.205872 0.0
v 2.323417 4.812047 0.0
v 2.354747 100.157341 0.0
v 2.4 4.858846 0.0
v 2.431523 100.112541 0.0
v 2.478821 4.901769 0.0
v 2.510416 100.071594 0.0
v 2.559683 4.940711 0.0
v 2.591235 100.034584 0.0
v 2.642386 4.975573 0.0
v 2.673783 100.00161 0.0
v 2.726724 5.006269 0.0
v 2.757857 99.972755 0.0
v 2.812487 5.032723 0.0
v 2.843254 99.948082 0.0
v 2.899462 5.05487 0.0
v 1.595085 101.111877 0.0
v 1.568664 101.196754 0.0
v 1.625664 101.028412 0.0
v 1.660325 100.946564 0.0
v 1.698985 100.866524 0.0
v 1.74155 100.788483 0.0
v 1.787915 100.712646 0.0
v 1.865162 4.386848 0.0
v 1.837967 100.639191 0.0
v 1.81277 4.313976 0.0
v 1.764076 4.238584 0.0
v 1.719201 4.160857 0.0
v 1.678256 4.080991 0.0
v 1.641343 3.999183 0.0
v 1.546466 101.282822 0.0
v 2.929764 99.927658 0.0
v 2.987433 5.072654 0.0
v 1.528543 101.369888 0.0
v 3.017177 99.91153 0.0
v 3.076181 5.08603 0.0
v 1.514941 101.457726 0.0
v 3.10528 99.899734 0.0
v 3.165486 5.094967 0.0
v 1.505692 101.546135 0.0
v 3.193858 99.892303 0.0
v 3.255125 5.099441 0.0
v 1.500819 101.634888 0.0
v 3.282695 99.889252 0.0
v 3.344875 5.099441 0.0
v 1.500333 101.723778 0.0
v 3.371574 99.890594 0.0
v 3.434514 5.094967 0.0
v 1.504236 101.812584 0.0
v 3.460279 99.896317 0.0
v 3.523819 5.08603 0.0
v 1.512518 101.901085 0.0
v 3.548592 99.906418 0.0
v 3.612567 5.072654 0.0
v 1.525159 101.989067 0.0
v 3.636299 99.920868 0.0
v 3.700538 5.05487 0.0
v 1.542129 102.076324 0.0
v 3.723186 99.939621 0.0
v 3.787513 5.032723 0.0
v 1.563385 102.162636 0.0
v 3.809042 99.962646 0.0
v 3.873276 5.006269 0.0
v 1.588876 102.247787 0.0
v 3.893655 99.989883 0.0
v 3.957614 4.975573 0.0
v 1.61854 102.331581 0.0
v 3.976821 100.021263 0.0
v 4.040317 4.940711 0.0
v 1.652305 102.413811 0.0
v 4.058337 100.056709 0.0
v 4.121179 4.901769 0.0
v 1.690088 102.49427 0.0
v 4.138003 100.096138 0.0
v 4.2 4.858846 0.0
v 1.731797 102.572762 0.0
v 4.215626 100.13945 0.0
v 1.77733 102.649109 0.0
v 4.291016 100.186546 0.0
v 1.826577 102.723106 0.0
v 4.628251 100.474365 0.0
v 67.408989 100.434868 0.0
v 4.566659 100.410271 0.0
v 67.472481 100.372658 0.0
v 4.501978 100.349304 0.0
v 67.34864 100.50013 0.0
v 4.686604 100.54142 0.0
v 67.538971 100.313667 0.0
v 4.434367 100.291595 0.0
v 67.291588 100.568291 0.0
v 4.741575 100.611275 0.0
v 67.608292 100.258026 0.0
v 4.363988 100.237297 0.0
v 67.237968 100.639191 0.0
v 4.79303 100.683754 0.0
v 67.680275 100.205872 0.0
v 67.187912 100.712646 0.0
v 4.840845 100.75869 0.0
v 67.754745 100.157341 0.0
v 67.800003 4.858846 0.0
v 67.141548 100.788483 0.0
v 4.884902 100.835892 0.0
v 67.83152 100.112541 0.0
v 67.878822 4.901769 0.0
v 67.098984 100.866524 0.0
v 4.925094 100.915176 0.0
v 67.910416 100.071594 0.0
v 67.959686 4.940711 0.0
v 67.060326 100.946564 0.0
v 4.961323 100.996346 0.0
v 67.991234 100.034584 0.0
v 68.042389 4.975573 0.0
v 67.025665 101.028412 0.0
v 4.9935 101.079208 0.0
v 68.073784 100.00161 0.0
v 68.126724 5.006269 0.0
v 66.995087 101.111877 0.0
v 5.021548 101.163551 0.0
v 68.15786 99.972755 0.0
v 68.212486 5.032723 0.0
v 5.045397 101.249184 0.0
v 66.968666 101.196754 0.0
v 68.243256 99.948082 0.0
v 68.299461 5.05487 0.0
v 66.946465 101.282822 0.0
v 5.06499 101.335884 0.0
v 68.329765 99.927658 0.0
v 68.387436 5.072654 0.0
v 66.928543 101.369888 0.0
v 5.080279 101.423454 0.0
v 68.417175 99.91153 0.0
v 68.476181 5.08603 0.0
v 66.91494 101.457726 0.0
v 5.091226 101.511665 0.0
v 68.50528 99.899734 0.0
v 68.565483 5.094967 0.0
v 66.905693 101.546135 0.0
v 5.097805 101.600311 0.0
v 68.593857 99.892303 0.0
v 68.655128 5.099441 0.0
v 66.900818 101.634888 0.0
v 5.1 101.689171 0.0
v 68.682693 99.889252 0.0
v 68.744873 5.099441 0.0
v 66.90033 101.723778 0.0
v 5.097992 101.774162 0.0
v 68.771576 99.890594 0.0
v 68.834511 5.094967 0.0
v 66.904236 101.812584 0.0
v 5.091974 101.858955 0.0
v 68.860275 99.896317 0.0
v 68.92382 5.08603 0.0
v 66.912521 101.901085 0.0
v 5.081959 101.943382 0.0
v 68.948593 99.906418 0.0
v 69.012566 5.072654 0.0
v 5.067969 102.027229 0.0
v 66.925156 101.989067 0.0
v 69.036301 99.920868 0.0
v 69.10054 5.05487 0.0
v 5.050035 102.110329 0.0
v 66.942131 102.076324 0.0
v 69.123184 99.939621 0.0
v 69.187515 5.032723 0.0
v 5.028198 102.19249 0.0
v 66.963387 102.162636 0.0
v 69.209045 99.962646 0.0
v 69.273277 5.006269 0.0
v 5.002506 102.273529 0.0
v 66.988876 102.247787 0.0
v 69.293655 99.989883 0.0
v 69.357613 4.975573 0.0
v 4.973016 102.353264 0.0
v 67.018539 102.331581 0.0
v 69.376823 100.021263 0.0
v 69.440315 4.940711 0.0
v 4.939794 102.431519 0.0
v 67.052307 102.413811 0.0
v 69.458336 100.056709 0.0
v 69.521179 4.901769 0.0
v 4.902915 102.50811 0.0
v 67.090088 102.49427 0.0
v 69.538002 100.096138 0.0
v 69.599998 4.858846 0.0
v 4.86246 102.582878 0.0
v 67.131798 102.572762 0.0
v 69.615623 100.13945 0.0
v 69.676582 4.812047 0.0
v 4.81852 102.655655 0.0
v 67.17733 102.649109 0.0
v 69.691017 100.186546 0.0
v 69.75074 4.761488 0.0
v 4.771193 102.72628 0.0
v 67.226578 102.723106 0.0
v 69.763985 100.237297 0.0
v 69.822281 4.707297 0.0
v 69.834366 100.291595 0.0
v 69.891037 4.649606 0.0
v 69.901978 100.349304 0.0
v 69.956825 4.58856 0.0
v 69.96666 100.410271 0.0
v 70.019493 4.524311 0.0
v 70.028252 100.474365 0.0
v 70.07888 4.457018 0.0
v 70.086601 100.54142 0.0
v 70.497993 101.774162 0.0
v 70.5 101.689171 0.0
v 70.491974 101.858955 0.0
v 70.481956 101.943382 0.0
v 70.467972 102.027229 0.0
v 70.450035 102.110329 0.0
v 70.4282 102.19249 0.0
v 70.402504 102.273529 0.0
v 70.373016 102.353264 0.0
v 70.33979 102.431519 0.0
v 70.302917 102.50811 0.0
v 70.262459 102.582878 0.0
v 70.218521 102.655655 0.0
v 70.171196 102.72628 0.0
v 70.358658 3.999183 0.0
v 70.321747 4.080991 0.0
v 70.2808 4.160857 0.0
v 70.235924 4.238584 0.0
v 70.187233 4.313976 0.0
v 70.134842 4.386848 0.0
v 70.141571 100.611275 0.0
v 70.193031 100.683754 0.0
v 70.240845 100.75869 0.0
v 70.284904 100.835892 0.0
v 70.325096 100.915176 0.0
v 70.36132 100.996346 0.0
v 70.393501 101.079208 0.0
v 70.421547 101.163551 0.0
v 70.445396 101.249184 0.0
v 70.464989 101.335884 0.0
v 70.480278 101.423454 0.0
v 70.491226 101.511665 0.0
v 70.497803 101.600311 0.0
v 52.200001 1.6 4.5
v 50.259266 3.562265 2.500876
v 50.200001 3.6 2.5
v 50.318485 3.524529 2.503505
v 50.430023 3.453251 2.513247
v 50.54084 3.381972 2.529214
v 50.650585 3.310693 2.55136
v 50.758915 3.239414 2.579618
v 50.865486 3.168135 2.613899
v 50.969967 3.096856 2.654096
v 51.072029 3.025577 2.700081
v 51.17136 2.954298 2.751708
v 51.267643 2.88302 2.808813
v 51.360584 2.811741 2.871216
v 51.44989 2.740462 2.938718
v 51.535282 2.669183 3.011107
v 51.616497 2.597904 3.088157
v 51.693279 2.526625 3.169625
v 51.765388 2.455346 3.255257
v 51.832596 2.384068 3.344784
v 51.894695 2.312789 3.437929
v 51.951481 2.24151 3.534401
v 52.002781 2.170231 3.633899
v 52.048428 2.098952 3.736114
v 52.08828 2.027673 3.840727
v 52.122211 1.956394 3.947411
v 52.150112 1.885116 4.055833
v 52.171898 1.813837 4.165651
v 52.1875 1.742558 4.27652
v 52.196873 1.671279 4.388088
v 21.799999 3.6 2.5
v 19.800877 1.637735 4.440732
v 19.799999 1.6 4.5
v 19.803505 1.675471 4.381514
v 19.813248 1.746749 4.269977
v 19.829214 1.818028 4.15916
v 19.85136 1.889307 4.049415
v 19.879618 1.960586 3.941086
v 19.913898 2.031865 3.834514
v 19.954096 2.103144 3.730034
v 20.000082 2.174423 3.62797
v 20.051708 2.245702 3.528641
v 20.108812 2.31698 3.432356
v 20.171215 2.388259 3.339417
v 20.238718 2.459538 3.25011
v 20.311108 2.530817 3.164716
v 20.388157 2.602096 3.083501
v 20.469625 2.673375 3.006719
v 20.555256 2.744654 2.934611
v 20.644785 2.815933 2.867403
v 20.737928 2.887211 2.805307
v 20.8344 2.95849 2.748519
v 20.933899 3.029769 2.697219
v 21.036114 3.101048 2.651571
v 21.140726 3.172327 2.611718
v 21.247412 3.243606 2.577788
v 21.355833 3.314884 2.549888
v 21.465651 3.386163 2.528103
v 21.576519 3.457442 2.512501
v 21.688087 3.528721 2.503126
v 54.200001 3.6 4.5
v 54.10947 3.59795 4.5
v 54.019127 3.591804 4.5
v 53.929153 3.581575 4.5
v 53.839733 3.567284 4.5
v 53.751053 3.54896 4.5
v 53.663292 3.526641 4.5
v 53.576633 3.500372 4.5
v 53.491253 3.470207 4.5
v 53.407322 3.436209 4.5
v 53.32502 3.398446 4.5
v 53.244511 3.356997 4.5
v 53.165958 3.311945 4.5
v 53.089527 3.263385 4.5
v 53.015373 3.211414 4.5
v 52.943645 3.15614 4.5
v 52.874493 3.097676 4.5
v 52.80806 3.036142 4.5
v 52.74448 2.971663 4.5
v 52.683884 2.904373 4.5
v 52.626396 2.834409 4.5
v 52.572132 2.761914 4.5
v 52.521206 2.687037 4.5
v 52.473721 2.609933 4.5
v 52.429775 2.530757 4.5
v 52.389462 2.449674 4.5
v 52.352856 2.366848 4.5
v 52.320038 2.282451 4.5
v 52.291073 2.196655 4.5
v 52.266022 2.109636 4.5
v 52.244934 2.021571 4.5
v 52.227856 1.932643 4.5
v 52.214821 1.843033 4.5
v 52.205856 1.752924 4.5
v 52.201466 1.676518 4.5
v 66.400002 3.6 4.5
v 68.400002 5.6 4.5
v 68.397591 5.501864 4.5
v 68.390373 5.403966 4.5
v 68.378349 5.306539 4.5
v 68.361572 5.209819 4.5
v 68.340065 5.114039 4.5
v 68.313881 5.019431 4.5
v 68.283089 4.92622 4.5
v 68.247757 4.834633 4.5
v 68.207977 4.74489 4.5
v 68.163841 4.657207 4.5
v 68.115456 4.571795 4.5
v 68.062943 4.48886 4.5
v 68.006416 4.408601 4.5
v 67.946022 4.331213 4.5
v 67.881905 4.256882 4.5
v 67.814217 4.185786 4.5
v 67.743118 4.118098 4.5
v 67.668785 4.053979 4.5
v 67.5914 3.993585 4.5
v 67.511139 3.937061 4.5
v 67.428207 3.884543 4.5
v 67.342796 3.836158 4.5
v 67.255112 3.792022 4.5
v 67.165367 3.752241 4.5
v 67.073776 3.716912 4.5
v 66.980568 3.686119 4.5
v 66.885963 3.659937 4.5
v 66.790184 3.638429 4.5
v 66.693459 3.621647 4.5
v 66.596031 3.609631 4.5
v 66.498138 3.602409 4.5
v 68.400002 91.400002 4.5
v 66.400002 93.400002 4.5
v 66.498138 93.397591 4.5
v 66.596031 93.390373 4.5
v 66.693459 93.378349 4.5
v 66.790184 93.361572 4.5
v 66.885963 93.340065 4.5
v 66.980568 93.313881 4.5
v 67.073776 93.283089 4.5
v 67.165367 93.247757 4.5
v 67.255112 93.207977 4.5
v 67.342796 93.163841 4.5
v 67.428207 93.115456 4.5
v 67.511139 93.062943 4.5
v 67.5914 93.006416 4.5
v 67.668785 92.946022 4.5
v 67.743118 92.881905 4.5
v 67.814217 92.814217 4.5
v 67.881905 92.743118 4.5
v 67.946022 92.668785 4.5
v 68.006416 92.5914 4.5
v 68.062943 92.511139 4.5
v 68.115456 92.428207 4.5
v 68.163841 92.342796 4.5
v 68.207977 92.255112 4.5
v 68.247757 92.165367 4.5
v 68.283089 92.073776 4.5
v 68.313881 91.980568 4.5
v 68.340065 91.885963 4.5
v 68.361572 91.790184 4.5
v 68.378349 91.693459 4.5
v 68.390373 91.596031 4.5
v 68.397591 91.498138 4.5
v 5.6 93.400002 4.5
v 3.6 91.400002 4.5
v 3.602409 91.498138 4.5
v 3.609631 91.596031 4.5
v 3.621647 91.693459 4.5
v 3.638429 91.790184 4.5
v 3.659937 91.885963 4.5
v 3.686119 91.980568 4.5
v 3.716912 92.073776 4.5
v 3.752241 92.165367 4.5
v 3.792022 92.255112 4.5
v 3.836158 92.342796 4.5
v 3.884543 92.428207 4.5
v 3.937061 92.511139 4.5
v 3.993585 92.5914 4.5
v 4.053979 92.668785 4.5
v 4.118098 92.743118 4.5
v 4.185786 92.814217 4.5
v 4.256882 92.881905 4.5
v 4.331213 92.946022 4.5
v 4.408601 93.006416 4.5
v 4.48886 93.062943 4.5
v 4.571795 93.115456 4.5
v 4.657207 93.163841 4.5
v 4.74489 93.207977 4.5
v 4.834633 93.247757 4.5
v 4.92622 93.283089 4.5
v 5.019431 93.313881 4.5
v 5.114039 93.340065 4.5
v 5.209819 93.361572 4.5
v 5.306539 93.378349 4.5
v 5.403966 93.390373 4.5
v 5.501864 93.397591 4.5
v 3.6 5.6 4.5
v 3.602409 5.501864 4.5
v 3.609631 5.403966 4.5
v 3.621647 5.306539 4.5
v 3.638429 5.209819 4.5
v 3.659937 5.114039 4.5
v 3.686119 5.019431 4.5
v 3.716912 4.92622 4.5
v 3.752241 4.834633 4.5
v 3.792022 4.74489 4.5
v 3.836158 4.657207 4.5
v 3.884543 4.571795 4.5
v 3.937061 4.48886 4.5
v 3.993585 4.408601 4.5
v 4.053979 4.331213 4.5
v 4.118098 4.256882 4.5
v 4.185786 4.185786 4.5
v 4.256882 4.118098 4.5
v 4.331213 4.053979 4.5
v 4.408601 3.993585 4.5
v 4.48886 3.937061 4.5
v 4.571795 3.884543 4.5
v 4.657207 3.836158 4.5
v 4.74489 3.792022 4.5
v 4.834633 3.752241 4.5
v 4.92622 3.716912 4.5
v 5.019431 3.686119 4.5
v 5.114039 3.659937 4.5
v 5.209819 3.638429 4.5
v 5.306539 3.621647 4.5
v 5.403966 3.609631 4.5
v 5.501864 3.602409 4.5
v 5.6 3.6 4.5
v 17.799999 3.6 4.5
v 17.876518 3.598536 4.5
v 17.952925 3.594145 4.5
v 18.043034 3.585179 4.5
v 18.132643 3.572143 4.5
v 18.221571 3.555065 4.5
v 18.309635 3.533978 4.5
v 18.396654 3.508927 4.5
v 18.48245 3.479963 4.5
v 18.566849 3.447145 4.5
v 18.649673 3.41054 4.5
v 18.730757 3.370224 4.5
v 18.809933 3.326278 4.5
v 18.887037 3.278794 4.5
v 18.961914 3.227868 4.5
v 19.034409 3.173606 4.5
v 19.104374 3.116117 4.5
v 19.171663 3.055521 4.5
v 19.236141 2.99194 4.5
v 19.297676 2.925506 4.5
v 19.35614 2.856355 4.5
v 19.411413 2.784629 4.5
v 19.463385 2.710474 4.5
v 19.511946 2.634042 4.5
v 19.556997 2.555491 4.5
v 19.598446 2.474981 4.5
v 19.636209 2.392677 4.5
v 19.670208 2.308748 4.5
v 19.700373 2.223366 4.5
v 19.726641 2.136707 4.5
v 19.74896 2.048947 4.5
v 19.767284 1.960267 4.5
v 19.781576 1.870848 4.5
v 19.791805 1.780874 4.5
v 19.797951 1.69053 4.5
v 1.826577 102.723106 1.15
v 1.77733 102.649109 1.15
v 1.731797 102.572762 1.15
v 1.690088 102.49427 1.15
v 1.652305 102.413811 1.15
v 1.61854 102.331581 1.15
v 1.588876 102.247787 1.15
v 1.563385 102.162636 1.15
v 1.542129 102.076324 1.15
v 1.525159 101.989067 1.15
v 1.512518 101.901085 1.15
v 1.504236 101.812584 1.15
v 1.500333 101.723778 1.15
v 1.500819 101.634888 1.15
v 1.505692 101.546135 1.15
v 1.514941 101.457726 1.15
v 1.528543 101.369888 1.15
v 1.546466 101.282822 1.15
v 1.568664 101.196754 1.15
v 1.595085 101.111877 1.15
v 1.625664 101.028412 1.15
v 1.660325 100.946564 1.15
v 1.698985 100.866524 1.15
v 1.74155 100.788483 1.15
v 1.787915 100.712646 1.15
v 1.837967 100.639191 1.15
v 1.891585 100.568291 1.15
v 1.948638 100.50013 1.15
v 2.008986 100.434868 1.15
v 2.072482 100.372658 1.15
v 2.138972 100.313667 1.15
v 2.208293 100.258026 1.15
v 2.280277 100.205872 1.15
v 2.354747 100.157341 1.15
v 2.431523 100.112541 1.15
v 2.510416 100.071594 1.15
v 2.591235 100.034584 1.15
v 2.673783 100.00161 1.15
v 2.757857 99.972755 1.15
v 2.843254 99.948082 1.15
v 2.929764 99.927658 1.15
v 3.017177 99.91153 1.15
v 3.10528 99.899734 1.15
v 3.193858 99.892303 1.15
v 3.282695 99.889252 1.15
v 3.371574 99.890594 1.15
v 3.460279 99.896317 1.15
v 3.548592 99.906418 1.15
v 3.636299 99.920868 1.15
v 3.723186 99.939621 1.15
v 3.809042 99.962646 1.15
v 3.893655 99.989883 1.15
v 3.976821 100.021263 1.15
v 4.058337 100.056709 1.15
v 4.138003 100.096138 1.15
v 4.215626 100.13945 1.15
v 4.291016 100.186546 1.15
v 4.363988 100.237297 1.15
v 4.434367 100.291595 1.15
v 4.501978 100.349304 1.15
v 4.566659 100.410271 1.15
v 4.628251 100.474365 1.15
v 4.686604 100.54142 1.15
v 4.741575 100.611275 1.15
v 4.79303 100.683754 1.15
v 4.840845 100.75869 1.15
v 4.884902 100.835892 1.15
v 4.925094 100.915176 1.15
v 4.961323 100.996346 1.15
v 4.9935 101.079208 1.15
v 5.021548 101.163551 1.15
v 5.045397 101.249184 1.15
v 5.06499 101.335884 1.15
v 5.080279 101.423454 1.15
v 5.091226 101.511665 1.15
v 5.097805 101.600311 1.15
v 5.1 101.689171 1.15
v 5.097992 101.774162 1.15
v 5.081959 101.943382 1.15
v 5.091974 101.858955 1.15
v 5.067969 102.027229 1.15
v 5.050035 102.110329 1.15
v 5.002506 102.273529 1.15
v 5.028198 102.19249 1.15
v 4.939794 102.431519 1.15
v 4.973016 102.353264 1.15
v 4.902915 102.50811 1.15
v 4.81852 102.655655 1.15
v 4.86246 102.582878 1.15
v 4.771193 102.72628 1.15
v 67.226578 102.723106 1.15
v 67.17733 102.649109 1.15
v 67.131798 102.572762 1.15
v 67.090088 102.49427 1.15
v 67.052307 102.413811 1.15
v 67.018539 102.331581 1.15
v 66.988876 102.247787 1.15
v 66.963387 102.162636 1.15
v 66.942131 102.076324 1.15
v 66.925156 101.989067 1.15
v 66.912521 101.901085 1.15
v 66.904236 101.812584 1.15
v 66.90033 101.723778 1.15
v 66.900818 101.634888 1.15
v 66.905693 101.546135 1.15
v 66.91494 101.457726 1.15
v 66.928543 101.369888 1.15
v 66.946465 101.282822 1.15
v 66.968666 101.196754 1.15
v 66.995087 101.111877 1.15
v 67.025665 101.028412 1.15
v 67.060326 100.946564 1.15
v 67.098984 100.866524 1.15
v 67.141548 100.788483 1.15
v 67.187912 100.712646 1.15
v 67.237968 100.639191 1.15
v 67.291588 100.568291 1.15
v 67.34864 100.50013 1.15
v 67.408989 100.434868 1.15
v 67.472481 100.372658 1.15
v 67.538971 100.313667 1.15
v 67.608292 100.258026 1.15
v 67.680275 100.205872 1.15
v 67.754745 100.157341 1.15
v 67.83152 100.112541 1.15
v 67.910416 100.071594 1.15
v 67.991234 100.034584 1.15
v 68.073784 100.00161 1.15
v 68.15786 99.972755 1.15
v 68.243256 99.948082 1.15
v 68.329765 99.927658 1.15
v 68.417175 99.91153 1.15
v 68.50528 99.899734 1.15
v 68.593857 99.892303 1.15
v 68.682693 99.889252 1.15
v 68.771576 99.890594 1.15
v 68.860275 99.896317 1.15
v 68.948593 99.906418 1.15
v 69.036301 99.920868 1.15
v 69.123184 99.939621 1.15
v 69.209045 99.962646 1.15
v 69.293655 99.989883 1.15
v 69.376823 100.021263 1.15
v 69.458336 100.056709 1.15
v 69.538002 100.096138 1.15
v 69.615623 100.13945 1.15
v 69.691017 100.186546 1.15
v 69.763985 100.237297 1.15
v 69.834366 100.291595 1.15
v 69.901978 100.349304 1.15
v 69.96666 100.410271 1.15
v 70.028252 100.474365 1.15
v 70.086601 100.54142 1.15
v 70.141571 100.611275 1.15
v 70.193031 100.683754 1.15
v 70.240845 100.75869 1.15
v 70.284904 100.835892 1.15
v 70.325096 100.915176 1.15
v 70.36132 100.996346 1.15
v 70.393501 101.079208 1.15
v 70.421547 101.163551 1.15
v 70.445396 101.249184 1.15
v 70.464989 101.335884 1.15
v 70.480278 101.423454 1.15
v 70.491226 101.511665 1.15
v 70.497803 101.600311 1.15
v 70.5 101.689171 1.15
v 70.497993 101.774162 1.15
v 70.481956 101.943382 1.15
v 70.491974 101.858955 1.15
v 70.402504 102.273529 1.15
v 70.467972 102.027229 1.15
v 70.450035 102.110329 1.15
v 70.4282 102.19249 1.15
v 70.33979 102.431519 1.15
v 70.373016 102.353264 1.15
v 70.262459 102.582878 1.15
v 70.302917 102.50811 1.15
v 70.218521 102.655655 1.15
v 70.171196 102.72628 1.15
v 5.1 3.3 1.15
v 5.097763 3.389723 1.15
v 5.091055 3.479222 1.15
v 5.079895 3.568276 1.15
v 5.064311 3.656663 1.15
v 5.044339 3.744163 1.15
v 5.020031 3.830559 1.15
v 4.991446 3.915636 1.15
v 4.958657 3.999183 1.15
v 4.921744 4.080991 1.15
v 4.880799 4.160857 1.15
v 4.835924 4.238584 1.15
v 4.78723 4.313976 1.15
v 4.734838 4.386848 1.15
v 4.67888 4.457018 1.15
v 4.619493 4.524311 1.15
v 4.556826 4.58856 1.15
v 4.491035 4.649606 1.15
v 4.422282 4.707297 1.15
v 4.350739 4.761488 1.15
v 4.276583 4.812047 1.15
v 4.2 4.858846 1.15
v 4.121179 4.901769 1.15
v 4.040317 4.940711 1.15
v 3.957614 4.975573 1.15
v 3.873276 5.006269 1.15
v 3.787513 5.032723 1.15
v 3.700538 5.05487 1.15
v 3.612567 5.072654 1.15
v 3.523819 5.08603 1.15
v 3.434514 5.094967 1.15
v 3.344875 5.099441 1.15
v 3.255125 5.099441 1.15
v 3.165486 5.094967 1.15
v 3.076181 5.08603 1.15
v 2.987433 5.072654 1.15
v 2.899462 5.05487 1.15
v 2.812487 5.032723 1.15
v 2.726724 5.006269 1.15
v 2.642386 4.975573 1.15
v 2.559683 4.940711 1.15
v 2.478821 4.901769 1.15
v 2.4 4.858846 1.15
v 2.323417 4.812047 1.15
v 2.249261 4.761488 1.15
v 2.177718 4.707297 1.15
v 2.108965 4.649606 1.15
v 2.043174 4.58856 1.15
v 1.980507 4.524311 1.15
v 1.92112 4.457018 1.15
v 1.865162 4.386848 1.15
v 1.81277 4.313976 1.15
v 1.764076 4.238584 1.15
v 1.719201 4.160857 1.15
v 1.678256 4.080991 1.15
v 1.641343 3.999183 1.15
v 1.608553 3.915636 1.15
v 1.579969 3.830559 1.15
v 1.555661 3.744163 1.15
v 1.535689 3.656663 1.15
v 1.520105 3.568276 1.15
v 1.508945 3.479222 1.15
v 1.502238 3.389723 1.15
v 1.5 3.3 1.15
v 1.502238 3.210277 1.15
v 1.508945 3.120778 1.15
v 1.520105 3.031724 1.15
v 1.535689 2.943337 1.15
v 1.555661 2.855837 1.15
v 1.579969 2.769441 1.15
v 1.608553 2.684364 1.15
v 1.641343 2.600817 1.15
v 1.678256 2.519009 1.15
v 1.719201 2.439143 1.15
v 1.764076 2.361417 1.15
v 1.81277 2.286024 1.15
v 1.865162 2.213152 1.15
v 1.92112 2.142982 1.15
v 1.980507 2.075689 1.15
v 2.043174 2.01144 1.15
v 2.108965 1.950394 1.15
v 2.177718 1.892703 1.15
v 2.249261 1.838512 1.15
v 2.323417 1.787953 1.15
v 2.4 1.741154 1.15
v 2.478821 1.698231 1.15
v 2.559683 1.659289 1.15
v 2.642386 1.624427 1.15
v 2.726724 1.593731 1.15
v 2.812487 1.567276 1.15
v 2.899462 1.54513 1.15
v 2.987433 1.527346 1.15
v 3.076181 1.513969 1.15
v 3.165486 1.505033 1.15
v 3.255125 1.500559 1.15
v 3.344875 1.500559 1.15
v 3.434514 1.505033 1.15
v 3.523819 1.513969 1.15
v 3.612567 1.527346 1.15
v 3.700538 1.54513 1.15
v 3.787513 1.567276 1.15
v 3.873276 1.593731 1.15
v 3.957614 1.624427 1.15
v 4.040317 1.659289 1.15
v 4.121179 1.698231 1.15
v 4.2 1.741154 1.15
v 4.276583 1.787953 1.15
v 4.350739 1.838512 1.15
v 4.422282 1.892703 1.15
v 4.491035 1.950394 1.15
v 4.556826 2.01144 1.15
v 4.619493 2.075689 1.15
v 4.67888 2.142982 1.15
v 4.734838 2.213152 1.15
v 4.78723 2.286024 1.15
v 4.835924 2.361417 1.15
v 4.880799 2.439143 1.15
v 4.921744 2.519009 1.15
v 4.958657 2.600817 1.15
v 4.991446 2.684364 1.15
v 5.020031 2.769441 1.15
v 5.044339 2.855837 1.15
v 5.064311 2.943337 1.15
v 5.079895 3.031724 1.15
v 5.091055 3.120778 1.15
v 5.097763 3.210277 1.15
v 70.5 3.3 1.15
v 70.497765 3.389723 1.15
v 70.491058 3.479222 1.15
v 70.479897 3.568276 1.15
v 70.46431 3.656663 1.15
v 70.444336 3.744163 1.15
v 70.420029 3.830559 1.15
v 70.391449 3.915636 1.15
v 70.358658 3.999183 1.15
v 70.321747 4.080991 1.15
v 70.2808 4.160857 1.15
v 70.235924 4.238584 1.15
v 70.187233 4.313976 1.15
v 70.134842 4.386848 1.15
v 70.07888 4.457018 1.15
v 70.019493 4.524311 1.15
v 69.956825 4.58856 1.15
v 69.891037 4.649606 1.15
v 69.822281 4.707297 1.15
v 69.75074 4.761488 1.15
v 69.676582 4.812047 1.15
v 69.599998 4.858846 1.15
v 69.521179 4.901769 1.15
v 69.440315 4.940711 1.15
v 69.357613 4.975573 1.15
v 69.273277 5.006269 1.15
v 69.187515 5.032723 1.15
v 69.10054 5.05487 1.15
v 69.012566 5.072654 1.15
v 68.92382 5.08603 1.15
v 68.834511 5.094967 1.15
v 68.744873 5.099441 1.15
v 68.655128 5.099441 1.15
v 68.565483 5.094967 1.15
v 68.476181 5.08603 1.15
v 68.387436 5.072654 1.15
v 68.299461 5.05487 1.15
v 68.212486 5.032723 1.15
v 68.126724 5.006269 1.15
v 68.042389 4.975573 1.15
v 67.959686 4.940711 1.15
v 67.878822 4.901769 1.15
v 67.800003 4.858846 1.15
v 67.723419 4.812047 1.15
v 67.649261 4.761488 1.15
v 67.577721 4.707297 1.15
v 67.508965 4.649606 1.15
v 67.443176 4.58856 1.15
v 67.380508 4.524311 1.15
v 67.321121 4.457018 1.15
v 67.26516 4.386848 1.15
v 67.212769 4.313976 1.15
v 67.164078 4.238584 1.15
v 67.119202 4.160857 1.15
v 67.078255 4.080991 1.15
v 67.041344 3.999183 1.15
v 67.008553 3.915636 1.15
v 66.979965 3.830559 1.15
v 66.955658 3.744163 1.15
v 66.935692 3.656663 1.15
v 66.920105 3.568276 1.15
v 66.908943 3.479222 1.15
v 66.902237 3.389723 1.15
v 66.900002 3.3 1.15
v 66.902237 3.210277 1.15
v 66.908943 3.120778 1.15
v 66.920105 3.031724 1.15
v 66.935692 2.943337 1.15
v 66.955658 2.855837 1.15
v 66.979965 2.769441 1.15
v 67.008553 2.684364 1.15
v 67.041344 2.600817 1.15
v 67.078255 2.519009 1.15
v 67.119202 2.439143 1.15
v 67.164078 2.361417 1.15
v 67.212769 2.286024 1.15
v 67.26516 2.213152 1.15
v 67.321121 2.142982 1.15
v 67.380508 2.075689 1.15
v 67.443176 2.01144 1.15
v 67.508965 1.950394 1.15
v 67.577721 1.892703 1.15
v 67.649261 1.838512 1.15
v 67.723419 1.787953 1.15
v 67.800003 1.741154 1.15
v 67.878822 1.698231 1.15
v 67.959686 1.659289 1.15
v 68.042389 1.624427 1.15
v 68.126724 1.593731 1.15
v 68.212486 1.567276 1.15
v 68.299461 1.54513 1.15
v 68.387436 1.527346 1.15
v 68.476181 1.513969 1.15
v 68.565483 1.505033 1.15
v 68.655128 1.500559 1.15
v 68.744873 1.500559 1.15
v 68.834511 1.505033 1.15
v 68.92382 1.513969 1.15
v 69.012566 1.527346 1.15
v 69.10054 1.54513 1.15
v 69.187515 1.567276 1.15
v 69.273277 1.593731 1.15
v 69.357613 1.624427 1.15
v 69.440315 1.659289 1.15
v 69.521179 1.698231 1.15
v 69.599998 1.741154 1.15
v 69.676582 1.787953 1.15
v 69.75074 1.838512 1.15
v 69.822281 1.892703 1.15
v 69.891037 1.950394 1.15
v 69.956825 2.01144 1.15
v 70.019493 2.075689 1.15
v 70.07888 2.142982 1.15
v 70.134842 2.213152 1.15
v 70.187233 2.286024 1.15
v 70.235924 2.361417 1.15
v 70.2808 2.439143 1.15
v 70.321747 2.519009 1.15
v 70.358658 2.600817 1.15
v 70.391449 2.684364 1.15
v 70.420029 2.769441 1.15
v 70.444336 2.855837 1.15
v 70.46431 2.943337 1.15
v 70.479897 3.031724 1.15
v 70.491058 3.120778 1.15
v 70.497765 3.210277 1.15
v 51.6973 3.004855 3.018923
v 51.76392 2.907004 3.124376
v 51.825363 2.970662 3.125325
v 51.720879 3.075019 2.97958
v 51.653133 3.017752 2.984935
v 51.678612 2.929734 3.053376
v 51.634491 3.536337 2.596287
v 51.723969 3.571766 2.600478
v 51.643238 3.652835 2.556093
v 51.614727 3.431008 2.647496
v 51.794846 3.500686 2.654713
v 51.355797 3.440448 2.593976
v 51.488716 2.900661 2.946418
v 51.485676 2.809673 2.965223
v 51.534016 2.886618 2.979274
v 51.499081 2.984221 2.920288
v 51.326408 3.556252 2.544137
v 51.274017 3.522581 2.550641
v 51.280598 3.688707 2.510721
v 51.241528 3.668607 2.512064
v 51.180443 3.616676 2.519103
v 51.598537 3.63508 2.553957
v 51.550995 3.745577 2.523221
v 51.42141 2.859715 2.913703
v 51.375244 2.952352 2.865228
v 51.351795 2.882468 2.866088
v 54.162266 3.600876 4.440732
v 54.124531 3.603505 4.381514
v 51.457279 2.924976 2.919962
v 51.404915 3.015927 2.858147
v 54.053249 3.613247 4.269977
v 52.198891 5.529349 2.5
v 52.271278 5.488088 2.503126
v 52.200001 5.6 2.5
v 52.195538 5.458768 2.5
v 52.342556 5.37652 2.512501
v 52.188324 5.37244 2.5
v 52.413837 5.265651 2.528103
v 52.177647 5.286472 2.5
v 50.413582 3.610273 2.5
v 50.519737 3.62326 2.5
v 50.306915 3.602551 2.5
v 53.719917 3.579823 4.230122
v 53.981972 3.629214 4.15916
v 53.910694 3.65136 4.049415
v 53.667538 3.631375 4.032281
v 53.839413 3.679618 3.941086
v 53.768135 3.713899 3.834514
v 53.367363 3.433454 4.333108
v 53.488552 3.560935 4.086487
v 53.536633 3.513745 4.288627
v 53.600895 3.697379 3.848697
v 53.696857 3.754096 3.730034
v 53.326439 3.473385 4.123813
v 53.423553 3.625269 3.901256
v 53.056236 3.245086 4.394651
v 53.265873 3.533222 3.93415
v 53.440071 3.857261 3.509032
v 53.554298 3.851708 3.528641
v 53.483021 3.908813 3.432356
v 52.783459 3.017844 4.417865
v 52.981564 3.31765 3.968876
v 53.029903 3.27021 4.170759
v 53.235382 4.061618 3.213235
v 53.340462 4.038718 3.25011
v 53.269184 4.111107 3.164716
v 52.555847 2.744802 4.395944
v 52.720963 3.078059 3.979913
v 52.763191 3.036817 4.187907
v 52.366737 2.432711 4.335528
v 52.286198 2.262453 4.291297
v 52.593357 3.204298 3.607081
v 52.843559 3.454424 3.606431
v 52.220123 2.077529 4.232597
v 52.265831 2.531866 3.935975
v 52.238647 2.309078 4.088615
v 52.326195 2.472239 4.125843
v 52.168468 2.12831 4.034015
v 52.173992 2.373057 3.903038
v 52.445194 3.35138 3.254808
v 52.683521 3.613537 3.26602
v 52.102341 2.193779 3.849909
v 52.49416 4.303095 2.70404
v 52.718517 4.329092 2.854678
v 52.592098 4.455718 2.730885
v 52.612377 4.184793 2.836042
v 52.414387 3.881715 2.784491
v 52.721176 4.076035 2.977458
v 52.512959 3.783338 2.936142
v 52.183025 3.113399 3.267438
v 52.343323 2.954002 3.607577
v 52.355541 4.44208 2.592435
v 52.452618 4.595574 2.620143
v 51.942307 2.352935 3.509491
v 52.179432 4.619074 2.518319
v 52.039532 4.786808 2.5
v 52.004162 4.707731 2.5
v 51.944942 4.352999 2.503257
v 51.828617 4.409485 2.5
v 51.776562 4.340244 2.5
v 51.877487 4.481011 2.5
v 51.92308 4.554668 2.5
v 51.737934 2.557056 3.213419
v 52.012211 3.283443 2.937804
v 51.913731 3.38172 2.786058
v 51.693497 4.104126 2.505159
v 51.602283 4.147702 2.5
v 51.538548 4.089036 2.5
v 51.66328 4.209212 2.5
v 51.611973 3.183856 2.838255
v 51.445724 3.851528 2.503376
v 51.332279 3.931239 2.5
v 51.259003 3.885037 2.5
v 51.4034 3.9807 2.5
v 51.342346 3.203739 2.732877
v 51.493919 3.301974 2.706081
v 51.468857 3.077051 2.856593
v 51.203114 3.343338 2.621885
v 51.106609 3.802707 2.5
v 51.027821 3.766697 2.5
v 53.916946 3.593129 4.324725
v 53.869507 3.587083 4.327775
v 53.740852 3.559825 4.360392
v 53.696285 3.549152 4.360896
v 53.651653 3.537021 4.361944
v 53.474792 3.471884 4.391327
v 53.517075 3.720306 3.772261
v 53.625576 3.800081 3.62797
v 53.194199 3.356332 4.256371
v 53.436733 3.800173 3.602356
v 52.992828 3.207147 4.329393
v 53.26823 3.655214 3.743952
v 53.264053 3.783817 3.560275
v 53.110657 3.687431 3.588891
v 53.348793 3.823856 3.537924
v 52.856213 3.093756 4.341225
v 53.334919 3.880508 3.45234
v 53.411739 3.971215 3.339417
v 52.822826 3.063304 4.340029
v 53.05106 3.497526 3.773941
v 52.727131 2.966825 4.340309
v 53.234203 3.981031 3.302809
v 53.198364 4.014968 3.258161
v 53.06823 3.979192 3.255619
v 52.611855 2.831799 4.330822
v 52.529686 2.769752 4.171879
v 53.148312 4.023948 3.237921
v 53.129768 4.086998 3.172826
v 53.197903 4.188157 3.083501
v 52.622913 2.926354 4.078306
v 52.481392 2.817148 3.969951
v 52.994385 3.928108 3.267077
v 52.925865 3.87163 3.273215
v 53.093605 3.829089 3.418092
v 52.888432 3.659254 3.436105
v 52.443798 2.605708 4.258118
v 52.800549 3.746788 3.273765
v 52.907742 4.264739 2.978048
v 52.972137 4.249816 3.00685
v 52.983639 4.313742 2.964539
v 52.538326 3.009763 3.787563
v 52.399254 2.649299 4.052438
v 52.912365 4.450769 2.863772
v 52.984066 4.444784 2.867403
v 52.912788 4.537929 2.805307
v 52.847095 4.45064 2.850877
v 52.258747 2.133369 4.363027
v 52.305836 2.367711 4.208932
v 52.247108 2.088665 4.362089
v 52.236942 2.044106 4.361708
v 52.843826 4.328773 2.916862
v 52.839703 4.20777 2.983702
v 52.213596 1.883538 4.391153
v 52.778034 4.144341 2.982986
v 52.211109 1.91385 4.330299
v 52.709984 3.837041 3.114105
v 52.825436 3.971888 3.12342
v 52.805122 4.56918 2.778935
v 52.841511 4.634401 2.748519
v 52.779011 4.393713 2.85657
v 52.228401 2.194298 4.161589
v 52.770447 4.616586 2.748717
v 52.706264 4.59188 2.741499
v 52.736694 4.664734 2.71987
v 52.770229 4.733899 2.697219
v 52.71323 4.459634 2.797247
v 52.300915 2.746655 3.77544
v 52.110867 2.685869 3.59049
v 52.659649 4.742073 2.671809
v 52.698952 4.836114 2.651571
v 52.646015 4.527011 2.73936
v 52.624908 4.792703 2.646636
v 52.557423 4.741233 2.640127
v 52.591053 4.84365 2.623764
v 52.627674 4.940727 2.611718
v 52.576412 4.596802 2.683854
v 52.505375 4.929738 2.584332
v 52.556393 5.047411 2.577788
v 52.143585 2.52829 3.745608
v 52.015015 2.531134 3.561562
v 52.469387 4.983747 2.567185
v 52.389317 4.910108 2.558008
v 52.434433 5.037354 2.552728
v 52.485115 5.155833 2.549888
v 52.080864 2.27923 3.776123
v 52.423656 4.750115 2.586387
v 52.284481 4.764479 2.538052
v 52.404362 3.64154 2.919969
v 52.285202 3.510455 2.914358
v 52.13821 2.9085 3.437701
v 52.373371 4.675138 2.574276
v 52.357624 3.688146 2.841597
v 52.186905 3.608552 2.762433
v 52.238224 3.30776 3.086789
v 52.279053 5.047914 2.525563
v 52.163475 5.201011 2.5
v 52.145775 5.11621 2.5
v 52.269958 5.006206 2.525746
v 52.124535 5.032227 2.5
v 52.358086 3.938017 2.71568
v 52.323818 4.599422 2.561438
v 52.259815 4.96468 2.525349
v 52.000988 2.358665 3.605772
v 52.330185 4.216652 2.618125
v 52.295177 4.001016 2.653474
v 52.306175 3.739525 2.767932
v 51.976028 2.393624 3.555255
v 51.975319 2.445422 3.538867
v 52.273407 4.524575 2.549457
v 52.050163 2.996204 3.275523
v 52.205391 4.893903 2.51738
v 52.099739 4.949223 2.5
v 52.194538 4.852099 2.516042
v 52.071404 4.867361 2.5
v 52.182247 4.810506 2.514444
v 52.248619 3.797098 2.700375
v 52.224052 4.072348 2.599484
v 51.920921 2.460556 3.455606
v 52.107189 3.438261 2.842489
v 51.9594 3.086662 3.116065
v 52.128784 3.666696 2.69544
v 52.109291 3.936798 2.589477
v 52.05579 3.489587 2.768773
v 51.820549 2.560774 3.305753
v 51.925999 2.870195 3.274914
v 51.786705 2.596648 3.261053
v 51.998322 3.547072 2.701131
v 51.775082 2.645346 3.23866
v 51.973396 4.233159 2.514087
v 52.050499 4.246754 2.522812
v 51.945625 4.19984 2.514233
v 51.721413 4.273438 2.5
v 51.714794 2.665356 3.175556
v 51.819336 2.726434 3.256797
v 51.857559 3.437885 2.717114
v 51.820946 4.074345 2.51414
v 51.803749 3.99312 2.520019
v 51.72958 3.982345 2.514205
v 51.596363 3.074522 2.916593
v 51.590328 2.955478 2.985352
v 51.696789 3.954045 2.513793
v 51.472202 4.033332 2.5
v 51.552181 2.823171 3.009497
v 51.571541 3.829125 2.514261
v 51.348686 2.946979 2.851986
v 51.271683 3.149425 2.74115
v 51.23357 2.990058 2.781264
v 51.202076 3.219213 2.685646
v 51.058559 3.23798 2.641664
v 51.186188 3.024772 2.750972
v 51.199474 3.472203 2.562798
v 51.035591 3.511629 2.539184
v 51.138042 3.058542 2.722025
v 51.207493 3.08855 2.742954
v 51.12413 3.422636 2.575755
v 50.890778 3.40654 2.559228
v 51.061035 3.135833 2.673922
v 51.010426 3.17058 2.648596
v 50.997181 3.618073 2.514596
v 50.947525 3.734183 2.5
v 50.865891 3.705195 2.5
v 50.955639 3.605542 2.516253
v 50.959465 3.204431 2.625551
v 50.913879 3.594462 2.517654
v 50.783085 3.679751 2.5
v 50.873974 3.29033 2.585932
v 50.843372 3.539992 2.525777
v 50.819984 3.326337 2.56858
v 50.801895 3.529631 2.526253
v 50.699268 3.657857 2.5
v 50.760239 3.520306 2.526145
v 50.614605 3.639508 2.5
v 50.766373 3.361303 2.553925
v 53.388378 3.692093 3.762379
v 53.3484 3.731836 3.677239
v 53.209896 3.859224 3.439581
v 53.16077 3.908239 3.363586
v 52.98687 3.74838 3.43125
v 52.486874 2.642109 4.374754
v 53.100155 4.201343 3.066702
v 53.126625 4.269625 3.006719
v 53.041004 4.091111 3.147104
v 53.007629 4.209274 3.044744
v 52.956978 4.090419 3.116642
v 52.977119 4.007805 3.190421
v 52.888557 4.03384 3.122681
v 53.046074 4.263008 3.010702
v 53.055347 4.355257 2.934611
v 52.92078 4.21145 3.017111
v 52.903454 4.231293 2.997741
v 52.911839 4.323177 2.942593
v 52.814384 3.857923 3.197198
v 52.86562 4.119292 3.051699
v 52.876469 4.391419 2.891943
v 52.778236 4.457091 2.825989
v 52.756672 4.516948 2.790596
v 52.65229 4.63509 2.706125
v 52.615459 4.672044 2.680403
v 52.503849 4.80044 2.608584
v 52.107975 2.408066 3.765113
v 52.068161 2.447657 3.679814
v 52.009052 2.580148 3.529889
v 52.003208 2.855666 3.354007
v 52.240181 4.181563 2.583188
v 52.14304 4.153706 2.555384
v 52.199524 4.222392 2.561285
v 52.183483 3.862357 2.640399
v 51.987408 3.808473 2.58659
v 52.062756 3.732859 2.636354
v 51.891739 2.634563 3.365784
v 52.112675 4.525886 2.510624
v 51.965328 4.630296 2.5
v 51.840179 2.686064 3.292233
v 51.869946 2.801072 3.268575
v 52.034702 4.060972 2.544609
v 51.973785 3.996783 2.543141
v 51.90144 3.894854 2.547443
v 51.9333 3.612211 2.641036
v 51.859253 3.686505 2.589969
v 51.709072 2.753911 3.149057
v 51.707905 2.837847 3.118003
v 51.592693 2.787581 3.04743
v 51.786652 3.811521 2.543248
v 51.602154 2.695237 3.07019
v 51.588703 2.874376 3.019197
v 51.568851 2.891762 2.999829
v 51.722443 3.750672 2.54507
v 51.540611 2.749413 3.01407
v 51.248791 3.073632 2.765044
v 51.183723 3.842171 2.5
v 51.165833 3.143161 2.708061
v 51.129017 3.180097 2.682323
v 52.892239 3.936427 3.197324
v 52.898926 3.992232 3.159273
v 52.97974 4.34298 2.943637
v 52.945126 4.386642 2.909241
v 52.927013 4.421197 2.884344
v 52.791 4.100095 3.016977
v 52.003109 2.720975 3.444971
v 51.942421 2.750241 3.364951
v 51.733627 2.833366 3.139584
v 20.289036 4.261454 2.5
v 20.347702 4.197716 2.5
v 20.409212 4.136719 2.5
v 20.473438 4.078587 2.5
v 20.233332 4.327796 2.5
v 20.540243 4.023439 2.5
v 20.1807 4.396601 2.5
v 20.609484 3.971382 2.5
v 20.131239 4.46772 2.5
v 20.681011 3.922513 2.5
v 20.085037 4.540998 2.5
v 20.754669 3.876918 2.5
v 20.042171 4.616276 2.5
v 20.830296 3.834672 2.5
v 20.002707 4.693392 2.5
v 20.907732 3.795838 2.5
v 19.966698 4.772181 2.5
v 20.986809 3.760467 2.5
v 19.934183 4.852475 2.5
v 21.067362 3.728598 2.5
v 19.905195 4.934109 2.5
v 21.149223 3.70026 2.5
v 19.879751 5.016915 2.5
v 21.232227 3.675467 2.5
v 19.857857 5.100731 2.5
v 21.31621 3.654224 2.5
v 19.839508 5.185394 2.5
v 21.401011 3.636525 2.5
v 19.823261 5.280264 2.5
v 21.486471 3.622352 2.5
v 21.572441 3.611677 2.5
v 19.810274 5.386418 2.5
v 21.658768 3.604464 2.5
v 19.802551 5.493084 2.5
v 21.729349 3.60111 2.5
v 19.799999 5.6 2.5
v 19.799999 9.2125 2.5
v 52.200001 9.2125 2.5
v 19.086618 4.265985 2.979274
v 19.152983 4.269718 2.951644
v 19.08219 4.324123 2.94366
v 19.21582 4.269969 2.920534
v 19.155478 4.209673 2.985352
v 19.091763 4.23115 2.999829
v 19.150826 4.330094 2.918269
v 19.217752 4.146866 2.984935
v 19.204855 4.102699 3.018923
v 19.275019 4.079121 2.97958
v 19.129734 4.121388 3.053376
v 19.170662 3.974639 3.125325
v 19.107004 4.036079 3.124376
v 19.215927 4.395087 2.858147
v 19.168787 4.363331 2.893251
v 19.215672 4.332328 2.88914
v 19.118244 4.390725 2.893754
v 19.14698 4.451314 2.851986
v 19.273632 4.55121 2.765044
v 19.232897 4.443272 2.828178
v 19.311487 4.428004 2.797145
v 19.190058 4.56643 2.781264
v 19.829432 4.382909 2.532345
v 19.819994 4.504179 2.524498
v 19.731106 4.409774 2.559378
v 19.722582 4.525982 2.550641
v 19.926207 4.491054 2.507033
v 19.816675 4.619556 2.519103
v 19.945578 4.249006 2.523221
v 19.839849 4.268569 2.542952
v 19.852835 4.156764 2.556093
v 19.755674 4.184776 2.584274
v 19.742121 4.296023 2.570574
v 19.947199 4.452866 2.506572
v 17.871279 3.603126 4.388088
v 20.290419 2.843021 3.116642
v 20.26539 2.838095 3.137767
v 20.291111 2.758997 3.147104
v 20.179192 2.731772 3.255619
v 20.128109 2.805614 3.267077
v 20.233841 2.911443 3.122681
v 20.300095 3.008999 3.016977
v 20.171888 2.974566 3.12342
v 20.276035 3.078822 2.977458
v 20.344341 3.021965 2.982986
v 20.319292 2.934379 3.051699
v 20.272348 3.575946 2.599484
v 20.362146 3.540477 2.595123
v 20.353706 3.656959 2.555384
v 20.201015 3.504822 2.653474
v 20.381758 3.435012 2.64588
v 20.473232 3.526196 2.580673
v 20.581041 3.633489 2.531574
v 20.60771 3.535177 2.558207
v 20.64208 3.444458 2.592435
v 20.490728 3.481143 2.598092
v 20.503096 3.305839 2.70404
v 20.697292 3.724861 2.506905
v 20.706701 3.621555 2.524008
v 20.819075 3.620569 2.518319
v 20.724575 3.526594 2.549457
v 19.65325 5.369977 2.513247
v 19.724529 5.481514 2.503505
v 19.762264 5.540732 2.500876
v 19.581972 5.259161 2.529214
v 18.013836 3.628103 4.165651
v 18.277529 3.579878 4.232597
v 18.085115 3.649888 4.055833
v 18.462452 3.513801 4.291297
v 18.32831 3.631532 4.034015
v 18.156395 3.677788 3.947411
v 18.227673 3.711719 3.840727
v 18.632711 3.433261 4.335528
v 18.509079 3.561352 4.088615
v 18.39378 3.697659 3.849909
v 18.298952 3.751571 3.736114
v 18.672239 3.473806 4.125843
v 18.573057 3.626008 3.903038
v 18.944801 3.244154 4.395944
v 18.731867 3.534168 3.935975
v 18.441509 3.848519 3.534401
v 18.552935 3.857692 3.509491
v 18.512789 3.905307 3.437929
v 19.217844 3.016543 4.417865
v 19.017147 3.318608 3.969951
v 18.969753 3.270314 4.171879
v 18.655346 4.034611 3.255257
v 18.757055 4.062066 3.213419
v 18.726625 4.106719 3.169625
v 19.445086 2.743762 4.394651
v 19.236816 3.036808 4.187907
v 19.278059 3.079036 3.979913
v 19.633453 2.432636 4.333108
v 19.713745 2.263369 4.288627
v 19.673386 2.473563 4.123813
v 19.779823 2.080084 4.230122
v 19.760935 2.311449 4.086487
v 19.831375 2.132461 4.032281
v 19.82527 2.376446 3.901256
v 19.733221 2.534127 3.93415
v 19.404299 3.206643 3.607081
v 19.55138 3.354805 3.254808
v 19.154003 3.456676 3.607577
v 19.313398 3.616976 3.267438
v 19.897379 2.199104 3.848697
v 19.483442 3.787788 2.937804
v 19.58172 3.886269 2.786058
v 19.383856 4.188025 2.838255
v 19.654425 2.956441 3.606431
v 19.813538 3.116477 3.26602
v 19.501974 4.30608 2.706081
v 19.640448 4.444203 2.593976
v 19.40374 4.457654 2.732877
v 19.543337 4.596888 2.621885
v 20.057261 2.359927 3.509032
v 20.051529 4.354275 2.503376
v 20.261618 2.564618 3.213235
v 20.304127 4.106503 2.505159
v 19.983337 3.287043 2.936142
v 20.384792 3.187622 2.836042
v 20.081715 3.385614 2.784491
v 20.513742 2.816362 2.964539
v 20.529093 3.081483 2.854678
v 20.552999 3.855058 2.503257
v 20.655718 3.207903 2.730885
v 20.795574 3.347381 2.620143
v 18.083538 3.586402 4.391153
v 17.942558 3.612501 4.27652
v 18.11385 3.588891 4.330299
v 18.244106 3.563059 4.361708
v 18.288666 3.552891 4.362089
v 18.333368 3.541254 4.363027
v 18.479229 3.719137 3.776123
v 18.370232 3.79722 3.633899
v 18.805708 3.356202 4.258118
v 18.558664 3.799012 3.605772
v 19.031799 3.188147 4.330822
v 18.593624 3.823971 3.555255
v 18.728291 3.656416 3.745608
v 18.731134 3.784984 3.561562
v 18.88587 3.689134 3.59049
v 18.645422 3.824679 3.538867
v 19.166826 3.072868 4.340309
v 18.660557 3.87908 3.455606
v 18.584068 3.967403 3.344784
v 19.263304 2.977173 4.340029
v 18.946655 3.499087 3.77544
v 19.293756 2.943787 4.341225
v 18.760775 3.97945 3.305753
v 18.796648 4.013296 3.261053
v 19.407148 2.80717 4.329393
v 19.470211 2.770095 4.170759
v 18.845346 4.024917 3.23866
v 18.926434 3.980665 3.256797
v 18.865356 4.085207 3.175556
v 18.797905 4.183501 3.088157
v 19.209763 3.261675 3.787563
v 19.376595 2.926993 4.077758
v 19.517651 2.818437 3.968876
v 19.070196 3.874003 3.274914
v 19.001072 3.930053 3.268575
v 18.901976 3.83078 3.419525
v 19.1085 3.661791 3.437701
v 19.556332 2.605803 4.256371
v 19.671885 2.325207 4.391327
v 19.196205 3.749835 3.275523
v 19.02317 4.247817 3.009497
v 19.009672 4.314323 2.965223
v 19.459982 3.011565 3.786997
v 19.600098 2.650518 4.050862
v 19.011742 4.439416 2.871216
v 19.082468 4.448204 2.866088
v 19.083019 4.532356 2.808813
v 19.737022 2.148347 4.361944
v 19.749151 2.103713 4.360896
v 19.759825 2.059148 4.360392
v 19.787083 1.930493 4.327775
v 19.286661 3.8406 3.116065
v 19.154299 4.628641 2.751708
v 19.793129 1.883053 4.324725
v 19.771391 2.196762 4.159302
v 19.224771 4.613812 2.750972
v 19.274523 4.203639 2.916593
v 19.27705 4.331143 2.856593
v 19.258543 4.661959 2.722025
v 19.225576 4.72797 2.700081
v 19.288549 4.592507 2.742954
v 19.697525 2.748941 3.773941
v 19.88743 2.689342 3.588891
v 19.335833 4.738966 2.673922
v 19.296856 4.830034 2.654096
v 19.370581 4.789576 2.648596
v 19.437981 4.741439 2.641664
v 19.40443 4.840534 2.625551
v 19.368135 4.934515 2.613899
v 19.419212 4.597924 2.685646
v 19.349424 4.528316 2.74115
v 19.507761 3.561777 3.086789
v 19.855215 2.531771 3.743952
v 19.983818 2.535947 3.560275
v 19.49033 4.926024 2.585932
v 19.439413 5.041086 2.579618
v 19.526337 4.980017 2.56858
v 19.606541 4.909224 2.559228
v 19.561302 5.033628 2.553925
v 19.510693 5.149415 2.55136
v 19.920305 2.282926 3.772261
v 19.572243 4.750399 2.587899
v 19.711628 4.76441 2.539184
v 19.622637 4.675869 2.575755
v 19.63826 3.692812 2.842489
v 19.808552 3.613096 2.762433
v 19.710455 3.514796 2.914358
v 19.75766 3.31136 3.085913
v 19.720306 5.03976 2.526145
v 19.637884 3.942439 2.717114
v 19.729631 4.998103 2.526253
v 19.739992 4.956629 2.525777
v 20.000174 2.363266 3.602356
v 19.700686 4.005154 2.654713
v 19.665756 4.219932 2.619597
v 19.689587 3.744208 2.768773
v 20.023855 2.451208 3.537924
v 19.794462 4.886122 2.517654
v 19.805542 4.844361 2.516253
v 19.818073 4.802819 2.514596
v 19.747072 3.80168 2.701131
v 19.841539 3.395638 2.919969
v 19.771767 4.076033 2.600478
v 20.080509 2.465082 3.45234
v 19.888145 3.442378 2.841597
v 19.946787 2.999453 3.273765
v 20.037041 3.090016 3.114105
v 19.866695 3.671216 2.69544
v 19.886505 3.940747 2.589969
v 19.939526 3.493825 2.767932
v 20.18103 2.565795 3.302809
v 20.07163 2.874135 3.273215
v 20.214968 2.601635 3.258161
v 19.997097 3.551381 2.700375
v 19.932859 3.737243 2.636354
v 20.223948 2.65169 3.237921
v 20.029125 4.228457 2.514261
v 20.008472 3.812593 2.58659
v 20.286997 2.670232 3.172826
v 20.138018 3.441916 2.71568
v 20.154045 4.103212 2.513793
v 20.182344 4.070419 2.514205
v 20.193119 3.996249 2.520019
v 20.40777 2.960296 2.983702
v 20.274345 3.979053 2.51414
v 20.136799 3.690708 2.589477
v 20.464739 2.892257 2.978048
v 20.449816 2.827864 3.00685
v 20.399839 3.854375 2.514233
v 20.433159 3.826605 2.514087
v 20.446754 3.749501 2.522812
v 20.593712 3.020988 2.85657
v 20.650768 2.887637 2.863772
v 20.65064 2.952906 2.850877
v 20.659634 3.086769 2.797247
v 20.727011 3.153986 2.73936
v 20.76918 2.994879 2.778935
v 20.796801 3.223588 2.683854
v 20.941233 3.242577 2.640127
v 20.816586 3.029553 2.748717
v 20.79188 3.093735 2.741499
v 20.799423 3.476183 2.561438
v 20.964479 3.515517 2.538052
v 20.864733 3.063306 2.71987
v 20.875137 3.426627 2.574276
v 21.110107 3.410684 2.558008
v 20.942072 3.140352 2.671809
v 20.992702 3.175093 2.646636
v 21.010506 3.617753 2.514444
v 21.04365 3.208945 2.623764
v 21.052099 3.605461 2.516042
v 21.093903 3.59461 2.51738
v 21.129738 3.294626 2.584332
v 21.16468 3.540185 2.525349
v 21.183746 3.330613 2.567185
v 21.206205 3.53004 2.525746
v 21.247913 3.520946 2.525563
v 21.237354 3.365567 2.552728
v 18.84211 3.313126 4.374754
v 18.608067 3.692024 3.765113
v 18.647657 3.731838 3.679814
v 18.785622 3.859225 3.44186
v 18.834564 3.908259 3.365784
v 19.009563 3.750552 3.43288
v 18.895237 4.197847 3.07019
v 18.869183 4.264716 3.011107
v 18.953911 4.09093 3.149057
v 18.987581 4.207308 3.04743
v 19.037848 4.092097 3.118003
v 19.018005 4.009638 3.191853
v 18.949413 4.259389 3.01407
v 18.940462 4.35011 2.938718
v 19.074375 4.211298 3.019197
v 19.08671 4.389882 2.901516
v 19.343161 4.634167 2.708061
v 19.380096 4.670984 2.682323
v 19.491901 4.798982 2.610241
v 19.892092 2.411621 3.762379
v 19.931835 2.451602 3.677239
v 19.919445 2.846706 3.433631
v 20.029089 2.706394 3.418092
v 19.994427 2.859326 3.352328
v 20.059225 2.590104 3.439581
v 19.812212 3.866699 2.641036
v 20.10824 2.63923 3.363586
v 19.950672 4.077557 2.54507
v 20.094854 3.89856 2.547443
v 20.01152 4.013347 2.543248
v 20.062357 3.616517 2.640399
v 20.409273 2.792371 3.044744
v 20.196783 3.826214 2.543141
v 20.401342 2.699845 3.066702
v 20.411449 2.879221 3.017111
v 20.260973 3.765296 2.544609
v 20.431293 2.896546 2.997741
v 20.463009 2.753925 3.010702
v 20.625469 2.957496 2.863355
v 20.657091 3.021764 2.825989
v 20.716948 3.043329 2.790596
v 20.658947 3.745533 2.506444
v 20.835091 3.147709 2.706125
v 20.872044 3.18454 2.680403
v 19.096752 3.994523 3.160974
v 66.400002 5.501864 2.502409
v 66.400002 5.6 2.5
v 66.400002 5.403966 2.50963
v 66.400002 5.306539 2.521647
v 66.400002 5.209819 2.538429
v 66.400002 5.114039 2.559937
v 66.400002 5.019431 2.586119
v 66.400002 4.92622 2.616912
v 66.400002 4.834633 2.652241
v 66.400002 4.74489 2.692021
v 66.400002 4.657207 2.736157
v 66.400002 4.571795 2.784543
v 66.400002 4.48886 2.837061
v 66.400002 4.408601 2.893585
v 66.400002 4.331213 2.953979
v 66.400002 4.256882 3.018098
v 66.400002 4.185786 3.085786
v 66.400002 4.118098 3.156882
v 66.400002 4.053979 3.231213
v 66.400002 3.993585 3.308601
v 66.400002 3.937061 3.38886
v 66.400002 3.884543 3.471795
v 66.400002 3.836158 3.557207
v 66.400002 3.792022 3.64489
v 66.400002 3.752241 3.734633
v 66.400002 3.716912 3.82622
v 66.400002 3.686119 3.919431
v 66.400002 3.659937 4.01404
v 66.400002 3.638429 4.109819
v 66.400002 3.621647 4.206539
v 66.400002 3.609631 4.303966
v 66.400002 3.602409 4.401865
v 66.498138 5.6 2.502409
v 68.397591 5.6 4.401865
v 66.404663 3.604662 4.363595
v 66.413956 3.604662 4.364231
v 66.423187 3.604662 4.365499
v 66.418587 3.618628 4.228302
v 66.432312 3.604662 4.367396
v 66.43708 3.618628 4.230203
v 66.413895 3.641832 4.093325
v 66.441292 3.604662 4.36991
v 66.455406 3.618628 4.233363
v 66.441612 3.641832 4.095222
v 66.450073 3.604662 4.373031
v 66.473473 3.618628 4.237766
v 66.469139 3.641832 4.099005
v 66.436821 3.674165 3.961664
v 66.458618 3.604662 4.376744
v 66.491196 3.618628 4.243391
v 66.496346 3.641832 4.104658
v 66.473473 3.674165 3.965432
v 66.466896 3.604662 4.381032
v 66.422867 3.715478 3.830631
v 66.508499 3.618628 4.250213
v 66.523094 3.641832 4.112154
v 66.509781 3.674165 3.971693
v 66.474854 3.604662 4.385874
v 66.468491 3.715478 3.833752
v 66.525291 3.618628 4.258199
v 66.549278 3.641832 4.121459
v 66.545578 3.674165 3.980416
v 66.482468 3.604662 4.391248
v 66.513802 3.715478 3.839979
v 66.541496 3.618628 4.267313
v 66.454376 3.765577 3.705055
v 66.57476 3.641832 4.132528
v 66.580696 3.674165 3.991562
v 66.4897 3.604662 4.39713
v 66.558578 3.715478 3.849284
v 66.557053 3.618628 4.277512
v 66.508499 3.765577 3.710619
v 66.599434 3.641832 4.145311
v 66.431412 3.824229 3.580406
v 66.614975 3.674165 4.005079
v 66.496506 3.604662 4.403491
v 66.602615 3.715478 3.861623
v 66.571869 3.618628 4.288748
v 66.562111 3.765577 3.719864
v 66.623169 3.641832 4.159748
v 66.494095 3.824229 3.584694
v 66.648247 3.674165 4.020903
v 66.502869 3.604662 4.410302
v 66.645706 3.715478 3.876937
v 66.585884 3.618628 4.300969
v 66.614975 3.765577 3.732745
v 66.645874 3.641832 4.17577
v 66.556343 3.824229 3.593249
v 66.680367 3.674165 4.038961
v 66.470917 3.891161 3.463255
v 66.508751 3.604662 4.417531
v 66.687653 3.715478 3.895157
v 66.59903 3.618628 4.314118
v 66.666832 3.765577 3.749204
v 66.667427 3.641832 4.193305
v 66.617851 3.824229 3.606032
v 66.711174 3.674165 4.059168
v 66.541496 3.891161 3.470511
v 66.51413 3.604662 4.425145
v 66.728256 3.715478 3.916197
v 66.439377 3.96606 3.347312
v 66.611252 3.618628 4.328134
v 66.717445 3.765577 3.769164
v 66.687729 3.641832 4.21227
v 66.678352 3.824229 3.622983
v 66.740532 3.674165 4.081431
v 66.611427 3.891161 3.482567
v 66.518967 3.604662 4.433107
v 66.767334 3.715478 3.939959
v 66.517944 3.96606 3.352686
v 66.62249 3.618628 4.342951
v 66.766579 3.765577 3.792531
v 66.706696 3.641832 4.232576
v 66.737556 3.824229 3.644023
v 66.768303 3.674165 4.105646
v 66.680367 3.891161 3.499367
v 66.523254 3.604662 4.441382
v 66.804695 3.715478 3.966332
v 66.59597 3.96606 3.36341
v 66.63269 3.618628 4.3585
v 66.814003 3.765577 3.819197
v 66.486137 4.048577 3.240767
v 66.724228 3.641832 4.254129
v 66.795181 3.824229 3.669054
v 66.794357 3.674165 4.131699
v 66.747993 3.891161 3.520833
v 66.52697 3.604662 4.44993
v 66.840172 3.715478 3.995194
v 66.673073 3.96606 3.379433
v 66.6418 3.618628 4.374709
v 66.859497 3.765577 3.849037
v 66.571869 4.048577 3.24958
v 66.74025 3.641832 4.276828
v 66.850967 3.824229 3.697959
v 66.446609 4.138328 3.135689
v 66.818565 3.674165 4.159469
v 66.814003 3.891161 3.546864
v 66.53009 3.604662 4.458711
v 66.873589 3.715478 4.026409
v 66.748909 3.96606 3.40068
v 66.649788 3.618628 4.391502
v 66.902855 3.765577 3.881912
v 66.656799 4.048577 3.264224
v 66.754692 3.641832 4.300568
v 66.904648 3.824229 3.730604
v 66.539604 4.138328 3.142051
v 66.840828 3.674165 4.188827
v 66.878082 3.891161 3.577338
v 66.5326 3.604662 4.467685
v 66.904808 3.715478 4.059832
v 66.823112 3.96606 3.427053
v 66.656609 3.618628 4.408801
v 66.943863 3.765577 3.917668
v 66.740532 4.048577 3.284629
v 66.767471 3.641832 4.325238
v 66.955978 3.824229 3.766836
v 66.631943 4.138328 3.154743
v 66.861038 3.674165 4.219636
v 66.939934 3.891161 3.612115
v 66.499748 4.234894 3.041736
v 66.5345 3.604662 4.47681
v 66.93367 3.715478 4.095307
v 66.895348 3.96606 3.458429
v 66.662231 3.618628 4.426526
v 66.98233 3.765577 3.95614
v 66.822678 4.048577 3.310701
v 66.778542 3.641832 4.350723
v 67.004715 3.824229 3.806486
v 66.723206 4.138328 3.173708
v 66.879097 3.674165 4.251752
v 66.999268 3.891161 3.651031
v 66.59903 4.234894 3.051942
v 66.535767 3.604662 4.486042
v 66.960037 3.715478 4.132669
v 66.965271 3.96606 3.494661
v 66.452965 4.337824 2.949482
v 66.666634 3.618628 4.444592
v 67.018089 3.765577 3.997148
v 66.902855 4.048577 3.342318
v 66.787849 3.641832 4.376903
v 67.050629 3.824229 3.84937
v 66.812965 4.138328 3.198856
v 66.89492 3.674165 4.285025
v 67.055809 3.891161 3.693906
v 66.697388 4.234894 3.0689
v 66.536407 3.604662 4.49534
v 66.983803 3.715478 4.171744
v 67.032562 3.96606 3.53558
v 66.558655 4.337824 2.956711
v 66.6698 3.618628 4.462917
v 67.050964 3.765577 4.0405
v 66.980682 4.048577 3.379333
v 66.795341 3.641832 4.403658
v 67.093513 3.824229 3.895287
v 66.900795 4.138328 3.230071
v 66.90844 3.674165 4.319301
v 67.109291 3.891161 3.740539
v 66.794357 4.234894 3.092531
v 67.004845 3.715478 4.212349
v 67.096901 3.96606 3.580996
v 66.663605 4.337824 2.971136
v 66.6717 3.618628 4.481415
v 67.080803 3.765577 4.085994
v 67.055809 4.048577 3.421572
v 66.511505 4.44664 2.869869
v 66.800995 3.641832 4.430861
v 67.133163 3.824229 3.944024
v 66.98629 4.138328 3.267207
v 66.919586 3.674165 4.354419
v 67.159462 3.891161 3.790713
v 66.889481 4.234894 3.122724
v 67.023064 3.715478 4.254296
v 67.15799 3.96606 3.630697
v 66.767319 4.337824 2.992689
v 67.107468 3.765577 4.133419
v 67.127869 4.048577 3.46884
v 66.62249 4.44664 2.881279
v 66.804779 3.641832 4.458387
v 67.169395 3.824229 3.995353
v 67.069054 4.138328 3.310091
v 66.458344 4.560832 2.792157
v 66.928307 3.674165 4.390216
v 67.206093 3.891161 3.844194
v 66.98233 4.234894 3.159338
v 67.038376 3.715478 4.297388
v 67.215546 3.96606 3.684451
v 66.869331 4.337824 3.02127
v 67.130836 3.765577 4.182553
v 67.196541 4.048577 3.520916
v 66.732437 4.44664 2.900236
v 66.806671 3.641832 4.486107
v 67.202042 3.824229 4.049035
v 67.148697 4.138328 3.358522
v 66.574753 4.560832 2.80012
v 66.93457 3.674165 4.426526
v 67.24897 3.891161 3.900732
v 67.072464 4.234894 3.202203
v 67.050713 3.715478 4.341425
v 67.269302 3.96606 3.742007
v 66.969147 4.337824 3.056745
v 67.150795 3.765577 4.233167
v 67.261505 4.048577 3.577556
v 66.840828 4.44664 2.926651
v 67.230949 3.824229 4.104819
v 67.224846 4.138328 3.412276
v 66.690346 4.560832 2.816009
v 66.938339 3.674165 4.463177
v 67.287888 3.891161 3.960065
v 67.159462 4.234894 3.251119
v 66.521179 4.67987 2.728369
v 67.06002 3.715478 4.386201
v 67.319 3.96606 3.803097
v 67.066307 4.337824 3.098949
v 67.167252 3.765577 4.285025
v 67.322441 4.048577 3.638498
v 66.947174 4.44664 2.960402
v 67.255974 3.824229 4.162446
v 67.29715 4.138328 3.471102
v 66.804596 4.560832 2.839748
v 67.322662 3.891161 4.021915
v 67.24292 4.234894 3.305858
v 66.6418 4.67987 2.740769
v 67.066246 3.715478 4.431508
v 67.364418 3.96606 3.867437
v 67.16037 4.337824 3.147686
v 66.462631 4.803198 2.666647
v 67.180138 3.765577 4.337886
v 67.379082 4.048577 3.703456
v 67.050964 4.44664 3.001332
v 67.277016 3.824229 4.221647
v 67.365273 4.138328 3.534724
v 66.916946 4.560832 2.871229
v 67.353134 3.891161 4.085994
v 67.322441 4.234894 3.366165
v 66.761292 4.67987 2.761371
v 67.069366 3.715478 4.477134
v 67.405342 3.96606 3.934726
v 67.250877 4.337824 3.202728
v 66.587593 4.803198 2.675195
v 67.189384 3.765577 4.391502
v 67.43116 4.048577 3.772128
v 67.151718 4.44664 3.049249
v 67.293968 3.824229 4.282146
v 67.428902 4.138328 3.602847
v 67.026894 4.560832 2.910304
v 67.379166 3.891161 4.152004
v 67.397667 4.234894 3.431758
v 66.879097 4.67987 2.79008
v 67.441574 3.96606 4.004651
v 67.337425 4.337824 3.263819
v 66.711685 4.803198 2.692251
v 67.194946 3.765577 4.445624
v 67.478424 4.048577 3.844194
v 67.24897 4.44664 3.10393
v 66.528603 4.930241 2.619871
v 67.306747 3.824229 4.34366
v 67.487724 4.138328 3.675153
v 67.133919 4.560832 2.956791
v 67.400635 3.891161 4.219636
v 67.468239 4.234894 3.502331
v 66.994667 4.67987 2.826761
v 67.472946 3.96606 4.076885
v 67.419601 4.337824 3.330673
v 66.834328 4.803198 2.717735
v 67.520668 4.048577 3.919317
v 67.342262 4.44664 3.16512
v 66.656609 4.930241 2.633031
v 67.315308 3.824229 4.405904
v 67.541481 4.138328 3.751305
v 67.237518 4.560832 3.010473
v 66.465752 5.060407 2.575288
v 67.417435 3.891161 4.288575
v 67.533836 4.234894 3.577556
v 67.107468 4.67987 2.871243
v 67.499321 3.96606 4.151092
v 67.497025 4.337824 3.402979
v 66.954941 4.803198 2.75153
v 67.557678 4.048577 3.997148
v 67.43116 4.44664 3.232534
v 66.783417 4.930241 2.654895
v 67.319595 3.824229 4.468586
v 67.589912 4.138328 3.830947
v 67.337219 4.560832 3.0711
v 66.596947 5.060407 2.584262
v 67.429489 3.891161 4.3585
v 67.594139 4.234894 3.657083
v 67.216972 4.67987 2.92332
v 67.520569 3.96606 4.226925
v 67.569328 4.337824 3.480399
v 67.072968 4.803198 2.793476
v 67.589302 4.048577 4.077323
v 67.515251 4.44664 3.305858
v 66.90844 4.930241 2.685361
v 67.63279 4.138328 3.913709
v 67.432541 4.560832 3.138388
v 66.727219 5.060407 2.602168
v 67.436745 3.891161 4.429085
v 67.64888 4.234894 3.740539
v 67.322662 4.67987 2.982747
v 66.53363 5.193088 2.546397
v 67.536591 3.96606 4.304032
v 67.636185 4.337824 3.562574
v 67.187851 4.803198 2.843379
v 67.615372 4.048577 4.159469
v 67.594139 4.44664 3.384749
v 67.03109 4.930241 2.724289
v 67.66993 4.138328 3.999205
v 67.523056 4.560832 3.212026
v 66.855972 5.060407 2.628922
v 67.6978 4.234894 3.827536
v 67.424049 4.67987 3.049249
v 66.666634 5.193088 2.56007
v 67.547318 3.96606 4.382052
v 67.697273 4.337824 3.649119
v 67.299072 4.803198 2.901006
v 66.467644 5.327667 2.519783
v 67.635773 4.048577 4.243203
v 67.667465 4.44664 3.46884
v 67.150795 4.930241 2.771495
v 67.701141 4.138328 4.087036
v 67.60833 4.560832 3.291668
v 66.98259 5.060407 2.664401
v 67.740662 4.234894 3.917668
v 67.520668 4.67987 3.122515
v 66.798401 5.193088 2.582789
v 67.552689 3.96606 4.460623
v 67.752312 4.337824 3.739632
v 67.40609 4.803198 2.966089
v 66.602623 5.327667 2.529016
v 67.650421 4.048577 4.328134
v 67.734879 4.44664 3.557739
v 67.267006 4.930241 2.826761
v 67.726295 4.138328 4.176791
v 67.687973 4.560832 3.376945
v 67.106499 5.060407 2.708438
v 67.777275 4.234894 4.010516
v 67.612061 4.67987 3.202203
v 66.928307 5.193088 2.614446
v 67.801048 4.337824 3.83369
v 67.508423 4.803198 3.038323
v 66.736656 5.327667 2.547438
v 67.659233 4.048577 4.413866
v 67.796066 4.44664 3.651031
v 67.379166 4.930241 2.889828
v 66.536163 5.463515 2.509314
v 66.596031 5.6 2.50963
v 67.745255 4.138328 4.268054
v 67.761612 4.560832 3.467457
v 67.227112 5.060407 2.760828
v 67.807472 4.234894 4.105646
v 67.6978 4.67987 3.287942
v 67.055748 5.193088 2.654895
v 67.843254 4.337824 3.930854
v 67.605591 4.803198 3.117372
v 66.869118 5.327667 2.574964
v 67.850754 4.44664 3.748281
v 67.486763 4.930241 2.960402
v 66.6717 5.463515 2.523247
v 66.693459 5.6 2.521647
v 67.75795 4.138328 4.360399
v 67.828903 4.560832 3.562784
v 67.343872 5.060407 2.821326
v 67.8311 4.234894 4.202614
v 67.777489 4.67987 3.379333
v 67.180138 5.193088 2.703946
v 67.878731 4.337824 4.030672
v 67.697136 4.803198 3.202867
v 66.999397 5.327667 2.611466
v 67.898666 4.44664 3.849037
v 67.589302 4.930241 3.038155
v 66.805962 5.463515 2.546397
v 66.790184 5.6 2.538429
v 66.885963 5.6 2.559937
v 67.764313 4.138328 4.453394
v 67.889526 4.560832 3.662481
v 67.45623 5.060407 2.889652
v 67.848061 4.234894 4.300969
v 67.850754 4.67987 3.475948
v 67.300888 5.193088 2.761371
v 67.90731 4.337824 4.132679
v 67.782631 4.803198 3.294411
v 67.126877 5.327667 2.656772
v 67.939598 4.44664 3.952827
v 67.686287 4.930241 3.122724
v 66.938339 5.463515 2.578655
v 66.980568 5.6 2.586119
v 67.943207 4.560832 3.766082
v 67.56366 5.060407 2.965485
v 67.858261 4.234894 4.400252
v 67.917252 4.67987 3.577338
v 67.417435 5.193088 2.826903
v 67.928864 4.337824 4.236397
v 67.861679 4.803198 3.391575
v 67.250969 5.327667 2.710673
v 67.973351 4.44664 4.059168
v 67.777275 4.930241 3.213714
v 67.068199 5.463515 2.619871
v 67.073776 5.6 2.616912
v 67.165367 5.6 2.652241
v 67.989693 4.560832 3.873105
v 67.665665 5.060407 3.048473
v 67.976677 4.67987 3.68303
v 67.529236 5.193088 2.900236
v 67.943291 4.337824 4.341345
v 67.933914 4.803198 3.493907
v 67.371094 5.327667 2.772917
v 67.999763 4.44664 4.167565
v 67.861847 4.930241 3.310701
v 67.194946 5.463515 2.669854
v 67.255112 5.6 2.692021
v 68.02877 4.560832 3.983051
v 67.761772 5.060407 3.138229
v 68.028755 4.67987 3.792531
v 67.635773 5.193088 2.981027
v 67.950516 4.337824 4.447033
v 67.998993 4.803198 3.600931
v 67.486687 5.327667 2.843212
v 68.018723 4.44664 4.277512
v 67.939598 4.930241 3.413233
v 67.317986 5.463515 2.728369
v 67.342796 5.6 2.736157
v 68.060249 4.560832 4.095408
v 67.851524 5.060407 3.234334
v 68.073242 4.67987 3.905331
v 67.736557 5.193088 3.0689
v 68.056618 4.803198 3.712146
v 67.597214 5.327667 2.921233
v 68.030128 4.44664 4.388496
v 68.01017 4.930241 3.520833
v 67.436745 5.463515 2.795145
v 67.428207 5.6 2.784543
v 67.511139 5.6 2.837061
v 68.083992 4.560832 4.209651
v 67.934517 5.060407 3.336341
v 68.109917 4.67987 4.020903
v 67.8311 5.193088 3.163446
v 68.106522 4.803198 3.827034
v 67.702164 5.327667 3.006614
v 68.073242 4.930241 3.632997
v 67.550674 5.463515 2.869869
v 67.5914 5.6 2.893585
v 68.099876 4.560832 4.325247
v 68.010345 5.060407 3.443772
v 68.138626 4.67987 4.138709
v 67.918976 5.193088 3.264224
v 68.148468 4.803198 3.94506
v 67.801041 5.327667 3.098958
v 68.128502 4.930241 3.749204
v 67.659233 5.463515 2.952194
v 67.668785 5.6 2.953979
v 67.743118 5.6 3.018098
v 68.107841 4.560832 4.441658
v 68.078674 5.060407 3.556129
v 68.159233 4.67987 4.258199
v 67.999763 5.193088 3.370763
v 68.182266 4.803198 4.065674
v 67.893387 5.327667 3.197835
v 68.175713 4.930241 3.868912
v 67.761925 5.463515 3.041736
v 67.814217 5.6 3.085786
v 68.139175 5.060407 3.672886
v 68.171631 4.67987 4.378817
v 68.073097 5.193088 3.482567
v 68.207748 4.803198 4.188313
v 67.978767 5.327667 3.302783
v 68.214638 4.930241 3.991562
v 67.858261 5.463515 3.138076
v 67.881905 5.6 3.156882
v 68.191559 5.060407 3.793499
v 68.138626 5.193088 3.599115
v 68.224808 4.803198 4.312404
v 68.056786 5.327667 3.413313
v 68.245102 4.930241 4.116583
v 67.947807 5.463515 3.240767
v 67.946022 5.6 3.231213
v 68.006416 5.6 3.308601
v 68.235596 5.060407 3.917407
v 68.196053 5.193088 3.719864
v 68.233353 4.803198 4.437371
v 68.127083 5.327667 3.528909
v 68.266968 4.930241 4.243391
v 68.030128 5.463515 3.349328
v 68.062943 5.6 3.38886
v 68.27108 5.060407 4.044031
v 68.245102 5.193088 3.844249
v 68.189323 5.327667 3.649034
v 68.280128 4.930241 4.371396
v 68.104858 5.463515 3.463255
v 68.115456 5.6 3.471795
v 68.163841 5.6 3.557207
v 68.297829 5.060407 4.172781
v 68.285553 5.193088 3.971693
v 68.243225 5.327667 3.773125
v 68.171631 5.463515 3.582015
v 68.207977 5.6 3.64489
v 68.315735 5.060407 4.303056
v 68.317215 5.193088 4.101599
v 68.288536 5.327667 3.900606
v 68.230148 5.463515 3.705055
v 68.247757 5.6 3.734633
v 68.324715 5.060407 4.43425
v 68.339928 5.193088 4.233363
v 68.325035 5.327667 4.030881
v 68.280128 5.463515 3.831802
v 68.283089 5.6 3.82622
v 68.313881 5.6 3.919431
v 68.3536 5.193088 4.36637
v 68.352562 5.327667 4.163344
v 68.321342 5.463515 3.961664
v 68.340065 5.6 4.01404
v 68.370987 5.327667 4.297377
v 68.3536 5.463515 4.094037
v 68.361572 5.6 4.109819
v 68.378349 5.6 4.206539
v 68.380219 5.327667 4.432354
v 68.376755 5.463515 4.228302
v 68.390373 5.6 4.303966
v 68.390686 5.463515 4.363833
v 66.400002 91.400002 2.5
v 66.498138 91.400002 2.502409
v 66.596031 91.400002 2.50963
v 66.693459 91.400002 2.521647
v 66.790184 91.400002 2.538429
v 66.885963 91.400002 2.559937
v 66.980568 91.400002 2.586119
v 67.073776 91.400002 2.616912
v 67.165367 91.400002 2.652241
v 67.255112 91.400002 2.692021
v 67.342796 91.400002 2.736157
v 67.428207 91.400002 2.784543
v 67.511139 91.400002 2.837061
v 67.5914 91.400002 2.893585
v 67.668785 91.400002 2.953979
v 67.743118 91.400002 3.018098
v 67.814217 91.400002 3.085786
v 67.881905 91.400002 3.156882
v 67.946022 91.400002 3.231213
v 68.006416 91.400002 3.308601
v 68.062943 91.400002 3.38886
v 68.115456 91.400002 3.471795
v 68.163841 91.400002 3.557207
v 68.207977 91.400002 3.64489
v 68.247757 91.400002 3.734633
v 68.283089 91.400002 3.82622
v 68.313881 91.400002 3.919431
v 68.340065 91.400002 4.01404
v 68.361572 91.400002 4.109819
v 68.378349 91.400002 4.206539
v 68.390373 91.400002 4.303966
v 68.397591 91.400002 4.401865
v 66.400002 93.397591 4.401865
v 66.400002 91.498138 2.502409
v 68.39534 91.536407 4.49534
v 68.39534 91.535767 4.486042
v 68.39534 91.5345 4.47681
v 68.381371 91.6717 4.481415
v 68.39534 91.5326 4.467685
v 68.381371 91.6698 4.462917
v 68.35817 91.806671 4.486107
v 68.39534 91.53009 4.458711
v 68.381371 91.666634 4.444592
v 68.35817 91.804779 4.458387
v 68.39534 91.52697 4.44993
v 68.381371 91.662231 4.426526
v 68.35817 91.800995 4.430861
v 68.325836 91.938339 4.463177
v 68.39534 91.523254 4.441382
v 68.381371 91.656609 4.408801
v 68.35817 91.795341 4.403658
v 68.325836 91.93457 4.426526
v 68.39534 91.518967 4.433107
v 68.284523 92.069366 4.477134
v 68.381371 91.649788 4.391502
v 68.35817 91.787849 4.376903
v 68.325836 91.928307 4.390216
v 68.39534 91.51413 4.425145
v 68.284523 92.066246 4.431508
v 68.381371 91.6418 4.374709
v 68.35817 91.778542 4.350723
v 68.325836 91.919586 4.354419
v 68.39534 91.508751 4.417531
v 68.284523 92.06002 4.386201
v 68.381371 91.63269 4.3585
v 68.234421 92.194946 4.445624
v 68.35817 91.767471 4.325238
v 68.325836 91.90844 4.319301
v 68.39534 91.502869 4.410302
v 68.284523 92.050713 4.341425
v 68.381371 91.62249 4.342951
v 68.234421 92.189384 4.391502
v 68.35817 91.754692 4.300568
v 68.175774 92.319595 4.468586
v 68.325836 91.89492 4.285025
v 68.39534 91.496506 4.403491
v 68.284523 92.038376 4.297388
v 68.381371 91.611252 4.328134
v 68.234421 92.180138 4.337886
v 68.35817 91.74025 4.276828
v 68.175774 92.315308 4.405904
v 68.325836 91.879097 4.251752
v 68.39534 91.4897 4.39713
v 68.284523 92.023064 4.254296
v 68.381371 91.59903 4.314118
v 68.234421 92.167252 4.285025
v 68.35817 91.724228 4.254129
v 68.175774 92.306747 4.34366
v 68.325836 91.861038 4.219636
v 68.108841 92.436745 4.429085
v 68.39534 91.482468 4.391248
v 68.284523 92.004845 4.212349
v 68.381371 91.585884 4.300969
v 68.234421 92.150795 4.233167
v 68.35817 91.706696 4.232576
v 68.175774 92.293968 4.282146
v 68.325836 91.840828 4.188827
v 68.108841 92.429489 4.3585
v 68.39534 91.474854 4.385874
v 68.284523 91.983803 4.171744
v 68.033943 92.552689 4.460623
v 68.381371 91.571869 4.288748
v 68.234421 92.130836 4.182553
v 68.35817 91.687729 4.21227
v 68.175774 92.277016 4.221647
v 68.325836 91.818565 4.159469
v 68.108841 92.417435 4.288575
v 68.39534 91.466896 4.381032
v 68.284523 91.960037 4.132669
v 68.033943 92.547318 4.382052
v 68.381371 91.557053 4.277512
v 68.234421 92.107468 4.133419
v 68.35817 91.667427 4.193305
v 68.175774 92.255974 4.162446
v 68.325836 91.794357 4.131699
v 68.108841 92.400635 4.219636
v 68.39534 91.458618 4.376744
v 68.284523 91.93367 4.095307
v 68.033943 92.536591 4.304032
v 68.381371 91.541496 4.267313
v 68.234421 92.080803 4.085994
v 67.951424 92.659233 4.413866
v 68.35817 91.645874 4.17577
v 68.175774 92.230949 4.104819
v 68.325836 91.768303 4.105646
v 68.108841 92.379166 4.152004
v 68.39534 91.450073 4.373031
v 68.284523 91.904808 4.059832
v 68.033943 92.520569 4.226925
v 68.381371 91.525291 4.258199
v 68.234421 92.050964 4.0405
v 67.951424 92.650421 4.328134
v 68.35817 91.623169 4.159748
v 68.175774 92.202042 4.049035
v 67.861671 92.764313 4.453394
v 68.325836 91.740532 4.081431
v 68.108841 92.353134 4.085994
v 68.39534 91.441292 4.36991
v 68.284523 91.873589 4.026409
v 68.033943 92.499321 4.151092
v 68.381371 91.508499 4.250213
v 68.234421 92.018089 3.997148
v 67.951424 92.635773 4.243203
v 68.35817 91.599434 4.145311
v 68.175774 92.169395 3.995353
v 67.861671 92.75795 4.360399
v 68.325836 91.711174 4.059168
v 68.108841 92.322662 4.021915
v 68.39534 91.432312 4.367396
v 68.284523 91.840172 3.995194
v 68.033943 92.472946 4.076885
v 68.381371 91.491196 4.243391
v 68.234421 91.98233 3.95614
v 67.951424 92.615372 4.159469
v 68.35817 91.57476 4.132528
v 68.175774 92.133163 3.944024
v 67.861671 92.745255 4.268054
v 68.325836 91.680367 4.038961
v 68.108841 92.287888 3.960065
v 67.765106 92.858261 4.400252
v 68.39534 91.423187 4.365499
v 68.284523 91.804695 3.966332
v 68.033943 92.441574 4.004651
v 68.381371 91.473473 4.237766
v 68.234421 91.943863 3.917668
v 67.951424 92.589302 4.077323
v 68.35817 91.549278 4.121459
v 68.175774 92.093513 3.895287
v 67.861671 92.726295 4.176791
v 68.325836 91.648247 4.020903
v 68.108841 92.24897 3.900732
v 67.765106 92.848061 4.300969
v 68.39534 91.413956 4.364231
v 68.284523 91.767334 3.939959
v 68.033943 92.405342 3.934726
v 67.662178 92.950516 4.447033
v 68.381371 91.455406 4.233363
v 68.234421 91.902855 3.881912
v 67.951424 92.557678 3.997148
v 68.35817 91.523094 4.112154
v 68.175774 92.050629 3.84937
v 67.861671 92.701141 4.087036
v 68.325836 91.614975 4.005079
v 68.108841 92.206093 3.844194
v 67.765106 92.8311 4.202614
v 68.39534 91.404663 4.363595
v 68.284523 91.728256 3.916197
v 68.033943 92.364418 3.867437
v 67.662178 92.943291 4.341345
v 68.381371 91.43708 4.230203
v 68.234421 91.859497 3.849037
v 67.951424 92.520668 3.919317
v 68.35817 91.496346 4.104658
v 68.175774 92.004715 3.806486
v 67.861671 92.66993 3.999205
v 68.325836 91.580696 3.991562
v 68.108841 92.159462 3.790713
v 67.765106 92.807472 4.105646
v 68.284523 91.687653 3.895157
v 68.033943 92.319 3.803097
v 67.662178 92.928864 4.236397
v 68.381371 91.418587 4.228302
v 68.234421 91.814003 3.819197
v 67.951424 92.478424 3.844194
v 67.55336 93.030128 4.388496
v 68.35817 91.469139 4.099005
v 68.175774 91.955978 3.766836
v 67.861671 92.63279 3.913709
v 68.325836 91.545578 3.980416
v 68.108841 92.109291 3.740539
v 67.765106 92.777275 4.010516
v 68.284523 91.645706 3.876937
v 68.033943 92.269302 3.742007
v 67.662178 92.90731 4.132679
v 68.234421 91.766579 3.792531
v 67.951424 92.43116 3.772128
v 67.55336 93.018723 4.277512
v 68.35817 91.441612 4.095222
v 68.175774 91.904648 3.730604
v 67.861671 92.589912 3.830947
v 67.439171 93.107841 4.441658
v 68.325836 91.509781 3.971693
v 68.108841 92.055809 3.693906
v 67.765106 92.740662 3.917668
v 68.284523 91.602615 3.861623
v 68.033943 92.215546 3.684451
v 67.662178 92.878731 4.030672
v 68.234421 91.717445 3.769164
v 67.951424 92.379082 3.703456
v 67.55336 92.999763 4.167565
v 68.35817 91.413895 4.093325
v 68.175774 91.850967 3.697959
v 67.861671 92.541481 3.751305
v 67.439171 93.099876 4.325247
v 68.325836 91.473473 3.965432
v 68.108841 91.999268 3.651031
v 67.765106 92.6978 3.827536
v 68.284523 91.558578 3.849284
v 68.033943 92.15799 3.630697
v 67.662178 92.843254 3.930854
v 68.234421 91.666832 3.749204
v 67.951424 92.322441 3.638498
v 67.55336 92.973351 4.059168
v 68.175774 91.795181 3.669054
v 67.861671 92.487724 3.675153
v 67.439171 93.083992 4.209651
v 68.325836 91.436821 3.961664
v 68.108841 91.939934 3.612115
v 67.765106 92.64888 3.740539
v 67.320129 93.171631 4.378817
v 68.284523 91.513802 3.839979
v 68.033943 92.096901 3.580996
v 67.662178 92.801048 3.83369
v 68.234421 91.614975 3.732745
v 67.951424 92.261505 3.577556
v 67.55336 92.939598 3.952827
v 68.175774 91.737556 3.644023
v 67.861671 92.428902 3.602847
v 67.439171 93.060249 4.095408
v 68.108841 91.878082 3.577338
v 67.765106 92.594139 3.657083
v 67.320129 93.159233 4.258199
v 68.284523 91.468491 3.833752
v 68.033943 92.032562 3.53558
v 67.662178 92.752312 3.739632
v 67.1968 93.233353 4.437371
v 68.234421 91.562111 3.719864
v 67.951424 92.196541 3.520916
v 67.55336 92.898666 3.849037
v 68.175774 91.678352 3.622983
v 67.861671 92.365273 3.534724
v 67.439171 93.02877 3.983051
v 68.108841 91.814003 3.546864
v 67.765106 92.533836 3.577556
v 67.320129 93.138626 4.138709
v 68.284523 91.422867 3.830631
v 68.033943 91.965271 3.494661
v 67.662178 92.697273 3.649119
v 67.1968 93.224808 4.312404
v 68.234421 91.508499 3.710619
v 67.951424 92.127869 3.46884
v 67.55336 92.850754 3.748281
v 68.175774 91.617851 3.606032
v 67.861671 92.29715 3.471102
v 67.439171 92.989693 3.873105
v 68.108841 91.747993 3.520833
v 67.765106 92.468239 3.502331
v 67.320129 93.109917 4.020903
v 68.033943 91.895348 3.458429
v 67.662178 92.636185 3.562574
v 67.1968 93.207748 4.188313
v 68.234421 91.454376 3.705055
v 67.951424 92.055809 3.421572
v 67.55336 92.796066 3.651031
v 67.069756 93.280128 4.371396
v 68.175774 91.556343 3.593249
v 67.861671 92.224846 3.412276
v 67.439171 92.943207 3.766082
v 68.108841 91.680367 3.499367
v 67.765106 92.397667 3.431758
v 67.320129 93.073242 3.905331
v 68.033943 91.823112 3.427053
v 67.662178 92.569328 3.480399
v 67.1968 93.182266 4.065674
v 67.951424 91.980682 3.379333
v 67.55336 92.734879 3.557739
v 67.069756 93.266968 4.243391
v 68.175774 91.494095 3.584694
v 67.861671 92.148697 3.358522
v 67.439171 92.889526 3.662481
v 66.93959 93.324715 4.43425
v 68.108841 91.611427 3.482567
v 67.765106 92.322441 3.366165
v 67.320129 93.028755 3.792531
v 68.033943 91.748909 3.40068
v 67.662178 92.497025 3.402979
v 67.1968 93.148468 3.94506
v 67.951424 91.902855 3.342318
v 67.55336 92.667465 3.46884
v 67.069756 93.245102 4.116583
v 68.175774 91.431412 3.580406
v 67.861671 92.069054 3.310091
v 67.439171 92.828903 3.562784
v 66.93959 93.315735 4.303056
v 68.108841 91.541496 3.470511
v 67.765106 92.24292 3.305858
v 67.320129 92.976677 3.68303
v 68.033943 91.673073 3.379433
v 67.662178 92.419601 3.330673
v 67.1968 93.106522 3.827034
v 67.951424 91.822678 3.310701
v 67.55336 92.594139 3.384749
v 67.069756 93.214638 3.991562
v 67.861671 91.98629 3.267207
v 67.439171 92.761612 3.467457
v 66.93959 93.297829 4.172781
v 68.108841 91.470917 3.463255
v 67.765106 92.159462 3.251119
v 67.320129 92.917252 3.577338
v 66.806915 93.3536 4.36637
v 68.033943 91.59597 3.36341
v 67.662178 92.337425 3.263819
v 67.1968 93.056618 3.712146
v 67.951424 91.740532 3.284629
v 67.55336 92.515251 3.305858
v 67.069756 93.175713 3.868912
v 67.861671 91.900795 3.230071
v 67.439171 92.687973 3.376945
v 66.93959 93.27108 4.044031
v 67.765106 92.072464 3.202203
v 67.320129 92.850754 3.475948
v 66.806915 93.339928 4.233363
v 68.033943 91.517944 3.352686
v 67.662178 92.250877 3.202728
v 67.1968 92.998993 3.600931
v 66.672333 93.380219 4.432354
v 67.951424 91.656799 3.264224
v 67.55336 92.43116 3.232534
v 67.069756 93.128502 3.749204
v 67.861671 91.812965 3.198856
v 67.439171 92.60833 3.291668
v 66.93959 93.235596 3.917407
v 67.765106 91.98233 3.159338
v 67.320129 92.777489 3.379333
v 66.806915 93.317215 4.101599
v 68.033943 91.439377 3.347312
v 67.662178 92.16037 3.147686
v 67.1968 92.933914 3.493907
v 66.672333 93.370987 4.297377
v 67.951424 91.571869 3.24958
v 67.55336 92.342262 3.16512
v 67.069756 93.073242 3.632997
v 67.861671 91.723206 3.173708
v 67.439171 92.523056 3.212026
v 66.93959 93.191559 3.793499
v 67.765106 91.889481 3.122724
v 67.320129 92.6978 3.287942
v 66.806915 93.285553 3.971693
v 67.662178 92.066307 3.098949
v 67.1968 92.861679 3.391575
v 66.672333 93.352562 4.163344
v 67.951424 91.486137 3.240767
v 67.55336 92.24897 3.10393
v 67.069756 93.01017 3.520833
v 66.536484 93.390686 4.363833
v 66.400002 93.390373 4.303966
v 67.861671 91.631943 3.154743
v 67.439171 92.432541 3.138388
v 66.93959 93.139175 3.672886
v 67.765106 91.794357 3.092531
v 67.320129 92.612061 3.202203
v 66.806915 93.245102 3.844249
v 67.662178 91.969147 3.056745
v 67.1968 92.782631 3.294411
v 66.672333 93.325035 4.030881
v 67.55336 92.151718 3.049249
v 67.069756 92.939598 3.413233
v 66.536484 93.376755 4.228302
v 66.400002 93.378349 4.206539
v 67.861671 91.539604 3.142051
v 67.439171 92.337219 3.0711
v 66.93959 93.078674 3.556129
v 67.765106 91.697388 3.0689
v 67.320129 92.520668 3.122515
v 66.806915 93.196053 3.719864
v 67.662178 91.869331 3.02127
v 67.1968 92.697136 3.202867
v 66.672333 93.288536 3.900606
v 67.55336 92.050964 3.001332
v 67.069756 92.861847 3.310701
v 66.536484 93.3536 4.094037
v 66.400002 93.361572 4.109819
v 66.400002 93.340065 4.01404
v 67.861671 91.446609 3.135689
v 67.439171 92.237518 3.010473
v 66.93959 93.010345 3.443772
v 67.765106 91.59903 3.051942
v 67.320129 92.424049 3.049249
v 66.806915 93.138626 3.599115
v 67.662178 91.767319 2.992689
v 67.1968 92.605591 3.117372
v 66.672333 93.243225 3.773125
v 67.55336 91.947174 2.960402
v 67.069756 92.777275 3.213714
v 66.536484 93.321342 3.961664
v 66.400002 93.313881 3.919431
v 67.439171 92.133919 2.956791
v 66.93959 92.934517 3.336341
v 67.765106 91.499748 3.041736
v 67.320129 92.322662 2.982747
v 66.806915 93.073097 3.482567
v 67.662178 91.663605 2.971136
v 67.1968 92.508423 3.038323
v 66.672333 93.189323 3.649034
v 67.55336 91.840828 2.926651
v 67.069756 92.686287 3.122724
v 66.536484 93.280128 3.831802
v 66.400002 93.283089 3.82622
v 66.400002 93.247757 3.734633
v 67.439171 92.026894 2.910304
v 66.93959 92.851524 3.234334
v 67.320129 92.216972 2.92332
v 66.806915 92.999763 3.370763
v 67.662178 91.558655 2.956711
v 67.1968 92.40609 2.966089
v 66.672333 93.127083 3.528909
v 67.55336 91.732437 2.900236
v 67.069756 92.589302 3.038155
v 66.536484 93.230148 3.705055
v 66.400002 93.207977 3.64489
v 67.439171 91.916946 2.871229
v 66.93959 92.761772 3.138229
v 67.320129 92.107468 2.871243
v 66.806915 92.918976 3.264224
v 67.662178 91.452965 2.949482
v 67.1968 92.299072 2.901006
v 66.672333 93.056786 3.413313
v 67.55336 91.62249 2.881279
v 67.069756 92.486763 2.960402
v 66.536484 93.171631 3.582015
v 66.400002 93.163841 3.557207
v 67.439171 91.804596 2.839748
v 66.93959 92.665665 3.048473
v 67.320129 91.994667 2.826761
v 66.806915 92.8311 3.163446
v 67.1968 92.187851 2.843379
v 66.672333 92.978767 3.302783
v 67.55336 91.511505 2.869869
v 67.069756 92.379166 2.889828
v 66.536484 93.104858 3.463255
v 66.400002 93.115456 3.471795
v 66.400002 93.062943 3.38886
v 67.439171 91.690346 2.816009
v 66.93959 92.56366 2.965485
v 67.320129 91.879097 2.79008
v 66.806915 92.736557 3.0689
v 67.1968 92.072968 2.793476
v 66.672333 92.893387 3.197835
v 67.069756 92.267006 2.826761
v 66.536484 93.030128 3.349328
v 66.400002 93.006416 3.308601
v 67.439171 91.574753 2.80012
v 66.93959 92.45623 2.889652
v 67.320129 91.761292 2.761371
v 66.806915 92.635773 2.981027
v 67.1968 91.954941 2.75153
v 66.672333 92.801041 3.098958
v 67.069756 92.150795 2.771495
v 66.536484 92.947807 3.240767
v 66.400002 92.946022 3.231213
v 66.400002 92.881905 3.156882
v 67.439171 91.458344 2.792157
v 66.93959 92.343872 2.821326
v 67.320129 91.6418 2.740769
v 66.806915 92.529236 2.900236
v 67.1968 91.834328 2.717735
v 66.672333 92.702164 3.006614
v 67.069756 92.03109 2.724289
v 66.536484 92.858261 3.138076
v 66.400002 92.814217 3.085786
v 66.93959 92.227112 2.760828
v 67.320129 91.521179 2.728369
v 66.806915 92.417435 2.826903
v 67.1968 91.711685 2.692251
v 66.672333 92.597214 2.921233
v 67.069756 91.90844 2.685361
v 66.536484 92.761925 3.041736
v 66.400002 92.743118 3.018098
v 66.93959 92.106499 2.708438
v 66.806915 92.300888 2.761371
v 67.1968 91.587593 2.675195
v 66.672333 92.486687 2.843212
v 67.069756 91.783417 2.654895
v 66.536484 92.659233 2.952194
v 66.400002 92.668785 2.953979
v 66.400002 92.5914 2.893585
v 66.93959 91.98259 2.664401
v 66.806915 92.180138 2.703946
v 67.1968 91.462631 2.666647
v 66.672333 92.371094 2.772917
v 67.069756 91.656609 2.633031
v 66.536484 92.550674 2.869869
v 66.400002 92.511139 2.837061
v 66.93959 91.855972 2.628922
v 66.806915 92.055748 2.654895
v 66.672333 92.250969 2.710673
v 67.069756 91.528603 2.619871
v 66.536484 92.436745 2.795145
v 66.400002 92.428207 2.784543
v 66.400002 92.342796 2.736157
v 66.93959 91.727219 2.602168
v 66.806915 91.928307 2.614446
v 66.672333 92.126877 2.656772
v 66.536484 92.317986 2.728369
v 66.400002 92.255112 2.692021
v 66.93959 91.596947 2.584262
v 66.806915 91.798401 2.582789
v 66.672333 91.999397 2.611466
v 66.536484 92.194946 2.669854
v 66.400002 92.165367 2.652241
v 66.93959 91.465752 2.575288
v 66.806915 91.666634 2.56007
v 66.672333 91.869118 2.574964
v 66.536484 92.068199 2.619871
v 66.400002 92.073776 2.616912
v 66.400002 91.980568 2.586119
v 66.806915 91.53363 2.546397
v 66.672333 91.736656 2.547438
v 66.536484 91.938339 2.578655
v 66.400002 91.885963 2.559937
v 66.672333 91.602623 2.529016
v 66.536484 91.805962 2.546397
v 66.400002 91.790184 2.538429
v 66.400002 91.693459 2.521647
v 66.672333 91.467644 2.519783
v 66.536484 91.6717 2.523247
v 66.400002 91.596031 2.50963
v 66.536484 91.536163 2.509314
v 5.6 93.397591 4.401865
v 5.6 93.390373 4.303966
v 5.6 93.378349 4.206539
v 5.6 93.361572 4.109819
v 5.6 93.340065 4.01404
v 5.6 93.313881 3.919431
v 5.6 93.283089 3.82622
v 5.6 93.247757 3.734633
v 5.6 93.207977 3.64489
v 5.6 93.163841 3.557207
v 5.6 93.115456 3.471795
v 5.6 93.062943 3.38886
v 5.6 93.006416 3.308601
v 5.6 92.946022 3.231213
v 5.6 92.881905 3.156882
v 5.6 92.814217 3.085786
v 5.6 92.743118 3.018098
v 5.6 92.668785 2.953979
v 5.6 92.5914 2.893585
v 5.6 92.511139 2.837061
v 5.6 92.428207 2.784543
v 5.6 92.342796 2.736157
v 5.6 92.255112 2.692021
v 5.6 92.165367 2.652241
v 5.6 92.073776 2.616912
v 5.6 91.980568 2.586119
v 5.6 91.885963 2.559937
v 5.6 91.790184 2.538429
v 5.6 91.693459 2.521647
v 5.6 91.596031 2.50963
v 5.6 91.498138 2.502409
v 5.6 91.400002 2.5
v 3.602409 91.400002 4.401865
v 5.463595 91.404663 2.504663
v 5.403966 91.400002 2.50963
v 5.501864 91.400002 2.502409
v 5.464231 91.413956 2.504663
v 5.4655 91.423187 2.504663
v 5.328301 91.418587 2.518628
v 5.306539 91.400002 2.521647
v 5.467396 91.432312 2.504663
v 5.330203 91.43708 2.518628
v 5.193325 91.413895 2.541832
v 5.209819 91.400002 2.538429
v 5.114039 91.400002 2.559937
v 5.46991 91.441292 2.504663
v 5.333363 91.455406 2.518628
v 5.195221 91.441612 2.541832
v 5.473031 91.450073 2.504663
v 5.337766 91.473473 2.518628
v 5.199005 91.469139 2.541832
v 5.061665 91.436821 2.574165
v 5.019431 91.400002 2.586119
v 5.476744 91.458618 2.504663
v 5.343391 91.491196 2.518628
v 5.204658 91.496346 2.541832
v 5.065432 91.473473 2.574165
v 5.481031 91.466896 2.504663
v 4.930631 91.422867 2.615478
v 4.92622 91.400002 2.616912
v 4.834633 91.400002 2.652241
v 5.350213 91.508499 2.518628
v 5.212154 91.523094 2.541832
v 5.071692 91.509781 2.574165
v 5.485874 91.474854 2.504663
v 4.933752 91.468491 2.615478
v 5.358199 91.525291 2.518628
v 5.221458 91.549278 2.541832
v 5.080416 91.545578 2.574165
v 5.491248 91.482468 2.504663
v 4.93998 91.513802 2.615478
v 5.367313 91.541496 2.518628
v 4.805055 91.454376 2.665577
v 4.74489 91.400002 2.692021
v 5.232528 91.57476 2.541832
v 5.091562 91.580696 2.574165
v 5.497129 91.4897 2.504663
v 4.949284 91.558578 2.615478
v 5.377512 91.557053 2.518628
v 4.810619 91.508499 2.665577
v 5.245311 91.599434 2.541832
v 4.680407 91.431412 2.72423
v 4.657207 91.400002 2.736157
v 5.105079 91.614975 2.574165
v 5.50349 91.496506 2.504663
v 4.961623 91.602615 2.615478
v 5.388748 91.571869 2.518628
v 4.819864 91.562111 2.665577
v 5.259748 91.623169 2.541832
v 4.684694 91.494095 2.72423
v 5.120903 91.648247 2.574165
v 5.510302 91.502869 2.504663
v 4.976937 91.645706 2.615478
v 5.400969 91.585884 2.518628
v 4.832746 91.614975 2.665577
v 5.27577 91.645874 2.541832
v 4.693249 91.556343 2.72423
v 5.138961 91.680367 2.574165
v 4.563255 91.470917 2.791161
v 4.571795 91.400002 2.784543
v 4.48886 91.400002 2.837061
v 5.517531 91.508751 2.504663
v 4.995157 91.687653 2.615478
v 5.414118 91.59903 2.518628
v 4.849205 91.666832 2.665577
v 5.293305 91.667427 2.541832
v 4.706032 91.617851 2.72423
v 5.159168 91.711174 2.574165
v 4.570511 91.541496 2.791161
v 5.525145 91.51413 2.504663
v 5.016197 91.728256 2.615478
v 4.447312 91.439377 2.86606
v 4.408601 91.400002 2.893585
v 5.428134 91.611252 2.518628
v 4.869164 91.717445 2.665577
v 5.31227 91.687729 2.541832
v 4.722983 91.678352 2.72423
v 5.181431 91.740532 2.574165
v 4.582567 91.611427 2.791161
v 5.533107 91.518967 2.504663
v 5.039959 91.767334 2.615478
v 4.452686 91.517944 2.86606
v 5.442951 91.62249 2.518628
v 4.892531 91.766579 2.665577
v 5.332576 91.706696 2.541832
v 4.744023 91.737556 2.72423
v 5.205646 91.768303 2.574165
v 4.599367 91.680367 2.791161
v 5.541382 91.523254 2.504663
v 5.066332 91.804695 2.615478
v 4.46341 91.59597 2.86606
v 5.4585 91.63269 2.518628
v 4.919197 91.814003 2.665577
v 4.340766 91.486137 2.948577
v 4.331213 91.400002 2.953979
v 4.256882 91.400002 3.018098
v 5.354129 91.724228 2.541832
v 4.769054 91.795181 2.72423
v 5.231699 91.794357 2.574165
v 4.620833 91.747993 2.791161
v 5.54993 91.52697 2.504663
v 5.095194 91.840172 2.615478
v 4.479433 91.673073 2.86606
v 5.474709 91.6418 2.518628
v 4.949037 91.859497 2.665577
v 4.34958 91.571869 2.948577
v 5.376828 91.74025 2.541832
v 4.797959 91.850967 2.72423
v 4.23569 91.446609 3.038328
v 4.185786 91.400002 3.085786
v 5.259469 91.818565 2.574165
v 4.646863 91.814003 2.791161
v 5.558712 91.53009 2.504663
v 5.126409 91.873589 2.615478
v 4.50068 91.748909 2.86606
v 5.491502 91.649788 2.518628
v 4.981912 91.902855 2.665577
v 4.364223 91.656799 2.948577
v 5.400568 91.754692 2.541832
v 4.830604 91.904648 2.72423
v 4.242051 91.539604 3.038328
v 5.288827 91.840828 2.574165
v 4.677338 91.878082 2.791161
v 5.567685 91.5326 2.504663
v 5.159832 91.904808 2.615478
v 4.527053 91.823112 2.86606
v 5.508801 91.656609 2.518628
v 5.017668 91.943863 2.665577
v 4.384629 91.740532 2.948577
v 5.425238 91.767471 2.541832
v 4.866836 91.955978 2.72423
v 4.254743 91.631943 3.038328
v 5.319636 91.861038 2.574165
v 4.712115 91.939934 2.791161
v 4.141736 91.499748 3.134894
v 4.118098 91.400002 3.156882
v 5.57681 91.5345 2.504663
v 5.195307 91.93367 2.615478
v 4.558429 91.895348 2.86606
v 5.526525 91.662231 2.518628
v 5.05614 91.98233 2.665577
v 4.410701 91.822678 2.948577
v 5.450723 91.778542 2.541832
v 4.906486 92.004715 2.72423
v 4.273708 91.723206 3.038328
v 5.351752 91.879097 2.574165
v 4.751031 91.999268 2.791161
v 4.151942 91.59903 3.134894
v 5.586042 91.535767 2.504663
v 5.232669 91.960037 2.615478
v 4.594661 91.965271 2.86606
v 4.049482 91.452965 3.237824
v 4.053979 91.400002 3.231213
v 3.993585 91.400002 3.308601
v 5.544592 91.666634 2.518628
v 5.097148 92.018089 2.665577
v 4.442318 91.902855 2.948577
v 5.476903 91.787849 2.541832
v 4.94937 92.050629 2.72423
v 4.298856 91.812965 3.038328
v 5.385026 91.89492 2.574165
v 4.793906 92.055809 2.791161
v 4.1689 91.697388 3.134894
v 5.59534 91.536407 2.504663
v 5.271744 91.983803 2.615478
v 4.635581 92.032562 2.86606
v 4.056711 91.558655 3.237824
v 5.562917 91.6698 2.518628
v 5.1405 92.050964 2.665577
v 4.479332 91.980682 2.948577
v 5.503658 91.795341 2.541832
v 4.995287 92.093513 2.72423
v 4.330071 91.900795 3.038328
v 5.419301 91.90844 2.574165
v 4.840539 92.109291 2.791161
v 4.192531 91.794357 3.134894
v 5.312349 92.004845 2.615478
v 4.680996 92.096901 2.86606
v 4.071136 91.663605 3.237824
v 5.581415 91.6717 2.518628
v 5.185994 92.080803 2.665577
v 4.521573 92.055809 2.948577
v 3.969869 91.511505 3.346639
v 3.937061 91.400002 3.38886
v 5.530861 91.800995 2.541832
v 5.044024 92.133163 2.72423
v 4.367207 91.98629 3.038328
v 5.45442 91.919586 2.574165
v 4.890713 92.159462 2.791161
v 4.222723 91.889481 3.134894
v 5.354296 92.023064 2.615478
v 4.730697 92.15799 2.86606
v 4.092689 91.767319 3.237824
v 5.233419 92.107468 2.665577
v 4.568841 92.127869 2.948577
v 3.981279 91.62249 3.346639
v 5.558387 91.804779 2.541832
v 5.095353 92.169395 2.72423
v 4.410091 92.069054 3.038328
v 3.892157 91.458344 3.460832
v 3.884543 91.400002 3.471795
v 3.836158 91.400002 3.557207
v 5.490216 91.928307 2.574165
v 4.944194 92.206093 2.791161
v 4.259338 91.98233 3.134894
v 5.397388 92.038376 2.615478
v 4.784451 92.215546 2.86606
v 4.12127 91.869331 3.237824
v 5.282553 92.130836 2.665577
v 4.620916 92.196541 2.948577
v 4.000236 91.732437 3.346639
v 5.586108 91.806671 2.541832
v 5.149035 92.202042 2.72423
v 4.458522 92.148697 3.038328
v 3.90012 91.574753 3.460832
v 5.526525 91.93457 2.574165
v 5.000732 92.24897 2.791161
v 4.302203 92.072464 3.134894
v 5.441425 92.050713 2.615478
v 4.842007 92.269302 2.86606
v 4.156745 91.969147 3.237824
v 5.333167 92.150795 2.665577
v 4.677557 92.261505 2.948577
v 4.026651 91.840828 3.346639
v 5.204819 92.230949 2.72423
v 4.512276 92.224846 3.038328
v 3.916008 91.690346 3.460832
v 5.563177 91.938339 2.574165
v 5.060065 92.287888 2.791161
v 4.351119 92.159462 3.134894
v 3.828369 91.521179 3.57987
v 3.792022 91.400002 3.64489
v 5.486201 92.06002 2.615478
v 4.903098 92.319 2.86606
v 4.198949 92.066307 3.237824
v 5.385026 92.167252 2.665577
v 4.738498 92.322441 2.948577
v 4.060402 91.947174 3.346639
v 5.262446 92.255974 2.72423
v 4.571102 92.29715 3.038328
v 3.939749 91.804596 3.460832
v 5.121915 92.322662 2.791161
v 4.405858 92.24292 3.134894
v 3.840769 91.6418 3.57987
v 5.531507 92.066246 2.615478
v 4.967437 92.364418 2.86606
v 4.247686 92.16037 3.237824
v 3.766647 91.462631 3.703198
v 3.752241 91.400002 3.734633
v 5.437886 92.180138 2.665577
v 4.803456 92.379082 2.948577
v 4.101332 92.050964 3.346639
v 5.321647 92.277016 2.72423
v 4.634724 92.365273 3.038328
v 3.971229 91.916946 3.460832
v 5.185994 92.353134 2.791161
v 4.466165 92.322441 3.134894
v 3.861372 91.761292 3.57987
v 5.577134 92.069366 2.615478
v 5.034726 92.405342 2.86606
v 4.302728 92.250877 3.237824
v 3.775195 91.587593 3.703198
v 5.491502 92.189384 2.665577
v 4.872128 92.43116 2.948577
v 4.149249 92.151718 3.346639
v 5.382146 92.293968 2.72423
v 4.702847 92.428902 3.038328
v 4.010304 92.026894 3.460832
v 5.252004 92.379166 2.791161
v 4.531757 92.397667 3.134894
v 3.89008 91.879097 3.57987
v 5.10465 92.441574 2.86606
v 4.363819 92.337425 3.237824
v 3.792251 91.711685 3.703198
v 5.545624 92.194946 2.665577
v 4.944194 92.478424 2.948577
v 4.20393 92.24897 3.346639
v 3.719872 91.528603 3.830241
v 3.716912 91.400002 3.82622
v 3.686119 91.400002 3.919431
v 5.44366 92.306747 2.72423
v 4.775153 92.487724 3.038328
v 4.056791 92.133919 3.460832
v 5.319636 92.400635 2.791161
v 4.602331 92.468239 3.134894
v 3.926761 91.994667 3.57987
v 5.176885 92.472946 2.86606
v 4.430673 92.419601 3.237824
v 3.817735 91.834328 3.703198
v 5.019317 92.520668 2.948577
v 4.265121 92.342262 3.346639
v 3.733031 91.656609 3.830241
v 5.505904 92.315308 2.72423
v 4.851305 92.541481 3.038328
v 4.110473 92.237518 3.460832
v 3.675288 91.465752 3.960407
v 3.659937 91.400002 4.01404
v 5.388575 92.417435 2.791161
v 4.677557 92.533836 3.134894
v 3.971243 92.107468 3.57987
v 5.251091 92.499321 2.86606
v 4.502979 92.497025 3.237824
v 3.85153 91.954941 3.703198
v 5.097148 92.557678 2.948577
v 4.332534 92.43116 3.346639
v 3.754895 91.783417 3.830241
v 5.568586 92.319595 2.72423
v 4.930947 92.589912 3.038328
v 4.1711 92.337219 3.460832
v 3.684262 91.596947 3.960407
v 5.4585 92.429489 2.791161
v 4.757082 92.594139 3.134894
v 4.02332 92.216972 3.57987
v 5.326925 92.520569 2.86606
v 4.5804 92.569328 3.237824
v 3.893476 92.072968 3.703198
v 5.177323 92.589302 2.948577
v 4.405858 92.515251 3.346639
v 3.785361 91.90844 3.830241
v 5.01371 92.63279 3.038328
v 4.238389 92.432541 3.460832
v 3.702168 91.727219 3.960407
v 5.529085 92.436745 2.791161
v 4.840539 92.64888 3.134894
v 4.082747 92.322662 3.57987
v 3.646397 91.53363 4.093088
v 3.638429 91.400002 4.109819
v 3.621647 91.400002 4.206539
v 5.404032 92.536591 2.86606
v 4.662574 92.636185 3.237824
v 3.943379 92.187851 3.703198
v 5.259469 92.615372 2.948577
v 4.484749 92.594139 3.346639
v 3.824289 92.03109 3.830241
v 5.099205 92.66993 3.038328
v 4.312026 92.523056 3.460832
v 3.728923 91.855972 3.960407
v 4.927536 92.6978 3.134894
v 4.149249 92.424049 3.57987
v 3.66007 91.666634 4.093088
v 5.482052 92.547318 2.86606
v 4.749119 92.697273 3.237824
v 4.001006 92.299072 3.703198
v 3.619783 91.467644 4.227667
v 3.609631 91.400002 4.303966
v 5.343203 92.635773 2.948577
v 4.568841 92.667465 3.346639
v 3.871495 92.150795 3.830241
v 5.187036 92.701141 3.038328
v 4.391668 92.60833 3.460832
v 3.764401 91.98259 3.960407
v 5.017668 92.740662 3.134894
v 4.222515 92.520668 3.57987
v 3.682789 91.798401 4.093088
v 5.560623 92.552689 2.86606
v 4.839632 92.752312 3.237824
v 4.066089 92.40609 3.703198
v 3.629016 91.602623 4.227667
v 5.428134 92.650421 2.948577
v 4.657739 92.734879 3.346639
v 3.926761 92.267006 3.830241
v 5.276792 92.726295 3.038328
v 4.476945 92.687973 3.460832
v 3.808438 92.106499 3.960407
v 5.110516 92.777275 3.134894
v 4.302203 92.612061 3.57987
v 3.714446 91.928307 4.093088
v 4.93369 92.801048 3.237824
v 4.138323 92.508423 3.703198
v 3.647438 91.736656 4.227667
v 5.513866 92.659233 2.948577
v 4.751031 92.796066 3.346639
v 3.989828 92.379166 3.830241
v 3.609314 91.536163 4.363515
v 5.368054 92.745255 3.038328
v 4.567457 92.761612 3.460832
v 3.860827 92.227112 3.960407
v 5.205646 92.807472 3.134894
v 4.387942 92.6978 3.57987
v 3.754895 92.055748 4.093088
v 5.030854 92.843254 3.237824
v 4.217372 92.605591 3.703198
v 3.674964 91.869118 4.227667
v 4.848281 92.850754 3.346639
v 4.060402 92.486763 3.830241
v 3.623247 91.6717 4.363515
v 5.460399 92.75795 3.038328
v 4.662784 92.828903 3.460832
v 3.921326 92.343872 3.960407
v 5.302614 92.8311 3.134894
v 4.479332 92.777489 3.57987
v 3.803946 92.180138 4.093088
v 5.130672 92.878731 3.237824
v 4.302867 92.697136 3.703198
v 3.711466 91.999397 4.227667
v 4.949037 92.898666 3.346639
v 4.138155 92.589302 3.830241
v 3.646397 91.805962 4.363515
v 5.553394 92.764313 3.038328
v 4.762481 92.889526 3.460832
v 3.989651 92.45623 3.960407
v 5.400969 92.848061 3.134894
v 4.575948 92.850754 3.57987
v 3.861372 92.300888 4.093088
v 5.232678 92.90731 3.237824
v 4.394411 92.782631 3.703198
v 3.756773 92.126877 4.227667
v 5.052827 92.939598 3.346639
v 4.222723 92.686287 3.830241
v 3.678655 91.938339 4.363515
v 4.866082 92.943207 3.460832
v 4.065485 92.56366 3.960407
v 5.500252 92.858261 3.134894
v 4.677338 92.917252 3.57987
v 3.926903 92.417435 4.093088
v 5.336397 92.928864 3.237824
v 4.491575 92.861679 3.703198
v 3.810673 92.250969 4.227667
v 5.159168 92.973351 3.346639
v 4.313714 92.777275 3.830241
v 3.719872 92.068199 4.363515
v 4.973105 92.989693 3.460832
v 4.148473 92.665665 3.960407
v 4.78303 92.976677 3.57987
v 4.000236 92.529236 4.093088
v 5.441345 92.943291 3.237824
v 4.593907 92.933914 3.703198
v 3.872916 92.371094 4.227667
v 5.267565 92.999763 3.346639
v 4.410701 92.861847 3.830241
v 3.769854 92.194946 4.363515
v 5.083051 93.02877 3.460832
v 4.238229 92.761772 3.960407
v 4.892531 93.028755 3.57987
v 4.081027 92.635773 4.093088
v 5.547033 92.950516 3.237824
v 4.700931 92.998993 3.703198
v 3.943212 92.486687 4.227667
v 5.377512 93.018723 3.346639
v 4.513233 92.939598 3.830241
v 3.828369 92.317986 4.363515
v 5.195408 93.060249 3.460832
v 4.334334 92.851524 3.960407
v 5.005331 93.073242 3.57987
v 4.1689 92.736557 4.093088
v 4.812146 93.056618 3.703198
v 4.021233 92.597214 4.227667
v 5.488496 93.030128 3.346639
v 4.620833 93.01017 3.830241
v 3.895145 92.436745 4.363515
v 5.30965 93.083992 3.460832
v 4.436341 92.934517 3.960407
v 5.120903 93.109917 3.57987
v 4.263446 92.8311 4.093088
v 4.927034 93.106522 3.703198
v 4.106614 92.702164 4.227667
v 4.732997 93.073242 3.830241
v 3.969869 92.550674 4.363515
v 5.425247 93.099876 3.460832
v 4.543772 93.010345 3.960407
v 5.238709 93.138626 3.57987
v 4.364223 92.918976 4.093088
v 5.045061 93.148468 3.703198
v 4.198958 92.801041 4.227667
v 4.849205 93.128502 3.830241
v 4.052194 92.659233 4.363515
v 5.541658 93.107841 3.460832
v 4.656129 93.078674 3.960407
v 5.358199 93.159233 3.57987
v 4.470763 92.999763 4.093088
v 5.165674 93.182266 3.703198
v 4.297835 92.893387 4.227667
v 4.968912 93.175713 3.830241
v 4.141736 92.761925 4.363515
v 4.772886 93.139175 3.960407
v 5.478817 93.171631 3.57987
v 4.582567 93.073097 4.093088
v 5.288312 93.207748 3.703198
v 4.402783 92.978767 4.227667
v 5.091562 93.214638 3.830241
v 4.238076 92.858261 4.363515
v 4.893499 93.191559 3.960407
v 4.699115 93.138626 4.093088
v 5.412405 93.224808 3.703198
v 4.513313 93.056786 4.227667
v 5.216583 93.245102 3.830241
v 4.340766 92.947807 4.363515
v 5.017407 93.235596 3.960407
v 4.819864 93.196053 4.093088
v 5.537371 93.233353 3.703198
v 4.62891 93.127083 4.227667
v 5.343391 93.266968 3.830241
v 4.449328 93.030128 4.363515
v 5.144031 93.27108 3.960407
v 4.94425 93.245102 4.093088
v 4.749033 93.189323 4.227667
v 5.471395 93.280128 3.830241
v 4.563255 93.104858 4.363515
v 5.272781 93.297829 3.960407
v 5.071692 93.285553 4.093088
v 4.873126 93.243225 4.227667
v 4.682015 93.171631 4.363515
v 5.403056 93.315735 3.960407
v 5.201599 93.317215 4.093088
v 5.000606 93.288536 4.227667
v 4.805055 93.230148 4.363515
v 5.53425 93.324715 3.960407
v 5.333363 93.339928 4.093088
v 5.130882 93.325035 4.227667
v 4.931802 93.280128 4.363515
v 5.46637 93.3536 4.093088
v 5.263344 93.352562 4.227667
v 5.061665 93.321342 4.363515
v 5.397377 93.370987 4.227667
v 5.194036 93.3536 4.363515
v 5.532354 93.380219 4.227667
v 5.328301 93.376755 4.363515
v 5.463833 93.390686 4.363515
v 3.602409 5.6 4.401865
v 3.609631 5.6 4.303966
v 3.621647 5.6 4.206539
v 3.638429 5.6 4.109819
v 3.659937 5.6 4.01404
v 3.686119 5.6 3.919431
v 3.716912 5.6 3.82622
v 3.752241 5.6 3.734633
v 3.792022 5.6 3.64489
v 3.836158 5.6 3.557207
v 3.884543 5.6 3.471795
v 3.937061 5.6 3.38886
v 3.993585 5.6 3.308601
v 4.053979 5.6 3.231213
v 4.118098 5.6 3.156882
v 4.185786 5.6 3.085786
v 4.256882 5.6 3.018098
v 4.331213 5.6 2.953979
v 4.408601 5.6 2.893585
v 4.48886 5.6 2.837061
v 4.571795 5.6 2.784543
v 4.657207 5.6 2.736157
v 4.74489 5.6 2.692021
v 4.834633 5.6 2.652241
v 4.92622 5.6 2.616912
v 5.019431 5.6 2.586119
v 5.114039 5.6 2.559937
v 5.209819 5.6 2.538429
v 5.306539 5.6 2.521647
v 5.403966 5.6 2.50963
v 5.501864 5.6 2.502409
v 5.6 5.6 2.5
v 5.6 3.602409 4.401865
v 5.463595 5.59534 2.504663
v 5.464231 5.586042 2.504663
v 5.4655 5.57681 2.504663
v 5.328301 5.581415 2.518628
v 5.467396 5.567685 2.504663
v 5.330203 5.562917 2.518628
v 5.193325 5.586108 2.541832
v 5.46991 5.558712 2.504663
v 5.333363 5.544592 2.518628
v 5.195221 5.558387 2.541832
v 5.473031 5.54993 2.504663
v 5.337766 5.526525 2.518628
v 5.199005 5.530861 2.541832
v 5.061665 5.563177 2.574165
v 5.476744 5.541382 2.504663
v 5.343391 5.508801 2.518628
v 5.204658 5.503658 2.541832
v 5.065432 5.526525 2.574165
v 5.481031 5.533107 2.504663
v 4.930631 5.577134 2.615478
v 5.350213 5.491502 2.518628
v 5.212154 5.476903 2.541832
v 5.071692 5.490216 2.574165
v 5.485874 5.525145 2.504663
v 4.933752 5.531507 2.615478
v 5.358199 5.474709 2.518628
v 5.221458 5.450723 2.541832
v 5.080416 5.45442 2.574165
v 5.491248 5.517531 2.504663
v 4.93998 5.486201 2.615478
v 5.367313 5.4585 2.518628
v 4.805055 5.545624 2.665577
v 5.232528 5.425238 2.541832
v 5.091562 5.419301 2.574165
v 5.497129 5.510302 2.504663
v 4.949284 5.441425 2.615478
v 5.377512 5.442951 2.518628
v 4.810619 5.491502 2.665577
v 5.245311 5.400568 2.541832
v 4.680407 5.568586 2.72423
v 5.105079 5.385026 2.574165
v 5.50349 5.50349 2.504663
v 4.961623 5.397388 2.615478
v 5.388748 5.428134 2.518628
v 4.819864 5.437886 2.665577
v 5.259748 5.376828 2.541832
v 4.684694 5.505904 2.72423
v 5.120903 5.351752 2.574165
v 5.510302 5.497129 2.504663
v 4.976937 5.354296 2.615478
v 5.400969 5.414118 2.518628
v 4.832746 5.385026 2.665577
v 5.27577 5.354129 2.541832
v 4.693249 5.44366 2.72423
v 5.138961 5.319636 2.574165
v 4.563255 5.529085 2.791161
v 5.517531 5.491248 2.504663
v 4.995157 5.312349 2.615478
v 5.414118 5.400969 2.518628
v 4.849205 5.333167 2.665577
v 5.293305 5.332576 2.541832
v 4.706032 5.382146 2.72423
v 5.159168 5.288827 2.574165
v 4.570511 5.4585 2.791161
v 5.525145 5.485874 2.504663
v 5.016197 5.271744 2.615478
v 4.447312 5.560623 2.86606
v 5.428134 5.388748 2.518628
v 4.869164 5.282553 2.665577
v 5.31227 5.31227 2.541832
v 4.722983 5.321647 2.72423
v 5.181431 5.259469 2.574165
v 4.582567 5.388575 2.791161
v 5.533107 5.481031 2.504663
v 5.039959 5.232669 2.615478
v 4.452686 5.482052 2.86606
v 5.442951 5.377512 2.518628
v 4.892531 5.233419 2.665577
v 5.332576 5.293305 2.541832
v 4.744023 5.262446 2.72423
v 5.205646 5.231699 2.574165
v 4.599367 5.319636 2.791161
v 5.541382 5.476744 2.504663
v 5.066332 5.195307 2.615478
v 4.46341 5.404032 2.86606
v 5.4585 5.367313 2.518628
v 4.919197 5.185994 2.665577
v 4.340766 5.513866 2.948577
v 5.354129 5.27577 2.541832
v 4.769054 5.204819 2.72423
v 5.231699 5.205646 2.574165
v 4.620833 5.252004 2.791161
v 5.54993 5.473031 2.504663
v 5.095194 5.159832 2.615478
v 4.479433 5.326925 2.86606
v 5.474709 5.358199 2.518628
v 4.949037 5.1405 2.665577
v 4.34958 5.428134 2.948577
v 5.376828 5.259748 2.541832
v 4.797959 5.149035 2.72423
v 4.23569 5.553394 3.038328
v 5.259469 5.181431 2.574165
v 4.646863 5.185994 2.791161
v 5.558712 5.46991 2.504663
v 5.126409 5.126409 2.615478
v 4.50068 5.251091 2.86606
v 5.491502 5.350213 2.518628
v 4.981912 5.097148 2.665577
v 4.364223 5.343203 2.948577
v 5.400568 5.245311 2.541832
v 4.830604 5.095353 2.72423
v 4.242051 5.460399 3.038328
v 5.288827 5.159168 2.574165
v 4.677338 5.121915 2.791161
v 5.567685 5.467396 2.504663
v 5.159832 5.095194 2.615478
v 4.527053 5.176885 2.86606
v 5.508801 5.343391 2.518628
v 5.017668 5.05614 2.665577
v 4.384629 5.259469 2.948577
v 5.425238 5.232528 2.541832
v 4.866836 5.044024 2.72423
v 4.254743 5.368054 3.038328
v 5.319636 5.138961 2.574165
v 4.712115 5.060065 2.791161
v 4.141736 5.500252 3.134894
v 5.57681 5.4655 2.504663
v 5.195307 5.066332 2.615478
v 4.558429 5.10465 2.86606
v 5.526525 5.337766 2.518628
v 5.05614 5.017668 2.665577
v 4.410701 5.177323 2.948577
v 5.450723 5.221458 2.541832
v 4.906486 4.995287 2.72423
v 4.273708 5.276792 3.038328
v 5.351752 5.120903 2.574165
v 4.751031 5.000732 2.791161
v 4.151942 5.400969 3.134894
v 5.586042 5.464231 2.504663
v 5.6 5.501864 2.502409
v 5.232669 5.039959 2.615478
v 4.594661 5.034726 2.86606
v 4.049482 5.547033 3.237824
v 5.544592 5.333363 2.518628
v 5.097148 4.981912 2.665577
v 4.442318 5.097148 2.948577
v 5.476903 5.212154 2.541832
v 4.94937 4.94937 2.72423
v 4.298856 5.187036 3.038328
v 5.385026 5.105079 2.574165
v 4.793906 4.944194 2.791161
v 4.1689 5.302614 3.134894
v 5.59534 5.463595 2.504663
v 5.6 5.403966 2.50963
v 5.271744 5.016197 2.615478
v 4.635581 4.967437 2.86606
v 4.056711 5.441345 3.237824
v 5.562917 5.330203 2.518628
v 5.1405 4.949037 2.665577
v 4.479332 5.019317 2.948577
v 5.503658 5.204658 2.541832
v 4.995287 4.906486 2.72423
v 4.330071 5.099205 3.038328
v 5.419301 5.091562 2.574165
v 4.840539 4.890713 2.791161
v 4.192531 5.205646 3.134894
v 5.312349 4.995157 2.615478
v 4.680996 4.903098 2.86606
v 4.071136 5.336397 3.237824
v 5.581415 5.328301 2.518628
v 5.6 5.306539 2.521647
v 5.185994 4.919197 2.665577
v 4.521573 4.944194 2.948577
v 3.969869 5.488496 3.346639
v 5.530861 5.199005 2.541832
v 5.044024 4.866836 2.72423
v 4.367207 5.01371 3.038328
v 5.45442 5.080416 2.574165
v 4.890713 4.840539 2.791161
v 4.222723 5.110516 3.134894
v 5.354296 4.976937 2.615478
v 4.730697 4.842007 2.86606
v 4.092689 5.232678 3.237824
v 5.233419 4.892531 2.665577
v 4.568841 4.872128 2.948577
v 3.981279 5.377512 3.346639
v 5.558387 5.195221 2.541832
v 5.095353 4.830604 2.72423
v 4.410091 4.930947 3.038328
v 3.892157 5.541658 3.460832
v 5.490216 5.071692 2.574165
v 4.944194 4.793906 2.791161
v 4.259338 5.017668 3.134894
v 5.397388 4.961623 2.615478
v 4.784451 4.784451 2.86606
v 4.12127 5.130672 3.237824
v 5.282553 4.869164 2.665577
v 4.620916 4.803456 2.948577
v 4.000236 5.267565 3.346639
v 5.586108 5.193325 2.541832
v 5.6 5.209819 2.538429
v 5.6 5.114039 2.559937
v 5.149035 4.797959 2.72423
v 4.458522 4.851305 3.038328
v 3.90012 5.425247 3.460832
v 5.526525 5.065432 2.574165
v 5.000732 4.751031 2.791161
v 4.302203 4.927536 3.134894
v 5.441425 4.949284 2.615478
v 4.842007 4.730697 2.86606
v 4.156745 5.030854 3.237824
v 5.333167 4.849205 2.665577
v 4.677557 4.738498 2.948577
v 4.026651 5.159168 3.346639
v 5.204819 4.769054 2.72423
v 4.512276 4.775153 3.038328
v 3.916008 5.30965 3.460832
v 5.563177 5.061665 2.574165
v 5.6 5.019431 2.586119
v 5.060065 4.712115 2.791161
v 4.351119 4.840539 3.134894
v 3.828369 5.478817 3.57987
v 5.486201 4.93998 2.615478
v 4.903098 4.680996 2.86606
v 4.198949 4.93369 3.237824
v 5.385026 4.832746 2.665577
v 4.738498 4.677557 2.948577
v 4.060402 5.052827 3.346639
v 5.262446 4.744023 2.72423
v 4.571102 4.702847 3.038328
v 3.939749 5.195408 3.460832
v 5.121915 4.677338 2.791161
v 4.405858 4.757082 3.134894
v 3.840769 5.358199 3.57987
v 5.531507 4.933752 2.615478
v 4.967437 4.635581 2.86606
v 4.247686 4.839632 3.237824
v 3.766647 5.537371 3.703198
v 5.437886 4.819864 2.665577
v 4.803456 4.620916 2.948577
v 4.101332 4.949037 3.346639
v 5.321647 4.722983 2.72423
v 4.634724 4.634724 3.038328
v 3.971229 5.083051 3.460832
v 5.185994 4.646863 2.791161
v 4.466165 4.677557 3.134894
v 3.861372 5.238709 3.57987
v 5.577134 4.930631 2.615478
v 5.6 4.92622 2.616912
v 5.6 4.834633 2.652241
v 5.034726 4.594661 2.86606
v 4.302728 4.749119 3.237824
v 3.775195 5.412405 3.703198
v 5.491502 4.810619 2.665577
v 4.872128 4.568841 2.948577
v 4.149249 4.848281 3.346639
v 5.382146 4.706032 2.72423
v 4.702847 4.571102 3.038328
v 4.010304 4.973105 3.460832
v 5.252004 4.620833 2.791161
v 4.531757 4.602331 3.134894
v 3.89008 5.120903 3.57987
v 5.10465 4.558429 2.86606
v 4.363819 4.662574 3.237824
v 3.792251 5.288312 3.703198
v 5.545624 4.805055 2.665577
v 5.6 4.74489 2.692021
v 4.944194 4.521573 2.948577
v 4.20393 4.751031 3.346639
v 3.719872 5.471395 3.830241
v 5.44366 4.693249 2.72423
v 4.775153 4.512276 3.038328
v 4.056791 4.866082 3.460832
v 5.319636 4.599367 2.791161
v 4.602331 4.531757 3.134894
v 3.926761 5.005331 3.57987
v 5.176885 4.527053 2.86606
v 4.430673 4.5804 3.237824
v 3.817735 5.165674 3.703198
v 5.019317 4.479332 2.948577
v 4.265121 4.657739 3.346639
v 3.733031 5.343391 3.830241
v 5.505904 4.684694 2.72423
v 4.851305 4.458522 3.038328
v 4.110473 4.762481 3.460832
v 3.675288 5.53425 3.960407
v 5.388575 4.582567 2.791161
v 4.677557 4.466165 3.134894
v 3.971243 4.892531 3.57987
v 5.251091 4.50068 2.86606
v 4.502979 4.502979 3.237824
v 3.85153 5.045061 3.703198
v 5.097148 4.442318 2.948577
v 4.332534 4.568841 3.346639
v 3.754895 5.216583 3.830241
v 5.568586 4.680407 2.72423
v 5.6 4.657207 2.736157
v 4.930947 4.410091 3.038328
v 4.1711 4.662784 3.460832
v 3.684262 5.403056 3.960407
v 5.4585 4.570511 2.791161
v 4.757082 4.405858 3.134894
v 4.02332 4.78303 3.57987
v 5.326925 4.479433 2.86606
v 4.5804 4.430673 3.237824
v 3.893476 4.927034 3.703198
v 5.177323 4.410701 2.948577
v 4.405858 4.484749 3.346639
v 3.785361 5.091562 3.830241
v 5.01371 4.367207 3.038328
v 4.238389 4.567457 3.460832
v 3.702168 5.272781 3.960407
v 5.529085 4.563255 2.791161
v 5.6 4.571795 2.784543
v 5.6 4.48886 2.837061
v 4.840539 4.351119 3.134894
v 4.082747 4.677338 3.57987
v 3.646397 5.46637 4.093088
v 5.404032 4.46341 2.86606
v 4.662574 4.363819 3.237824
v 3.943379 4.812146 3.703198
v 5.259469 4.384629 2.948577
v 4.484749 4.405858 3.346639
v 3.824289 4.968912 3.830241
v 5.099205 4.330071 3.038328
v 4.312026 4.476945 3.460832
v 3.728923 5.144031 3.960407
v 4.927536 4.302203 3.134894
v 4.149249 4.575948 3.57987
v 3.66007 5.333363 4.093088
v 5.482052 4.452686 2.86606
v 4.749119 4.302728 3.237824
v 4.001006 4.700931 3.703198
v 3.619783 5.532354 4.227667
v 5.343203 4.364223 2.948577
v 4.568841 4.332534 3.346639
v 3.871495 4.849205 3.830241
v 5.187036 4.298856 3.038328
v 4.391668 4.391668 3.460832
v 3.764401 5.017407 3.960407
v 5.017668 4.259338 3.134894
v 4.222515 4.479332 3.57987
v 3.682789 5.201599 4.093088
v 5.560623 4.447312 2.86606
v 5.6 4.408601 2.893585
v 4.839632 4.247686 3.237824
v 4.066089 4.593907 3.703198
v 3.629016 5.397377 4.227667
v 5.428134 4.34958 2.948577
v 4.657739 4.265121 3.346639
v 3.926761 4.732997 3.830241
v 5.276792 4.273708 3.038328
v 4.476945 4.312026 3.460832
v 3.808438 4.893499 3.960407
v 5.110516 4.222723 3.134894
v 4.302203 4.387942 3.57987
v 3.714446 5.071692 4.093088
v 4.93369 4.198949 3.237824
v 4.138323 4.491575 3.703198
v 3.647438 5.263344 4.227667
v 5.513866 4.340766 2.948577
v 5.6 4.331213 2.953979
v 5.6 4.256882 3.018098
v 4.751031 4.20393 3.346639
v 3.989828 4.620833 3.830241
v 3.609314 5.463833 4.363515
v 5.368054 4.254743 3.038328
v 4.567457 4.238389 3.460832
v 3.860827 4.772886 3.960407
v 5.205646 4.192531 3.134894
v 4.387942 4.302203 3.57987
v 3.754895 4.94425 4.093088
v 5.030854 4.156745 3.237824
v 4.217372 4.394411 3.703198
v 3.674964 5.130882 4.227667
v 4.848281 4.149249 3.346639
v 4.060402 4.513233 3.830241
v 3.623247 5.328301 4.363515
v 5.460399 4.242051 3.038328
v 4.662784 4.1711 3.460832
v 3.921326 4.656129 3.960407
v 5.302614 4.1689 3.134894
v 4.479332 4.222515 3.57987
v 3.803946 4.819864 4.093088
v 5.130672 4.12127 3.237824
v 4.302867 4.302867 3.703198
v 3.711466 5.000606 4.227667
v 4.949037 4.101332 3.346639
v 4.138155 4.410701 3.830241
v 3.646397 5.194036 4.363515
v 5.553394 4.23569 3.038328
v 5.6 4.185786 3.085786
v 4.762481 4.110473 3.460832
v 3.989651 4.543772 3.960407
v 5.400969 4.151942 3.134894
v 4.575948 4.149249 3.57987
v 3.861372 4.699115 4.093088
v 5.232678 4.092689 3.237824
v 4.394411 4.217372 3.703198
v 3.756773 4.873126 4.227667
v 5.052827 4.060402 3.346639
v 4.222723 4.313714 3.830241
v 3.678655 5.061665 4.363515
v 4.866082 4.056791 3.460832
v 4.065485 4.436341 3.960407
v 5.500252 4.141736 3.134894
v 5.6 4.118098 3.156882
v 4.677338 4.082747 3.57987
v 3.926903 4.582567 4.093088
v 5.336397 4.071136 3.237824
v 4.491575 4.138323 3.703198
v 3.810673 4.749033 4.227667
v 5.159168 4.026651 3.346639
v 4.313714 4.222723 3.830241
v 3.719872 4.931802 4.363515
v 4.973105 4.010304 3.460832
v 4.148473 4.334334 3.960407
v 4.78303 4.02332 3.57987
v 4.000236 4.470763 4.093088
v 5.441345 4.056711 3.237824
v 4.593907 4.066089 3.703198
v 3.872916 4.62891 4.227667
v 5.267565 4.000236 3.346639
v 4.410701 4.138155 3.830241
v 3.769854 4.805055 4.363515
v 5.083051 3.971229 3.460832
v 4.238229 4.238229 3.960407
v 4.892531 3.971243 3.57987
v 4.081027 4.364223 4.093088
v 5.547033 4.049482 3.237824
v 5.6 4.053979 3.231213
v 5.6 3.993585 3.308601
v 4.700931 4.001006 3.703198
v 3.943212 4.513313 4.227667
v 5.377512 3.981279 3.346639
v 4.513233 4.060402 3.830241
v 3.828369 4.682015 4.363515
v 5.195408 3.939749 3.460832
v 4.334334 4.148473 3.960407
v 5.005331 3.926761 3.57987
v 4.1689 4.263446 4.093088
v 4.812146 3.943379 3.703198
v 4.021233 4.402783 4.227667
v 5.488496 3.969869 3.346639
v 5.6 3.937061 3.38886
v 4.620833 3.989828 3.830241
v 3.895145 4.563255 4.363515
v 5.30965 3.916008 3.460832
v 4.436341 4.065485 3.960407
v 5.120903 3.89008 3.57987
v 4.263446 4.1689 4.093088
v 4.927034 3.893476 3.703198
v 4.106614 4.297835 4.227667
v 4.732997 3.926761 3.830241
v 3.969869 4.449328 4.363515
v 5.425247 3.90012 3.460832
v 4.543772 3.989651 3.960407
v 5.238709 3.861372 3.57987
v 4.364223 4.081027 4.093088
v 5.045061 3.85153 3.703198
v 4.198958 4.198958 4.227667
v 4.849205 3.871495 3.830241
v 4.052194 4.340766 4.363515
v 5.541658 3.892157 3.460832
v 5.6 3.884543 3.471795
v 5.6 3.836158 3.557207
v 4.656129 3.921326 3.960407
v 5.358199 3.840769 3.57987
v 4.470763 4.000236 4.093088
v 5.165674 3.817735 3.703198
v 4.297835 4.106614 4.227667
v 4.968912 3.824289 3.830241
v 4.141736 4.238076 4.363515
v 4.772886 3.860827 3.960407
v 5.478817 3.828369 3.57987
v 5.6 3.792022 3.64489
v 4.582567 3.926903 4.093088
v 5.288312 3.792251 3.703198
v 4.402783 4.021233 4.227667
v 5.091562 3.785361 3.830241
v 4.238076 4.141736 4.363515
v 4.893499 3.808438 3.960407
v 4.699115 3.861372 4.093088
v 5.412405 3.775195 3.703198
v 4.513313 3.943212 4.227667
v 5.216583 3.754895 3.830241
v 4.340766 4.052194 4.363515
v 5.017407 3.764401 3.960407
v 4.819864 3.803946 4.093088
v 5.537371 3.766647 3.703198
v 5.6 3.752241 3.734633
v 4.62891 3.872916 4.227667
v 5.343391 3.733031 3.830241
v 4.449328 3.969869 4.363515
v 5.144031 3.728923 3.960407
v 4.94425 3.754895 4.093088
v 4.749033 3.810673 4.227667
v 5.471395 3.719872 3.830241
v 5.6 3.716912 3.82622
v 5.6 3.686119 3.919431
v 4.563255 3.895145 4.363515
v 5.272781 3.702168 3.960407
v 5.071692 3.714446 4.093088
v 4.873126 3.756773 4.227667
v 4.682015 3.828369 4.363515
v 5.403056 3.684262 3.960407
v 5.201599 3.682789 4.093088
v 5.000606 3.711466 4.227667
v 4.805055 3.769854 4.363515
v 5.53425 3.675288 3.960407
v 5.6 3.659937 4.01404
v 5.333363 3.66007 4.093088
v 5.130882 3.674964 4.227667
v 4.931802 3.719872 4.363515
v 5.46637 3.646397 4.093088
v 5.6 3.638429 4.109819
v 5.6 3.621647 4.206539
v 5.263344 3.647438 4.227667
v 5.061665 3.678655 4.363515
v 5.397377 3.629016 4.227667
v 5.194036 3.646397 4.363515
v 5.532354 3.619783 4.227667
v 5.6 3.609631 4.303966
v 5.328301 3.623247 4.363515
v 5.463833 3.609314 4.363515
v 19.799999 26.049999 2.5
v 19.799999 37.275002 2.5
v 52.200001 26.049999 2.5
v 19.799999 59.724998 2.5
v 52.200001 37.275002 2.5
v 19.799999 70.949997 2.5
v 52.200001 59.724998 2.5
v 52.200001 70.949997 2.5
v 52.200001 26.049999 3.0
v 19.799999 26.049999 3.0
v 19.799999 37.275002 3.0
v 52.200001 37.275002 3.0
v 52.200001 59.724998 3.0
v 19.799999 59.724998 3.0
v 52.200001 70.949997 3.0
v 19.799999 70.949997 3.0
vn -1.0 0.0 0.0
vn -1.0 0.0 0.0
vn -0.0 -1.0 0.0
vn 0.0 -1.0 0.0
vn 0.0 -1.0 0.0
vn -0.0 -1.0 0.0
vn -0.0 -1.0 0.0
vn 0.0 -1.0 0.0
vn -0.0 -1.0 0.0
vn 0.0 -1.0 0.0
vn -0.0 -1.0 0.0
vn 0.0 -1.0 0.0
vn -0.0 -1.0 0.0
vn 0.0 -1.0 0.0
vn -0.0 -1.0 0.0
vn 0.0 -1.0 0.0
vn -0.0 -1.0 0.0
vn 0.0 -1.0 0.0
vn -0.0 -1.0 0.0
vn 0.0 -1.0 0.0
vn -0.0 -1.0 0.0
vn 0.0 -1.0 0.0
vn -0.0 -1.0 0.0
vn 0.0 -1.0 0.0
vn -0.0 -1.0 0.0
vn 0.0 -1.0 0.0
vn -0.0 -1.0 0.0
vn 0.0 -1.0 0.0
vn -0.0 -1.0 0.0
vn 0.0 -1.0 0.0
vn -0.0 -1.0 0.0
vn 0.0 -1.0 0.0
vn -0.0 -1.0 0.0
vn 0.0 -1.0 0.0
vn 0.0 -1.0 0.0
vn 0.0 -1.0 0.0
vn 0.0 -1.0 0.0
vn 0.0 -1.0 0.0
vn 0.0 -1.0 0.0
vn 0.0 -1.0 0.0
vn 0.0 -1.0 0.0
vn 0.0 -1.0 0.0
vn 0.0 -1.0 0.0
vn 0.0 -1.0 0.0
vn 0.0 -1.0 0.0
vn 0.0 -1.0 0.0
vn 0.0 -1.0 0.0
vn 0.0 -1.0 0.0
vn 0.0 -1.0 0.0
vn 0.0 -1.0 0.0
vn 0.0 -1.0 0.0
vn 0.0 -1.0 0.0
vn 0.0 -1.0 0.0
vn 0.0 -1.0 0.0
vn 0.0 -1.0 0.0
vn 0.0 -1.0 0.0
vn 0.0 -1.0 0.0
vn 0.0 -1.0 0.0
vn 0.0 -1.0 0.0
vn 0.0 -1.0 0.0
vn 0.0 -1.0 0.0
vn 0.0 -1.0 0.0
vn 0.0 -1.0 0.0
vn 0.0 -1.0 0.0
vn 0.0 -1.0 0.0
vn 0.0 -1.0 0.0
vn 0.0 -1.0 0.0
vn 0.0 -1.0 0.0
vn 0.0 -1.0 0.0
vn 0.0 -1.0 0.0
vn 0.0 -1.0 0.0
vn 0.0 -1.0 0.0
vn 0.0 0.0 1.0
vn 0.0 0.0 1.0
vn 0.0 0.0 1.0
vn 0.0 0.0 1.0
vn 0.0 0.0 1.0
vn 0.0 0.0 1.0
vn 0.0 0.0 1.0
vn 0.0 0.0 1.0
vn 0.0 0.0 1.0
vn 0.0 0.0 1.0
vn 0.0 0.0 1.0
vn 0.0 0.0 1.0
vn 0.0 0.0 1.0
vn 0.0 0.0 1.0
vn 0.0 0.0 1.0
vn 0.0 0.0 1.0
vn 0.0 0.0 1.0
vn 0.0 0.0 1.0
vn 0.0 0.0 1.0
vn 0.0 0.0 1.0
vn 0.0 0.0 1.0
vn 0.0 0.0 1.0
vn 0.0 0.0 1.0
vn 0.0 0.0 1.0
vn 0.0 0.0 1.0
vn 0.0 0.0 1.0
vn 0.0 0.0 1.0
vn 0.0 0.0 1.0
vn 0.0 0.0 1.0
vn 0.0 0.0 1.0
vn 0.0 0.0 1.0
vn 0.0 0.0 1.0
vn 0.0 0.0 1.0
vn 0.0 0.0 1.0
vn 0.0 0.0 1.0
vn 0.0 0.0 1.0
vn 0.0 0.0 1.0
vn 0.0 0.0 1.0
vn 0.0 0.0 1.0
vn 0.0 0.0 1.0
vn 0.0 0.0 1.0
vn 0.0 0.0 1.0
vn 0.0 0.0 1.0
vn 0.0 0.0 1.0
vn 0.0 0.0 1.0
vn 0.0 0.0 1.0
vn 0.0 0.0 1.0
vn 0.0 0.0 1.0
vn 0.0 0.0 1.0
vn 0.0 0.0 1.0
vn 0.0 0.0 1.0
vn 0.0 0.0 1.0
vn 0.0 0.0 1.0
vn 0.0 0.0 1.0
vn 0.0 0.0 1.0
vn 0.0 0.0 1.0
vn 0.0 0.0 1.0
vn 0.0 0.0 1.0
vn 0.0 0.0 1.0
vn 0.0 0.0 1.0
vn 0.0 0.0 1.0
vn 0.0 0.0 1.0
vn 0.0 0.0 1.0
vn 0.0 0.0 1.0
vn 0.0 0.0 1.0
vn 0.0 0.0 1.0
vn 0.0 0.0 1.0
vn 0.0 0.0 1.0
vn 0.0 0.0 1.0
vn 0.0 0.0 1.0
vn 0.0 0.0 1.0
vn 0.0 0.0 1.0
vn 0.0 0.0 1.0
vn 0.0 0.0 1.0
vn 0.0 0.0 1.0
vn 0.0 0.0 1.0
vn 0.0 0.0 1.0
vn 0.0 0.0 1.0
vn 0.0 0.0 1.0
vn 0.0 0.0 1.0
vn 0.0 0.0 1.0
vn 0.0 0.0 1.0
vn 0.0 0.0 1.0
vn 0.0 0.0 1.0
vn 0.0 0.0 1.0
vn 0.0 0.0 1.0
vn 0.0 0.0 1.0
vn 0.0 0.0 1.0
vn 0.0 0.0 1.0
vn 0.0 0.0 1.0
vn 0.0 0.0 1.0
vn 0.0 0.0 1.0
vn 0.0 0.0 1.0
vn 0.0 0.0 1.0
vn 0.0 0.0 1.0
vn 0.0 0.0 1.0
vn 0.0 0.0 1.0
vn 0.0 0.0 1.0
vn 0.0 0.0 1.0
vn 0.0 0.0 1.0
vn 0.0 0.0 1.0
vn 0.0 0.0 1.0
vn 0.0 0.0 1.0
vn 0.0 0.0 1.0
vn 0.0 0.0 1.0
vn 0.0 0.0 1.0
vn 0.0 0.0 1.0
vn 0.0 0.0 1.0
vn 0.0 0.0 1.0
vn 0.0 0.0 1.0
vn 0.0 0.0 1.0
vn 0.0 0.0 1.0
vn 0.0 0.0 1.0
vn 0.0 0.0 1.0
vn 0.0 0.0 1.0
vn 0.0 0.0 1.0
vn 0.0 0.0 1.0
vn 0.0 0.0 1.0
vn 0.0 0.0 1.0
vn 0.0 0.0 1.0
vn 0.0 0.0 1.0
vn 0.0 0.0 1.0
vn 0.0 0.0 1.0
vn 0.0 0.0 1.0
vn 0.0 0.0 1.0
vn 0.0 0.0 1.0
vn 0.0 0.0 1.0
vn 0.0 0.0 1.0
vn 0.0 0.0 1.0
vn 0.0 0.0 1.0
vn 0.0 0.0 1.0
vn 0.0 0.0 1.0
vn 0.0 0.0 1.0
vn 0.0 0.0 1.0
vn 0.0 0.0 1.0
vn 0.0 0.0 1.0
vn 0.0 0.0 1.0
vn 0.0 0.0 1.0
vn 0.0 0.0 1.0
vn 0.0 0.0 1.0
vn 0.0 0.0 1.0
vn 0.0 0.0 1.0
vn 0.0 0.0 1.0
vn 0.0 0.0 1.0
vn 0.0 0.0 1.0
vn 0.0 0.0 1.0
vn 0.0 0.0 1.0
vn 0.0 0.0 1.0
vn 0.0 0.0 1.0
vn 0.0 0.0 1.0
vn 0.0 0.0 1.0
vn 0.0 0.0 1.0
vn 0.0 0.0 1.0
vn 0.0 0.0 1.0
vn 0.0 0.0 1.0
vn 0.0 0.0 1.0
vn 0.0 0.0 1.0
vn 0.0 0.0 1.0
vn 0.0 0.0 1.0
vn 0.0 0.0 1.0
vn 0.0 0.0 1.0
vn 0.0 0.0 1.0
vn 0.0 0.0 1.0
vn 0.0 0.0 1.0
vn 0.0 0.0 1.0
vn 0.0 0.0 1.0
vn 0.0 0.0 1.0
vn 0.0 0.0 1.0
vn 0.0 0.0 1.0
vn 0.0 0.0 1.0
vn 0.0 0.0 1.0
vn 0.0 0.0 1.0
vn 0.0 0.0 1.0
vn 0.0 0.0 1.0
vn 0.0 0.0 1.0
vn 0.0 0.0 1.0
vn 0.0 0.0 1.0
vn 0.0 0.0 1.0
vn 0.0 0.0 1.0
vn 0.0 0.0 1.0
vn 0.0 0.0 1.0
vn 0.0 0.0 1.0
vn 0.0 0.0 1.0
vn 0.0 0.0 1.0
vn 0.0 0.0 1.0
vn 0.0 0.0 1.0
vn 0.0 0.0 1.0
vn 0.0 0.0 1.0
vn 0.0 0.0 1.0
vn 0.0 0.0 1.0
vn 0.0 0.0 1.0
vn 0.0 0.0 1.0
vn 0.0 0.0 1.0
vn 0.0 0.0 1.0
vn 0.0 0.0 1.0
vn 0.0 0.0 1.0
vn 0.0 0.0 1.0
vn 0.0 0.0 1.0
vn 0.0 0.0 1.0
vn 0.0 0.0 1.0
vn 0.0 0.0 1.0
vn 0.0 -0.0 1.0
vn 0.0 1.0 0.0
vn 0.0 1.0 0.0
vn 0.0 1.0 0.0
vn 0.0 1.0 0.0
vn 0.0 1.0 0.0
vn 0.0 1.0 0.0
vn 0.0 1.0 0.0
vn 0.0 1.0 0.0
vn 0.0 1.0 0.0
vn 0.0 1.0 0.0
vn 0.0 0.0 -1.0
vn 0.0 -0.0 -1.0
vn 0.0 0.0 -1.0
vn 0.0 -0.0 -1.0
vn 0.0 0.0 -1.0
vn 0.0 -0.0 -1.0
vn 0.0 0.0 -1.0
vn 0.0 -0.0 -1.0
vn 0.0 0.0 -1.0
vn 0.0 -0.0 -1.0
vn 0.0 0.0 -1.0
vn 0.0 -0.0 -1.0
vn 0.0 0.0 -1.0
vn 0.0 -0.0 -1.0
vn 0.0 0.0 -1.0
vn 0.0 -0.0 -1.0
vn 0.0 0.0 -1.0
vn 0.0 -0.0 -1.0
vn 0.0 0.0 -1.0
vn 0.0 -0.0 -1.0
vn 0.0 0.0 -1.0
vn 0.0 -0.0 -1.0
vn 0.0 0.0 -1.0
vn 0.0 -0.0 -1.0
vn 0.0 0.0 -1.0
vn 0.0 -0.0 -1.0
vn 0.0 0.0 -1.0
vn 0.0 -0.0 -1.0
vn 0.0 0.0 -1.0
vn 0.0 -0.0 -1.0
vn 0.0 0.0 -1.0
vn 0.0 -0.0 -1.0
vn 0.0 0.0 -1.0
vn 0.0 -0.0 -1.0
vn 0.0 0.0 -1.0
vn 0.0 -0.0 -1.0
vn 0.0 0.0 -1.0
vn 0.0 -0.0 -1.0
vn 0.0 0.0 -1.0
vn 0.0 -0.0 -1.0
vn 0.0 0.0 -1.0
vn 0.0 -0.0 -1.0
vn 0.0 0.0 -1.0
vn 0.0 -0.0 -1.0
vn 0.0 0.0 -1.0
vn 0.0 -0.0 -1.0
vn 0.0 0.0 -1.0
vn 0.0 -0.0 -1.0
vn -0.0 -0.0 -1.0
vn 0.0 -0.0 -1.0
vn 0.0 0.0 -1.0
vn 0.0 -0.0 -1.0
vn 0.0 -0.0 -1.0
vn 0.0 -0.0 -1.0
vn -0.0 -0.0 -1.0
vn 0.0 0.0 -1.0
vn 0.0 -0.0 -1.0
vn 0.0 -0.0 -1.0
vn 0.0 0.0 -1.0
vn 0.0 -0.0 -1.0
vn -0.0 -0.0 -1.0
vn 0.0 -0.0 -1.0
vn 0.0 -0.0 -1.0
vn 0.0 0.0 -1.0
vn -0.0 -0.0 -1.0
vn 0.0 -0.0 -1.0
vn 0.0 -0.0 -1.0
vn 0.0 0.0 -1.0
vn -0.0 -0.0 -1.0
vn 0.0 -0.0 -1.0
vn 0.0 -0.0 -1.0
vn 0.0 0.0 -1.0
vn -0.0 -0.0 -1.0
vn 0.0 -0.0 -1.0
vn 0.0 -0.0 -1.0
vn 0.0 0.0 -1.0
vn -0.0 -0.0 -1.0
vn 0.0 -0.0 -1.0
vn 0.0 -0.0 -1.0
vn 0.0 -0.0 -1.0
vn 0.0 0.0 -1.0
vn 0.0 0.0 -1.0
vn 0.0 -0.0 -1.0
vn 0.0 -0.0 -1.0
vn 0.0 0.0 -1.0
vn 0.0 0.0 -1.0
vn 0.0 -0.0 -1.0
vn 0.0 0.0 -1.0
vn 0.0 -0.0 -1.0
vn 0.0 -0.0 -1.0
vn 0.0 0.0 -1.0
vn 0.0 0.0 -1.0
vn 0.0 -0.0 -1.0
vn 0.0 0.0 -1.0
vn 0.0 0.0 -1.0
vn 0.0 0.0 -1.0
vn 0.0 0.0 -1.0
vn 0.0 0.0 -1.0
vn 0.0 0.0 -1.0
vn 0.0 0.0 -1.0
vn 0.0 0.0 -1.0
vn 0.0 0.0 -1.0
vn 0.0 0.0 -1.0
vn 0.0 0.0 -1.0
vn 0.0 0.0 -1.0
vn 0.0 0.0 -1.0
vn 0.0 0.0 -1.0
vn 0.0 0.0 -1.0
vn 0.0 0.0 -1.0
vn 0.0 0.0 -1.0
vn 0.0 0.0 -1.0
vn 0.0 0.0 -1.0
vn 0.0 0.0 -1.0
vn 0.0 0.0 -1.0
vn 0.0 0.0 -1.0
vn 0.0 0.0 -1.0
vn 0.0 0.0 -1.0
vn 0.0 0.0 -1.0
vn 0.0 0.0 -1.0
vn 0.0 0.0 -1.0
vn 0.0 0.0 -1.0
vn 0.0 0.0 -1.0
vn 0.0 0.0 -1.0
vn 0.0 0.0 -1.0
vn -0.0 -0.0 -1.0
vn -0.0 -0.0 -1.0
vn -0.0 -0.0 -1.0
vn -0.0 -0.0 -1.0
vn -0.0 -0.0 -1.0
vn -0.0 -0.0 -1.0
vn -0.0 -0.0 -1.0
vn 0.0 -0.0 -1.0
vn 0.0 -0.0 -1.0
vn 0.0 -0.0 -1.0
vn 0.0 -0.0 -1.0
vn 0.0 -0.0 -1.0
vn 0.0 -0.0 -1.0
vn 0.0 -0.0 -1.0
vn 0.0 -0.0 -1.0
vn 0.0 -0.0 -1.0
vn 0.0 -0.0 -1.0
vn 0.0 -0.0 -1.0
vn 0.0 -0.0 -1.0
vn 0.0 -0.0 -1.0
vn 0.0 -0.0 -1.0
vn 0.0 -0.0 -1.0
vn 0.0 -0.0 -1.0
vn -0.0 -0.0 -1.0
vn -0.0 -0.0 -1.0
vn 0.0 0.0 -1.0
vn 0.0 0.0 -1.0
vn 0.0 0.0 -1.0
vn 0.0 0.0 -1.0
vn 0.0 0.0 -1.0
vn 0.0 0.0 -1.0
vn 0.0 0.0 -1.0
vn 0.0 0.0 -1.0
vn 0.0 0.0 -1.0
vn 0.0 0.0 -1.0
vn 0.0 0.0 -1.0
vn 0.0 0.0 -1.0
vn 0.0 0.0 -1.0
vn 0.0 0.0 -1.0
vn 0.0 0.0 -1.0
vn 0.0 0.0 -1.0
vn 0.0 0.0 -1.0
vn 0.0 0.0 -1.0
vn 0.0 0.0 -1.0
vn 0.0 0.0 -1.0
vn 0.0 0.0 -1.0
vn 0.0 0.0 -1.0
vn 0.0 0.0 -1.0
vn 0.0 0.0 -1.0
vn 0.0 0.0 -1.0
vn 0.0 0.0 -1.0
vn 0.0 0.0 -1.0
vn 0.0 0.0 -1.0
vn 0.0 0.0 -1.0
vn 0.0 0.0 -1.0
vn 0.0 0.0 -1.0
vn 0.0 0.0 -1.0
vn 0.0 0.0 -1.0
vn 0.0 0.0 -1.0
vn 0.0 0.0 -1.0
vn 0.0 0.0 -1.0
vn 0.0 0.0 -1.0
vn 0.0 0.0 -1.0
vn 0.0 0.0 -1.0
vn 0.0 0.0 -1.0
vn 0.0 0.0 -1.0
vn 0.0 0.0 -1.0
vn 0.0 0.0 -1.0
vn 0.0 0.0 -1.0
vn 0.0 0.0 -1.0
vn 0.0 0.0 -1.0
vn 0.0 0.0 -1.0
vn 0.0 0.0 -1.0
vn 0.0 0.0 -1.0
vn 0.0 0.0 -1.0
vn 0.0 0.0 -1.0
vn 0.0 0.0 -1.0
vn 0.0 0.0 -1.0
vn 0.0 0.0 -1.0
vn 0.0 0.0 -1.0
vn 0.0 0.0 -1.0
vn 0.0 0.0 -1.0
vn 0.0 0.0 -1.0
vn 0.0 0.0 -1.0
vn 0.0 0.0 -1.0
vn 0.0 0.0 -1.0
vn 0.0 0.0 -1.0
vn 0.0 0.0 -1.0
vn 0.0 0.0 -1.0
vn 0.0 0.0 -1.0
vn 0.0 0.0 -1.0
vn 0.0 0.0 -1.0
vn 0.0 0.0 -1.0
vn 0.0 0.0 -1.0
vn 0.0 0.0 -1.0
vn 0.0 0.0 -1.0
vn 0.0 0.0 -1.0
vn 0.0 0.0 -1.0
vn 0.0 0.0 -1.0
vn 0.0 0.0 -1.0
vn 0.0 0.0 -1.0
vn 0.0 0.0 -1.0
vn 0.0 0.0 -1.0
vn 0.0 0.0 -1.0
vn 0.0 0.0 -1.0
vn 0.0 0.0 -1.0
vn 0.0 0.0 -1.0
vn 0.0 0.0 -1.0
vn 0.0 0.0 -1.0
vn 0.0 0.0 -1.0
vn 0.0 0.0 -1.0
vn 0.0 0.0 -1.0
vn 0.0 0.0 -1.0
vn 0.0 0.0 -1.0
vn 0.0 0.0 -1.0
vn 0.0 0.0 -1.0
vn 0.0 0.0 -1.0
vn 0.0 0.0 -1.0
vn 0.0 0.0 -1.0
vn 0.0 0.0 -1.0
vn 0.0 0.0 -1.0
vn 0.0 0.0 -1.0
vn 0.0 0.0 -1.0
vn 0.0 0.0 -1.0
vn 0.0 0.0 -1.0
vn 0.0 0.0 -1.0
vn 0.0 0.0 -1.0
vn 0.0 0.0 -1.0
vn 0.0 0.0 -1.0
vn 0.0 0.0 -1.0
vn 0.0 0.0 -1.0
vn 0.0 0.0 -1.0
vn 0.0 0.0 -1.0
vn 0.0 0.0 -1.0
vn 0.0 0.0 -1.0
vn 0.0 0.0 -1.0
vn 0.0 0.0 -1.0
vn 0.0 0.0 -1.0
vn 0.0 0.0 -1.0
vn 0.0 0.0 -1.0
vn 0.0 0.0 -1.0
vn 0.0 0.0 -1.0
vn 0.0 0.0 -1.0
vn 0.0 0.0 -1.0
vn 0.0 0.0 -1.0
vn 0.0 0.0 -1.0
vn 0.0 0.0 -1.0
vn 0.0 0.0 -1.0
vn 0.0 0.0 -1.0
vn 0.0 0.0 -1.0
vn 0.0 0.0 -1.0
vn 0.0 0.0 -1.0
vn 0.0 0.0 -1.0
vn 0.0 0.0 -1.0
vn 0.0 -0.0 -1.0
vn 0.0 -0.0 -1.0
vn 0.0 -0.0 -1.0
vn 0.0 0.0 -1.0
vn 0.0 -0.0 -1.0
vn 0.0 -0.0 -1.0
vn 0.0 -0.0 -1.0
vn 0.0 0.0 -1.0
vn 0.0 -0.0 -1.0
vn 0.0 -0.0 -1.0
vn 0.0 -0.0 -1.0
vn 0.0 0.0 -1.0
vn 0.0 -0.0 -1.0
vn 0.0 0.0 -1.0
vn 0.0 -0.0 -1.0
vn 0.0 -0.0 -1.0
vn 0.0 0.0 -1.0
vn 0.0 -0.0 -1.0
vn 0.0 0.0 -1.0
vn 0.0 0.0 -1.0
vn 0.0 0.0 -1.0
vn 0.0 -0.0 -1.0
vn 0.0 0.0 -1.0
vn 0.0 0.0 -1.0
vn 0.0 0.0 -1.0
vn 0.0 -0.0 -1.0
vn 0.0 0.0 -1.0
vn 0.0 0.0 -1.0
vn 0.0 0.0 -1.0
vn 0.0 -0.0 -1.0
vn 0.0 0.0 -1.0
vn 0.0 0.0 -1.0
vn 0.0 0.0 -1.0
vn 0.0 -0.0 -1.0
vn 0.0 0.0 -1.0
vn 0.0 0.0 -1.0
vn 0.0 0.0 -1.0
vn 0.0 -0.0 -1.0
vn 0.0 0.0 -1.0
vn 0.0 0.0 -1.0
vn 0.0 -0.0 -1.0
vn 0.0 0.0 -1.0
vn 0.0 0.0 -1.0
vn 0.0 0.0 -1.0
vn 0.0 0.0 -1.0
vn 0.0 -0.0 -1.0
vn 0.0 0.0 -1.0
vn 0.0 0.0 -1.0
vn 0.0 0.0 -1.0
vn 0.0 -0.0 -1.0
vn 0.0 0.0 -1.0
vn 0.0 0.0 -1.0
vn 0.0 0.0 -1.0
vn 0.0 -0.0 -1.0
vn 0.0 0.0 -1.0
vn 0.0 0.0 -1.0
vn 0.0 0.0 -1.0
vn 0.0 -0.0 -1.0
vn 0.0 0.0 -1.0
vn 0.0 0.0 -1.0
vn 0.0 0.0 -1.0
vn 0.0 -0.0 -1.0
vn 0.0 0.0 -1.0
vn 0.0 0.0 -1.0
vn 0.0 0.0 -1.0
vn 0.0 0.0 -1.0
vn 0.0 0.0 -1.0
vn 0.0 0.0 -1.0
vn 0.0 0.0 -1.0
vn 0.0 0.0 -1.0
vn 0.0 0.0 -1.0
vn 0.0 0.0 -1.0
vn 0.0 0.0 -1.0
vn 0.0 0.0 -1.0
vn 0.0 0.0 -1.0
vn 0.0 0.0 -1.0
vn 0.0 0.0 -1.0
vn 0.0 0.0 -1.0
vn 0.0 0.0 -1.0
vn 0.0 0.0 -1.0
vn 0.0 0.0 -1.0
vn 0.0 0.0 -1.0
vn 0.0 0.0 -1.0
vn 0.0 0.0 -1.0
vn 0.0 0.0 -1.0
vn 0.0 0.0 -1.0
vn 0.0 0.0 -1.0
vn 0.0 0.0 -1.0
vn 0.0 0.0 -1.0
vn 0.0 0.0 -1.0
vn 0.0 0.0 -1.0
vn 0.0 0.0 -1.0
vn 0.0 0.0 -1.0
vn 0.0 0.0 -1.0
vn 0.0 0.0 -1.0
vn 0.0 0.0 -1.0
vn 0.0 0.0 -1.0
vn 0.0 0.0 -1.0
vn 0.0 0.0 -1.0
vn 0.0 0.0 -1.0
vn 0.0 0.0 -1.0
vn 0.0 0.0 -1.0
vn 0.0 0.0 -1.0
vn 0.0 0.0 -1.0
vn 0.0 0.0 -1.0
vn 0.0 0.0 -1.0
vn 0.0 0.0 -1.0
vn 0.0 0.0 -1.0
vn 0.0 0.0 -1.0
vn 0.0 0.0 -1.0
vn 0.0 0.0 -1.0
vn 0.0 0.0 -1.0
vn 0.0 0.0 -1.0
vn 0.0 0.0 -1.0
vn 0.0 0.0 -1.0
vn 0.0 0.0 -1.0
vn 0.0 0.0 -1.0
vn 0.0 0.0 -1.0
vn 0.0 0.0 -1.0
vn 0.0 0.0 -1.0
vn 0.0 0.0 -1.0
vn 0.0 0.0 -1.0
vn 0.0 0.0 -1.0
vn 0.0 0.0 -1.0
vn 0.0 0.0 -1.0
vn 0.0 0.0 -1.0
vn 0.0 0.0 -1.0
vn 0.0 0.0 -1.0
vn 0.0 0.0 -1.0
vn 0.0 0.0 -1.0
vn 0.0 0.0 -1.0
vn 0.0 0.0 -1.0
vn 0.0 0.0 -1.0
vn 0.0 0.0 -1.0
vn 0.0 0.0 -1.0
vn 0.0 0.0 -1.0
vn 0.0 0.0 -1.0
vn 0.0 0.0 -1.0
vn 0.0 0.0 -1.0
vn 0.0 0.0 -1.0
vn 0.0 0.0 -1.0
vn 0.0 0.0 -1.0
vn 0.0 0.0 -1.0
vn 0.0 0.0 -1.0
vn 0.0 0.0 -1.0
vn 0.0 0.0 -1.0
vn 0.0 0.0 -1.0
vn 0.0 0.0 -1.0
vn 0.0 0.0 -1.0
vn 0.0 -0.0 -1.0
vn 0.0 -0.0 -1.0
vn 0.0 -0.0 -1.0
vn 0.0 -0.0 -1.0
vn 0.0 -0.0 -1.0
vn 0.0 -0.0 -1.0
vn 0.0 -0.0 -1.0
vn 0.0 -0.0 -1.0
vn 0.0 -0.0 -1.0
vn 0.0 -0.0 -1.0
vn 0.0 -0.0 -1.0
vn 0.0 -0.0 -1.0
vn 0.0 -0.0 -1.0
vn 0.0 -0.0 -1.0
vn 0.0 -0.0 -1.0
vn 1.0 0.0 0.0
vn 1.0 -0.0 0.0
vn -1.0 0.0 0.0
vn -1.0 0.0 0.0
vn -0.014783 0.0 0.999891
vn -0.024541 0.000162 0.999699
vn -0.073563 0.000115 0.99729
vn -0.044374 -5.4e-05 0.999015
vn -0.122411 0.000165 0.99248
vn -0.087131 -0.000186 0.996197
vn -0.170966 0.000191 0.985277
vn -0.142748 -0.000215 0.989759
vn -0.219101 0.000187 0.975702
vn -0.197943 -0.000217 0.980214
vn -0.266706 0.000151 0.963778
vn -0.252522 -0.000191 0.967591
vn -0.313687 8.2e-05 0.949526
vn -0.306307 -0.000137 0.951933
vn -0.405236 5.4e-05 0.914212
vn -0.359896 -2.4e-05 0.932993
vn -0.359105 -5.3e-05 0.933297
vn -0.410864 -0.000131 0.911697
vn -0.449621 0.000135 0.893219
vn -0.461294 -0.00021 0.887247
vn -0.492886 0.000186 0.870094
vn -0.510265 -0.00026 0.860017
vn -0.534995 0.000206 0.844855
vn -0.557574 -0.000279 0.830127
vn -0.575812 0.000194 0.817582
vn -0.615227 0.000148 0.78835
vn -0.603119 -0.000264 0.797651
vn -0.653183 6.6e-05 0.7572
vn -0.646747 -0.000213 0.762704
vn -0.724231 8e-06 0.689557
vn -0.689546 -5.4e-05 0.724241
vn -0.688315 -0.000121 0.725412
vn -0.757215 0.000115 0.653166
vn -0.727804 -0.000182 0.685785
vn -0.788346 0.000194 0.615232
vn -0.76503 -0.000272 0.643995
vn -0.817593 0.000239 0.575796
vn -0.79986 -0.000325 0.600186
vn -0.844841 0.000249 0.535017
vn -0.832158 -0.000339 0.554539
vn -0.870086 0.000216 0.492901
vn -0.861889 -0.000312 0.507097
vn -0.893224 0.000137 0.449612
vn -0.888888 -0.000242 0.458125
vn -0.932997 4.3e-05 0.359885
vn -0.914213 5e-06 0.405234
vn -0.91312 -0.000123 0.407691
vn -0.949529 0.000187 0.313679
vn -0.934524 -0.000153 0.3559
vn -0.96377 0.000289 0.266735
vn -0.953013 -0.000274 0.302931
vn -0.975704 0.000343 0.219093
vn -0.968505 -0.000358 0.248995
vn -0.98528 0.000347 0.170946
vn -0.980934 -0.000397 0.19434
vn -0.99248 0.000294 0.12241
vn -0.990277 -0.000388 0.139108
vn -0.997291 0.000178 0.073562
vn -0.996507 -0.000325 0.083508
vn -0.999698 0.0 0.02456
vn -0.999613 -0.0002 0.027813
vn 0.0 0.0 1.0
vn 0.0 0.0 1.0
vn 0.99989 0.0 0.014802
vn 0.999699 0.000353 0.02454
vn 0.997289 0.000241 0.073581
vn 0.99902 -0.000116 0.044266
vn 0.99248 0.000327 0.12241
vn 0.996227 -0.000374 0.086781
vn 0.98528 0.000354 0.170946
vn 0.989816 -0.00041 0.142348
vn 0.9757 0.000327 0.219112
vn 0.98029 -0.000393 0.197563
vn 0.963775 0.00025 0.266717
vn 0.967675 -0.000329 0.2522
vn 0.949529 0.000128 0.313679
vn 0.952006 -0.000224 0.306081
vn 0.914206 8e-05 0.40525
vn 0.932997 -3.6e-05 0.359885
vn 0.933327 -8.1e-05 0.359028
vn 0.911778 -0.000184 0.410684
vn 0.893224 0.000187 0.449612
vn 0.88739 -0.000281 0.461019
vn 0.870086 0.000245 0.492901
vn 0.860216 -0.000331 0.50993
vn 0.844859 0.000257 0.534989
vn 0.83034 -0.000338 0.557257
vn 0.817584 0.000228 0.575809
vn 0.797867 -0.000305 0.602833
vn 0.788346 0.000165 0.615232
vn 0.757205 7e-05 0.653177
vn 0.762895 -0.000234 0.646522
vn 0.689537 8e-06 0.724251
vn 0.724251 -5.4e-05 0.689537
vn 0.725524 -0.000126 0.688197
vn 0.653173 0.000109 0.757209
vn 0.685945 -0.000173 0.727653
vn 0.615236 0.000174 0.788343
vn 0.644249 -0.000246 0.764816
vn 0.575803 0.000203 0.817588
vn 0.600495 -0.000281 0.799629
vn 0.534995 0.0002 0.844855
vn 0.55485 -0.00028 0.83195
vn 0.492903 0.000164 0.870084
vn 0.507418 -0.000245 0.8617
vn 0.449614 9.8e-05 0.893223
vn 0.45836 -0.00018 0.888767
vn 0.359896 3e-05 0.932993
vn 0.405236 4e-06 0.914212
vn 0.407826 -8.7e-05 0.91306
vn 0.313682 0.00012 0.949528
vn 0.356056 -9.8e-05 0.934465
vn 0.266715 0.000175 0.963775
vn 0.303181 -0.000168 0.952933
vn 0.219101 0.000196 0.975702
vn 0.249344 -0.000208 0.968415
vn 0.170962 0.000186 0.985278
vn 0.194714 -0.000219 0.98086
vn 0.122411 0.000148 0.99248
vn 0.139482 -0.000204 0.990225
vn 0.073565 8.5e-05 0.99729
vn 0.083838 -0.000162 0.996479
vn 0.02454 0.0 0.999699
vn 0.027983 -9.4e-05 0.999608
vn 1.0 -0.0 0.0
vn 1.0 0.0 0.0
vn -0.022638 0.999744 0.0
vn -0.02454 0.999699 3.4e-05
vn -0.073566 0.99729 6.3e-05
vn -0.067869 0.997694 -3.2e-05
vn -0.122411 0.99248 8.6e-05
vn -0.11296 0.9936 -5.7e-05
vn -0.170957 0.985279 0.000103
vn -0.157816 0.987469 -7.7e-05
vn -0.219103 0.975702 0.000114
vn -0.202354 0.979312 -9.2e-05
vn -0.266713 0.963776 0.00012
vn -0.246474 0.96915 -0.0001
vn -0.290097 0.956997 -0.000102
vn -0.313678 0.949529 0.00012
vn -0.333119 0.942885 -9.9e-05
vn -0.359894 0.932993 0.000113
vn -0.375444 0.926845 -9e-05
vn -0.405252 0.914205 0.000102
vn -0.417027 0.908894 -7.5e-05
vn -0.449606 0.893227 8.4e-05
vn -0.457739 0.889086 -5.5e-05
vn -0.492903 0.870084 6e-05
vn -0.534995 0.844855 3.1e-05
vn -0.497506 0.86746 -2.9e-05
vn -0.536268 0.844048 4e-06
vn -0.575811 0.817583 3.8e-05
vn -0.573927 0.818906 -4e-06
vn -0.610396 0.792096 -3.5e-05
vn -0.615228 0.788349 6.6e-05
vn -0.645621 0.763658 -6e-05
vn -0.653163 0.757217 8.8e-05
vn -0.689546 0.724241 0.000104
vn -0.679541 0.733637 -7.9e-05
vn -0.724251 0.689537 0.000115
vn -0.712052 0.702126 -9.3e-05
vn -0.757215 0.653166 0.00012
vn -0.743101 0.669179 -0.000101
vn -0.788346 0.615232 0.000119
vn -0.772635 0.634851 -0.000102
vn -0.817575 0.575822 0.000112
vn -0.800566 0.599245 -9.9e-05
vn -0.844858 0.53499 0.0001
vn -0.826875 0.562385 -8.9e-05
vn -0.870086 0.492901 8.2e-05
vn -0.85148 0.524388 -7.3e-05
vn -0.893225 0.449611 5.8e-05
vn -0.87435 0.485296 -5.2e-05
vn -0.914213 0.405235 2.7e-05
vn -0.895432 0.445199 -2.6e-05
vn -0.914652 0.404243 7e-06
vn -0.932997 0.359884 4.1e-05
vn -0.932017 0.362415 -7e-06
vn -0.949517 0.313714 6.8e-05
vn -0.947463 0.319865 -3.7e-05
vn -0.96378 0.266698 9e-05
vn -0.960972 0.276644 -6.2e-05
vn -0.975704 0.219093 0.000106
vn -0.972507 0.232874 -8.1e-05
vn -0.985274 0.170984 0.000116
vn -0.982054 0.1886 -9.3e-05
vn -0.99248 0.122409 0.00012
vn -0.989585 0.143946 -0.000101
vn -0.997291 0.073562 0.000118
vn -0.995088 0.098997 -0.000103
vn -0.999699 0.024521 8.2e-05
vn -0.998353 0.057371 -6e-05
vn -0.999817 0.01914 0.0
vn 0.0 1.0 0.0
vn 0.0 1.0 0.0
vn -0.999698 0.02456 0.0
vn -0.999698 0.02456 0.0
vn -0.99247 0.122486 0.0
vn -0.997293 0.073524 0.0
vn -0.997293 0.073524 0.0
vn -0.99247 0.122486 0.0
vn -0.975704 0.219093 0.0
vn -0.985287 0.170908 0.0
vn -0.985287 0.170908 0.0
vn -0.975704 0.219093 0.0
vn -0.949529 0.313679 0.0
vn -0.96377 0.266735 0.0
vn -0.96377 0.266735 0.0
vn -0.949529 0.313679 0.0
vn -0.932984 0.359919 0.0
vn -0.914213 0.405233 0.0
vn -0.932984 0.359919 0.0
vn -0.914213 0.405233 0.0
vn -0.893224 0.449612 0.0
vn -0.870086 0.492901 0.0
vn -0.893224 0.449612 0.0
vn -0.870086 0.492901 0.0
vn -0.844876 0.534963 0.0
vn -0.844876 0.534963 0.0
vn -0.817576 0.575821 0.0
vn -0.817576 0.575821 0.0
vn -0.757215 0.653166 0.0
vn -0.788345 0.615233 0.0
vn -0.788345 0.615233 0.0
vn -0.724252 0.689535 0.0
vn -0.757215 0.653166 0.0
vn -0.689526 0.724261 0.0
vn -0.724252 0.689535 0.0
vn -0.689526 0.724261 0.0
vn -0.615246 0.788335 0.0
vn -0.653165 0.757216 0.0
vn -0.653165 0.757216 0.0
vn -0.575793 0.817596 0.0
vn -0.615246 0.788335 0.0
vn -0.575793 0.817596 0.0
vn -0.492901 0.870085 0.0
vn -0.535015 0.844843 0.0
vn -0.535015 0.844843 0.0
vn -0.492901 0.870085 0.0
vn -0.449606 0.893227 0.0
vn -0.449606 0.893227 0.0
vn -0.405238 0.914211 0.0
vn -0.405238 0.914211 0.0
vn -0.313687 0.949526 0.0
vn -0.359883 0.932998 0.0
vn -0.359883 0.932998 0.0
vn -0.313687 0.949526 0.0
vn -0.219101 0.975702 0.0
vn -0.266726 0.963773 0.0
vn -0.266726 0.963773 0.0
vn -0.219101 0.975702 0.0
vn -0.170953 0.985279 0.0
vn -0.170953 0.985279 0.0
vn -0.073569 0.99729 0.0
vn -0.122408 0.99248 0.0
vn -0.122408 0.99248 0.0
vn -0.073569 0.99729 0.0
vn -0.024542 0.999699 0.0
vn -0.024542 0.999699 0.0
vn -1.0 0.0 0.0
vn -1.0 0.0 0.0
vn -0.024559 -0.999698 -0.0
vn -0.024559 -0.999698 0.0
vn -0.122485 -0.99247 -0.0
vn -0.073528 -0.997293 -0.0
vn -0.073528 -0.997293 0.0
vn -0.122485 -0.99247 -0.0
vn -0.219094 -0.975704 -0.0
vn -0.170898 -0.985289 -0.0
vn -0.170898 -0.985289 0.0
vn -0.219094 -0.975704 -0.0
vn -0.313685 -0.949527 -0.0
vn -0.266746 -0.963767 -0.0
vn -0.266746 -0.963767 0.0
vn -0.313685 -0.949527 -0.0
vn -0.359906 -0.932989 0.0
vn -0.40523 -0.914215 -0.0
vn -0.359906 -0.932989 -0.0
vn -0.40523 -0.914215 -0.0
vn -0.449606 -0.893227 0.0
vn -0.492905 -0.870083 -0.0
vn -0.449606 -0.893227 -0.0
vn -0.492905 -0.870083 -0.0
vn -0.534978 -0.844866 0.0
vn -0.534978 -0.844866 -0.0
vn -0.575807 -0.817586 -0.0
vn -0.575807 -0.817586 0.0
vn -0.653156 -0.757223 -0.0
vn -0.615247 -0.788334 -0.0
vn -0.615247 -0.788334 0.0
vn -0.689523 -0.724264 -0.0
vn -0.653156 -0.757223 -0.0
vn -0.724264 -0.689523 -0.0
vn -0.689523 -0.724264 -0.0
vn -0.724264 -0.689523 -0.0
vn -0.788334 -0.615247 -0.0
vn -0.757223 -0.653156 -0.0
vn -0.757223 -0.653156 0.0
vn -0.817586 -0.575807 -0.0
vn -0.788334 -0.615247 -0.0
vn -0.817586 -0.575807 -0.0
vn -0.870083 -0.492905 -0.0
vn -0.844866 -0.534978 -0.0
vn -0.844866 -0.534978 0.0
vn -0.870083 -0.492905 -0.0
vn -0.893227 -0.449606 -0.0
vn -0.893227 -0.449606 0.0
vn -0.914215 -0.40523 -0.0
vn -0.914215 -0.40523 0.0
vn -0.949527 -0.313685 -0.0
vn -0.932989 -0.359906 -0.0
vn -0.932989 -0.359906 0.0
vn -0.949527 -0.313685 -0.0
vn -0.975704 -0.219094 -0.0
vn -0.963767 -0.266746 -0.0
vn -0.963767 -0.266746 0.0
vn -0.975704 -0.219094 -0.0
vn -0.985289 -0.170898 -0.0
vn -0.985289 -0.170898 0.0
vn -0.997293 -0.073528 -0.0
vn -0.99247 -0.122485 -0.0
vn -0.99247 -0.122485 0.0
vn -0.997293 -0.073528 -0.0
vn -0.999698 -0.024559 -0.0
vn -0.999698 -0.024559 0.0
vn 0.0 -1.0 0.0
vn 0.0 -1.0 0.0
vn 0.999699 -0.024542 0.0
vn 0.99729 -0.073569 0.0
vn 0.999699 -0.024542 0.0
vn 0.99248 -0.122408 0.0
vn 0.99729 -0.073569 0.0
vn 0.985279 -0.170953 0.0
vn 0.99248 -0.122408 0.0
vn 0.975702 -0.219101 0.0
vn 0.985279 -0.170953 0.0
vn 0.963773 -0.266726 0.0
vn 0.975702 -0.219101 0.0
vn 0.949526 -0.313687 0.0
vn 0.963773 -0.266726 0.0
vn 0.932998 -0.359883 0.0
vn 0.949526 -0.313687 0.0
vn 0.932998 -0.359883 0.0
vn 0.914211 -0.405238 0.0
vn 0.914211 -0.405238 0.0
vn 0.893227 -0.449606 0.0
vn 0.870085 -0.492901 0.0
vn 0.893227 -0.449606 0.0
vn 0.844843 -0.535015 0.0
vn 0.870085 -0.492901 0.0
vn 0.817596 -0.575793 0.0
vn 0.844843 -0.535015 0.0
vn 0.788335 -0.615246 0.0
vn 0.817596 -0.575793 0.0
vn 0.757216 -0.653165 0.0
vn 0.788335 -0.615246 0.0
vn 0.724261 -0.689526 0.0
vn 0.757216 -0.653165 0.0
vn 0.689535 -0.724252 0.0
vn 0.724261 -0.689526 0.0
vn 0.653166 -0.757215 0.0
vn 0.689535 -0.724252 0.0
vn 0.615233 -0.788345 0.0
vn 0.653166 -0.757215 0.0
vn 0.575821 -0.817576 0.0
vn 0.615233 -0.788345 0.0
vn 0.575821 -0.817576 0.0
vn 0.534963 -0.844876 0.0
vn 0.492901 -0.870086 0.0
vn 0.534963 -0.844876 0.0
vn 0.449612 -0.893224 0.0
vn 0.492901 -0.870086 0.0
vn 0.449612 -0.893224 0.0
vn 0.405233 -0.914213 0.0
vn 0.359919 -0.932984 0.0
vn 0.405233 -0.914213 0.0
vn 0.313679 -0.949529 0.0
vn 0.359919 -0.932984 0.0
vn 0.313679 -0.949529 0.0
vn 0.266735 -0.96377 0.0
vn 0.266735 -0.96377 0.0
vn 0.219093 -0.975704 0.0
vn 0.219093 -0.975704 0.0
vn 0.170908 -0.985287 0.0
vn 0.170908 -0.985287 0.0
vn 0.122486 -0.99247 0.0
vn 0.122486 -0.99247 0.0
vn 0.073524 -0.997293 0.0
vn 0.02456 -0.999698 0.0
vn 0.073524 -0.997293 0.0
vn 0.02456 -0.999698 0.0
vn 1.0 0.0 0.0
vn 1.0 -0.0 0.0
vn 0.999699 0.024543 0.0
vn 0.999699 0.024543 0.0
vn 0.99729 0.073565 0.0
vn 0.99729 0.073565 0.0
vn 0.99248 0.122409 0.0
vn 0.99248 0.122409 0.0
vn 0.985278 0.170962 0.0
vn 0.985278 0.170962 0.0
vn 0.975702 0.2191 0.0
vn 0.975702 0.2191 0.0
vn 0.963776 0.266714 0.0
vn 0.949528 0.313682 -0.0
vn 0.963776 0.266714 0.0
vn 0.949528 0.313682 0.0
vn 0.932993 0.359896 0.0
vn 0.932993 0.359896 0.0
vn 0.91421 0.405241 0.0
vn 0.91421 0.405241 0.0
vn 0.893224 0.449612 -0.0
vn 0.893224 0.449612 0.0
vn 0.870088 0.492897 0.0
vn 0.870088 0.492897 0.0
vn 0.844853 0.534999 0.0
vn 0.844853 0.534999 0.0
vn 0.817586 0.575806 0.0
vn 0.788346 0.615232 -0.0
vn 0.817586 0.575806 0.0
vn 0.788346 0.615232 0.0
vn 0.757208 0.653174 0.0
vn 0.72425 0.689538 -0.0
vn 0.757208 0.653174 0.0
vn 0.72425 0.689538 0.0
vn 0.689538 0.72425 0.0
vn 0.653174 0.757208 -0.0
vn 0.689538 0.72425 0.0
vn 0.653174 0.757208 0.0
vn 0.615232 0.788346 0.0
vn 0.615232 0.788346 0.0
vn 0.575806 0.817586 0.0
vn 0.575806 0.817586 0.0
vn 0.534999 0.844853 0.0
vn 0.534999 0.844853 0.0
vn 0.492897 0.870088 0.0
vn 0.492897 0.870088 0.0
vn 0.449612 0.893224 0.0
vn 0.449612 0.893224 0.0
vn 0.405241 0.91421 0.0
vn 0.359896 0.932993 -0.0
vn 0.405241 0.91421 0.0
vn 0.359896 0.932993 0.0
vn 0.313682 0.949528 0.0
vn 0.313682 0.949528 0.0
vn 0.266714 0.963776 0.0
vn 0.266714 0.963776 0.0
vn 0.2191 0.975702 0.0
vn 0.2191 0.975702 0.0
vn 0.170962 0.985278 0.0
vn 0.170962 0.985278 0.0
vn 0.122409 0.99248 0.0
vn 0.073565 0.99729 -0.0
vn 0.122409 0.99248 0.0
vn 0.024543 0.999699 -0.0
vn 0.073565 0.99729 0.0
vn 0.024543 0.999699 0.0
vn 0.0 1.0 0.0
vn 0.0 1.0 0.0
vn 0.019131 0.999817 0.0
vn 0.02454 0.999699 8.3e-05
vn 0.073565 0.99729 0.000119
vn 0.057371 0.998353 -5.9e-05
vn 0.122413 0.992479 0.00012
vn 0.099015 0.995086 -0.000102
vn 0.17096 0.985278 0.000116
vn 0.143958 0.989584 -0.000101
vn 0.219099 0.975703 0.000106
vn 0.188601 0.982054 -9.4e-05
vn 0.266713 0.963776 9e-05
vn 0.232862 0.97251 -8.1e-05
vn 0.313684 0.949528 6.8e-05
vn 0.276646 0.960972 -6.2e-05
vn 0.319858 0.947466 -3.8e-05
vn 0.359894 0.932993 4.1e-05
vn 0.362413 0.932018 -7e-06
vn 0.405245 0.914208 2.8e-05
vn 0.404237 0.914654 7e-06
vn 0.449606 0.893227 5.8e-05
vn 0.445222 0.89542 -2.5e-05
vn 0.492903 0.870084 8.2e-05
vn 0.485294 0.874351 -5.2e-05
vn 0.524379 0.851485 -7.4e-05
vn 0.534995 0.844855 0.0001
vn 0.575811 0.817583 0.000113
vn 0.562382 0.826878 -8.9e-05
vn 0.615228 0.788349 0.000119
vn 0.599235 0.800573 -9.9e-05
vn 0.653173 0.757209 0.00012
vn 0.634852 0.772633 -0.000102
vn 0.689537 0.724251 0.000115
vn 0.669185 0.743096 -0.0001
vn 0.724251 0.689537 0.000104
vn 0.702134 0.712045 -9.3e-05
vn 0.757205 0.653177 8.8e-05
vn 0.733638 0.67954 -7.9e-05
vn 0.788346 0.615232 6.6e-05
vn 0.76365 0.64563 -6e-05
vn 0.817593 0.575796 3.8e-05
vn 0.792097 0.610396 -3.5e-05
vn 0.818906 0.573928 -3e-06
vn 0.844849 0.535004 3.1e-05
vn 0.844047 0.536269 4e-06
vn 0.870086 0.492901 6e-05
vn 0.867457 0.497513 -2.8e-05
vn 0.893225 0.449611 8.4e-05
vn 0.889093 0.457727 -5.5e-05
vn 0.914213 0.405235 0.000102
vn 0.908893 0.417029 -7.6e-05
vn 0.93299 0.359901 0.000114
vn 0.926842 0.375453 -9e-05
vn 0.949529 0.313679 0.00012
vn 0.942886 0.333115 -9.9e-05
vn 0.963775 0.266716 0.00012
vn 0.957001 0.290083 -0.000102
vn 0.975704 0.219093 0.000114
vn 0.969147 0.246482 -0.0001
vn 0.985277 0.170965 0.000103
vn 0.979312 0.202354 -9.1e-05
vn 0.99248 0.122409 8.6e-05
vn 0.987467 0.157827 -7.7e-05
vn 0.997291 0.073562 6.3e-05
vn 0.993599 0.112962 -5.7e-05
vn 0.997694 0.067866 -3.1e-05
vn 0.999699 0.02454 3.5e-05
vn 0.999744 0.022622 -0.0
vn 0.80414 -0.59444 0.0
vn 0.80414 -0.59444 0.0
vn 0.832492 -0.554037 0.0
vn 0.832492 -0.554037 0.0
vn 0.858856 -0.512217 0.0
vn 0.858856 -0.512217 0.0
vn 0.883067 -0.469247 0.0
vn 0.883067 -0.469247 0.0
vn 0.905167 -0.425056 0.0
vn 0.905167 -0.425056 0.0
vn 0.925052 -0.37984 0.0
vn 0.942672 -0.33372 0.0
vn 0.925052 -0.37984 0.0
vn 0.957994 -0.286789 0.0
vn 0.942672 -0.33372 0.0
vn 0.970988 -0.23913 0.0
vn 0.957994 -0.286789 0.0
vn 0.98161 -0.190899 0.0
vn 0.970988 -0.23913 0.0
vn 0.989835 -0.14222 0.0
vn 0.98161 -0.190899 0.0
vn 0.989835 -0.14222 0.0
vn 0.99565 -0.093176 0.0
vn 0.99565 -0.093176 0.0
vn 0.999036 -0.043906 0.0
vn 0.999036 -0.043906 0.0
vn 0.999985 0.005466 -0.0
vn 0.999985 0.005466 0.0
vn 0.998496 0.054827 -0.0
vn 0.998496 0.054827 0.0
vn 0.994572 0.10405 -0.0
vn 0.994572 0.10405 0.0
vn 0.988221 0.153033 -0.0
vn 0.988221 0.153033 0.0
vn 0.979464 0.20162 -0.0
vn 0.979464 0.20162 0.0
vn 0.968311 0.249748 -0.0
vn 0.968311 0.249748 0.0
vn 0.95481 0.297216 -0.0
vn 0.95481 0.297216 0.0
vn 0.93897 0.344 -0.0
vn 0.920832 0.389959 -0.0
vn 0.93897 0.344 0.0
vn 0.900462 0.434934 -0.0
vn 0.920832 0.389959 0.0
vn 0.877911 0.478823 -0.0
vn 0.900462 0.434934 0.0
vn 0.853178 0.521619 -0.0
vn 0.877911 0.478823 0.0
vn 0.82639 0.563099 -0.0
vn 0.853178 0.521619 0.0
vn 0.797602 0.603184 -0.0
vn 0.82639 0.563099 0.0
vn 0.766826 0.641855 -0.0
vn 0.797602 0.603184 0.0
vn 0.766826 0.641855 0.0
vn 0.734208 0.678925 0.0
vn 0.734208 0.678925 0.0
vn 0.699833 0.714306 0.0
vn 0.699833 0.714306 0.0
vn 0.663662 0.748033 0.0
vn 0.663662 0.748033 0.0
vn 0.625958 0.779857 0.0
vn 0.58672 0.80979 -0.0
vn 0.625958 0.779857 0.0
vn 0.545976 0.837801 -0.0
vn 0.58672 0.80979 0.0
vn 0.545976 0.837801 0.0
vn 0.503989 0.86371 0.0
vn 0.460665 0.887574 -0.0
vn 0.503989 0.86371 0.0
vn 0.460665 0.887574 0.0
vn 0.416359 0.9092 0.0
vn 0.416359 0.9092 0.0
vn 0.370957 0.92865 -0.0
vn 0.370957 0.92865 0.0
vn 0.324614 0.945846 0.0
vn 0.324614 0.945846 0.0
vn 0.277574 0.960704 0.0
vn 0.277574 0.960704 0.0
vn 0.229769 0.973245 -0.0
vn 0.229769 0.973245 0.0
vn 0.181446 0.983401 0.0
vn 0.181446 0.983401 0.0
vn 0.132694 0.991157 0.0
vn 0.083599 0.996499 -0.0
vn 0.132694 0.991157 0.0
vn 0.083599 0.996499 0.0
vn 0.034332 0.999411 0.0
vn 0.034332 0.999411 0.0
vn -0.015106 0.999886 0.0
vn -0.064373 0.997926 0.0
vn -0.015106 0.999886 0.0
vn -0.064373 0.997926 0.0
vn -0.113639 0.993522 0.0
vn -0.113639 0.993522 0.0
vn -0.162561 0.986698 0.0
vn -0.162561 0.986698 0.0
vn -0.210974 0.977492 0.0
vn -0.210974 0.977492 0.0
vn -0.259037 0.965867 0.0
vn -0.306413 0.951899 0.0
vn -0.259037 0.965867 0.0
vn -0.306413 0.951899 0.0
vn -0.35302 0.935616 0.0
vn -0.35302 0.935616 0.0
vn -0.398769 0.917051 0.0
vn -0.398769 0.917051 0.0
vn -0.443571 0.896239 0.0
vn -0.443571 0.896239 0.0
vn -0.487263 0.873255 0.0
vn -0.487263 0.873255 0.0
vn -0.529818 0.848112 0.0
vn -0.529818 0.848112 0.0
vn -0.570966 0.820973 0.0
vn -0.570966 0.820973 0.0
vn -0.61085 0.791747 0.0
vn -0.61085 0.791747 0.0
vn -0.649207 0.760612 0.0
vn -0.649207 0.760612 0.0
vn -0.685903 0.727693 0.0
vn -0.685903 0.727693 0.0
vn -0.721045 0.692888 0.0
vn -0.721045 0.692888 0.0
vn -0.75436 0.656461 0.0
vn -0.75436 0.656461 0.0
vn -0.785852 0.618415 0.0
vn -0.785852 0.618415 0.0
vn -0.815408 0.578886 0.0
vn -0.815408 0.578886 0.0
vn -0.843009 0.537899 0.0
vn -0.843009 0.537899 0.0
vn -0.868524 0.495647 0.0
vn -0.868524 0.495647 0.0
vn -0.891942 0.452151 0.0
vn -0.891942 0.452151 0.0
vn -0.913168 0.407584 0.0
vn -0.913168 0.407584 0.0
vn -0.932183 0.361987 0.0
vn -0.932183 0.361987 0.0
vn -0.948908 0.315552 0.0
vn -0.948908 0.315552 0.0
vn -0.963336 0.268299 0.0
vn -0.963336 0.268299 0.0
vn -0.975404 0.220424 0.0
vn -0.975404 0.220424 0.0
vn -0.985099 0.171988 0.0
vn -0.985099 0.171988 0.0
vn -0.992387 0.123158 0.0
vn -0.992387 0.123158 0.0
vn -0.997257 0.074012 0.0
vn -0.997257 0.074012 0.0
vn -0.999695 0.024693 0.0
vn -0.999695 0.024693 0.0
vn 0.0 0.0 -1.0
vn 0.0 0.0 -1.0
vn 0.0 0.0 -1.0
vn 0.0 0.0 -1.0
vn 0.0 0.0 -1.0
vn 0.0 0.0 -1.0
vn 0.0 0.0 -1.0
vn 0.0 0.0 -1.0
vn 0.0 0.0 -1.0
vn 0.0 0.0 -1.0
vn 0.0 0.0 -1.0
vn 0.0 0.0 -1.0
vn 0.0 0.0 -1.0
vn 0.0 0.0 -1.0
vn 0.0 0.0 -1.0
vn 0.0 0.0 -1.0
vn 0.0 0.0 -1.0
vn 0.0 0.0 -1.0
vn 0.0 0.0 -1.0
vn 0.0 0.0 -1.0
vn 0.0 0.0 -1.0
vn 0.0 -0.0 -1.0
vn 0.0 -0.0 -1.0
vn 0.0 -0.0 -1.0
vn 0.0 -0.0 -1.0
vn 0.0 0.0 -1.0
vn 0.0 0.0 -1.0
vn 0.0 -0.0 -1.0
vn 0.0 -0.0 -1.0
vn 0.0 -0.0 -1.0
vn 0.0 0.0 -1.0
vn 0.0 0.0 -1.0
vn 0.0 -0.0 -1.0
vn 0.0 -0.0 -1.0
vn 0.0 -0.0 -1.0
vn 0.0 0.0 -1.0
vn 0.0 0.0 -1.0
vn 0.0 0.0 -1.0
vn 0.0 0.0 -1.0
vn 0.0 0.0 -1.0
vn 0.0 0.0 -1.0
vn 0.0 0.0 -1.0
vn 0.0 0.0 -1.0
vn 0.0 0.0 -1.0
vn 0.0 0.0 -1.0
vn 0.0 0.0 -1.0
vn 0.0 0.0 -1.0
vn 0.0 0.0 -1.0
vn 0.0 0.0 -1.0
vn 0.0 0.0 -1.0
vn 0.0 0.0 -1.0
vn 0.0 0.0 -1.0
vn 0.0 0.0 -1.0
vn 0.0 0.0 -1.0
vn 0.0 0.0 -1.0
vn 0.0 0.0 -1.0
vn 0.0 0.0 -1.0
vn 0.0 0.0 -1.0
vn 0.0 0.0 -1.0
vn 0.0 0.0 -1.0
vn 0.0 0.0 -1.0
vn 0.0 0.0 -1.0
vn 0.0 0.0 -1.0
vn 0.0 0.0 -1.0
vn 0.0 0.0 -1.0
vn 0.0 0.0 -1.0
vn 0.0 0.0 -1.0
vn 0.0 0.0 -1.0
vn 0.0 0.0 -1.0
vn 0.0 0.0 -1.0
vn 0.0 0.0 -1.0
vn 0.0 0.0 -1.0
vn 0.0 0.0 -1.0
vn 0.0 0.0 -1.0
vn 0.0 0.0 -1.0
vn 0.0 0.0 -1.0
vn 0.0 0.0 -1.0
vn 0.0 0.0 -1.0
vn 0.0 0.0 -1.0
vn 0.0 0.0 -1.0
vn 0.0 0.0 -1.0
vn 0.0 0.0 -1.0
vn 0.0 -0.0 -1.0
vn 0.0 -0.0 -1.0
vn 0.0 0.0 -1.0
vn 0.0 0.0 -1.0
vn 0.0 0.0 -1.0
vn 0.0 0.0 -1.0
vn 0.0 0.0 -1.0
vn 0.0 -0.0 -1.0
vn -0.999721 -0.023613 -0.0
vn -0.999721 -0.023613 0.0
vn -0.997491 -0.070797 0.0
vn -0.997491 -0.070797 -0.0
vn -0.993038 -0.117798 0.0
vn -0.993038 -0.117798 -0.0
vn -0.986364 -0.164581 0.0
vn -0.986364 -0.164581 -0.0
vn -0.977496 -0.210955 0.0
vn -0.977496 -0.210955 -0.0
vn -0.966447 -0.256868 0.0
vn -0.966447 -0.256868 -0.0
vn -0.953242 -0.302207 0.0
vn -0.953242 -0.302207 -0.0
vn -0.937907 -0.346886 0.0
vn -0.937907 -0.346886 -0.0
vn -0.920486 -0.390777 0.0
vn -0.920486 -0.390777 -0.0
vn -0.900992 -0.433836 0.0
vn -0.900992 -0.433836 -0.0
vn -0.879511 -0.475878 0.0
vn -0.879511 -0.475878 -0.0
vn -0.856068 -0.516864 0.0
vn -0.856068 -0.516864 -0.0
vn -0.830726 -0.556682 0.0
vn -0.830726 -0.556682 -0.0
vn -0.803489 -0.595319 0.0
vn -0.803489 -0.595319 -0.0
vn 0.804132 -0.594451 0.0
vn 0.804132 -0.594451 0.0
vn 0.832486 -0.554046 0.0
vn 0.832486 -0.554046 0.0
vn 0.858861 -0.512209 0.0
vn 0.858861 -0.512209 0.0
vn 0.883062 -0.469256 0.0
vn 0.883062 -0.469256 0.0
vn 0.905176 -0.425036 0.0
vn 0.905176 -0.425036 0.0
vn 0.92504 -0.379869 0.0
vn 0.942676 -0.333709 0.0
vn 0.92504 -0.379869 0.0
vn 0.957999 -0.286773 0.0
vn 0.942676 -0.333709 0.0
vn 0.97099 -0.239121 0.0
vn 0.957999 -0.286773 0.0
vn 0.981597 -0.190964 0.0
vn 0.97099 -0.239121 0.0
vn 0.989846 -0.142142 0.0
vn 0.981597 -0.190964 0.0
vn 0.989846 -0.142142 0.0
vn 0.995646 -0.093213 0.0
vn 0.995646 -0.093213 0.0
vn 0.999034 -0.043944 0.0
vn 0.999034 -0.043944 0.0
vn 0.999985 0.005493 -0.0
vn 0.999985 0.005493 0.0
vn 0.998495 0.054847 -0.0
vn 0.998495 0.054847 0.0
vn 0.994575 0.104024 -0.0
vn 0.994575 0.104024 0.0
vn 0.988219 0.153044 -0.0
vn 0.988219 0.153044 0.0
vn 0.979466 0.201609 -0.0
vn 0.979466 0.201609 0.0
vn 0.968303 0.249779 -0.0
vn 0.968303 0.249779 0.0
vn 0.954811 0.297214 -0.0
vn 0.954811 0.297214 0.0
vn 0.938969 0.344002 -0.0
vn 0.920837 0.389948 -0.0
vn 0.938969 0.344002 0.0
vn 0.900472 0.434915 -0.0
vn 0.920837 0.389948 0.0
vn 0.877912 0.478822 -0.0
vn 0.900472 0.434915 0.0
vn 0.853184 0.52161 -0.0
vn 0.877912 0.478822 0.0
vn 0.826369 0.563129 -0.0
vn 0.853184 0.52161 0.0
vn 0.797594 0.603195 -0.0
vn 0.826369 0.563129 0.0
vn 0.766826 0.641855 -0.0
vn 0.797594 0.603195 0.0
vn 0.734204 0.678929 -0.0
vn 0.766826 0.641855 0.0
vn 0.69986 0.71428 -0.0
vn 0.734204 0.678929 0.0
vn 0.66366 0.748034 -0.0
vn 0.69986 0.71428 0.0
vn 0.625961 0.779855 -0.0
vn 0.66366 0.748034 0.0
vn 0.586721 0.809789 -0.0
vn 0.625961 0.779855 0.0
vn 0.545975 0.837802 -0.0
vn 0.586721 0.809789 0.0
vn 0.503994 0.863707 -0.0
vn 0.545975 0.837802 0.0
vn 0.460655 0.887579 -0.0
vn 0.503994 0.863707 0.0
vn 0.460655 0.887579 0.0
vn 0.416362 0.909199 -0.0
vn 0.416362 0.909199 0.0
vn 0.370947 0.928654 -0.0
vn 0.370947 0.928654 0.0
vn 0.32461 0.945848 -0.0
vn 0.32461 0.945848 0.0
vn 0.277577 0.960703 -0.0
vn 0.229771 0.973245 -0.0
vn 0.277577 0.960703 0.0
vn 0.181453 0.9834 -0.0
vn 0.229771 0.973245 0.0
vn 0.132692 0.991157 -0.0
vn 0.181453 0.9834 0.0
vn 0.0836 0.996499 -0.0
vn 0.132692 0.991157 0.0
vn 0.034332 0.999411 -0.0
vn 0.0836 0.996499 0.0
vn -0.015106 0.999886 0.0
vn 0.034332 0.999411 0.0
vn -0.064377 0.997926 0.0
vn -0.015106 0.999886 0.0
vn -0.113634 0.993523 0.0
vn -0.064377 0.997926 0.0
vn -0.162561 0.986698 0.0
vn -0.113634 0.993523 0.0
vn -0.210983 0.97749 0.0
vn -0.162561 0.986698 0.0
vn -0.259019 0.965872 0.0
vn -0.210983 0.97749 0.0
vn -0.306426 0.951894 0.0
vn -0.259019 0.965872 0.0
vn -0.353013 0.935618 0.0
vn -0.306426 0.951894 0.0
vn -0.398783 0.917045 0.0
vn -0.353013 0.935618 0.0
vn -0.443571 0.896239 0.0
vn -0.398783 0.917045 0.0
vn -0.487267 0.873253 0.0
vn -0.443571 0.896239 0.0
vn -0.529798 0.848124 0.0
vn -0.487267 0.873253 0.0
vn -0.570994 0.820954 0.0
vn -0.529798 0.848124 0.0
vn -0.610834 0.791759 0.0
vn -0.570994 0.820954 0.0
vn -0.649207 0.760612 0.0
vn -0.610834 0.791759 0.0
vn -0.685897 0.727698 0.0
vn -0.649207 0.760612 0.0
vn -0.685897 0.727698 0.0
vn -0.721042 0.692891 0.0
vn -0.721042 0.692891 0.0
vn -0.754376 0.656442 0.0
vn -0.754376 0.656442 0.0
vn -0.785859 0.618405 0.0
vn -0.785859 0.618405 0.0
vn -0.815383 0.578922 0.0
vn -0.815383 0.578922 0.0
vn -0.843014 0.537891 0.0
vn -0.843014 0.537891 0.0
vn -0.868512 0.495667 0.0
vn -0.868512 0.495667 0.0
vn -0.891942 0.452151 0.0
vn -0.891942 0.452151 0.0
vn -0.913188 0.40754 0.0
vn -0.913188 0.40754 0.0
vn -0.93217 0.36202 0.0
vn -0.93217 0.36202 0.0
vn -0.948915 0.315532 0.0
vn -0.948915 0.315532 0.0
vn -0.963336 0.268299 0.0
vn -0.963336 0.268299 0.0
vn -0.975405 0.220419 0.0
vn -0.985098 0.171993 0.0
vn -0.975405 0.220419 0.0
vn -0.985098 0.171993 0.0
vn -0.992386 0.123168 0.0
vn -0.992386 0.123168 0.0
vn -0.997259 0.073986 0.0
vn -0.999694 0.02472 0.0
vn -0.997259 0.073986 0.0
vn -0.999694 0.02472 0.0
vn 0.0 0.0 -1.0
vn 0.0 0.0 -1.0
vn 0.0 0.0 -1.0
vn 0.0 0.0 -1.0
vn 0.0 0.0 -1.0
vn 0.0 0.0 -1.0
vn 0.0 0.0 -1.0
vn 0.0 0.0 -1.0
vn 0.0 0.0 -1.0
vn 0.0 0.0 -1.0
vn 0.0 0.0 -1.0
vn 0.0 0.0 -1.0
vn 0.0 0.0 -1.0
vn 0.0 0.0 -1.0
vn 0.0 0.0 -1.0
vn 0.0 0.0 -1.0
vn 0.0 0.0 -1.0
vn 0.0 0.0 -1.0
vn 0.0 0.0 -1.0
vn 0.0 0.0 -1.0
vn 0.0 0.0 -1.0
vn 0.0 0.0 -1.0
vn 0.0 -0.0 -1.0
vn 0.0 0.0 -1.0
vn 0.0 -0.0 -1.0
vn 0.0 0.0 -1.0
vn 0.0 0.0 -1.0
vn 0.0 0.0 -1.0
vn 0.0 0.0 -1.0
vn 0.0 -0.0 -1.0
vn 0.0 -0.0 -1.0
vn 0.0 -0.0 -1.0
vn 0.0 -0.0 -1.0
vn 0.0 0.0 -1.0
vn 0.0 0.0 -1.0
vn 0.0 0.0 -1.0
vn 0.0 -0.0 -1.0
vn 0.0 -0.0 -1.0
vn 0.0 -0.0 -1.0
vn 0.0 -0.0 -1.0
vn 0.0 0.0 -1.0
vn 0.0 -0.0 -1.0
vn 0.0 -0.0 -1.0
vn 0.0 0.0 -1.0
vn 0.0 0.0 -1.0
vn 0.0 0.0 -1.0
vn 0.0 0.0 -1.0
vn 0.0 0.0 -1.0
vn 0.0 0.0 -1.0
vn 0.0 0.0 -1.0
vn 0.0 0.0 -1.0
vn 0.0 0.0 -1.0
vn 0.0 0.0 -1.0
vn 0.0 0.0 -1.0
vn 0.0 0.0 -1.0
vn 0.0 0.0 -1.0
vn 0.0 0.0 -1.0
vn 0.0 0.0 -1.0
vn 0.0 0.0 -1.0
vn 0.0 0.0 -1.0
vn 0.0 0.0 -1.0
vn 0.0 0.0 -1.0
vn 0.0 0.0 -1.0
vn 0.0 0.0 -1.0
vn 0.0 0.0 -1.0
vn 0.0 0.0 -1.0
vn 0.0 0.0 -1.0
vn 0.0 0.0 -1.0
vn 0.0 0.0 -1.0
vn 0.0 0.0 -1.0
vn 0.0 0.0 -1.0
vn 0.0 0.0 -1.0
vn 0.0 0.0 -1.0
vn 0.0 0.0 -1.0
vn 0.0 0.0 -1.0
vn 0.0 0.0 -1.0
vn 0.0 0.0 -1.0
vn 0.0 -0.0 -1.0
vn 0.0 0.0 -1.0
vn 0.0 0.0 -1.0
vn 0.0 0.0 -1.0
vn 0.0 0.0 -1.0
vn 0.0 0.0 -1.0
vn 0.0 0.0 -1.0
vn 0.0 0.0 -1.0
vn 0.0 0.0 -1.0
vn 0.0 0.0 -1.0
vn 0.0 0.0 -1.0
vn 0.0 0.0 -1.0
vn 0.0 0.0 -1.0
vn -0.999721 -0.023602 -0.0
vn -0.999721 -0.023602 0.0
vn -0.99749 -0.070813 0.0
vn -0.99749 -0.070813 -0.0
vn -0.993034 -0.117825 0.0
vn -0.993034 -0.117825 -0.0
vn -0.986374 -0.164515 0.0
vn -0.986374 -0.164515 -0.0
vn -0.977489 -0.210988 0.0
vn -0.977489 -0.210988 -0.0
vn -0.966452 -0.256847 0.0
vn -0.966452 -0.256847 -0.0
vn -0.953229 -0.302248 0.0
vn -0.953229 -0.302248 -0.0
vn -0.937916 -0.346861 0.0
vn -0.937916 -0.346861 -0.0
vn -0.920467 -0.390819 0.0
vn -0.920467 -0.390819 -0.0
vn -0.901022 -0.433772 0.0
vn -0.901022 -0.433772 -0.0
vn -0.879492 -0.475913 0.0
vn -0.879492 -0.475913 -0.0
vn -0.85608 -0.516843 0.0
vn -0.85608 -0.516843 -0.0
vn -0.830736 -0.556666 0.0
vn -0.830736 -0.556666 -0.0
vn -0.803465 -0.595352 0.0
vn -0.803465 -0.595352 -0.0
vn -0.999689 -0.024928 -0.0
vn -0.999689 -0.024928 0.0
vn -0.997204 -0.074732 0.0
vn -0.997204 -0.074732 -0.0
vn -0.992239 -0.124343 0.0
vn -0.992239 -0.124343 -0.0
vn -0.984808 -0.173648 0.0
vn -0.984808 -0.173648 -0.0
vn -0.974928 -0.222521 0.0
vn -0.974928 -0.222521 -0.0
vn -0.962624 -0.270842 0.0
vn -0.962624 -0.270842 -0.0
vn -0.947927 -0.318488 0.0
vn -0.947927 -0.318488 -0.0
vn -0.930875 -0.365338 0.0
vn -0.930875 -0.365338 -0.0
vn -0.911505 -0.411289 0.0
vn -0.889872 -0.45621 0.0
vn -0.911505 -0.411289 -0.0
vn -0.889872 -0.45621 0.0
vn -0.866026 -0.499998 -0.0
vn -0.866026 -0.499998 0.0
vn -0.840027 -0.542545 -0.0
vn -0.840027 -0.542545 0.0
vn -0.811936 -0.583746 0.0
vn -0.811936 -0.583746 0.0
vn -0.781833 -0.623487 -0.0
vn -0.781833 -0.623487 0.0
vn -0.74978 -0.661687 -0.0
vn -0.74978 -0.661687 0.0
vn -0.715863 -0.69824 0.0
vn -0.715863 -0.69824 0.0
vn -0.680175 -0.733049 -0.0
vn -0.680175 -0.733049 0.0
vn -0.642789 -0.766043 -0.0
vn -0.642789 -0.766043 0.0
vn -0.603802 -0.797134 -0.0
vn -0.603802 -0.797134 0.0
vn -0.563319 -0.82624 -0.0
vn -0.563319 -0.82624 0.0
vn -0.521436 -0.853291 -0.0
vn -0.521436 -0.853291 0.0
vn -0.478254 -0.878222 0.0
vn -0.478254 -0.878222 0.0
vn -0.433884 -0.900969 0.0
vn -0.433884 -0.900969 -0.0
vn -0.388434 -0.921476 0.0
vn -0.388434 -0.921476 0.0
vn -0.342024 -0.939691 0.0
vn -0.29475 -0.955574 0.0
vn -0.342024 -0.939691 -0.0
vn -0.29475 -0.955574 0.0
vn -0.246759 -0.969077 0.0
vn -0.246759 -0.969077 -0.0
vn -0.198145 -0.980173 0.0
vn -0.149043 -0.988831 0.0
vn -0.198145 -0.980173 -0.0
vn -0.149043 -0.988831 0.0
vn -0.099569 -0.995031 0.0
vn -0.099569 -0.995031 -0.0
vn -0.049846 -0.998757 0.0
vn -0.049846 -0.998757 -0.0
vn 0.0 -1.0 0.0
vn 0.049846 -0.998757 0.0
vn -0.0 -1.0 -0.0
vn 0.049846 -0.998757 0.0
vn 0.099569 -0.995031 0.0
vn 0.099569 -0.995031 0.0
vn 0.149043 -0.988831 0.0
vn 0.149043 -0.988831 0.0
vn 0.198145 -0.980173 0.0
vn 0.198145 -0.980173 0.0
vn 0.246759 -0.969077 0.0
vn 0.246759 -0.969077 0.0
vn 0.294751 -0.955574 0.0
vn 0.294751 -0.955574 0.0
vn 0.342024 -0.939691 0.0
vn 0.342024 -0.939691 0.0
vn 0.388433 -0.921477 0.0
vn 0.388433 -0.921477 0.0
vn 0.433884 -0.900969 0.0
vn 0.433884 -0.900969 0.0
vn 0.478254 -0.878222 0.0
vn 0.478254 -0.878222 0.0
vn 0.521436 -0.853291 0.0
vn 0.521436 -0.853291 0.0
vn 0.563319 -0.82624 0.0
vn 0.563319 -0.82624 0.0
vn 0.603804 -0.797133 0.0
vn 0.603804 -0.797133 0.0
vn 0.642788 -0.766044 0.0
vn 0.642788 -0.766044 0.0
vn 0.680175 -0.733049 0.0
vn 0.680175 -0.733049 0.0
vn 0.715865 -0.698239 0.0
vn 0.715865 -0.698239 0.0
vn 0.749781 -0.661686 0.0
vn 0.749781 -0.661686 0.0
vn 0.781832 -0.623489 0.0
vn 0.781832 -0.623489 0.0
vn 0.811937 -0.583745 0.0
vn 0.811937 -0.583745 0.0
vn 0.840026 -0.542546 0.0
vn 0.840026 -0.542546 0.0
vn 0.866026 -0.499999 0.0
vn 0.866026 -0.499999 0.0
vn 0.889872 -0.456211 0.0
vn 0.889872 -0.456211 0.0
vn 0.911506 -0.411288 0.0
vn 0.911506 -0.411288 0.0
vn 0.930874 -0.36534 0.0
vn 0.930874 -0.36534 0.0
vn 0.947927 -0.318487 0.0
vn 0.947927 -0.318487 0.0
vn 0.962624 -0.270841 0.0
vn 0.962624 -0.270841 0.0
vn 0.974928 -0.222521 0.0
vn 0.974928 -0.222521 0.0
vn 0.984808 -0.173648 0.0
vn 0.984808 -0.173648 0.0
vn 0.992239 -0.124343 0.0
vn 0.992239 -0.124343 0.0
vn 0.997204 -0.07473 0.0
vn 0.997204 -0.07473 0.0
vn 0.999689 -0.024931 0.0
vn 0.999689 -0.024931 0.0
vn 0.999689 0.024931 -0.0
vn 0.999689 0.024931 0.0
vn 0.997204 0.07473 0.0
vn 0.997204 0.07473 0.0
vn 0.992239 0.124344 -0.0
vn 0.992239 0.124344 0.0
vn 0.984808 0.173647 0.0
vn 0.984808 0.173647 0.0
vn 0.974928 0.222521 0.0
vn 0.974928 0.222521 0.0
vn 0.962624 0.270841 -0.0
vn 0.962624 0.270841 0.0
vn 0.947927 0.318487 0.0
vn 0.947927 0.318487 0.0
vn 0.930874 0.36534 0.0
vn 0.930874 0.36534 0.0
vn 0.911506 0.411288 0.0
vn 0.911506 0.411288 0.0
vn 0.889872 0.456211 -0.0
vn 0.889872 0.456211 0.0
vn 0.866026 0.499999 -0.0
vn 0.866026 0.499999 0.0
vn 0.840026 0.542546 0.0
vn 0.840026 0.542546 0.0
vn 0.811937 0.583745 0.0
vn 0.811937 0.583745 0.0
vn 0.781832 0.623489 0.0
vn 0.781832 0.623489 0.0
vn 0.749781 0.661686 0.0
vn 0.715867 0.698236 -0.0
vn 0.749781 0.661686 0.0
vn 0.680173 0.733051 -0.0
vn 0.715867 0.698236 0.0
vn 0.680173 0.733051 0.0
vn 0.642787 0.766045 0.0
vn 0.642787 0.766045 0.0
vn 0.603805 0.797132 0.0
vn 0.603805 0.797132 0.0
vn 0.56332 0.826239 0.0
vn 0.56332 0.826239 0.0
vn 0.521435 0.853291 0.0
vn 0.521435 0.853291 0.0
vn 0.478255 0.878221 0.0
vn 0.433883 0.900969 -0.0
vn 0.478255 0.878221 0.0
vn 0.433883 0.900969 0.0
vn 0.388436 0.921476 0.0
vn 0.388436 0.921476 0.0
vn 0.342019 0.939693 0.0
vn 0.342019 0.939693 0.0
vn 0.294756 0.955573 0.0
vn 0.294756 0.955573 0.0
vn 0.246757 0.969077 0.0
vn 0.246757 0.969077 0.0
vn 0.198147 0.980172 0.0
vn 0.198147 0.980172 0.0
vn 0.149042 0.988831 -0.0
vn 0.149042 0.988831 0.0
vn 0.099568 0.995031 0.0
vn 0.099568 0.995031 0.0
vn 0.049846 0.998757 0.0
vn 0.049846 0.998757 0.0
vn 0.0 1.0 0.0
vn -0.0 1.0 0.0
vn -0.049846 0.998757 0.0
vn -0.049846 0.998757 0.0
vn -0.099568 0.995031 0.0
vn -0.099568 0.995031 0.0
vn -0.149042 0.988831 0.0
vn -0.149042 0.988831 0.0
vn -0.198147 0.980172 0.0
vn -0.198147 0.980172 0.0
vn -0.246757 0.969077 0.0
vn -0.246757 0.969077 0.0
vn -0.294755 0.955573 0.0
vn -0.294755 0.955573 0.0
vn -0.342019 0.939693 0.0
vn -0.342019 0.939693 0.0
vn -0.388437 0.921475 0.0
vn -0.388437 0.921475 0.0
vn -0.433883 0.900969 0.0
vn -0.433883 0.900969 0.0
vn -0.478255 0.878221 0.0
vn -0.478255 0.878221 0.0
vn -0.521435 0.853291 0.0
vn -0.56332 0.826239 0.0
vn -0.521435 0.853291 0.0
vn -0.56332 0.826239 0.0
vn -0.603803 0.797133 0.0
vn -0.642788 0.766044 0.0
vn -0.603803 0.797133 0.0
vn -0.642788 0.766044 0.0
vn -0.680173 0.733051 0.0
vn -0.680173 0.733051 0.0
vn -0.715866 0.698238 0.0
vn -0.715866 0.698238 0.0
vn -0.74978 0.661687 0.0
vn -0.74978 0.661687 0.0
vn -0.781833 0.623487 0.0
vn -0.781833 0.623487 0.0
vn -0.811936 0.583746 0.0
vn -0.840027 0.542545 0.0
vn -0.811936 0.583746 0.0
vn -0.840027 0.542545 0.0
vn -0.866026 0.499998 0.0
vn -0.866026 0.499998 0.0
vn -0.889872 0.45621 0.0
vn -0.889872 0.45621 0.0
vn -0.911505 0.411289 0.0
vn -0.911505 0.411289 0.0
vn -0.930875 0.365338 0.0
vn -0.930875 0.365338 0.0
vn -0.947927 0.318489 0.0
vn -0.947927 0.318489 0.0
vn -0.962624 0.270842 0.0
vn -0.962624 0.270842 0.0
vn -0.974928 0.222521 0.0
vn -0.974928 0.222521 0.0
vn -0.984808 0.173647 0.0
vn -0.984808 0.173647 0.0
vn -0.992239 0.124344 0.0
vn -0.992239 0.124344 0.0
vn -0.997204 0.074732 0.0
vn -0.997204 0.074732 0.0
vn -0.999689 0.024928 0.0
vn -0.999689 0.024928 0.0
vn -0.99969 -0.024907 -0.0
vn -0.99969 -0.024907 0.0
vn -0.997204 -0.074721 0.0
vn -0.997204 -0.074721 -0.0
vn -0.992237 -0.124364 0.0
vn -0.992237 -0.124364 -0.0
vn -0.984804 -0.173668 0.0
vn -0.984804 -0.173668 -0.0
vn -0.974922 -0.222546 0.0
vn -0.974922 -0.222546 -0.0
vn -0.962627 -0.270832 0.0
vn -0.962627 -0.270832 -0.0
vn -0.947943 -0.31844 0.0
vn -0.947943 -0.31844 -0.0
vn -0.930868 -0.365356 0.0
vn -0.930868 -0.365356 -0.0
vn -0.911515 -0.411267 0.0
vn -0.889863 -0.456227 0.0
vn -0.911515 -0.411267 -0.0
vn -0.889863 -0.456227 0.0
vn -0.866022 -0.500006 -0.0
vn -0.866022 -0.500006 0.0
vn -0.840041 -0.542523 -0.0
vn -0.840041 -0.542523 0.0
vn -0.811939 -0.583743 0.0
vn -0.811939 -0.583743 0.0
vn -0.781815 -0.62351 -0.0
vn -0.781815 -0.62351 0.0
vn -0.749778 -0.66169 -0.0
vn -0.749778 -0.66169 0.0
vn -0.715861 -0.698243 0.0
vn -0.715861 -0.698243 0.0
vn -0.680194 -0.733032 -0.0
vn -0.680194 -0.733032 0.0
vn -0.642771 -0.766059 -0.0
vn -0.642771 -0.766059 0.0
vn -0.603815 -0.797124 -0.0
vn -0.603815 -0.797124 0.0
vn -0.563307 -0.826248 -0.0
vn -0.563307 -0.826248 0.0
vn -0.521433 -0.853292 -0.0
vn -0.521433 -0.853292 0.0
vn -0.478261 -0.878218 0.0
vn -0.478261 -0.878218 0.0
vn -0.433878 -0.900972 0.0
vn -0.433878 -0.900972 -0.0
vn -0.388434 -0.921476 0.0
vn -0.388434 -0.921476 0.0
vn -0.342033 -0.939688 0.0
vn -0.294754 -0.955573 0.0
vn -0.342033 -0.939688 -0.0
vn -0.294754 -0.955573 0.0
vn -0.246759 -0.969077 0.0
vn -0.246759 -0.969077 -0.0
vn -0.198138 -0.980174 0.0
vn -0.149048 -0.98883 0.0
vn -0.198138 -0.980174 -0.0
vn -0.149048 -0.98883 0.0
vn -0.099564 -0.995031 0.0
vn -0.099564 -0.995031 -0.0
vn -0.049846 -0.998757 0.0
vn -0.049846 -0.998757 -0.0
vn 0.0 -1.0 0.0
vn 0.049842 -0.998757 0.0
vn -0.0 -1.0 -0.0
vn 0.049842 -0.998757 0.0
vn 0.099572 -0.99503 0.0
vn 0.099572 -0.99503 0.0
vn 0.149048 -0.98883 0.0
vn 0.149048 -0.98883 0.0
vn 0.198138 -0.980174 0.0
vn 0.198138 -0.980174 0.0
vn 0.246759 -0.969077 0.0
vn 0.246759 -0.969077 0.0
vn 0.294754 -0.955573 0.0
vn 0.294754 -0.955573 0.0
vn 0.342033 -0.939688 0.0
vn 0.342033 -0.939688 0.0
vn 0.388434 -0.921476 0.0
vn 0.388434 -0.921476 0.0
vn 0.433878 -0.900972 0.0
vn 0.433878 -0.900972 0.0
vn 0.478261 -0.878218 0.0
vn 0.478261 -0.878218 0.0
vn 0.521433 -0.853292 0.0
vn 0.521433 -0.853292 0.0
vn 0.563307 -0.826248 0.0
vn 0.563307 -0.826248 0.0
vn 0.603815 -0.797124 0.0
vn 0.603815 -0.797124 0.0
vn 0.642771 -0.766059 0.0
vn 0.642771 -0.766059 0.0
vn 0.680194 -0.733032 0.0
vn 0.680194 -0.733032 0.0
vn 0.715861 -0.698243 0.0
vn 0.715861 -0.698243 0.0
vn 0.749778 -0.66169 0.0
vn 0.749778 -0.66169 0.0
vn 0.781815 -0.62351 0.0
vn 0.781815 -0.62351 0.0
vn 0.811939 -0.583743 0.0
vn 0.811939 -0.583743 0.0
vn 0.840041 -0.542523 0.0
vn 0.840041 -0.542523 0.0
vn 0.866022 -0.500006 0.0
vn 0.866022 -0.500006 0.0
vn 0.889863 -0.456227 0.0
vn 0.889863 -0.456227 0.0
vn 0.911515 -0.411267 0.0
vn 0.911515 -0.411267 0.0
vn 0.930868 -0.365356 0.0
vn 0.930868 -0.365356 0.0
vn 0.947917 -0.318516 0.0
vn 0.947917 -0.318516 0.0
vn 0.962627 -0.270832 0.0
vn 0.962627 -0.270832 0.0
vn 0.974941 -0.222465 0.0
vn 0.974941 -0.222465 0.0
vn 0.984804 -0.173668 0.0
vn 0.984804 -0.173668 0.0
vn 0.992237 -0.124364 0.0
vn 0.992237 -0.124364 0.0
vn 0.997204 -0.074721 0.0
vn 0.997204 -0.074721 0.0
vn 0.99969 -0.024907 0.0
vn 0.99969 -0.024907 0.0
vn 0.99969 0.024907 -0.0
vn 0.99969 0.024907 0.0
vn 0.997204 0.074721 0.0
vn 0.997204 0.074721 0.0
vn 0.992237 0.124365 -0.0
vn 0.992237 0.124365 0.0
vn 0.984804 0.173668 0.0
vn 0.984804 0.173668 0.0
vn 0.974941 0.222465 0.0
vn 0.974941 0.222465 0.0
vn 0.962627 0.270832 -0.0
vn 0.962627 0.270832 0.0
vn 0.947917 0.318517 0.0
vn 0.947917 0.318517 0.0
vn 0.930868 0.365356 0.0
vn 0.930868 0.365356 0.0
vn 0.911515 0.411267 0.0
vn 0.911515 0.411267 0.0
vn 0.889863 0.456227 -0.0
vn 0.889863 0.456227 0.0
vn 0.866022 0.500006 -0.0
vn 0.866022 0.500006 0.0
vn 0.840041 0.542523 0.0
vn 0.840041 0.542523 0.0
vn 0.811939 0.583743 0.0
vn 0.811939 0.583743 0.0
vn 0.781815 0.62351 0.0
vn 0.781815 0.62351 0.0
vn 0.749778 0.66169 0.0
vn 0.715863 0.69824 -0.0
vn 0.749778 0.66169 0.0
vn 0.680192 0.733034 -0.0
vn 0.715863 0.69824 0.0
vn 0.680192 0.733034 0.0
vn 0.64277 0.766059 0.0
vn 0.64277 0.766059 0.0
vn 0.603816 0.797124 0.0
vn 0.603816 0.797124 0.0
vn 0.563307 0.826247 0.0
vn 0.563307 0.826247 0.0
vn 0.521432 0.853293 0.0
vn 0.521432 0.853293 0.0
vn 0.478262 0.878217 0.0
vn 0.433877 0.900972 -0.0
vn 0.478262 0.878217 0.0
vn 0.433877 0.900972 0.0
vn 0.388437 0.921475 0.0
vn 0.388437 0.921475 0.0
vn 0.342028 0.93969 0.0
vn 0.342028 0.93969 0.0
vn 0.294759 0.955572 0.0
vn 0.294759 0.955572 0.0
vn 0.246757 0.969077 0.0
vn 0.246757 0.969077 0.0
vn 0.198139 0.980174 0.0
vn 0.198139 0.980174 0.0
vn 0.149047 0.98883 -0.0
vn 0.149047 0.98883 0.0
vn 0.099571 0.99503 0.0
vn 0.099571 0.99503 0.0
vn 0.049842 0.998757 0.0
vn 0.049842 0.998757 0.0
vn 0.0 1.0 0.0
vn -0.0 1.0 0.0
vn -0.049846 0.998757 0.0
vn -0.049846 0.998757 0.0
vn -0.099562 0.995031 0.0
vn -0.099562 0.995031 0.0
vn -0.149047 0.98883 0.0
vn -0.149047 0.98883 0.0
vn -0.198139 0.980174 0.0
vn -0.198139 0.980174 0.0
vn -0.246757 0.969077 0.0
vn -0.246757 0.969077 0.0
vn -0.294759 0.955572 0.0
vn -0.294759 0.955572 0.0
vn -0.342028 0.93969 0.0
vn -0.342028 0.93969 0.0
vn -0.388437 0.921475 0.0
vn -0.388437 0.921475 0.0
vn -0.433877 0.900972 0.0
vn -0.433877 0.900972 0.0
vn -0.478262 0.878217 0.0
vn -0.478262 0.878217 0.0
vn -0.521432 0.853293 0.0
vn -0.563307 0.826247 0.0
vn -0.521432 0.853293 0.0
vn -0.563307 0.826247 0.0
vn -0.603816 0.797124 0.0
vn -0.64277 0.766059 0.0
vn -0.603816 0.797124 0.0
vn -0.64277 0.766059 0.0
vn -0.680192 0.733034 0.0
vn -0.680192 0.733034 0.0
vn -0.715863 0.69824 0.0
vn -0.715863 0.69824 0.0
vn -0.749778 0.66169 0.0
vn -0.749778 0.66169 0.0
vn -0.781815 0.62351 0.0
vn -0.781815 0.62351 0.0
vn -0.811939 0.583743 0.0
vn -0.840041 0.542523 0.0
vn -0.811939 0.583743 0.0
vn -0.840041 0.542523 0.0
vn -0.866022 0.500006 0.0
vn -0.866022 0.500006 0.0
vn -0.889863 0.456227 0.0
vn -0.889863 0.456227 0.0
vn -0.911515 0.411267 0.0
vn -0.911515 0.411267 0.0
vn -0.930868 0.365356 0.0
vn -0.930868 0.365356 0.0
vn -0.947943 0.318441 0.0
vn -0.947943 0.318441 0.0
vn -0.962627 0.270832 0.0
vn -0.962627 0.270832 0.0
vn -0.974922 0.222546 0.0
vn -0.974922 0.222546 0.0
vn -0.984804 0.173668 0.0
vn -0.984804 0.173668 0.0
vn -0.992237 0.124365 0.0
vn -0.992237 0.124365 0.0
vn -0.997204 0.074721 0.0
vn -0.997204 0.074721 0.0
vn -0.99969 0.024907 0.0
vn -0.99969 0.024907 0.0
vn -0.490383 0.462305 0.738782
vn -0.40439 0.546926 0.733035
vn -0.452037 0.462312 0.762844
vn -0.443671 0.547105 0.709812
vn -0.175182 0.332836 0.92657
vn -0.212205 0.459198 0.862616
vn -0.164167 0.456051 0.874681
vn -0.217231 0.445925 0.868309
vn -0.537858 0.187828 0.821845
vn -0.491363 0.314877 0.812043
vn -0.120916 0.366367 0.92258
vn -0.132627 0.363235 0.922209
vn -0.07881 0.218143 0.97273
vn -0.07547 0.220584 0.972444
vn -0.053541 0.269075 0.96163
vn -0.096495 0.211968 0.972501
vn -0.134472 0.34867 0.927549
vn -0.176479 0.332847 0.926319
vn -0.093049 0.229464 0.968859
vn -0.130883 0.213014 0.968243
vn -0.520086 0.189504 0.832826
vn -0.513683 0.182673 0.838308
vn -0.022628 0.999318 0.029181
vn -0.003258 0.998917 0.046416
vn -0.06782 0.996969 0.038118
vn -0.11296 0.993597 -0.002371
vn -0.566912 -0.010727 0.823709
vn -0.587784 0.029214 0.80849
vn -0.616965 0.017694 0.786792
vn -0.528351 0.211538 0.822251
vn -0.44808 0.31154 0.837954
vn -0.455705 0.305793 0.835957
vn -0.499089 0.1933 0.844716
vn -0.455319 0.31668 0.832105
vn -0.0424 0.992599 0.113794
vn -0.995059 0.098995 0.007656
vn -0.997622 0.057329 0.038259
vn -0.999012 0.019125 0.040104
vn -0.042764 0.000672 0.999085
vn -0.059003 0.046099 0.997193
vn -0.04201 0.001996 0.999115
vn -0.08276 0.086505 0.992808
vn -0.080966 0.006766 0.996694
vn -0.116878 0.014516 0.99304
vn -0.01455 0.11893 0.992796
vn -0.095604 0.073735 0.992685
vn -0.006041 0.083434 0.996495
vn -0.064603 0.035216 0.997289
vn -0.017387 0.042292 0.998954
vn -0.000534 0.022375 0.99975
vn -0.109065 0.958279 0.26421
vn -0.075784 0.933335 0.350917
vn -0.099643 0.944832 0.312031
vn -0.097995 0.956394 0.275151
vn -0.415534 0.90564 0.084542
vn -0.456611 0.886894 0.070188
vn -0.266023 0.9133 0.308409
vn -0.24695 0.929005 0.27562
vn -0.05741 0.91802 0.392356
vn -0.061739 0.931887 0.357457
vn -0.362984 0.899655 0.242617
vn -0.399742 0.86701 0.29749
vn -0.356245 0.836849 0.41566
vn -0.239171 0.882834 0.40423
vn -0.23217 0.890703 0.390826
vn -0.536128 0.843827 0.022853
vn -0.573489 0.81828 0.039096
vn -0.402266 0.828392 0.389807
vn -0.051305 0.841848 0.53727
vn -0.678996 0.733048 0.040067
vn -0.710904 0.700994 0.056765
vn -0.520966 0.752107 0.403645
vn -0.503469 0.806462 0.310062
vn -0.08164 0.725606 0.683251
vn -0.80028 0.599031 0.026734
vn -0.826312 0.562003 0.036898
vn -0.623758 0.732784 0.271943
vn -0.634462 0.704726 0.31752
vn -0.892734 0.443857 0.077567
vn -0.91139 0.402801 0.084379
vn -0.925767 0.359985 0.115614
vn -0.909072 0.407564 0.086482
vn -0.622498 0.623918 0.472465
vn -0.600029 0.672597 0.433104
vn -0.959125 0.109122 0.261099
vn -0.847116 0.366804 0.384511
vn -0.94602 0.09909 0.308588
vn -0.93439 0.076091 0.34803
vn -0.956943 0.096781 0.273668
vn -0.82078 0.38763 0.419598
vn -0.607551 0.609064 0.509826
vn -0.628736 0.547986 0.551726
vn -0.888435 0.238938 0.391907
vn -0.919626 0.056359 0.38873
vn -0.888961 0.224557 0.399153
vn -0.932588 0.059263 0.356044
vn -0.561225 0.219786 0.797948
vn -0.554656 0.308162 0.772912
vn -0.635226 0.293457 0.714402
vn -0.651081 0.369585 0.662948
vn -0.565045 0.649479 0.508823
vn -0.588669 0.589149 0.55351
vn -0.504808 0.175262 0.845253
vn -0.505195 0.166652 0.846762
vn -0.844197 0.049807 0.533714
vn -0.084864 0.037958 0.995669
vn -0.020502 0.015413 0.999671
vn -0.021014 0.014358 0.999676
vn -0.022192 0.013737 0.999659
vn -0.726436 0.08446 0.682025
vn -0.370801 0.651053 0.662296
vn -0.037178 0.04039 0.998492
vn -0.038321 0.038002 0.998543
vn -0.292813 0.63512 0.714761
vn -0.014072 0.022318 0.999652
vn -0.0148 0.021281 0.999664
vn -0.253123 0.597997 0.760479
vn -0.27925 0.513491 0.811385
vn -0.174367 0.500372 0.848071
vn -0.171152 0.511164 0.84227
vn -0.039545 0.086524 0.995465
vn -0.069878 0.980033 0.186154
vn -0.116699 0.99045 0.073414
vn -0.157361 0.984623 0.075862
vn -0.144254 0.978373 0.148245
vn -0.119999 0.98842 0.092881
vn -0.113937 0.97907 0.16864
vn -0.201748 0.976377 0.077364
vn -0.184629 0.97871 0.089654
vn -0.1614 0.971242 0.175039
vn -0.245405 0.964947 0.093024
vn -0.226989 0.956489 0.183315
vn -0.230595 0.967699 0.101906
vn -0.288758 0.95258 0.095967
vn -0.259051 0.961267 0.094116
vn -0.254256 0.950793 0.177052
vn -0.290533 0.94405 0.156076
vn -0.332417 0.940899 0.064864
vn -0.374496 0.924507 0.070985
vn -0.334923 0.939825 0.067494
vn -0.310884 0.93081 0.192207
vn -0.396379 0.908596 0.131672
vn -0.371005 0.925714 0.073549
vn -0.062982 0.892714 0.4462
vn -0.086354 0.924239 0.371921
vn -0.204539 0.853003 0.480156
vn -0.495019 0.863123 0.099871
vn -0.485318 0.836483 0.254485
vn -0.437519 0.894902 0.08791
vn -0.533161 0.823223 0.195048
vn -0.574672 0.814291 0.081742
vn -0.52096 0.839306 0.155455
vn -0.067072 0.8648 0.497616
vn -0.047804 0.852838 0.519983
vn -0.060309 0.89207 0.447854
vn -0.609269 0.790634 0.060739
vn -0.551672 0.832433 0.052082
vn -0.622377 0.766357 0.159197
vn -0.355785 0.788657 0.501435
vn -0.374471 0.755544 0.537517
vn -0.147488 0.846063 0.512273
vn -0.64463 0.762485 0.055392
vn -0.635536 0.770628 0.047185
vn -0.649931 0.751188 0.11535
vn -0.688867 0.722276 0.061478
vn -0.622321 0.766397 0.159226
vn -0.072985 0.801203 0.593925
vn -0.092261 0.849494 0.519469
vn -0.121795 0.818451 0.561519
vn -0.227037 0.794742 0.562885
vn -0.670302 0.729568 0.135739
vn -0.672973 0.734351 0.088526
vn -0.547517 0.665779 0.506915
vn -0.525506 0.710396 0.468168
vn -0.474799 0.74347 0.470976
vn -0.425936 0.696441 0.577537
vn -0.486971 0.721536 0.492184
vn -0.741746 0.66796 0.06035
vn -0.711579 0.700364 0.056091
vn -0.70132 0.696072 0.153731
vn -0.708939 0.703334 0.05222
vn -0.091252 0.758038 0.645795
vn -0.077648 0.802399 0.591715
vn -0.089819 0.756852 0.647385
vn -0.20414 0.693461 0.690969
vn -0.082303 0.724435 0.684412
vn -0.771399 0.633836 0.056526
vn -0.761326 0.646683 0.046726
vn -0.771848 0.615688 0.158677
vn -0.817666 0.572405 0.06145
vn -0.133549 0.740401 0.658765
vn -0.189118 0.634678 0.749279
vn -0.077147 0.688617 0.72101
vn -0.086057 0.726821 0.681414
vn -0.217193 0.669513 0.710338
vn -0.102323 0.699811 0.706962
vn -0.751812 0.627643 0.202099
vn -0.685967 0.709064 0.163331
vn -0.717668 0.640746 0.27276
vn -0.71954 0.617827 0.317101
vn -0.792847 0.581311 0.182953
vn -0.431966 0.597492 0.67558
vn -0.589994 0.588721 0.552553
vn -0.497681 0.616426 0.61019
vn -0.836459 0.485958 0.253338
vn -0.839002 0.521285 0.156006
vn -0.615166 0.505084 0.605359
vn -0.223916 0.565609 0.793693
vn -0.67818 0.593689 0.433134
vn -0.646176 0.662906 0.37817
vn -0.729156 0.571703 0.376147
vn -0.620264 0.620565 0.479763
vn -0.778395 0.558373 0.286916
vn -0.783075 0.537206 0.313373
vn -0.776975 0.486326 0.399746
vn -0.840817 0.463128 0.280249
vn 0.00445 0.557045 0.83047
vn -0.162907 0.55017 0.819008
vn -0.944752 0.31895 0.075597
vn -0.9563 0.275299 0.09849
vn -0.953139 0.273982 0.128293
vn -0.944785 0.287892 0.156523
vn -0.897579 0.367902 0.242901
vn -0.869226 0.40014 0.290404
vn -0.899166 0.361143 0.247134
vn -0.963905 0.248974 0.094333
vn -0.953253 0.244453 0.177628
vn -0.970291 0.220518 0.099535
vn -0.968225 0.231849 0.093732
vn -0.959145 0.217277 0.181193
vn -0.321848 0.466174 0.824072
vn -0.395032 0.454474 0.798375
vn -0.99615 0.077905 0.040197
vn -0.981123 0.188421 0.043526
vn -0.987521 0.143646 0.064564
vn -0.988391 0.075974 0.131572
vn -0.55162 0.39993 0.731964
vn -0.435651 0.414541 0.798977
vn -0.579898 0.330373 0.744695
vn -0.981055 0.17406 0.085057
vn -0.978926 0.141695 0.147062
vn -0.974091 0.153038 0.16651
vn -0.984479 0.137692 0.108824
vn -0.98983 0.106994 0.093751
vn -0.979412 0.076315 0.186892
vn -0.605187 0.495279 0.623256
vn -0.560225 0.430767 0.707522
vn -0.673423 0.390449 0.627734
vn -0.657575 0.475214 0.584609
vn -0.08341 0.459029 0.884497
vn -0.066176 0.500457 0.863229
vn -0.41352 0.362645 0.835159
vn -0.887493 0.301043 0.348897
vn -0.911156 0.345596 0.224407
vn -0.917913 0.267976 0.292615
vn -0.919742 0.249483 0.30304
vn -0.927325 0.240246 0.286967
vn -0.115941 0.472204 0.873831
vn -0.248189 0.385069 0.888889
vn -0.143704 0.370229 0.917758
vn -0.110944 0.452392 0.884892
vn -0.242541 0.367819 0.89771
vn -0.459996 0.341882 0.819463
vn -0.404957 0.354403 0.842857
vn -0.64377 0.556705 0.525014
vn -0.683976 0.597918 0.417936
vn -0.69848 0.560477 0.444963
vn -0.778278 0.452503 0.435343
vn -0.667338 0.546287 0.506192
vn -0.194811 0.283493 0.938978
vn -0.179764 0.383783 0.905757
vn -0.470842 0.255718 0.844344
vn -0.236243 0.297787 0.924939
vn -0.287743 0.260754 0.921527
vn -0.230799 0.205086 0.951142
vn -0.222213 0.272585 0.936119
vn -0.271567 0.238158 0.932487
vn -0.449565 0.204163 0.869603
vn -0.446324 0.23795 0.862655
vn -0.449082 0.237232 0.861421
vn -0.229001 0.152748 0.961367
vn -0.23139 0.205286 0.950955
vn -0.758926 0.369938 0.535888
vn -0.790239 0.353123 0.500825
vn -0.697682 0.423756 0.577643
vn -0.745428 0.47289 0.469799
vn -0.228906 0.152709 0.961396
vn -0.241929 0.143471 0.959628
vn -0.219532 0.11802 0.968441
vn -0.159192 0.091668 0.982983
vn -0.208895 0.112652 0.971428
vn -0.209566 0.124881 0.969787
vn -0.89432 0.06259 0.443028
vn -0.854519 0.199387 0.479627
vn -0.925974 0.084957 0.367906
vn -0.361782 0.133727 0.922622
vn -0.317306 0.099182 0.943122
vn -0.628835 0.548019 0.55158
vn -0.628796 0.548046 0.551599
vn -0.676253 0.451523 0.582072
vn -0.616591 0.495566 0.611744
vn -0.589039 0.588778 0.55351
vn -0.401812 0.122909 0.907436
vn -0.321604 0.063085 0.94477
vn -0.64026 0.38402 0.665279
vn -0.580107 0.499804 0.643173
vn -0.645864 0.422079 0.636167
vn -0.544994 0.498252 0.674334
vn -0.559401 0.643956 0.52191
vn -0.57546 0.60319 0.552275
vn -0.170617 0.035612 0.984694
vn -0.178355 0.029576 0.983522
vn -0.112882 0.058304 0.991896
vn -0.165502 0.090993 0.982003
vn -0.164828 0.099159 0.981325
vn -0.221004 0.052453 0.973861
vn -0.16794 0.040931 0.984947
vn -0.166846 0.042197 0.98508
vn -0.618544 0.279142 0.734495
vn -0.600533 0.248072 0.760145
vn -0.410454 0.095892 0.906825
vn -0.328685 0.055249 0.942822
vn -0.276711 0.069845 0.958411
vn -0.409191 0.114306 0.905261
vn -0.226042 0.045918 0.973035
vn -0.16872 0.0318 0.985151
vn -0.231222 0.033208 0.972334
vn -0.893203 0.058058 0.445889
vn -0.867029 0.065479 0.493936
vn -0.543577 0.228359 0.807698
vn -0.564141 0.221955 0.795287
vn -0.521141 0.154281 0.83941
vn -0.541387 0.463562 0.701434
vn -0.609975 0.383455 0.693465
vn -0.827218 0.056857 0.558997
vn -0.872567 0.074627 0.482761
vn -0.854019 0.146254 0.499261
vn -0.759485 0.186743 0.623145
vn -0.375664 0.105642 0.920715
vn -0.281452 0.036077 0.958897
vn -0.504955 0.614296 0.606351
vn -0.193439 0.038372 0.980362
vn -0.173306 0.022412 0.984613
vn -0.140714 0.042035 0.989158
vn -0.214997 0.024551 0.976306
vn -0.123841 0.042867 0.991376
vn -0.157581 0.009288 0.987462
vn -0.215131 0.022925 0.976316
vn -0.213926 0.025702 0.976512
vn -0.104229 0.021659 0.994318
vn -0.107597 0.042572 0.993283
vn -0.129177 7.7e-05 0.991622
vn -0.560614 0.354193 0.748505
vn -0.556771 0.335213 0.760025
vn -0.444699 0.214739 0.869557
vn -0.851631 0.089366 0.516468
vn -0.821714 0.116082 0.557952
vn -0.803594 0.071947 0.590813
vn -0.496616 0.626305 0.600928
vn -0.494626 0.54848 0.674177
vn -0.464493 0.653146 0.598036
vn -0.381614 0.642952 0.664066
vn -0.494948 0.604201 0.624474
vn -0.469897 0.668854 0.576047
vn -0.461509 0.66043 0.592319
vn -0.391717 0.673242 0.627138
vn -0.483919 0.408178 0.774089
vn -0.48524 0.416826 0.768634
vn -0.395524 0.270053 0.877856
vn -0.460602 0.544976 0.700605
vn -0.381038 0.612771 0.692331
vn -0.804472 0.0753 0.589198
vn -0.760706 0.090126 0.642809
vn -0.517934 0.507024 0.688963
vn -0.486343 0.611767 0.623868
vn -0.43286 0.556762 0.708977
vn -0.758897 0.088017 0.645235
vn -0.72972 0.082239 0.678782
vn -0.409119 0.483021 0.774153
vn -0.410133 0.492911 0.767353
vn -0.743263 0.124828 0.65725
vn -0.025625 0.083944 0.996141
vn -0.122741 0.060385 0.9906
vn -0.049842 0.041146 0.997909
vn -0.047502 0.043963 0.997903
vn -0.704488 0.095354 0.703281
vn -0.673221 0.208747 0.709365
vn -0.726156 0.083441 0.682448
vn -0.691319 0.076498 0.718488
vn -0.34216 0.552374 0.760138
vn -0.279755 0.62002 0.733016
vn -0.299761 0.50493 0.809437
vn -0.343296 0.571553 0.745302
vn -0.047946 0.046893 0.997749
vn -0.050431 0.045646 0.997684
vn -0.063091 0.03083 0.997531
vn -0.050792 0.082784 0.995272
vn -0.085082 0.048714 0.995182
vn -0.385372 0.526731 0.757657
vn -0.453855 0.46282 0.761455
vn -0.37105 0.575272 0.728961
vn -0.337526 0.579615 0.741703
vn -0.043138 0.051379 0.997747
vn -0.06085 0.055998 0.996575
vn -0.038723 0.056545 0.997649
vn -0.571041 0.214028 0.79253
vn -0.038854 0.050791 0.997953
vn -0.044288 0.048141 0.997858
vn -0.0866 -0.002334 0.99624
vn -0.063969 0.121957 0.990472
vn -0.562668 -0.009989 0.826623
vn -0.555438 0.151948 0.817558
vn -0.291561 0.503239 0.813476
vn -0.353643 0.391546 0.849487
vn -0.46453 0.079142 0.882014
vn -0.506003 0.060381 0.860416
vn -0.207807 0.448325 0.86938
vn -0.241288 0.445021 0.862402
vn -0.241239 0.445209 0.862318
vn -0.477202 0.10951 0.871944
vn -0.096841 0.412575 0.905761
vn -0.070517 0.280251 0.957333
vn -0.10632 0.379126 0.919217
vn -0.036346 0.284913 0.957864
vn -0.372856 0.23733 0.897024
vn -0.375002 0.141037 0.916232
vn -0.457069 0.105392 0.883165
vn -0.088077 0.302395 0.949105
vn -0.151838 0.379645 0.912587
vn -0.090725 0.363191 0.927287
vn -0.115113 0.411336 0.904186
vn -0.055999 0.331328 0.941852
vn -0.28721 0.193917 0.938033
vn -0.388498 0.175864 0.904512
vn -0.265665 0.284464 0.921142
vn -0.301536 0.234435 0.924184
vn -0.022337 0.217352 0.975838
vn -0.038497 0.108414 0.99336
vn -0.043103 0.106447 0.993384
vn -0.02367 0.102545 0.994447
vn -0.026233 0.215993 0.976043
vn -0.007242 0.154608 0.987949
vn -0.242673 0.269163 0.93202
vn -0.276 0.221254 0.935345
vn -0.207404 0.231936 0.950363
vn -0.007747 0.154164 0.988015
vn -0.042772 0.139196 0.989341
vn -0.024858 0.217112 0.97583
vn -0.226602 0.212846 0.950446
vn -0.207399 0.231921 0.950367
vn -0.214834 0.248125 0.944606
vn -0.154773 0.230621 0.960656
vn -0.033616 0.231752 0.972194
vn -0.039276 0.196915 0.979634
vn -0.020155 0.172925 0.984729
vn -0.147094 0.24167 0.959145
vn -0.154836 0.230769 0.96061
vn -0.045677 0.227591 0.972685
vn -0.043571 0.166803 0.985027
vn -0.030757 0.168445 0.985231
vn -0.052436 0.222909 0.973428
vn -0.040453 0.169241 0.984744
vn -0.030552 0.178381 0.983487
vn -0.037005 0.170746 0.98462
vn -0.058597 0.114938 0.991643
vn -0.121206 0.219849 0.967975
vn -0.102653 0.167356 0.980538
vn -0.126609 0.212007 0.969032
vn -0.09215 0.167926 0.981483
vn -0.113987 0.211584 0.97069
vn -0.092751 0.162408 0.982355
vn -0.323971 0.817844 0.475578
vn -0.223378 0.855034 0.467994
vn -0.222104 0.839373 0.496107
vn -0.224115 0.836897 0.499376
vn -0.322503 0.79062 0.520492
vn -0.286283 0.781813 0.553904
vn -0.175994 0.821615 0.542194
vn -0.241768 0.809971 0.534317
vn -0.301977 0.718749 0.626267
vn -0.193868 0.790547 0.580905
vn -0.192249 0.749572 0.63339
vn -0.340555 0.72111 0.603343
vn -0.222715 0.747348 0.625995
vn -0.192643 0.73611 0.648869
vn -0.301103 0.70083 0.646664
vn -0.294606 0.698844 0.651786
vn -0.330007 0.633924 0.699454
vn -0.542831 0.547694 0.636684
vn -0.517309 0.604365 0.605916
vn -0.403034 0.639705 0.654478
vn -0.433905 0.671719 0.600433
vn -0.505917 0.592905 0.626508
vn -0.869925 0.491525 0.040409
vn -0.850607 0.523851 0.045252
vn -0.873878 0.485035 0.032837
vn -0.867767 0.465008 0.175353
vn -0.832606 0.553062 0.029839
vn -0.835023 0.531433 0.142529
vn -0.0377 0.667714 0.743463
vn -0.035641 0.674857 0.737087
vn -0.185761 0.642147 0.743733
vn -0.128219 0.628414 0.767239
vn -0.281468 0.581633 0.763203
vn -0.180215 0.661762 0.727732
vn -0.276589 0.60172 0.749287
vn -0.395494 0.55627 0.730855
vn -0.319568 0.618391 0.717962
vn -0.318053 0.620533 0.716785
vn -0.148402 0.602827 0.783949
vn -0.143006 0.564019 0.813285
vn -0.014236 0.637099 0.77065
vn -0.049075 0.638477 0.768075
vn -0.017552 0.663704 0.74779
vn -0.136217 0.597892 0.789918
vn -0.242777 0.54044 0.805595
vn -0.235068 0.574468 0.784047
vn -0.254293 0.552663 0.793661
vn -0.359641 0.507252 0.783169
vn -0.247704 0.514966 0.820641
vn -0.353256 0.47707 0.804745
vn -0.186716 0.51912 0.834057
vn -0.266345 0.513551 0.815675
vn -0.522074 0.527008 0.670598
vn -0.597301 0.504116 0.623778
vn -0.604573 0.473357 0.640644
vn -0.372588 0.531739 0.760547
vn -0.469212 0.447597 0.761247
vn -0.348345 0.504913 0.789759
vn -0.381801 0.516254 0.766622
vn -0.28927 0.48013 0.82813
vn -0.168379 0.503947 0.847163
vn -0.276625 0.476161 0.834715
vn -0.297172 0.44017 0.847313
vn -0.274583 0.415155 0.867324
vn -0.356973 0.402408 0.842994
vn -0.236997 0.41586 0.878005
vn -0.258527 0.432638 0.863706
vn -0.274842 0.414073 0.867759
vn -0.361639 0.373249 0.854343
vn -0.374211 0.31884 0.870808
vn -0.362749 0.373998 0.853544
vn -0.276596 0.37785 0.883586
vn -0.258217 0.311133 0.914615
vn -0.348094 0.293944 0.890184
vn -0.401489 0.290407 0.868602
vn -0.357726 0.227187 0.905769
vn -0.285312 0.292053 0.912854
vn -0.382772 0.239564 0.892241
vn -0.315938 0.309423 0.896906
vn -0.322081 0.097894 0.941637
vn -0.280985 0.240699 0.929038
vn -0.358173 0.165444 0.91888
vn -0.255096 0.181161 0.949793
vn -0.246619 0.181469 0.951971
vn -0.820426 0.319892 0.473889
vn -0.856933 0.220152 0.466046
vn -0.841143 0.21925 0.494376
vn -0.793359 0.319099 0.518417
vn -0.839531 0.220594 0.496513
vn -0.784214 0.282971 0.55221
vn -0.827395 0.2107 0.520599
vn -0.826569 0.180311 0.533171
vn -0.70771 0.320708 0.629518
vn -0.817042 0.239526 0.524471
vn -0.793312 0.236032 0.561199
vn -0.550759 0.53962 0.636769
vn -0.586376 0.535389 0.607883
vn -0.419878 0.19429 0.88654
vn -0.319263 0.185808 0.929272
vn -0.231972 0.107704 0.966741
vn -0.3891 0.147397 0.909327
vn -0.318455 0.181954 0.930311
vn -0.393311 0.098713 0.914091
vn -0.359358 0.124065 0.924916
vn -0.326555 0.289924 0.899614
vn -0.487846 0.316251 0.813629
vn -0.32373 0.273517 0.905752
vn -0.417955 0.352393 0.837337
vn -0.404449 0.350677 0.844658
vn -0.386167 0.226756 0.894124
vn -0.480559 0.283156 0.829991
vn -0.768856 0.186736 0.611548
vn -0.745512 0.202714 0.634917
vn -0.233054 0.094863 0.967826
vn -0.233279 0.087146 0.968497
vn -0.106759 -0.005617 0.994269
vn -0.051565 0.028806 0.998254
vn -0.053105 0.026632 0.998234
vn -0.054398 0.010226 0.998467
vn -0.234349 0.094447 0.967554
vn -0.1144 0.068755 0.991053
vn -0.706677 0.184432 0.683076
vn -0.738769 0.185662 0.647881
vn -0.623022 0.309057 0.718559
vn -0.685644 0.162625 0.709539
vn -0.700359 0.231173 0.67532
vn -0.142725 0.123262 0.982057
vn -0.208904 0.131458 0.96906
vn -0.283681 0.223051 0.932616
vn -0.283715 0.170535 0.943622
vn -0.133559 0.126677 0.982911
vn -0.235498 0.202292 0.950589
vn -0.229457 0.203033 0.951907
vn -0.124451 0.122911 0.984584
vn -0.149115 0.119069 0.981625
vn -0.235672 0.201923 0.950624
vn -0.136188 0.100164 0.985606
vn -0.136377 0.138195 0.980971
vn -0.573525 0.399497 0.715173
vn -0.526684 0.498088 0.688848
vn -0.296816 0.4704 0.831038
vn -0.28958 0.32917 0.898771
vn -0.245239 0.371179 0.895591
vn -0.249925 0.417415 0.873671
vn -0.271042 0.325978 0.90569
vn -0.34837 0.406581 0.844589
vn -0.350305 0.421833 0.836268
vn -0.665657 0.174126 0.725659
vn -0.586435 0.273873 0.762291
vn -0.536457 0.364372 0.761214
vn -0.452904 0.461869 0.762597
vn -0.202012 0.230347 0.951909
vn -0.09694 0.13526 0.986056
vn -0.201508 0.238054 0.950118
vn -0.121722 0.126707 0.984444
vn -0.13626 0.138312 0.980971
vn -0.646026 0.180205 0.741738
vn -0.677621 0.035733 0.734542
vn -0.632143 0.123769 0.764903
vn -0.669939 0.038138 0.741436
vn -0.578991 0.22801 0.782803
vn -0.521529 0.373351 0.767213
vn -0.509766 0.340008 0.790274
vn -0.545235 0.236529 0.804222
vn -0.482606 0.345526 0.8048
vn -0.557089 0.247143 0.792826
vn -0.519344 0.241752 0.819657
vn -0.513756 0.351035 0.782834
vn -0.19968 0.239156 0.950227
vn -0.103262 0.138455 0.984971
vn -0.224331 0.286554 0.93143
vn -0.172875 0.290041 0.941271
vn -0.130572 0.134593 0.98226
vn -0.129231 0.137107 0.98209
vn -0.129743 0.214117 0.968153
vn -0.601646 0.132511 0.787694
vn -0.665664 0.016666 0.746066
vn -0.606253 0.1436 0.7822
vn -0.568192 0.139415 0.811
vn -0.639699 0.014113 0.768496
vn -0.640679 0.037577 0.766889
vn -0.244593 0.549524 0.798873
vn -0.261966 0.591494 0.762567
vn -0.153979 0.524386 0.837442
vn -0.236979 0.595254 0.767798
vn -0.40843 0.471977 0.781296
vn -0.375622 0.438082 0.816696
vn -0.391708 0.430442 0.813194
vn -0.480701 0.321077 0.815988
vn -0.46684 0.167325 0.868368
vn -0.473762 0.312802 0.823228
vn -0.388415 0.241551 0.889262
vn -0.366779 0.37867 0.849754
vn -0.438242 0.247513 0.864107
vn -0.329294 0.37293 0.867461
vn -0.389586 0.243339 0.888262
vn -0.419819 0.264799 0.86812
vn -0.029211 0.0513 0.998256
vn -0.008437 0.0536 0.998527
vn -0.070168 0.115855 0.990784
vn 0.020757 0.110275 0.993684
vn -0.030323 0.059251 0.997782
vn -0.001194 0.068941 0.99762
vn -0.315583 0.2545 0.914132
vn -0.298781 0.341457 0.891144
vn -0.295177 0.396832 0.869135
vn -0.38336 0.271583 0.882767
vn -0.313932 0.311971 0.896728
vn -0.295857 0.281137 0.912924
vn -0.231211 0.354873 0.905873
vn -0.243637 0.379204 0.892662
vn -0.52425 0.518826 0.675264
vn -0.428234 0.576536 0.69586
vn -0.507673 0.502347 0.69994
vn -0.422926 0.588032 0.689458
vn -0.401432 0.548317 0.733622
vn -0.487335 0.505042 0.712346
vn -0.401591 0.546339 0.735009
vn -0.485704 0.531422 0.694034
vn 0.002631 0.581792 0.813333
vn -0.174942 0.55705 0.811844
vn -0.017104 0.591524 0.806106
vn -0.172824 0.527697 0.831666
vn -0.005954 0.615893 0.787807
vn -0.166115 0.525594 0.83436
vn -0.000626 0.584363 0.811492
vn 0.006355 0.573168 0.819414
vn -0.175969 0.513077 0.840111
vn -0.170023 0.504601 0.846445
vn -0.468696 0.48635 0.73742
vn -0.552354 0.439656 0.708243
vn -0.468343 0.486777 0.737362
vn -0.551958 0.400245 0.731537
vn -0.469344 0.447335 0.76132
vn -0.591069 0.451743 0.668256
vn -0.642332 0.485751 0.592837
vn -0.70646 0.343366 0.618881
vn -0.715328 0.338454 0.611355
vn -0.609199 0.421016 0.672029
vn -0.699082 0.310927 0.643902
vn -0.672909 0.312115 0.670655
vn -0.601152 0.425449 0.676468
vn -0.670499 0.298658 0.679143
vn -0.635114 0.432623 0.639896
vn -0.583544 0.387452 0.713692
vn -0.554444 0.380901 0.739937
vn -0.589987 0.272933 0.759883
vn -0.616135 0.303055 0.727005
vn -0.633724 0.281746 0.720426
vn -0.491845 0.461084 0.738573
vn 0.0 0.0 1.0
vn 0.0 0.0 1.0
vn 0.0 0.0 1.0
vn 0.0 0.0 1.0
vn 0.0 0.0 1.0
vn 0.0 0.0 1.0
vn 0.0 0.0 1.0
vn 0.0 0.0 1.0
vn 0.0 0.0 1.0
vn 0.0 0.0 1.0
vn 0.0 0.0 1.0
vn 0.0 0.0 1.0
vn 0.0 0.0 1.0
vn 0.0 0.0 1.0
vn 0.0 0.0 1.0
vn 0.0 0.0 1.0
vn 0.0 0.0 1.0
vn 0.0 0.0 1.0
vn 0.0 0.0 1.0
vn 0.0 0.0 1.0
vn 0.0 0.0 1.0
vn 0.0 0.0 1.0
vn 0.0 0.0 1.0
vn 0.0 0.0 1.0
vn 0.0 0.0 1.0
vn 0.0 0.0 1.0
vn 0.0 0.0 1.0
vn 0.0 0.0 1.0
vn 0.0 0.0 1.0
vn 0.0 0.0 1.0
vn 0.0 0.0 1.0
vn 0.0 0.0 1.0
vn 0.0 0.0 1.0
vn 0.0 0.0 1.0
vn 0.0 0.0 1.0
vn 0.0 0.0 1.0
vn 0.0 0.0 1.0
vn 0.0 0.0 1.0
vn 0.0 0.0 1.0
vn 0.0 0.0 1.0
vn 0.0 0.0 1.0
vn 0.0 0.0 1.0
vn 0.0 0.0 1.0
vn 0.0 0.0 1.0
vn 0.0 0.0 1.0
vn 0.0 0.0 1.0
vn 0.0 0.0 1.0
vn 0.0 0.0 1.0
vn 0.0 0.0 1.0
vn 0.0 0.0 1.0
vn 0.0 0.0 1.0
vn 0.0 0.0 1.0
vn 0.0 0.0 1.0
vn 0.0 0.0 1.0
vn 0.0 0.0 1.0
vn 0.0 0.0 1.0
vn 0.0 0.0 1.0
vn 0.0 0.0 1.0
vn 0.0 0.0 1.0
vn 0.0 0.0 1.0
vn 0.0 0.0 1.0
vn 0.0 0.0 1.0
vn 0.0 0.0 1.0
vn 0.0 0.0 1.0
vn 0.0 0.0 1.0
vn 0.0 0.0 1.0
vn 0.0 0.0 1.0
vn 0.0 0.0 1.0
vn 0.0 0.0 1.0
vn 0.0 0.0 1.0
vn 0.0 0.0 1.0
vn 0.0 0.0 1.0
vn 0.0 0.0 1.0
vn 0.0 0.0 1.0
vn 0.304811 0.514272 0.801632
vn 0.391855 0.462694 0.795213
vn 0.304037 0.517034 0.800148
vn 0.343298 0.470572 0.81284
vn 0.269127 0.473292 0.838788
vn 0.393531 0.455487 0.798539
vn 0.546925 0.404383 0.733039
vn 0.462319 0.452026 0.762846
vn 0.547104 0.44368 0.709807
vn 0.462295 0.490396 0.738779
vn 0.461091 0.491838 0.738573
vn 0.347569 0.414052 0.841283
vn 0.258831 0.462007 0.848267
vn 0.305243 0.465335 0.830837
vn 0.269483 0.481927 0.833742
vn 0.357431 0.43063 0.828734
vn 0.401931 0.344536 0.848379
vn 0.278449 0.424959 0.861322
vn 0.278042 0.434797 0.85653
vn 0.402612 0.376997 0.834133
vn 0.245892 0.418565 0.874266
vn 0.285433 0.083996 0.954711
vn 0.277312 0.092244 0.956341
vn 0.171014 0.076874 0.982265
vn 0.26984 0.052719 0.961461
vn 0.168159 0.050869 0.984446
vn 0.206286 0.137824 0.968737
vn 0.308389 0.153188 0.938845
vn 0.196862 0.078251 0.977304
vn 0.152649 0.105065 0.98268
vn 0.300004 0.115177 0.946959
vn 0.314335 0.146748 0.937901
vn 0.057329 0.997623 0.038235
vn 0.019115 0.999014 0.040081
vn 0.099012 0.995057 0.007619
vn 0.58631 0.280366 0.760023
vn 0.61185 0.310382 0.727531
vn 0.548579 0.388264 0.740481
vn 0.629004 0.289691 0.721411
vn 0.57842 0.395536 0.71343
vn 0.486355 0.468699 0.737415
vn 0.439663 0.552354 0.708238
vn 0.400242 0.551959 0.731538
vn 0.447332 0.469342 0.761322
vn 0.486788 0.468341 0.737356
vn 0.17511 0.32924 0.927867
vn 0.217103 0.44267 0.870005
vn 0.212273 0.455543 0.864535
vn 0.172024 0.452982 0.874766
vn 0.13006 0.301553 0.944537
vn 0.163295 0.329131 0.930058
vn 0.13839 0.293764 0.945807
vn 0.157185 0.518906 0.840255
vn 0.129181 0.392518 0.910627
vn 0.208271 0.422032 0.882333
vn 0.149281 0.519134 0.841555
vn 0.125018 0.399662 0.908097
vn 0.051311 0.167658 0.984509
vn 0.075266 0.169531 0.982646
vn 0.084309 0.281791 0.955764
vn 0.09179 0.273858 0.95738
vn 0.051058 0.267485 0.962208
vn 0.999318 0.022612 0.029191
vn 0.998917 0.003258 0.046412
vn 0.99697 0.067817 0.038115
vn 0.993596 0.112962 -0.002379
vn 0.992599 0.042396 0.113797
vn 0.035215 0.064604 0.997289
vn 0.042291 0.017388 0.998954
vn 0.022375 0.000534 0.99975
vn 0.073734 0.095606 0.992685
vn 0.083433 0.006041 0.996495
vn 0.118929 0.01455 0.992796
vn 0.014513 0.11688 0.99304
vn 0.086508 0.082758 0.992808
vn 0.006765 0.080964 0.996694
vn 0.046099 0.059002 0.997193
vn 0.001996 0.042009 0.999115
vn 0.000672 0.042762 0.999085
vn 0.109125 0.959127 0.261089
vn 0.359983 0.925769 0.115604
vn 0.099086 0.946021 0.308586
vn 0.076093 0.934394 0.348019
vn 0.096778 0.956944 0.273665
vn 0.443881 0.892724 0.077548
vn 0.402796 0.911394 0.084364
vn 0.407565 0.909073 0.08647
vn 0.245099 0.929816 0.274532
vn 0.263079 0.915185 0.305329
vn 0.056352 0.919627 0.388728
vn 0.059256 0.932591 0.356037
vn 0.362697 0.899838 0.242368
vn 0.3985 0.868299 0.295389
vn 0.228658 0.892126 0.38965
vn 0.234829 0.885255 0.40147
vn 0.59902 0.800287 0.02674
vn 0.561999 0.826314 0.036902
vn 0.366803 0.84712 0.384504
vn 0.387634 0.820778 0.419599
vn 0.049826 0.844181 0.533738
vn 0.733049 0.678994 0.040084
vn 0.701002 0.710896 0.056779
vn 0.520759 0.752686 0.402831
vn 0.503317 0.806214 0.310951
vn 0.084453 0.726441 0.68202
vn 0.843827 0.536129 0.022836
vn 0.81828 0.57349 0.039079
vn 0.624012 0.732388 0.272428
vn 0.634749 0.70449 0.31747
vn 0.90564 0.415536 0.084538
vn 0.8869 0.456598 0.070189
vn 0.899651 0.362988 0.242627
vn 0.958278 0.109065 0.264214
vn 0.867015 0.399735 0.297484
vn 0.956393 0.097996 0.275153
vn 0.933337 0.075783 0.350912
vn 0.944835 0.099644 0.312024
vn 0.828393 0.402272 0.389799
vn 0.836852 0.356237 0.41566
vn 0.608494 0.608122 0.509827
vn 0.630269 0.545503 0.552438
vn 0.887129 0.227521 0.401543
vn 0.886429 0.243829 0.393436
vn 0.931889 0.061736 0.357453
vn 0.91802 0.057406 0.392357
vn 0.651052 0.370799 0.662299
vn 0.635119 0.292816 0.71476
vn 0.590168 0.588553 0.552546
vn 0.566961 0.647598 0.50909
vn 0.505506 0.178377 0.844183
vn 0.506029 0.167176 0.84616
vn 0.841851 0.051309 0.537266
vn 0.086524 0.039544 0.995465
vn 0.021281 0.0148 0.999664
vn 0.725603 0.081645 0.683253
vn 0.040391 0.037177 0.998492
vn 0.038002 0.038322 0.998543
vn 0.331492 0.678201 0.655863
vn 0.330556 0.607913 0.721924
vn 0.595489 0.009475 0.803308
vn 0.30816 0.554659 0.772911
vn 0.015414 0.020502 0.999671
vn 0.014358 0.021015 0.999676
vn 0.219778 0.561228 0.797948
vn 0.169711 0.509173 0.843766
vn 0.172179 0.500838 0.848243
vn 0.03796 0.084864 0.995669
vn 0.075975 0.988388 0.131594
vn 0.188422 0.981123 0.043523
vn 0.143658 0.98752 0.064555
vn 0.077907 0.99615 0.040185
vn 0.07632 0.979411 0.186895
vn 0.141693 0.978925 0.147069
vn 0.137675 0.984479 0.108843
vn 0.106991 0.989828 0.093778
vn 0.231836 0.968227 0.093747
vn 0.174049 0.981055 0.085072
vn 0.153031 0.974092 0.166509
vn 0.217312 0.959136 0.181201
vn 0.220554 0.970284 0.099525
vn 0.318943 0.944754 0.075606
vn 0.275301 0.956299 0.098495
vn 0.24443 0.953256 0.177643
vn 0.273993 0.953138 0.128281
vn 0.287907 0.944781 0.15652
vn 0.248951 0.963911 0.094334
vn 0.062575 0.894318 0.443034
vn 0.084942 0.925973 0.367911
vn 0.199379 0.854516 0.479636
vn 0.533172 0.823434 0.194124
vn 0.521284 0.839003 0.156003
vn 0.485954 0.836459 0.253348
vn 0.065478 0.867033 0.49393
vn 0.058058 0.893205 0.445885
vn 0.647611 0.749938 0.134882
vn 0.633837 0.771398 0.056526
vn 0.572399 0.81767 0.061451
vn 0.615681 0.771854 0.158676
vn 0.056864 0.82723 0.558978
vn 0.074632 0.872573 0.482748
vn 0.353124 0.790234 0.500832
vn 0.369934 0.758934 0.535881
vn 0.18675 0.7595 0.623125
vn 0.146263 0.85403 0.499239
vn 0.640377 0.759495 0.114385
vn 0.667965 0.741742 0.060344
vn 0.64669 0.76132 0.046722
vn 0.700355 0.711588 0.056088
vn 0.071953 0.803605 0.590797
vn 0.089361 0.85161 0.516503
vn 0.220785 0.797632 0.561282
vn 0.116068 0.821702 0.557973
vn 0.703337 0.708937 0.052201
vn 0.696075 0.701318 0.153729
vn 0.486341 0.721358 0.493067
vn 0.472887 0.745425 0.469807
vn 0.423758 0.697683 0.57764
vn 0.546291 0.667338 0.506187
vn 0.762478 0.644639 0.055396
vn 0.722284 0.688858 0.06148
vn 0.729559 0.670311 0.135743
vn 0.734345 0.672983 0.088496
vn 0.090127 0.760703 0.642812
vn 0.075297 0.804481 0.589186
vn 0.088004 0.758881 0.645255
vn 0.082231 0.729728 0.678775
vn 0.790634 0.609269 0.060735
vn 0.766364 0.622368 0.159201
vn 0.832445 0.551654 0.052077
vn 0.770629 0.635536 0.047181
vn 0.124849 0.74328 0.657227
vn 0.186568 0.645442 0.740673
vn 0.076487 0.691327 0.718482
vn 0.083429 0.72616 0.682446
vn 0.095352 0.704475 0.703295
vn 0.208724 0.673214 0.709378
vn 0.602941 0.674372 0.426244
vn 0.620565 0.620265 0.479761
vn 0.556709 0.64377 0.525009
vn 0.597918 0.683973 0.417942
vn 0.71794 0.640587 0.272415
vn 0.719896 0.617454 0.317018
vn 0.688692 0.704447 0.171632
vn 0.794101 0.580518 0.180008
vn 0.762324 0.615367 0.200461
vn 0.426053 0.601822 0.675492
vn 0.495567 0.616588 0.611746
vn 0.588778 0.589037 0.553512
vn 0.86312 0.495026 0.09987
vn 0.836482 0.485315 0.254495
vn 0.839302 0.520965 0.15546
vn 0.814284 0.574683 0.08174
vn 0.894906 0.437512 0.087906
vn 0.940901 0.332413 0.064861
vn 0.924504 0.374506 0.070983
vn 0.92571 0.371015 0.073546
vn 0.908592 0.396388 0.131667
vn 0.614294 0.504961 0.606348
vn 0.214009 0.571036 0.792539
vn 0.652254 0.651662 0.387171
vn 0.646673 0.662438 0.378139
vn 0.621155 0.619719 0.479703
vn 0.620717 0.619901 0.480035
vn 0.729659 0.571496 0.375487
vn 0.50703 0.517928 0.688964
vn 0.840688 0.463572 0.279901
vn 0.783292 0.537273 0.312715
vn 0.776469 0.486633 0.400356
vn 0.778674 0.557836 0.287204
vn -0.009978 0.562668 0.826623
vn 0.151937 0.555439 0.817559
vn 0.952583 0.288744 0.09598
vn 0.930809 0.310887 0.192206
vn 0.939824 0.334925 0.067498
vn 0.944051 0.290533 0.15607
vn 0.961278 0.259006 0.094126
vn 0.950801 0.25421 0.177071
vn 0.967695 0.230615 0.101898
vn 0.956484 0.227009 0.183318
vn 0.964945 0.245413 0.093024
vn 0.971242 0.161399 0.17504
vn 0.978711 0.184629 0.089654
vn 0.978373 0.144255 0.148247
vn 0.976377 0.201748 0.077363
vn 0.556771 0.432858 0.708971
vn 0.604197 0.494952 0.624474
vn 0.611772 0.486337 0.623868
vn 0.673243 0.391717 0.627137
vn 0.079142 0.464524 0.882017
vn 0.060377 0.506006 0.860414
vn 0.99045 0.116707 0.073409
vn 0.97907 0.11394 0.168641
vn 0.988419 0.120003 0.092879
vn 0.980032 0.069885 0.186153
vn 0.984622 0.157372 0.075857
vn 0.916111 0.271071 0.2954
vn 0.924572 0.260701 0.277851
vn 0.918074 0.252055 0.305954
vn 0.926452 0.241968 0.288337
vn 0.109514 0.477197 0.871946
vn 0.526728 0.385364 0.757662
vn 0.575285 0.371037 0.728957
vn 0.579625 0.337532 0.741692
vn 0.14103 0.375014 0.916229
vn 0.237329 0.372847 0.897028
vn 0.105394 0.457059 0.88317
vn 0.698658 0.560275 0.444937
vn 0.777882 0.45361 0.434899
vn 0.644463 0.556868 0.52399
vn 0.665783 0.547512 0.506915
vn 0.683979 0.59788 0.417986
vn 0.175853 0.388509 0.904509
vn 0.193911 0.287208 0.938035
vn 0.234428 0.301535 0.924186
vn 0.284469 0.265654 0.921143
vn 0.23194 0.2074 0.950363
vn 0.221256 0.276015 0.93534
vn 0.269178 0.242678 0.932014
vn 0.445018 0.241293 0.862402
vn 0.448323 0.207807 0.869381
vn 0.4452 0.241246 0.862321
vn 0.66043 0.461514 0.592315
vn 0.668853 0.469901 0.576046
vn 0.643956 0.559398 0.521913
vn 0.743464 0.474802 0.470983
vn 0.788653 0.355784 0.501442
vn 0.755541 0.374483 0.537513
vn 0.696441 0.425945 0.57753
vn 0.230625 0.154772 0.960655
vn 0.231927 0.207396 0.950367
vn 0.230761 0.154829 0.960613
vn 0.241663 0.147088 0.959148
vn 0.21985 0.121209 0.967974
vn 0.212007 0.126614 0.969031
vn 0.211584 0.113987 0.97069
vn 0.162407 0.09275 0.982355
vn 0.853005 0.204538 0.480154
vn 0.892711 0.062981 0.446207
vn 0.92424 0.086356 0.371919
vn 0.319153 0.101178 0.942287
vn 0.360413 0.136429 0.922762
vn 0.323414 0.06486 0.944032
vn 0.403076 0.12482 0.906615
vn 0.642949 0.381613 0.664069
vn 0.548479 0.494621 0.674181
vn 0.626311 0.496612 0.600925
vn 0.653143 0.4645 0.598034
vn 0.585069 0.581881 0.564896
vn 0.561878 0.642566 0.520962
vn 0.596802 0.593678 0.53979
vn 0.167357 0.102656 0.980537
vn 0.178385 0.030549 0.983486
vn 0.170746 0.037005 0.98462
vn 0.114937 0.058596 0.991643
vn 0.167927 0.092149 0.981483
vn 0.620024 0.279761 0.73301
vn 0.601759 0.247941 0.759218
vn 0.222908 0.05244 0.973428
vn 0.16924 0.040455 0.984744
vn 0.166803 0.043573 0.985027
vn 0.231754 0.033615 0.972194
vn 0.227592 0.045678 0.972685
vn 0.168445 0.030758 0.985231
vn 0.852841 0.047807 0.519978
vn 0.864802 0.067073 0.497613
vn 0.892068 0.060312 0.447859
vn 0.566771 0.221899 0.79343
vn 0.545844 0.228467 0.806137
vn 0.523757 0.154804 0.837684
vn 0.544977 0.460609 0.700599
vn 0.571561 0.343298 0.745295
vn 0.612776 0.381038 0.692327
vn 0.846067 0.147487 0.512268
vn 0.407288 0.119881 0.905398
vn 0.264562 0.058409 0.962598
vn 0.327448 0.060354 0.94294
vn 0.397026 0.08548 0.913818
vn 0.196914 0.039275 0.979634
vn 0.139198 0.042771 0.98934
vn 0.172925 0.020155 0.984729
vn 0.154165 0.007746 0.988015
vn 0.217112 0.024856 0.97583
vn 0.21735 0.022336 0.975838
vn 0.102544 0.023669 0.994447
vn 0.108414 0.038497 0.99336
vn 0.106446 0.043105 0.993384
vn 0.215991 0.026233 0.976043
vn 0.154608 0.007242 0.987949
vn 0.492902 0.41013 0.76736
vn 0.504923 0.299763 0.809441
vn 0.552364 0.342161 0.760144
vn 0.533427 0.614199 0.581563
vn 0.454994 0.679778 0.575223
vn 0.448026 0.214754 0.867844
vn 0.794738 0.227022 0.562896
vn 0.849493 0.092249 0.519473
vn 0.818446 0.121787 0.561529
vn 0.801206 0.072976 0.593922
vn 0.384022 0.640259 0.665278
vn 0.498245 0.544995 0.674338
vn 0.499796 0.580103 0.643183
vn 0.422067 0.645862 0.636178
vn 0.495274 0.605194 0.623253
vn 0.463411 0.660204 0.591084
vn 0.470891 0.667784 0.576477
vn 0.390453 0.673421 0.627734
vn 0.483027 0.409118 0.774149
vn 0.398989 0.270327 0.876203
vn 0.40818 0.483922 0.774086
vn 0.463563 0.541389 0.701432
vn 0.383457 0.609978 0.693461
vn 0.802405 0.077648 0.591707
vn 0.758032 0.091255 0.645801
vn 0.515813 0.510845 0.687731
vn 0.483755 0.615255 0.622448
vn 0.430768 0.560231 0.707517
vn 0.756844 0.089821 0.647394
vn 0.724435 0.082306 0.684412
vn 0.693457 0.204135 0.690974
vn 0.344845 0.41003 0.844368
vn 0.416831 0.485244 0.768629
vn 0.335216 0.556776 0.76002
vn 0.634677 0.189115 0.74928
vn 0.740399 0.13355 0.658767
vn 0.121958 0.063968 0.990472
vn 0.050792 0.038853 0.997953
vn -0.002335 0.086599 0.996241
vn 0.31826 0.279005 0.906017
vn 0.569865 0.405693 0.71461
vn 0.522163 0.504426 0.687677
vn 0.699811 0.102326 0.706961
vn 0.669515 0.217191 0.710337
vn 0.726819 0.086062 0.681416
vn 0.688618 0.077153 0.721008
vn 0.354184 0.560616 0.748508
vn 0.279141 0.61854 0.734499
vn 0.056545 0.038722 0.997649
vn 0.048141 0.044289 0.997858
vn 0.051378 0.043139 0.997747
vn 0.055998 0.060844 0.996575
vn 0.048713 0.085082 0.995183
vn 0.414538 0.43565 0.798979
vn 0.399926 0.551621 0.731965
vn 0.330369 0.5799 0.744696
vn 0.082782 0.050792 0.995273
vn 0.045646 0.050431 0.997684
vn 0.030831 0.06309 0.997531
vn 0.270054 0.395523 0.877857
vn 0.565606 0.223925 0.793692
vn 0.041146 0.049843 0.997909
vn 0.046893 0.047946 0.997749
vn 0.043962 0.047503 0.997903
vn 0.083945 0.025625 0.996141
vn 0.060387 0.122739 0.9906
vn 0.398774 0.450941 0.798518
vn 0.462126 0.318145 0.827782
vn 0.557045 -0.004438 0.83047
vn 0.595452 -0.009017 0.80334
vn 0.550174 0.162897 0.819008
vn 0.354413 0.404944 0.842859
vn 0.341892 0.459986 0.819465
vn 0.123772 0.216407 0.968426
vn 0.255711 0.470834 0.84435
vn 0.459032 0.083404 0.884496
vn 0.50046 0.066169 0.863227
vn 0.204163 0.449566 0.869602
vn 0.237955 0.446325 0.862654
vn 0.237236 0.449087 0.861417
vn 0.472212 0.115945 0.873826
vn 0.38508 0.248192 0.888884
vn 0.105639 0.37566 0.920717
vn 0.095889 0.410448 0.906828
vn 0.06985 0.276711 0.958411
vn 0.036077 0.281452 0.958897
vn 0.452392 0.110946 0.884891
vn 0.370229 0.143706 0.917758
vn 0.367819 0.24254 0.89771
vn 0.055257 0.328678 0.942824
vn 0.114317 0.409184 0.905263
vn 0.148044 0.379869 0.913117
vn 0.086153 0.300501 0.949882
vn 0.088874 0.363685 0.927273
vn 0.383782 0.179763 0.905757
vn 0.283492 0.194809 0.938979
vn 0.260749 0.287745 0.921528
vn 0.297786 0.23624 0.92494
vn 0.042568 0.107597 0.993283
vn 0.022927 0.215127 0.976317
vn 0.02166 0.10423 0.994317
vn 0.238164 0.271576 0.932483
vn 0.272594 0.222215 0.936116
vn 0.205083 0.230803 0.951142
vn 0.025702 0.213923 0.976512
vn 0.04287 0.123839 0.991376
vn 7.7e-05 0.129175 0.991622
vn 0.024546 0.214999 0.976306
vn 0.009285 0.157586 0.987462
vn 0.042032 0.140718 0.989157
vn 0.20528 0.231387 0.950957
vn 0.22234 0.214322 0.951121
vn 0.210693 0.249992 0.945046
vn 0.152752 0.228999 0.961367
vn 0.033206 0.231224 0.972334
vn 0.038371 0.193436 0.980362
vn 0.022412 0.173305 0.984613
vn 0.143476 0.24193 0.959627
vn 0.152714 0.228908 0.961395
vn 0.045926 0.22604 0.973035
vn 0.031806 0.168715 0.985152
vn 0.042201 0.166842 0.98508
vn 0.052454 0.221008 0.973861
vn 0.040931 0.16794 0.984947
vn 0.035611 0.170618 0.984694
vn 0.029578 0.17835 0.983523
vn 0.058304 0.112883 0.991896
vn 0.124881 0.209564 0.969787
vn 0.09916 0.16483 0.981325
vn 0.090992 0.165504 0.982003
vn 0.091667 0.15919 0.982983
vn 0.112652 0.208893 0.971428
vn 0.11802 0.21953 0.968441
vn 0.491519 0.869929 0.040413
vn 0.523842 0.850612 0.045259
vn 0.485032 0.873879 0.032845
vn 0.553057 0.832608 0.029844
vn 0.465002 0.867769 0.175356
vn 0.531429 0.835026 0.142531
vn 0.220161 0.856932 0.466044
vn 0.31988 0.820433 0.473885
vn 0.220603 0.839529 0.496513
vn 0.210703 0.827395 0.520598
vn 0.180327 0.82657 0.533164
vn 0.219259 0.841141 0.494376
vn 0.319088 0.793368 0.518412
vn 0.282961 0.784222 0.552203
vn 0.189534 0.793445 0.578379
vn 0.188821 0.75285 0.630526
vn 0.296498 0.721511 0.625708
vn 0.336047 0.724225 0.602139
vn 0.288146 0.702254 0.651007
vn 0.217095 0.750935 0.623672
vn 0.296053 0.704768 0.644713
vn 0.15295 0.724907 0.671652
vn 0.20432 0.72718 0.655334
vn 0.32351 0.639409 0.697494
vn 0.503212 0.594936 0.62676
vn 0.514099 0.605999 0.607015
vn 0.539359 0.550483 0.637229
vn 0.397856 0.642546 0.654863
vn 0.42909 0.675281 0.599897
vn 0.038119 0.669949 0.741428
vn 0.035716 0.677626 0.734539
vn 0.180204 0.646029 0.741736
vn 0.273869 0.586435 0.762292
vn 0.123762 0.632144 0.764903
vn 0.174126 0.665654 0.725662
vn 0.268596 0.605968 0.748772
vn 0.311522 0.623246 0.7173
vn 0.387488 0.561542 0.731111
vn 0.310511 0.624662 0.716505
vn 0.143618 0.606272 0.782182
vn 0.13943 0.568189 0.811
vn 0.014098 0.639698 0.768497
vn 0.016651 0.665674 0.746057
vn 0.132502 0.601654 0.78769
vn 0.037587 0.640679 0.766888
vn 0.236529 0.545264 0.804202
vn 0.228018 0.578992 0.7828
vn 0.24173 0.519347 0.819661
vn 0.247119 0.557092 0.792831
vn 0.345525 0.482591 0.804809
vn 0.176956 0.523876 0.833211
vn 0.461873 0.4529 0.762597
vn 0.364388 0.536447 0.761214
vn 0.373359 0.521531 0.767209
vn 0.340005 0.509763 0.790277
vn 0.05087 0.576046 0.815833
vn -0.002519 0.519046 0.854743
vn 0.177419 0.522346 0.834073
vn 0.259527 0.508383 0.821092
vn 0.026987 0.628138 0.777634
vn 0.160597 0.507441 0.846589
vn 0.191091 0.519729 0.832686
vn 0.200917 0.458086 0.865904
vn 0.432266 0.42332 0.796207
vn 0.508935 0.405283 0.759428
vn 0.469913 0.368204 0.802251
vn 0.435941 0.397078 0.807641
vn 0.434265 0.405881 0.804161
vn 0.359731 0.42025 0.833057
vn 0.241556 0.388427 0.889255
vn 0.243332 0.38959 0.888262
vn 0.372945 0.329303 0.867451
vn 0.519556 0.189429 0.833174
vn 0.406717 0.368455 0.835956
vn 0.487432 0.277749 0.827808
vn 0.374618 0.339861 0.862645
vn 0.533386 0.296556 0.792183
vn 0.561345 0.30132 0.770778
vn 0.254508 0.315577 0.914132
vn 0.271592 0.383353 0.882767
vn 0.34146 0.298779 0.891143
vn 0.396829 0.295176 0.869136
vn 0.311964 0.313927 0.896732
vn 0.354878 0.23121 0.905872
vn 0.281142 0.295859 0.912922
vn 0.3792 0.243631 0.892665
vn 0.253961 0.184806 0.949395
vn 0.322408 0.100292 0.941273
vn 0.356846 0.167472 0.919029
vn 0.245422 0.185118 0.951577
vn 0.279084 0.245439 0.92837
vn 0.855036 0.223383 0.467988
vn 0.817855 0.323954 0.47557
vn 0.836896 0.224114 0.499378
vn 0.781817 0.286272 0.553905
vn 0.839367 0.222108 0.496116
vn 0.790622 0.322486 0.520499
vn 0.809973 0.241758 0.534318
vn 0.821615 0.175997 0.542194
vn 0.599859 0.578748 0.552467
vn 0.481503 0.591093 0.64712
vn 0.609308 0.490628 0.622919
vn 0.663629 0.452618 0.595595
vn 0.547899 0.543035 0.636333
vn 0.632653 0.422494 0.649037
vn 0.601905 0.426695 0.675013
vn 0.601859 0.436151 0.668983
vn 0.575272 0.540022 0.61436
vn 0.386899 0.097322 0.916972
vn 0.395621 0.12782 0.909476
vn 0.29392 0.121768 0.948042
vn 0.424027 0.149888 0.89316
vn 0.790546 0.193871 0.580905
vn 0.749577 0.192252 0.633383
vn 0.718745 0.301984 0.626268
vn 0.721106 0.340564 0.603343
vn 0.322797 0.186056 0.928001
vn 0.414717 0.16082 0.895626
vn 0.423607 0.194524 0.884713
vn 0.406579 0.348368 0.84459
vn 0.470401 0.296819 0.831036
vn 0.389296 0.225356 0.89312
vn 0.421838 0.350304 0.836265
vn 0.336958 0.281537 0.898441
vn 0.633924 0.330009 0.699453
vn 0.698838 0.294611 0.65179
vn 0.747354 0.222701 0.625992
vn 0.700824 0.30111 0.646667
vn 0.736118 0.192635 0.648862
vn 0.104014 -0.004757 0.994564
vn 0.039023 0.019971 0.999039
vn 0.03752 0.021365 0.999067
vn 0.10605 0.080102 0.991129
vn 0.040954 0.010449 0.999106
vn 0.033952 0.021407 0.999194
vn 0.167425 0.080169 0.98262
vn 0.035286 0.004951 0.999365
vn 0.214117 0.129742 0.968153
vn 0.286557 0.224332 0.931429
vn 0.134592 0.130574 0.98226
vn 0.13711 0.12923 0.98209
vn 0.290043 0.172873 0.94127
vn 0.230343 0.202015 0.95191
vn 0.238057 0.201511 0.950117
vn 0.12671 0.121712 0.984444
vn 0.13526 0.096939 0.986056
vn 0.239163 0.199677 0.950227
vn 0.138312 0.136264 0.98097
vn 0.138455 0.103257 0.984971
vn 0.358257 0.412345 0.83763
vn 0.289924 0.326555 0.899615
vn 0.283149 0.480562 0.829992
vn 0.316261 0.487852 0.813621
vn 0.273516 0.32373 0.905753
vn 0.226757 0.386166 0.894124
vn 0.661764 0.18021 0.727732
vn 0.581632 0.281479 0.7632
vn 0.531752 0.372579 0.760543
vn 0.447594 0.469211 0.76125
vn 0.203035 0.229453 0.951908
vn 0.202293 0.235499 0.950588
vn 0.100162 0.136189 0.985606
vn 0.12291 0.124451 0.984584
vn 0.138198 0.136378 0.98097
vn 0.674857 0.035644 0.737087
vn 0.64215 0.185756 0.743733
vn 0.628417 0.128217 0.767237
vn 0.667709 0.037705 0.743467
vn 0.516247 0.381803 0.766626
vn 0.540435 0.242775 0.805599
vn 0.504908 0.34835 0.78976
vn 0.574465 0.235066 0.78405
vn 0.170537 0.283715 0.943622
vn 0.223052 0.28368 0.932616
vn 0.119068 0.149115 0.981625
vn 0.12326 0.142728 0.982057
vn 0.131457 0.208903 0.969061
vn 0.126676 0.133558 0.982912
vn 0.201923 0.235675 0.950623
vn 0.552663 0.254295 0.793661
vn 0.507264 0.359646 0.783159
vn 0.514977 0.247709 0.820634
vn 0.477077 0.35326 0.804739
vn 0.60282 0.148404 0.783954
vn 0.564017 0.143008 0.813286
vn 0.597884 0.136218 0.789924
vn 0.663698 0.017548 0.747795
vn 0.637105 0.014234 0.770646
vn 0.638482 0.049071 0.768071
vn 0.236998 0.593898 0.768842
vn 0.244799 0.546691 0.800751
vn 0.262254 0.590124 0.763529
vn 0.46122 0.319161 0.827896
vn 0.514897 0.191458 0.835599
vn 0.46259 0.172719 0.869585
vn 0.519252 0.186829 0.83395
vn 0.40239 0.356987 0.842996
vn 0.466569 0.261667 0.844893
vn 0.411864 0.298026 0.861132
vn 0.096918 0.383278 0.918534
vn 0.41586 0.237004 0.878003
vn 0.373992 0.362761 0.853542
vn 0.31885 0.374207 0.870807
vn 0.373236 0.36164 0.854348
vn 0.41407 0.27485 0.867758
vn 0.432637 0.258533 0.863705
vn 0.020907 0.033776 0.999211
vn 0.078433 0.104724 0.991404
vn 0.078925 0.165599 0.98303
vn 0.006688 0.035553 0.999345
vn 0.020933 0.037472 0.999078
vn 0.0196 0.039083 0.999044
vn -0.002923 0.105413 0.994424
vn 0.010337 0.04147 0.999086
vn 0.077849 0.166338 0.982991
vn 0.377849 0.276592 0.883588
vn 0.311133 0.258215 0.914616
vn 0.293949 0.348085 0.890186
vn 0.290412 0.401494 0.868599
vn 0.309422 0.315943 0.896904
vn 0.239565 0.382774 0.89224
vn 0.292052 0.285314 0.912854
vn 0.227187 0.357727 0.905769
vn 0.478637 0.545194 0.688237
vn 0.394212 0.550716 0.735737
vn 0.389845 0.594789 0.703027
vn 0.481155 0.509543 0.713342
vn 0.404981 0.57943 0.707284
vn 2.3e-05 0.027938 0.99961
vn 0.0 0.02454 0.999699
vn 4e-05 0.08376 0.996486
vn -2.1e-05 0.073565 0.99729
vn 5e-05 0.139384 0.990238
vn -3.6e-05 0.122411 0.992479
vn 5.3e-05 0.194609 0.980881
vn -4.5e-05 0.170962 0.985278
vn 4.9e-05 0.249246 0.96844
vn -4.7e-05 0.2191 0.975702
vn 3.9e-05 0.303108 0.952956
vn -4.1e-05 0.266714 0.963776
vn 2.3e-05 0.356008 0.934483
vn -2.8e-05 0.313682 0.949528
vn -7e-06 0.359896 0.932993
vn -1e-06 0.405239 0.914211
vn 1.9e-05 0.407787 0.913077
vn -2.2e-05 0.449612 0.893224
vn 4e-05 0.458282 0.888807
vn -3.6e-05 0.492899 0.870087
vn 5.3e-05 0.507312 0.861762
vn 5.9e-05 0.554727 0.832032
vn -4.3e-05 0.534997 0.844854
vn 5.9e-05 0.600388 0.799709
vn -4.3e-05 0.575808 0.817585
vn 5e-05 0.644149 0.7649
vn -3.6e-05 0.615232 0.788346
vn 3.5e-05 0.685883 0.727712
vn -2.2e-05 0.653173 0.757209
vn -2e-06 0.689539 0.724248
vn 2.4e-05 0.725477 0.688247
vn 1.1e-05 0.724248 0.689539
vn 4.4e-05 0.762817 0.646614
vn -1.3e-05 0.757208 0.653174
vn 5.7e-05 0.797775 0.602955
vn -3.1e-05 0.788347 0.61523
vn 6.1e-05 0.830244 0.5574
vn -4.2e-05 0.817585 0.575807
vn 5.9e-05 0.860124 0.510085
vn -4.6e-05 0.844853 0.534998
vn 4.9e-05 0.887319 0.461155
vn -4.3e-05 0.870088 0.492897
vn 3.1e-05 0.911742 0.410764
vn -3.2e-05 0.893224 0.449612
vn -1.3e-05 0.914209 0.405242
vn 1.3e-05 0.933313 0.359065
vn 6e-06 0.932993 0.359896
vn 3.5e-05 0.951967 0.306201
vn -2e-05 0.949529 0.313681
vn 5e-05 0.967629 0.252378
vn -3.9e-05 0.963776 0.266714
vn 5.8e-05 0.980248 0.19777
vn -5e-05 0.975702 0.2191
vn 5.9e-05 0.989784 0.142576
vn -5.2e-05 0.985278 0.170962
vn 5.2e-05 0.99621 0.086979
vn -4.6e-05 0.99248 0.12241
vn 1.6e-05 0.999017 0.044334
vn -3.3e-05 0.99729 0.073565
vn 0.0 0.999891 0.014782
vn -4.7e-05 0.999699 0.024543
vn -0.024532 0.024533 0.999398
vn -0.999397 0.024552 0.024552
vn 0.12098 0.989965 0.073024
vn -0.09481 0.995196 0.024432
vn -0.00399 0.998292 0.058292
vn -0.004652 0.999416 0.033843
vn 0.017873 0.992321 0.12239
vn -0.108816 0.98989 0.090982
vn -0.00698 0.994763 0.101966
vn -0.006951 0.999416 0.033447
vn -0.010472 0.994745 0.101845
vn -0.013917 0.994763 0.101253
vn -0.038299 0.984555 0.170837
vn 0.021164 0.975484 0.219051
vn -0.039888 0.984526 0.170637
vn -0.009211 0.999416 0.032896
vn -0.017395 0.994745 0.100894
vn -0.020797 0.994763 0.100066
vn -0.011618 0.985409 0.169806
vn -0.01736 0.985493 0.168827
vn -0.01144 0.999416 0.032189
vn -0.024243 0.994745 0.099471
vn -0.027558 0.994763 0.09842
vn -0.023174 0.985409 0.168617
vn -0.028835 0.985493 0.167249
vn 0.006966 0.963752 0.266708
vn -0.016134 0.971664 0.235815
vn -0.04792 0.971928 0.230345
vn -0.013613 0.999416 0.031332
vn -0.030974 0.994745 0.097586
vn -0.034227 0.994763 0.096305
vn -0.034625 0.985409 0.166643
vn -0.040186 0.985493 0.164889
vn -0.024266 0.971438 0.236051
vn -0.032183 0.971664 0.234164
vn -0.015712 0.999416 0.030334
vn -0.000979 0.949528 0.313681
vn -0.010931 0.932937 0.359874
vn -0.040098 0.951721 0.304333
vn -0.03755 0.994745 0.095249
vn -0.040728 0.994763 0.093739
vn -0.051343 0.985493 0.161764
vn -0.04593 0.985409 0.163887
vn -0.04032 0.971437 0.233846
vn -0.048085 0.971664 0.231424
vn -0.017758 0.999416 0.029183
vn -0.030867 0.953355 0.300269
vn -0.020702 0.952882 0.302633
vn -0.047008 0.994763 0.090753
vn -0.043974 0.994745 0.092458
vn -0.062246 0.985493 0.157889
vn -0.05699 0.985409 0.160377
vn -0.056184 0.971437 0.230551
vn -0.063785 0.971664 0.227598
vn -0.0197 0.999416 0.02791
vn -0.041301 0.952882 0.300516
vn -0.051289 0.953355 0.297461
vn -0.053131 0.994763 0.087311
vn -0.050189 0.994745 0.089239
vn -0.003789 0.914203 0.405239
vn -0.030459 0.930987 0.363779
vn -0.02497 0.930662 0.365027
vn -0.072895 0.985493 0.153266
vn -0.067814 0.985409 0.156111
vn -0.071786 0.971438 0.226177
vn -0.079145 0.971664 0.222723
vn -0.021553 0.999416 0.026505
vn -0.061715 0.952883 0.296994
vn -0.071467 0.953356 0.293266
vn -0.058937 0.994764 0.083498
vn -0.056135 0.994745 0.085621
vn -0.037635 0.929819 0.366087
vn -0.049816 0.930662 0.362473
vn -0.083195 0.985493 0.147925
vn -0.078296 0.985409 0.151125
vn 0.007117 0.893202 0.4496
vn -0.038853 0.901376 0.431291
vn -0.094174 0.971664 0.216795
vn -0.087047 0.971437 0.220755
vn -0.023327 0.999416 0.024957
vn -0.091314 0.953356 0.287704
vn -0.08184 0.952883 0.292089
vn -0.061862 0.994745 0.081577
vn -0.06448 0.994764 0.079296
vn -0.062536 0.929818 0.362667
vn -0.074439 0.930661 0.358231
vn -0.093055 0.985493 0.141934
vn -0.088448 0.985409 0.145414
vn -0.029412 0.902346 0.430008
vn -0.043786 0.903699 0.425924
vn -0.108733 0.971664 0.209872
vn -0.101917 0.971438 0.214294
vn -0.024964 0.999416 0.023321
vn -0.110726 0.953356 0.280807
vn -0.101583 0.952883 0.285822
vn -0.069789 0.994764 0.074665
vn -0.067288 0.994745 0.077165
vn -0.087129 0.929818 0.357558
vn -0.098714 0.930661 0.352314
vn -0.10255 0.985493 0.13523
vn -0.098136 0.985409 0.139065
vn -0.058685 0.902346 0.426998
vn -0.072756 0.9037 0.421939
vn -0.12283 0.971665 0.201942
vn -0.116293 0.971437 0.206847
vn -0.033331 0.872599 0.487298
vn -0.021843 0.86988 0.492779
vn -0.014422 0.844765 0.534942
vn -0.029489 0.872155 0.48834
vn -0.026498 0.999416 0.021561
vn -0.120851 0.952883 0.278226
vn -0.129642 0.953356 0.272591
vn -0.072403 0.994745 0.072385
vn -0.074685 0.994763 0.06977
vn -0.122529 0.930661 0.344756
vn -0.111333 0.929818 0.350776
vn -0.107413 0.985409 0.132028
vn -0.111542 0.985493 0.127914
vn -0.101369 0.903699 0.415996
vn -0.0877 0.902347 0.421993
vn -0.130146 0.971439 0.198416
vn -0.136282 0.971664 0.19312
vn -0.066504 0.872598 0.483891
vn -0.050318 0.870588 0.489432
vn -0.027901 0.999416 0.019711
vn -0.13956 0.952883 0.269328
vn -0.14793 0.953355 0.263118
vn -0.035582 0.835005 0.549091
vn 0.005437 0.817573 0.575799
vn -0.079277 0.994763 0.064505
vn -0.077163 0.994745 0.06729
vn -0.135012 0.929817 0.342361
vn -0.145769 0.930661 0.335593
vn -0.120024 0.985493 0.119994
vn -0.116187 0.985409 0.124378
vn -0.129529 0.903699 0.408105
vn -0.116281 0.902346 0.415031
vn -0.149169 0.971664 0.183353
vn -0.143385 0.971437 0.189079
vn -0.099385 0.872599 0.478218
vn -0.083592 0.870587 0.484861
vn -0.029197 0.999416 0.017736
vn -0.157603 0.952882 0.259186
vn -0.165554 0.953356 0.252398
vn -0.055883 0.837509 0.543559
vn -0.037584 0.834692 0.549433
vn -0.083475 0.994763 0.058971
vn -0.081573 0.994745 0.061869
vn -0.168336 0.93066 0.32486
vn -0.15806 0.929817 0.332351
vn -0.124383 0.985409 0.116179
vn -0.127911 0.985493 0.111544
vn -0.157076 0.903701 0.398311
vn -0.144331 0.902347 0.406126
vn -0.15595 0.971437 0.178857
vn -0.16135 0.971664 0.172726
vn -0.131772 0.872601 0.470323
vn -0.116489 0.870591 0.478019
vn -0.030332 0.999416 0.015717
vn -0.174933 0.952883 0.247816
vn -0.18239 0.953355 0.240514
vn -0.092835 0.83751 0.538477
vn -0.074984 0.834693 0.545587
vn -0.085606 0.994745 0.056159
vn -0.087349 0.994764 0.053061
vn -0.180373 0.929817 0.320789
vn -0.190098 0.93066 0.312626
vn -0.018793 0.788208 0.615122
vn -0.041075 0.798593 0.600468
vn -0.02495 0.756972 0.652971
vn -0.034744 0.797461 0.602369
vn -0.135225 0.985492 0.102561
vn -0.132036 0.985409 0.107404
vn -0.171719 0.902348 0.395323
vn -0.183891 0.903701 0.386664
vn -0.167785 0.971439 0.167795
vn -0.172733 0.971665 0.161339
vn -0.163563 0.872597 0.460242
vn -0.148852 0.870588 0.468955
vn -0.03133 0.999416 0.013618
vn -0.198372 0.953356 0.22751
vn -0.191428 0.952883 0.235306
vn -0.129374 0.837507 0.53089
vn -0.112052 0.834691 0.539198
vn -0.090745 0.994763 0.047022
vn -0.089251 0.994745 0.050159
vn -0.211005 0.930659 0.298917
vn -0.201847 0.929815 0.307736
vn -0.081949 0.798593 0.596266
vn -0.062059 0.794827 0.603654
vn -0.139057 0.985408 0.09815
vn -0.141912 0.985492 0.093096
vn -0.209848 0.903702 0.37321
vn -0.198287 0.902348 0.382687
vn -0.00083 0.724248 0.689539
vn -0.029431 0.754559 0.655572
vn -0.178875 0.971437 0.155928
vn -0.183364 0.971663 0.149158
vn -0.194602 0.872596 0.448003
vn -0.180499 0.870585 0.457714
vn -0.032189 0.999416 0.011439
vn -0.213441 0.953353 0.213452
vn -0.207068 0.952882 0.221674
vn -0.165313 0.83751 0.520815
vn -0.148578 0.83469 0.530299
vn -0.092454 0.994745 0.043979
vn -0.093733 0.994763 0.040741
vn -0.222353 0.929817 0.293256
vn -0.230897 0.930662 0.283822
vn -0.12246 0.798594 0.589281
vn -0.103108 0.794825 0.598014
vn -0.147951 0.985493 0.083148
vn -0.145411 0.985408 0.088463
vn -0.223948 0.902349 0.368257
vn -0.234829 0.903702 0.35802
vn -0.066937 0.756026 0.65111
vn -0.045047 0.751179 0.65856
vn -0.19311 0.971664 0.136302
vn -0.189081 0.971437 0.143383
vn -0.22471 0.872596 0.433684
vn -0.211312 0.870586 0.444328
vn -0.032899 0.999416 0.009202
vn -0.221681 0.95288 0.207066
vn -0.227534 0.953356 0.198345
vn -0.184431 0.834694 0.518914
vn -0.200457 0.837509 0.508325
vn -0.095247 0.994745 0.037554
vn -0.096305 0.994763 0.034223
vn -0.241862 0.929818 0.277382
vn -0.249755 0.930664 0.267372
vn -0.14368 0.794827 0.589581
vn -0.162378 0.798593 0.579554
vn -0.151128 0.985409 0.078285
vn -0.153262 0.985493 0.072903
vn -0.25869 0.903701 0.34118
vn -0.248547 0.90235 0.352121
vn -0.111214 0.756023 0.645028
vn -0.089889 0.751178 0.653951
vn -0.198414 0.971438 0.130157
vn -0.201934 0.971664 0.12285
vn -0.241138 0.870585 0.428876
vn -0.253792 0.872597 0.417331
vn -0.019625 0.689406 0.724109
vn -0.048056 0.710001 0.702559
vn -0.036209 0.707055 0.706231
vn -0.033445 0.999416 0.006963
vn -0.235295 0.952885 0.191432
vn -0.240509 0.953358 0.182382
vn -0.234678 0.83751 0.49346
vn -0.219403 0.834693 0.505124
vn -0.097591 0.994745 0.030959
vn -0.098428 0.994763 0.027531
vn -0.260239 0.929821 0.260208
vn -0.267381 0.930661 0.249754
vn -0.201562 0.798594 0.567116
vn -0.183577 0.794825 0.578405
vn -0.156111 0.985409 0.067813
vn -0.157888 0.985493 0.062252
vn -0.281393 0.903699 0.322718
vn -0.272007 0.902346 0.334341
vn -0.154976 0.756022 0.635935
vn -0.134303 0.751175 0.646296
vn -0.20988 0.971664 0.108719
vn -0.206843 0.971436 0.116308
vn -0.281668 0.872597 0.399045
vn -0.269843 0.870587 0.411416
vn -0.072632 0.703964 0.706512
vn -0.095895 0.710002 0.69764
vn -0.033845 0.999416 0.004643
vn -0.024432 0.995197 0.094799
vn -0.252394 0.953354 0.165568
vn -0.247835 0.952884 0.1749
vn -0.253369 0.834693 0.488971
vn -0.267803 0.837508 0.4763
vn -0.017233 0.653076 0.757096
vn -0.009855 0.615202 0.788308
vn -0.032917 0.65873 0.751659
vn -0.10006 0.994763 0.020832
vn -0.099472 0.994745 0.024238
vn -0.283817 0.930661 0.230908
vn -0.277375 0.929817 0.241874
vn -0.239781 0.798597 0.552039
vn -0.222615 0.79483 0.564525
vn -0.161766 0.985494 0.051318
vn -0.160366 0.98541 0.057015
vn -0.302781 0.903697 0.302746
vn -0.294205 0.902344 0.314991
vn -0.178086 0.751177 0.635624
vn -0.198008 0.756026 0.623873
vn -0.214297 0.971438 0.101911
vn -0.216796 0.971664 0.094174
vn -0.297284 0.870587 0.392046
vn -0.308247 0.872599 0.378886
vn -0.143274 0.710006 0.689467
vn -0.120673 0.703968 0.699905
vn -0.058291 0.998292 0.004018
vn -0.073028 0.989956 -0.121051
vn -0.259171 0.952882 0.157629
vn -0.263108 0.953355 0.147945
vn -0.299683 0.837509 0.456912
vn -0.286137 0.834691 0.470549
vn -0.051657 0.653416 0.755234
vn -0.076762 0.660727 0.746691
vn -0.100888 0.994745 0.017431
vn -0.101253 0.994764 0.01389
vn -0.298934 0.930663 0.210961
vn -0.29324 0.929817 0.222373
vn -0.260635 0.794828 0.548012
vn -0.276903 0.798594 0.53439
vn -0.16489 0.985493 0.040178
vn -0.163893 0.98541 0.045894
vn -0.322707 0.903699 0.281404
vn -0.314994 0.902347 0.294192
vn -0.240118 0.756024 0.60891
vn -0.221056 0.751178 0.621985
vn -0.222709 0.971664 0.07918
vn -0.220745 0.971438 0.087067
vn -0.333394 0.872603 0.356949
vn -0.323347 0.870589 0.370838
vn -0.189982 0.710007 0.678084
vn -0.168154 0.703971 0.690036
vn -0.272592 0.953357 0.129634
vn -0.269324 0.952883 0.139566
vn -0.317592 0.834691 0.449918
vn -0.330163 0.837506 0.435404
vn -0.103076 0.653417 0.749947
vn -0.127536 0.660727 0.739712
vn -0.122389 0.992321 -0.017897
vn -0.101962 0.994764 0.007028
vn -0.090985 0.989892 0.108789
vn -0.101843 0.994745 0.010459
vn -0.3126 0.930663 0.190125
vn -0.307727 0.929822 0.201829
vn -0.312711 0.798598 0.514249
vn -0.297404 0.79483 0.528957
vn -0.022533 0.575662 0.817377
vn -0.054156 0.608418 0.791767
vn -0.036027 0.602639 0.7972
vn -0.166639 0.98541 0.03463
vn -0.167239 0.985493 0.028895
vn -0.341168 0.903697 0.258718
vn -0.334344 0.902345 0.272007
vn -0.262986 0.751175 0.605453
vn -0.281126 0.756024 0.591097
vn -0.227608 0.971665 0.063736
vn -0.226178 0.971437 0.071789
vn -0.347909 0.870593 0.347889
vn -0.356961 0.872601 0.333386
vn -0.235826 0.709998 0.663543
vn -0.21487 0.703965 0.676952
vn -0.278225 0.952884 0.120844
vn -0.280797 0.953355 0.110753
vn -0.359116 0.8375 0.41186
vn -0.347564 0.834685 0.4272
vn -0.17772 0.660721 0.72929
vn -0.154023 0.653414 0.741166
vn -0.324857 0.93066 0.168344
vn -0.320791 0.929818 0.180365
vn -0.332841 0.794825 0.507414
vn -0.347094 0.798589 0.491713
vn -0.108062 0.608417 0.786226
vn -0.081828 0.599781 0.795969
vn -0.168831 0.985493 0.017339
vn -0.16862 0.985408 0.023181
vn -0.358034 0.903698 0.234824
vn -0.352128 0.902344 0.248558
vn -0.303683 0.751181 0.586092
vn -0.320786 0.756026 0.570544
vn -0.009741 0.534972 0.844814
vn -0.020941 0.492791 0.869896
vn -0.037018 0.55039 0.834086
vn -0.231421 0.971664 0.048093
vn -0.230551 0.971438 0.056164
vn -0.370843 0.870588 0.323343
vn -0.378889 0.872598 0.308247
vn -0.280555 0.710001 0.645901
vn -0.260549 0.703963 0.66072
vn -0.287714 0.953353 0.091321
vn -0.285836 0.952881 0.101568
vn -0.375905 0.834681 0.402495
vn -0.3864 0.837501 0.386378
vn -0.204225 0.653412 0.728934
vn -0.227089 0.66073 0.715449
vn -0.332348 0.929817 0.158069
vn -0.335594 0.930661 0.145762
vn -0.379842 0.798591 0.466875
vn -0.366676 0.794822 0.483535
vn -0.135957 0.59978 0.78853
vn -0.161473 0.608418 0.777016
vn -0.170827 0.984553 0.0384
vn -0.219053 0.975486 -0.021053
vn -0.169811 0.985409 0.011591
vn -0.170642 0.984526 0.039864
vn -0.36826 0.902346 0.223954
vn -0.373217 0.903701 0.209843
vn -0.359003 0.75603 0.547298
vn -0.342975 0.751177 0.564004
vn -0.085184 0.553301 0.828614
vn -0.057292 0.543321 0.837568
vn -0.233839 0.971438 0.04034
vn -0.234159 0.971665 0.032191
vn -0.392028 0.870589 0.297302
vn -0.399035 0.872602 0.281669
vn -0.323973 0.710002 0.625251
vn -0.30503 0.703965 0.641396
vn -0.292105 0.952879 0.081832
vn -0.293283 0.953352 0.071446
vn -0.411855 0.837509 0.359102
vn -0.402479 0.834687 0.375909
vn -0.253507 0.653423 0.713283
vn -0.275364 0.660731 0.69829
vn -0.344762 0.930662 0.122506
vn -0.342364 0.929818 0.135004
vn -0.4108 0.798604 0.439858
vn -0.398789 0.794831 0.457396
vn -0.214105 0.608411 0.764196
vn -0.18946 0.599782 0.77741
vn -0.382675 0.90235 0.198305
vn -0.386654 0.903704 0.183897
vn -0.380671 0.751186 0.539267
vn -0.395494 0.75603 0.521539
vn -0.141533 0.553297 0.820872
vn -0.11432 0.543319 0.831707
vn -0.235808 0.971666 0.016096
vn -0.266719 0.963749 -0.006987
vn -0.236046 0.971439 0.024273
vn -0.230328 0.971932 0.047935
vn -0.41732 0.872603 0.253789
vn -0.411402 0.870592 0.269847
vn -0.365889 0.710001 0.601685
vn -0.348091 0.703964 0.619085
vn -0.026672 0.449452 0.892906
vn -0.034828 0.486258 0.873121
vn -0.059272 0.495621 0.866514
vn -0.29746 0.953354 0.051315
vn -0.296994 0.952882 0.061738
vn -0.427208 0.834691 0.34754
vn -0.43539 0.837504 0.330187
vn -0.301599 0.653416 0.694323
vn -0.32238 0.660722 0.677878
vn -0.352317 0.930662 0.0987
vn -0.350779 0.929819 0.111316
vn -0.43986 0.798592 0.410822
vn -0.429112 0.794833 0.429073
vn -0.265773 0.608414 0.747795
vn -0.242053 0.599773 0.762681
vn -0.395347 0.902346 0.171678
vn -0.398326 0.903695 0.157071
vn -0.430148 0.756019 0.493363
vn -0.416586 0.751181 0.512038
vn -0.170795 0.54332 0.821969
vn -0.19723 0.553308 0.80929
vn -0.433671 0.872597 0.224731
vn -0.42887 0.87059 0.24113
vn -0.406106 0.710006 0.575299
vn -0.389524 0.703965 0.593889
vn -0.11827 0.495623 0.860447
vn -0.089468 0.484316 0.870306
vn -0.300278 0.953352 0.030878
vn -0.300524 0.95288 0.041295
vn -0.456913 0.837503 0.299698
vn -0.449921 0.834686 0.317602
vn -0.367886 0.660729 0.654291
vn -0.348255 0.653415 0.672137
vn -0.006881 0.40523 0.914189
vn -0.03797 0.432758 0.90071
vn -0.358215 0.930665 0.074464
vn -0.357541 0.929821 0.087159
vn -0.457385 0.794822 0.39882
vn -0.46689 0.798592 0.379822
vn -0.316188 0.60842 0.727908
vn -0.293544 0.59978 0.744376
vn -0.406126 0.902344 0.14435
vn -0.40811 0.9037 0.12951
vn -0.462858 0.756018 0.462817
vn -0.450564 0.751165 0.482435
vn -0.226511 0.543329 0.808385
vn -0.251979 0.553301 0.793955
vn -0.448025 0.872595 0.194553
vn -0.444342 0.870582 0.211299
vn -0.429165 0.703968 0.565904
vn -0.444421 0.710001 0.54625
vn -0.148651 0.484321 0.862169
vn -0.176698 0.495623 0.850374
vn -0.304344 0.951719 0.040065
vn -0.302646 0.952878 0.020698
vn -0.313687 0.949526 0.000964
vn -0.359861 0.932942 0.010909
vn -0.470532 0.834689 0.28617
vn -0.476296 0.837512 0.267795
vn -0.411683 0.660715 0.627673
vn -0.393343 0.653413 0.646787
vn -0.092048 0.435636 0.895404
vn -0.061837 0.423067 0.903986
vn -0.362463 0.930667 0.049806
vn -0.362657 0.929821 0.062545
vn -0.483518 0.79483 0.366681
vn -0.491698 0.798598 0.347093
vn -0.3651 0.608417 0.704649
vn -0.343658 0.599787 0.722603
vn -0.415984 0.9037 0.101406
vn -0.41502 0.902349 0.116294
vn -0.493325 0.756039 0.430158
vn -0.482396 0.751185 0.450573
vn -0.305583 0.553298 0.774906
vn -0.281138 0.543318 0.791054
vn -0.460229 0.8726 0.16358
vn -0.457703 0.870591 0.180499
vn -0.466765 0.703968 0.535313
vn -0.480652 0.710005 0.514651
vn -0.207144 0.484313 0.850019
vn -0.23434 0.495621 0.836328
vn -0.488966 0.834697 0.253363
vn -0.493458 0.837517 0.234656
vn -0.453575 0.660725 0.598091
vn -0.436543 0.653406 0.618459
vn -0.152939 0.435634 0.887036
vn -0.12338 0.423064 0.89766
vn -0.365018 0.930666 0.024964
vn -0.36377 0.930991 0.030456
vn -0.366079 0.929823 0.03762
vn -0.405235 0.914205 0.003783
vn -0.50744 0.794825 0.332804
vn -0.514247 0.798582 0.312756
vn -0.412367 0.60842 0.678069
vn -0.392166 0.599777 0.697477
vn -0.063304 0.373602 0.925427
vn -0.032704 0.359703 0.932493
vn -0.031642 0.313524 0.949053
vn -0.033431 0.36056 0.932137
vn -0.421955 0.903691 0.072772
vn -0.42201 0.902342 0.08767
vn -0.521529 0.75603 0.395507
vn -0.512046 0.75119 0.416562
vn -0.334464 0.543319 0.770025
vn -0.357754 0.553303 0.752242
vn -0.468947 0.870591 0.148862
vn -0.470314 0.872603 0.131788
vn -0.514636 0.709993 0.480687
vn -0.502216 0.703967 0.502204
vn -0.290854 0.49562 0.818392
vn -0.264673 0.484319 0.833896
vn -0.505122 0.8347 0.21938
vn -0.508319 0.837513 0.200461
vn -0.493308 0.660735 0.565754
vn -0.477723 0.653423 0.587212
vn -0.213117 0.435638 0.874529
vn -0.184346 0.423065 0.887149
vn -0.5344 0.798586 0.276905
vn -0.528957 0.794815 0.297447
vn -0.45765 0.608425 0.648363
vn -0.438846 0.599792 0.669077
vn -0.126306 0.373604 0.918949
vn -0.095412 0.359863 0.928114
vn -0.425928 0.903698 0.04377
vn -0.427006 0.90234 0.058725
vn -0.539266 0.751184 0.380676
vn -0.547316 0.756039 0.358956
vn -0.386241 0.543322 0.745399
vn -0.40825 0.553298 0.726081
vn -0.007451 0.266707 0.963749
vn -0.035601 0.308398 0.950591
vn -0.478216 0.872605 0.099347
vn -0.478017 0.870592 0.116489
vn -0.535306 0.703953 0.466795
vn -0.546267 0.71 0.444402
vn -0.320955 0.484316 0.813896
vn -0.346022 0.49562 0.796636
vn -0.520809 0.837512 0.165325
vn -0.518909 0.834697 0.184432
vn -0.516678 0.653427 0.553242
vn -0.530769 0.660743 0.530757
vn -0.272306 0.43564 0.857944
vn -0.244464 0.423067 0.872497
vn -0.55207 0.79858 0.23977
vn -0.548047 0.794814 0.260608
vn -0.48349 0.599784 0.63757
vn -0.500837 0.608417 0.615623
vn -0.158527 0.359864 0.919439
vn -0.188718 0.373602 0.908189
vn -0.430007 0.902346 0.029414
vn -0.449594 0.893205 -0.007105
vn -0.431289 0.901377 0.03885
vn -0.570512 0.756038 0.320815
vn -0.563984 0.751198 0.342964
vn -0.436189 0.543322 0.717315
vn -0.456846 0.553308 0.696521
vn -0.065206 0.295019 0.953264
vn -0.097232 0.309797 0.945818
vn -0.48388 0.872601 0.066547
vn -0.484846 0.870596 0.083583
vn -0.565935 0.703961 0.429134
vn -0.575312 0.709988 0.406121
vn -0.375741 0.484318 0.790098
vn -0.399587 0.495629 0.771156
vn -0.530888 0.837508 0.129373
vn -0.530296 0.834691 0.148584
vn -0.553239 0.653433 0.516674
vn -0.565736 0.660733 0.493331
vn -0.330209 0.435644 0.837363
vn -0.303431 0.423074 0.853779
vn -0.564512 0.794825 0.222663
vn -0.567109 0.798599 0.201563
vn -0.525872 0.599778 0.603096
vn -0.541681 0.608411 0.580015
vn -0.2209 0.35986 0.906479
vn -0.250262 0.373602 0.893191
vn -0.586113 0.751177 0.303652
vn -0.591119 0.756021 0.28109
vn -0.484155 0.54332 0.685855
vn -0.503324 0.553294 0.663724
vn -0.13011 0.295018 0.946592
vn -0.161551 0.309794 0.936978
vn -0.488343 0.872153 0.029507
vn -0.492783 0.869877 0.021861
vn -0.534959 0.844755 0.014439
vn -0.489439 0.870585 0.05031
vn -0.487306 0.872595 0.033334
vn -0.593893 0.703949 0.389548
vn -0.601694 0.709989 0.365896
vn -0.451264 0.49562 0.742106
vn -0.428798 0.484325 0.762602
vn -0.066172 0.244501 0.967388
vn -0.030726 0.218997 0.975242
vn -0.037313 0.170843 0.984591
vn -0.038307 0.231279 0.972133
vn -0.538482 0.837508 0.09283
vn -0.539203 0.83469 0.112039
vn -0.587202 0.65342 0.477741
vn -0.598108 0.66074 0.45353
vn -0.386579 0.435626 0.812888
vn -0.361004 0.423067 0.831078
vn -0.578408 0.794827 0.183562
vn -0.579555 0.79859 0.162386
vn -0.580022 0.6084 0.541686
vn -0.565821 0.599766 0.565798
vn -0.310629 0.373603 0.874031
vn -0.282247 0.359863 0.889289
vn -0.605433 0.751186 0.263004
vn -0.608886 0.756028 0.240166
vn -0.529806 0.543319 0.651237
vn -0.547437 0.553304 0.627827
vn -0.194394 0.295019 0.935508
vn -0.225113 0.3098 0.923768
vn -0.625261 0.710011 0.323934
vn -0.619078 0.703958 0.348116
vn -0.50089 0.495612 0.709562
vn -0.47985 0.484304 0.731569
vn -0.132037 0.244499 0.960618
vn -0.099553 0.228848 0.968358
vn -0.545578 0.834696 0.075011
vn -0.543546 0.837518 0.055872
vn -0.627646 0.660737 0.411687
vn -0.618439 0.653434 0.436528
vn -0.441165 0.435641 0.784596
vn -0.416847 0.423058 0.804525
vn -0.010889 0.122404 0.992421
vn -0.029173 0.18013 0.98321
vn -0.589601 0.794817 0.143652
vn -0.589301 0.79858 0.122449
vn -0.615615 0.608407 0.500858
vn -0.603091 0.599771 0.525885
vn -0.369567 0.373602 0.850789
vn -0.342284 0.359858 0.867954
vn -0.622005 0.751167 0.221039
vn -0.623893 0.756012 0.197997
vn -0.589019 0.5533 0.588996
vn -0.573031 0.543319 0.613547
vn -0.287632 0.309786 0.906256
vn -0.257801 0.295015 0.920057
vn -0.645886 0.710006 0.280577
vn -0.641389 0.703981 0.305009
vn -0.548113 0.495626 0.673741
vn -0.52863 0.48432 0.697126
vn -0.197274 0.2445 0.949369
vn -0.165397 0.22885 0.959308
vn -0.549084 0.83501 0.035565
vn -0.575784 0.817584 -0.005441
vn -0.549426 0.834698 0.037559
vn -0.654288 0.660716 0.367916
vn -0.646804 0.653418 0.393306
vn -0.493685 0.435631 0.752663
vn -0.470813 0.423065 0.774178
vn -0.100634 0.178012 0.978869
vn -0.067342 0.161678 0.984543
vn -0.598014 0.794821 0.103142
vn -0.596266 0.79859 0.08198
vn -0.637587 0.599765 0.483493
vn -0.648377 0.608403 0.45766
vn -0.42673 0.373611 0.823599
vn -0.400698 0.359874 0.842575
vn -0.635923 0.75604 0.154937
vn -0.635611 0.751178 0.178131
vn -0.627819 0.553304 0.547447
vn -0.61355 0.543327 0.57302
vn -0.348813 0.309789 0.884511
vn -0.319973 0.295007 0.900326
vn -0.660721 0.703961 0.260549
vn -0.663547 0.710002 0.235801
vn -0.592828 0.495635 0.634745
vn -0.574974 0.484321 0.659423
vn -0.230482 0.228845 0.945784
vn -0.261621 0.244501 0.933688
vn -0.677892 0.660713 0.322367
vn -0.672143 0.653398 0.348275
vn -0.522528 0.423065 0.740257
vn -0.543877 0.435631 0.717233
vn -0.134375 0.161683 0.977651
vn -0.167193 0.178014 0.96972
vn -0.602368 0.797461 0.034759
vn -0.603669 0.794817 0.062048
vn -0.615137 0.788196 0.018788
vn -0.652962 0.75698 0.02494
vn -0.600479 0.798586 0.041049
vn -0.678102 0.608404 0.412338
vn -0.669101 0.599765 0.438846
vn -0.457292 0.359854 0.813258
vn -0.481981 0.373596 0.792541
vn -0.067821 0.110622 0.991546
vn -0.029842 0.073532 0.996846
vn -0.073536 0.029945 0.996843
vn -0.039506 0.039507 0.998438
vn -0.04004 0.096836 0.994495
vn -0.646286 0.751191 0.13426
vn -0.645023 0.756022 0.11125
vn -0.663723 0.553307 0.503312
vn -0.651223 0.543322 0.52982
vn -0.380671 0.295013 0.876389
vn -0.408345 0.309785 0.858655
vn -0.676935 0.703978 0.21488
vn -0.678065 0.710012 0.190029
vn -0.63475 0.495638 0.59282
vn -0.618636 0.484335 0.618634
vn -0.29449 0.228854 0.927848
vn -0.324713 0.244502 0.913663
vn -0.698295 0.660726 0.275366
vn -0.694328 0.653412 0.301599
vn -0.571817 0.423061 0.702883
vn -0.591557 0.435635 0.678442
vn -0.200781 0.161679 0.966202
vn -0.232983 0.17801 0.95605
vn -0.704629 0.608436 0.365107
vn -0.697448 0.599787 0.392201
vn -0.534922 0.373597 0.757815
vn -0.511716 0.359861 0.780158
vn -0.13533 0.110622 0.984606
vn -0.122351 0.031137 0.991998
vn -0.10181 0.093823 0.99037
vn -0.102169 0.042512 0.993858
vn -0.653956 0.751172 0.089905
vn -0.651112 0.756026 0.066924
vn -0.696521 0.553323 0.456829
vn -0.685853 0.543333 0.484144
vn -0.43958 0.295006 0.848376
vn -0.466013 0.309797 0.828769
vn -0.689477 0.710004 0.143232
vn -0.690048 0.703961 0.168144
vn -0.673722 0.495638 0.548125
vn -0.659408 0.484335 0.574979
vn -0.357109 0.228854 0.905593
vn -0.386309 0.244511 0.88937
vn -0.715449 0.660724 0.227105
vn -0.713284 0.65342 0.253511
vn -0.636483 0.435638 0.636481
vn -0.618455 0.423063 0.662217
vn -0.266239 0.161683 0.95025
vn -0.297686 0.178022 0.937919
vn -0.722613 0.599792 0.343628
vn -0.727912 0.608416 0.316187
vn -0.585374 0.373616 0.719548
vn -0.56373 0.359868 0.74344
vn -0.169786 0.038614 0.984724
vn -0.169163 0.093823 0.981112
vn -0.20221 0.11062 0.973075
vn -0.170831 0.037726 0.984578
vn -0.218992 0.031612 0.975214
vn -0.65556 0.75457 0.029416
vn -0.689525 0.724261 0.000813
vn -0.658553 0.751184 0.045059
vn -0.726058 0.5533 0.408289
vn -0.717307 0.543341 0.436178
vn -0.496451 0.295029 0.816391
vn -0.521474 0.309815 0.795035
vn -0.697624 0.710016 0.095908
vn -0.699889 0.703982 0.120687
vn -0.709559 0.495628 0.500878
vn -0.697116 0.484329 0.528635
vn -0.446089 0.244515 0.860939
vn -0.418078 0.228865 0.879109
vn -0.72894 0.653403 0.204231
vn -0.729297 0.660716 0.177708
vn -0.678432 0.435634 0.591568
vn -0.662212 0.423067 0.618458
vn -0.330476 0.161692 0.929861
vn -0.360986 0.178019 0.915423
vn -0.74779 0.608419 0.265775
vn -0.74437 0.599781 0.293557
vn -0.613183 0.359863 0.703211
vn -0.633124 0.373595 0.677924
vn -0.236543 0.042349 0.970698
vn -0.235711 0.093827 0.967283
vn -0.268133 0.110627 0.957009
vn -0.266607 0.029803 0.963344
vn -0.745418 0.543301 0.386233
vn -0.752265 0.553288 0.357728
vn -0.551017 0.295038 0.780598
vn -0.574485 0.309799 0.757623
vn -0.706241 0.707044 0.036243
vn -0.702574 0.709985 0.048071
vn -0.724112 0.689402 0.019666
vn -0.706517 0.703963 0.072589
vn -0.731587 0.484309 0.479819
vn -0.742112 0.495612 0.451262
vn -0.477107 0.228856 0.848524
vn -0.503809 0.244503 0.82849
vn -0.739719 0.660716 0.127555
vn -0.741171 0.65341 0.154017
vn -0.717227 0.43563 0.543886
vn -0.702877 0.42306 0.571826
vn -0.393159 0.161683 0.905144
vn -0.422617 0.178012 0.888654
vn -0.762669 0.599783 0.242069
vn -0.764185 0.608424 0.214106
vn -0.677923 0.373583 0.633132
vn -0.659746 0.359846 0.659732
vn -0.301185 0.093822 0.948939
vn -0.332827 0.110619 0.936477
vn -0.302259 0.041437 0.952325
vn -0.313512 0.033389 0.948997
vn -0.359663 0.034915 0.932429
vn -0.770027 0.543316 0.334464
vn -0.774906 0.55329 0.305599
vn -0.603007 0.295003 0.741186
vn -0.624883 0.309784 0.716628
vn -0.771171 0.495613 0.399577
vn -0.762619 0.484311 0.428783
vn -0.533909 0.228842 0.813986
vn -0.559187 0.244491 0.792171
vn -0.746689 0.660734 0.076716
vn -0.749954 0.653407 0.103096
vn -0.752676 0.435646 0.493651
vn -0.740253 0.423063 0.522535
vn -0.482287 0.178012 0.857736
vn -0.454011 0.161677 0.876205
vn -0.77702 0.608415 0.161467
vn -0.777415 0.599785 0.189432
vn -0.70321 0.359851 0.613191
vn -0.719545 0.373602 0.585386
vn -0.365236 0.093822 0.926175
vn -0.395955 0.11062 0.911582
vn -0.366553 0.040511 0.929515
vn -0.405052 0.030139 0.913797
vn -0.791051 0.543311 0.281161
vn -0.793953 0.553295 0.251998
vn -0.652166 0.295015 0.698316
vn -0.672325 0.309803 0.67231
vn -0.790088 0.484317 0.375763
vn -0.796632 0.495629 0.34602
vn -0.611941 0.244487 0.752167
vn -0.588211 0.228838 0.775655
vn -0.755225 0.653429 0.051629
vn -0.751664 0.658722 0.03296
vn -0.757102 0.653068 0.017278
vn -0.788307 0.615203 0.009904
vn -0.774196 0.423077 0.470773
vn -0.784605 0.435644 0.441145
vn -0.512758 0.161677 0.843172
vn -0.539704 0.178009 0.82282
vn -0.786221 0.60842 0.108082
vn -0.788525 0.599784 0.135972
vn -0.74343 0.359859 0.563749
vn -0.757812 0.373593 0.53493
vn -0.457241 0.110616 0.882437
vn -0.449393 0.030747 0.892805
vn -0.427592 0.09382 0.89909
vn -0.429096 0.042613 0.902253
vn -0.808406 0.543307 0.22649
vn -0.80931 0.553289 0.197203
vn -0.69832 0.295021 0.652159
vn -0.716624 0.309782 0.624888
vn -0.813871 0.484339 0.320982
vn -0.818369 0.495647 0.29087
vn -0.639738 0.228853 0.733731
vn -0.661826 0.244515 0.70866
vn -0.804515 0.423074 0.41685
vn -0.812874 0.435633 0.3866
vn -0.594594 0.178008 0.784073
vn -0.569103 0.161677 0.806214
vn -0.797192 0.602648 0.036057
vn -0.79598 0.59977 0.081804
vn -0.817368 0.575674 0.022565
vn -0.791777 0.608407 0.054128
vn -0.792567 0.373586 0.481945
vn -0.780178 0.359842 0.511699
vn -0.489735 0.039325 0.870984
vn -0.487952 0.093814 0.867814
vn -0.49257 0.036731 0.869497
vn -0.534736 0.032144 0.844407
vn -0.516406 0.110616 0.84917
vn -0.821961 0.543322 0.170826
vn -0.820865 0.553304 0.141549
vn -0.741173 0.295006 0.603021
vn -0.75761 0.3098 0.574502
vn -0.833912 0.484319 0.264626
vn -0.83634 0.495612 0.234317
vn -0.708667 0.244508 0.661821
vn -0.688349 0.228853 0.688332
vn -0.837361 0.43562 0.330246
vn -0.831085 0.423059 0.360997
vn -0.622777 0.161686 0.76551
vn -0.646683 0.178007 0.741697
vn -0.823589 0.37363 0.426733
vn -0.813245 0.359869 0.457303
vn -0.547955 0.042101 0.835448
vn -0.546022 0.09383 0.8325
vn -0.57554 0.029732 0.817233
vn -0.57315 0.110641 0.811947
vn -0.831718 0.543307 0.114288
vn -0.828627 0.553287 0.085159
vn -0.780626 0.295012 0.55099
vn -0.795057 0.309784 0.521458
vn -0.850373 0.495614 0.17673
vn -0.850017 0.484314 0.20715
vn -0.7337 0.228872 0.639768
vn -0.752149 0.244517 0.611951
vn -0.853796 0.423035 0.303438
vn -0.857967 0.435624 0.272259
vn -0.673574 0.161659 0.721224
vn -0.695824 0.177997 0.695806
vn -0.850793 0.373601 0.369557
vn -0.842584 0.35988 0.400672
vn -0.627207 0.110631 0.770955
vn -0.601581 0.093843 0.79328
vn -0.614916 0.032732 0.787913
vn -0.652745 0.035787 0.756732
vn -0.603719 0.041813 0.7961
vn -0.834091 0.55038 0.037064
vn -0.844836 0.534937 0.009743
vn -0.869895 0.492793 0.020933
vn -0.837567 0.543321 0.057308
vn -0.828761 0.309795 0.466028
vn -0.816379 0.295022 0.496476
vn -0.862167 0.484314 0.148687
vn -0.860441 0.495643 0.118235
vn -0.775674 0.228844 0.588184
vn -0.792192 0.244499 0.559153
vn -0.874516 0.435662 0.21312
vn -0.872483 0.423083 0.244487
vn -0.721215 0.161675 0.67358
vn -0.741668 0.178007 0.646716
vn -0.874023 0.373623 0.310627
vn -0.867942 0.35987 0.342302
vn -0.656675 0.039949 0.753115
vn -0.6543 0.093831 0.750392
vn -0.678362 0.110632 0.726351
vn -0.689208 0.030411 0.723925
vn -0.848362 0.295008 0.439603
vn -0.858659 0.309812 0.408316
vn -0.873119 0.486262 0.034817
vn -0.866505 0.495636 0.059288
vn -0.870293 0.484344 0.089453
vn -0.892907 0.449452 0.02666
vn -0.813984 0.228866 0.533902
vn -0.828474 0.244511 0.503831
vn -0.887143 0.423082 0.184333
vn -0.887031 0.435632 0.152975
vn -0.784093 0.178007 0.594569
vn -0.76551 0.161667 0.622783
vn -0.889288 0.359877 0.282231
vn -0.893185 0.373599 0.250288
vn -0.704003 0.093822 0.703973
vn -0.706478 0.042668 0.706448
vn -0.723915 0.030439 0.689217
vn -0.726345 0.110605 0.678372
vn -0.884507 0.309778 0.348835
vn -0.876401 0.295033 0.380628
vn -0.848539 0.228841 0.477089
vn -0.860935 0.244476 0.446119
vn -0.895402 0.435644 0.092034
vn -0.89766 0.423057 0.123405
vn -0.822824 0.178 0.5397
vn -0.806229 0.161679 0.569082
vn -0.906491 0.359838 0.220887
vn -0.908201 0.373579 0.188708
vn -0.770953 0.110628 0.627211
vn -0.753093 0.039974 0.656698
vn -0.750372 0.093814 0.654325
vn -0.75673 0.03579 0.652748
vn -0.787924 0.032733 0.614902
vn -0.906265 0.309773 0.287619
vn -0.900331 0.294987 0.319979
vn -0.889392 0.244495 0.38627
vn -0.879112 0.22882 0.418095
vn -0.903986 0.42307 0.061812
vn -0.900711 0.432757 0.037959
vn -0.914192 0.405224 0.006864
vn -0.857747 0.178013 0.482266
vn -0.843175 0.161668 0.512757
vn -0.918952 0.373587 0.126332
vn -0.919441 0.359851 0.158541
vn -0.811964 0.110616 0.57313
vn -0.793303 0.093822 0.601554
vn -0.796121 0.041826 0.603691
vn -0.817213 0.029769 0.575567
vn -0.923764 0.309826 0.225096
vn -0.920047 0.29502 0.257829
vn -0.913662 0.244502 0.324716
vn -0.905594 0.228858 0.357105
vn -0.876211 0.161682 0.453996
vn -0.88865 0.178001 0.422631
vn -0.928121 0.359841 0.095424
vn -0.932484 0.359726 0.032709
vn -0.925431 0.373596 0.063279
vn -0.949053 0.313522 0.031646
vn -0.932139 0.360555 0.033412
vn -0.849168 0.110652 0.516401
vn -0.832474 0.093841 0.546059
vn -0.835421 0.042134 0.547993
vn -0.844441 0.03211 0.534686
vn -0.8695 0.036691 0.492569
vn -0.936977 0.30979 0.161565
vn -0.935509 0.295038 0.194358
vn -0.933681 0.244498 0.26165
vn -0.927843 0.228859 0.294502
vn -0.905143 0.161669 0.393166
vn -0.915426 0.17801 0.360982
vn -0.870997 0.039303 0.489714
vn -0.867824 0.09384 0.48793
vn -0.882443 0.110637 0.457225
vn -0.892802 0.030731 0.449399
vn -0.946596 0.295006 0.130108
vn -0.945822 0.309781 0.097244
vn -0.94937 0.244529 0.197238
vn -0.945777 0.228842 0.230514
vn -0.929851 0.1617 0.330501
vn -0.937912 0.178038 0.297698
vn -0.899083 0.093855 0.4276
vn -0.902249 0.042595 0.429106
vn -0.913798 0.030115 0.40505
vn -0.911576 0.110657 0.39596
vn -0.953262 0.295017 0.065248
vn -0.963743 0.266727 0.007429
vn -0.950583 0.308424 0.035583
vn -0.960615 0.24451 0.132035
vn -0.959307 0.228879 0.16536
vn -0.956044 0.177998 0.233016
vn -0.950251 0.16169 0.266231
vn -0.926178 0.093849 0.36522
vn -0.936468 0.110624 0.332852
vn -0.929521 0.040489 0.366539
vn -0.932414 0.034934 0.359699
vn -0.948999 0.033404 0.313504
vn -0.967391 0.244478 0.066215
vn -0.968359 0.228853 0.099538
vn -0.97214 0.231246 0.038331
vn -0.975242 0.218989 0.030767
vn -0.984599 0.170789 0.03736
vn -0.966206 0.161652 0.200785
vn -0.969728 0.178006 0.167156
vn -0.948947 0.093803 0.301164
vn -0.95233 0.041461 0.302238
vn -0.957014 0.110601 0.268125
vn -0.963341 0.029836 0.266616
vn -0.978864 0.178051 0.100618
vn -0.977645 0.161704 0.134394
vn -0.973077 0.110598 0.202213
vn -0.967285 0.093807 0.235713
vn -0.970696 0.042385 0.236544
vn -0.975215 0.031644 0.218983
vn -0.984584 0.037765 0.170786
vn -0.9832 0.180198 0.029113
vn -0.984536 0.161721 0.067336
vn -0.992412 0.122478 0.010831
vn -0.984603 0.110626 0.13535
vn -0.984719 0.038583 0.169824
vn -0.981106 0.093817 0.169201
vn -0.99199 0.03111 0.122427
vn -0.990372 0.093811 0.1018
vn -0.991548 0.110607 0.067815
vn -0.994494 0.096837 0.040065
vn -0.993858 0.042533 0.102158
vn -0.996849 0.073491 0.02985
vn -0.998438 0.039503 0.039503
vn -0.996846 0.029951 0.073491
vn -0.02454 0.0 0.999699
vn -0.073569 0.0 0.99729
vn -0.02454 0.0 0.999699
vn -0.122411 0.0 0.99248
vn -0.073569 0.0 0.99729
vn -0.170953 0.0 0.985279
vn -0.122411 0.0 0.99248
vn -0.219101 0.0 0.975702
vn -0.170953 0.0 0.985279
vn -0.266726 0.0 0.963773
vn -0.219101 0.0 0.975702
vn -0.313687 0.0 0.949526
vn -0.266726 0.0 0.963773
vn -0.359883 0.0 0.932998
vn -0.313687 0.0 0.949526
vn -0.359883 0.0 0.932998
vn -0.405236 0.0 0.914212
vn -0.405236 0.0 0.914212
vn -0.449606 0.0 0.893227
vn -0.492903 0.0 0.870084
vn -0.449606 0.0 0.893227
vn -0.535013 0.0 0.844844
vn -0.492903 0.0 0.870084
vn -0.575794 0.0 0.817595
vn -0.535013 0.0 0.844844
vn -0.615246 0.0 0.788335
vn -0.575794 0.0 0.817595
vn -0.653163 0.0 0.757217
vn -0.615246 0.0 0.788335
vn -0.689527 0.0 0.72426
vn -0.653163 0.0 0.757217
vn -0.724251 0.0 0.689537
vn -0.689527 0.0 0.72426
vn -0.757215 0.0 0.653166
vn -0.724251 0.0 0.689537
vn -0.788346 0.0 0.615232
vn -0.757215 0.0 0.653166
vn -0.817575 0.0 0.575822
vn -0.788346 0.0 0.615232
vn -0.844876 0.0 0.534962
vn -0.817575 0.0 0.575822
vn -0.870086 0.0 0.492901
vn -0.844876 0.0 0.534962
vn -0.893224 0.0 0.449612
vn -0.870086 0.0 0.492901
vn -0.914213 0.0 0.405234
vn -0.893224 0.0 0.449612
vn -0.914213 0.0 0.405234
vn -0.932984 0.0 0.359919
vn -0.932984 0.0 0.359919
vn -0.949529 0.0 0.313679
vn -0.96377 0.0 0.266735
vn -0.949529 0.0 0.313679
vn -0.96377 0.0 0.266735
vn -0.975704 0.0 0.219093
vn -0.985287 0.0 0.170908
vn -0.975704 0.0 0.219093
vn -0.985287 0.0 0.170908
vn -0.99247 0.0 0.122486
vn -0.997293 0.0 0.073523
vn -0.99247 0.0 0.122486
vn -0.999698 0.0 0.02456
vn -0.997293 0.0 0.073523
vn -0.999698 0.0 0.02456
vn -0.024552 -0.999397 0.024552
vn -0.024532 -0.024532 0.999398
vn -0.989933 -0.072985 -0.121269
vn -0.998296 -0.058223 0.004013
vn -0.995218 -0.024449 0.094568
vn -0.999416 -0.033838 0.004642
vn -0.992311 -0.122465 -0.017933
vn -0.989862 -0.090981 0.109071
vn -0.994761 -0.101989 0.00703
vn -0.999416 -0.033438 0.006962
vn -0.994743 -0.101871 0.010462
vn -0.994761 -0.101281 0.013893
vn -0.984559 -0.170772 0.038483
vn -0.975488 -0.219046 -0.021028
vn -0.984537 -0.170618 0.039707
vn -0.999417 -0.032893 0.0092
vn -0.994742 -0.100915 0.017436
vn -0.99476 -0.100087 0.020838
vn -0.985412 -0.169791 0.011589
vn -0.985496 -0.168811 0.017337
vn -0.999417 -0.032183 0.011437
vn -0.99476 -0.098455 0.027538
vn -0.994742 -0.099498 0.024244
vn -0.985412 -0.1686 0.023179
vn -0.985496 -0.167219 0.028892
vn -0.963743 -0.266739 -0.007
vn -0.971667 -0.235806 0.016096
vn -0.971932 -0.230322 0.047963
vn -0.999417 -0.031324 0.013615
vn -0.994742 -0.097617 0.030968
vn -0.99476 -0.096331 0.034233
vn -0.985413 -0.166619 0.034626
vn -0.985497 -0.16487 0.040173
vn -0.971439 -0.236045 0.024273
vn -0.971666 -0.234157 0.032191
vn -0.999417 -0.030326 0.015714
vn -0.949527 -0.313685 0.000934
vn -0.932933 -0.359885 0.010884
vn -0.951721 -0.304344 0.040028
vn -0.994742 -0.095273 0.037564
vn -0.994761 -0.093758 0.040752
vn -0.985497 -0.161747 0.051312
vn -0.985413 -0.163873 0.045889
vn -0.971438 -0.233838 0.04034
vn -0.971665 -0.23142 0.048093
vn -0.999417 -0.029191 0.017732
vn -0.953351 -0.300281 0.030879
vn -0.952877 -0.302649 0.020698
vn -0.994761 -0.090769 0.047035
vn -0.994742 -0.092479 0.04399
vn -0.985496 -0.157869 0.062244
vn -0.985413 -0.160347 0.057008
vn -0.971439 -0.230549 0.056163
vn -0.971665 -0.227607 0.063736
vn -0.999417 -0.027896 0.019707
vn -0.952879 -0.300528 0.041295
vn -0.953353 -0.297463 0.051316
vn -0.994761 -0.087373 0.053076
vn -0.994743 -0.089275 0.050173
vn -0.914208 -0.405227 0.003784
vn -0.930982 -0.363794 0.030437
vn -0.930658 -0.365038 0.024965
vn -0.985496 -0.153243 0.072895
vn -0.985412 -0.156093 0.067805
vn -0.971437 -0.226177 0.071789
vn -0.971665 -0.222707 0.079179
vn -0.999416 -0.026493 0.021556
vn -0.953351 -0.293286 0.071446
vn -0.952881 -0.296997 0.061739
vn -0.994761 -0.083498 0.058987
vn -0.994742 -0.085629 0.056174
vn -0.929815 -0.366098 0.037622
vn -0.930659 -0.362482 0.049809
vn -0.985497 -0.147934 0.083138
vn -0.985413 -0.15111 0.078276
vn -0.893204 -0.449594 -0.007227
vn -0.901395 -0.431255 0.038815
vn -0.971664 -0.216794 0.094173
vn -0.971438 -0.220743 0.087066
vn -0.999417 -0.024959 0.023316
vn -0.953352 -0.287717 0.091322
vn -0.952878 -0.292108 0.081833
vn -0.994742 -0.081595 0.061886
vn -0.994761 -0.079298 0.064522
vn -0.929814 -0.362677 0.062549
vn -0.930657 -0.358234 0.074468
vn -0.985495 -0.141895 0.093085
vn -0.985412 -0.145394 0.088452
vn -0.902361 -0.429977 0.029412
vn -0.903712 -0.425898 0.043767
vn -0.971438 -0.214295 0.10191
vn -0.971664 -0.209879 0.108718
vn -0.999417 -0.023323 0.024952
vn -0.953354 -0.2808 0.110754
vn -0.95288 -0.285839 0.101569
vn -0.994761 -0.074705 0.069789
vn -0.994742 -0.077184 0.067308
vn -0.929814 -0.35756 0.087164
vn -0.930654 -0.352336 0.098705
vn -0.985496 -0.135209 0.102549
vn -0.985412 -0.139041 0.098138
vn -0.902354 -0.426976 0.058721
vn -0.903705 -0.421926 0.072767
vn -0.971664 -0.201933 0.122849
vn -0.971437 -0.206842 0.116307
vn -0.872592 -0.487311 0.033334
vn -0.869876 -0.492787 0.021813
vn -0.844778 -0.534923 0.0144
vn -0.872139 -0.488373 0.029416
vn -0.999417 -0.021548 0.026499
vn -0.953355 -0.272595 0.129635
vn -0.952883 -0.278228 0.120846
vn -0.994743 -0.072422 0.072404
vn -0.994761 -0.069808 0.074686
vn -0.930654 -0.344781 0.122513
vn -0.929811 -0.350798 0.111322
vn -0.985413 -0.13202 0.107392
vn -0.985497 -0.127896 0.111531
vn -0.903715 -0.415955 0.101399
vn -0.902357 -0.421981 0.087664
vn -0.971664 -0.193109 0.136301
vn -0.971438 -0.198412 0.130156
vn -0.870582 -0.489444 0.050311
vn -0.872598 -0.483885 0.066547
vn -0.999417 -0.019696 0.027904
vn -0.953354 -0.263111 0.147947
vn -0.952882 -0.269327 0.139567
vn -0.835013 -0.54908 0.035572
vn -0.817573 -0.575799 -0.005464
vn -0.994761 -0.064498 0.079317
vn -0.994742 -0.067306 0.077186
vn -0.92981 -0.342382 0.135011
vn -0.930653 -0.335613 0.14577
vn -0.985496 -0.12001 0.119979
vn -0.985413 -0.124368 0.116165
vn -0.903714 -0.408082 0.129501
vn -0.902364 -0.414991 0.116286
vn -0.971664 -0.183363 0.149157
vn -0.971437 -0.18908 0.143382
vn -0.872602 -0.478221 0.099348
vn -0.870593 -0.484852 0.083584
vn -0.999417 -0.017755 0.029177
vn -0.953353 -0.252397 0.165569
vn -0.952881 -0.259174 0.157631
vn -0.837522 -0.54354 0.055872
vn -0.834702 -0.549419 0.037558
vn -0.994761 -0.058953 0.08352
vn -0.994743 -0.061879 0.081599
vn -0.930652 -0.324875 0.168353
vn -0.929809 -0.332366 0.158077
vn -0.985412 -0.116173 0.124363
vn -0.985496 -0.111529 0.127899
vn -0.903709 -0.398298 0.15706
vn -0.902358 -0.406098 0.14434
vn -0.971438 -0.178873 0.155927
vn -0.971666 -0.172731 0.161338
vn -0.8726 -0.470319 0.131789
vn -0.870589 -0.478023 0.11649
vn -0.999417 -0.015709 0.030327
vn -0.953357 -0.240512 0.182384
vn -0.952883 -0.247838 0.174902
vn -0.837512 -0.538476 0.092829
vn -0.8347 -0.545572 0.07501
vn -0.994742 -0.05615 0.085644
vn -0.99476 -0.053145 0.087335
vn -0.92981 -0.320808 0.180375
vn -0.930655 -0.312616 0.190135
vn -0.788195 -0.615139 0.018788
vn -0.798578 -0.60049 0.04105
vn -0.756988 -0.652953 0.024939
vn -0.797449 -0.602385 0.03474
vn -0.985496 -0.102538 0.135214
vn -0.985413 -0.1074 0.132012
vn -0.903718 -0.386627 0.183885
vn -0.90236 -0.395319 0.171666
vn -0.971665 -0.161349 0.172725
vn -0.971439 -0.167784 0.167794
vn -0.872597 -0.460234 0.163582
vn -0.870588 -0.468952 0.148864
vn -0.999417 -0.01361 0.031325
vn -0.952884 -0.235298 0.191434
vn -0.953355 -0.227536 0.198347
vn -0.837512 -0.530882 0.129372
vn -0.834694 -0.539197 0.112038
vn -0.994761 -0.04702 0.090778
vn -0.994742 -0.050203 0.089263
vn -0.930656 -0.29895 0.210972
vn -0.929814 -0.307743 0.20184
vn -0.798582 -0.596277 0.081981
vn -0.794808 -0.60368 0.062049
vn -0.985412 -0.098124 0.139048
vn -0.985496 -0.093044 0.141917
vn -0.902364 -0.382648 0.198291
vn -0.903715 -0.373191 0.209828
vn -0.724263 -0.689523 0.00086
vn -0.754558 -0.655573 0.029451
vn -0.971437 -0.155949 0.178856
vn -0.971664 -0.149168 0.183352
vn -0.872592 -0.44803 0.194555
vn -0.870588 -0.457708 0.180501
vn -0.999417 -0.011437 0.032182
vn -0.952879 -0.221683 0.207068
vn -0.953352 -0.213443 0.213455
vn -0.834695 -0.53029 0.148582
vn -0.837516 -0.520803 0.165323
vn -0.994742 -0.043985 0.092483
vn -0.994761 -0.040739 0.093764
vn -0.930653 -0.283832 0.23092
vn -0.92981 -0.293256 0.222385
vn -0.798572 -0.589312 0.122451
vn -0.794813 -0.598025 0.103144
vn -0.985413 -0.088437 0.145397
vn -0.985497 -0.083185 0.147907
vn -0.902361 -0.368235 0.223938
vn -0.903712 -0.358009 0.234807
vn -0.75602 -0.651118 0.066925
vn -0.751179 -0.658559 0.04506
vn -0.971665 -0.136281 0.193119
vn -0.971437 -0.143384 0.189078
vn -0.872594 -0.433675 0.224734
vn -0.870579 -0.444347 0.211302
vn -0.999417 -0.009209 0.03289
vn -0.952881 -0.20707 0.221676
vn -0.953355 -0.198374 0.227512
vn -0.834701 -0.518903 0.18443
vn -0.837517 -0.508313 0.200458
vn -0.994742 -0.037561 0.095274
vn -0.99476 -0.034236 0.096331
vn -0.929809 -0.27739 0.241887
vn -0.930653 -0.267396 0.249767
vn -0.794809 -0.589612 0.143654
vn -0.798582 -0.579566 0.162389
vn -0.985413 -0.078287 0.151107
vn -0.985496 -0.072886 0.153248
vn -0.902359 -0.352103 0.248541
vn -0.903711 -0.341145 0.2587
vn -0.751166 -0.653962 0.089905
vn -0.756016 -0.645029 0.111251
vn -0.971665 -0.122829 0.20194
vn -0.971439 -0.130145 0.198415
vn -0.8726 -0.417325 0.253791
vn -0.870587 -0.428875 0.241133
vn -0.68939 -0.724123 0.019675
vn -0.709987 -0.702572 0.048071
vn -0.707053 -0.70623 0.036273
vn -0.999417 -0.00695 0.03344
vn -0.952882 -0.19143 0.235309
vn -0.953354 -0.182392 0.240517
vn -0.834704 -0.505117 0.219378
vn -0.837521 -0.493453 0.234653
vn -0.994742 -0.030982 0.097613
vn -0.99476 -0.027565 0.098446
vn -0.930656 -0.249768 0.267386
vn -0.929813 -0.260253 0.260222
vn -0.79859 -0.567119 0.201567
vn -0.794818 -0.578418 0.183565
vn -0.985412 -0.067805 0.156092
vn -0.985496 -0.062238 0.15787
vn -0.903713 -0.322684 0.281384
vn -0.902359 -0.334321 0.271988
vn -0.751186 -0.646292 0.134261
vn -0.756035 -0.635929 0.154939
vn -0.971438 -0.116292 0.206846
vn -0.971664 -0.108732 0.209871
vn -0.870589 -0.411407 0.26985
vn -0.872599 -0.399039 0.281672
vn -0.710018 -0.697622 0.095908
vn -0.703965 -0.706515 0.072589
vn -0.999417 -0.004651 0.033836
vn -0.995217 -0.09458 0.024449
vn -0.952882 -0.174935 0.247819
vn -0.953355 -0.165556 0.252401
vn -0.837517 -0.476291 0.267792
vn -0.834701 -0.488961 0.25336
vn -0.653059 -0.757111 0.017229
vn -0.615217 -0.788296 0.009863
vn -0.658731 -0.751657 0.03296
vn -0.994761 -0.020802 0.100093
vn -0.994742 -0.024249 0.099497
vn -0.92981 -0.241875 0.277397
vn -0.930654 -0.23091 0.283837
vn -0.798571 -0.55208 0.239774
vn -0.794817 -0.564522 0.222667
vn -0.985413 -0.056983 0.160358
vn -0.985496 -0.051337 0.161745
vn -0.903711 -0.30276 0.302725
vn -0.902361 -0.314973 0.294171
vn -0.751173 -0.635617 0.178132
vn -0.756007 -0.623899 0.197999
vn -0.971438 -0.101916 0.214292
vn -0.971665 -0.094173 0.216793
vn -0.870586 -0.392032 0.297305
vn -0.872595 -0.378894 0.30825
vn -0.710006 -0.689476 0.143232
vn -0.703983 -0.699887 0.120687
vn -0.998296 -0.003986 0.058225
vn -0.989942 0.121197 0.072982
vn -0.952881 -0.157604 0.259188
vn -0.953354 -0.147931 0.263121
vn -0.837507 -0.456908 0.299694
vn -0.834693 -0.470527 0.286166
vn -0.653438 -0.755218 0.051628
vn -0.660743 -0.746682 0.076715
vn -0.994742 -0.0174 0.100921
vn -0.994761 -0.013921 0.10128
vn -0.92981 -0.222365 0.293272
vn -0.930651 -0.211016 0.298933
vn -0.794805 -0.548057 0.260613
vn -0.798578 -0.53441 0.27691
vn -0.985497 -0.040182 0.164869
vn -0.985413 -0.045924 0.163868
vn -0.902358 -0.294184 0.314969
vn -0.903713 -0.281373 0.322695
vn -0.751161 -0.622011 0.221041
vn -0.756023 -0.608891 0.240168
vn -0.971438 -0.087046 0.220753
vn -0.971664 -0.079144 0.222721
vn -0.872598 -0.356964 0.33339
vn -0.870585 -0.370847 0.323347
vn -0.710014 -0.678063 0.190028
vn -0.703963 -0.690046 0.168144
vn -0.952882 -0.139561 0.26933
vn -0.953355 -0.129644 0.272594
vn -0.837508 -0.435385 0.330183
vn -0.83469 -0.449916 0.317599
vn -0.653416 -0.749946 0.103095
vn -0.660725 -0.739711 0.127554
vn -0.992311 0.017909 0.122467
vn -0.994761 -0.006982 0.101994
vn -0.989859 -0.109098 0.090978
vn -0.994742 -0.010475 0.101873
vn -0.930652 -0.190109 0.312643
vn -0.929808 -0.201858 0.307752
vn -0.798574 -0.514256 0.312762
vn -0.794806 -0.528966 0.297453
vn -0.60264 -0.797198 0.036064
vn -0.57566 -0.817377 0.022568
vn -0.608397 -0.791784 0.054128
vn -0.985413 -0.034621 0.166623
vn -0.985496 -0.028832 0.167229
vn -0.90236 -0.271988 0.334318
vn -0.903715 -0.258672 0.341156
vn -0.751181 -0.605438 0.263006
vn -0.756015 -0.591124 0.281092
vn -0.971664 -0.063784 0.227596
vn -0.971438 -0.071785 0.226175
vn -0.87059 -0.347913 0.347893
vn -0.8726 -0.333398 0.356953
vn -0.70398 -0.676933 0.214879
vn -0.710004 -0.663546 0.235801
vn -0.953355 -0.110727 0.28081
vn -0.952882 -0.120852 0.278229
vn -0.837513 -0.411851 0.359098
vn -0.834695 -0.427203 0.347536
vn -0.660724 -0.72929 0.177706
vn -0.653419 -0.741163 0.154016
vn -0.92981 -0.180382 0.320806
vn -0.930653 -0.168345 0.324878
vn -0.794817 -0.507449 0.33281
vn -0.79859 -0.491708 0.3471
vn -0.60841 -0.786229 0.108083
vn -0.59976 -0.795988 0.081805
vn -0.985413 -0.023172 0.168597
vn -0.985496 -0.017358 0.168807
vn -0.903716 -0.234812 0.357995
vn -0.902364 -0.248529 0.352096
vn -0.751172 -0.586118 0.303655
vn -0.756033 -0.570517 0.320818
vn -0.550396 -0.834081 0.03705
vn -0.534953 -0.844826 0.009731
vn -0.492797 -0.869893 0.020924
vn -0.971437 -0.056183 0.230549
vn -0.971664 -0.048085 0.231423
vn -0.872596 -0.30825 0.37889
vn -0.870586 -0.323351 0.370842
vn -0.710007 -0.645884 0.280576
vn -0.703963 -0.66072 0.260548
vn -0.953355 -0.091315 0.287707
vn -0.952882 -0.101584 0.285825
vn -0.834692 -0.402475 0.375905
vn -0.837505 -0.386396 0.386374
vn -0.653412 -0.728933 0.204229
vn -0.660733 -0.715441 0.227103
vn -0.930653 -0.145777 0.335611
vn -0.929809 -0.158069 0.332369
vn -0.794822 -0.483527 0.366688
vn -0.798583 -0.466898 0.379829
vn -0.608405 -0.777028 0.161468
vn -0.599774 -0.788532 0.135973
vn -0.984561 -0.038382 0.170782
vn -0.975486 0.021138 0.219044
vn -0.985413 -0.011616 0.169786
vn -0.984537 -0.039731 0.170612
vn -0.902364 -0.223933 0.368231
vn -0.903716 -0.209834 0.373184
vn -0.756034 -0.547321 0.35896
vn -0.751193 -0.563989 0.342967
vn -0.553298 -0.828619 0.085158
vn -0.543332 -0.837559 0.057307
vn -0.971438 -0.04032 0.233844
vn -0.971665 -0.032183 0.234163
vn -0.872594 -0.281671 0.399049
vn -0.870584 -0.297288 0.39205
vn -0.710013 -0.625259 0.323933
vn -0.703983 -0.641388 0.305008
vn -0.953355 -0.071468 0.293269
vn -0.952882 -0.081841 0.292092
vn -0.834685 -0.375901 0.40249
vn -0.837504 -0.359112 0.411856
vn -0.653429 -0.713277 0.253509
vn -0.660734 -0.698287 0.275363
vn -0.930653 -0.122536 0.344775
vn -0.92981 -0.135019 0.342379
vn -0.798583 -0.439868 0.410829
vn -0.794814 -0.457393 0.398827
vn -0.599774 -0.777422 0.189434
vn -0.608414 -0.764193 0.214108
vn -0.903715 -0.183878 0.386637
vn -0.902363 -0.198273 0.382661
vn -0.756025 -0.521534 0.395511
vn -0.751179 -0.539271 0.38068
vn -0.543318 -0.831711 0.114287
vn -0.553315 -0.820857 0.141547
vn -0.971664 -0.016134 0.235813
vn -0.963747 0.006978 0.266728
vn -0.971929 -0.047948 0.230338
vn -0.971438 -0.024266 0.23605
vn -0.870584 -0.269846 0.41142
vn -0.872594 -0.253795 0.417335
vn -0.70396 -0.619077 0.348116
vn -0.709991 -0.601693 0.365895
vn -0.449446 -0.892909 0.026672
vn -0.486256 -0.873122 0.034829
vn -0.495625 -0.866511 0.059288
vn -0.953354 -0.05129 0.297464
vn -0.952882 -0.061715 0.296997
vn -0.83751 -0.330159 0.435399
vn -0.834689 -0.34756 0.427196
vn -0.660722 -0.677885 0.322364
vn -0.65342 -0.694321 0.301596
vn -0.930653 -0.09872 0.352333
vn -0.92981 -0.111339 0.350795
vn -0.794824 -0.42912 0.429081
vn -0.798596 -0.410807 0.439866
vn -0.608409 -0.747797 0.265777
vn -0.599773 -0.762676 0.242071
vn -0.902362 -0.171707 0.395296
vn -0.903715 -0.157065 0.398283
vn -0.756034 -0.493329 0.430162
vn -0.751184 -0.51205 0.416565
vn -0.543333 -0.821954 0.170824
vn -0.5533 -0.809302 0.197202
vn -0.870582 -0.241141 0.42888
vn -0.872593 -0.224713 0.433689
vn -0.703951 -0.593891 0.389547
vn -0.709989 -0.57531 0.40612
vn -0.484333 -0.870298 0.089454
vn -0.495632 -0.860447 0.118236
vn -0.953354 -0.030868 0.300272
vn -0.952881 -0.041301 0.300519
vn -0.837513 -0.29968 0.456906
vn -0.834695 -0.317588 0.449913
vn -0.653406 -0.672136 0.348271
vn -0.660724 -0.654282 0.367912
vn -0.40522 -0.914193 0.006882
vn -0.432747 -0.900715 0.037972
vn -0.92981 -0.087133 0.357577
vn -0.930653 -0.074443 0.35825
vn -0.794823 -0.398796 0.457404
vn -0.798583 -0.379849 0.466884
vn -0.599771 -0.744377 0.29356
vn -0.608406 -0.727919 0.31619
vn -0.903713 -0.12952 0.408077
vn -0.902362 -0.144321 0.406098
vn -0.751179 -0.4824 0.450577
vn -0.756012 -0.462863 0.462821
vn -0.553307 -0.793946 0.251996
vn -0.543318 -0.808399 0.226488
vn -0.872593 -0.194604 0.448008
vn -0.870583 -0.211315 0.444333
vn -0.703963 -0.565934 0.429133
vn -0.710001 -0.546266 0.444401
vn -0.484304 -0.862173 0.148688
vn -0.495603 -0.850378 0.176731
vn -0.951723 -0.040061 0.304333
vn -0.949529 -0.000949 0.313678
vn -0.932928 -0.010906 0.359898
vn -0.952881 -0.020702 0.302636
vn -0.837512 -0.2678 0.476294
vn -0.834695 -0.286134 0.470543
vn -0.653427 -0.646797 0.393302
vn -0.660746 -0.62764 0.411683
vn -0.43564 -0.895404 0.092035
vn -0.423066 -0.903988 0.061813
vn -0.92981 -0.062539 0.362686
vn -0.930654 -0.049819 0.362492
vn -0.794814 -0.366682 0.483544
vn -0.79858 -0.347101 0.491722
vn -0.599782 -0.72262 0.343631
vn -0.608426 -0.704636 0.365111
vn -0.90236 -0.116273 0.415002
vn -0.903713 -0.101362 0.415967
vn -0.756014 -0.430152 0.493368
vn -0.75116 -0.450568 0.482439
vn -0.553301 -0.774899 0.305597
vn -0.543322 -0.791044 0.281158
vn -0.872594 -0.163564 0.460247
vn -0.870582 -0.180501 0.457719
vn -0.703955 -0.535304 0.466794
vn -0.709994 -0.514635 0.480686
vn -0.484304 -0.850022 0.207151
vn -0.495601 -0.836346 0.234318
vn -0.834697 -0.253366 0.488966
vn -0.837514 -0.234676 0.493454
vn -0.653443 -0.618433 0.436524
vn -0.660749 -0.598102 0.453526
vn -0.423053 -0.897662 0.123405
vn -0.435628 -0.887033 0.152975
vn -0.930978 -0.030439 0.363803
vn -0.930654 -0.024971 0.365046
vn -0.929811 -0.037637 0.366107
vn -0.914206 -0.00379 0.405231
vn -0.79859 -0.312717 0.514259
vn -0.794817 -0.332847 0.507424
vn -0.608394 -0.678109 0.412342
vn -0.599777 -0.697455 0.392205
vn -0.373591 -0.925433 0.063279
vn -0.359713 -0.932489 0.03271
vn -0.313528 -0.949051 0.031647
vn -0.360556 -0.932138 0.033425
vn -0.903714 -0.072751 0.42191
vn -0.902362 -0.087694 0.421964
vn -0.756025 -0.395498 0.521543
vn -0.751176 -0.41659 0.512042
vn -0.543327 -0.77002 0.334461
vn -0.5533 -0.752258 0.357725
vn -0.870585 -0.148853 0.468961
vn -0.872598 -0.131774 0.470328
vn -0.703969 -0.502215 0.502203
vn -0.710007 -0.480651 0.51465
vn -0.484308 -0.833917 0.264627
vn -0.495637 -0.818375 0.290872
vn -0.834697 -0.2194 0.505118
vn -0.837513 -0.200455 0.50832
vn -0.660741 -0.56573 0.493326
vn -0.653428 -0.587196 0.477737
vn -0.423078 -0.887145 0.184333
vn -0.435658 -0.874518 0.213121
vn -0.794822 -0.297409 0.528967
vn -0.798586 -0.276908 0.534399
vn -0.599755 -0.669107 0.43885
vn -0.608393 -0.648383 0.457665
vn -0.373583 -0.918954 0.126332
vn -0.359836 -0.928123 0.095424
vn -0.903713 -0.043783 0.425894
vn -0.90236 -0.058681 0.426968
vn -0.756025 -0.359007 0.547303
vn -0.751181 -0.380674 0.539272
vn -0.553311 -0.726051 0.408285
vn -0.543313 -0.745411 0.38623
vn -0.266738 -0.96374 0.007443
vn -0.308423 -0.950583 0.03559
vn -0.872597 -0.099386 0.478224
vn -0.870588 -0.116491 0.478024
vn -0.70397 -0.466764 0.535311
vn -0.710003 -0.444419 0.546248
vn -0.484328 -0.813877 0.320984
vn -0.495618 -0.796637 0.346022
vn -0.837514 -0.165311 0.52081
vn -0.834698 -0.184429 0.518909
vn -0.653442 -0.553233 0.516669
vn -0.660752 -0.530764 0.530751
vn -0.435619 -0.857969 0.27226
vn -0.423078 -0.872485 0.244487
vn -0.798589 -0.239785 0.55205
vn -0.79482 -0.260639 0.548022
vn -0.608397 -0.615621 0.500863
vn -0.599755 -0.637593 0.483497
vn -0.359846 -0.919443 0.158542
vn -0.373574 -0.908202 0.188709
vn -0.90236 -0.02941 0.429978
vn -0.893201 0.007239 0.4496
vn -0.901394 -0.038818 0.431257
vn -0.756021 -0.320789 0.570549
vn -0.751172 -0.342978 0.564009
vn -0.553334 -0.696514 0.456825
vn -0.543352 -0.7173 0.436174
vn -0.295019 -0.953261 0.065248
vn -0.309783 -0.945822 0.097244
vn -0.872595 -0.066505 0.483896
vn -0.870584 -0.083593 0.484867
vn -0.703969 -0.429164 0.565902
vn -0.710008 -0.406105 0.575298
vn -0.495603 -0.771177 0.39958
vn -0.484307 -0.790093 0.375766
vn -0.834694 -0.148576 0.530293
vn -0.837511 -0.129372 0.530884
vn -0.653436 -0.516673 0.553236
vn -0.660743 -0.493303 0.565748
vn -0.435616 -0.837363 0.330247
vn -0.423031 -0.853797 0.303439
vn -0.798586 -0.201566 0.567126
vn -0.794821 -0.222619 0.564535
vn -0.599761 -0.603097 0.52589
vn -0.60839 -0.580027 0.541692
vn -0.359833 -0.906493 0.220888
vn -0.373594 -0.893187 0.250289
vn -0.756019 -0.281128 0.591103
vn -0.751176 -0.303686 0.586098
vn -0.543344 -0.685847 0.48414
vn -0.553318 -0.663717 0.503308
vn -0.295008 -0.946595 0.130108
vn -0.309792 -0.936977 0.161565
vn -0.870585 -0.050319 0.489437
vn -0.872141 -0.029397 0.48837
vn -0.869879 -0.021796 0.492783
vn -0.844789 -0.014383 0.534906
vn -0.872596 -0.033331 0.487304
vn -0.703967 -0.389523 0.593888
vn -0.710002 -0.365888 0.601683
vn -0.4843 -0.762624 0.428786
vn -0.495602 -0.742118 0.451265
vn -0.244489 -0.967389 0.066215
vn -0.21899 -0.975242 0.030767
vn -0.170779 -0.984601 0.037361
vn -0.23126 -0.972136 0.038339
vn -0.837514 -0.092834 0.538471
vn -0.834695 -0.112051 0.539192
vn -0.653432 -0.477719 0.587207
vn -0.660733 -0.45357 0.598085
vn -0.423055 -0.831087 0.360998
vn -0.435629 -0.812876 0.386601
vn -0.798585 -0.162381 0.579564
vn -0.794817 -0.18358 0.578415
vn -0.608401 -0.541687 0.580021
vn -0.599756 -0.565826 0.565804
vn -0.373619 -0.874025 0.310628
vn -0.359872 -0.88929 0.282232
vn -0.75117 -0.262989 0.605459
vn -0.756019 -0.24012 0.608916
vn -0.553315 -0.627813 0.547442
vn -0.543333 -0.651218 0.529816
vn -0.29504 -0.935509 0.194358
vn -0.309828 -0.923763 0.225096
vn -0.703966 -0.34809 0.619084
vn -0.710003 -0.323972 0.62525
vn -0.495617 -0.709564 0.500881
vn -0.484298 -0.731591 0.479822
vn -0.228863 -0.968356 0.099538
vn -0.244521 -0.960612 0.132035
vn -0.834697 -0.074983 0.545581
vn -0.837513 -0.055883 0.543553
vn -0.653414 -0.436538 0.618453
vn -0.660724 -0.411678 0.627666
vn -0.42307 -0.804517 0.416851
vn -0.43564 -0.784607 0.441146
vn -0.180195 -0.9832 0.029107
vn -0.122478 -0.992412 0.010827
vn -0.798585 -0.122462 0.589292
vn -0.794819 -0.143683 0.589591
vn -0.608407 -0.500841 0.615629
vn -0.599768 -0.525877 0.603101
vn -0.373596 -0.850795 0.369558
vn -0.359865 -0.867943 0.342303
vn -0.756021 -0.19801 0.623879
vn -0.751173 -0.221058 0.621991
vn -0.543338 -0.613544 0.573016
vn -0.553311 -0.589013 0.58899
vn -0.309775 -0.906264 0.287619
vn -0.295022 -0.920047 0.257829
vn -0.710002 -0.280555 0.645899
vn -0.703967 -0.305029 0.641395
vn -0.495627 -0.673727 0.548129
vn -0.484319 -0.69712 0.528638
vn -0.228889 -0.959305 0.165359
vn -0.24454 -0.949367 0.197237
vn -0.834696 -0.037584 0.549427
vn -0.817563 0.00546 0.575813
vn -0.835008 -0.035589 0.549086
vn -0.653422 -0.393339 0.64678
vn -0.660738 -0.367883 0.654284
vn -0.423073 -0.774197 0.470774
vn -0.435642 -0.752678 0.493652
vn -0.178046 -0.978865 0.100618
vn -0.161717 -0.984537 0.067336
vn -0.798585 -0.08195 0.596277
vn -0.794817 -0.10311 0.598025
vn -0.599774 -0.483495 0.637576
vn -0.608415 -0.457655 0.648369
vn -0.373625 -0.823591 0.426734
vn -0.359875 -0.842586 0.400673
vn -0.756017 -0.154978 0.63594
vn -0.751172 -0.178087 0.63563
vn -0.54333 -0.573026 0.613542
vn -0.553315 -0.547432 0.627822
vn -0.294989 -0.900331 0.319978
vn -0.30978 -0.884506 0.348834
vn -0.703964 -0.260548 0.660718
vn -0.71 -0.235825 0.663541
vn -0.495628 -0.634754 0.592824
vn -0.484324 -0.659412 0.574983
vn -0.228853 -0.945775 0.230513
vn -0.244509 -0.933678 0.261649
vn -0.66073 -0.322376 0.677871
vn -0.653424 -0.348251 0.67213
vn -0.423059 -0.740255 0.522536
vn -0.435625 -0.717229 0.543887
vn -0.178001 -0.969729 0.167156
vn -0.161699 -0.977646 0.134394
vn -0.794819 -0.06206 0.603665
vn -0.788207 -0.018794 0.615123
vn -0.756979 -0.024949 0.652963
vn -0.797449 -0.034725 0.602386
vn -0.798585 -0.041076 0.600479
vn -0.60841 -0.412371 0.678076
vn -0.599782 -0.43885 0.669083
vn -0.373581 -0.792569 0.481946
vn -0.359864 -0.813247 0.457304
vn -0.096836 -0.994494 0.040063
vn -0.073495 -0.996849 0.02985
vn -0.110607 -0.991548 0.067815
vn -0.029952 -0.996846 0.073491
vn -0.039503 -0.998438 0.039504
vn -0.756018 -0.111215 0.645034
vn -0.75117 -0.134304 0.646302
vn -0.553306 -0.50332 0.663719
vn -0.543331 -0.529801 0.651231
vn -0.309814 -0.858658 0.408316
vn -0.295035 -0.8764 0.380628
vn -0.703967 -0.214869 0.676951
vn -0.710009 -0.189981 0.678082
vn -0.495624 -0.592832 0.634749
vn -0.484325 -0.61864 0.618639
vn -0.228869 -0.927841 0.294501
vn -0.244513 -0.913659 0.324715
vn -0.660739 -0.275361 0.698283
vn -0.653425 -0.301596 0.694316
vn -0.43563 -0.678434 0.591569
vn -0.423056 -0.702878 0.571827
vn -0.177993 -0.956045 0.233017
vn -0.161647 -0.966207 0.200785
vn -0.599766 -0.39217 0.697483
vn -0.608407 -0.365104 0.704656
vn -0.373588 -0.757813 0.534931
vn -0.359838 -0.780179 0.511701
vn -0.042534 -0.993858 0.102158
vn -0.110625 -0.984603 0.13535
vn -0.031111 -0.99199 0.122427
vn -0.093811 -0.990372 0.1018
vn -0.751173 -0.08989 0.653956
vn -0.756021 -0.066938 0.651116
vn -0.543331 -0.484151 0.685849
vn -0.553319 -0.456842 0.696515
vn -0.309797 -0.828761 0.466028
vn -0.29501 -0.848362 0.439603
vn -0.703973 -0.168153 0.690034
vn -0.710007 -0.143274 0.689465
vn -0.495616 -0.548117 0.673745
vn -0.484311 -0.574977 0.659427
vn -0.244506 -0.889389 0.386269
vn -0.228868 -0.905591 0.357104
vn -0.660739 -0.227086 0.715441
vn -0.653432 -0.253504 0.713275
vn -0.435634 -0.636485 0.636483
vn -0.423063 -0.662213 0.618459
vn -0.161686 -0.950252 0.266231
vn -0.178033 -0.937913 0.297698
vn -0.60841 -0.316191 0.727915
vn -0.599777 -0.343662 0.72261
vn -0.359855 -0.743431 0.56375
vn -0.373597 -0.719546 0.585387
vn -0.110598 -0.973077 0.202213
vn -0.093817 -0.981106 0.169201
vn -0.038583 -0.984719 0.169824
vn -0.037765 -0.984584 0.170786
vn -0.031645 -0.975215 0.218983
vn -0.754546 -0.029466 0.655585
vn -0.724251 -0.000876 0.689536
vn -0.751174 -0.045047 0.658566
vn -0.543333 -0.436185 0.717308
vn -0.55331 -0.408246 0.726074
vn -0.309786 -0.795056 0.521458
vn -0.295024 -0.816378 0.496475
vn -0.710003 -0.095894 0.697639
vn -0.703969 -0.120673 0.699904
vn -0.48431 -0.528633 0.697131
vn -0.495601 -0.500893 0.709567
vn -0.244487 -0.860933 0.446117
vn -0.22883 -0.87911 0.418094
vn -0.660729 -0.177718 0.729282
vn -0.653421 -0.204223 0.728926
vn -0.435631 -0.591558 0.678443
vn -0.423059 -0.618456 0.662218
vn -0.161695 -0.929851 0.330501
vn -0.178006 -0.915426 0.360982
vn -0.59977 -0.293547 0.744383
vn -0.608404 -0.265775 0.747802
vn -0.359846 -0.703211 0.613192
vn -0.373578 -0.677925 0.633133
vn -0.042386 -0.970696 0.236544
vn -0.1106 -0.957014 0.268125
vn -0.093806 -0.967285 0.235713
vn -0.029837 -0.963341 0.266616
vn -0.543333 -0.386238 0.745392
vn -0.553314 -0.357751 0.752235
vn -0.309802 -0.757609 0.574501
vn -0.295014 -0.780626 0.55099
vn -0.707064 -0.036239 0.70622
vn -0.710003 -0.048056 0.702557
vn -0.689394 -0.019634 0.72412
vn -0.703966 -0.072632 0.70651
vn -0.484294 -0.479853 0.731574
vn -0.49561 -0.451267 0.742111
vn -0.244522 -0.828471 0.50383
vn -0.228851 -0.848537 0.477088
vn -0.660736 -0.127535 0.739705
vn -0.653423 -0.154022 0.741158
vn -0.423057 -0.571818 0.702885
vn -0.435627 -0.543878 0.717235
vn -0.177996 -0.88865 0.422632
vn -0.161664 -0.905144 0.393166
vn -0.608401 -0.214107 0.764203
vn -0.599763 -0.242056 0.762688
vn -0.359841 -0.659747 0.659733
vn -0.37359 -0.633125 0.677925
vn -0.093802 -0.948947 0.301164
vn -0.110624 -0.936468 0.332852
vn -0.041462 -0.95233 0.302238
vn -0.033405 -0.948999 0.313504
vn -0.034934 -0.932414 0.359699
vn -0.55331 -0.30558 0.774899
vn -0.543331 -0.334461 0.770018
vn -0.309784 -0.716623 0.624888
vn -0.295008 -0.741173 0.60302
vn -0.484314 -0.428801 0.762607
vn -0.495619 -0.39959 0.771161
vn -0.228876 -0.813982 0.5339
vn -0.244509 -0.79219 0.559152
vn -0.653426 -0.103075 0.74994
vn -0.660735 -0.076762 0.746684
vn -0.435627 -0.493686 0.752664
vn -0.423061 -0.522529 0.740259
vn -0.161677 -0.876212 0.453997
vn -0.178008 -0.857748 0.482267
vn -0.599772 -0.189462 0.777417
vn -0.608408 -0.161475 0.777023
vn -0.373611 -0.585375 0.719549
vn -0.359859 -0.613184 0.703212
vn -0.093848 -0.926178 0.36522
vn -0.110657 -0.911576 0.39596
vn -0.04049 -0.929521 0.366539
vn -0.030115 -0.913798 0.40505
vn -0.543329 -0.281136 0.791048
vn -0.553313 -0.251977 0.793948
vn -0.309805 -0.672324 0.67231
vn -0.295023 -0.69832 0.652158
vn -0.49561 -0.346025 0.796642
vn -0.484308 -0.375744 0.790103
vn -0.244528 -0.752147 0.611949
vn -0.228854 -0.775672 0.588183
vn -0.658738 -0.032916 0.751652
vn -0.653067 -0.017184 0.757105
vn -0.615216 -0.009813 0.788297
vn -0.653425 -0.051657 0.755227
vn -0.435637 -0.441166 0.784597
vn -0.423061 -0.470814 0.774179
vn -0.161664 -0.843176 0.512757
vn -0.177995 -0.822825 0.539701
vn -0.608407 -0.108064 0.786234
vn -0.59977 -0.135958 0.788538
vn -0.359864 -0.563731 0.743441
vn -0.373592 -0.534923 0.757817
vn -0.093855 -0.899082 0.4276
vn -0.110637 -0.882443 0.457225
vn -0.030731 -0.892802 0.449399
vn -0.042596 -0.902249 0.429106
vn -0.54334 -0.226509 0.808378
vn -0.553319 -0.197228 0.809283
vn -0.309786 -0.624882 0.716628
vn -0.295017 -0.652166 0.698316
vn -0.484306 -0.320957 0.813901
vn -0.49561 -0.290856 0.818397
vn -0.228882 -0.733698 0.639766
vn -0.244519 -0.708665 0.661819
vn -0.423054 -0.416848 0.804527
vn -0.435622 -0.38658 0.81289
vn -0.178002 -0.784094 0.594569
vn -0.161674 -0.80623 0.569082
vn -0.602631 -0.036033 0.797206
vn -0.608407 -0.054157 0.791775
vn -0.599771 -0.081828 0.795977
vn -0.575648 -0.022536 0.817387
vn -0.373591 -0.481982 0.792542
vn -0.359857 -0.511717 0.78016
vn -0.039304 -0.870997 0.489714
vn -0.09384 -0.867824 0.48793
vn -0.036692 -0.8695 0.492569
vn -0.032111 -0.844441 0.534686
vn -0.110652 -0.849168 0.516401
vn -0.543331 -0.170794 0.821962
vn -0.553308 -0.141532 0.820865
vn -0.309801 -0.574484 0.757622
vn -0.295005 -0.603006 0.741185
vn -0.495611 -0.234342 0.836334
vn -0.484309 -0.264675 0.833902
vn -0.244526 -0.661824 0.708658
vn -0.228863 -0.688348 0.68833
vn -0.43564 -0.33021 0.837364
vn -0.423063 -0.361005 0.83108
vn -0.178002 -0.741669 0.646717
vn -0.161662 -0.765511 0.622783
vn -0.373606 -0.426731 0.823601
vn -0.359849 -0.457293 0.81326
vn -0.093841 -0.832474 0.546059
vn -0.110616 -0.811964 0.57313
vn -0.042134 -0.835421 0.547993
vn -0.02977 -0.817213 0.575567
vn -0.553312 -0.085183 0.828607
vn -0.54333 -0.114319 0.8317
vn -0.309817 -0.521473 0.795034
vn -0.29504 -0.551017 0.780597
vn -0.484302 -0.207146 0.850025
vn -0.495612 -0.176699 0.85038
vn -0.228863 -0.639736 0.73373
vn -0.244498 -0.611939 0.752165
vn -0.435636 -0.272306 0.857945
vn -0.42307 -0.303432 0.853781
vn -0.161671 -0.721215 0.673581
vn -0.177992 -0.695824 0.695807
vn -0.373597 -0.369567 0.850791
vn -0.359869 -0.400699 0.842577
vn -0.093821 -0.793303 0.601554
vn -0.110628 -0.770953 0.627211
vn -0.032734 -0.787924 0.614902
vn -0.035791 -0.75673 0.652748
vn -0.041826 -0.796121 0.603691
vn -0.543332 -0.057291 0.837561
vn -0.550406 -0.037004 0.834077
vn -0.534988 -0.009728 0.844804
vn -0.492795 -0.020931 0.869894
vn -0.295031 -0.496451 0.81639
vn -0.309799 -0.466013 0.828768
vn -0.495613 -0.118271 0.860453
vn -0.484311 -0.148652 0.862175
vn -0.244501 -0.559185 0.792169
vn -0.228849 -0.588209 0.775653
vn -0.435634 -0.213118 0.874531
vn -0.423063 -0.244464 0.872499
vn -0.178002 -0.646684 0.741698
vn -0.161654 -0.673575 0.721225
vn -0.359853 -0.342285 0.867955
vn -0.373598 -0.310629 0.874033
vn -0.039975 -0.753093 0.656698
vn -0.110605 -0.726345 0.678372
vn -0.093814 -0.750372 0.654325
vn -0.03044 -0.723915 0.689217
vn -0.295008 -0.439579 0.848375
vn -0.309787 -0.408344 0.858654
vn -0.449446 -0.026683 0.892909
vn -0.484306 -0.089469 0.870312
vn -0.49561 -0.059272 0.86652
vn -0.486252 -0.03484 0.873124
vn -0.244513 -0.503807 0.828487
vn -0.228852 -0.533908 0.813984
vn -0.43563 -0.152939 0.887038
vn -0.423061 -0.184346 0.887151
vn -0.161681 -0.622778 0.765511
vn -0.178003 -0.594595 0.784074
vn -0.373598 -0.250262 0.893193
vn -0.359858 -0.282248 0.889291
vn -0.042669 -0.706478 0.706448
vn -0.030411 -0.689208 0.723925
vn -0.093822 -0.704003 0.703973
vn -0.110631 -0.678362 0.726351
vn -0.309791 -0.348813 0.88451
vn -0.295015 -0.38067 0.876388
vn -0.244526 -0.446088 0.860937
vn -0.228867 -0.477106 0.848522
vn -0.42306 -0.12338 0.897662
vn -0.435631 -0.092049 0.895406
vn -0.178004 -0.539704 0.822821
vn -0.161673 -0.569104 0.806215
vn -0.359855 -0.2209 0.906481
vn -0.373597 -0.188718 0.908191
vn -0.03995 -0.656675 0.753115
vn -0.093831 -0.6543 0.750392
vn -0.035788 -0.652745 0.756732
vn -0.032733 -0.614916 0.787913
vn -0.11063 -0.627207 0.770956
vn -0.295009 -0.319973 0.900326
vn -0.309788 -0.287632 0.906256
vn -0.244522 -0.386308 0.889368
vn -0.228875 -0.418077 0.879106
vn -0.423063 -0.061837 0.903988
vn -0.405226 -0.006899 0.91419
vn -0.432748 -0.037983 0.900714
vn -0.178007 -0.482287 0.857737
vn -0.161672 -0.512759 0.843173
vn -0.359859 -0.158528 0.91944
vn -0.373599 -0.126306 0.918951
vn -0.093843 -0.601581 0.793281
vn -0.110641 -0.57315 0.811947
vn -0.041813 -0.603719 0.7961
vn -0.029733 -0.57554 0.817233
vn -0.309802 -0.225113 0.923768
vn -0.295017 -0.257801 0.920056
vn -0.244513 -0.324712 0.91366
vn -0.228864 -0.357109 0.905591
vn -0.178007 -0.422618 0.888655
vn -0.161672 -0.454011 0.876205
vn -0.35969 -0.032705 0.932498
vn -0.373597 -0.063304 0.925429
vn -0.31353 -0.031643 0.949051
vn -0.359858 -0.095412 0.928116
vn -0.360561 -0.033444 0.932136
vn -0.093829 -0.546022 0.8325
vn -0.110615 -0.516406 0.84917
vn -0.042102 -0.547955 0.835448
vn -0.032145 -0.534736 0.844407
vn -0.036731 -0.49257 0.869497
vn -0.309796 -0.161551 0.936978
vn -0.295021 -0.194394 0.935507
vn -0.244512 -0.26162 0.933686
vn -0.228864 -0.294489 0.927845
vn -0.178014 -0.360986 0.915424
vn -0.161678 -0.393159 0.905144
vn -0.039326 -0.489735 0.870984
vn -0.110615 -0.457241 0.882437
vn -0.093814 -0.487952 0.867814
vn -0.030747 -0.449393 0.892805
vn -0.29502 -0.13011 0.946591
vn -0.309799 -0.097232 0.945817
vn -0.228855 -0.230481 0.945782
vn -0.244511 -0.197274 0.949367
vn -0.178017 -0.297687 0.937919
vn -0.161687 -0.330476 0.929862
vn -0.09382 -0.427592 0.89909
vn -0.042614 -0.429096 0.902253
vn -0.03014 -0.405052 0.913797
vn -0.11062 -0.395956 0.911582
vn -0.295021 -0.065206 0.953263
vn -0.266718 -0.007464 0.963746
vn -0.308397 -0.035607 0.950591
vn -0.244509 -0.132037 0.960615
vn -0.22886 -0.165397 0.959305
vn -0.161678 -0.266239 0.950251
vn -0.178005 -0.232984 0.956051
vn -0.110618 -0.332827 0.936477
vn -0.093822 -0.365236 0.926175
vn -0.040512 -0.366553 0.929515
vn -0.034916 -0.359663 0.932429
vn -0.033389 -0.313512 0.948997
vn -0.228859 -0.099553 0.968356
vn -0.244512 -0.066172 0.967386
vn -0.218998 -0.030726 0.975241
vn -0.170834 -0.037314 0.984593
vn -0.231293 -0.038315 0.972129
vn -0.178009 -0.167193 0.969721
vn -0.161675 -0.200782 0.966203
vn -0.093822 -0.301185 0.948939
vn -0.041437 -0.302259 0.952325
vn -0.029804 -0.266607 0.963344
vn -0.110626 -0.268133 0.957009
vn -0.161678 -0.134375 0.977652
vn -0.178007 -0.100634 0.97887
vn -0.093827 -0.235711 0.967283
vn -0.11062 -0.20221 0.973075
vn -0.042349 -0.236543 0.970698
vn -0.031613 -0.218992 0.975214
vn -0.037727 -0.170831 0.984578
vn -0.180128 -0.029167 0.983211
vn -0.161674 -0.067342 0.984544
vn -0.122404 -0.010885 0.992421
vn -0.093822 -0.169164 0.981112
vn -0.038615 -0.169786 0.984724
vn -0.110622 -0.13533 0.984606
vn -0.031137 -0.122351 0.991998
vn -0.093823 -0.10181 0.99037
vn -0.110621 -0.067821 0.991546
vn -0.096835 -0.040038 0.994495
vn -0.042513 -0.102169 0.993858
vn -0.073536 -0.029843 0.996846
vn -0.039507 -0.039507 0.998438
vn -0.029946 -0.073536 0.996843
vn 0.0 -0.999698 0.02456
vn 0.0 -0.999698 0.02456
vn 0.0 -0.997293 0.073523
vn 0.0 -0.997293 0.073523
vn 0.0 -0.99247 0.122486
vn 0.0 -0.99247 0.122486
vn 0.0 -0.985287 0.170908
vn 0.0 -0.985287 0.170908
vn 0.0 -0.975704 0.219093
vn 0.0 -0.975704 0.219093
vn 0.0 -0.96377 0.266735
vn 0.0 -0.96377 0.266735
vn 0.0 -0.949529 0.313679
vn 0.0 -0.949529 0.313679
vn 0.0 -0.932984 0.359919
vn 0.0 -0.932984 0.359919
vn 0.0 -0.914213 0.405234
vn 0.0 -0.914213 0.405234
vn 0.0 -0.893224 0.449612
vn 0.0 -0.893224 0.449612
vn 0.0 -0.870086 0.492901
vn 0.0 -0.870086 0.492901
vn 0.0 -0.844876 0.534962
vn 0.0 -0.844876 0.534962
vn 0.0 -0.817575 0.575822
vn 0.0 -0.817575 0.575822
vn 0.0 -0.788346 0.615232
vn 0.0 -0.788346 0.615232
vn 0.0 -0.757215 0.653166
vn 0.0 -0.757215 0.653166
vn 0.0 -0.724251 0.689537
vn 0.0 -0.724251 0.689537
vn 0.0 -0.689527 0.72426
vn 0.0 -0.689527 0.72426
vn 0.0 -0.653163 0.757217
vn 0.0 -0.653163 0.757217
vn 0.0 -0.615246 0.788335
vn 0.0 -0.615246 0.788335
vn 0.0 -0.575794 0.817595
vn 0.0 -0.575794 0.817595
vn 0.0 -0.535013 0.844844
vn 0.0 -0.535013 0.844844
vn 0.0 -0.492903 0.870084
vn 0.0 -0.492903 0.870084
vn 0.0 -0.449606 0.893227
vn 0.0 -0.449606 0.893227
vn 0.0 -0.405236 0.914212
vn 0.0 -0.405236 0.914212
vn 0.0 -0.359883 0.932998
vn 0.0 -0.359883 0.932998
vn 0.0 -0.313687 0.949526
vn 0.0 -0.313687 0.949526
vn 0.0 -0.266726 0.963773
vn 0.0 -0.266726 0.963773
vn 0.0 -0.219101 0.975702
vn 0.0 -0.219101 0.975702
vn 0.0 -0.170953 0.985279
vn 0.0 -0.170953 0.985279
vn 0.0 -0.122411 0.99248
vn 0.0 -0.122411 0.99248
vn 0.0 -0.02454 0.999699
vn 0.0 -0.073569 0.99729
vn 0.0 -0.073569 0.99729
vn 0.0 -0.02454 0.999699
vn 0.999398 -0.024535 0.024535
vn 0.024552 -0.999397 0.024552
vn 0.073025 0.120925 0.989972
vn 0.02443 -0.094834 0.995193
vn 0.058299 -0.003988 0.998291
vn 0.033843 -0.004653 0.999416
vn 0.122392 0.017871 0.992321
vn 0.09098 -0.108836 0.989888
vn 0.101966 -0.006975 0.994763
vn 0.033447 -0.00695 0.999416
vn 0.101845 -0.010472 0.994745
vn 0.101252 -0.013922 0.994763
vn 0.170837 -0.038282 0.984555
vn 0.219051 0.021181 0.975484
vn 0.170635 -0.039886 0.984527
vn 0.032896 -0.009211 0.999416
vn 0.100893 -0.017395 0.994745
vn 0.100067 -0.020792 0.994763
vn 0.169804 -0.011618 0.985409
vn 0.168825 -0.01736 0.985493
vn 0.032189 -0.01144 0.999416
vn 0.099471 -0.024243 0.994745
vn 0.09842 -0.027558 0.994763
vn 0.168616 -0.023174 0.985409
vn 0.167247 -0.028835 0.985493
vn 0.266708 0.00697 0.963752
vn 0.235815 -0.016134 0.971664
vn 0.230346 -0.047913 0.971928
vn 0.031331 -0.013615 0.999416
vn 0.097586 -0.030974 0.994745
vn 0.096305 -0.034227 0.994763
vn 0.166641 -0.034624 0.985409
vn 0.164887 -0.040186 0.985493
vn 0.236052 -0.024264 0.971438
vn 0.234164 -0.032183 0.971664
vn 0.030334 -0.015711 0.999416
vn 0.313681 -0.000966 0.949528
vn 0.359874 -0.010917 0.932937
vn 0.304332 -0.040093 0.951722
vn 0.095248 -0.037553 0.994745
vn 0.093737 -0.040733 0.994763
vn 0.161763 -0.051343 0.985493
vn 0.163886 -0.045929 0.98541
vn 0.233846 -0.04032 0.971437
vn 0.231424 -0.048085 0.971664
vn 0.029183 -0.017758 0.999416
vn 0.300269 -0.030865 0.953355
vn 0.302633 -0.020702 0.952882
vn 0.090755 -0.047004 0.994763
vn 0.092459 -0.043971 0.994745
vn 0.157886 -0.062249 0.985493
vn 0.160375 -0.056989 0.98541
vn 0.230551 -0.056185 0.971437
vn 0.227598 -0.063785 0.971664
vn 0.02791 -0.0197 0.999416
vn 0.300516 -0.041303 0.952882
vn 0.297461 -0.051289 0.953355
vn 0.087311 -0.053131 0.994763
vn 0.089239 -0.050189 0.994745
vn 0.405236 -0.003789 0.914204
vn 0.363781 -0.030456 0.930986
vn 0.365028 -0.02497 0.930662
vn 0.153267 -0.072891 0.985493
vn 0.156108 -0.067815 0.985409
vn 0.226177 -0.071786 0.971437
vn 0.222723 -0.079145 0.971664
vn 0.026505 -0.021553 0.999416
vn 0.296995 -0.061715 0.952883
vn 0.293266 -0.071469 0.953356
vn 0.083498 -0.058937 0.994764
vn 0.085621 -0.056135 0.994745
vn 0.366089 -0.037636 0.929818
vn 0.362474 -0.049818 0.930661
vn 0.147923 -0.083194 0.985493
vn 0.151125 -0.078293 0.985409
vn 0.4496 0.007107 0.893202
vn 0.431292 -0.038859 0.901375
vn 0.216793 -0.094177 0.971664
vn 0.220755 -0.087046 0.971437
vn 0.024957 -0.023327 0.999416
vn 0.287704 -0.091314 0.953356
vn 0.292089 -0.08184 0.952883
vn 0.081575 -0.061864 0.994745
vn 0.079296 -0.06448 0.994763
vn 0.362669 -0.062536 0.929818
vn 0.358232 -0.07444 0.93066
vn 0.141932 -0.093054 0.985493
vn 0.145413 -0.088447 0.98541
vn 0.430008 -0.029411 0.902346
vn 0.425923 -0.043788 0.903699
vn 0.209874 -0.10873 0.971664
vn 0.214292 -0.101919 0.971438
vn 0.023321 -0.024964 0.999416
vn 0.280807 -0.110724 0.953356
vn 0.285822 -0.101582 0.952883
vn 0.074665 -0.069789 0.994764
vn 0.077166 -0.067287 0.994745
vn 0.35756 -0.087129 0.929817
vn 0.352316 -0.098715 0.930661
vn 0.135227 -0.102552 0.985493
vn 0.139063 -0.098135 0.985409
vn 0.426998 -0.058687 0.902346
vn 0.421939 -0.072756 0.9037
vn 0.201942 -0.12283 0.971665
vn 0.206849 -0.116291 0.971437
vn 0.487299 -0.033329 0.872599
vn 0.492781 -0.021844 0.869879
vn 0.534942 -0.014424 0.844766
vn 0.488338 -0.029497 0.872156
vn 0.021561 -0.026498 0.999416
vn 0.278226 -0.120851 0.952883
vn 0.272589 -0.129645 0.953356
vn 0.072385 -0.072403 0.994745
vn 0.06977 -0.074685 0.994763
vn 0.344759 -0.122528 0.93066
vn 0.350778 -0.111334 0.929817
vn 0.132026 -0.107412 0.985409
vn 0.127915 -0.111538 0.985493
vn 0.415995 -0.101369 0.903699
vn 0.421993 -0.087698 0.902347
vn 0.198416 -0.130146 0.971439
vn 0.19312 -0.136282 0.971664
vn 0.48389 -0.066506 0.872598
vn 0.489433 -0.050317 0.870588
vn 0.019711 -0.027901 0.999416
vn 0.269327 -0.13956 0.952883
vn 0.263119 -0.147927 0.953355
vn 0.549092 -0.035586 0.835004
vn 0.575799 0.005433 0.817573
vn 0.064505 -0.079277 0.994763
vn 0.067288 -0.077164 0.994745
vn 0.342363 -0.135011 0.929817
vn 0.335594 -0.14577 0.93066
vn 0.119993 -0.120023 0.985493
vn 0.124377 -0.116186 0.985409
vn 0.408105 -0.129529 0.903699
vn 0.415031 -0.116282 0.902346
vn 0.183353 -0.149169 0.971664
vn 0.189079 -0.143385 0.971437
vn 0.478218 -0.099383 0.8726
vn 0.484861 -0.083592 0.870587
vn 0.017736 -0.029197 0.999416
vn 0.259185 -0.157604 0.952882
vn 0.252399 -0.165555 0.953355
vn 0.543559 -0.055881 0.837508
vn 0.549433 -0.037584 0.834692
vn 0.058971 -0.083475 0.994763
vn 0.06187 -0.081572 0.994745
vn 0.324861 -0.168336 0.93066
vn 0.332352 -0.158061 0.929817
vn 0.116177 -0.124382 0.985409
vn 0.111541 -0.127912 0.985493
vn 0.398311 -0.157074 0.903701
vn 0.406126 -0.144329 0.902347
vn 0.178857 -0.15595 0.971437
vn 0.172726 -0.16135 0.971664
vn 0.470323 -0.131774 0.872601
vn 0.478019 -0.116489 0.870591
vn 0.015717 -0.030332 0.999416
vn 0.247817 -0.174932 0.952883
vn 0.240514 -0.18239 0.953355
vn 0.538478 -0.092836 0.83751
vn 0.545588 -0.074984 0.834693
vn 0.056159 -0.085606 0.994745
vn 0.053061 -0.087349 0.994764
vn 0.32079 -0.180373 0.929817
vn 0.312626 -0.1901 0.930659
vn 0.615123 -0.018792 0.788207
vn 0.600467 -0.041075 0.798594
vn 0.65297 -0.024948 0.756973
vn 0.602368 -0.034745 0.797462
vn 0.102562 -0.135222 0.985493
vn 0.107403 -0.132034 0.985409
vn 0.395323 -0.171721 0.902348
vn 0.386665 -0.183891 0.9037
vn 0.167795 -0.167785 0.971439
vn 0.161339 -0.172733 0.971665
vn 0.460243 -0.163561 0.872596
vn 0.468955 -0.148853 0.870588
vn 0.013618 -0.03133 0.999416
vn 0.22751 -0.198372 0.953356
vn 0.235306 -0.191429 0.952883
vn 0.53089 -0.129374 0.837507
vn 0.539199 -0.112051 0.834691
vn 0.047022 -0.090745 0.994763
vn 0.050159 -0.089251 0.994745
vn 0.298919 -0.211004 0.930658
vn 0.307737 -0.201847 0.929815
vn 0.596266 -0.081949 0.798593
vn 0.603654 -0.06206 0.794828
vn 0.098149 -0.139056 0.985409
vn 0.093095 -0.14191 0.985492
vn 0.37321 -0.209848 0.903702
vn 0.382688 -0.198285 0.902348
vn 0.689539 -0.000833 0.724248
vn 0.655573 -0.029433 0.754558
vn 0.155928 -0.178875 0.971437
vn 0.149158 -0.183364 0.971663
vn 0.448002 -0.194603 0.872596
vn 0.457715 -0.180498 0.870585
vn 0.011438 -0.03219 0.999416
vn 0.213452 -0.213441 0.953353
vn 0.221675 -0.207068 0.952882
vn 0.520815 -0.165314 0.83751
vn 0.530299 -0.14858 0.83469
vn 0.043978 -0.092455 0.994745
vn 0.040741 -0.093733 0.994763
vn 0.293257 -0.222355 0.929817
vn 0.283823 -0.2309 0.930661
vn 0.589281 -0.122458 0.798594
vn 0.598014 -0.103106 0.794826
vn 0.083148 -0.14795 0.985493
vn 0.088461 -0.145411 0.985409
vn 0.368257 -0.223948 0.902349
vn 0.35802 -0.234829 0.903702
vn 0.65111 -0.066939 0.756026
vn 0.658561 -0.045047 0.751178
vn 0.136302 -0.19311 0.971664
vn 0.143383 -0.189081 0.971437
vn 0.433685 -0.224709 0.872596
vn 0.444327 -0.211312 0.870586
vn 0.009203 -0.032899 0.999416
vn 0.207065 -0.221683 0.95288
vn 0.198345 -0.227534 0.953356
vn 0.518914 -0.184429 0.834694
vn 0.508326 -0.200456 0.83751
vn 0.037555 -0.095247 0.994745
vn 0.034222 -0.096306 0.994763
vn 0.277383 -0.241862 0.929818
vn 0.267374 -0.249755 0.930663
vn 0.589581 -0.143682 0.794827
vn 0.579553 -0.16238 0.798593
vn 0.078285 -0.151126 0.98541
vn 0.072901 -0.153261 0.985493
vn 0.341179 -0.258691 0.903701
vn 0.352121 -0.248547 0.90235
vn 0.645028 -0.111212 0.756023
vn 0.653951 -0.089889 0.751178
vn 0.130157 -0.198414 0.971438
vn 0.122848 -0.201935 0.971664
vn 0.428875 -0.24114 0.870585
vn 0.417331 -0.253792 0.872596
vn 0.724109 -0.019624 0.689406
vn 0.702557 -0.048056 0.710003
vn 0.706229 -0.036209 0.707056
vn 0.006963 -0.033445 0.999416
vn 0.191432 -0.235296 0.952885
vn 0.182382 -0.24051 0.953358
vn 0.49346 -0.234679 0.83751
vn 0.505124 -0.219404 0.834692
vn 0.030959 -0.097591 0.994745
vn 0.027532 -0.098428 0.994763
vn 0.26021 -0.260239 0.929821
vn 0.249752 -0.267384 0.930661
vn 0.567116 -0.20156 0.798594
vn 0.578405 -0.183575 0.794826
vn 0.067813 -0.15611 0.985409
vn 0.062253 -0.157886 0.985493
vn 0.322719 -0.281392 0.903699
vn 0.33434 -0.272008 0.902346
vn 0.635935 -0.154978 0.756022
vn 0.646297 -0.134303 0.751175
vn 0.108721 -0.209879 0.971664
vn 0.116308 -0.206843 0.971436
vn 0.399045 -0.281668 0.872597
vn 0.411417 -0.269842 0.870587
vn 0.70651 -0.072633 0.703966
vn 0.697639 -0.095894 0.710002
vn 0.004643 -0.033845 0.999416
vn 0.094822 -0.024429 0.995194
vn 0.165568 -0.252394 0.953354
vn 0.174902 -0.247834 0.952884
vn 0.488972 -0.253369 0.834692
vn 0.476299 -0.267805 0.837508
vn 0.757095 -0.017233 0.653077
vn 0.788309 -0.009855 0.615201
vn 0.751659 -0.032915 0.65873
vn 0.020832 -0.10006 0.994763
vn 0.024237 -0.099472 0.994745
vn 0.230909 -0.283818 0.93066
vn 0.241873 -0.277377 0.929817
vn 0.552038 -0.239782 0.798598
vn 0.564525 -0.222615 0.79483
vn 0.051318 -0.161764 0.985494
vn 0.057014 -0.160365 0.98541
vn 0.302747 -0.302781 0.903697
vn 0.314991 -0.294205 0.902344
vn 0.635624 -0.178086 0.751177
vn 0.623874 -0.198006 0.756025
vn 0.10191 -0.214298 0.971438
vn 0.094174 -0.216796 0.971664
vn 0.392046 -0.297284 0.870587
vn 0.378885 -0.308248 0.872599
vn 0.689466 -0.143274 0.710006
vn 0.699905 -0.120673 0.703968
vn 0.004018 -0.058297 0.998291
vn -0.121001 -0.073029 0.989962
vn 0.157629 -0.259171 0.952882
vn 0.147945 -0.263108 0.953355
vn 0.456913 -0.299682 0.837509
vn 0.470548 -0.286137 0.834691
vn 0.755235 -0.051659 0.653415
vn 0.746692 -0.076764 0.660726
vn 0.017432 -0.100888 0.994745
vn 0.01389 -0.101253 0.994764
vn 0.210964 -0.298934 0.930662
vn 0.222373 -0.293242 0.929817
vn 0.548012 -0.260633 0.794829
vn 0.534388 -0.276902 0.798595
vn 0.040177 -0.164888 0.985494
vn 0.045894 -0.163891 0.98541
vn 0.281402 -0.322709 0.903699
vn 0.294193 -0.314994 0.902346
vn 0.60891 -0.240118 0.756024
vn 0.621986 -0.221054 0.751178
vn 0.07918 -0.222709 0.971664
vn 0.087068 -0.220744 0.971438
vn 0.356948 -0.333393 0.872603
vn 0.370838 -0.323346 0.87059
vn 0.678082 -0.189981 0.710008
vn 0.690035 -0.168152 0.703972
vn 0.129632 -0.272593 0.953357
vn 0.139566 -0.269324 0.952883
vn 0.449919 -0.317592 0.83469
vn 0.435405 -0.330163 0.837505
vn 0.749947 -0.103076 0.653417
vn 0.739712 -0.127536 0.660727
vn -0.017894 -0.122391 0.992321
vn 0.007028 -0.101962 0.994764
vn 0.10881 -0.090983 0.98989
vn 0.010459 -0.101843 0.994745
vn 0.190126 -0.312601 0.930663
vn 0.201832 -0.307728 0.929821
vn 0.514249 -0.312711 0.798598
vn 0.528955 -0.297406 0.794831
vn 0.817378 -0.022533 0.575661
vn 0.791767 -0.054158 0.608417
vn 0.797201 -0.036027 0.602638
vn 0.03463 -0.166637 0.98541
vn 0.028896 -0.167237 0.985493
vn 0.258717 -0.341169 0.903697
vn 0.272006 -0.334345 0.902345
vn 0.605453 -0.262988 0.751175
vn 0.591099 -0.281125 0.756023
vn 0.063736 -0.227609 0.971665
vn 0.071788 -0.226178 0.971437
vn 0.347887 -0.34791 0.870593
vn 0.333387 -0.35696 0.872601
vn 0.663542 -0.235824 0.709999
vn 0.676951 -0.214869 0.703967
vn 0.120843 -0.278226 0.952884
vn 0.110755 -0.280797 0.953355
vn 0.411862 -0.359116 0.8375
vn 0.427201 -0.347564 0.834685
vn 0.729291 -0.177718 0.66072
vn 0.741166 -0.154023 0.653414
vn 0.168344 -0.324859 0.930659
vn 0.180366 -0.320792 0.929817
vn 0.507414 -0.332841 0.794825
vn 0.491713 -0.347094 0.798589
vn 0.786226 -0.108062 0.608417
vn 0.795969 -0.081828 0.599781
vn 0.017339 -0.168829 0.985493
vn 0.023181 -0.168619 0.985409
vn 0.234826 -0.358032 0.903698
vn 0.248558 -0.352127 0.902344
vn 0.586094 -0.303684 0.751179
vn 0.570543 -0.320789 0.756025
vn 0.844813 -0.009741 0.534973
vn 0.869897 -0.020941 0.492789
vn 0.834086 -0.037017 0.550391
vn 0.048093 -0.231421 0.971664
vn 0.056164 -0.230551 0.971438
vn 0.323343 -0.370844 0.870588
vn 0.308246 -0.37889 0.872598
vn 0.645899 -0.280556 0.710002
vn 0.660719 -0.260548 0.703964
vn 0.09132 -0.287714 0.953353
vn 0.101569 -0.285836 0.952881
vn 0.402496 -0.375906 0.834681
vn 0.386377 -0.386402 0.8375
vn 0.728934 -0.204224 0.653412
vn 0.715449 -0.227089 0.66073
vn 0.158069 -0.33235 0.929816
vn 0.145761 -0.335596 0.93066
vn 0.466875 -0.379842 0.798591
vn 0.483536 -0.366674 0.794823
vn 0.78853 -0.135955 0.599781
vn 0.777015 -0.161473 0.608419
vn 0.038384 -0.170827 0.984553
vn -0.021071 -0.219053 0.975486
vn 0.011591 -0.169809 0.985409
vn 0.039862 -0.170641 0.984527
vn 0.223954 -0.36826 0.902346
vn 0.209843 -0.373217 0.903701
vn 0.547298 -0.359003 0.75603
vn 0.564005 -0.342974 0.751177
vn 0.828615 -0.085184 0.5533
vn 0.837568 -0.057294 0.543321
vn 0.04034 -0.233839 0.971438
vn 0.032191 -0.234159 0.971665
vn 0.297302 -0.392028 0.870589
vn 0.281669 -0.399035 0.872602
vn 0.625251 -0.323973 0.710002
vn 0.641395 -0.305031 0.703967
vn 0.081832 -0.292105 0.952879
vn 0.071446 -0.293283 0.953352
vn 0.359102 -0.411855 0.837509
vn 0.375909 -0.402478 0.834688
vn 0.713283 -0.253507 0.653423
vn 0.69829 -0.275364 0.660731
vn 0.122508 -0.344763 0.930661
vn 0.135004 -0.342365 0.929817
vn 0.439858 -0.4108 0.798604
vn 0.457394 -0.39879 0.794831
vn 0.764195 -0.214103 0.608413
vn 0.777409 -0.189458 0.599784
vn 0.198305 -0.382675 0.90235
vn 0.183897 -0.386654 0.903704
vn 0.539267 -0.38067 0.751187
vn 0.521539 -0.395493 0.756031
vn 0.820872 -0.141532 0.553297
vn 0.831707 -0.114318 0.543318
vn 0.016095 -0.235808 0.971666
vn -0.006994 -0.266719 0.963749
vn 0.024273 -0.236046 0.971439
vn 0.047927 -0.23033 0.971932
vn 0.25379 -0.41732 0.872603
vn 0.269847 -0.411402 0.870592
vn 0.601684 -0.365887 0.710002
vn 0.619085 -0.348089 0.703966
vn 0.892906 -0.026671 0.449452
vn 0.873122 -0.034826 0.486257
vn 0.866514 -0.059274 0.495621
vn 0.051315 -0.29746 0.953354
vn 0.061738 -0.296994 0.952882
vn 0.347539 -0.427208 0.834691
vn 0.330187 -0.43539 0.837504
vn 0.694323 -0.301599 0.653416
vn 0.677877 -0.322381 0.660722
vn 0.098701 -0.352319 0.930661
vn 0.111316 -0.350781 0.929818
vn 0.410822 -0.439859 0.798592
vn 0.429074 -0.429111 0.794833
vn 0.747795 -0.265773 0.608414
vn 0.76268 -0.242055 0.599774
vn 0.171678 -0.395347 0.902346
vn 0.157071 -0.398326 0.903695
vn 0.493362 -0.430149 0.756019
vn 0.512037 -0.416587 0.751181
vn 0.821969 -0.170797 0.543318
vn 0.809292 -0.197228 0.553305
vn 0.224732 -0.433671 0.872597
vn 0.24113 -0.428871 0.87059
vn 0.575299 -0.406105 0.710007
vn 0.593888 -0.389524 0.703966
vn 0.860448 -0.118268 0.495623
vn 0.870306 -0.089468 0.484317
vn 0.030878 -0.300278 0.953352
vn 0.041295 -0.300524 0.95288
vn 0.299698 -0.456913 0.837503
vn 0.317602 -0.449921 0.834686
vn 0.654292 -0.367885 0.660729
vn 0.672136 -0.348256 0.653415
vn 0.914188 -0.006883 0.405233
vn 0.90071 -0.037969 0.432758
vn 0.074465 -0.358216 0.930664
vn 0.08716 -0.357543 0.929821
vn 0.39882 -0.457385 0.794822
vn 0.379821 -0.46689 0.798592
vn 0.727909 -0.316188 0.608419
vn 0.744376 -0.293545 0.599779
vn 0.14435 -0.406126 0.902344
vn 0.129509 -0.408111 0.9037
vn 0.462818 -0.462858 0.756017
vn 0.482435 -0.450564 0.751165
vn 0.808387 -0.226511 0.543325
vn 0.793956 -0.251981 0.553299
vn 0.194553 -0.448025 0.872595
vn 0.211301 -0.444342 0.870582
vn 0.565903 -0.429164 0.703969
vn 0.546248 -0.444421 0.710002
vn 0.862169 -0.148652 0.484321
vn 0.850374 -0.176699 0.495623
vn 0.040058 -0.304343 0.95172
vn 0.020698 -0.302646 0.952878
vn 0.000954 -0.313687 0.949526
vn 0.010899 -0.359861 0.932942
vn 0.28617 -0.470532 0.834689
vn 0.267794 -0.476296 0.837513
vn 0.627673 -0.411683 0.660715
vn 0.646788 -0.393342 0.653412
vn 0.895404 -0.092048 0.435637
vn 0.903986 -0.061835 0.423067
vn 0.049806 -0.362464 0.930666
vn 0.062545 -0.362659 0.929821
vn 0.366681 -0.483518 0.794831
vn 0.347093 -0.491698 0.798598
vn 0.704649 -0.365102 0.608417
vn 0.722603 -0.343659 0.599786
vn 0.101407 -0.415983 0.903701
vn 0.116294 -0.41502 0.902349
vn 0.430158 -0.493325 0.756039
vn 0.450574 -0.482395 0.751184
vn 0.774906 -0.305585 0.553298
vn 0.791056 -0.281137 0.543316
vn 0.16358 -0.460229 0.8726
vn 0.180499 -0.457703 0.870591
vn 0.535312 -0.466763 0.70397
vn 0.51465 -0.480651 0.710008
vn 0.850019 -0.207144 0.484314
vn 0.836327 -0.23434 0.495622
vn 0.253362 -0.488965 0.834698
vn 0.234657 -0.493457 0.837518
vn 0.598091 -0.453575 0.660724
vn 0.618459 -0.436544 0.653405
vn 0.887036 -0.152939 0.435634
vn 0.89766 -0.123382 0.423065
vn 0.024964 -0.36502 0.930665
vn 0.030455 -0.363772 0.93099
vn 0.03762 -0.36608 0.929823
vn 0.003784 -0.405233 0.914206
vn 0.332803 -0.50744 0.794825
vn 0.312757 -0.514246 0.798582
vn 0.67807 -0.412366 0.60842
vn 0.697477 -0.392166 0.599777
vn 0.925427 -0.063302 0.3736
vn 0.932493 -0.032707 0.359703
vn 0.949053 -0.031644 0.313524
vn 0.932137 -0.033434 0.36056
vn 0.072771 -0.421955 0.903691
vn 0.08767 -0.42201 0.902342
vn 0.395507 -0.52153 0.75603
vn 0.416561 -0.512046 0.751189
vn 0.770024 -0.334464 0.54332
vn 0.752242 -0.357754 0.553303
vn 0.148862 -0.468947 0.870591
vn 0.131788 -0.470314 0.872603
vn 0.480687 -0.514635 0.709994
vn 0.502202 -0.502216 0.703969
vn 0.818391 -0.290852 0.495622
vn 0.833896 -0.264671 0.48432
vn 0.21938 -0.505122 0.8347
vn 0.200461 -0.508319 0.837513
vn 0.565755 -0.493307 0.660734
vn 0.587213 -0.477724 0.653423
vn 0.874529 -0.213117 0.435638
vn 0.887149 -0.184346 0.423065
vn 0.276905 -0.5344 0.798586
vn 0.297447 -0.528957 0.794814
vn 0.648363 -0.457652 0.608425
vn 0.669078 -0.438846 0.599791
vn 0.918949 -0.126308 0.373603
vn 0.928115 -0.095412 0.359861
vn 0.04377 -0.425928 0.903698
vn 0.058725 -0.427006 0.90234
vn 0.380676 -0.539267 0.751184
vn 0.358956 -0.547317 0.756039
vn 0.745399 -0.386241 0.543322
vn 0.726081 -0.408249 0.553299
vn 0.963749 -0.007453 0.266707
vn 0.950591 -0.035603 0.308398
vn 0.099347 -0.478216 0.872605
vn 0.116489 -0.478017 0.870592
vn 0.466794 -0.535306 0.703954
vn 0.4444 -0.546267 0.71
vn 0.813895 -0.320956 0.484316
vn 0.796636 -0.346023 0.49562
vn 0.165325 -0.520809 0.837512
vn 0.184432 -0.518909 0.834697
vn 0.553243 -0.516679 0.653426
vn 0.530757 -0.530771 0.660742
vn 0.857944 -0.272304 0.435641
vn 0.872497 -0.244462 0.423068
vn 0.23977 -0.55207 0.798579
vn 0.260608 -0.548047 0.794813
vn 0.637571 -0.483489 0.599785
vn 0.615622 -0.500836 0.608418
vn 0.919439 -0.158527 0.359863
vn 0.908189 -0.188718 0.373601
vn 0.029414 -0.430007 0.902346
vn -0.007098 -0.449594 0.893205
vn 0.038855 -0.43129 0.901376
vn 0.320815 -0.570511 0.756039
vn 0.342964 -0.563983 0.751198
vn 0.717314 -0.43619 0.543322
vn 0.696522 -0.456847 0.553307
vn 0.953264 -0.065204 0.29502
vn 0.945817 -0.097232 0.309799
vn 0.066547 -0.48388 0.872601
vn 0.083583 -0.484846 0.870596
vn 0.429135 -0.565933 0.703962
vn 0.40612 -0.575311 0.709989
vn 0.790098 -0.375741 0.484317
vn 0.771156 -0.399587 0.495629
vn 0.129373 -0.530888 0.837509
vn 0.148584 -0.530296 0.834691
vn 0.516674 -0.553239 0.653433
vn 0.49333 -0.565737 0.660733
vn 0.837362 -0.330211 0.435644
vn 0.853779 -0.303433 0.423073
vn 0.222664 -0.564512 0.794825
vn 0.201563 -0.567109 0.798599
vn 0.603095 -0.525872 0.599779
vn 0.580014 -0.541681 0.608412
vn 0.906479 -0.220898 0.35986
vn 0.893192 -0.25026 0.373602
vn 0.303652 -0.586113 0.751177
vn 0.28109 -0.591119 0.756021
vn 0.685856 -0.484155 0.543319
vn 0.663726 -0.503323 0.553293
vn 0.946591 -0.13011 0.29502
vn 0.936978 -0.161551 0.309796
vn 0.029513 -0.488342 0.872153
vn 0.02186 -0.492785 0.869876
vn 0.014439 -0.534957 0.844756
vn 0.05031 -0.489439 0.870585
vn 0.033334 -0.487306 0.872595
vn 0.389548 -0.593891 0.703951
vn 0.365896 -0.601692 0.70999
vn 0.742105 -0.451265 0.49562
vn 0.762602 -0.428798 0.484324
vn 0.967389 -0.06617 0.2445
vn 0.975242 -0.030728 0.218997
vn 0.984591 -0.037314 0.170843
vn 0.972133 -0.038309 0.23128
vn 0.09283 -0.538482 0.837508
vn 0.112039 -0.539203 0.83469
vn 0.477742 -0.587201 0.65342
vn 0.453531 -0.598107 0.66074
vn 0.812888 -0.386579 0.435626
vn 0.831078 -0.361004 0.423067
vn 0.183562 -0.578408 0.794827
vn 0.162386 -0.579555 0.79859
vn 0.541686 -0.580022 0.6084
vn 0.565797 -0.565821 0.599766
vn 0.874031 -0.31063 0.373603
vn 0.88929 -0.282247 0.359862
vn 0.263004 -0.605432 0.751186
vn 0.240166 -0.608885 0.756028
vn 0.651238 -0.529807 0.543318
vn 0.627828 -0.547438 0.553302
vn 0.935507 -0.194395 0.29502
vn 0.923769 -0.225111 0.3098
vn 0.323933 -0.62526 0.710012
vn 0.348115 -0.619078 0.703959
vn 0.709562 -0.50089 0.495612
vn 0.731569 -0.47985 0.484305
vn 0.960618 -0.132038 0.244497
vn 0.968359 -0.099553 0.228846
vn 0.075011 -0.545578 0.834696
vn 0.055872 -0.543546 0.837518
vn 0.411688 -0.627646 0.660737
vn 0.436528 -0.618439 0.653434
vn 0.784595 -0.441165 0.435642
vn 0.804525 -0.416846 0.423059
vn 0.992421 -0.010888 0.122402
vn 0.98321 -0.029173 0.180131
vn 0.143652 -0.589601 0.794817
vn 0.122448 -0.589301 0.798581
vn 0.500859 -0.615614 0.608407
vn 0.525885 -0.603091 0.599771
vn 0.850789 -0.369566 0.373603
vn 0.867953 -0.342284 0.359859
vn 0.221039 -0.622005 0.751167
vn 0.197997 -0.623893 0.756012
vn 0.588995 -0.58902 0.5533
vn 0.613549 -0.57303 0.543318
vn 0.906257 -0.287632 0.309785
vn 0.920057 -0.257801 0.295014
vn 0.280577 -0.645885 0.710007
vn 0.305009 -0.641388 0.703982
vn 0.67374 -0.548113 0.495628
vn 0.697126 -0.528628 0.484322
vn 0.949369 -0.197276 0.244501
vn 0.959308 -0.165396 0.228849
vn 0.035569 -0.549085 0.835009
vn -0.005439 -0.575786 0.817583
vn 0.037559 -0.549426 0.834698
vn 0.367914 -0.654289 0.660715
vn 0.393305 -0.646805 0.653418
vn 0.752663 -0.493685 0.435631
vn 0.774177 -0.470814 0.423065
vn 0.978869 -0.100634 0.178012
vn 0.984543 -0.067344 0.161679
vn 0.103142 -0.598014 0.794821
vn 0.08198 -0.596266 0.79859
vn 0.483493 -0.637587 0.599764
vn 0.45766 -0.648377 0.608403
vn 0.8236 -0.426729 0.373611
vn 0.842575 -0.400698 0.359874
vn 0.154938 -0.635924 0.756039
vn 0.17813 -0.635612 0.751178
vn 0.547448 -0.627819 0.553303
vn 0.57302 -0.613551 0.543327
vn 0.884511 -0.348813 0.30979
vn 0.900327 -0.319972 0.295007
vn 0.260548 -0.660721 0.703962
vn 0.235801 -0.663547 0.710002
vn 0.634746 -0.592827 0.495635
vn 0.659421 -0.574974 0.484322
vn 0.945784 -0.230483 0.228845
vn 0.933688 -0.261621 0.2445
vn 0.322368 -0.677891 0.660714
vn 0.348275 -0.672142 0.653398
vn 0.740257 -0.522528 0.423065
vn 0.717234 -0.543876 0.435631
vn 0.977651 -0.134375 0.161683
vn 0.969721 -0.167191 0.178013
vn 0.034759 -0.602368 0.797461
vn 0.062048 -0.603669 0.794817
vn 0.018788 -0.615137 0.788196
vn 0.02494 -0.65296 0.756982
vn 0.041049 -0.600479 0.798586
vn 0.412337 -0.678103 0.608404
vn 0.438846 -0.669101 0.599765
vn 0.813259 -0.457292 0.359854
vn 0.79254 -0.481982 0.373596
vn 0.991546 -0.067823 0.110622
vn 0.996846 -0.029841 0.073532
vn 0.996843 -0.073536 0.029944
vn 0.998438 -0.039505 0.039505
vn 0.994495 -0.040038 0.096835
vn 0.13426 -0.646286 0.751191
vn 0.11125 -0.645023 0.756022
vn 0.503312 -0.663723 0.553307
vn 0.529821 -0.651223 0.543322
vn 0.876388 -0.380671 0.295014
vn 0.858654 -0.408345 0.309786
vn 0.214881 -0.676934 0.703979
vn 0.190027 -0.678064 0.710013
vn 0.592819 -0.63475 0.49564
vn 0.618635 -0.618635 0.484336
vn 0.927848 -0.29449 0.228854
vn 0.913664 -0.324711 0.244501
vn 0.275365 -0.698295 0.660726
vn 0.301598 -0.694328 0.653411
vn 0.702884 -0.571817 0.42306
vn 0.678441 -0.591558 0.435634
vn 0.966203 -0.20078 0.161679
vn 0.956049 -0.232985 0.178011
vn 0.365108 -0.704628 0.608436
vn 0.392201 -0.697448 0.599787
vn 0.757815 -0.534921 0.373598
vn 0.780158 -0.511716 0.359862
vn 0.984606 -0.13533 0.110624
vn 0.991999 -0.122349 0.031137
vn 0.990369 -0.10181 0.093825
vn 0.993858 -0.102169 0.04251
vn 0.089905 -0.653956 0.751172
vn 0.066924 -0.651112 0.756026
vn 0.45683 -0.69652 0.553322
vn 0.484144 -0.685853 0.543333
vn 0.848375 -0.439581 0.295005
vn 0.828769 -0.466013 0.309796
vn 0.143233 -0.689477 0.710005
vn 0.168143 -0.690047 0.703963
vn 0.548125 -0.673721 0.49564
vn 0.574979 -0.659406 0.484337
vn 0.905594 -0.357108 0.228853
vn 0.88937 -0.38631 0.244511
vn 0.227106 -0.715448 0.660725
vn 0.253511 -0.713284 0.653421
vn 0.636482 -0.636482 0.435638
vn 0.662217 -0.618455 0.423063
vn 0.95025 -0.26624 0.161684
vn 0.937919 -0.297686 0.178022
vn 0.343628 -0.722613 0.599792
vn 0.316186 -0.727912 0.608416
vn 0.719547 -0.585374 0.373616
vn 0.74344 -0.56373 0.359869
vn 0.984724 -0.169788 0.038614
vn 0.981112 -0.169165 0.093824
vn 0.973075 -0.202208 0.110619
vn 0.984578 -0.170831 0.037728
vn 0.975214 -0.218992 0.031614
vn 0.029419 -0.65556 0.75457
vn 0.000816 -0.689527 0.72426
vn 0.045059 -0.658553 0.751184
vn 0.408289 -0.726058 0.553298
vn 0.436178 -0.717308 0.54334
vn 0.816392 -0.49645 0.295029
vn 0.795034 -0.521474 0.309815
vn 0.095908 -0.697623 0.710017
vn 0.120688 -0.699888 0.703982
vn 0.500878 -0.709559 0.495628
vn 0.528633 -0.697117 0.48433
vn 0.860939 -0.446091 0.244514
vn 0.879108 -0.418079 0.228864
vn 0.204231 -0.72894 0.653403
vn 0.177707 -0.729297 0.660716
vn 0.591569 -0.678432 0.435634
vn 0.618459 -0.662211 0.423066
vn 0.929861 -0.330476 0.161692
vn 0.915423 -0.360984 0.178018
vn 0.265775 -0.74779 0.608419
vn 0.293557 -0.74437 0.599782
vn 0.70321 -0.613183 0.359864
vn 0.677924 -0.633124 0.373596
vn 0.970698 -0.236542 0.042349
vn 0.967284 -0.23571 0.093827
vn 0.957009 -0.268134 0.110628
vn 0.963344 -0.266607 0.029803
vn 0.386234 -0.745418 0.5433
vn 0.357728 -0.752266 0.553287
vn 0.780598 -0.551017 0.295038
vn 0.757623 -0.574485 0.309799
vn 0.036242 -0.70624 0.707044
vn 0.048071 -0.702573 0.709986
vn 0.019666 -0.724111 0.689403
vn 0.072589 -0.706516 0.703964
vn 0.47982 -0.731586 0.484309
vn 0.451261 -0.742112 0.495613
vn 0.848525 -0.477106 0.228857
vn 0.82849 -0.503807 0.244503
vn 0.127556 -0.739718 0.660717
vn 0.154017 -0.74117 0.653411
vn 0.543884 -0.717229 0.435629
vn 0.571825 -0.702878 0.423058
vn 0.905144 -0.393157 0.161682
vn 0.888654 -0.422619 0.178012
vn 0.242069 -0.762669 0.599783
vn 0.214106 -0.764185 0.608424
vn 0.633133 -0.677923 0.373583
vn 0.659732 -0.659746 0.359846
vn 0.948938 -0.301186 0.093823
vn 0.936477 -0.332827 0.110619
vn 0.952324 -0.302261 0.041437
vn 0.948997 -0.313512 0.03339
vn 0.932429 -0.359663 0.034917
vn 0.334464 -0.770028 0.543315
vn 0.3056 -0.774907 0.553288
vn 0.741185 -0.603007 0.295004
vn 0.716628 -0.624883 0.309784
vn 0.399577 -0.771171 0.495615
vn 0.428783 -0.762619 0.484312
vn 0.813986 -0.533909 0.228842
vn 0.792171 -0.559187 0.24449
vn 0.076716 -0.746689 0.660735
vn 0.103096 -0.749954 0.653407
vn 0.493652 -0.752676 0.435646
vn 0.522536 -0.740252 0.423063
vn 0.857737 -0.482286 0.178012
vn 0.876204 -0.454011 0.161678
vn 0.161467 -0.77702 0.608415
vn 0.189432 -0.777415 0.599785
vn 0.613191 -0.70321 0.35985
vn 0.585385 -0.719546 0.373602
vn 0.926176 -0.365234 0.093823
vn 0.911583 -0.395954 0.110621
vn 0.929515 -0.366551 0.040512
vn 0.913796 -0.405054 0.030139
vn 0.281162 -0.791052 0.54331
vn 0.251998 -0.793953 0.553295
vn 0.698316 -0.652166 0.295016
vn 0.67231 -0.672325 0.309804
vn 0.375763 -0.790087 0.484319
vn 0.346019 -0.796631 0.49563
vn 0.752167 -0.611941 0.244485
vn 0.775655 -0.588212 0.228837
vn 0.051629 -0.755225 0.653429
vn 0.03296 -0.751664 0.658722
vn 0.017278 -0.757102 0.653068
vn 0.009904 -0.788307 0.615202
vn 0.470773 -0.774196 0.423077
vn 0.441145 -0.784605 0.435644
vn 0.843172 -0.51276 0.161676
vn 0.82282 -0.539704 0.178007
vn 0.108082 -0.786221 0.60842
vn 0.135972 -0.788525 0.599784
vn 0.563749 -0.74343 0.35986
vn 0.53493 -0.757811 0.373593
vn 0.882437 -0.457241 0.110614
vn 0.892805 -0.449393 0.030747
vn 0.89909 -0.427593 0.093819
vn 0.902253 -0.429097 0.042613
vn 0.226491 -0.808406 0.543306
vn 0.197204 -0.80931 0.553288
vn 0.652159 -0.69832 0.295022
vn 0.624888 -0.716624 0.309782
vn 0.320982 -0.813871 0.48434
vn 0.290871 -0.818368 0.495648
vn 0.733732 -0.639738 0.228852
vn 0.70866 -0.661826 0.244514
vn 0.41685 -0.804515 0.423074
vn 0.3866 -0.812874 0.435633
vn 0.784072 -0.594596 0.178009
vn 0.806215 -0.569102 0.161677
vn 0.036056 -0.797192 0.602648
vn 0.081804 -0.79598 0.59977
vn 0.022564 -0.817367 0.575675
vn 0.054128 -0.791777 0.608407
vn 0.481945 -0.792568 0.373584
vn 0.511699 -0.780178 0.359841
vn 0.870984 -0.489735 0.039325
vn 0.867814 -0.487952 0.093813
vn 0.869498 -0.492568 0.036733
vn 0.844406 -0.534738 0.032146
vn 0.849169 -0.516407 0.110615
vn 0.170826 -0.821961 0.543321
vn 0.141549 -0.820865 0.553303
vn 0.60302 -0.741174 0.295006
vn 0.574502 -0.75761 0.309799
vn 0.264624 -0.833912 0.484319
vn 0.234317 -0.83634 0.495612
vn 0.661821 -0.708667 0.244506
vn 0.688332 -0.68835 0.228852
vn 0.330246 -0.837361 0.435619
vn 0.360996 -0.831085 0.423059
vn 0.76551 -0.622777 0.161687
vn 0.741697 -0.646683 0.178008
vn 0.426733 -0.82359 0.373629
vn 0.457303 -0.813246 0.359867
vn 0.835448 -0.547955 0.042101
vn 0.8325 -0.546022 0.09383
vn 0.817234 -0.575538 0.029733
vn 0.811948 -0.573149 0.11064
vn 0.114288 -0.831719 0.543306
vn 0.085159 -0.828627 0.553286
vn 0.550991 -0.780626 0.295012
vn 0.521457 -0.795057 0.309785
vn 0.17673 -0.850372 0.495614
vn 0.20715 -0.850017 0.484314
vn 0.639769 -0.733699 0.228871
vn 0.61195 -0.752149 0.244517
vn 0.303438 -0.853796 0.423034
vn 0.272258 -0.857967 0.435624
vn 0.721224 -0.673574 0.16166
vn 0.695806 -0.695824 0.177998
vn 0.369557 -0.850794 0.3736
vn 0.400672 -0.842585 0.359879
vn 0.770955 -0.627207 0.110631
vn 0.793281 -0.60158 0.093843
vn 0.787913 -0.614916 0.032732
vn 0.756731 -0.652746 0.035787
vn 0.796101 -0.603718 0.041814
vn 0.037064 -0.834091 0.550379
vn 0.009744 -0.844836 0.534936
vn 0.020933 -0.869895 0.492793
vn 0.057308 -0.837567 0.54332
vn 0.466028 -0.828761 0.309796
vn 0.496475 -0.816379 0.295023
vn 0.148687 -0.862167 0.484315
vn 0.118235 -0.860441 0.495643
vn 0.588185 -0.775673 0.228845
vn 0.559154 -0.792191 0.2445
vn 0.21312 -0.874516 0.435662
vn 0.244486 -0.872483 0.423083
vn 0.673581 -0.721214 0.161677
vn 0.646717 -0.741667 0.178008
vn 0.310627 -0.874023 0.373623
vn 0.342302 -0.867942 0.35987
vn 0.753115 -0.656675 0.039948
vn 0.750392 -0.6543 0.093831
vn 0.726351 -0.678362 0.110632
vn 0.723926 -0.689207 0.03041
vn 0.439604 -0.848362 0.295009
vn 0.408316 -0.858658 0.309813
vn 0.034816 -0.873119 0.486262
vn 0.059288 -0.866504 0.495636
vn 0.089453 -0.870292 0.484345
vn 0.02666 -0.892907 0.449452
vn 0.533901 -0.813984 0.228866
vn 0.50383 -0.828474 0.244511
vn 0.184333 -0.887143 0.423082
vn 0.152975 -0.887031 0.435632
vn 0.59457 -0.784092 0.178006
vn 0.622782 -0.765511 0.161667
vn 0.282231 -0.889289 0.359876
vn 0.250288 -0.893186 0.373598
vn 0.703972 -0.704003 0.093822
vn 0.706447 -0.706479 0.042669
vn 0.689216 -0.723916 0.03044
vn 0.678373 -0.726345 0.110603
vn 0.348835 -0.884506 0.309779
vn 0.380628 -0.8764 0.295034
vn 0.477089 -0.848539 0.228842
vn 0.446119 -0.860935 0.244476
vn 0.092034 -0.895402 0.435643
vn 0.123404 -0.897661 0.423057
vn 0.539699 -0.822825 0.177999
vn 0.569082 -0.806229 0.161678
vn 0.220888 -0.906491 0.359838
vn 0.188709 -0.908201 0.373578
vn 0.62721 -0.770954 0.110627
vn 0.656699 -0.753093 0.039974
vn 0.654326 -0.750371 0.093813
vn 0.652748 -0.75673 0.035789
vn 0.614903 -0.787923 0.032733
vn 0.287619 -0.906265 0.309774
vn 0.319979 -0.900331 0.294988
vn 0.38627 -0.889392 0.244494
vn 0.418095 -0.879112 0.22882
vn 0.061813 -0.903986 0.42307
vn 0.037958 -0.900711 0.432757
vn 0.006863 -0.914191 0.405225
vn 0.482266 -0.857747 0.178012
vn 0.512756 -0.843176 0.161668
vn 0.126331 -0.918952 0.373587
vn 0.158542 -0.919441 0.359851
vn 0.57313 -0.811964 0.110616
vn 0.601554 -0.793303 0.093822
vn 0.603691 -0.796121 0.041826
vn 0.575566 -0.817214 0.029769
vn 0.225097 -0.923764 0.309826
vn 0.257828 -0.920047 0.295021
vn 0.324716 -0.913662 0.244501
vn 0.357105 -0.905594 0.228857
vn 0.453997 -0.876211 0.161681
vn 0.422631 -0.88865 0.178002
vn 0.095424 -0.928121 0.35984
vn 0.03271 -0.932484 0.359726
vn 0.063279 -0.925431 0.373595
vn 0.031647 -0.949054 0.313522
vn 0.033412 -0.932139 0.360555
vn 0.5164 -0.849168 0.110652
vn 0.546059 -0.832475 0.093841
vn 0.547992 -0.835422 0.042133
vn 0.534687 -0.84444 0.032111
vn 0.492569 -0.8695 0.036692
vn 0.161565 -0.936977 0.30979
vn 0.194358 -0.935509 0.295037
vn 0.261649 -0.933681 0.244498
vn 0.294502 -0.927843 0.228858
vn 0.393165 -0.905143 0.161669
vn 0.360982 -0.915426 0.17801
vn 0.489715 -0.870996 0.039303
vn 0.487931 -0.867823 0.093841
vn 0.457226 -0.882442 0.110637
vn 0.449399 -0.892802 0.030731
vn 0.130109 -0.946595 0.295006
vn 0.097244 -0.945822 0.309781
vn 0.197238 -0.94937 0.244529
vn 0.230513 -0.945777 0.228843
vn 0.330501 -0.929851 0.1617
vn 0.297698 -0.937912 0.178038
vn 0.4276 -0.899082 0.093855
vn 0.429106 -0.902249 0.042595
vn 0.405049 -0.913799 0.030114
vn 0.39596 -0.911576 0.110658
vn 0.065248 -0.953261 0.295017
vn 0.007428 -0.963743 0.266727
vn 0.035583 -0.950583 0.308425
vn 0.132035 -0.960615 0.24451
vn 0.16536 -0.959307 0.228879
vn 0.233016 -0.956044 0.177997
vn 0.26623 -0.950252 0.16169
vn 0.36522 -0.926179 0.093849
vn 0.332853 -0.936467 0.110624
vn 0.366538 -0.929522 0.040489
vn 0.359699 -0.932414 0.034934
vn 0.313504 -0.948999 0.033404
vn 0.066215 -0.967392 0.244477
vn 0.099538 -0.968359 0.228852
vn 0.038331 -0.97214 0.231246
vn 0.030767 -0.975242 0.218989
vn 0.03736 -0.984599 0.170789
vn 0.200786 -0.966206 0.161652
vn 0.167157 -0.969728 0.178006
vn 0.301164 -0.948947 0.093802
vn 0.302238 -0.95233 0.041461
vn 0.268124 -0.957015 0.110601
vn 0.266616 -0.963341 0.029836
vn 0.100618 -0.978864 0.178051
vn 0.134394 -0.977645 0.161704
vn 0.202214 -0.973076 0.110599
vn 0.235713 -0.967285 0.093807
vn 0.236544 -0.970696 0.042385
vn 0.218983 -0.975215 0.031644
vn 0.170786 -0.984584 0.037765
vn 0.029113 -0.983199 0.180198
vn 0.067336 -0.984536 0.161721
vn 0.010831 -0.992412 0.122479
vn 0.13535 -0.984603 0.110626
vn 0.169824 -0.984719 0.038583
vn 0.169201 -0.981106 0.093817
vn 0.122426 -0.99199 0.03111
vn 0.1018 -0.990372 0.093811
vn 0.067815 -0.991548 0.110607
vn 0.040065 -0.994493 0.096837
vn 0.102158 -0.993858 0.042533
vn 0.02985 -0.996849 0.073491
vn 0.039503 -0.998438 0.039503
vn 0.073491 -0.996846 0.029951
vn 0.99729 0.0 0.073565
vn 0.999699 0.0 0.024543
vn 0.999699 0.0 0.024543
vn 0.99729 0.0 0.073565
vn 0.99248 0.0 0.12241
vn 0.99248 0.0 0.12241
vn 0.985278 0.0 0.170962
vn 0.985278 0.0 0.170962
vn 0.975702 0.0 0.2191
vn 0.975702 0.0 0.2191
vn 0.949528 0.0 0.313681
vn 0.963776 0.0 0.266714
vn 0.963776 0.0 0.266714
vn 0.949528 0.0 0.313681
vn 0.932993 0.0 0.359896
vn 0.932993 0.0 0.359896
vn 0.914209 0.0 0.405242
vn 0.914209 0.0 0.405242
vn 0.893224 0.0 0.449612
vn 0.893224 0.0 0.449612
vn 0.870088 0.0 0.492897
vn 0.870088 0.0 0.492897
vn 0.844853 0.0 0.534998
vn 0.844853 0.0 0.534998
vn 0.817585 0.0 0.575807
vn 0.817585 0.0 0.575807
vn 0.788347 0.0 0.61523
vn 0.788347 0.0 0.61523
vn 0.757208 0.0 0.653174
vn 0.757208 0.0 0.653174
vn 0.724249 0.0 0.689539
vn 0.724249 0.0 0.689539
vn 0.689539 0.0 0.724248
vn 0.689539 0.0 0.724248
vn 0.653173 0.0 0.757209
vn 0.653173 0.0 0.757209
vn 0.615232 0.0 0.788346
vn 0.615232 0.0 0.788346
vn 0.575808 0.0 0.817585
vn 0.575808 0.0 0.817585
vn 0.534997 0.0 0.844854
vn 0.534997 0.0 0.844854
vn 0.492899 0.0 0.870087
vn 0.492899 0.0 0.870087
vn 0.405239 0.0 0.914211
vn 0.449612 0.0 0.893224
vn 0.449612 0.0 0.893224
vn 0.405239 0.0 0.914211
vn 0.359896 0.0 0.932993
vn 0.359896 0.0 0.932993
vn 0.266714 0.0 0.963776
vn 0.313682 0.0 0.949528
vn 0.313682 0.0 0.949528
vn 0.266714 0.0 0.963776
vn 0.2191 0.0 0.975702
vn 0.2191 0.0 0.975702
vn 0.122411 0.0 0.99248
vn 0.170962 0.0 0.985278
vn 0.170962 0.0 0.985278
vn 0.122411 0.0 0.99248
vn 0.073565 0.0 0.99729
vn 0.073565 0.0 0.99729
vn 0.02454 0.0 0.999699
vn 0.02454 0.0 0.999699
vn 0.999398 0.024535 0.024535
vn 0.024535 0.999398 0.024535
vn 0.073025 -0.120974 0.989966
vn 0.02443 0.094811 0.995196
vn 0.0583 0.003986 0.998291
vn 0.033843 0.004653 0.999416
vn 0.122392 -0.017871 0.992321
vn 0.090977 0.108849 0.989886
vn 0.101967 0.006971 0.994763
vn 0.033447 0.006949 0.999416
vn 0.101846 0.01047 0.994745
vn 0.101252 0.013921 0.994763
vn 0.170837 0.038284 0.984555
vn 0.219051 -0.021182 0.975483
vn 0.170635 0.039887 0.984527
vn 0.032895 0.009217 0.999416
vn 0.100893 0.017396 0.994745
vn 0.100067 0.020792 0.994763
vn 0.169804 0.011616 0.985409
vn 0.168826 0.017356 0.985493
vn 0.032189 0.01144 0.999416
vn 0.099471 0.024242 0.994745
vn 0.098415 0.027575 0.994763
vn 0.168616 0.023175 0.985409
vn 0.167248 0.028836 0.985493
vn 0.266708 -0.006969 0.963752
vn 0.235815 0.016132 0.971664
vn 0.230345 0.047909 0.971929
vn 0.031333 0.01361 0.999416
vn 0.097586 0.030971 0.994745
vn 0.096303 0.034226 0.994763
vn 0.166641 0.034628 0.985409
vn 0.164889 0.040185 0.985493
vn 0.236052 0.024265 0.971438
vn 0.234164 0.032184 0.971664
vn 0.030332 0.015716 0.999416
vn 0.313681 0.000966 0.949528
vn 0.359874 0.010917 0.932937
vn 0.304332 0.040089 0.951722
vn 0.095243 0.037561 0.994745
vn 0.093743 0.040719 0.994763
vn 0.161764 0.051339 0.985493
vn 0.163889 0.04592 0.985409
vn 0.233845 0.040319 0.971438
vn 0.231422 0.048089 0.971664
vn 0.029188 0.01775 0.999416
vn 0.300269 0.030866 0.953355
vn 0.302633 0.020701 0.952882
vn 0.090747 0.047018 0.994763
vn 0.09246 0.043969 0.994745
vn 0.157881 0.062264 0.985493
vn 0.160374 0.056997 0.985409
vn 0.230548 0.056185 0.971437
vn 0.227601 0.063771 0.971664
vn 0.027909 0.019701 0.999416
vn 0.300516 0.041306 0.952882
vn 0.297463 0.051288 0.953355
vn 0.087325 0.053104 0.994763
vn 0.089243 0.050178 0.994745
vn 0.405236 0.003789 0.914204
vn 0.363781 0.030455 0.930986
vn 0.365028 0.024969 0.930662
vn 0.153267 0.072887 0.985493
vn 0.156109 0.06781 0.985409
vn 0.226178 0.071785 0.971437
vn 0.222718 0.079155 0.971664
vn 0.0265 0.021558 0.999416
vn 0.296997 0.061716 0.952882
vn 0.293268 0.07147 0.953355
vn 0.083498 0.05894 0.994763
vn 0.085609 0.056153 0.994745
vn 0.36609 0.037637 0.929818
vn 0.362474 0.049823 0.930661
vn 0.147935 0.083178 0.985493
vn 0.15112 0.078303 0.985409
vn 0.4496 -0.007106 0.893202
vn 0.431291 0.038857 0.901376
vn 0.216796 0.09417 0.971664
vn 0.220751 0.087052 0.971437
vn 0.024967 0.023317 0.999416
vn 0.287708 0.091314 0.953355
vn 0.292092 0.081841 0.952882
vn 0.081578 0.061864 0.994745
vn 0.079282 0.064499 0.994763
vn 0.362668 0.06253 0.929818
vn 0.358229 0.074441 0.930661
vn 0.141911 0.093083 0.985493
vn 0.145423 0.088434 0.985409
vn 0.430008 0.029411 0.902346
vn 0.425923 0.043789 0.903699
vn 0.209866 0.108742 0.971664
vn 0.214295 0.101915 0.971438
vn 0.023317 0.024967 0.999416
vn 0.280806 0.110735 0.953355
vn 0.285827 0.101581 0.952882
vn 0.074696 0.069759 0.994763
vn 0.077169 0.067284 0.994745
vn 0.357555 0.087134 0.929818
vn 0.352314 0.098714 0.930661
vn 0.135228 0.102549 0.985493
vn 0.13905 0.09815 0.985409
vn 0.426997 0.058691 0.902346
vn 0.421942 0.07275 0.903699
vn 0.201956 0.122811 0.971664
vn 0.206841 0.116301 0.971438
vn 0.487299 0.03333 0.872599
vn 0.492781 0.021844 0.869879
vn 0.534942 0.014424 0.844766
vn 0.488339 0.029495 0.872155
vn 0.021558 0.0265 0.999416
vn 0.278228 0.12085 0.952882
vn 0.272594 0.12964 0.953355
vn 0.072395 0.072395 0.994745
vn 0.069759 0.074696 0.994763
vn 0.344757 0.122525 0.930661
vn 0.350776 0.11133 0.929818
vn 0.132026 0.107412 0.985409
vn 0.127919 0.111534 0.985493
vn 0.415993 0.101375 0.9037
vn 0.421997 0.08769 0.902346
vn 0.198423 0.130144 0.971438
vn 0.193105 0.136306 0.971664
vn 0.483888 0.066511 0.872599
vn 0.489433 0.050313 0.870588
vn 0.019701 0.027909 0.999416
vn 0.269331 0.139557 0.952882
vn 0.263112 0.14794 0.953355
vn 0.549091 0.035586 0.835004
vn 0.575799 -0.005433 0.817573
vn 0.064499 0.079282 0.994763
vn 0.067284 0.077169 0.994745
vn 0.342361 0.135009 0.929818
vn 0.335591 0.145767 0.930661
vn 0.120007 0.120007 0.985493
vn 0.124388 0.116172 0.985409
vn 0.408106 0.129526 0.903699
vn 0.415028 0.116286 0.902347
vn 0.183352 0.149168 0.971664
vn 0.189078 0.143384 0.971437
vn 0.478222 0.099374 0.872599
vn 0.484857 0.083598 0.870589
vn 0.01775 0.029188 0.999416
vn 0.25918 0.157612 0.952882
vn 0.252404 0.16555 0.953355
vn 0.543559 0.055877 0.837509
vn 0.549433 0.037583 0.834692
vn 0.05894 0.083498 0.994763
vn 0.061864 0.081578 0.994745
vn 0.32486 0.16833 0.930662
vn 0.33235 0.158057 0.929818
vn 0.116172 0.124388 0.985409
vn 0.111534 0.127919 0.985493
vn 0.398315 0.157075 0.903699
vn 0.406125 0.144337 0.902346
vn 0.178854 0.15595 0.971437
vn 0.172744 0.161333 0.971664
vn 0.470324 0.13178 0.872599
vn 0.478023 0.11649 0.870588
vn 0.015716 0.030332 0.999416
vn 0.247821 0.17493 0.952882
vn 0.240516 0.182391 0.953355
vn 0.538478 0.092844 0.837509
vn 0.545588 0.074989 0.834692
vn 0.056153 0.085609 0.994745
vn 0.053104 0.087325 0.994763
vn 0.320787 0.18037 0.929818
vn 0.312615 0.190107 0.930662
vn 0.615123 0.018792 0.788207
vn 0.600468 0.041073 0.798593
vn 0.65297 0.024949 0.756973
vn 0.602369 0.034745 0.797461
vn 0.102549 0.135228 0.985493
vn 0.107412 0.132026 0.985409
vn 0.395329 0.171716 0.902346
vn 0.386669 0.183889 0.903699
vn 0.167793 0.167793 0.971438
vn 0.161333 0.172744 0.971664
vn 0.460236 0.163568 0.872599
vn 0.468958 0.148843 0.870588
vn 0.01361 0.031333 0.999416
vn 0.227511 0.198377 0.953355
vn 0.235304 0.191436 0.952882
vn 0.530887 0.129373 0.837509
vn 0.539199 0.112044 0.834692
vn 0.047018 0.090747 0.994763
vn 0.050178 0.089243 0.994745
vn 0.298915 0.210996 0.930661
vn 0.307729 0.201843 0.929818
vn 0.596267 0.081955 0.798592
vn 0.603656 0.06206 0.794826
vn 0.09815 0.13905 0.985409
vn 0.093083 0.141911 0.985493
vn 0.373217 0.20985 0.903699
vn 0.38269 0.198293 0.902346
vn 0.689539 0.000833 0.724248
vn 0.655574 0.029434 0.754557
vn 0.15595 0.178854 0.971437
vn 0.149168 0.183352 0.971664
vn 0.448 0.194594 0.872599
vn 0.457709 0.180495 0.870588
vn 0.01144 0.032189 0.999416
vn 0.213441 0.213441 0.953355
vn 0.221695 0.207044 0.952882
vn 0.52082 0.165303 0.837509
vn 0.530295 0.148583 0.834692
vn 0.043969 0.09246 0.994745
vn 0.040719 0.093743 0.994763
vn 0.29324 0.222371 0.929818
vn 0.283818 0.230905 0.930661
vn 0.589283 0.122452 0.798593
vn 0.598015 0.103105 0.794826
vn 0.083178 0.147935 0.985493
vn 0.088434 0.145423 0.985409
vn 0.368265 0.223948 0.902346
vn 0.358025 0.234832 0.903699
vn 0.65111 0.066939 0.756026
vn 0.658561 0.045047 0.751178
vn 0.136306 0.193105 0.971664
vn 0.143384 0.189078 0.971437
vn 0.433677 0.224712 0.872599
vn 0.444323 0.211312 0.870589
vn 0.009217 0.032895 0.999416
vn 0.207044 0.221695 0.952882
vn 0.198377 0.227511 0.953355
vn 0.518919 0.184422 0.834693
vn 0.508326 0.200456 0.83751
vn 0.037561 0.095243 0.994745
vn 0.034226 0.096303 0.994763
vn 0.277382 0.241861 0.929818
vn 0.267401 0.249731 0.930662
vn 0.589584 0.143681 0.794825
vn 0.579554 0.162385 0.798592
vn 0.078303 0.15112 0.985409
vn 0.072887 0.153267 0.985493
vn 0.341165 0.258715 0.9037
vn 0.352124 0.248556 0.902347
vn 0.645025 0.11121 0.756025
vn 0.65395 0.089883 0.751179
vn 0.130144 0.198423 0.971438
vn 0.122811 0.201956 0.971664
vn 0.428868 0.241141 0.870588
vn 0.417331 0.253785 0.872599
vn 0.724109 0.019623 0.689406
vn 0.702556 0.048056 0.710004
vn 0.706229 0.036209 0.707057
vn 0.006949 0.033447 0.999416
vn 0.191436 0.235304 0.952882
vn 0.182391 0.240516 0.953355
vn 0.493461 0.23468 0.837509
vn 0.505123 0.219407 0.834692
vn 0.030971 0.097586 0.994745
vn 0.027575 0.098415 0.994763
vn 0.260229 0.260229 0.929818
vn 0.249731 0.267401 0.930662
vn 0.567121 0.201553 0.798593
vn 0.578405 0.183574 0.794826
vn 0.06781 0.156109 0.985409
vn 0.062264 0.157881 0.985493
vn 0.322717 0.281391 0.903699
vn 0.33434 0.272005 0.902347
vn 0.635931 0.154976 0.756025
vn 0.646293 0.134302 0.751178
vn 0.108742 0.209866 0.971664
vn 0.116301 0.206841 0.971438
vn 0.399039 0.281672 0.872599
vn 0.411413 0.269843 0.870588
vn 0.706509 0.072632 0.703967
vn 0.697639 0.095889 0.710003
vn 0.004653 0.033843 0.999416
vn 0.094811 0.02443 0.995196
vn 0.16555 0.252404 0.953355
vn 0.17493 0.247821 0.952882
vn 0.488973 0.253366 0.834692
vn 0.476295 0.267808 0.837509
vn 0.757095 0.017232 0.653077
vn 0.788309 0.009854 0.615201
vn 0.751658 0.032914 0.658731
vn 0.020792 0.100067 0.994763
vn 0.024242 0.099471 0.994745
vn 0.230905 0.283818 0.930661
vn 0.241861 0.277382 0.929818
vn 0.552044 0.239788 0.798592
vn 0.564528 0.222623 0.794825
vn 0.051339 0.161764 0.985493
vn 0.056997 0.160374 0.985409
vn 0.302761 0.302761 0.903699
vn 0.314998 0.29419 0.902346
vn 0.63562 0.178092 0.751179
vn 0.623875 0.198005 0.756025
vn 0.101915 0.214295 0.971438
vn 0.09417 0.216796 0.971664
vn 0.392037 0.297293 0.870588
vn 0.378887 0.308247 0.872599
vn 0.68947 0.143274 0.710003
vn 0.699906 0.120677 0.703967
vn 0.003986 0.0583 0.998291
vn -0.120974 0.073025 0.989966
vn 0.157612 0.25918 0.952882
vn 0.14794 0.263112 0.953355
vn 0.456911 0.299685 0.837509
vn 0.470543 0.286144 0.834692
vn 0.755234 0.05166 0.653416
vn 0.746692 0.076763 0.660726
vn 0.017396 0.100893 0.994745
vn 0.013921 0.101252 0.994763
vn 0.210996 0.298915 0.930661
vn 0.222371 0.29324 0.929818
vn 0.548021 0.260626 0.794826
vn 0.534393 0.276901 0.798593
vn 0.040185 0.164889 0.985493
vn 0.04592 0.163889 0.985409
vn 0.281391 0.322717 0.903699
vn 0.29419 0.314998 0.902346
vn 0.608906 0.240123 0.756026
vn 0.621987 0.221052 0.751178
vn 0.079155 0.222718 0.971664
vn 0.087052 0.220751 0.971437
vn 0.356966 0.333386 0.872599
vn 0.370837 0.323351 0.870588
vn 0.678084 0.18999 0.710005
vn 0.690039 0.168155 0.703968
vn 0.12964 0.272594 0.953355
vn 0.139557 0.269331 0.952882
vn 0.44992 0.317588 0.834692
vn 0.435392 0.33017 0.837509
vn 0.749948 0.103078 0.653416
vn 0.739712 0.12754 0.660726
vn -0.017871 0.122392 0.992321
vn 0.006971 0.101967 0.994763
vn 0.108849 0.090977 0.989886
vn 0.01047 0.101846 0.994745
vn 0.190107 0.312615 0.930662
vn 0.201843 0.307729 0.929818
vn 0.514252 0.312724 0.798592
vn 0.528955 0.29742 0.794825
vn 0.817378 0.022533 0.575661
vn 0.791768 0.054159 0.608416
vn 0.797202 0.036026 0.602637
vn 0.034628 0.166641 0.985409
vn 0.028836 0.167248 0.985493
vn 0.258715 0.341165 0.9037
vn 0.272005 0.33434 0.902347
vn 0.605449 0.262985 0.751179
vn 0.591101 0.281114 0.756025
vn 0.063771 0.227601 0.971664
vn 0.071785 0.226178 0.971437
vn 0.347904 0.347904 0.870589
vn 0.333386 0.356966 0.872599
vn 0.663539 0.23582 0.710004
vn 0.676953 0.214856 0.703968
vn 0.12085 0.278228 0.952882
vn 0.110735 0.280806 0.953355
vn 0.411848 0.35911 0.837509
vn 0.427197 0.347551 0.834692
vn 0.729286 0.177719 0.660725
vn 0.741165 0.154016 0.653417
vn 0.16833 0.32486 0.930662
vn 0.18037 0.320787 0.929818
vn 0.507428 0.332821 0.794825
vn 0.491712 0.347088 0.798592
vn 0.786226 0.108064 0.608416
vn 0.79597 0.081828 0.59978
vn 0.017356 0.168826 0.985493
vn 0.023175 0.168616 0.985409
vn 0.234832 0.358025 0.903699
vn 0.248556 0.352124 0.902346
vn 0.586093 0.303688 0.751178
vn 0.570537 0.3208 0.756026
vn 0.844813 0.009741 0.534973
vn 0.869897 0.020941 0.492789
vn 0.834086 0.037017 0.550391
vn 0.048089 0.231422 0.971664
vn 0.056185 0.230548 0.971437
vn 0.323351 0.370837 0.870588
vn 0.308247 0.378887 0.872599
vn 0.645898 0.280554 0.710004
vn 0.660714 0.260552 0.703967
vn 0.091314 0.287708 0.953355
vn 0.101581 0.285827 0.952882
vn 0.402484 0.375895 0.834692
vn 0.38638 0.38638 0.837509
vn 0.728929 0.204235 0.653415
vn 0.715457 0.227077 0.660726
vn 0.158057 0.33235 0.929818
vn 0.145767 0.335592 0.930661
vn 0.466879 0.379834 0.798593
vn 0.483533 0.366672 0.794826
vn 0.78853 0.135956 0.59978
vn 0.777018 0.161467 0.608417
vn 0.038284 0.170837 0.984555
vn -0.021182 0.219051 0.975483
vn 0.011616 0.169804 0.985409
vn 0.039887 0.170635 0.984527
vn 0.223948 0.368265 0.902346
vn 0.20985 0.373217 0.903699
vn 0.547316 0.358984 0.756027
vn 0.564001 0.342975 0.75118
vn 0.828614 0.085184 0.553301
vn 0.837568 0.057293 0.543321
vn 0.040319 0.233845 0.971438
vn 0.032184 0.234164 0.971664
vn 0.297293 0.392037 0.870588
vn 0.281672 0.399039 0.872599
vn 0.625248 0.323977 0.710003
vn 0.641392 0.305035 0.703967
vn 0.081841 0.292092 0.952882
vn 0.07147 0.293268 0.953355
vn 0.35911 0.411848 0.837509
vn 0.375895 0.402484 0.834692
vn 0.713291 0.253504 0.653416
vn 0.698293 0.275371 0.660726
vn 0.122525 0.344757 0.930661
vn 0.135009 0.342361 0.929818
vn 0.439869 0.41081 0.798593
vn 0.457381 0.398816 0.794826
vn 0.764188 0.214114 0.608418
vn 0.777413 0.189448 0.599781
vn 0.198293 0.38269 0.902346
vn 0.183889 0.386669 0.903699
vn 0.53928 0.380665 0.75118
vn 0.521543 0.395496 0.756026
vn 0.820869 0.141532 0.553302
vn 0.831706 0.114314 0.543321
vn 0.016132 0.235815 0.971664
vn -0.006969 0.266708 0.963752
vn 0.024265 0.236052 0.971438
vn 0.047909 0.230345 0.971929
vn 0.253785 0.417331 0.872599
vn 0.269843 0.411413 0.870588
vn 0.601681 0.365889 0.710004
vn 0.619083 0.34809 0.703967
vn 0.892906 0.02667 0.449452
vn 0.873121 0.034825 0.486258
vn 0.866513 0.059273 0.495623
vn 0.051288 0.297463 0.953355
vn 0.061716 0.296997 0.952882
vn 0.347551 0.427197 0.834692
vn 0.33017 0.435392 0.837509
vn 0.694328 0.301588 0.653416
vn 0.677871 0.322383 0.660727
vn 0.098714 0.352314 0.930661
vn 0.11133 0.350776 0.929818
vn 0.41081 0.439869 0.798593
vn 0.429099 0.429099 0.794826
vn 0.747795 0.265767 0.608416
vn 0.762672 0.242063 0.59978
vn 0.171716 0.395329 0.902346
vn 0.157075 0.398315 0.903699
vn 0.493337 0.430168 0.756025
vn 0.512046 0.416581 0.751179
vn 0.821965 0.170808 0.543321
vn 0.809298 0.197219 0.5533
vn 0.224712 0.433677 0.872599
vn 0.241141 0.428868 0.870588
vn 0.575309 0.406098 0.710003
vn 0.593883 0.389529 0.703967
vn 0.860449 0.118264 0.495623
vn 0.870305 0.08947 0.484319
vn 0.030866 0.300269 0.953355
vn 0.041306 0.300516 0.952882
vn 0.299685 0.456911 0.837509
vn 0.317588 0.44992 0.834692
vn 0.654294 0.367888 0.660725
vn 0.672127 0.34827 0.653417
vn 0.914188 0.006883 0.405233
vn 0.900711 0.037968 0.432757
vn 0.074441 0.358229 0.930661
vn 0.087134 0.357555 0.929818
vn 0.398816 0.457381 0.794826
vn 0.379834 0.466879 0.798593
vn 0.727917 0.316178 0.608415
vn 0.744376 0.293545 0.599779
vn 0.144337 0.406125 0.902346
vn 0.129526 0.408106 0.903699
vn 0.462831 0.462831 0.756025
vn 0.482423 0.450553 0.751179
vn 0.808394 0.226501 0.543319
vn 0.793952 0.251991 0.5533
vn 0.194594 0.448 0.872599
vn 0.211312 0.444323 0.870589
vn 0.565917 0.429149 0.703966
vn 0.546255 0.444412 0.710003
vn 0.862171 0.148654 0.484317
vn 0.850372 0.176711 0.495622
vn 0.040089 0.304332 0.951722
vn 0.020701 0.302633 0.952882
vn 0.000966 0.313681 0.949528
vn 0.010917 0.359874 0.932937
vn 0.286144 0.470543 0.834692
vn 0.267808 0.476295 0.837509
vn 0.627661 0.411684 0.660726
vn 0.646796 0.393324 0.653415
vn 0.895403 0.09205 0.435637
vn 0.903987 0.061833 0.423066
vn 0.049823 0.362474 0.930661
vn 0.06253 0.362668 0.929818
vn 0.366672 0.483533 0.794826
vn 0.347088 0.491712 0.798592
vn 0.704641 0.365118 0.608416
vn 0.72261 0.343657 0.599779
vn 0.101375 0.415993 0.9037
vn 0.116286 0.415028 0.902347
vn 0.430168 0.493337 0.756025
vn 0.450553 0.482423 0.751179
vn 0.774904 0.305584 0.553302
vn 0.791052 0.281139 0.543321
vn 0.163568 0.460236 0.872599
vn 0.180495 0.457709 0.870588
vn 0.535313 0.466766 0.703967
vn 0.514652 0.480653 0.710004
vn 0.850016 0.207143 0.484318
vn 0.83633 0.234328 0.495623
vn 0.253366 0.488973 0.834692
vn 0.23468 0.493461 0.837509
vn 0.598103 0.453557 0.660726
vn 0.618445 0.436546 0.653416
vn 0.887035 0.152941 0.435636
vn 0.897659 0.123382 0.423066
vn 0.024969 0.365028 0.930661
vn 0.030455 0.363781 0.930986
vn 0.037637 0.36609 0.929818
vn 0.003789 0.405236 0.914204
vn 0.332821 0.507428 0.794825
vn 0.312724 0.514252 0.798592
vn 0.678084 0.41235 0.608416
vn 0.697472 0.392169 0.59978
vn 0.925427 0.0633 0.373601
vn 0.932493 0.032706 0.359703
vn 0.949053 0.031643 0.313524
vn 0.932136 0.033433 0.360561
vn 0.07275 0.421942 0.903699
vn 0.08769 0.421997 0.902346
vn 0.395496 0.521543 0.756026
vn 0.416581 0.512046 0.751179
vn 0.770021 0.334468 0.543322
vn 0.752245 0.35775 0.553301
vn 0.148843 0.468958 0.870588
vn 0.13178 0.470324 0.872599
vn 0.480653 0.514652 0.710004
vn 0.50221 0.50221 0.703968
vn 0.818389 0.290855 0.495623
vn 0.833899 0.264667 0.484318
vn 0.219407 0.505123 0.834692
vn 0.200456 0.508326 0.83751
vn 0.565759 0.493314 0.660725
vn 0.587212 0.477734 0.653416
vn 0.87453 0.213117 0.435636
vn 0.887147 0.184352 0.423065
vn 0.276901 0.534393 0.798593
vn 0.29742 0.528955 0.794825
vn 0.648363 0.457664 0.608415
vn 0.669084 0.438853 0.599779
vn 0.91895 0.126308 0.373601
vn 0.928115 0.095413 0.35986
vn 0.043789 0.425923 0.903699
vn 0.058691 0.426997 0.902346
vn 0.380665 0.53928 0.75118
vn 0.358984 0.547315 0.756027
vn 0.745402 0.386236 0.543321
vn 0.726076 0.408253 0.553302
vn 0.963749 0.007453 0.266707
vn 0.950591 0.035602 0.308397
vn 0.099374 0.478222 0.872599
vn 0.11649 0.478023 0.870588
vn 0.466766 0.535313 0.703967
vn 0.444412 0.546255 0.710003
vn 0.813893 0.320958 0.484318
vn 0.796632 0.346027 0.495623
vn 0.165303 0.52082 0.837509
vn 0.184422 0.518919 0.834693
vn 0.553242 0.516694 0.653414
vn 0.530775 0.530775 0.660724
vn 0.857948 0.272299 0.435636
vn 0.872499 0.244461 0.423065
vn 0.239788 0.552044 0.798592
vn 0.260626 0.548021 0.794826
vn 0.637576 0.483488 0.599779
vn 0.615618 0.500844 0.608416
vn 0.91944 0.158527 0.359861
vn 0.908188 0.188724 0.373602
vn 0.029411 0.430008 0.902346
vn -0.007106 0.4496 0.893202
vn 0.038857 0.431291 0.901376
vn 0.3208 0.570537 0.756026
vn 0.342975 0.564001 0.75118
vn 0.717306 0.436204 0.543321
vn 0.696524 0.45685 0.553301
vn 0.953264 0.065205 0.295018
vn 0.945818 0.097233 0.309797
vn 0.066511 0.483888 0.872599
vn 0.083598 0.484857 0.870589
vn 0.429149 0.565917 0.703966
vn 0.406098 0.575309 0.710003
vn 0.790093 0.375752 0.484319
vn 0.771162 0.399583 0.495623
vn 0.129373 0.530887 0.837509
vn 0.148583 0.530295 0.834692
vn 0.516694 0.553242 0.653414
vn 0.493314 0.565759 0.660725
vn 0.837365 0.330214 0.435636
vn 0.853782 0.303435 0.423065
vn 0.222623 0.564528 0.794825
vn 0.201553 0.567121 0.798593
vn 0.603094 0.525871 0.59978
vn 0.580003 0.541687 0.608417
vn 0.906478 0.220902 0.359862
vn 0.893192 0.250259 0.373602
vn 0.303688 0.586093 0.751178
vn 0.281114 0.591101 0.756025
vn 0.685867 0.484136 0.543322
vn 0.663724 0.503316 0.553302
vn 0.946592 0.130106 0.295018
vn 0.936978 0.161551 0.309796
vn 0.029495 0.488339 0.872155
vn 0.021844 0.492781 0.869879
vn 0.014424 0.534942 0.844766
vn 0.050313 0.489433 0.870588
vn 0.03333 0.487299 0.872599
vn 0.389529 0.593883 0.703967
vn 0.365889 0.601681 0.710004
vn 0.742095 0.451279 0.495622
vn 0.762608 0.428794 0.484318
vn 0.967389 0.066171 0.244501
vn 0.975242 0.030728 0.218997
vn 0.984591 0.037314 0.170843
vn 0.972133 0.038309 0.23128
vn 0.092844 0.538478 0.837509
vn 0.112044 0.539199 0.834692
vn 0.477734 0.587212 0.653416
vn 0.453557 0.598103 0.660726
vn 0.812878 0.386588 0.435636
vn 0.831085 0.360991 0.423065
vn 0.183574 0.578405 0.794826
vn 0.162385 0.579554 0.798592
vn 0.541687 0.580003 0.608417
vn 0.565801 0.565801 0.599781
vn 0.87403 0.310631 0.373602
vn 0.88929 0.282247 0.359861
vn 0.262985 0.605449 0.751179
vn 0.240123 0.608906 0.756026
vn 0.651228 0.529815 0.543321
vn 0.627829 0.547439 0.553301
vn 0.935507 0.194401 0.295018
vn 0.923769 0.225116 0.309795
vn 0.323977 0.625248 0.710003
vn 0.34809 0.619083 0.703967
vn 0.70957 0.500868 0.495622
vn 0.731569 0.479836 0.484318
vn 0.960618 0.132034 0.244501
vn 0.968358 0.09955 0.22885
vn 0.074989 0.545588 0.834692
vn 0.055877 0.543559 0.837509
vn 0.411684 0.627661 0.660726
vn 0.436546 0.618445 0.653416
vn 0.7846 0.44116 0.435638
vn 0.804513 0.416863 0.423066
vn 0.992421 0.010887 0.122402
vn 0.98321 0.029172 0.180132
vn 0.143681 0.589584 0.794825
vn 0.122452 0.589283 0.798593
vn 0.500844 0.615618 0.608416
vn 0.525871 0.603094 0.59978
vn 0.850795 0.369552 0.373602
vn 0.867955 0.342278 0.359862
vn 0.221052 0.621987 0.751178
vn 0.198005 0.623875 0.756025
vn 0.589006 0.589006 0.553302
vn 0.613557 0.573018 0.543321
vn 0.906253 0.287631 0.309795
vn 0.92006 0.257788 0.295017
vn 0.280554 0.645898 0.710004
vn 0.305035 0.641392 0.703967
vn 0.673733 0.548124 0.495625
vn 0.69712 0.528639 0.484318
vn 0.949367 0.197282 0.244503
vn 0.959307 0.1654 0.228851
vn 0.035586 0.549091 0.835004
vn -0.005433 0.575799 0.817573
vn 0.037583 0.549433 0.834692
vn 0.367888 0.654294 0.660725
vn 0.393324 0.646796 0.653415
vn 0.752666 0.493674 0.435637
vn 0.774187 0.470796 0.423067
vn 0.978869 0.10063 0.178011
vn 0.984543 0.067345 0.16168
vn 0.103105 0.598015 0.794826
vn 0.081955 0.596267 0.798592
vn 0.483488 0.637576 0.599779
vn 0.457664 0.648363 0.608415
vn 0.823594 0.42675 0.373601
vn 0.842574 0.40071 0.359861
vn 0.154976 0.635931 0.756025
vn 0.178092 0.63562 0.751179
vn 0.547439 0.627829 0.553301
vn 0.573018 0.613557 0.543321
vn 0.884511 0.348807 0.309796
vn 0.900323 0.319974 0.295017
vn 0.260552 0.660714 0.703967
vn 0.23582 0.663539 0.710004
vn 0.634761 0.592821 0.495622
vn 0.659415 0.574984 0.48432
vn 0.945783 0.230482 0.228851
vn 0.933692 0.261608 0.244502
vn 0.322383 0.677871 0.660727
vn 0.34827 0.672127 0.653417
vn 0.740255 0.522531 0.423065
vn 0.717225 0.543885 0.435634
vn 0.977652 0.134376 0.161679
vn 0.96972 0.167196 0.17801
vn 0.034745 0.602369 0.797461
vn 0.06206 0.603656 0.794826
vn 0.018792 0.615123 0.788207
vn 0.024949 0.65297 0.756973
vn 0.041073 0.600468 0.798593
vn 0.41235 0.678084 0.608416
vn 0.438853 0.669084 0.599779
vn 0.813265 0.457276 0.359859
vn 0.79255 0.481962 0.373601
vn 0.991545 0.067824 0.110623
vn 0.996846 0.02984 0.073532
vn 0.996843 0.073532 0.029941
vn 0.998438 0.039504 0.039504
vn 0.994495 0.040036 0.096835
vn 0.134302 0.646293 0.751178
vn 0.11121 0.645025 0.756025
vn 0.503316 0.663724 0.553302
vn 0.529815 0.651228 0.543321
vn 0.876388 0.380669 0.295018
vn 0.858646 0.408354 0.309797
vn 0.214856 0.676953 0.703968
vn 0.18999 0.678084 0.710005
vn 0.592821 0.634761 0.495622
vn 0.618643 0.618643 0.484317
vn 0.927849 0.294487 0.22885
vn 0.913663 0.324715 0.244501
vn 0.275371 0.698293 0.660726
vn 0.301588 0.694328 0.653416
vn 0.702873 0.571828 0.423063
vn 0.678433 0.591567 0.435635
vn 0.966203 0.200778 0.161679
vn 0.95605 0.232983 0.178011
vn 0.365118 0.704641 0.608416
vn 0.392169 0.697472 0.59978
vn 0.757811 0.534923 0.373603
vn 0.780163 0.511708 0.359861
vn 0.984605 0.135331 0.110623
vn 0.991998 0.12235 0.03114
vn 0.990369 0.101814 0.093825
vn 0.993858 0.102172 0.042511
vn 0.089883 0.65395 0.751179
vn 0.066939 0.65111 0.756026
vn 0.45685 0.696524 0.553301
vn 0.484136 0.685867 0.543322
vn 0.848367 0.439589 0.295018
vn 0.828777 0.465998 0.309796
vn 0.143274 0.68947 0.710003
vn 0.168155 0.690039 0.703968
vn 0.548124 0.673733 0.495625
vn 0.574984 0.659415 0.48432
vn 0.905591 0.357118 0.228849
vn 0.889373 0.386309 0.244501
vn 0.227077 0.715457 0.660726
vn 0.253504 0.713291 0.653416
vn 0.636483 0.636483 0.435636
vn 0.66221 0.618461 0.423065
vn 0.950248 0.266248 0.161679
vn 0.937921 0.297684 0.178011
vn 0.343657 0.72261 0.599779
vn 0.316178 0.727917 0.608415
vn 0.719541 0.585389 0.373604
vn 0.743424 0.563755 0.359863
vn 0.984724 0.169784 0.038618
vn 0.981112 0.169162 0.093825
vn 0.973075 0.202206 0.110622
vn 0.984576 0.170841 0.03772
vn 0.975215 0.218991 0.031606
vn 0.029434 0.655574 0.754557
vn 0.000833 0.689539 0.724248
vn 0.045047 0.658561 0.751178
vn 0.408253 0.726076 0.553301
vn 0.436204 0.717306 0.543321
vn 0.816392 0.496456 0.295018
vn 0.795045 0.521469 0.309797
vn 0.095889 0.697639 0.710003
vn 0.120677 0.699906 0.703967
vn 0.500868 0.70957 0.495622
vn 0.528639 0.69712 0.484318
vn 0.860937 0.446102 0.244501
vn 0.879109 0.418086 0.228849
vn 0.204235 0.728929 0.653415
vn 0.177719 0.729286 0.660725
vn 0.591567 0.678433 0.435635
vn 0.618461 0.66221 0.423065
vn 0.929864 0.330474 0.161679
vn 0.915421 0.360994 0.17801
vn 0.265767 0.747795 0.608416
vn 0.293545 0.744376 0.599779
vn 0.703218 0.613174 0.359863
vn 0.677915 0.633129 0.373604
vn 0.970696 0.236551 0.042347
vn 0.967282 0.235719 0.093824
vn 0.957007 0.268142 0.110623
vn 0.963347 0.266596 0.02981
vn 0.386236 0.745402 0.543321
vn 0.35775 0.752245 0.553301
vn 0.780607 0.551014 0.295018
vn 0.757606 0.574509 0.309795
vn 0.036209 0.706229 0.707057
vn 0.048056 0.702556 0.710004
vn 0.019623 0.724109 0.689406
vn 0.072632 0.706509 0.703967
vn 0.479836 0.731569 0.484318
vn 0.451279 0.742095 0.495622
vn 0.848529 0.477102 0.228851
vn 0.828488 0.503812 0.244502
vn 0.12754 0.739712 0.660726
vn 0.154016 0.741165 0.653417
vn 0.543885 0.717225 0.435634
vn 0.571828 0.702873 0.423063
vn 0.905145 0.393157 0.161679
vn 0.888651 0.422624 0.178012
vn 0.242063 0.762672 0.59978
vn 0.214114 0.764188 0.608418
vn 0.633129 0.677915 0.373604
vn 0.659734 0.659734 0.359863
vn 0.94894 0.301181 0.093824
vn 0.936478 0.332825 0.110622
vn 0.952325 0.302256 0.041447
vn 0.948999 0.313507 0.033401
vn 0.932423 0.359676 0.03493
vn 0.334468 0.770021 0.543322
vn 0.305584 0.774904 0.553302
vn 0.741186 0.602999 0.295017
vn 0.716633 0.624871 0.309795
vn 0.399583 0.771162 0.495623
vn 0.428794 0.762608 0.484318
vn 0.813991 0.533897 0.22885
vn 0.792173 0.559178 0.244502
vn 0.076763 0.746692 0.660726
vn 0.103078 0.749948 0.653416
vn 0.493674 0.752666 0.435637
vn 0.522531 0.740255 0.423065
vn 0.85774 0.482281 0.17801
vn 0.876203 0.454014 0.16168
vn 0.161467 0.777018 0.608417
vn 0.189448 0.777413 0.599781
vn 0.613174 0.703218 0.359863
vn 0.585389 0.719541 0.373604
vn 0.926175 0.365234 0.093825
vn 0.911583 0.395954 0.110624
vn 0.929515 0.366551 0.040514
vn 0.913794 0.405057 0.030141
vn 0.281139 0.791052 0.543321
vn 0.251991 0.793952 0.5533
vn 0.698308 0.652175 0.295017
vn 0.67232 0.67232 0.309795
vn 0.375752 0.790093 0.484319
vn 0.346027 0.796632 0.495623
vn 0.752168 0.611933 0.244501
vn 0.775658 0.588202 0.22885
vn 0.05166 0.755234 0.653416
vn 0.032914 0.751658 0.658731
vn 0.017232 0.757095 0.653077
vn 0.009854 0.788309 0.615201
vn 0.470796 0.774187 0.423067
vn 0.44116 0.7846 0.435638
vn 0.843179 0.512747 0.161678
vn 0.822827 0.539692 0.17801
vn 0.108064 0.786226 0.608416
vn 0.135956 0.78853 0.59978
vn 0.563755 0.743424 0.359863
vn 0.534923 0.757811 0.373603
vn 0.882435 0.457243 0.110622
vn 0.892802 0.449399 0.03074
vn 0.899091 0.42759 0.093824
vn 0.902254 0.429095 0.042611
vn 0.226501 0.808394 0.543319
vn 0.197219 0.809298 0.5533
vn 0.652175 0.698308 0.295017
vn 0.624871 0.716633 0.309795
vn 0.320958 0.813893 0.484318
vn 0.290855 0.818389 0.495623
vn 0.73371 0.639764 0.228848
vn 0.708654 0.661838 0.244499
vn 0.416863 0.804513 0.423066
vn 0.386588 0.812878 0.435636
vn 0.784078 0.594587 0.178012
vn 0.806222 0.569092 0.161679
vn 0.036026 0.797202 0.602637
vn 0.081828 0.79597 0.59978
vn 0.022533 0.817378 0.575661
vn 0.054159 0.791768 0.608416
vn 0.481962 0.79255 0.373601
vn 0.511708 0.780163 0.359861
vn 0.870986 0.489732 0.039316
vn 0.867815 0.487949 0.093825
vn 0.869501 0.492564 0.036724
vn 0.844416 0.534723 0.032138
vn 0.849176 0.516394 0.110622
vn 0.170808 0.821966 0.543321
vn 0.141532 0.820869 0.553302
vn 0.602999 0.741186 0.295017
vn 0.574509 0.757606 0.309795
vn 0.264667 0.833899 0.484318
vn 0.234328 0.83633 0.495623
vn 0.661838 0.708654 0.244499
vn 0.688342 0.688342 0.228848
vn 0.330214 0.837365 0.435636
vn 0.360991 0.831085 0.423065
vn 0.765506 0.622785 0.16168
vn 0.741674 0.646708 0.178013
vn 0.42675 0.823594 0.373601
vn 0.457276 0.813265 0.359859
vn 0.835441 0.547964 0.042112
vn 0.832494 0.546031 0.093824
vn 0.817224 0.575552 0.029743
vn 0.811956 0.57314 0.110622
vn 0.114314 0.831706 0.543321
vn 0.085184 0.828614 0.553301
vn 0.551014 0.780607 0.295018
vn 0.521469 0.795045 0.309797
vn 0.176711 0.850372 0.495622
vn 0.207143 0.850016 0.484318
vn 0.639764 0.73371 0.228848
vn 0.611933 0.752168 0.244501
vn 0.303435 0.853782 0.423065
vn 0.272299 0.857948 0.435636
vn 0.72122 0.673573 0.161682
vn 0.695813 0.695813 0.178014
vn 0.369552 0.850795 0.373602
vn 0.40071 0.842574 0.359861
vn 0.770951 0.627214 0.110622
vn 0.79329 0.601571 0.093824
vn 0.787924 0.614902 0.032735
vn 0.756722 0.652756 0.035793
vn 0.796108 0.603708 0.041813
vn 0.037017 0.834086 0.550391
vn 0.009741 0.844813 0.534973
vn 0.020941 0.869897 0.492789
vn 0.057293 0.837568 0.543321
vn 0.465998 0.828777 0.309796
vn 0.496456 0.816392 0.295018
vn 0.148654 0.862171 0.484317
vn 0.118264 0.860449 0.495623
vn 0.588202 0.775658 0.22885
vn 0.559178 0.792173 0.244502
vn 0.213117 0.87453 0.435636
vn 0.244461 0.872499 0.423065
vn 0.673573 0.72122 0.161682
vn 0.646708 0.741674 0.178013
vn 0.310631 0.87403 0.373602
vn 0.342278 0.867955 0.359862
vn 0.753111 0.65668 0.039948
vn 0.750388 0.654306 0.093823
vn 0.72635 0.678365 0.110621
vn 0.723915 0.689219 0.030408
vn 0.439589 0.848367 0.295018
vn 0.408354 0.858646 0.309797
vn 0.034825 0.873121 0.486258
vn 0.059273 0.866513 0.495623
vn 0.08947 0.870305 0.484318
vn 0.02667 0.892906 0.449452
vn 0.533897 0.813991 0.22885
vn 0.503812 0.828488 0.244502
vn 0.184352 0.887147 0.423065
vn 0.152941 0.887035 0.435636
vn 0.594587 0.784078 0.178012
vn 0.622785 0.765506 0.16168
vn 0.282247 0.88929 0.359861
vn 0.250259 0.893192 0.373602
vn 0.703988 0.703988 0.093823
vn 0.706463 0.706463 0.042648
vn 0.689219 0.723915 0.030408
vn 0.678365 0.72635 0.110621
vn 0.348807 0.884511 0.309796
vn 0.380669 0.876388 0.295018
vn 0.477102 0.848529 0.228851
vn 0.446102 0.860937 0.244501
vn 0.09205 0.895403 0.435637
vn 0.123382 0.897659 0.423066
vn 0.539692 0.822827 0.17801
vn 0.569092 0.806222 0.161679
vn 0.220902 0.906478 0.359862
vn 0.188724 0.908188 0.373602
vn 0.627214 0.770951 0.110622
vn 0.65668 0.753111 0.039948
vn 0.654306 0.750388 0.093823
vn 0.652756 0.756722 0.035793
vn 0.614902 0.787924 0.032735
vn 0.287631 0.906253 0.309795
vn 0.319974 0.900323 0.295017
vn 0.386309 0.889373 0.244501
vn 0.418086 0.879109 0.228849
vn 0.061833 0.903987 0.423066
vn 0.037968 0.900711 0.432757
vn 0.006883 0.914188 0.405233
vn 0.482281 0.85774 0.17801
vn 0.512747 0.843179 0.161678
vn 0.126308 0.91895 0.373601
vn 0.158527 0.91944 0.359861
vn 0.57314 0.811956 0.110622
vn 0.601571 0.79329 0.093824
vn 0.603708 0.796108 0.041813
vn 0.575552 0.817224 0.029743
vn 0.225116 0.923769 0.309795
vn 0.257788 0.92006 0.295017
vn 0.324715 0.913663 0.244501
vn 0.357118 0.905591 0.228849
vn 0.454014 0.876203 0.16168
vn 0.422624 0.888651 0.178012
vn 0.095413 0.928115 0.35986
vn 0.032706 0.932493 0.359703
vn 0.0633 0.925427 0.373601
vn 0.031643 0.949053 0.313524
vn 0.033433 0.932136 0.360561
vn 0.516394 0.849176 0.110622
vn 0.546031 0.832494 0.093824
vn 0.547964 0.835441 0.042112
vn 0.534723 0.844416 0.032138
vn 0.492564 0.869501 0.036724
vn 0.161551 0.936978 0.309796
vn 0.194401 0.935507 0.295018
vn 0.261608 0.933692 0.244502
vn 0.294487 0.927849 0.22885
vn 0.393157 0.905145 0.161679
vn 0.360994 0.915421 0.17801
vn 0.489732 0.870986 0.039316
vn 0.487949 0.867815 0.093825
vn 0.457243 0.882435 0.110622
vn 0.449399 0.892802 0.03074
vn 0.130106 0.946592 0.295018
vn 0.097233 0.945818 0.309797
vn 0.197282 0.949367 0.244503
vn 0.230482 0.945783 0.228851
vn 0.330474 0.929864 0.161679
vn 0.297684 0.937921 0.178011
vn 0.42759 0.899091 0.093824
vn 0.429095 0.902254 0.042611
vn 0.405057 0.913794 0.030141
vn 0.395954 0.911583 0.110624
vn 0.065205 0.953264 0.295018
vn 0.007453 0.963749 0.266707
vn 0.035602 0.950591 0.308397
vn 0.132034 0.960618 0.244501
vn 0.1654 0.959307 0.228851
vn 0.232983 0.95605 0.178011
vn 0.266248 0.950248 0.161679
vn 0.365234 0.926175 0.093825
vn 0.332825 0.936478 0.110622
vn 0.366551 0.929515 0.040514
vn 0.359676 0.932423 0.03493
vn 0.313507 0.948999 0.033401
vn 0.066171 0.967389 0.244501
vn 0.09955 0.968358 0.22885
vn 0.038309 0.972133 0.23128
vn 0.030728 0.975242 0.218997
vn 0.037314 0.984591 0.170843
vn 0.200778 0.966203 0.161679
vn 0.167196 0.96972 0.17801
vn 0.301181 0.94894 0.093824
vn 0.302256 0.952325 0.041447
vn 0.268142 0.957007 0.110623
vn 0.266596 0.963347 0.02981
vn 0.100631 0.978869 0.178011
vn 0.134376 0.977652 0.161679
vn 0.202206 0.973075 0.110622
vn 0.235719 0.967282 0.093824
vn 0.236551 0.970696 0.042347
vn 0.218991 0.975215 0.031606
vn 0.170841 0.984576 0.03772
vn 0.029172 0.98321 0.180132
vn 0.067345 0.984543 0.16168
vn 0.010887 0.992421 0.122402
vn 0.135331 0.984605 0.110623
vn 0.169784 0.984724 0.038618
vn 0.169162 0.981112 0.093825
vn 0.12235 0.991998 0.03114
vn 0.101814 0.990369 0.093825
vn 0.067824 0.991545 0.110623
vn 0.040036 0.994495 0.096835
vn 0.102172 0.993858 0.042511
vn 0.02984 0.996846 0.073532
vn 0.039504 0.998438 0.039504
vn 0.073532 0.996843 0.029941
vn -0.0 0.999699 0.024543
vn 2.4e-05 0.99729 0.073565
vn -2.7e-05 0.999611 0.027906
vn 4.1e-05 0.99248 0.12241
vn -4.6e-05 0.99649 0.083706
vn 5.1e-05 0.985278 0.170962
vn -5.6e-05 0.990248 0.139317
vn 5.2e-05 0.975702 0.2191
vn -5.9e-05 0.980895 0.194539
vn 4.5e-05 0.963776 0.266714
vn -5.5e-05 0.968457 0.249182
vn 3e-05 0.949529 0.313681
vn -4.3e-05 0.952972 0.303059
vn 1e-06 0.914209 0.405242
vn 7e-06 0.932993 0.359896
vn -2.5e-05 0.934494 0.355979
vn 2.3e-05 0.893224 0.449612
vn -2.1e-05 0.913087 0.407765
vn -4.2e-05 0.888832 0.458233
vn 3.8e-05 0.870088 0.492897
vn -5.5e-05 0.861797 0.507253
vn 4.5e-05 0.844853 0.534998
vn -6.2e-05 0.832073 0.554666
vn 4.4e-05 0.817585 0.575807
vn 3.7e-05 0.788347 0.61523
vn -6e-05 0.799756 0.600326
vn -5.1e-05 0.764941 0.6441
vn 2.2e-05 0.757208 0.653174
vn -1.1e-05 0.689539 0.724248
vn 2e-06 0.724248 0.689539
vn -3.5e-05 0.727742 0.685851
vn 1.3e-05 0.653173 0.757209
vn -2.4e-05 0.68827 0.725454
vn 3e-05 0.615232 0.788346
vn -4.3e-05 0.646657 0.762781
vn 4.1e-05 0.575808 0.817585
vn -5.5e-05 0.603011 0.797733
vn 4.4e-05 0.534997 0.844854
vn -5.9e-05 0.557464 0.830201
vn 4.1e-05 0.492899 0.870087
vn -5.6e-05 0.510148 0.860087
vn 3e-05 0.449612 0.893224
vn -4.6e-05 0.461209 0.887292
vn -6e-06 0.359896 0.932993
vn 1.2e-05 0.405239 0.914211
vn -2.9e-05 0.410799 0.911726
vn 1.9e-05 0.313682 0.949528
vn -1.2e-05 0.359082 0.933306
vn 3.5e-05 0.266714 0.963776
vn -3.2e-05 0.306242 0.951954
vn 4.4e-05 0.2191 0.975702
vn -4.5e-05 0.252435 0.967614
vn 4.6e-05 0.170962 0.985278
vn -5.2e-05 0.197838 0.980235
vn 4.1e-05 0.122411 0.992479
vn -5.2e-05 0.142646 0.989774
vn 2.9e-05 0.073565 0.99729
vn -4.6e-05 0.087043 0.996205
vn 4.1e-05 0.02454 0.999699
vn -1.4e-05 0.044349 0.999016
vn 0.0 0.014782 0.999891
vn 0.0 0.0 -1.0
vn 0.0 0.0 -1.0
vn 0.0 0.0 -1.0
vn 0.0 0.0 -1.0
vn 0.0 0.0 -1.0
vn 0.0 0.0 -1.0
vn 0.0 0.0 -1.0
vn 0.0 0.0 -1.0
vn 0.0 0.0 -1.0
vn 0.0 0.0 -1.0
vn 0.0 0.0 -1.0
vn 0.0 0.0 -1.0
vn 0.0 0.0 -1.0
vn 0.0 0.0 -1.0
vn 0.0 0.0 -1.0
vn 0.0 0.0 -1.0
vn 0.0 0.0 -1.0
vn 0.0 -0.0 -1.0
vn 0.0 -0.0 -1.0
vn 0.0 -0.0 -1.0
vn 0.0 -0.0 -1.0
vn 0.0 -0.0 -1.0
vn 0.0 -0.0 -1.0
vn 0.0 0.0 -1.0
vn 0.0 0.0 -1.0
vn 0.0 0.0 -1.0
vn 0.0 0.0 -1.0
vn 0.0 0.0 -1.0
vn 0.0 -0.0 -1.0
vn 0.0 0.0 -1.0
vn 0.0 0.0 -1.0
vn 0.0 0.0 -1.0
vn 0.0 0.0 -1.0
vn 0.0 -0.0 -1.0
vn 0.0 0.0 -1.0
vn 0.0 0.0 -1.0
vn 0.0 0.0 -1.0
vn 0.0 0.0 -1.0
vn 0.0 0.0 -1.0
vn 0.0 0.0 -1.0
vn 0.0 0.0 -1.0
vn 0.0 -0.0 -1.0
vn 0.0 -0.0 -1.0
vn 0.0 0.0 -1.0
vn 0.0 0.0 -1.0
vn 0.0 -0.0 -1.0
vn 0.0 -0.0 -1.0
vn 0.0 -0.0 -1.0
vn 0.0 -0.0 -1.0
vn 0.0 0.0 -1.0
vn 0.0 0.0 -1.0
vn 0.0 0.0 -1.0
vn 0.0 -0.0 -1.0
vn 0.0 0.0 -1.0
vn 0.0 -0.0 -1.0
vn 0.0 -0.0 -1.0
vn 0.0 0.0 -1.0
vn 0.0 0.0 -1.0
vn 0.0 0.0 -1.0
vn 0.0 0.0 -1.0
vn 0.0 -0.0 -1.0
vn 0.0 -0.0 -1.0
vn 0.0 -0.0 -1.0
vn 0.0 -0.0 -1.0
vn 0.0 0.0 -1.0
vn 0.0 0.0 -1.0
vn 0.0 0.0 -1.0
vn 0.0 0.0 -1.0
vn 0.0 0.0 -1.0
vn 0.0 0.0 -1.0
vn 0.0 0.0 -1.0
vn 0.0 0.0 -1.0
vn 0.0 0.0 -1.0
vn 0.0 0.0 -1.0
vn 0.0 -0.0 -1.0
vn 0.0 0.0 -1.0
vn 0.0 -0.0 -1.0
vn 0.0 -0.0 -1.0
vn 0.0 0.0 -1.0
vn 0.0 0.0 -1.0
vn 0.0 0.0 -1.0
vn 0.0 0.0 -1.0
vn 0.0 0.0 -1.0
vn -0.0 -0.0 -1.0
vn 0.0 -0.0 -1.0
vn 0.0 0.0 -1.0
vn -0.0 -0.0 -1.0
vn -0.0 -0.0 -1.0
vn -0.0 -0.0 -1.0
vn 0.0 -0.0 -1.0
vn -0.0 -0.0 -1.0
vn 0.0 -0.0 -1.0
vn 0.0 0.0 -1.0
vn 0.0 0.0 -1.0
vn 0.0 0.0 -1.0
vn -0.0 -0.0 -1.0
vn -0.0 -0.0 -1.0
vn 0.0 0.0 -1.0
vn 0.0 0.0 -1.0
vn 0.0 0.0 -1.0
vn 0.0 0.0 -1.0
vn -0.0 -0.0 -1.0
vn -0.0 -0.0 -1.0
vn -0.0 -0.0 -1.0
vn 0.0 0.0 -1.0
vn -0.0 -0.0 -1.0
vn -0.0 -0.0 -1.0
vn 0.0 0.0 -1.0
vn 0.0 0.0 -1.0
vn 0.0 0.0 -1.0
vn 0.0 0.0 -1.0
vn 0.0 -0.0 -1.0
vn 0.0 0.0 -1.0
vn 0.0 -0.0 -1.0
vn 0.0 -0.0 -1.0
vn 0.0 -0.0 -1.0
vn -0.0 -0.0 -1.0
vn -0.0 -0.0 -1.0
vn 0.0 0.0 -1.0
vn 0.0 0.0 -1.0
vn -0.0 -0.0 -1.0
vn 0.0 0.0 -1.0
vn 0.0 0.0 -1.0
vn 0.0 0.0 -1.0
vn 0.0 0.0 -1.0
vn 0.0 0.0 -1.0
vn 0.0 0.0 -1.0
vn 0.0 0.0 -1.0
vn 0.0 0.0 -1.0
vn 0.0 0.0 -1.0
vn 0.0 0.0 -1.0
vn 0.0 0.0 -1.0
vn 0.0 0.0 -1.0
vn 0.0 0.0 -1.0
vn 0.0 0.0 -1.0
vn 0.0 -0.0 -1.0
vn 0.0 -0.0 -1.0
vn 0.0 0.0 -1.0
vn 0.0 0.0 -1.0
vn 0.0 0.0 -1.0
vn 0.0 0.0 -1.0
vn 0.0 0.0 -1.0
vn 0.0 -0.0 -1.0
vn 0.0 -0.0 -1.0
vn 0.0 0.0 -1.0
vn 0.0 0.0 -1.0
vn 0.0 0.0 -1.0
vn 0.0 -0.0 -1.0
vn 0.0 -0.0 -1.0
vn 0.0 -0.0 -1.0
vn 0.0 -0.0 -1.0
vn 0.0 0.0 -1.0
vn 0.0 0.0 -1.0
vn 0.0 0.0 -1.0
vn 0.0 0.0 -1.0
vn 0.0 0.0 -1.0
vn 0.0 -0.0 -1.0
vn 0.0 0.0 -1.0
vn 0.0 0.0 -1.0
vn 0.0 0.0 -1.0
vn 0.0 0.0 -1.0
vn 0.0 0.0 -1.0
vn 0.0 -0.0 -1.0
vn 0.0 -0.0 -1.0
vn 0.0 -0.0 -1.0
vn 0.0 0.0 -1.0
vn 0.0 0.0 -1.0
vn 0.0 0.0 -1.0
vn 0.0 0.0 -1.0
vn 0.0 -0.0 -1.0
vn 0.0 -0.0 -1.0
vn 0.0 -0.0 -1.0
vn 0.0 -0.0 -1.0
vn 0.0 0.0 -1.0
vn 0.0 0.0 -1.0
vn 0.0 -0.0 -1.0
vn 0.0 -0.0 -1.0
vn 0.0 -0.0 -1.0
vn 0.0 0.0 -1.0
vn 0.0 0.0 -1.0
vn 0.0 -0.0 -1.0
vn 0.0 -0.0 -1.0
vn 0.0 0.0 -1.0
vn 0.0 0.0 -1.0
vn 0.0 0.0 -1.0
vn 0.0 0.0 -1.0
vn 0.0 0.0 -1.0
vn 0.0 0.0 -1.0
vn 0.0 0.0 -1.0
vn 0.0 0.0 -1.0
vn 0.0 0.0 -1.0
vn 0.0 0.0 -1.0
vn 0.0 0.0 -1.0
vn 0.0 0.0 -1.0
vn 0.0 0.0 -1.0
vn 0.0 0.0 -1.0
vn 0.0 0.0 -1.0
vn 0.0 -0.0 -1.0
vn 0.0 0.0 -1.0
vn 0.0 0.0 -1.0
vn 0.0 0.0 -1.0
vn -0.0 -0.0 -1.0
vn -0.0 -0.0 -1.0
vn 0.0 0.0 -1.0
vn 0.0 0.0 -1.0
vn 0.0 0.0 -1.0
vn 0.0 0.0 -1.0
vn 0.0 0.0 -1.0
vn 0.0 0.0 -1.0
vn 0.0 0.0 -1.0
vn 0.0 0.0 -1.0
vn 0.0 0.0 -1.0
vn 0.0 0.0 -1.0
vn 0.0 -0.0 -1.0
vn -0.0 -0.0 -1.0
vn -0.0 -0.0 -1.0
vn 0.0 -0.0 -1.0
vn 0.0 -0.0 -1.0
vn 0.0 -0.0 -1.0
vn 0.0 -0.0 -1.0
vn 0.0 -0.0 -1.0
vn 0.0 -0.0 -1.0
vn 0.0 -0.0 -1.0
vn 0.0 0.0 -1.0
vn 0.0 0.0 -1.0
vn 0.0 0.0 -1.0
vn -0.0 -0.0 -1.0
vn -0.0 -0.0 -1.0
vn 0.0 0.0 -1.0
vn 0.0 0.0 -1.0
vn 0.0 -0.0 -1.0
vn -0.0 -0.0 -1.0
vn 0.0 0.0 -1.0
vn 0.0 0.0 -1.0
vn 0.0 0.0 -1.0
vn 0.0 0.0 -1.0
vn 0.0 0.0 -1.0
vn -0.0 -0.0 -1.0
vn -0.0 -0.0 -1.0
vn -0.0 -0.0 -1.0
vn -0.0 -0.0 -1.0
vn 0.0 0.0 -1.0
vn 0.0 0.0 -1.0
vn 0.0 -0.0 -1.0
vn -0.0 -0.0 -1.0
vn 0.0 0.0 -1.0
vn -0.0 -0.0 -1.0
vn 0.0 -0.0 -1.0
vn 0.0 0.0 1.0
vn 0.0 0.0 1.0
vn 0.0 0.0 1.0
vn 0.0 0.0 1.0
vn 0.0 0.0 1.0
vn 0.0 0.0 1.0
vn 0.0 0.0 1.0
vn 0.0 0.0 1.0
vn 0.0 0.0 1.0
vn 0.0 0.0 1.0
vn 0.0 0.0 1.0
vn 0.0 0.0 1.0
vn 0.0 0.0 1.0
vn 0.0 0.0 1.0
vn 0.0 0.0 1.0
vn 0.0 0.0 1.0
vn 0.0 0.0 1.0
vn 0.0 0.0 1.0
vn 0.0 -1.0 0.0
vn 0.0 -1.0 0.0
vn -1.0 0.0 0.0
vn -1.0 0.0 0.0
vn 1.0 0.0 0.0
vn 1.0 -0.0 0.0
vn 0.0 1.0 0.0
vn 0.0 1.0 0.0
vn 0.0 -1.0 0.0
vn 0.0 -1.0 0.0
vn 1.0 0.0 0.0
vn 1.0 -0.0 0.0
vn 0.0 1.0 0.0
vn 0.0 1.0 0.0
vn -1.0 0.0 0.0
vn -1.0 0.0 0.0
vn 0.0 0.0 1.0
vn 0.0 0.0 1.0
vn 0.0 0.0 1.0
vn 0.0 0.0 1.0
f 1//1 2//1 3//1 
f 3//2 2//2 4//2 
f 5//3 6//3 1//3 
f 1//4 7//4 5//4 
f 1//5 8//5 7//5 
f 6//6 9//6 1//6 
f 9//7 10//7 1//7 
f 1//8 11//8 8//8 
f 10//9 12//9 1//9 
f 1//10 13//10 11//10 
f 12//11 14//11 1//11 
f 1//12 15//12 13//12 
f 14//13 16//13 1//13 
f 1//14 17//14 15//14 
f 16//15 18//15 1//15 
f 1//16 19//16 17//16 
f 18//17 20//17 1//17 
f 1//18 21//18 19//18 
f 20//19 22//19 1//19 
f 1//20 23//20 21//20 
f 22//21 24//21 1//21 
f 1//22 25//22 23//22 
f 24//23 26//23 1//23 
f 1//24 27//24 25//24 
f 26//25 28//25 1//25 
f 1//26 29//26 27//26 
f 28//27 30//27 1//27 
f 1//28 31//28 29//28 
f 30//29 32//29 1//29 
f 1//30 33//30 31//30 
f 32//31 34//31 1//31 
f 1//32 35//32 2//32 
f 34//33 35//33 1//33 
f 35//34 36//34 2//34 
f 37//35 38//35 39//35 
f 40//36 38//36 37//36 
f 41//37 38//37 40//37 
f 42//38 38//38 41//38 
f 43//39 38//39 42//39 
f 44//40 38//40 43//40 
f 45//41 38//41 44//41 
f 46//42 38//42 45//42 
f 47//43 38//43 46//43 
f 48//44 38//44 47//44 
f 49//45 38//45 48//45 
f 50//46 38//46 49//46 
f 51//47 38//47 50//47 
f 52//48 38//48 51//48 
f 53//49 38//49 52//49 
f 54//50 38//50 53//50 
f 55//51 38//51 54//51 
f 56//52 38//52 55//52 
f 57//53 38//53 56//53 
f 58//54 38//54 57//54 
f 59//55 38//55 58//55 
f 60//56 38//56 59//56 
f 61//57 38//57 60//57 
f 62//58 38//58 61//58 
f 63//59 38//59 62//59 
f 64//60 38//60 63//60 
f 65//61 38//61 64//61 
f 66//62 38//62 65//62 
f 67//63 38//63 66//63 
f 68//64 38//64 67//64 
f 69//65 38//65 68//65 
f 39//66 70//66 71//66 
f 38//67 70//67 39//67 
f 1//68 38//68 72//68 
f 1//69 72//69 73//69 
f 1//70 73//70 33//70 
f 72//71 38//71 74//71 
f 74//72 38//72 69//72 
f 75//73 76//73 2//73 
f 77//74 2//74 76//74 
f 78//75 75//75 2//75 
f 79//76 2//76 77//76 
f 80//77 2//77 79//77 
f 81//78 78//78 2//78 
f 82//79 2//79 80//79 
f 83//80 81//80 2//80 
f 84//81 2//81 82//81 
f 85//82 83//82 2//82 
f 86//83 2//83 84//83 
f 87//84 85//84 2//84 
f 88//85 2//85 86//85 
f 89//86 87//86 2//86 
f 90//87 2//87 88//87 
f 91//88 89//88 2//88 
f 92//89 91//89 2//89 
f 93//90 2//90 90//90 
f 94//91 2//91 93//91 
f 95//92 92//92 2//92 
f 96//93 2//93 94//93 
f 97//94 95//94 2//94 
f 98//95 2//95 96//95 
f 99//96 97//96 2//96 
f 100//97 99//97 2//97 
f 101//98 2//98 98//98 
f 102//99 2//99 101//99 
f 103//100 100//100 2//100 
f 104//101 2//101 102//101 
f 105//102 103//102 2//102 
f 106//103 105//103 2//103 
f 107//104 2//104 104//104 
f 36//105 106//105 2//105 
f 108//106 36//106 109//106 
f 108//107 106//107 36//107 
f 110//108 111//108 112//108 
f 113//109 114//109 115//109 
f 116//110 117//110 113//110 
f 118//111 116//111 113//111 
f 119//112 120//112 121//112 
f 119//113 122//113 120//113 
f 119//114 110//114 122//114 
f 119//115 111//115 110//115 
f 123//116 118//116 113//116 
f 123//117 115//117 108//117 
f 123//118 108//118 109//118 
f 123//119 113//119 115//119 
f 124//120 119//120 125//120 
f 126//121 127//121 123//121 
f 126//122 128//122 127//122 
f 129//123 111//123 119//123 
f 129//124 119//124 124//124 
f 129//125 109//125 111//125 
f 130//126 126//126 123//126 
f 131//127 123//127 109//127 
f 131//128 132//128 130//128 
f 131//129 109//129 129//129 
f 131//130 130//130 123//130 
f 133//131 131//131 129//131 
f 134//132 135//132 136//132 
f 134//133 137//133 135//133 
f 138//134 129//134 137//134 
f 138//135 137//135 134//135 
f 139//136 140//136 133//136 
f 139//137 133//137 129//137 
f 139//138 129//138 138//138 
f 141//139 142//139 143//139 
f 144//140 145//140 141//140 
f 146//141 141//141 143//141 
f 146//142 144//142 141//142 
f 147//143 146//143 143//143 
f 148//144 149//144 147//144 
f 148//145 150//145 149//145 
f 151//146 148//146 147//146 
f 152//147 151//147 147//147 
f 152//148 147//148 143//148 
f 153//149 152//149 143//149 
f 154//150 155//150 153//150 
f 156//151 153//151 143//151 
f 156//152 154//152 153//152 
f 157//153 156//153 143//153 
f 157//154 158//154 156//154 
f 159//155 157//155 143//155 
f 159//156 160//156 157//156 
f 161//157 159//157 143//157 
f 162//158 161//158 143//158 
f 163//159 162//159 143//159 
f 164//160 163//160 143//160 
f 164//161 165//161 163//161 
f 166//162 164//162 143//162 
f 167//163 166//163 143//163 
f 168//164 167//164 143//164 
f 168//165 169//165 167//165 
f 170//166 168//166 143//166 
f 171//167 172//167 170//167 
f 173//168 143//168 71//168 
f 173//169 171//169 170//169 
f 173//170 170//170 143//170 
f 174//171 173//171 71//171 
f 70//172 174//172 71//172 
f 70//173 175//173 174//173 
f 70//174 176//174 175//174 
f 70//175 177//175 176//175 
f 70//176 178//176 177//176 
f 70//177 179//177 178//177 
f 70//178 180//178 179//178 
f 70//179 181//179 180//179 
f 70//180 182//180 181//180 
f 70//181 183//181 182//181 
f 70//182 184//182 183//182 
f 70//183 185//183 184//183 
f 70//184 186//184 185//184 
f 70//185 187//185 186//185 
f 70//186 188//186 187//186 
f 70//187 189//187 188//187 
f 70//188 190//188 189//188 
f 191//189 190//189 70//189 
f 192//190 191//190 70//190 
f 193//191 192//191 70//191 
f 194//192 193//192 70//192 
f 195//193 194//193 70//193 
f 196//194 195//194 70//194 
f 197//195 196//195 70//195 
f 198//196 197//196 70//196 
f 199//197 198//197 70//197 
f 200//198 199//198 70//198 
f 201//199 200//199 70//199 
f 202//200 201//200 70//200 
f 203//201 202//201 70//201 
f 204//202 203//202 70//202 
f 205//203 204//203 70//203 
f 206//204 205//204 70//204 
f 207//205 2//205 107//205 
f 4//206 208//206 209//206 
f 4//207 207//207 208//207 
f 4//208 210//208 211//208 
f 4//209 212//209 210//209 
f 4//210 213//210 212//210 
f 4//211 214//211 213//211 
f 4//212 215//212 214//212 
f 4//213 216//213 215//213 
f 4//214 217//214 216//214 
f 4//215 218//215 217//215 
f 4//216 219//216 218//216 
f 4//217 220//217 219//217 
f 4//218 221//218 220//218 
f 4//219 222//219 221//219 
f 4//220 223//220 222//220 
f 4//221 224//221 223//221 
f 4//222 225//222 224//222 
f 4//223 226//223 225//223 
f 4//224 227//224 226//224 
f 4//225 228//225 227//225 
f 4//226 229//226 228//226 
f 4//227 230//227 229//227 
f 4//228 231//228 230//228 
f 4//229 232//229 231//229 
f 4//230 233//230 232//230 
f 4//231 234//231 233//231 
f 4//232 235//232 234//232 
f 4//233 236//233 235//233 
f 4//234 237//234 236//234 
f 4//235 238//235 237//235 
f 4//236 239//236 238//236 
f 4//237 209//237 239//237 
f 240//238 206//238 70//238 
f 241//239 211//239 242//239 
f 241//240 243//240 240//240 
f 241//241 244//241 243//241 
f 241//242 4//242 211//242 
f 241//243 245//243 244//243 
f 241//244 246//244 245//244 
f 241//245 247//245 246//245 
f 241//246 248//246 247//246 
f 241//247 249//247 248//247 
f 241//248 250//248 249//248 
f 241//249 251//249 250//249 
f 241//250 252//250 251//250 
f 241//251 253//251 252//251 
f 241//252 254//252 253//252 
f 241//253 255//253 254//253 
f 241//254 256//254 255//254 
f 241//255 257//255 256//255 
f 241//256 258//256 257//256 
f 241//257 259//257 258//257 
f 241//258 260//258 259//258 
f 241//259 261//259 260//259 
f 241//260 262//260 261//260 
f 241//261 263//261 262//261 
f 241//262 264//262 263//262 
f 241//263 265//263 264//263 
f 241//264 266//264 265//264 
f 241//265 267//265 266//265 
f 241//266 268//266 267//266 
f 241//267 269//267 268//267 
f 241//268 270//268 269//268 
f 241//269 271//269 270//269 
f 241//270 272//270 271//270 
f 241//271 273//271 272//271 
f 241//272 242//272 273//272 
f 4//273 2//273 207//273 
f 70//274 241//274 240//274 
f 274//275 275//275 3//275 
f 4//276 276//276 274//276 
f 4//277 274//277 3//277 
f 277//278 278//278 279//278 
f 277//279 279//279 276//279 
f 280//280 281//280 282//280 
f 241//281 282//281 277//281 
f 241//282 276//282 4//282 
f 241//283 277//283 276//283 
f 241//284 280//284 282//284 
f 1//285 283//285 284//285 
f 284//286 285//286 1//286 
f 1//287 286//287 283//287 
f 285//288 287//288 1//288 
f 1//289 288//289 286//289 
f 287//290 289//290 1//290 
f 1//291 290//291 288//291 
f 289//292 291//292 1//292 
f 1//293 292//293 290//293 
f 291//294 293//294 1//294 
f 1//295 294//295 292//295 
f 293//296 295//296 1//296 
f 1//297 296//297 294//297 
f 295//298 297//298 1//298 
f 1//299 298//299 296//299 
f 297//300 299//300 1//300 
f 1//301 300//301 298//301 
f 299//302 301//302 1//302 
f 1//303 302//303 300//303 
f 301//304 303//304 1//304 
f 1//305 304//305 302//305 
f 303//306 305//306 1//306 
f 1//307 306//307 304//307 
f 305//308 307//308 1//308 
f 1//309 308//309 306//309 
f 307//310 309//310 1//310 
f 1//311 310//311 308//311 
f 309//312 311//312 1//312 
f 1//313 312//313 310//313 
f 311//314 313//314 1//314 
f 1//315 314//315 312//315 
f 313//316 315//316 1//316 
f 1//317 316//317 314//317 
f 315//318 317//318 1//318 
f 1//319 318//319 316//319 
f 317//320 319//320 1//320 
f 1//321 320//321 318//321 
f 319//322 321//322 1//322 
f 1//323 322//323 320//323 
f 321//324 323//324 1//324 
f 1//325 324//325 322//325 
f 323//326 325//326 1//326 
f 1//327 326//327 324//327 
f 325//328 327//328 1//328 
f 1//329 328//329 326//329 
f 327//330 329//330 1//330 
f 330//331 331//331 332//331 
f 333//332 331//332 330//332 
f 332//333 334//333 330//333 
f 330//334 334//334 335//334 
f 333//335 336//335 331//335 
f 337//336 336//336 333//336 
f 338//337 339//337 340//337 
f 335//338 339//338 338//338 
f 334//339 339//339 335//339 
f 337//340 341//340 336//340 
f 342//341 341//341 337//341 
f 339//342 343//342 340//342 
f 342//343 344//343 341//343 
f 345//344 344//344 342//344 
f 343//345 346//345 340//345 
f 340//346 346//346 347//346 
f 348//347 349//347 345//347 
f 345//348 349//348 344//348 
f 346//349 350//349 347//349 
f 347//350 350//350 351//350 
f 352//351 353//351 348//351 
f 348//352 353//352 349//352 
f 350//353 354//353 351//353 
f 351//354 354//354 355//354 
f 356//355 357//355 352//355 
f 352//356 357//356 353//356 
f 354//357 358//357 355//357 
f 355//358 358//358 359//358 
f 360//359 361//359 356//359 
f 356//360 361//360 357//360 
f 358//361 362//361 359//361 
f 359//362 362//362 329//362 
f 363//363 364//363 360//363 
f 365//364 364//364 363//364 
f 360//365 364//365 361//365 
f 365//366 366//366 364//366 
f 367//367 368//367 365//367 
f 369//368 368//368 367//368 
f 365//369 368//369 366//369 
f 369//370 370//370 368//370 
f 371//371 372//371 369//371 
f 369//372 372//372 370//372 
f 373//373 374//373 371//373 
f 375//374 374//374 373//374 
f 371//375 374//375 372//375 
f 375//376 376//376 374//376 
f 377//377 378//377 375//377 
f 375//378 378//378 376//378 
f 377//379 379//379 378//379 
f 380//380 379//380 377//380 
f 380//381 381//381 379//381 
f 382//382 381//382 380//382 
f 383//383 381//383 382//383 
f 383//384 384//384 381//384 
f 383//385 385//385 384//385 
f 386//386 385//386 383//386 
f 387//387 388//387 386//387 
f 389//388 388//388 387//388 
f 386//389 388//389 385//389 
f 389//390 390//390 388//390 
f 389//391 391//391 390//391 
f 392//392 391//392 389//392 
f 392//393 393//393 391//393 
f 394//394 393//394 392//394 
f 394//395 395//395 393//395 
f 396//396 395//396 394//396 
f 397//397 395//397 396//397 
f 397//398 398//398 395//398 
f 397//399 399//399 398//399 
f 400//400 399//400 397//400 
f 401//401 399//401 400//401 
f 401//402 402//402 399//402 
f 401//403 403//403 402//403 
f 404//404 403//404 401//404 
f 405//405 406//405 404//405 
f 407//406 406//406 405//406 
f 404//407 406//407 403//407 
f 407//408 408//408 406//408 
f 409//409 38//409 410//409 
f 411//410 38//410 409//410 
f 362//411 38//411 329//411 
f 412//412 38//412 411//412 
f 413//413 38//413 412//413 
f 414//414 38//414 413//414 
f 415//415 38//415 414//415 
f 416//416 38//416 415//416 
f 417//417 38//417 416//417 
f 418//418 38//418 417//418 
f 419//419 38//419 418//419 
f 420//420 38//420 419//420 
f 421//421 38//421 420//421 
f 422//422 38//422 421//422 
f 423//423 38//423 422//423 
f 424//424 38//424 423//424 
f 425//425 38//425 424//425 
f 426//426 38//426 425//426 
f 427//427 38//427 426//427 
f 428//428 38//428 427//428 
f 429//429 38//429 428//429 
f 430//430 38//430 429//430 
f 329//431 38//431 1//431 
f 431//432 38//432 362//432 
f 410//433 38//433 431//433 
f 432//434 433//434 407//434 
f 407//435 433//435 408//435 
f 430//436 434//436 38//436 
f 435//437 436//437 432//437 
f 432//438 436//438 433//438 
f 434//439 437//439 38//439 
f 438//440 439//440 435//440 
f 435//441 439//441 436//441 
f 437//442 440//442 38//442 
f 441//443 442//443 438//443 
f 438//444 442//444 439//444 
f 440//445 443//445 38//445 
f 444//446 445//446 441//446 
f 441//447 445//447 442//447 
f 443//448 446//448 38//448 
f 446//449 447//449 38//449 
f 447//450 448//450 38//450 
f 448//451 449//451 38//451 
f 449//452 450//452 38//452 
f 450//453 451//453 38//453 
f 451//454 452//454 38//454 
f 452//455 453//455 38//455 
f 453//456 454//456 38//456 
f 454//457 455//457 38//457 
f 455//458 456//458 38//458 
f 456//459 457//459 38//459 
f 457//460 458//460 38//460 
f 458//461 459//461 38//461 
f 459//462 460//462 38//462 
f 460//463 461//463 38//463 
f 461//464 462//464 38//464 
f 462//465 463//465 38//465 
f 463//466 464//466 38//466 
f 465//467 466//467 467//467 
f 467//468 468//468 469//468 
f 466//469 468//469 467//469 
f 470//470 471//470 465//470 
f 465//471 471//471 466//471 
f 469//472 472//472 473//472 
f 468//473 472//473 469//473 
f 470//474 474//474 471//474 
f 472//475 475//475 473//475 
f 473//476 475//476 476//476 
f 476//477 477//477 478//477 
f 475//478 477//478 476//478 
f 478//479 479//479 480//479 
f 477//480 479//480 478//480 
f 480//481 481//481 482//481 
f 479//482 481//482 480//482 
f 482//483 483//483 484//483 
f 481//484 483//484 482//484 
f 484//485 485//485 486//485 
f 483//486 485//486 484//486 
f 485//487 487//487 486//487 
f 486//488 487//488 488//488 
f 488//489 489//489 490//489 
f 487//490 489//490 488//490 
f 490//491 491//491 492//491 
f 489//492 491//492 490//492 
f 1//493 3//493 328//493 
f 493//494 3//494 494//494 
f 495//495 3//495 493//495 
f 496//496 3//496 495//496 
f 497//497 3//497 496//497 
f 498//498 3//498 497//498 
f 499//499 3//499 498//499 
f 500//500 3//500 470//500 
f 501//501 3//501 499//501 
f 474//502 3//502 501//502 
f 502//503 3//503 500//503 
f 503//504 3//504 502//504 
f 504//505 3//505 503//505 
f 505//506 3//506 504//506 
f 506//507 3//507 505//507 
f 328//508 3//508 506//508 
f 470//509 3//509 474//509 
f 3//510 507//510 494//510 
f 492//511 508//511 509//511 
f 491//512 508//512 492//512 
f 3//513 510//513 507//513 
f 509//514 511//514 512//514 
f 508//515 511//515 509//515 
f 3//516 513//516 510//516 
f 512//517 514//517 515//517 
f 511//518 514//518 512//518 
f 3//519 516//519 513//519 
f 515//520 517//520 518//520 
f 514//521 517//521 515//521 
f 3//522 519//522 516//522 
f 518//523 520//523 521//523 
f 517//524 520//524 518//524 
f 3//525 522//525 519//525 
f 521//526 523//526 524//526 
f 520//527 523//527 521//527 
f 3//528 525//528 522//528 
f 523//529 526//529 524//529 
f 524//530 526//530 527//530 
f 3//531 528//531 525//531 
f 527//532 529//532 530//532 
f 526//533 529//533 527//533 
f 3//534 531//534 528//534 
f 530//535 532//535 533//535 
f 529//536 532//536 530//536 
f 3//537 534//537 531//537 
f 533//538 535//538 536//538 
f 532//539 535//539 533//539 
f 3//540 537//540 534//540 
f 535//541 538//541 536//541 
f 536//542 538//542 539//542 
f 3//543 540//543 537//543 
f 539//544 541//544 542//544 
f 538//545 541//545 539//545 
f 3//546 543//546 540//546 
f 542//547 544//547 545//547 
f 541//548 544//548 542//548 
f 3//549 546//549 543//549 
f 545//550 547//550 548//550 
f 544//551 547//551 545//551 
f 3//552 549//552 546//552 
f 548//553 550//553 551//553 
f 547//554 550//554 548//554 
f 3//555 552//555 549//555 
f 551//556 553//556 444//556 
f 550//557 553//557 551//557 
f 3//558 554//558 552//558 
f 444//559 555//559 445//559 
f 553//560 555//560 444//560 
f 3//561 556//561 554//561 
f 3//562 275//562 556//562 
f 557//563 558//563 559//563 
f 559//564 560//564 561//564 
f 558//565 560//565 559//565 
f 557//566 562//566 558//566 
f 563//567 562//567 557//567 
f 560//568 564//568 561//568 
f 561//569 564//569 565//569 
f 563//570 566//570 562//570 
f 567//571 566//571 563//571 
f 564//572 568//572 565//572 
f 565//573 568//573 569//573 
f 567//574 570//574 566//574 
f 571//575 570//575 567//575 
f 555//576 572//576 445//576 
f 568//577 572//577 569//577 
f 569//578 572//578 555//578 
f 571//579 573//579 570//579 
f 574//580 573//580 571//580 
f 445//581 575//581 576//581 
f 572//582 575//582 445//582 
f 574//583 577//583 573//583 
f 578//584 577//584 574//584 
f 575//585 579//585 576//585 
f 576//586 579//586 580//586 
f 578//587 581//587 577//587 
f 582//588 581//588 578//588 
f 579//589 583//589 580//589 
f 580//590 583//590 584//590 
f 582//591 585//591 581//591 
f 586//592 585//592 582//592 
f 584//593 587//593 588//593 
f 583//594 587//594 584//594 
f 586//595 589//595 585//595 
f 590//596 589//596 586//596 
f 588//597 591//597 592//597 
f 587//598 591//598 588//598 
f 590//599 593//599 589//599 
f 594//600 593//600 590//600 
f 592//601 595//601 596//601 
f 591//602 595//602 592//602 
f 597//603 598//603 594//603 
f 594//604 598//604 593//604 
f 595//605 599//605 596//605 
f 596//606 599//606 600//606 
f 597//607 601//607 598//607 
f 602//608 601//608 597//608 
f 600//609 603//609 604//609 
f 599//610 603//610 600//610 
f 602//611 605//611 601//611 
f 606//612 605//612 602//612 
f 604//613 607//613 608//613 
f 603//614 607//614 604//614 
f 606//615 609//615 605//615 
f 610//616 609//616 606//616 
f 608//617 611//617 612//617 
f 607//618 611//618 608//618 
f 610//619 613//619 609//619 
f 614//620 613//620 610//620 
f 612//621 615//621 616//621 
f 611//622 615//622 612//622 
f 614//623 617//623 613//623 
f 618//624 617//624 614//624 
f 616//625 619//625 620//625 
f 615//626 619//626 616//626 
f 618//627 621//627 617//627 
f 622//628 621//628 618//628 
f 620//629 623//629 624//629 
f 619//630 623//630 620//630 
f 622//631 625//631 621//631 
f 626//632 625//632 622//632 
f 624//633 627//633 628//633 
f 623//634 627//634 624//634 
f 626//635 629//635 625//635 
f 630//636 629//636 626//636 
f 628//637 631//637 632//637 
f 627//638 631//638 628//638 
f 633//639 634//639 630//639 
f 630//640 634//640 629//640 
f 631//641 635//641 632//641 
f 632//642 635//642 636//642 
f 637//643 638//643 633//643 
f 633//644 638//644 634//644 
f 635//645 639//645 636//645 
f 636//646 639//646 640//646 
f 641//647 642//647 637//647 
f 637//648 642//648 638//648 
f 640//649 643//649 644//649 
f 639//650 643//650 640//650 
f 645//651 646//651 641//651 
f 641//652 646//652 642//652 
f 643//653 647//653 644//653 
f 644//654 647//654 648//654 
f 649//655 650//655 645//655 
f 645//656 650//656 646//656 
f 647//657 651//657 648//657 
f 648//658 651//658 652//658 
f 653//659 654//659 649//659 
f 649//660 654//660 650//660 
f 651//661 655//661 652//661 
f 652//662 655//662 656//662 
f 657//663 658//663 653//663 
f 653//664 658//664 654//664 
f 655//665 659//665 656//665 
f 656//666 659//666 660//666 
f 661//667 662//667 657//667 
f 657//668 662//668 658//668 
f 659//669 663//669 660//669 
f 660//670 663//670 664//670 
f 665//671 666//671 661//671 
f 661//672 666//672 662//672 
f 664//673 667//673 668//673 
f 663//674 667//674 664//674 
f 669//675 670//675 665//675 
f 665//676 670//676 666//676 
f 668//677 671//677 672//677 
f 667//678 671//678 668//678 
f 279//679 278//679 669//679 
f 669//680 278//680 670//680 
f 672//681 673//681 674//681 
f 671//682 673//682 672//682 
f 673//683 675//683 674//683 
f 674//684 675//684 676//684 
f 676//685 677//685 678//685 
f 675//686 677//686 676//686 
f 677//687 679//687 678//687 
f 678//688 679//688 680//688 
f 679//689 681//689 680//689 
f 682//690 280//690 683//690 
f 684//691 280//691 682//691 
f 685//692 280//692 684//692 
f 464//693 280//693 38//693 
f 686//694 280//694 685//694 
f 687//695 280//695 686//695 
f 688//696 280//696 687//696 
f 689//697 280//697 688//697 
f 690//698 280//698 689//698 
f 691//699 280//699 690//699 
f 692//700 280//700 691//700 
f 693//701 280//701 692//701 
f 694//702 280//702 693//702 
f 695//703 280//703 694//703 
f 696//704 280//704 464//704 
f 281//705 280//705 695//705 
f 697//706 280//706 696//706 
f 698//707 280//707 697//707 
f 699//708 280//708 698//708 
f 700//709 280//709 699//709 
f 701//710 280//710 700//710 
f 680//711 280//711 701//711 
f 681//712 280//712 680//712 
f 702//713 280//713 681//713 
f 703//714 280//714 702//714 
f 704//715 280//715 703//715 
f 705//716 280//716 704//716 
f 706//717 280//717 705//717 
f 707//718 280//718 706//718 
f 708//719 280//719 707//719 
f 709//720 280//720 708//720 
f 710//721 280//721 709//721 
f 711//722 280//722 710//722 
f 712//723 280//723 711//723 
f 713//724 280//724 712//724 
f 714//725 280//725 713//725 
f 683//726 280//726 714//726 
f 70//727 38//727 280//727 
f 70//728 280//728 241//728 
f 715//729 71//729 143//729 
f 39//730 71//730 715//730 
f 716//731 717//731 74//731 
f 716//732 74//732 69//732 
f 718//733 69//733 68//733 
f 718//734 716//734 69//734 
f 719//735 68//735 67//735 
f 719//736 718//736 68//736 
f 720//737 67//737 66//737 
f 720//738 719//738 67//738 
f 721//739 66//739 65//739 
f 721//740 720//740 66//740 
f 722//741 65//741 64//741 
f 722//742 721//742 65//742 
f 723//743 64//743 63//743 
f 723//744 722//744 64//744 
f 724//745 62//745 61//745 
f 724//746 63//746 62//746 
f 724//747 723//747 63//747 
f 725//748 724//748 61//748 
f 725//749 61//749 60//749 
f 726//750 725//750 60//750 
f 726//751 60//751 59//751 
f 727//752 726//752 59//752 
f 727//753 59//753 58//753 
f 728//754 727//754 58//754 
f 728//755 58//755 57//755 
f 729//756 57//756 56//756 
f 729//757 728//757 57//757 
f 730//758 56//758 55//758 
f 730//759 729//759 56//759 
f 731//760 54//760 53//760 
f 731//761 55//761 54//761 
f 731//762 730//762 55//762 
f 732//763 53//763 52//763 
f 732//764 731//764 53//764 
f 733//765 52//765 51//765 
f 733//766 732//766 52//766 
f 734//767 51//767 50//767 
f 734//768 733//768 51//768 
f 735//769 50//769 49//769 
f 735//770 734//770 50//770 
f 736//771 49//771 48//771 
f 736//772 735//772 49//772 
f 737//773 48//773 47//773 
f 737//774 736//774 48//774 
f 738//775 46//775 45//775 
f 738//776 47//776 46//776 
f 738//777 737//777 47//777 
f 739//778 45//778 44//778 
f 739//779 738//779 45//779 
f 740//780 44//780 43//780 
f 740//781 739//781 44//781 
f 741//782 43//782 42//782 
f 741//783 740//783 43//783 
f 742//784 42//784 41//784 
f 742//785 741//785 42//785 
f 743//786 41//786 40//786 
f 743//787 742//787 41//787 
f 744//788 40//788 37//788 
f 744//789 743//789 40//789 
f 715//790 37//790 39//790 
f 715//791 744//791 37//791 
f 717//792 745//792 72//792 
f 717//793 72//793 74//793 
f 746//794 747//794 35//794 
f 746//795 35//795 34//795 
f 748//796 34//796 32//796 
f 748//797 746//797 34//797 
f 749//798 32//798 30//798 
f 749//799 748//799 32//799 
f 750//800 30//800 28//800 
f 750//801 749//801 30//801 
f 751//802 28//802 26//802 
f 751//803 750//803 28//803 
f 752//804 26//804 24//804 
f 752//805 751//805 26//805 
f 753//806 24//806 22//806 
f 753//807 752//807 24//807 
f 754//808 20//808 18//808 
f 754//809 22//809 20//809 
f 754//810 753//810 22//810 
f 755//811 754//811 18//811 
f 755//812 18//812 16//812 
f 756//813 755//813 16//813 
f 756//814 16//814 14//814 
f 757//815 756//815 14//815 
f 757//816 14//816 12//816 
f 758//817 757//817 12//817 
f 758//818 12//818 10//818 
f 759//819 758//819 10//819 
f 759//820 10//820 9//820 
f 760//821 9//821 6//821 
f 760//822 759//822 9//822 
f 761//823 5//823 7//823 
f 761//824 6//824 5//824 
f 761//825 760//825 6//825 
f 762//826 7//826 8//826 
f 762//827 761//827 7//827 
f 763//828 8//828 11//828 
f 763//829 762//829 8//829 
f 764//830 11//830 13//830 
f 764//831 763//831 11//831 
f 765//832 13//832 15//832 
f 765//833 764//833 13//833 
f 766//834 15//834 17//834 
f 766//835 765//835 15//835 
f 767//836 17//836 19//836 
f 767//837 766//837 17//837 
f 768//838 21//838 23//838 
f 768//839 19//839 21//839 
f 768//840 767//840 19//840 
f 769//841 23//841 25//841 
f 769//842 768//842 23//842 
f 770//843 25//843 27//843 
f 770//844 769//844 25//844 
f 771//845 27//845 29//845 
f 771//846 770//846 27//846 
f 772//847 29//847 31//847 
f 772//848 771//848 29//848 
f 773//849 31//849 33//849 
f 773//850 772//850 31//850 
f 774//851 33//851 73//851 
f 774//852 773//852 33//852 
f 745//853 73//853 72//853 
f 745//854 774//854 73//854 
f 36//855 747//855 109//855 
f 36//856 35//856 747//856 
f 775//857 776//857 173//857 
f 173//858 776//858 171//858 
f 171//859 777//859 172//859 
f 776//860 777//860 171//860 
f 172//861 778//861 170//861 
f 777//862 778//862 172//862 
f 170//863 779//863 168//863 
f 778//864 779//864 170//864 
f 168//865 780//865 169//865 
f 779//866 780//866 168//866 
f 169//867 781//867 167//867 
f 780//868 781//868 169//868 
f 781//869 782//869 167//869 
f 167//870 782//870 166//870 
f 782//871 783//871 166//871 
f 166//872 783//872 164//872 
f 783//873 784//873 164//873 
f 164//874 784//874 165//874 
f 784//875 785//875 165//875 
f 165//876 785//876 163//876 
f 785//877 786//877 163//877 
f 163//878 786//878 162//878 
f 162//879 787//879 161//879 
f 786//880 787//880 162//880 
f 787//881 788//881 161//881 
f 161//882 789//882 159//882 
f 788//883 789//883 161//883 
f 789//884 790//884 159//884 
f 159//885 790//885 160//885 
f 790//886 791//886 160//886 
f 160//887 791//887 157//887 
f 157//888 792//888 158//888 
f 791//889 792//889 157//889 
f 158//890 793//890 156//890 
f 792//891 793//891 158//891 
f 156//892 794//892 154//892 
f 793//893 794//893 156//893 
f 154//894 795//894 155//894 
f 794//895 795//895 154//895 
f 155//896 796//896 153//896 
f 795//897 796//897 155//897 
f 153//898 797//898 152//898 
f 796//899 797//899 153//899 
f 152//900 798//900 151//900 
f 797//901 798//901 152//901 
f 151//902 799//902 148//902 
f 798//903 799//903 151//903 
f 148//904 800//904 150//904 
f 799//905 800//905 148//905 
f 800//906 801//906 150//906 
f 150//907 802//907 149//907 
f 801//908 802//908 150//908 
f 149//909 803//909 147//909 
f 802//910 803//910 149//910 
f 147//911 804//911 146//911 
f 803//912 804//912 147//912 
f 146//913 805//913 144//913 
f 804//914 805//914 146//914 
f 144//915 806//915 145//915 
f 805//916 806//916 144//916 
f 145//917 807//917 141//917 
f 806//918 807//918 145//918 
f 141//919 808//919 142//919 
f 807//920 808//920 141//920 
f 142//921 809//921 143//921 
f 808//922 809//922 142//922 
f 809//923 715//923 143//923 
f 174//924 775//924 173//924 
f 174//925 810//925 775//925 
f 205//926 811//926 812//926 
f 205//927 206//927 811//927 
f 204//928 813//928 814//928 
f 204//929 812//929 813//929 
f 204//930 205//930 812//930 
f 203//931 204//931 814//931 
f 202//932 815//932 816//932 
f 202//933 814//933 815//933 
f 202//934 203//934 814//934 
f 201//935 202//935 816//935 
f 200//936 817//936 818//936 
f 200//937 816//937 817//937 
f 200//938 201//938 816//938 
f 199//939 200//939 818//939 
f 198//940 199//940 818//940 
f 198//941 819//941 820//941 
f 198//942 818//942 819//942 
f 197//943 198//943 820//943 
f 196//944 197//944 820//944 
f 196//945 821//945 822//945 
f 196//946 820//946 821//946 
f 195//947 196//947 822//947 
f 194//948 195//948 822//948 
f 194//949 822//949 823//949 
f 193//950 823//950 824//950 
f 193//951 194//951 823//951 
f 192//952 825//952 826//952 
f 192//953 824//953 825//953 
f 192//954 193//954 824//954 
f 191//955 826//955 827//955 
f 191//956 192//956 826//956 
f 190//957 827//957 828//957 
f 190//958 191//958 827//958 
f 189//959 190//959 828//959 
f 188//960 829//960 830//960 
f 188//961 828//961 829//961 
f 188//962 189//962 828//962 
f 187//963 830//963 831//963 
f 187//964 188//964 830//964 
f 186//965 187//965 831//965 
f 185//966 832//966 833//966 
f 185//967 831//967 832//967 
f 185//968 186//968 831//968 
f 184//969 185//969 833//969 
f 183//970 833//970 834//970 
f 183//971 184//971 833//971 
f 182//972 834//972 835//972 
f 182//973 183//973 834//973 
f 181//974 836//974 837//974 
f 181//975 835//975 836//975 
f 181//976 182//976 835//976 
f 180//977 181//977 837//977 
f 179//978 838//978 839//978 
f 179//979 837//979 838//979 
f 179//980 180//980 837//980 
f 178//981 179//981 839//981 
f 177//982 839//982 840//982 
f 177//983 178//983 839//983 
f 176//984 841//984 842//984 
f 176//985 840//985 841//985 
f 176//986 177//986 840//986 
f 175//987 176//987 842//987 
f 174//988 842//988 810//988 
f 174//989 175//989 842//989 
f 811//990 206//990 843//990 
f 843//991 206//991 240//991 
f 273//992 844//992 845//992 
f 273//993 242//993 844//993 
f 272//994 846//994 847//994 
f 272//995 845//995 846//995 
f 272//996 273//996 845//996 
f 271//997 272//997 847//997 
f 270//998 848//998 849//998 
f 270//999 847//999 848//999 
f 270//1000 271//1000 847//1000 
f 269//1001 270//1001 849//1001 
f 268//1002 850//1002 851//1002 
f 268//1003 849//1003 850//1003 
f 268//1004 269//1004 849//1004 
f 267//1005 268//1005 851//1005 
f 266//1006 267//1006 851//1006 
f 266//1007 852//1007 853//1007 
f 266//1008 851//1008 852//1008 
f 265//1009 266//1009 853//1009 
f 264//1010 265//1010 853//1010 
f 264//1011 854//1011 855//1011 
f 264//1012 853//1012 854//1012 
f 263//1013 264//1013 855//1013 
f 262//1014 263//1014 855//1014 
f 262//1015 855//1015 856//1015 
f 261//1016 856//1016 857//1016 
f 261//1017 262//1017 856//1017 
f 260//1018 858//1018 859//1018 
f 260//1019 857//1019 858//1019 
f 260//1020 261//1020 857//1020 
f 259//1021 859//1021 860//1021 
f 259//1022 260//1022 859//1022 
f 258//1023 860//1023 861//1023 
f 258//1024 259//1024 860//1024 
f 257//1025 258//1025 861//1025 
f 256//1026 862//1026 863//1026 
f 256//1027 861//1027 862//1027 
f 256//1028 257//1028 861//1028 
f 255//1029 863//1029 864//1029 
f 255//1030 256//1030 863//1030 
f 254//1031 255//1031 864//1031 
f 253//1032 865//1032 866//1032 
f 253//1033 864//1033 865//1033 
f 253//1034 254//1034 864//1034 
f 252//1035 253//1035 866//1035 
f 251//1036 866//1036 867//1036 
f 251//1037 252//1037 866//1037 
f 250//1038 867//1038 868//1038 
f 250//1039 251//1039 867//1039 
f 249//1040 869//1040 870//1040 
f 249//1041 868//1041 869//1041 
f 249//1042 250//1042 868//1042 
f 248//1043 249//1043 870//1043 
f 247//1044 871//1044 872//1044 
f 247//1045 870//1045 871//1045 
f 247//1046 248//1046 870//1046 
f 246//1047 247//1047 872//1047 
f 245//1048 872//1048 873//1048 
f 245//1049 246//1049 872//1049 
f 244//1050 874//1050 875//1050 
f 244//1051 873//1051 874//1051 
f 244//1052 245//1052 873//1052 
f 243//1053 244//1053 875//1053 
f 240//1054 875//1054 843//1054 
f 240//1055 243//1055 875//1055 
f 844//1056 242//1056 876//1056 
f 876//1057 242//1057 211//1057 
f 207//1058 877//1058 878//1058 
f 208//1059 878//1059 879//1059 
f 208//1060 207//1060 878//1060 
f 209//1061 879//1061 880//1061 
f 209//1062 208//1062 879//1062 
f 239//1063 880//1063 881//1063 
f 239//1064 209//1064 880//1064 
f 238//1065 881//1065 882//1065 
f 238//1066 239//1066 881//1066 
f 237//1067 882//1067 883//1067 
f 237//1068 238//1068 882//1068 
f 236//1069 883//1069 884//1069 
f 236//1070 237//1070 883//1070 
f 235//1071 884//1071 885//1071 
f 235//1072 236//1072 884//1072 
f 234//1073 235//1073 885//1073 
f 234//1074 885//1074 886//1074 
f 233//1075 234//1075 886//1075 
f 233//1076 886//1076 887//1076 
f 232//1077 887//1077 888//1077 
f 232//1078 233//1078 887//1078 
f 231//1079 888//1079 889//1079 
f 231//1080 232//1080 888//1080 
f 230//1081 889//1081 890//1081 
f 230//1082 231//1082 889//1082 
f 229//1083 890//1083 891//1083 
f 229//1084 230//1084 890//1084 
f 228//1085 891//1085 892//1085 
f 228//1086 229//1086 891//1086 
f 227//1087 892//1087 893//1087 
f 227//1088 228//1088 892//1088 
f 226//1089 893//1089 894//1089 
f 226//1090 227//1090 893//1090 
f 225//1091 894//1091 895//1091 
f 225//1092 226//1092 894//1092 
f 224//1093 895//1093 896//1093 
f 224//1094 225//1094 895//1094 
f 223//1095 896//1095 897//1095 
f 223//1096 224//1096 896//1096 
f 222//1097 223//1097 897//1097 
f 221//1098 897//1098 898//1098 
f 221//1099 898//1099 899//1099 
f 221//1100 222//1100 897//1100 
f 220//1101 899//1101 900//1101 
f 220//1102 221//1102 899//1102 
f 219//1103 220//1103 900//1103 
f 218//1104 900//1104 901//1104 
f 218//1105 901//1105 902//1105 
f 218//1106 219//1106 900//1106 
f 217//1107 902//1107 903//1107 
f 217//1108 218//1108 902//1108 
f 216//1109 217//1109 903//1109 
f 215//1110 903//1110 904//1110 
f 215//1111 216//1111 903//1111 
f 214//1112 904//1112 905//1112 
f 214//1113 215//1113 904//1113 
f 213//1114 905//1114 906//1114 
f 213//1115 214//1115 905//1115 
f 212//1116 906//1116 907//1116 
f 212//1117 213//1117 906//1117 
f 210//1118 907//1118 908//1118 
f 210//1119 908//1119 876//1119 
f 210//1120 212//1120 907//1120 
f 211//1121 210//1121 876//1121 
f 107//1122 909//1122 877//1122 
f 107//1123 877//1123 207//1123 
f 107//1124 104//1124 909//1124 
f 909//1125 104//1125 910//1125 
f 910//1126 102//1126 911//1126 
f 104//1127 102//1127 910//1127 
f 911//1128 101//1128 912//1128 
f 102//1129 101//1129 911//1129 
f 912//1130 98//1130 913//1130 
f 101//1131 98//1131 912//1131 
f 913//1132 96//1132 914//1132 
f 98//1133 96//1133 913//1133 
f 914//1134 94//1134 915//1134 
f 915//1135 94//1135 916//1135 
f 96//1136 94//1136 914//1136 
f 94//1137 93//1137 916//1137 
f 93//1138 90//1138 916//1138 
f 916//1139 90//1139 917//1139 
f 90//1140 88//1140 917//1140 
f 917//1141 88//1141 918//1141 
f 918//1142 88//1142 919//1142 
f 88//1143 86//1143 919//1143 
f 919//1144 84//1144 920//1144 
f 86//1145 84//1145 919//1145 
f 920//1146 82//1146 921//1146 
f 84//1147 82//1147 920//1147 
f 921//1148 80//1148 922//1148 
f 922//1149 80//1149 923//1149 
f 82//1150 80//1150 921//1150 
f 80//1151 79//1151 923//1151 
f 923//1152 77//1152 924//1152 
f 924//1153 77//1153 925//1153 
f 79//1154 77//1154 923//1154 
f 77//1155 76//1155 925//1155 
f 925//1156 75//1156 926//1156 
f 926//1157 75//1157 927//1157 
f 76//1158 75//1158 925//1158 
f 75//1159 78//1159 927//1159 
f 927//1160 81//1160 928//1160 
f 78//1161 81//1161 927//1161 
f 928//1162 83//1162 929//1162 
f 81//1163 83//1163 928//1163 
f 929//1164 85//1164 930//1164 
f 83//1165 85//1165 929//1165 
f 930//1166 87//1166 931//1166 
f 85//1167 87//1167 930//1167 
f 931//1168 89//1168 932//1168 
f 87//1169 89//1169 931//1169 
f 932//1170 91//1170 933//1170 
f 933//1171 91//1171 934//1171 
f 89//1172 91//1172 932//1172 
f 91//1173 92//1173 934//1173 
f 934//1174 95//1174 935//1174 
f 92//1175 95//1175 934//1175 
f 935//1176 97//1176 936//1176 
f 95//1177 97//1177 935//1177 
f 936//1178 99//1178 937//1178 
f 97//1179 99//1179 936//1179 
f 937//1180 100//1180 938//1180 
f 99//1181 100//1181 937//1181 
f 938//1182 103//1182 939//1182 
f 939//1183 103//1183 940//1183 
f 100//1184 103//1184 938//1184 
f 940//1185 105//1185 941//1185 
f 103//1186 105//1186 940//1186 
f 105//1187 106//1187 941//1187 
f 108//1188 942//1188 941//1188 
f 108//1189 941//1189 106//1189 
f 943//1190 942//1190 108//1190 
f 943//1191 108//1191 115//1191 
f 944//1192 115//1192 114//1192 
f 944//1193 943//1193 115//1193 
f 945//1194 114//1194 113//1194 
f 945//1195 944//1195 114//1195 
f 946//1196 113//1196 117//1196 
f 946//1197 945//1197 113//1197 
f 947//1198 117//1198 116//1198 
f 947//1199 946//1199 117//1199 
f 948//1200 116//1200 118//1200 
f 948//1201 947//1201 116//1201 
f 949//1202 118//1202 123//1202 
f 949//1203 948//1203 118//1203 
f 950//1204 949//1204 123//1204 
f 950//1205 123//1205 127//1205 
f 951//1206 950//1206 127//1206 
f 952//1207 127//1207 128//1207 
f 952//1208 951//1208 127//1208 
f 953//1209 128//1209 126//1209 
f 953//1210 952//1210 128//1210 
f 954//1211 126//1211 130//1211 
f 954//1212 953//1212 126//1212 
f 955//1213 954//1213 130//1213 
f 955//1214 130//1214 132//1214 
f 956//1215 132//1215 131//1215 
f 956//1216 955//1216 132//1216 
f 957//1217 131//1217 133//1217 
f 957//1218 956//1218 131//1218 
f 958//1219 133//1219 140//1219 
f 958//1220 957//1220 133//1220 
f 959//1221 140//1221 139//1221 
f 959//1222 958//1222 140//1222 
f 960//1223 139//1223 138//1223 
f 960//1224 959//1224 139//1224 
f 961//1225 138//1225 134//1225 
f 961//1226 960//1226 138//1226 
f 962//1227 134//1227 136//1227 
f 962//1228 961//1228 134//1228 
f 963//1229 136//1229 135//1229 
f 963//1230 962//1230 136//1230 
f 964//1231 963//1231 135//1231 
f 965//1232 135//1232 137//1232 
f 965//1233 964//1233 135//1233 
f 966//1234 137//1234 129//1234 
f 966//1235 965//1235 137//1235 
f 967//1236 129//1236 124//1236 
f 967//1237 966//1237 129//1237 
f 968//1238 124//1238 125//1238 
f 968//1239 967//1239 124//1239 
f 969//1240 125//1240 119//1240 
f 969//1241 968//1241 125//1241 
f 970//1242 119//1242 121//1242 
f 970//1243 969//1243 119//1243 
f 971//1244 121//1244 120//1244 
f 971//1245 970//1245 121//1245 
f 972//1246 120//1246 122//1246 
f 972//1247 971//1247 120//1247 
f 973//1248 122//1248 110//1248 
f 973//1249 972//1249 122//1249 
f 974//1250 110//1250 112//1250 
f 974//1251 973//1251 110//1251 
f 975//1252 112//1252 111//1252 
f 975//1253 974//1253 112//1253 
f 976//1254 975//1254 111//1254 
f 976//1255 111//1255 109//1255 
f 747//1256 976//1256 109//1256 
f 275//1257 274//1257 556//1257 
f 274//1258 977//1258 556//1258 
f 556//1259 977//1259 554//1259 
f 977//1260 978//1260 554//1260 
f 554//1261 978//1261 552//1261 
f 978//1262 979//1262 552//1262 
f 552//1263 979//1263 549//1263 
f 979//1264 980//1264 549//1264 
f 549//1265 980//1265 546//1265 
f 980//1266 981//1266 546//1266 
f 546//1267 981//1267 543//1267 
f 543//1268 982//1268 540//1268 
f 981//1269 982//1269 543//1269 
f 540//1270 983//1270 537//1270 
f 982//1271 983//1271 540//1271 
f 537//1272 984//1272 534//1272 
f 983//1273 984//1273 537//1273 
f 534//1274 985//1274 531//1274 
f 984//1275 985//1275 534//1275 
f 531//1276 986//1276 528//1276 
f 985//1277 986//1277 531//1277 
f 986//1278 987//1278 528//1278 
f 528//1279 987//1279 525//1279 
f 987//1280 988//1280 525//1280 
f 525//1281 988//1281 522//1281 
f 988//1282 989//1282 522//1282 
f 522//1283 989//1283 519//1283 
f 989//1284 990//1284 519//1284 
f 519//1285 990//1285 516//1285 
f 990//1286 991//1286 516//1286 
f 516//1287 991//1287 513//1287 
f 991//1288 992//1288 513//1288 
f 513//1289 992//1289 510//1289 
f 992//1290 993//1290 510//1290 
f 510//1291 993//1291 507//1291 
f 993//1292 994//1292 507//1292 
f 507//1293 994//1293 494//1293 
f 994//1294 995//1294 494//1294 
f 494//1295 995//1295 493//1295 
f 995//1296 996//1296 493//1296 
f 493//1297 996//1297 495//1297 
f 495//1298 997//1298 496//1298 
f 996//1299 997//1299 495//1299 
f 496//1300 998//1300 497//1300 
f 997//1301 998//1301 496//1301 
f 497//1302 999//1302 498//1302 
f 998//1303 999//1303 497//1303 
f 498//1304 1000//1304 499//1304 
f 999//1305 1000//1305 498//1305 
f 499//1306 1001//1306 501//1306 
f 1000//1307 1001//1307 499//1307 
f 501//1308 1002//1308 474//1308 
f 1001//1309 1002//1309 501//1309 
f 474//1310 1003//1310 471//1310 
f 1002//1311 1003//1311 474//1311 
f 1003//1312 1004//1312 471//1312 
f 471//1313 1005//1313 466//1313 
f 1004//1314 1005//1314 471//1314 
f 466//1315 1006//1315 468//1315 
f 1005//1316 1006//1316 466//1316 
f 468//1317 1007//1317 472//1317 
f 1006//1318 1007//1318 468//1318 
f 472//1319 1008//1319 475//1319 
f 475//1320 1008//1320 477//1320 
f 1007//1321 1008//1321 472//1321 
f 477//1322 1009//1322 479//1322 
f 1008//1323 1009//1323 477//1323 
f 1009//1324 1010//1324 479//1324 
f 479//1325 1011//1325 481//1325 
f 481//1326 1011//1326 483//1326 
f 1010//1327 1011//1327 479//1327 
f 1011//1328 1012//1328 483//1328 
f 1012//1329 1013//1329 483//1329 
f 483//1330 1013//1330 485//1330 
f 485//1331 1013//1331 487//1331 
f 1013//1332 1014//1332 487//1332 
f 1014//1333 1015//1333 487//1333 
f 487//1334 1015//1334 489//1334 
f 1015//1335 1016//1335 489//1335 
f 489//1336 1016//1336 491//1336 
f 491//1337 1016//1337 508//1337 
f 1016//1338 1017//1338 508//1338 
f 508//1339 1018//1339 511//1339 
f 1017//1340 1018//1340 508//1340 
f 511//1341 1019//1341 514//1341 
f 514//1342 1019//1342 517//1342 
f 1018//1343 1019//1343 511//1343 
f 1019//1344 1020//1344 517//1344 
f 517//1345 1021//1345 520//1345 
f 1020//1346 1021//1346 517//1346 
f 520//1347 1022//1347 523//1347 
f 523//1348 1022//1348 526//1348 
f 1021//1349 1022//1349 520//1349 
f 1022//1350 1023//1350 526//1350 
f 526//1351 1024//1351 529//1351 
f 1023//1352 1024//1352 526//1352 
f 529//1353 1025//1353 532//1353 
f 1024//1354 1025//1354 529//1354 
f 532//1355 1026//1355 535//1355 
f 1025//1356 1026//1356 532//1356 
f 535//1357 1027//1357 538//1357 
f 538//1358 1027//1358 541//1358 
f 1026//1359 1027//1359 535//1359 
f 1027//1360 1028//1360 541//1360 
f 541//1361 1029//1361 544//1361 
f 1028//1362 1029//1362 541//1362 
f 544//1363 1030//1363 547//1363 
f 1029//1364 1030//1364 544//1364 
f 547//1365 1031//1365 550//1365 
f 1030//1366 1031//1366 547//1366 
f 550//1367 1032//1367 553//1367 
f 1031//1368 1032//1368 550//1368 
f 553//1369 1033//1369 555//1369 
f 1032//1370 1033//1370 553//1370 
f 555//1371 1034//1371 569//1371 
f 1033//1372 1034//1372 555//1372 
f 569//1373 1035//1373 565//1373 
f 1034//1374 1035//1374 569//1374 
f 565//1375 1036//1375 561//1375 
f 1035//1376 1036//1376 565//1376 
f 1036//1377 1037//1377 561//1377 
f 561//1378 1037//1378 559//1378 
f 1037//1379 1038//1379 559//1379 
f 559//1380 1038//1380 557//1380 
f 557//1381 1038//1381 563//1381 
f 1038//1382 1039//1382 563//1382 
f 1039//1383 1040//1383 563//1383 
f 563//1384 1040//1384 567//1384 
f 1040//1385 1041//1385 567//1385 
f 567//1386 1041//1386 571//1386 
f 571//1387 1041//1387 574//1387 
f 1041//1388 1042//1388 574//1388 
f 574//1389 1042//1389 578//1389 
f 1042//1390 1043//1390 578//1390 
f 1043//1391 1044//1391 578//1391 
f 578//1392 1044//1392 582//1392 
f 582//1393 1044//1393 586//1393 
f 1044//1394 1045//1394 586//1394 
f 1045//1395 1046//1395 586//1395 
f 586//1396 1046//1396 590//1396 
f 1046//1397 1047//1397 590//1397 
f 590//1398 1047//1398 594//1398 
f 1047//1399 1048//1399 594//1399 
f 594//1400 1048//1400 597//1400 
f 597//1401 1049//1401 602//1401 
f 1048//1402 1049//1402 597//1402 
f 602//1403 1050//1403 606//1403 
f 1049//1404 1050//1404 602//1404 
f 606//1405 1051//1405 610//1405 
f 1050//1406 1051//1406 606//1406 
f 610//1407 1052//1407 614//1407 
f 1051//1408 1052//1408 610//1408 
f 1052//1409 1053//1409 614//1409 
f 614//1410 1053//1410 618//1410 
f 1004//1411 1003//1411 1005//1411 
f 1005//1412 1013//1412 1006//1412 
f 1006//1413 1013//1413 1007//1413 
f 1007//1414 1013//1414 1008//1414 
f 1008//1415 1013//1415 1009//1415 
f 1009//1416 1013//1416 1010//1416 
f 1010//1417 1013//1417 1011//1417 
f 1011//1418 1013//1418 1012//1418 
f 1003//1419 1013//1419 1005//1419 
f 998//1420 997//1420 999//1420 
f 1014//1421 1016//1421 1015//1421 
f 995//1422 994//1422 996//1422 
f 1014//1423 1017//1423 1016//1423 
f 1013//1424 1017//1424 1014//1424 
f 1022//1425 1025//1425 1023//1425 
f 1023//1426 1025//1426 1024//1426 
f 1022//1427 1026//1427 1025//1427 
f 1018//1428 1026//1428 1019//1428 
f 1019//1429 1026//1429 1020//1429 
f 1020//1430 1026//1430 1021//1430 
f 1021//1431 1026//1431 1022//1431 
f 985//1432 984//1432 986//1432 
f 986//1433 984//1433 987//1433 
f 987//1434 984//1434 988//1434 
f 983//1435 982//1435 984//1435 
f 1027//1436 1029//1436 1028//1436 
f 1027//1437 1030//1437 1029//1437 
f 981//1438 980//1438 982//1438 
f 984//1439 980//1439 988//1439 
f 982//1440 980//1440 984//1440 
f 1026//1441 1031//1441 1027//1441 
f 1027//1442 1031//1442 1030//1442 
f 977//1443 274//1443 978//1443 
f 978//1444 274//1444 979//1444 
f 979//1445 274//1445 980//1445 
f 1032//1446 1035//1446 1033//1446 
f 1033//1447 1035//1447 1034//1447 
f 1032//1448 1036//1448 1035//1448 
f 1031//1449 1036//1449 1032//1449 
f 1026//1450 1036//1450 1031//1450 
f 1036//1451 1040//1451 1037//1451 
f 1037//1452 1040//1452 1038//1452 
f 1038//1453 1040//1453 1039//1453 
f 1040//1454 1042//1454 1041//1454 
f 1036//1455 1043//1455 1040//1455 
f 1018//1456 1043//1456 1026//1456 
f 1013//1457 1043//1457 1017//1457 
f 1017//1458 1043//1458 1018//1458 
f 1040//1459 1043//1459 1042//1459 
f 1026//1460 1043//1460 1036//1460 
f 1043//1461 1046//1461 1044//1461 
f 1044//1462 1046//1462 1045//1462 
f 997//1463 1047//1463 999//1463 
f 1003//1464 1047//1464 1013//1464 
f 996//1465 1047//1465 997//1465 
f 999//1466 1047//1466 1000//1466 
f 1000//1467 1047//1467 1001//1467 
f 1001//1468 1047//1468 1002//1468 
f 1002//1469 1047//1469 1003//1469 
f 1043//1470 1047//1470 1046//1470 
f 1013//1471 1047//1471 1043//1471 
f 1047//1472 1049//1472 1048//1472 
f 1047//1473 1050//1473 1049//1473 
f 1047//1474 1051//1474 1050//1474 
f 1047//1475 1054//1475 1051//1475 
f 1051//1476 1054//1476 1052//1476 
f 1052//1477 1054//1477 1053//1477 
f 1054//1478 1055//1478 1056//1478 
f 1054//1479 1057//1479 1055//1479 
f 989//1480 1058//1480 990//1480 
f 990//1481 1058//1481 991//1481 
f 994//1482 1058//1482 996//1482 
f 991//1483 1058//1483 992//1483 
f 992//1484 1058//1484 993//1484 
f 993//1485 1058//1485 994//1485 
f 1054//1486 1058//1486 1057//1486 
f 1047//1487 1058//1487 1054//1487 
f 996//1488 1058//1488 1047//1488 
f 1058//1489 1059//1489 1060//1489 
f 1059//1490 1061//1490 1062//1490 
f 1058//1491 1063//1491 1059//1491 
f 1059//1492 1063//1492 1061//1492 
f 988//1493 1064//1493 989//1493 
f 980//1494 1064//1494 988//1494 
f 989//1495 1064//1495 1058//1495 
f 1058//1496 1064//1496 1063//1496 
f 1063//1497 1064//1497 1065//1497 
f 980//1498 276//1498 1064//1498 
f 1064//1499 276//1499 1066//1499 
f 274//1500 276//1500 980//1500 
f 1053//1501 1054//1501 618//1501 
f 618//1502 1054//1502 622//1502 
f 622//1503 1056//1503 626//1503 
f 1054//1504 1056//1504 622//1504 
f 626//1505 1055//1505 630//1505 
f 1056//1506 1055//1506 626//1506 
f 630//1507 1057//1507 633//1507 
f 1055//1508 1057//1508 630//1508 
f 633//1509 1058//1509 637//1509 
f 1057//1510 1058//1510 633//1510 
f 637//1511 1060//1511 641//1511 
f 1058//1512 1060//1512 637//1512 
f 641//1513 1059//1513 645//1513 
f 1060//1514 1059//1514 641//1514 
f 645//1515 1062//1515 649//1515 
f 1059//1516 1062//1516 645//1516 
f 649//1517 1061//1517 653//1517 
f 1062//1518 1061//1518 649//1518 
f 653//1519 1063//1519 657//1519 
f 1061//1520 1063//1520 653//1520 
f 657//1521 1065//1521 661//1521 
f 1063//1522 1065//1522 657//1522 
f 661//1523 1064//1523 665//1523 
f 1065//1524 1064//1524 661//1524 
f 665//1525 1066//1525 669//1525 
f 1064//1526 1066//1526 665//1526 
f 669//1527 276//1527 279//1527 
f 1066//1528 276//1528 669//1528 
f 278//1529 277//1529 670//1529 
f 277//1530 1067//1530 670//1530 
f 670//1531 1067//1531 666//1531 
f 1067//1532 1068//1532 666//1532 
f 666//1533 1068//1533 662//1533 
f 1068//1534 1069//1534 662//1534 
f 662//1535 1069//1535 658//1535 
f 1069//1536 1070//1536 658//1536 
f 658//1537 1070//1537 654//1537 
f 1070//1538 1071//1538 654//1538 
f 654//1539 1071//1539 650//1539 
f 650//1540 1072//1540 646//1540 
f 1071//1541 1072//1541 650//1541 
f 646//1542 1073//1542 642//1542 
f 1072//1543 1073//1543 646//1543 
f 642//1544 1074//1544 638//1544 
f 1073//1545 1074//1545 642//1545 
f 638//1546 1075//1546 634//1546 
f 1074//1547 1075//1547 638//1547 
f 634//1548 1076//1548 629//1548 
f 1075//1549 1076//1549 634//1549 
f 1076//1550 1077//1550 629//1550 
f 629//1551 1077//1551 625//1551 
f 1077//1552 1078//1552 625//1552 
f 625//1553 1078//1553 621//1553 
f 1078//1554 1079//1554 621//1554 
f 621//1555 1079//1555 617//1555 
f 1079//1556 1080//1556 617//1556 
f 617//1557 1080//1557 613//1557 
f 1080//1558 1081//1558 613//1558 
f 613//1559 1081//1559 609//1559 
f 1081//1560 1082//1560 609//1560 
f 609//1561 1082//1561 605//1561 
f 1082//1562 1083//1562 605//1562 
f 605//1563 1083//1563 601//1563 
f 1083//1564 1084//1564 601//1564 
f 601//1565 1084//1565 598//1565 
f 1084//1566 1085//1566 598//1566 
f 598//1567 1085//1567 593//1567 
f 1085//1568 1086//1568 593//1568 
f 593//1569 1086//1569 589//1569 
f 589//1570 1087//1570 585//1570 
f 1086//1571 1087//1571 589//1571 
f 585//1572 1088//1572 581//1572 
f 1087//1573 1088//1573 585//1573 
f 581//1574 1089//1574 577//1574 
f 1088//1575 1089//1575 581//1575 
f 577//1576 1090//1576 573//1576 
f 1089//1577 1090//1577 577//1577 
f 573//1578 1091//1578 570//1578 
f 1090//1579 1091//1579 573//1579 
f 570//1580 1092//1580 566//1580 
f 1091//1581 1092//1581 570//1581 
f 566//1582 1093//1582 562//1582 
f 1092//1583 1093//1583 566//1583 
f 562//1584 1094//1584 558//1584 
f 1093//1585 1094//1585 562//1585 
f 558//1586 1095//1586 560//1586 
f 1094//1587 1095//1587 558//1587 
f 560//1588 1096//1588 564//1588 
f 1095//1589 1096//1589 560//1589 
f 564//1590 1097//1590 568//1590 
f 1096//1591 1097//1591 564//1591 
f 568//1592 1098//1592 572//1592 
f 1097//1593 1098//1593 568//1593 
f 572//1594 1099//1594 575//1594 
f 1098//1595 1099//1595 572//1595 
f 575//1596 1100//1596 579//1596 
f 1099//1597 1100//1597 575//1597 
f 579//1598 1101//1598 583//1598 
f 1100//1599 1101//1599 579//1599 
f 1101//1600 1102//1600 583//1600 
f 583//1601 1102//1601 587//1601 
f 1102//1602 1103//1602 587//1602 
f 587//1603 1103//1603 591//1603 
f 1103//1604 1104//1604 591//1604 
f 591//1605 1104//1605 595//1605 
f 1104//1606 1105//1606 595//1606 
f 595//1607 1105//1607 599//1607 
f 599//1608 1106//1608 603//1608 
f 1105//1609 1106//1609 599//1609 
f 603//1610 1107//1610 607//1610 
f 1106//1611 1107//1611 603//1611 
f 607//1612 1108//1612 611//1612 
f 1107//1613 1108//1613 607//1613 
f 611//1614 1109//1614 615//1614 
f 1108//1615 1109//1615 611//1615 
f 615//1616 1110//1616 619//1616 
f 1109//1617 1110//1617 615//1617 
f 619//1618 1111//1618 623//1618 
f 1110//1619 1111//1619 619//1619 
f 623//1620 1112//1620 627//1620 
f 1111//1621 1112//1621 623//1621 
f 627//1622 1113//1622 631//1622 
f 1112//1623 1113//1623 627//1623 
f 631//1624 1114//1624 635//1624 
f 1113//1625 1114//1625 631//1625 
f 635//1626 1115//1626 639//1626 
f 1114//1627 1115//1627 635//1627 
f 639//1628 1116//1628 643//1628 
f 1115//1629 1116//1629 639//1629 
f 643//1630 1117//1630 647//1630 
f 1116//1631 1117//1631 643//1631 
f 647//1632 1118//1632 651//1632 
f 1117//1633 1118//1633 647//1633 
f 651//1634 1119//1634 655//1634 
f 1118//1635 1119//1635 651//1635 
f 655//1636 1120//1636 659//1636 
f 1119//1637 1120//1637 655//1637 
f 659//1638 1121//1638 663//1638 
f 1120//1639 1121//1639 659//1639 
f 663//1640 1122//1640 667//1640 
f 1121//1641 1122//1641 663//1641 
f 667//1642 1123//1642 671//1642 
f 1122//1643 1123//1643 667//1643 
f 671//1644 1124//1644 673//1644 
f 1123//1645 1124//1645 671//1645 
f 673//1646 1125//1646 675//1646 
f 1124//1647 1125//1647 673//1647 
f 675//1648 1126//1648 677//1648 
f 1125//1649 1126//1649 675//1649 
f 1126//1650 1127//1650 677//1650 
f 677//1651 1128//1651 679//1651 
f 1127//1652 1128//1652 677//1652 
f 1128//1653 1129//1653 679//1653 
f 679//1654 1129//1654 681//1654 
f 681//1655 1129//1655 702//1655 
f 1129//1656 1130//1656 702//1656 
f 1130//1657 1131//1657 702//1657 
f 702//1658 1131//1658 703//1658 
f 1131//1659 1132//1659 703//1659 
f 703//1660 1132//1660 704//1660 
f 704//1661 1132//1661 705//1661 
f 1132//1662 1133//1662 705//1662 
f 1133//1663 1134//1663 705//1663 
f 705//1664 1134//1664 706//1664 
f 706//1665 1134//1665 707//1665 
f 1134//1666 1135//1666 707//1666 
f 1135//1667 1136//1667 707//1667 
f 707//1668 1136//1668 708//1668 
f 1136//1669 1137//1669 708//1669 
f 708//1670 1137//1670 709//1670 
f 709//1671 1137//1671 710//1671 
f 1137//1672 1138//1672 710//1672 
f 710//1673 1138//1673 711//1673 
f 711//1674 1139//1674 712//1674 
f 1138//1675 1139//1675 711//1675 
f 1139//1676 1140//1676 712//1676 
f 712//1677 1140//1677 713//1677 
f 1140//1678 1141//1678 713//1678 
f 713//1679 1142//1679 714//1679 
f 714//1680 1142//1680 683//1680 
f 1141//1681 1142//1681 713//1681 
f 1142//1682 1143//1682 683//1682 
f 1095//1683 1098//1683 1096//1683 
f 1096//1684 1098//1684 1097//1684 
f 1093//1685 1092//1685 1094//1685 
f 1091//1686 1090//1686 1092//1686 
f 1099//1687 1102//1687 1100//1687 
f 1100//1688 1102//1688 1101//1688 
f 1092//1689 1103//1689 1094//1689 
f 1099//1690 1103//1690 1102//1690 
f 1094//1691 1103//1691 1095//1691 
f 1098//1692 1103//1692 1099//1692 
f 1095//1693 1103//1693 1098//1693 
f 1103//1694 1106//1694 1104//1694 
f 1104//1695 1106//1695 1105//1695 
f 1084//1696 1083//1696 1085//1696 
f 1106//1697 1108//1697 1107//1697 
f 1085//1698 1082//1698 1086//1698 
f 1086//1699 1082//1699 1087//1699 
f 1087//1700 1082//1700 1088//1700 
f 1083//1701 1082//1701 1085//1701 
f 1108//1702 1111//1702 1109//1702 
f 1109//1703 1111//1703 1110//1703 
f 1111//1704 1113//1704 1112//1704 
f 1078//1705 1077//1705 1079//1705 
f 1114//1706 1116//1706 1115//1706 
f 1075//1707 1074//1707 1076//1707 
f 1111//1708 1117//1708 1113//1708 
f 1113//1709 1117//1709 1114//1709 
f 1114//1710 1117//1710 1116//1710 
f 1117//1711 1119//1711 1118//1711 
f 1072//1712 1071//1712 1073//1712 
f 1073//1713 1071//1713 1074//1713 
f 1076//1714 1071//1714 1077//1714 
f 1074//1715 1071//1715 1076//1715 
f 1119//1716 1122//1716 1120//1716 
f 1120//1717 1122//1717 1121//1717 
f 1119//1718 1123//1718 1122//1718 
f 1067//1719 277//1719 1068//1719 
f 1068//1720 277//1720 1069//1720 
f 1069//1721 277//1721 1070//1721 
f 1070//1722 277//1722 1071//1722 
f 1079//1723 277//1723 1080//1723 
f 1071//1724 277//1724 1077//1724 
f 1077//1725 277//1725 1079//1725 
f 1123//1726 1126//1726 1124//1726 
f 1124//1727 1126//1727 1125//1727 
f 1123//1728 1127//1728 1126//1728 
f 1117//1729 1127//1729 1119//1729 
f 1119//1730 1127//1730 1123//1730 
f 1117//1731 1131//1731 1127//1731 
f 1127//1732 1131//1732 1128//1732 
f 1128//1733 1131//1733 1129//1733 
f 1129//1734 1131//1734 1130//1734 
f 1103//1735 1134//1735 1106//1735 
f 1117//1736 1134//1736 1131//1736 
f 1106//1737 1134//1737 1108//1737 
f 1108//1738 1134//1738 1111//1738 
f 1111//1739 1134//1739 1117//1739 
f 1131//1740 1134//1740 1132//1740 
f 1132//1741 1134//1741 1133//1741 
f 1134//1742 1136//1742 1135//1742 
f 1134//1743 1139//1743 1136//1743 
f 1136//1744 1139//1744 1137//1744 
f 1137//1745 1139//1745 1138//1745 
f 1090//1746 1140//1746 1092//1746 
f 1092//1747 1140//1747 1103//1747 
f 1088//1748 1140//1748 1089//1748 
f 1089//1749 1140//1749 1090//1749 
f 1134//1750 1140//1750 1139//1750 
f 1103//1751 1140//1751 1134//1751 
f 1141//1752 1143//1752 1142//1752 
f 1144//1753 1145//1753 1146//1753 
f 1145//1754 1147//1754 1148//1754 
f 1148//1755 1147//1755 1149//1755 
f 1149//1756 1147//1756 1150//1756 
f 1145//1757 1151//1757 1147//1757 
f 1147//1758 1151//1758 1152//1758 
f 1151//1759 1153//1759 1154//1759 
f 277//1760 282//1760 1080//1760 
f 1080//1761 282//1761 1081//1761 
f 1081//1762 282//1762 1082//1762 
f 1082//1763 282//1763 1088//1763 
f 1088//1764 282//1764 1140//1764 
f 1141//1765 282//1765 1143//1765 
f 1145//1766 282//1766 1151//1766 
f 1144//1767 282//1767 1145//1767 
f 1151//1768 282//1768 1153//1768 
f 1140//1769 282//1769 1141//1769 
f 1143//1770 282//1770 1144//1770 
f 1153//1771 282//1771 1155//1771 
f 1155//1772 282//1772 1156//1772 
f 1143//1773 1144//1773 683//1773 
f 683//1774 1144//1774 682//1774 
f 682//1775 1146//1775 684//1775 
f 1144//1776 1146//1776 682//1776 
f 684//1777 1145//1777 685//1777 
f 1146//1778 1145//1778 684//1778 
f 685//1779 1148//1779 686//1779 
f 1145//1780 1148//1780 685//1780 
f 686//1781 1149//1781 687//1781 
f 1148//1782 1149//1782 686//1782 
f 687//1783 1150//1783 688//1783 
f 1149//1784 1150//1784 687//1784 
f 688//1785 1147//1785 689//1785 
f 1150//1786 1147//1786 688//1786 
f 689//1787 1152//1787 690//1787 
f 1147//1788 1152//1788 689//1788 
f 690//1789 1151//1789 691//1789 
f 1152//1790 1151//1790 690//1790 
f 691//1791 1154//1791 692//1791 
f 1151//1792 1154//1792 691//1792 
f 692//1793 1153//1793 693//1793 
f 1154//1794 1153//1794 692//1794 
f 693//1795 1155//1795 694//1795 
f 1153//1796 1155//1796 693//1796 
f 694//1797 1156//1797 695//1797 
f 1155//1798 1156//1798 694//1798 
f 695//1799 282//1799 281//1799 
f 1156//1800 282//1800 695//1800 
f 1157//1801 1158//1801 377//1801 
f 377//1802 1158//1802 380//1802 
f 380//1803 1159//1803 382//1803 
f 1158//1804 1159//1804 380//1804 
f 382//1805 1160//1805 383//1805 
f 1159//1806 1160//1806 382//1806 
f 383//1807 1161//1807 386//1807 
f 1160//1808 1161//1808 383//1808 
f 386//1809 1162//1809 387//1809 
f 1161//1810 1162//1810 386//1810 
f 387//1811 1163//1811 389//1811 
f 1162//1812 1163//1812 387//1812 
f 389//1813 1164//1813 392//1813 
f 1163//1814 1164//1814 389//1814 
f 392//1815 1165//1815 394//1815 
f 1164//1816 1165//1816 392//1816 
f 394//1817 1166//1817 396//1817 
f 396//1818 1166//1818 397//1818 
f 1165//1819 1166//1819 394//1819 
f 1166//1820 1167//1820 397//1820 
f 1167//1821 1168//1821 397//1821 
f 397//1822 1168//1822 400//1822 
f 1168//1823 1169//1823 400//1823 
f 400//1824 1169//1824 401//1824 
f 401//1825 1169//1825 404//1825 
f 1169//1826 1170//1826 404//1826 
f 1170//1827 1171//1827 404//1827 
f 404//1828 1171//1828 405//1828 
f 1171//1829 1172//1829 405//1829 
f 405//1830 1172//1830 407//1830 
f 407//1831 1172//1831 432//1831 
f 1172//1832 1173//1832 432//1832 
f 1173//1833 1174//1833 432//1833 
f 432//1834 1174//1834 435//1834 
f 1174//1835 1175//1835 435//1835 
f 435//1836 1175//1836 438//1836 
f 1175//1837 1176//1837 438//1837 
f 438//1838 1176//1838 441//1838 
f 1176//1839 1177//1839 441//1839 
f 441//1840 1177//1840 444//1840 
f 1177//1841 1178//1841 444//1841 
f 444//1842 1178//1842 551//1842 
f 551//1843 1178//1843 548//1843 
f 1178//1844 1179//1844 548//1844 
f 548//1845 1180//1845 545//1845 
f 1179//1846 1180//1846 548//1846 
f 545//1847 1180//1847 542//1847 
f 1180//1848 1181//1848 542//1848 
f 542//1849 1182//1849 539//1849 
f 539//1850 1182//1850 536//1850 
f 1181//1851 1182//1851 542//1851 
f 1182//1852 1183//1852 536//1852 
f 536//1853 1184//1853 533//1853 
f 1183//1854 1184//1854 536//1854 
f 533//1855 1185//1855 530//1855 
f 530//1856 1185//1856 527//1856 
f 1184//1857 1185//1857 533//1857 
f 1185//1858 1186//1858 527//1858 
f 527//1859 1187//1859 524//1859 
f 1186//1860 1187//1860 527//1860 
f 524//1861 1188//1861 521//1861 
f 1187//1862 1188//1862 524//1862 
f 521//1863 1189//1863 518//1863 
f 518//1864 1189//1864 515//1864 
f 1188//1865 1189//1865 521//1865 
f 1189//1866 1190//1866 515//1866 
f 515//1867 1191//1867 512//1867 
f 1190//1868 1191//1868 515//1868 
f 512//1869 1192//1869 509//1869 
f 1191//1870 1192//1870 512//1870 
f 509//1871 1193//1871 492//1871 
f 1192//1872 1193//1872 509//1872 
f 1193//1873 1194//1873 492//1873 
f 492//1874 1194//1874 490//1874 
f 490//1875 1194//1875 488//1875 
f 1194//1876 1195//1876 488//1876 
f 1195//1877 1196//1877 488//1877 
f 488//1878 1196//1878 486//1878 
f 486//1879 1196//1879 484//1879 
f 1196//1880 1197//1880 484//1880 
f 1197//1881 1198//1881 484//1881 
f 484//1882 1198//1882 482//1882 
f 1198//1883 1199//1883 482//1883 
f 482//1884 1199//1884 480//1884 
f 480//1885 1199//1885 478//1885 
f 1199//1886 1200//1886 478//1886 
f 1200//1887 1201//1887 478//1887 
f 478//1888 1201//1888 476//1888 
f 1201//1889 1202//1889 476//1889 
f 476//1890 1202//1890 473//1890 
f 1202//1891 1203//1891 473//1891 
f 473//1892 1203//1892 469//1892 
f 1203//1893 1204//1893 469//1893 
f 469//1894 1204//1894 467//1894 
f 1204//1895 1205//1895 467//1895 
f 467//1896 1205//1896 465//1896 
f 1205//1897 1206//1897 465//1897 
f 465//1898 1206//1898 470//1898 
f 470//1899 1206//1899 500//1899 
f 1206//1900 1207//1900 500//1900 
f 1207//1901 1208//1901 500//1901 
f 500//1902 1208//1902 502//1902 
f 502//1903 1208//1903 503//1903 
f 1208//1904 1209//1904 503//1904 
f 503//1905 1209//1905 504//1905 
f 1209//1906 1210//1906 504//1906 
f 1210//1907 1211//1907 504//1907 
f 504//1908 1211//1908 505//1908 
f 1211//1909 1212//1909 505//1909 
f 505//1910 1212//1910 506//1910 
f 1212//1911 1213//1911 506//1911 
f 506//1912 1213//1912 328//1912 
f 1213//1913 1214//1913 328//1913 
f 328//1914 1214//1914 326//1914 
f 326//1915 1214//1915 324//1915 
f 1214//1916 1215//1916 324//1916 
f 324//1917 1216//1917 322//1917 
f 1215//1918 1216//1918 324//1918 
f 322//1919 1217//1919 320//1919 
f 1216//1920 1217//1920 322//1920 
f 320//1921 1218//1921 318//1921 
f 1217//1922 1218//1922 320//1922 
f 1218//1923 1219//1923 318//1923 
f 318//1924 1219//1924 316//1924 
f 1219//1925 1220//1925 316//1925 
f 316//1926 1220//1926 314//1926 
f 314//1927 1220//1927 312//1927 
f 1220//1928 1221//1928 312//1928 
f 1221//1929 1222//1929 312//1929 
f 312//1930 1222//1930 310//1930 
f 310//1931 1222//1931 308//1931 
f 1222//1932 1223//1932 308//1932 
f 1223//1933 1224//1933 308//1933 
f 308//1934 1224//1934 306//1934 
f 1224//1935 1225//1935 306//1935 
f 306//1936 1225//1936 304//1936 
f 304//1937 1225//1937 302//1937 
f 1225//1938 1226//1938 302//1938 
f 1226//1939 1227//1939 302//1939 
f 302//1940 1227//1940 300//1940 
f 1227//1941 1228//1941 300//1941 
f 300//1942 1228//1942 298//1942 
f 1228//1943 1229//1943 298//1943 
f 298//1944 1229//1944 296//1944 
f 296//1945 1229//1945 294//1945 
f 1229//1946 1230//1946 294//1946 
f 294//1947 1230//1947 292//1947 
f 1230//1948 1231//1948 292//1948 
f 292//1949 1232//1949 290//1949 
f 1231//1950 1232//1950 292//1950 
f 290//1951 1233//1951 288//1951 
f 1232//1952 1233//1952 290//1952 
f 288//1953 1234//1953 286//1953 
f 1233//1954 1234//1954 288//1954 
f 286//1955 1235//1955 283//1955 
f 283//1956 1235//1956 284//1956 
f 1234//1957 1235//1957 286//1957 
f 284//1958 1236//1958 285//1958 
f 1235//1959 1236//1959 284//1959 
f 1236//1960 1237//1960 285//1960 
f 285//1961 1238//1961 287//1961 
f 1237//1962 1238//1962 285//1962 
f 287//1963 1239//1963 289//1963 
f 1238//1964 1239//1964 287//1964 
f 289//1965 1240//1965 291//1965 
f 1239//1966 1240//1966 289//1966 
f 291//1967 1241//1967 293//1967 
f 1240//1968 1241//1968 291//1968 
f 293//1969 1242//1969 295//1969 
f 295//1970 1242//1970 297//1970 
f 1241//1971 1242//1971 293//1971 
f 1242//1972 1243//1972 297//1972 
f 297//1973 1244//1973 299//1973 
f 1243//1974 1244//1974 297//1974 
f 1244//1975 1245//1975 299//1975 
f 299//1976 1245//1976 301//1976 
f 1245//1977 1246//1977 301//1977 
f 301//1978 1246//1978 303//1978 
f 1246//1979 1247//1979 303//1979 
f 303//1980 1247//1980 305//1980 
f 1247//1981 1248//1981 305//1981 
f 305//1982 1248//1982 307//1982 
f 307//1983 1248//1983 309//1983 
f 1248//1984 1249//1984 309//1984 
f 309//1985 1250//1985 311//1985 
f 1249//1986 1250//1986 309//1986 
f 311//1987 1251//1987 313//1987 
f 1250//1988 1251//1988 311//1988 
f 313//1989 1252//1989 315//1989 
f 1251//1990 1252//1990 313//1990 
f 315//1991 1253//1991 317//1991 
f 1252//1992 1253//1992 315//1992 
f 317//1993 1254//1993 319//1993 
f 1253//1994 1254//1994 317//1994 
f 319//1995 1255//1995 321//1995 
f 1254//1996 1255//1996 319//1996 
f 321//1997 1256//1997 323//1997 
f 1255//1998 1256//1998 321//1998 
f 323//1999 1257//1999 325//1999 
f 1256//2000 1257//2000 323//2000 
f 325//2001 1258//2001 327//2001 
f 1257//2002 1258//2002 325//2002 
f 327//2003 1259//2003 329//2003 
f 1258//2004 1259//2004 327//2004 
f 329//2005 1260//2005 359//2005 
f 1259//2006 1260//2006 329//2006 
f 359//2007 1261//2007 355//2007 
f 1260//2008 1261//2008 359//2008 
f 355//2009 1262//2009 351//2009 
f 1261//2010 1262//2010 355//2010 
f 351//2011 1263//2011 347//2011 
f 347//2012 1263//2012 340//2012 
f 1262//2013 1263//2013 351//2013 
f 1263//2014 1264//2014 340//2014 
f 340//2015 1265//2015 338//2015 
f 338//2016 1265//2016 335//2016 
f 1264//2017 1265//2017 340//2017 
f 1265//2018 1266//2018 335//2018 
f 335//2019 1266//2019 330//2019 
f 1266//2020 1267//2020 330//2020 
f 330//2021 1268//2021 333//2021 
f 1267//2022 1268//2022 330//2022 
f 1268//2023 1269//2023 333//2023 
f 333//2024 1269//2024 337//2024 
f 337//2025 1269//2025 342//2025 
f 1269//2026 1270//2026 342//2026 
f 342//2027 1271//2027 345//2027 
f 345//2028 1271//2028 348//2028 
f 1270//2029 1271//2029 342//2029 
f 1271//2030 1272//2030 348//2030 
f 348//2031 1272//2031 352//2031 
f 1272//2032 1273//2032 352//2032 
f 1273//2033 1274//2033 352//2033 
f 352//2034 1274//2034 356//2034 
f 356//2035 1274//2035 360//2035 
f 1274//2036 1275//2036 360//2036 
f 1275//2037 1276//2037 360//2037 
f 360//2038 1276//2038 363//2038 
f 363//2039 1276//2039 365//2039 
f 1276//2040 1277//2040 365//2040 
f 1277//2041 1278//2041 365//2041 
f 365//2042 1278//2042 367//2042 
f 1278//2043 1279//2043 367//2043 
f 367//2044 1279//2044 369//2044 
f 1279//2045 1280//2045 369//2045 
f 369//2046 1280//2046 371//2046 
f 1280//2047 1281//2047 371//2047 
f 371//2048 1281//2048 373//2048 
f 373//2049 1281//2049 375//2049 
f 1281//2050 1282//2050 375//2050 
f 375//2051 1157//2051 377//2051 
f 1282//2052 1157//2052 375//2052 
f 1283//2053 1284//2053 457//2053 
f 457//2054 1284//2054 458//2054 
f 458//2055 1285//2055 459//2055 
f 1284//2056 1285//2056 458//2056 
f 459//2057 1286//2057 460//2057 
f 1285//2058 1286//2058 459//2058 
f 460//2059 1287//2059 461//2059 
f 1286//2060 1287//2060 460//2060 
f 461//2061 1288//2061 462//2061 
f 1287//2062 1288//2062 461//2062 
f 462//2063 1289//2063 463//2063 
f 1288//2064 1289//2064 462//2064 
f 463//2065 1290//2065 464//2065 
f 1289//2066 1290//2066 463//2066 
f 464//2067 1291//2067 696//2067 
f 1290//2068 1291//2068 464//2068 
f 696//2069 1292//2069 697//2069 
f 697//2070 1292//2070 698//2070 
f 1291//2071 1292//2071 696//2071 
f 1292//2072 1293//2072 698//2072 
f 1293//2073 1294//2073 698//2073 
f 698//2074 1294//2074 699//2074 
f 1294//2075 1295//2075 699//2075 
f 699//2076 1295//2076 700//2076 
f 700//2077 1295//2077 701//2077 
f 1295//2078 1296//2078 701//2078 
f 1296//2079 1297//2079 701//2079 
f 701//2080 1297//2080 680//2080 
f 1297//2081 1298//2081 680//2081 
f 680//2082 1298//2082 678//2082 
f 678//2083 1298//2083 676//2083 
f 1298//2084 1299//2084 676//2084 
f 1299//2085 1300//2085 676//2085 
f 676//2086 1300//2086 674//2086 
f 1300//2087 1301//2087 674//2087 
f 674//2088 1301//2088 672//2088 
f 1301//2089 1302//2089 672//2089 
f 672//2090 1302//2090 668//2090 
f 1302//2091 1303//2091 668//2091 
f 668//2092 1303//2092 664//2092 
f 1303//2093 1304//2093 664//2093 
f 664//2094 1304//2094 660//2094 
f 660//2095 1304//2095 656//2095 
f 1304//2096 1305//2096 656//2096 
f 656//2097 1306//2097 652//2097 
f 1305//2098 1306//2098 656//2098 
f 652//2099 1306//2099 648//2099 
f 1306//2100 1307//2100 648//2100 
f 648//2101 1308//2101 644//2101 
f 644//2102 1308//2102 640//2102 
f 1307//2103 1308//2103 648//2103 
f 1308//2104 1309//2104 640//2104 
f 640//2105 1310//2105 636//2105 
f 1309//2106 1310//2106 640//2106 
f 636//2107 1311//2107 632//2107 
f 632//2108 1311//2108 628//2108 
f 1310//2109 1311//2109 636//2109 
f 1311//2110 1312//2110 628//2110 
f 628//2111 1313//2111 624//2111 
f 1312//2112 1313//2112 628//2112 
f 624//2113 1314//2113 620//2113 
f 1313//2114 1314//2114 624//2114 
f 620//2115 1315//2115 616//2115 
f 616//2116 1315//2116 612//2116 
f 1314//2117 1315//2117 620//2117 
f 1315//2118 1316//2118 612//2118 
f 612//2119 1317//2119 608//2119 
f 1316//2120 1317//2120 612//2120 
f 608//2121 1318//2121 604//2121 
f 1317//2122 1318//2122 608//2122 
f 604//2123 1319//2123 600//2123 
f 1318//2124 1319//2124 604//2124 
f 1319//2125 1320//2125 600//2125 
f 600//2126 1320//2126 596//2126 
f 596//2127 1320//2127 592//2127 
f 1320//2128 1321//2128 592//2128 
f 1321//2129 1322//2129 592//2129 
f 592//2130 1322//2130 588//2130 
f 588//2131 1322//2131 584//2131 
f 1322//2132 1323//2132 584//2132 
f 1323//2133 1324//2133 584//2133 
f 584//2134 1324//2134 580//2134 
f 1324//2135 1325//2135 580//2135 
f 580//2136 1325//2136 576//2136 
f 576//2137 1325//2137 445//2137 
f 1325//2138 1326//2138 445//2138 
f 1326//2139 1327//2139 445//2139 
f 445//2140 1327//2140 442//2140 
f 1327//2141 1328//2141 442//2141 
f 442//2142 1328//2142 439//2142 
f 1328//2143 1329//2143 439//2143 
f 439//2144 1329//2144 436//2144 
f 1329//2145 1330//2145 436//2145 
f 436//2146 1330//2146 433//2146 
f 1330//2147 1331//2147 433//2147 
f 433//2148 1331//2148 408//2148 
f 1331//2149 1332//2149 408//2149 
f 408//2150 1332//2150 406//2150 
f 406//2151 1332//2151 403//2151 
f 1332//2152 1333//2152 403//2152 
f 1333//2153 1334//2153 403//2153 
f 403//2154 1334//2154 402//2154 
f 402//2155 1334//2155 399//2155 
f 1334//2156 1335//2156 399//2156 
f 399//2157 1335//2157 398//2157 
f 1335//2158 1336//2158 398//2158 
f 1336//2159 1337//2159 398//2159 
f 398//2160 1337//2160 395//2160 
f 1337//2161 1338//2161 395//2161 
f 395//2162 1338//2162 393//2162 
f 1338//2163 1339//2163 393//2163 
f 393//2164 1339//2164 391//2164 
f 1339//2165 1340//2165 391//2165 
f 391//2166 1340//2166 390//2166 
f 390//2167 1340//2167 388//2167 
f 1340//2168 1341//2168 388//2168 
f 388//2169 1342//2169 385//2169 
f 1341//2170 1342//2170 388//2170 
f 385//2171 1343//2171 384//2171 
f 1342//2172 1343//2172 385//2172 
f 384//2173 1344//2173 381//2173 
f 1343//2174 1344//2174 384//2174 
f 1344//2175 1345//2175 381//2175 
f 381//2176 1345//2176 379//2176 
f 1345//2177 1346//2177 379//2177 
f 379//2178 1346//2178 378//2178 
f 378//2179 1346//2179 376//2179 
f 1346//2180 1347//2180 376//2180 
f 1347//2181 1348//2181 376//2181 
f 376//2182 1348//2182 374//2182 
f 374//2183 1348//2183 372//2183 
f 1348//2184 1349//2184 372//2184 
f 1349//2185 1350//2185 372//2185 
f 372//2186 1350//2186 370//2186 
f 1350//2187 1351//2187 370//2187 
f 370//2188 1351//2188 368//2188 
f 368//2189 1351//2189 366//2189 
f 1351//2190 1352//2190 366//2190 
f 1352//2191 1353//2191 366//2191 
f 366//2192 1353//2192 364//2192 
f 1353//2193 1354//2193 364//2193 
f 364//2194 1354//2194 361//2194 
f 1354//2195 1355//2195 361//2195 
f 361//2196 1355//2196 357//2196 
f 357//2197 1355//2197 353//2197 
f 1355//2198 1356//2198 353//2198 
f 353//2199 1356//2199 349//2199 
f 1356//2200 1357//2200 349//2200 
f 349//2201 1358//2201 344//2201 
f 1357//2202 1358//2202 349//2202 
f 344//2203 1359//2203 341//2203 
f 1358//2204 1359//2204 344//2204 
f 341//2205 1360//2205 336//2205 
f 1359//2206 1360//2206 341//2206 
f 336//2207 1361//2207 331//2207 
f 331//2208 1361//2208 332//2208 
f 1360//2209 1361//2209 336//2209 
f 332//2210 1362//2210 334//2210 
f 1361//2211 1362//2211 332//2211 
f 1362//2212 1363//2212 334//2212 
f 334//2213 1364//2213 339//2213 
f 1363//2214 1364//2214 334//2214 
f 339//2215 1365//2215 343//2215 
f 1364//2216 1365//2216 339//2216 
f 343//2217 1366//2217 346//2217 
f 1365//2218 1366//2218 343//2218 
f 346//2219 1367//2219 350//2219 
f 1366//2220 1367//2220 346//2220 
f 350//2221 1368//2221 354//2221 
f 354//2222 1368//2222 358//2222 
f 1367//2223 1368//2223 350//2223 
f 1368//2224 1369//2224 358//2224 
f 358//2225 1370//2225 362//2225 
f 1369//2226 1370//2226 358//2226 
f 1370//2227 1371//2227 362//2227 
f 362//2228 1371//2228 431//2228 
f 1371//2229 1372//2229 431//2229 
f 431//2230 1372//2230 410//2230 
f 1372//2231 1373//2231 410//2231 
f 410//2232 1373//2232 409//2232 
f 1373//2233 1374//2233 409//2233 
f 409//2234 1374//2234 411//2234 
f 411//2235 1374//2235 412//2235 
f 1374//2236 1375//2236 412//2236 
f 412//2237 1376//2237 413//2237 
f 1375//2238 1376//2238 412//2238 
f 413//2239 1377//2239 414//2239 
f 1376//2240 1377//2240 413//2240 
f 414//2241 1378//2241 415//2241 
f 1377//2242 1378//2242 414//2242 
f 415//2243 1379//2243 416//2243 
f 1378//2244 1379//2244 415//2244 
f 416//2245 1380//2245 417//2245 
f 1379//2246 1380//2246 416//2246 
f 417//2247 1381//2247 418//2247 
f 1380//2248 1381//2248 417//2248 
f 418//2249 1382//2249 419//2249 
f 1381//2250 1382//2250 418//2250 
f 419//2251 1383//2251 420//2251 
f 1382//2252 1383//2252 419//2252 
f 420//2253 1384//2253 421//2253 
f 1383//2254 1384//2254 420//2254 
f 421//2255 1385//2255 422//2255 
f 1384//2256 1385//2256 421//2256 
f 422//2257 1386//2257 423//2257 
f 1385//2258 1386//2258 422//2258 
f 423//2259 1387//2259 424//2259 
f 1386//2260 1387//2260 423//2260 
f 424//2261 1388//2261 425//2261 
f 1387//2262 1388//2262 424//2262 
f 425//2263 1389//2263 426//2263 
f 426//2264 1389//2264 427//2264 
f 1388//2265 1389//2265 425//2265 
f 1389//2266 1390//2266 427//2266 
f 427//2267 1391//2267 428//2267 
f 428//2268 1391//2268 429//2268 
f 1390//2269 1391//2269 427//2269 
f 1391//2270 1392//2270 429//2270 
f 429//2271 1392//2271 430//2271 
f 1392//2272 1393//2272 430//2272 
f 430//2273 1394//2273 434//2273 
f 1393//2274 1394//2274 430//2274 
f 1394//2275 1395//2275 434//2275 
f 434//2276 1395//2276 437//2276 
f 437//2277 1395//2277 440//2277 
f 1395//2278 1396//2278 440//2278 
f 440//2279 1397//2279 443//2279 
f 443//2280 1397//2280 446//2280 
f 1396//2281 1397//2281 440//2281 
f 1397//2282 1398//2282 446//2282 
f 446//2283 1398//2283 447//2283 
f 1398//2284 1399//2284 447//2284 
f 1399//2285 1400//2285 447//2285 
f 447//2286 1400//2286 448//2286 
f 448//2287 1400//2287 449//2287 
f 1400//2288 1401//2288 449//2288 
f 1401//2289 1402//2289 449//2289 
f 449//2290 1402//2290 450//2290 
f 450//2291 1402//2291 451//2291 
f 1402//2292 1403//2292 451//2292 
f 1403//2293 1404//2293 451//2293 
f 451//2294 1404//2294 452//2294 
f 1404//2295 1405//2295 452//2295 
f 452//2296 1405//2296 453//2296 
f 1405//2297 1406//2297 453//2297 
f 453//2298 1406//2298 454//2298 
f 1406//2299 1407//2299 454//2299 
f 454//2300 1407//2300 455//2300 
f 455//2301 1407//2301 456//2301 
f 1407//2302 1408//2302 456//2302 
f 456//2303 1283//2303 457//2303 
f 1408//2304 1283//2304 456//2304 
f 1409//2305 1410//2305 1411//2305 
f 1409//2306 1412//2306 1413//2306 
f 1409//2307 1413//2307 1414//2307 
f 1409//2308 1411//2308 1412//2308 
f 1415//2309 1416//2309 1417//2309 
f 1415//2310 1418//2310 1419//2310 
f 1415//2311 1420//2311 1418//2311 
f 1415//2312 1419//2312 1416//2312 
f 1421//2313 1422//2313 1423//2313 
f 1421//2314 1423//2314 1424//2314 
f 1425//2315 1426//2315 1420//2315 
f 1425//2316 1420//2316 1415//2316 
f 1425//2317 1427//2317 1428//2317 
f 1425//2318 1428//2318 1429//2318 
f 1425//2319 1429//2319 1426//2319 
f 1430//2320 1427//2320 1425//2320 
f 1430//2321 1425//2321 1415//2321 
f 1430//2322 1415//2322 1417//2322 
f 1430//2323 1431//2323 1427//2323 
f 1430//2324 1417//2324 1431//2324 
f 1432//2325 1422//2325 1421//2325 
f 1432//2326 1433//2326 1434//2326 
f 776//2327 775//2327 1435//2327 
f 1436//2328 776//2328 1435//2328 
f 777//2329 776//2329 1436//2329 
f 778//2330 777//2330 1436//2330 
f 1432//2331 1434//2331 728//2331 
f 1432//2332 728//2332 729//2332 
f 1432//2333 729//2333 1422//2333 
f 1437//2334 1432//2334 1421//2334 
f 1437//2335 1424//2335 1438//2335 
f 1437//2336 1438//2336 1433//2336 
f 1437//2337 1433//2337 1432//2337 
f 1437//2338 1421//2338 1424//2338 
f 1439//2339 778//2339 1436//2339 
f 744//2340 808//2340 807//2340 
f 744//2341 809//2341 808//2341 
f 744//2342 715//2342 809//2342 
f 1440//2343 1441//2343 1442//2343 
f 1443//2344 1444//2344 1441//2344 
f 1443//2345 1441//2345 1440//2345 
f 1445//2346 1446//2346 1444//2346 
f 1445//2347 1444//2347 1443//2347 
f 1447//2348 1446//2348 1445//2348 
f 1448//2349 720//2349 1449//2349 
f 719//2350 720//2350 1448//2350 
f 1450//2351 719//2351 1448//2351 
f 718//2352 719//2352 1450//2352 
f 716//2353 718//2353 1450//2353 
f 717//2354 716//2354 1450//2354 
f 1451//2355 1452//2355 1453//2355 
f 1454//2356 1455//2356 1456//2356 
f 1454//2357 1453//2357 1455//2357 
f 1454//2358 1451//2358 1453//2358 
f 1457//2359 785//2359 784//2359 
f 1457//2360 786//2360 785//2360 
f 1458//2361 1451//2361 1454//2361 
f 1458//2362 1459//2362 1451//2362 
f 1460//2363 1456//2363 1461//2363 
f 1460//2364 1454//2364 1456//2364 
f 1462//2365 1457//2365 1459//2365 
f 1462//2366 1459//2366 1458//2366 
f 1463//2367 1462//2367 1458//2367 
f 1463//2368 1454//2368 1460//2368 
f 1463//2369 1458//2369 1454//2369 
f 1464//2370 788//2370 787//2370 
f 1464//2371 789//2371 788//2371 
f 1465//2372 1462//2372 1463//2372 
f 1466//2373 1467//2373 1468//2373 
f 1469//2374 792//2374 791//2374 
f 1469//2375 793//2375 792//2375 
f 1470//2376 1462//2376 1465//2376 
f 1470//2377 1471//2377 1462//2377 
f 1472//2378 1473//2378 1474//2378 
f 1475//2379 796//2379 795//2379 
f 1475//2380 797//2380 796//2380 
f 1476//2381 1477//2381 1471//2381 
f 1476//2382 1471//2382 1470//2382 
f 1478//2383 800//2383 799//2383 
f 1478//2384 801//2384 800//2384 
f 1479//2385 802//2385 801//2385 
f 1479//2386 801//2386 1478//2386 
f 1480//2387 1470//2387 1481//2387 
f 1480//2388 1476//2388 1470//2388 
f 1482//2389 741//2389 742//2389 
f 1483//2390 1484//2390 1485//2390 
f 1486//2391 740//2391 741//2391 
f 1486//2392 739//2392 740//2392 
f 1486//2393 741//2393 1482//2393 
f 1487//2394 1484//2394 1483//2394 
f 1488//2395 1480//2395 1481//2395 
f 1488//2396 1481//2396 1489//2396 
f 1490//2397 1484//2397 1487//2397 
f 1490//2398 738//2398 739//2398 
f 1490//2399 1486//2399 1484//2399 
f 1490//2400 739//2400 1486//2400 
f 1491//2401 1492//2401 1493//2401 
f 1491//2402 1494//2402 1492//2402 
f 1495//2403 1496//2403 1494//2403 
f 1495//2404 1497//2404 1496//2404 
f 1498//2405 1480//2405 1488//2405 
f 1498//2406 1499//2406 1480//2406 
f 1500//2407 1491//2407 1493//2407 
f 1500//2408 1493//2408 1501//2408 
f 1502//2409 735//2409 736//2409 
f 1503//2410 1504//2410 1505//2410 
f 1506//2411 1507//2411 1508//2411 
f 1506//2412 1509//2412 1507//2412 
f 1506//2413 1510//2413 1509//2413 
f 1511//2414 732//2414 733//2414 
f 1412//2415 1512//2415 1513//2415 
f 1514//2416 1515//2416 1516//2416 
f 1514//2417 1517//2417 1515//2417 
f 1518//2418 1412//2418 1513//2418 
f 1519//2419 1520//2419 1521//2419 
f 1519//2420 1522//2420 1520//2420 
f 1523//2421 1518//2421 1524//2421 
f 1523//2422 1525//2422 1518//2422 
f 1526//2423 1523//2423 1524//2423 
f 1526//2424 1524//2424 1420//2424 
f 1429//2425 1527//2425 1528//2425 
f 1529//2426 1439//2426 1452//2426 
f 1529//2427 778//2427 1439//2427 
f 1529//2428 779//2428 778//2428 
f 1530//2429 1452//2429 1451//2429 
f 1530//2430 779//2430 1529//2430 
f 1530//2431 1529//2431 1452//2431 
f 1530//2432 780//2432 779//2432 
f 1531//2433 780//2433 1530//2433 
f 1531//2434 1530//2434 1451//2434 
f 1531//2435 781//2435 780//2435 
f 1532//2436 1531//2436 1451//2436 
f 1532//2437 781//2437 1531//2437 
f 1533//2438 782//2438 781//2438 
f 1533//2439 781//2439 1532//2439 
f 1533//2440 1532//2440 1451//2440 
f 1533//2441 1451//2441 1459//2441 
f 1534//2442 783//2442 782//2442 
f 1534//2443 784//2443 783//2443 
f 1534//2444 782//2444 1533//2444 
f 1534//2445 1533//2445 1459//2445 
f 1534//2446 1459//2446 1457//2446 
f 1534//2447 1457//2447 784//2447 
f 1535//2448 1461//2448 1536//2448 
f 1535//2449 1460//2449 1461//2449 
f 1535//2450 1463//2450 1460//2450 
f 1537//2451 787//2451 786//2451 
f 1537//2452 1457//2452 1462//2452 
f 1537//2453 786//2453 1457//2453 
f 1537//2454 1462//2454 1471//2454 
f 1537//2455 1464//2455 787//2455 
f 1537//2456 1471//2456 1464//2456 
f 1538//2457 1536//2457 1467//2457 
f 1538//2458 1467//2458 1466//2458 
f 1538//2459 1535//2459 1536//2459 
f 1539//2460 790//2460 789//2460 
f 1539//2461 789//2461 1464//2461 
f 1539//2462 1464//2462 1471//2462 
f 1540//2463 1465//2463 1463//2463 
f 1540//2464 1541//2464 1542//2464 
f 1543//2465 1538//2465 1466//2465 
f 1544//2466 791//2466 790//2466 
f 1544//2467 790//2467 1539//2467 
f 1544//2468 1471//2468 1477//2468 
f 1544//2469 1469//2469 791//2469 
f 1544//2470 1539//2470 1471//2470 
f 1545//2471 1468//2471 1546//2471 
f 1545//2472 1466//2472 1468//2472 
f 1545//2473 1543//2473 1466//2473 
f 1545//2474 1541//2474 1543//2474 
f 1547//2475 1544//2475 1477//2475 
f 1547//2476 1469//2476 1544//2476 
f 1548//2477 1542//2477 1481//2477 
f 1548//2478 1481//2478 1470//2478 
f 1548//2479 1465//2479 1540//2479 
f 1548//2480 1540//2480 1542//2480 
f 1548//2481 1470//2481 1465//2481 
f 1549//2482 794//2482 793//2482 
f 1549//2483 793//2483 1469//2483 
f 1549//2484 1547//2484 1477//2484 
f 1549//2485 1469//2485 1547//2485 
f 1550//2486 1546//2486 1473//2486 
f 1550//2487 1545//2487 1546//2487 
f 1551//2488 1550//2488 1473//2488 
f 1551//2489 1552//2489 1550//2489 
f 1551//2490 1473//2490 1472//2490 
f 1553//2491 795//2491 794//2491 
f 1553//2492 794//2492 1549//2492 
f 1553//2493 1554//2493 1475//2493 
f 1553//2494 1475//2494 795//2494 
f 1555//2495 1551//2495 1472//2495 
f 1555//2496 1552//2496 1551//2496 
f 1556//2497 1474//2497 1557//2497 
f 1556//2498 1472//2498 1474//2498 
f 1556//2499 1552//2499 1555//2499 
f 1556//2500 1555//2500 1472//2500 
f 1558//2501 1553//2501 1549//2501 
f 1558//2502 1549//2502 1477//2502 
f 1558//2503 1477//2503 1476//2503 
f 1558//2504 1559//2504 1554//2504 
f 1558//2505 1554//2505 1553//2505 
f 1560//2506 1561//2506 1562//2506 
f 1563//2507 1489//2507 1481//2507 
f 1563//2508 1481//2508 1542//2508 
f 1564//2509 1485//2509 1478//2509 
f 1564//2510 1475//2510 1554//2510 
f 1565//2511 1489//2511 1563//2511 
f 1566//2512 1567//2512 1568//2512 
f 1569//2513 1476//2513 1480//2513 
f 1569//2514 1558//2514 1476//2514 
f 1569//2515 1559//2515 1558//2515 
f 1569//2516 1480//2516 1499//2516 
f 1570//2517 1564//2517 1554//2517 
f 1570//2518 1554//2518 1559//2518 
f 1570//2519 1483//2519 1485//2519 
f 1570//2520 1485//2520 1564//2520 
f 1571//2521 1572//2521 1573//2521 
f 1571//2522 1573//2522 1574//2522 
f 1575//2523 803//2523 802//2523 
f 1575//2524 804//2524 803//2524 
f 1575//2525 802//2525 1479//2525 
f 1575//2526 1479//2526 1482//2526 
f 1576//2527 1478//2527 1485//2527 
f 1576//2528 1485//2528 1484//2528 
f 1576//2529 1479//2529 1478//2529 
f 1577//2530 804//2530 1575//2530 
f 1577//2531 1575//2531 1482//2531 
f 1578//2532 804//2532 1577//2532 
f 1578//2533 805//2533 804//2533 
f 1578//2534 1577//2534 1482//2534 
f 1579//2535 1580//2535 1566//2535 
f 1579//2536 1492//2536 1580//2536 
f 1581//2537 744//2537 807//2537 
f 1581//2538 806//2538 805//2538 
f 1581//2539 807//2539 806//2539 
f 1581//2540 743//2540 744//2540 
f 1582//2541 1494//2541 1496//2541 
f 1582//2542 1580//2542 1492//2542 
f 1582//2543 1492//2543 1494//2543 
f 1583//2544 805//2544 1578//2544 
f 1583//2545 1482//2545 742//2545 
f 1583//2546 1578//2546 1482//2546 
f 1583//2547 1581//2547 805//2547 
f 1583//2548 743//2548 1581//2548 
f 1583//2549 742//2549 743//2549 
f 1584//2550 1489//2550 1565//2550 
f 1584//2551 1585//2551 1496//2551 
f 1584//2552 1496//2552 1497//2552 
f 1584//2553 1497//2553 1489//2553 
f 1586//2554 1573//2554 1587//2554 
f 1586//2555 1574//2555 1573//2555 
f 1588//2556 1492//2556 1579//2556 
f 1589//2557 1576//2557 1484//2557 
f 1589//2558 1479//2558 1576//2558 
f 1589//2559 1484//2559 1486//2559 
f 1589//2560 1486//2560 1482//2560 
f 1589//2561 1482//2561 1479//2561 
f 1590//2562 1586//2562 1587//2562 
f 1590//2563 1591//2563 1586//2563 
f 1592//2564 1587//2564 1593//2564 
f 1592//2565 1590//2565 1587//2565 
f 1592//2566 1591//2566 1590//2566 
f 1594//2567 1493//2567 1492//2567 
f 1594//2568 1492//2568 1588//2568 
f 1595//2569 1569//2569 1499//2569 
f 1595//2570 1559//2570 1569//2570 
f 1595//2571 1570//2571 1559//2571 
f 1595//2572 1483//2572 1570//2572 
f 1595//2573 1499//2573 1596//2573 
f 1597//2574 1593//2574 1598//2574 
f 1597//2575 1592//2575 1593//2575 
f 1599//2576 1493//2576 1594//2576 
f 1600//2577 1597//2577 1598//2577 
f 1600//2578 1601//2578 1597//2578 
f 1602//2579 1598//2579 1603//2579 
f 1602//2580 1600//2580 1598//2580 
f 1602//2581 1601//2581 1600//2581 
f 1604//2582 1601//2582 1501//2582 
f 1604//2583 1501//2583 1493//2583 
f 1604//2584 1493//2584 1599//2584 
f 1605//2585 1603//2585 1606//2585 
f 1605//2586 1602//2586 1603//2586 
f 1607//2587 1596//2587 1608//2587 
f 1607//2588 1487//2588 1483//2588 
f 1607//2589 1595//2589 1596//2589 
f 1607//2590 1483//2590 1595//2590 
f 1609//2591 1605//2591 1606//2591 
f 1609//2592 1610//2592 1605//2592 
f 1611//2593 1610//2593 1609//2593 
f 1611//2594 1612//2594 1446//2594 
f 1611//2595 1606//2595 1612//2595 
f 1611//2596 1609//2596 1606//2596 
f 1613//2597 737//2597 738//2597 
f 1613//2598 1490//2598 1487//2598 
f 1613//2599 738//2599 1490//2599 
f 1614//2600 1501//2600 1601//2600 
f 1614//2601 1610//2601 1615//2601 
f 1616//2602 1617//2602 1488//2602 
f 1616//2603 1488//2603 1489//2603 
f 1616//2604 1489//2604 1497//2604 
f 1618//2605 1596//2605 1499//2605 
f 1618//2606 1499//2606 1498//2606 
f 1619//2607 1501//2607 1614//2607 
f 1619//2608 1614//2608 1615//2608 
f 1620//2609 1497//2609 1495//2609 
f 1620//2610 1617//2610 1616//2610 
f 1620//2611 1616//2611 1497//2611 
f 1620//2612 1621//2612 1617//2612 
f 1622//2613 1498//2613 1488//2613 
f 1622//2614 1488//2614 1617//2614 
f 1623//2615 1624//2615 1625//2615 
f 1623//2616 1447//2616 1624//2616 
f 1623//2617 1446//2617 1447//2617 
f 1623//2618 1611//2618 1446//2618 
f 1623//2619 1610//2619 1611//2619 
f 1626//2620 1610//2620 1623//2620 
f 1626//2621 1623//2621 1625//2621 
f 1626//2622 1625//2622 1627//2622 
f 1628//2623 1495//2623 1494//2623 
f 1628//2624 1494//2624 1491//2624 
f 1629//2625 1500//2625 1501//2625 
f 1629//2626 1619//2626 1615//2626 
f 1629//2627 1615//2627 1503//2627 
f 1629//2628 1501//2628 1619//2628 
f 1630//2629 1610//2629 1626//2629 
f 1630//2630 1626//2630 1627//2630 
f 1630//2631 1615//2631 1610//2631 
f 1631//2632 737//2632 1613//2632 
f 1631//2633 736//2633 737//2633 
f 1632//2634 1628//2634 1491//2634 
f 1632//2635 1633//2635 1628//2635 
f 1632//2636 1491//2636 1500//2636 
f 1634//2637 1621//2637 1620//2637 
f 1634//2638 1620//2638 1495//2638 
f 1635//2639 1502//2639 736//2639 
f 1635//2640 736//2640 1631//2640 
f 1636//2641 1502//2641 1635//2641 
f 1636//2642 1635//2642 1608//2642 
f 1637//2643 1500//2643 1629//2643 
f 1637//2644 1629//2644 1503//2644 
f 1638//2645 1618//2645 1498//2645 
f 1639//2646 1615//2646 1630//2646 
f 1639//2647 1630//2647 1627//2647 
f 1639//2648 1627//2648 1640//2648 
f 1641//2649 1615//2649 1639//2649 
f 1641//2650 1640//2650 1642//2650 
f 1641//2651 1639//2651 1640//2651 
f 1643//2652 1503//2652 1615//2652 
f 1643//2653 1615//2653 1641//2653 
f 1643//2654 1504//2654 1503//2654 
f 1643//2655 1642//2655 1504//2655 
f 1643//2656 1641//2656 1642//2656 
f 1644//2657 1495//2657 1628//2657 
f 1644//2658 1634//2658 1495//2658 
f 1645//2659 1633//2659 1632//2659 
f 1646//2660 735//2660 1502//2660 
f 1646//2661 1502//2661 1636//2661 
f 1646//2662 734//2662 735//2662 
f 1647//2663 1622//2663 1617//2663 
f 1647//2664 1617//2664 1621//2664 
f 1647//2665 1512//2665 1622//2665 
f 1647//2666 1513//2666 1512//2666 
f 1648//2667 1638//2667 1498//2667 
f 1648//2668 1498//2668 1622//2668 
f 1648//2669 1622//2669 1512//2669 
f 1648//2670 1512//2670 1412//2670 
f 1649//2671 1621//2671 1634//2671 
f 1649//2672 1634//2672 1644//2672 
f 1650//2673 1633//2673 1645//2673 
f 1651//2674 1647//2674 1621//2674 
f 1651//2675 1513//2675 1647//2675 
f 1652//2676 734//2676 1646//2676 
f 1652//2677 733//2677 734//2677 
f 1411//2678 1653//2678 1638//2678 
f 1411//2679 1638//2679 1648//2679 
f 1411//2680 1648//2680 1412//2680 
f 1654//2681 733//2681 1652//2681 
f 1654//2682 1511//2682 733//2682 
f 1655//2683 1621//2683 1649//2683 
f 1655//2684 1651//2684 1621//2684 
f 1656//2685 1511//2685 1654//2685 
f 1657//2686 1506//2686 1508//2686 
f 1657//2687 1658//2687 1506//2687 
f 1659//2688 1508//2688 1660//2688 
f 1659//2689 1657//2689 1508//2689 
f 1661//2690 1511//2690 1656//2690 
f 1661//2691 1656//2691 1662//2691 
f 1661//2692 732//2692 1511//2692 
f 1661//2693 731//2693 732//2693 
f 1663//2694 1651//2694 1655//2694 
f 1663//2695 1518//2695 1513//2695 
f 1663//2696 1655//2696 1419//2696 
f 1663//2697 1513//2697 1651//2697 
f 1664//2698 1659//2698 1660//2698 
f 1664//2699 1660//2699 1517//2699 
f 1664//2700 1517//2700 1514//2700 
f 1665//2701 1664//2701 1514//2701 
f 1666//2702 1665//2702 1514//2702 
f 1667//2703 1413//2703 1412//2703 
f 1667//2704 1668//2704 1413//2704 
f 1667//2705 1412//2705 1518//2705 
f 1667//2706 1518//2706 1525//2706 
f 1669//2707 1516//2707 1670//2707 
f 1669//2708 1666//2708 1514//2708 
f 1669//2709 1514//2709 1516//2709 
f 1423//2710 1422//2710 1671//2710 
f 1672//2711 1670//2711 1522//2711 
f 1672//2712 1669//2712 1670//2712 
f 1672//2713 1522//2713 1519//2713 
f 1431//2714 1672//2714 1519//2714 
f 1434//2715 727//2715 728//2715 
f 1434//2716 1673//2716 727//2716 
f 1674//2717 1525//2717 1523//2717 
f 1674//2718 1438//2718 1525//2718 
f 1675//2719 726//2719 727//2719 
f 1675//2720 727//2720 1673//2720 
f 1676//2721 1526//2721 1677//2721 
f 1676//2722 1523//2722 1526//2722 
f 1676//2723 1674//2723 1523//2723 
f 1678//2724 726//2724 1675//2724 
f 1679//2725 1526//2725 1420//2725 
f 1679//2726 1429//2726 1680//2726 
f 1679//2727 1420//2727 1426//2727 
f 1679//2728 1426//2728 1429//2728 
f 1681//2729 1678//2729 1682//2729 
f 1681//2730 725//2730 726//2730 
f 1681//2731 726//2731 1678//2731 
f 1683//2732 1680//2732 1684//2732 
f 1683//2733 1677//2733 1526//2733 
f 1683//2734 1684//2734 1677//2734 
f 1683//2735 1526//2735 1679//2735 
f 1683//2736 1679//2736 1680//2736 
f 1685//2737 724//2737 725//2737 
f 1685//2738 725//2738 1681//2738 
f 1686//2739 1685//2739 1677//2739 
f 1686//2740 724//2740 1685//2740 
f 1687//2741 1680//2741 1429//2741 
f 1687//2742 1688//2742 1689//2742 
f 1687//2743 1528//2743 1688//2743 
f 1687//2744 1429//2744 1528//2744 
f 1690//2745 1680//2745 1687//2745 
f 1690//2746 1687//2746 1689//2746 
f 1691//2747 1686//2747 1677//2747 
f 1691//2748 724//2748 1686//2748 
f 1691//2749 723//2749 724//2749 
f 1692//2750 1690//2750 1689//2750 
f 1692//2751 1689//2751 1693//2751 
f 1692//2752 1680//2752 1690//2752 
f 1694//2753 1691//2753 1677//2753 
f 1694//2754 723//2754 1691//2754 
f 1694//2755 1677//2755 1684//2755 
f 1694//2756 722//2756 723//2756 
f 1695//2757 1684//2757 1680//2757 
f 1695//2758 1680//2758 1692//2758 
f 1695//2759 1692//2759 1693//2759 
f 1696//2760 1694//2760 1684//2760 
f 1696//2761 722//2761 1694//2761 
f 1697//2762 1684//2762 1695//2762 
f 1697//2763 1693//2763 1698//2763 
f 1697//2764 1695//2764 1693//2764 
f 1699//2765 1684//2765 1697//2765 
f 1699//2766 1697//2766 1698//2766 
f 1699//2767 1700//2767 1449//2767 
f 1699//2768 1698//2768 1700//2768 
f 1699//2769 1449//2769 720//2769 
f 1701//2770 1696//2770 1684//2770 
f 1701//2771 1684//2771 1699//2771 
f 1701//2772 722//2772 1696//2772 
f 1701//2773 1699//2773 720//2773 
f 1701//2774 721//2774 722//2774 
f 1701//2775 720//2775 721//2775 
f 1702//2776 1540//2776 1463//2776 
f 1702//2777 1463//2777 1535//2777 
f 1703//2778 1702//2778 1535//2778 
f 1703//2779 1535//2779 1538//2779 
f 1703//2780 1540//2780 1702//2780 
f 1703//2781 1541//2781 1540//2781 
f 1703//2782 1538//2782 1543//2782 
f 1703//2783 1543//2783 1541//2783 
f 1704//2784 1562//2784 1542//2784 
f 1704//2785 1541//2785 1545//2785 
f 1704//2786 1545//2786 1550//2786 
f 1704//2787 1542//2787 1541//2787 
f 1705//2788 1704//2788 1550//2788 
f 1705//2789 1550//2789 1552//2789 
f 1705//2790 1562//2790 1704//2790 
f 1705//2791 1560//2791 1562//2791 
f 1705//2792 1552//2792 1560//2792 
f 1706//2793 1561//2793 1565//2793 
f 1706//2794 1565//2794 1563//2794 
f 1706//2795 1562//2795 1561//2795 
f 1706//2796 1542//2796 1562//2796 
f 1706//2797 1563//2797 1542//2797 
f 1707//2798 1478//2798 799//2798 
f 1707//2799 798//2799 797//2799 
f 1707//2800 799//2800 798//2800 
f 1707//2801 1564//2801 1478//2801 
f 1707//2802 797//2802 1475//2802 
f 1707//2803 1475//2803 1564//2803 
f 1708//2804 1557//2804 1709//2804 
f 1708//2805 1556//2805 1557//2805 
f 1710//2806 1556//2806 1708//2806 
f 1710//2807 1708//2807 1711//2807 
f 1710//2808 1711//2808 1712//2808 
f 1710//2809 1552//2809 1556//2809 
f 1713//2810 1710//2810 1712//2810 
f 1713//2811 1712//2811 1714//2811 
f 1713//2812 1552//2812 1710//2812 
f 1713//2813 1560//2813 1552//2813 
f 1715//2814 1567//2814 1711//2814 
f 1715//2815 1568//2815 1567//2815 
f 1715//2816 1709//2816 1716//2816 
f 1715//2817 1716//2817 1568//2817 
f 1715//2818 1708//2818 1709//2818 
f 1715//2819 1711//2819 1708//2819 
f 1717//2820 1711//2820 1567//2820 
f 1717//2821 1712//2821 1711//2821 
f 1718//2822 1717//2822 1567//2822 
f 1718//2823 1566//2823 1580//2823 
f 1718//2824 1567//2824 1566//2824 
f 1718//2825 1580//2825 1717//2825 
f 1719//2826 1566//2826 1568//2826 
f 1719//2827 1579//2827 1566//2827 
f 1720//2828 1565//2828 1561//2828 
f 1720//2829 1584//2829 1565//2829 
f 1720//2830 1585//2830 1584//2830 
f 1721//2831 1714//2831 1712//2831 
f 1721//2832 1580//2832 1582//2832 
f 1721//2833 1717//2833 1580//2833 
f 1721//2834 1712//2834 1717//2834 
f 1722//2835 1588//2835 1579//2835 
f 1722//2836 1571//2836 1574//2836 
f 1722//2837 1579//2837 1719//2837 
f 1722//2838 1574//2838 1588//2838 
f 1723//2839 1588//2839 1574//2839 
f 1723//2840 1594//2840 1588//2840 
f 1724//2841 1586//2841 1591//2841 
f 1724//2842 1574//2842 1586//2842 
f 1724//2843 1723//2843 1574//2843 
f 1724//2844 1599//2844 1594//2844 
f 1724//2845 1591//2845 1599//2845 
f 1724//2846 1594//2846 1723//2846 
f 1725//2847 1591//2847 1592//2847 
f 1725//2848 1592//2848 1597//2848 
f 1725//2849 1599//2849 1591//2849 
f 1725//2850 1604//2850 1599//2850 
f 1726//2851 1601//2851 1604//2851 
f 1726//2852 1597//2852 1601//2852 
f 1726//2853 1604//2853 1725//2853 
f 1726//2854 1725//2854 1597//2854 
f 1727//2855 1610//2855 1614//2855 
f 1727//2856 1601//2856 1602//2856 
f 1727//2857 1614//2857 1601//2857 
f 1727//2858 1602//2858 1605//2858 
f 1727//2859 1605//2859 1610//2859 
f 1728//2860 1487//2860 1607//2860 
f 1728//2861 1613//2861 1487//2861 
f 1729//2862 1613//2862 1728//2862 
f 1729//2863 1728//2863 1607//2863 
f 1729//2864 1631//2864 1613//2864 
f 1729//2865 1607//2865 1608//2865 
f 1729//2866 1608//2866 1635//2866 
f 1729//2867 1635//2867 1631//2867 
f 1730//2868 1608//2868 1596//2868 
f 1730//2869 1636//2869 1608//2869 
f 1730//2870 1646//2870 1636//2870 
f 1731//2871 1638//2871 1653//2871 
f 1731//2872 1618//2872 1638//2872 
f 1732//2873 1645//2873 1632//2873 
f 1732//2874 1733//2874 1645//2874 
f 1734//2875 1658//2875 1733//2875 
f 1734//2876 1632//2876 1500//2876 
f 1734//2877 1733//2877 1732//2877 
f 1734//2878 1732//2878 1632//2878 
f 1734//2879 1500//2879 1637//2879 
f 1735//2880 1650//2880 1736//2880 
f 1735//2881 1628//2881 1633//2881 
f 1735//2882 1736//2882 1737//2882 
f 1735//2883 1649//2883 1644//2883 
f 1735//2884 1737//2884 1649//2884 
f 1735//2885 1633//2885 1650//2885 
f 1735//2886 1644//2886 1628//2886 
f 1738//2887 1646//2887 1730//2887 
f 1738//2888 1652//2888 1646//2888 
f 1739//2889 1734//2889 1637//2889 
f 1739//2890 1637//2890 1503//2890 
f 1739//2891 1503//2891 1505//2891 
f 1739//2892 1740//2892 1510//2892 
f 1739//2893 1505//2893 1740//2893 
f 1739//2894 1510//2894 1506//2894 
f 1739//2895 1658//2895 1734//2895 
f 1739//2896 1506//2896 1658//2896 
f 1741//2897 1654//2897 1652//2897 
f 1741//2898 1652//2898 1738//2898 
f 1741//2899 1742//2899 1662//2899 
f 1741//2900 1656//2900 1654//2900 
f 1741//2901 1662//2901 1656//2901 
f 1743//2902 1657//2902 1659//2902 
f 1743//2903 1733//2903 1658//2903 
f 1743//2904 1645//2904 1733//2904 
f 1743//2905 1650//2905 1645//2905 
f 1743//2906 1658//2906 1657//2906 
f 1744//2907 1736//2907 1650//2907 
f 1744//2908 1745//2908 1736//2908 
f 1744//2909 1659//2909 1664//2909 
f 1744//2910 1743//2910 1659//2910 
f 1744//2911 1650//2911 1743//2911 
f 1744//2912 1664//2912 1665//2912 
f 1744//2913 1665//2913 1745//2913 
f 1410//2914 1742//2914 1653//2914 
f 1410//2915 1653//2915 1411//2915 
f 1746//2916 1419//2916 1655//2916 
f 1746//2917 1736//2917 1747//2917 
f 1746//2918 1747//2918 1416//2918 
f 1746//2919 1416//2919 1419//2919 
f 1746//2920 1737//2920 1736//2920 
f 1746//2921 1649//2921 1737//2921 
f 1746//2922 1655//2922 1649//2922 
f 1748//2923 1661//2923 1662//2923 
f 1748//2924 1749//2924 1750//2924 
f 1414//2925 1749//2925 1410//2925 
f 1414//2926 1413//2926 1668//2926 
f 1751//2927 1736//2927 1745//2927 
f 1751//2928 1665//2928 1666//2928 
f 1751//2929 1747//2929 1736//2929 
f 1751//2930 1666//2930 1669//2930 
f 1751//2931 1745//2931 1665//2931 
f 1752//2932 1661//2932 1748//2932 
f 1752//2933 731//2933 1661//2933 
f 1752//2934 1748//2934 1750//2934 
f 1752//2935 730//2935 731//2935 
f 1753//2936 1750//2936 1749//2936 
f 1753//2937 1749//2937 1414//2937 
f 1753//2938 1414//2938 1668//2938 
f 1753//2939 1671//2939 1750//2939 
f 1754//2940 1753//2940 1668//2940 
f 1754//2941 1671//2941 1753//2941 
f 1754//2942 1423//2942 1671//2942 
f 1754//2943 1668//2943 1423//2943 
f 1755//2944 1747//2944 1751//2944 
f 1755//2945 1751//2945 1669//2945 
f 1755//2946 1417//2946 1416//2946 
f 1755//2947 1416//2947 1747//2947 
f 1755//2948 1669//2948 1672//2948 
f 1755//2949 1672//2949 1431//2949 
f 1755//2950 1431//2950 1417//2950 
f 1756//2951 1752//2951 1750//2951 
f 1756//2952 730//2952 1752//2952 
f 1756//2953 1750//2953 1671//2953 
f 1756//2954 1671//2954 1422//2954 
f 1756//2955 729//2955 730//2955 
f 1756//2956 1422//2956 729//2956 
f 1418//2957 1663//2957 1419//2957 
f 1418//2958 1524//2958 1518//2958 
f 1418//2959 1420//2959 1524//2959 
f 1418//2960 1518//2960 1663//2960 
f 1424//2961 1668//2961 1667//2961 
f 1424//2962 1667//2962 1525//2962 
f 1424//2963 1525//2963 1438//2963 
f 1424//2964 1423//2964 1668//2964 
f 1433//2965 1673//2965 1434//2965 
f 1433//2966 1438//2966 1673//2966 
f 1757//2967 1682//2967 1678//2967 
f 1757//2968 1438//2968 1674//2968 
f 1757//2969 1675//2969 1673//2969 
f 1757//2970 1674//2970 1682//2970 
f 1757//2971 1678//2971 1675//2971 
f 1757//2972 1673//2972 1438//2972 
f 1427//2973 1521//2973 1758//2973 
f 1427//2974 1519//2974 1521//2974 
f 1427//2975 1431//2975 1519//2975 
f 1428//2976 1527//2976 1429//2976 
f 1428//2977 1758//2977 1527//2977 
f 1428//2978 1427//2978 1758//2978 
f 1759//2979 1685//2979 1681//2979 
f 1759//2980 1682//2980 1674//2980 
f 1759//2981 1674//2981 1676//2981 
f 1759//2982 1681//2982 1682//2982 
f 1760//2983 1685//2983 1759//2983 
f 1760//2984 1677//2984 1685//2984 
f 1760//2985 1676//2985 1677//2985 
f 1760//2986 1759//2986 1676//2986 
f 1761//2987 1720//2987 1561//2987 
f 1761//2988 1560//2988 1713//2988 
f 1761//2989 1585//2989 1720//2989 
f 1761//2990 1561//2990 1560//2990 
f 1762//2991 1761//2991 1713//2991 
f 1762//2992 1714//2992 1585//2992 
f 1762//2993 1713//2993 1714//2993 
f 1762//2994 1585//2994 1761//2994 
f 1763//2995 1568//2995 1716//2995 
f 1763//2996 1719//2996 1568//2996 
f 1764//2997 1716//2997 1572//2997 
f 1764//2998 1722//2998 1719//2998 
f 1764//2999 1763//2999 1716//2999 
f 1764//3000 1719//3000 1763//3000 
f 1765//3001 1764//3001 1572//3001 
f 1765//3002 1572//3002 1571//3002 
f 1765//3003 1722//3003 1764//3003 
f 1765//3004 1571//3004 1722//3004 
f 1766//3005 1585//3005 1714//3005 
f 1766//3006 1496//3006 1585//3006 
f 1766//3007 1714//3007 1721//3007 
f 1766//3008 1582//3008 1496//3008 
f 1766//3009 1721//3009 1582//3009 
f 1767//3010 1618//3010 1731//3010 
f 1767//3011 1596//3011 1618//3011 
f 1767//3012 1738//3012 1730//3012 
f 1767//3013 1730//3013 1596//3013 
f 1768//3014 1731//3014 1653//3014 
f 1768//3015 1738//3015 1767//3015 
f 1768//3016 1742//3016 1741//3016 
f 1768//3017 1653//3017 1742//3017 
f 1768//3018 1741//3018 1738//3018 
f 1768//3019 1767//3019 1731//3019 
f 1769//3020 1742//3020 1410//3020 
f 1769//3021 1410//3021 1749//3021 
f 1769//3022 1749//3022 1748//3022 
f 1769//3023 1662//3023 1742//3023 
f 1769//3024 1748//3024 1662//3024 
f 1409//3025 1414//3025 1410//3025 
f 1770//3026 1771//3026 1772//3026 
f 1773//3027 1770//3027 1772//3027 
f 1774//3028 1770//3028 1773//3028 
f 1775//3029 1774//3029 1773//3029 
f 1776//3030 1774//3030 1775//3030 
f 1777//3031 1776//3031 1775//3031 
f 1778//3032 1776//3032 1777//3032 
f 1779//3033 1778//3033 1777//3033 
f 1780//3034 1778//3034 1779//3034 
f 1781//3035 1780//3035 1779//3035 
f 1782//3036 1780//3036 1781//3036 
f 1783//3037 1782//3037 1781//3037 
f 1784//3038 1782//3038 1783//3038 
f 1785//3039 1784//3039 1783//3039 
f 1786//3040 1784//3040 1785//3040 
f 1787//3041 1786//3041 1785//3041 
f 1788//3042 1786//3042 1787//3042 
f 1789//3043 1788//3043 1787//3043 
f 1790//3044 1788//3044 1789//3044 
f 1791//3045 1790//3045 1789//3045 
f 1792//3046 1790//3046 1791//3046 
f 1793//3047 1792//3047 1791//3047 
f 1794//3048 1792//3048 1793//3048 
f 1795//3049 1794//3049 1793//3049 
f 1796//3050 1794//3050 1795//3050 
f 1797//3051 1796//3051 1795//3051 
f 1798//3052 1796//3052 1797//3052 
f 1799//3053 1798//3053 1797//3053 
f 1800//3054 1798//3054 1799//3054 
f 1801//3055 1798//3055 1800//3055 
f 1802//3056 1801//3056 1800//3056 
f 1803//3057 1801//3057 1802//3057 
f 1804//3058 1803//3058 1802//3058 
f 1805//3059 1804//3059 745//3059 
f 1805//3060 1803//3060 1804//3060 
f 1806//3061 1805//3061 745//3061 
f 1517//3062 1516//3062 1515//3062 
f 1660//3063 1670//3063 1516//3063 
f 1660//3064 1516//3064 1517//3064 
f 1508//3065 1522//3065 1670//3065 
f 1508//3066 1670//3066 1660//3066 
f 1507//3067 1520//3067 1522//3067 
f 1507//3068 1522//3068 1508//3068 
f 1509//3069 1521//3069 1520//3069 
f 1509//3070 1520//3070 1507//3070 
f 1510//3071 1758//3071 1521//3071 
f 1510//3072 1521//3072 1509//3072 
f 1740//3073 1527//3073 1758//3073 
f 1740//3074 1758//3074 1510//3074 
f 1505//3075 1528//3075 1527//3075 
f 1505//3076 1527//3076 1740//3076 
f 1504//3077 1688//3077 1528//3077 
f 1504//3078 1528//3078 1505//3078 
f 1642//3079 1689//3079 1688//3079 
f 1642//3080 1688//3080 1504//3080 
f 1640//3081 1693//3081 1689//3081 
f 1640//3082 1689//3082 1642//3082 
f 1627//3083 1698//3083 1693//3083 
f 1627//3084 1693//3084 1640//3084 
f 1625//3085 1700//3085 1698//3085 
f 1625//3086 1698//3086 1627//3086 
f 1624//3087 1449//3087 1700//3087 
f 1624//3088 1700//3088 1625//3088 
f 1447//3089 1449//3089 1624//3089 
f 1445//3090 1448//3090 1449//3090 
f 1445//3091 1449//3091 1447//3091 
f 1443//3092 1450//3092 1448//3092 
f 1443//3093 1448//3093 1445//3093 
f 1440//3094 1450//3094 1443//3094 
f 1440//3095 717//3095 1450//3095 
f 1442//3096 717//3096 1440//3096 
f 1807//3097 717//3097 1442//3097 
f 1807//3098 745//3098 717//3098 
f 1807//3099 1806//3099 745//3099 
f 1808//3100 1809//3100 1810//3100 
f 1811//3101 1809//3101 1812//3101 
f 1813//3102 1809//3102 1808//3102 
f 1812//3103 1809//3103 1813//3103 
f 1810//3104 1809//3104 1814//3104 
f 1814//3105 1809//3105 1811//3105 
f 1815//3106 1816//3106 1817//3106 
f 1818//3107 1816//3107 1815//3107 
f 1817//3108 1816//3108 1819//3108 
f 1819//3109 1816//3109 1820//3109 
f 1820//3110 1816//3110 1818//3110 
f 1821//3111 1822//3111 1823//3111 
f 1824//3112 1822//3112 1825//3112 
f 1825//3113 1822//3113 1821//3113 
f 1814//3114 1822//3114 1824//3114 
f 1823//3115 1822//3115 1814//3115 
f 1826//3116 1827//3116 1828//3116 
f 1825//3117 1827//3117 1829//3117 
f 1821//3118 1827//3118 1825//3118 
f 1828//3119 1827//3119 1821//3119 
f 1829//3120 1827//3120 1826//3120 
f 1830//3121 1831//3121 1832//3121 
f 1832//3122 1831//3122 1833//3122 
f 1834//3123 1831//3123 1830//3123 
f 1833//3124 1831//3124 1835//3124 
f 1835//3125 1831//3125 1834//3125 
f 1836//3126 1837//3126 1838//3126 
f 1839//3127 1837//3127 1840//3127 
f 1841//3128 1837//3128 1836//3128 
f 1830//3129 1837//3129 1841//3129 
f 1840//3130 1837//3130 1830//3130 
f 1838//3131 1837//3131 1839//3131 
f 944//3132 1842//3132 943//3132 
f 943//3133 1842//3133 942//3133 
f 944//3134 945//3134 1842//3134 
f 1843//3135 1844//3135 1845//3135 
f 1846//3136 1844//3136 1847//3136 
f 1848//3137 1844//3137 1843//3137 
f 1845//3138 1844//3138 1846//3138 
f 1847//3139 1844//3139 1848//3139 
f 1848//3140 1849//3140 1850//3140 
f 1850//3141 1849//3141 1851//3141 
f 1851//3142 1849//3142 1852//3142 
f 1852//3143 1849//3143 1853//3143 
f 1853//3144 1849//3144 1848//3144 
f 1854//3145 1855//3145 1856//3145 
f 1857//3146 1855//3146 1854//3146 
f 1858//3147 1855//3147 1857//3147 
f 1858//3148 1859//3148 1855//3148 
f 1856//3149 1859//3149 1860//3149 
f 1855//3150 1859//3150 1856//3150 
f 1860//3151 1859//3151 1861//3151 
f 1862//3152 1863//3152 1864//3152 
f 1861//3153 1863//3153 1862//3153 
f 1858//3154 1863//3154 1859//3154 
f 1864//3155 1863//3155 1858//3155 
f 1859//3156 1863//3156 1861//3156 
f 1865//3157 1866//3157 1867//3157 
f 1860//3158 1866//3158 1865//3158 
f 1861//3159 1866//3159 1860//3159 
f 1868//3160 1866//3160 1861//3160 
f 1867//3161 1866//3161 1868//3161 
f 747//3162 746//3162 976//3162 
f 746//3163 748//3163 976//3163 
f 976//3164 748//3164 975//3164 
f 975//3165 748//3165 974//3165 
f 748//3166 749//3166 974//3166 
f 1869//3167 1803//3167 1870//3167 
f 1870//3168 1803//3168 1871//3168 
f 1871//3169 1803//3169 1805//3169 
f 1872//3170 1801//3170 1869//3170 
f 1869//3171 1801//3171 1803//3171 
f 1872//3172 1798//3172 1801//3172 
f 772//3173 1800//3173 1799//3173 
f 772//3174 773//3174 1800//3174 
f 773//3175 1802//3175 1800//3175 
f 773//3176 774//3176 1802//3176 
f 774//3177 1804//3177 1802//3177 
f 774//3178 745//3178 1804//3178 
f 1873//3179 1874//3179 1875//3179 
f 951//3180 1876//3180 950//3180 
f 1875//3181 1877//3181 1878//3181 
f 1878//3182 1877//3182 1879//3182 
f 1874//3183 1877//3183 1875//3183 
f 953//3184 1880//3184 952//3184 
f 952//3185 1880//3185 951//3185 
f 951//3186 1880//3186 1876//3186 
f 1876//3187 1881//3187 1874//3187 
f 1874//3188 1881//3188 1877//3188 
f 1879//3189 1882//3189 1883//3189 
f 1877//3190 1882//3190 1879//3190 
f 1880//3191 1884//3191 1876//3191 
f 1876//3192 1884//3192 1881//3192 
f 1881//3193 1885//3193 1877//3193 
f 1877//3194 1885//3194 1882//3194 
f 957//3195 1886//3195 956//3195 
f 956//3196 1886//3196 955//3196 
f 1884//3197 1887//3197 1881//3197 
f 1881//3198 1887//3198 1885//3198 
f 1888//3199 1889//3199 1890//3199 
f 961//3200 1891//3200 960//3200 
f 960//3201 1891//3201 959//3201 
f 1884//3202 1892//3202 1887//3202 
f 1893//3203 1892//3203 1884//3203 
f 1894//3204 1895//3204 1896//3204 
f 965//3205 1897//3205 964//3205 
f 964//3206 1897//3206 963//3206 
f 1898//3207 1899//3207 1893//3207 
f 1893//3208 1899//3208 1892//3208 
f 968//3209 1900//3209 967//3209 
f 967//3210 1900//3210 966//3210 
f 1901//3211 1902//3211 1900//3211 
f 751//3212 1903//3212 750//3212 
f 1901//3213 1904//3213 1902//3213 
f 751//3214 1905//3214 1903//3214 
f 753//3215 1905//3215 752//3215 
f 752//3216 1905//3216 751//3216 
f 1902//3217 1906//3217 1907//3217 
f 1904//3218 1906//3218 1902//3218 
f 1908//3219 1909//3219 1910//3219 
f 1910//3220 1909//3220 1911//3220 
f 1905//3221 1912//3221 1904//3221 
f 1904//3222 1912//3222 1906//3222 
f 753//3223 1912//3223 1905//3223 
f 754//3224 1912//3224 753//3224 
f 1913//3225 1914//3225 1817//3225 
f 1817//3226 1914//3226 1915//3226 
f 1916//3227 1917//3227 1908//3227 
f 1908//3228 1917//3228 1909//3228 
f 1918//3229 1919//3229 1920//3229 
f 1920//3230 1919//3230 1921//3230 
f 757//3231 1922//3231 756//3231 
f 1786//3232 1835//3232 1784//3232 
f 1778//3233 1923//3233 1776//3233 
f 760//3234 1924//3234 759//3234 
f 1770//3235 1925//3235 1771//3235 
f 1771//3236 1925//3236 1772//3236 
f 1926//3237 1927//3237 1928//3237 
f 1851//3238 1927//3238 1926//3238 
f 764//3239 1929//3239 763//3239 
f 1930//3240 1864//3240 1927//3240 
f 1775//3241 1931//3241 1777//3241 
f 1777//3242 1931//3242 1779//3242 
f 1930//3243 1932//3243 1864//3243 
f 1864//3244 1933//3244 1862//3244 
f 1932//3245 1933//3245 1864//3245 
f 1785//3246 1867//3246 1787//3246 
f 1842//3247 1934//3247 1935//3247 
f 947//3248 1934//3248 946//3248 
f 946//3249 1934//3249 945//3249 
f 945//3250 1934//3250 1842//3250 
f 1935//3251 1936//3251 1873//3251 
f 1873//3252 1936//3252 1874//3252 
f 947//3253 1936//3253 1934//3253 
f 1934//3254 1936//3254 1935//3254 
f 948//3255 1937//3255 947//3255 
f 947//3256 1937//3256 1936//3256 
f 1936//3257 1937//3257 1874//3257 
f 1937//3258 1938//3258 1874//3258 
f 948//3259 1938//3259 1937//3259 
f 950//3260 1939//3260 949//3260 
f 949//3261 1939//3261 948//3261 
f 1938//3262 1939//3262 1874//3262 
f 1876//3263 1939//3263 950//3263 
f 1874//3264 1939//3264 1876//3264 
f 948//3265 1939//3265 1938//3265 
f 1883//3266 1940//3266 1941//3266 
f 1882//3267 1940//3267 1883//3267 
f 1885//3268 1940//3268 1882//3268 
f 1884//3269 1942//3269 1893//3269 
f 1893//3270 1942//3270 1886//3270 
f 1880//3271 1942//3271 1884//3271 
f 1941//3272 1943//3272 1888//3272 
f 1940//3273 1943//3273 1941//3273 
f 1893//3274 1944//3274 1898//3274 
f 958//3275 1944//3275 957//3275 
f 957//3276 1944//3276 1886//3276 
f 1886//3277 1944//3277 1893//3277 
f 1888//3278 1945//3278 1889//3278 
f 1943//3279 1945//3279 1888//3279 
f 1887//3280 1946//3280 1885//3280 
f 1947//3281 1946//3281 1948//3281 
f 1947//3282 1949//3282 1945//3282 
f 1945//3283 1949//3283 1889//3283 
f 1944//3284 1950//3284 1898//3284 
f 959//3285 1950//3285 958//3285 
f 958//3286 1950//3286 1944//3286 
f 1891//3287 1950//3287 959//3287 
f 1890//3288 1951//3288 1952//3288 
f 1889//3289 1951//3289 1890//3289 
f 1947//3290 1951//3290 1949//3290 
f 1949//3291 1951//3291 1889//3291 
f 1891//3292 1953//3292 1950//3292 
f 1950//3293 1953//3293 1898//3293 
f 1892//3294 1954//3294 1887//3294 
f 1887//3295 1954//3295 1946//3295 
f 1946//3296 1954//3296 1948//3296 
f 1948//3297 1954//3297 1910//3297 
f 962//3298 1955//3298 961//3298 
f 961//3299 1955//3299 1891//3299 
f 1953//3300 1955//3300 1898//3300 
f 1891//3301 1955//3301 1953//3301 
f 1952//3302 1956//3302 1894//3302 
f 1951//3303 1956//3303 1952//3303 
f 1956//3304 1957//3304 1894//3304 
f 1894//3305 1957//3305 1895//3305 
f 963//3306 1958//3306 962//3306 
f 1959//3307 1958//3307 1897//3307 
f 1897//3308 1958//3308 963//3308 
f 962//3309 1958//3309 1955//3309 
f 1957//3310 1960//3310 1895//3310 
f 1961//3311 1960//3311 1957//3311 
f 1896//3312 1962//3312 1963//3312 
f 1895//3313 1962//3313 1896//3313 
f 1960//3314 1962//3314 1895//3314 
f 1961//3315 1962//3315 1960//3315 
f 1899//3316 1964//3316 1892//3316 
f 1910//3317 1964//3317 1908//3317 
f 1954//3318 1964//3318 1910//3318 
f 1892//3319 1964//3319 1954//3319 
f 1898//3320 1965//3320 1899//3320 
f 1966//3321 1965//3321 1959//3321 
f 1955//3322 1965//3322 1898//3322 
f 1959//3323 1965//3323 1958//3323 
f 1958//3324 1965//3324 1955//3324 
f 1967//3325 1968//3325 1969//3325 
f 1910//3326 1970//3326 1948//3326 
f 1911//3327 1970//3327 1910//3327 
f 966//3328 1971//3328 965//3328 
f 1902//3329 1971//3329 1900//3329 
f 1897//3330 1971//3330 1959//3330 
f 965//3331 1971//3331 1897//3331 
f 1900//3332 1971//3332 966//3332 
f 970//3333 1972//3333 969//3333 
f 969//3334 1972//3334 968//3334 
f 968//3335 1972//3335 1900//3335 
f 1900//3336 1972//3336 1901//3336 
f 1911//3337 1973//3337 1970//3337 
f 1974//3338 1808//3338 1975//3338 
f 1899//3339 1976//3339 1964//3339 
f 1965//3340 1976//3340 1899//3340 
f 1908//3341 1976//3341 1916//3341 
f 1964//3342 1976//3342 1908//3342 
f 1966//3343 1976//3343 1965//3343 
f 1973//3344 1819//3344 1967//3344 
f 1902//3345 1977//3345 1971//3345 
f 1959//3346 1977//3346 1966//3346 
f 1907//3347 1977//3347 1902//3347 
f 1971//3348 1977//3348 1959//3348 
f 1978//3349 1979//3349 1980//3349 
f 1980//3350 1979//3350 1825//3350 
f 971//3351 1981//3351 970//3351 
f 1972//3352 1981//3352 1901//3352 
f 970//3353 1981//3353 1972//3353 
f 1901//3354 1981//3354 1903//3354 
f 971//3355 1982//3355 1981//3355 
f 1981//3356 1982//3356 1903//3356 
f 971//3357 1983//3357 1982//3357 
f 1982//3358 1983//3358 1903//3358 
f 972//3359 1983//3359 971//3359 
f 1983//3360 1984//3360 1903//3360 
f 972//3361 1984//3361 1983//3361 
f 1903//3362 1984//3362 750//3362 
f 973//3363 1984//3363 972//3363 
f 1819//3364 1985//3364 1817//3364 
f 1911//3365 1985//3365 1973//3365 
f 1973//3366 1985//3366 1819//3366 
f 1817//3367 1985//3367 1913//3367 
f 1980//3368 1829//3368 1986//3368 
f 1825//3369 1829//3369 1980//3369 
f 749//3370 1987//3370 974//3370 
f 1984//3371 1987//3371 750//3371 
f 973//3372 1987//3372 1984//3372 
f 750//3373 1987//3373 749//3373 
f 974//3374 1987//3374 973//3374 
f 1904//3375 1988//3375 1905//3375 
f 1901//3376 1988//3376 1904//3376 
f 1905//3377 1988//3377 1903//3377 
f 1903//3378 1988//3378 1901//3378 
f 1829//3379 1989//3379 1986//3379 
f 1817//3380 1990//3380 1815//3380 
f 1915//3381 1990//3381 1817//3381 
f 1991//3382 1990//3382 1915//3382 
f 1986//3383 1992//3383 1993//3383 
f 1994//3384 1992//3384 1989//3384 
f 1989//3385 1992//3385 1986//3385 
f 1977//3386 1995//3386 1966//3386 
f 1907//3387 1995//3387 1977//3387 
f 1976//3388 1995//3388 1916//3388 
f 1916//3389 1995//3389 1996//3389 
f 1966//3390 1995//3390 1976//3390 
f 1992//3391 1997//3391 1993//3391 
f 1993//3392 1997//3392 1998//3392 
f 1997//3393 1999//3393 1998//3393 
f 2000//3394 1999//3394 1997//3394 
f 1998//3395 2001//3395 2002//3395 
f 1999//3396 2001//3396 1998//3396 
f 2000//3397 2001//3397 1999//3397 
f 1921//3398 2003//3398 1920//3398 
f 2000//3399 2003//3399 1921//3399 
f 1920//3400 2003//3400 2004//3400 
f 1985//3401 2005//3401 1913//3401 
f 1911//3402 2005//3402 1985//3402 
f 1909//3403 2005//3403 1911//3403 
f 1907//3404 2006//3404 1995//3404 
f 1906//3405 2006//3405 1907//3405 
f 1996//3406 2006//3406 2007//3406 
f 1995//3407 2006//3407 1996//3407 
f 2002//3408 2008//3408 2009//3408 
f 2001//3409 2008//3409 2002//3409 
f 2008//3410 2010//3410 2009//3410 
f 2011//3411 2010//3411 2008//3411 
f 2011//3412 2012//3412 2010//3412 
f 2010//3413 2012//3413 2009//3413 
f 2009//3414 2012//3414 2013//3414 
f 2013//3415 2012//3415 1872//3415 
f 1912//3416 2014//3416 1906//3416 
f 755//3417 2014//3417 754//3417 
f 754//3418 2014//3418 1912//3418 
f 2011//3419 2015//3419 2016//3419 
f 1921//3420 2015//3420 2000//3420 
f 2015//3421 2017//3421 2016//3421 
f 1921//3422 2017//3422 2015//3422 
f 1913//3423 2018//3423 1914//3423 
f 2019//3424 2018//3424 2020//3424 
f 2020//3425 2018//3425 2005//3425 
f 2005//3426 2018//3426 1913//3426 
f 1909//3427 2021//3427 2005//3427 
f 1917//3428 2021//3428 1909//3428 
f 2005//3429 2021//3429 2020//3429 
f 2011//3430 2022//3430 2012//3430 
f 1798//3431 2022//3431 1796//3431 
f 1796//3432 2022//3432 1794//3432 
f 1872//3433 2022//3433 1798//3433 
f 2012//3434 2022//3434 1872//3434 
f 1914//3435 2023//3435 1915//3435 
f 1915//3436 2023//3436 1918//3436 
f 2011//3437 2024//3437 2022//3437 
f 2022//3438 2024//3438 1794//3438 
f 1794//3439 2024//3439 1792//3439 
f 2016//3440 2025//3440 2011//3440 
f 2011//3441 2025//3441 2024//3441 
f 2024//3442 2025//3442 1792//3442 
f 1922//3443 2026//3443 756//3443 
f 756//3444 2026//3444 755//3444 
f 755//3445 2026//3445 2014//3445 
f 2027//3446 2028//3446 2023//3446 
f 2023//3447 2028//3447 1918//3447 
f 1918//3448 2028//3448 1919//3448 
f 2019//3449 2029//3449 2018//3449 
f 1914//3450 2029//3450 2023//3450 
f 2018//3451 2029//3451 1914//3451 
f 1922//3452 2030//3452 2026//3452 
f 1921//3453 1833//3453 2017//3453 
f 2016//3454 1833//3454 1835//3454 
f 2017//3455 1833//3455 2016//3455 
f 1919//3456 1833//3456 1921//3456 
f 2016//3457 2031//3457 2025//3457 
f 1792//3458 2031//3458 1790//3458 
f 2025//3459 2031//3459 1792//3459 
f 2031//3460 2032//3460 1790//3460 
f 2016//3461 2032//3461 2031//3461 
f 1835//3462 2033//3462 2016//3462 
f 1786//3463 2033//3463 1835//3463 
f 1790//3464 2033//3464 1788//3464 
f 1788//3465 2033//3465 1786//3465 
f 2016//3466 2033//3466 2032//3466 
f 2032//3467 2033//3467 1790//3467 
f 2019//3468 2034//3468 2029//3468 
f 2023//3469 2034//3469 2027//3469 
f 2029//3470 2034//3470 2023//3470 
f 2021//3471 2035//3471 2020//3471 
f 1926//3472 2035//3472 2021//3472 
f 2027//3473 2036//3473 2028//3473 
f 2030//3474 2037//3474 2007//3474 
f 757//3475 2037//3475 1922//3475 
f 1922//3476 2037//3476 2030//3476 
f 758//3477 2037//3477 757//3477 
f 1928//3478 2038//3478 1926//3478 
f 2020//3479 2038//3479 2019//3479 
f 2035//3480 2038//3480 2020//3480 
f 1926//3481 2038//3481 2035//3481 
f 2039//3482 2040//3482 1917//3482 
f 2021//3483 2040//3483 1926//3483 
f 1917//3484 2040//3484 2021//3484 
f 1926//3485 2040//3485 1851//3485 
f 2019//3486 2041//3486 2034//3486 
f 2027//3487 2042//3487 2036//3487 
f 2019//3488 2043//3488 2041//3488 
f 2038//3489 2043//3489 2019//3489 
f 1928//3490 2043//3490 2038//3490 
f 758//3491 2044//3491 2037//3491 
f 759//3492 2044//3492 758//3492 
f 2045//3493 1850//3493 2039//3493 
f 2039//3494 1850//3494 2040//3494 
f 2040//3495 1850//3495 1851//3495 
f 759//3496 2046//3496 2044//3496 
f 1924//3497 2046//3497 759//3497 
f 2044//3498 2046//3498 1846//3498 
f 2041//3499 2047//3499 2048//3499 
f 2043//3500 2047//3500 2041//3500 
f 1928//3501 2047//3501 2043//3501 
f 2046//3502 2049//3502 1846//3502 
f 1924//3503 2049//3503 2046//3503 
f 1836//3504 2050//3504 1923//3504 
f 1776//3505 2050//3505 1774//3505 
f 1923//3506 2050//3506 1776//3506 
f 2048//3507 2051//3507 2042//3507 
f 1847//3508 1848//3508 2045//3508 
f 2045//3509 1848//3509 1850//3509 
f 1924//3510 2052//3510 2049//3510 
f 2049//3511 2052//3511 1846//3511 
f 760//3512 2052//3512 1924//3512 
f 761//3513 2052//3513 760//3513 
f 1928//3514 2053//3514 2047//3514 
f 1927//3515 2053//3515 1928//3515 
f 1770//3516 2054//3516 1925//3516 
f 2050//3517 2054//3517 1774//3517 
f 1774//3518 2054//3518 1770//3518 
f 2054//3519 2055//3519 1925//3519 
f 2055//3520 2056//3520 1925//3520 
f 1930//3521 1852//3521 2057//3521 
f 1851//3522 1852//3522 1927//3522 
f 1927//3523 1852//3523 1930//3523 
f 2056//3524 2058//3524 1925//3524 
f 1772//3525 2058//3525 1773//3525 
f 1925//3526 2058//3526 1772//3526 
f 1857//3527 1854//3527 2059//3527 
f 1929//3528 2060//3528 2061//3528 
f 1773//3529 2062//3529 1775//3529 
f 2058//3530 2062//3530 1773//3530 
f 2062//3531 2063//3531 1775//3531 
f 1775//3532 2063//3532 1931//3532 
f 2063//3533 2064//3533 1931//3533 
f 2057//3534 2065//3534 1930//3534 
f 2060//3535 2065//3535 2057//3535 
f 765//3536 2066//3536 764//3536 
f 764//3537 2066//3537 1929//3537 
f 2067//3538 2066//3538 765//3538 
f 2065//3539 2068//3539 1930//3539 
f 1930//3540 2068//3540 1932//3540 
f 1856//3541 1860//3541 2064//3541 
f 2068//3542 2069//3542 1932//3542 
f 766//3543 2070//3543 765//3543 
f 765//3544 2070//3544 2067//3544 
f 1933//3545 2071//3545 2072//3545 
f 1932//3546 2071//3546 1933//3546 
f 2069//3547 2071//3547 1932//3547 
f 766//3548 2073//3548 2070//3548 
f 2070//3549 2073//3549 2074//3549 
f 1862//3550 2075//3550 1868//3550 
f 1933//3551 2075//3551 1862//3551 
f 1867//3552 2075//3552 2076//3552 
f 1868//3553 2075//3553 1867//3553 
f 766//3554 2077//3554 2073//3554 
f 767//3555 2077//3555 766//3555 
f 2073//3556 2077//3556 2074//3556 
f 2075//3557 2078//3557 2076//3557 
f 1933//3558 2078//3558 2075//3558 
f 2072//3559 2078//3559 1933//3559 
f 2076//3560 2078//3560 2079//3560 
f 2079//3561 2078//3561 2072//3561 
f 767//3562 2080//3562 2077//3562 
f 768//3563 2080//3563 767//3563 
f 2080//3564 2081//3564 2072//3564 
f 768//3565 2081//3565 2080//3565 
f 1787//3566 2082//3566 1789//3566 
f 2076//3567 2082//3567 1867//3567 
f 1867//3568 2082//3568 1787//3568 
f 2081//3569 2083//3569 2072//3569 
f 768//3570 2083//3570 2081//3570 
f 769//3571 2083//3571 768//3571 
f 2076//3572 2084//3572 2082//3572 
f 1789//3573 2084//3573 1791//3573 
f 2082//3574 2084//3574 1789//3574 
f 2076//3575 2085//3575 2084//3575 
f 2084//3576 2085//3576 1791//3576 
f 1791//3577 2085//3577 1793//3577 
f 769//3578 2086//3578 2083//3578 
f 2083//3579 2086//3579 2072//3579 
f 2072//3580 2086//3580 2079//3580 
f 770//3581 2086//3581 769//3581 
f 2079//3582 2087//3582 2076//3582 
f 2076//3583 2087//3583 2085//3583 
f 2085//3584 2087//3584 1793//3584 
f 2086//3585 2088//3585 2079//3585 
f 770//3586 2088//3586 2086//3586 
f 2079//3587 2089//3587 2087//3587 
f 2087//3588 2089//3588 1793//3588 
f 1793//3589 2089//3589 1795//3589 
f 2079//3590 2090//3590 2089//3590 
f 2089//3591 2090//3591 1795//3591 
f 1795//3592 2090//3592 1797//3592 
f 1797//3593 2090//3593 1799//3593 
f 1799//3594 2090//3594 772//3594 
f 770//3595 2091//3595 2088//3595 
f 2079//3596 2091//3596 2090//3596 
f 2090//3597 2091//3597 772//3597 
f 772//3598 2091//3598 771//3598 
f 771//3599 2091//3599 770//3599 
f 2088//3600 2091//3600 2079//3600 
f 953//3601 2092//3601 1880//3601 
f 955//3602 2092//3602 954//3602 
f 954//3603 2092//3603 953//3603 
f 1886//3604 2092//3604 955//3604 
f 1880//3605 2092//3605 1942//3605 
f 1942//3606 2092//3606 1886//3606 
f 1885//3607 2093//3607 1940//3607 
f 1946//3608 2093//3608 1885//3608 
f 1940//3609 2094//3609 1943//3609 
f 1945//3610 2094//3610 1947//3610 
f 1943//3611 2094//3611 1945//3611 
f 2093//3612 2094//3612 1940//3612 
f 1946//3613 2094//3613 2093//3613 
f 1947//3614 2094//3614 1946//3614 
f 1947//3615 2095//3615 1951//3615 
f 1951//3616 2095//3616 1956//3616 
f 1969//3617 2095//3617 1948//3617 
f 1948//3618 2095//3618 1947//3618 
f 1968//3619 2096//3619 1969//3619 
f 2095//3620 2096//3620 1956//3620 
f 1969//3621 2096//3621 2095//3621 
f 1956//3622 2096//3622 1957//3622 
f 1957//3623 2096//3623 1961//3623 
f 1961//3624 2096//3624 1968//3624 
f 1970//3625 2097//3625 1948//3625 
f 1973//3626 2097//3626 1970//3626 
f 1967//3627 2097//3627 1973//3627 
f 1969//3628 2097//3628 1967//3628 
f 1948//3629 2097//3629 1969//3629 
f 1963//3630 2098//3630 2099//3630 
f 1962//3631 2098//3631 1963//3631 
f 1962//3632 2100//3632 2098//3632 
f 2101//3633 2100//3633 2102//3633 
f 2098//3634 2100//3634 2101//3634 
f 1961//3635 2100//3635 1962//3635 
f 2100//3636 2103//3636 2102//3636 
f 1961//3637 2103//3637 2100//3637 
f 2102//3638 2103//3638 1820//3638 
f 1968//3639 2103//3639 1961//3639 
f 1974//3640 2104//3640 2101//3640 
f 1975//3641 2104//3641 1974//3641 
f 2099//3642 2104//3642 2105//3642 
f 2098//3643 2104//3643 2099//3643 
f 2101//3644 2104//3644 2098//3644 
f 2105//3645 2104//3645 1975//3645 
f 2101//3646 2106//3646 1974//3646 
f 2102//3647 2106//3647 2101//3647 
f 1974//3648 1813//3648 1808//3648 
f 2106//3649 1813//3649 1974//3649 
f 1812//3650 1813//3650 2106//3650 
f 1808//3651 1810//3651 1975//3651 
f 1812//3652 1818//3652 1815//3652 
f 1820//3653 1818//3653 2102//3653 
f 2102//3654 1818//3654 2106//3654 
f 2106//3655 1818//3655 1812//3655 
f 2105//3656 2107//3656 1978//3656 
f 1978//3657 2107//3657 1979//3657 
f 1810//3658 2107//3658 1975//3658 
f 1814//3659 2107//3659 1810//3659 
f 1975//3660 2107//3660 2105//3660 
f 1979//3661 1824//3661 1825//3661 
f 2107//3662 1824//3662 1979//3662 
f 1814//3663 1824//3663 2107//3663 
f 1815//3664 1811//3664 1812//3664 
f 1990//3665 1811//3665 1815//3665 
f 1991//3666 1811//3666 1990//3666 
f 1821//3667 1823//3667 1991//3667 
f 1991//3668 1823//3668 1811//3668 
f 1811//3669 1823//3669 1814//3669 
f 1989//3670 1826//3670 1994//3670 
f 1829//3671 1826//3671 1989//3671 
f 1994//3672 1826//3672 2004//3672 
f 1920//3673 1828//3673 1918//3673 
f 1991//3674 1828//3674 1821//3674 
f 2004//3675 1828//3675 1920//3675 
f 1826//3676 1828//3676 2004//3676 
f 1915//3677 1828//3677 1991//3677 
f 1918//3678 1828//3678 1915//3678 
f 1992//3679 2108//3679 1997//3679 
f 1994//3680 2108//3680 1992//3680 
f 2004//3681 2108//3681 1994//3681 
f 2003//3682 2108//3682 2004//3682 
f 2108//3683 2109//3683 1997//3683 
f 2000//3684 2109//3684 2003//3684 
f 1997//3685 2109//3685 2000//3685 
f 2003//3686 2109//3686 2108//3686 
f 2001//3687 2110//3687 2008//3687 
f 2011//3688 2110//3688 2015//3688 
f 2015//3689 2110//3689 2000//3689 
f 2008//3690 2110//3690 2011//3690 
f 2000//3691 2110//3691 2001//3691 
f 2014//3692 2111//3692 1906//3692 
f 1906//3693 2111//3693 2006//3693 
f 2026//3694 2112//3694 2014//3694 
f 2006//3695 2112//3695 2007//3695 
f 2014//3696 2112//3696 2111//3696 
f 2111//3697 2112//3697 2006//3697 
f 2007//3698 2112//3698 2030//3698 
f 2030//3699 2112//3699 2026//3699 
f 1916//3700 2113//3700 1917//3700 
f 1917//3701 2113//3701 2039//3701 
f 1996//3702 2113//3702 1916//3702 
f 2114//3703 2113//3703 1996//3703 
f 2039//3704 2115//3704 2045//3704 
f 2114//3705 2115//3705 2113//3705 
f 1847//3706 2115//3706 2114//3706 
f 2045//3707 2115//3707 1847//3707 
f 2113//3708 2115//3708 2039//3708 
f 1919//3709 1832//3709 1833//3709 
f 1919//3710 1840//3710 1832//3710 
f 1832//3711 1840//3711 1830//3711 
f 2028//3712 1840//3712 1919//3712 
f 2037//3713 2116//3713 2007//3713 
f 2044//3714 2116//3714 2037//3714 
f 1996//3715 2116//3715 2114//3715 
f 2007//3716 2116//3716 1996//3716 
f 1838//3717 1839//3717 2036//3717 
f 2028//3718 1839//3718 1840//3718 
f 2036//3719 1839//3719 2028//3719 
f 2048//3720 2117//3720 2041//3720 
f 2034//3721 2117//3721 2027//3721 
f 2027//3722 2117//3722 2042//3722 
f 2041//3723 2117//3723 2034//3723 
f 2042//3724 2117//3724 2048//3724 
f 1847//3725 2118//3725 1846//3725 
f 2114//3726 2118//3726 1847//3726 
f 2044//3727 2118//3727 2116//3727 
f 2116//3728 2118//3728 2114//3728 
f 1846//3729 2118//3729 2044//3729 
f 1835//3730 1834//3730 1784//3730 
f 1784//3731 1834//3731 1782//3731 
f 1782//3732 1834//3732 1780//3732 
f 1923//3733 1841//3733 1836//3733 
f 1834//3734 1841//3734 1780//3734 
f 1780//3735 1841//3735 1778//3735 
f 1830//3736 1841//3736 1834//3736 
f 1778//3737 1841//3737 1923//3737 
f 1838//3738 2119//3738 1836//3738 
f 2036//3739 2119//3739 1838//3739 
f 2050//3740 2119//3740 2054//3740 
f 1836//3741 2119//3741 2050//3741 
f 2042//3742 2119//3742 2036//3742 
f 2120//3743 2121//3743 2051//3743 
f 2051//3744 2121//3744 2042//3744 
f 2054//3745 2121//3745 2055//3745 
f 2055//3746 2121//3746 2056//3746 
f 2042//3747 2121//3747 2119//3747 
f 2056//3748 2121//3748 2120//3748 
f 2119//3749 2121//3749 2054//3749 
f 2047//3750 2122//3750 2048//3750 
f 2051//3751 2122//3751 2059//3751 
f 2053//3752 2122//3752 2047//3752 
f 1857//3753 2122//3753 2053//3753 
f 2048//3754 2122//3754 2051//3754 
f 2059//3755 2122//3755 1857//3755 
f 2052//3756 1845//3756 1846//3756 
f 1843//3757 1845//3757 2123//3757 
f 1843//3758 1853//3758 1848//3758 
f 1852//3759 1853//3759 2057//3759 
f 2051//3760 2124//3760 2120//3760 
f 2059//3761 2124//3761 2051//3761 
f 2056//3762 2124//3762 2058//3762 
f 2058//3763 2124//3763 2062//3763 
f 2120//3764 2124//3764 2056//3764 
f 761//3765 2125//3765 2052//3765 
f 2052//3766 2125//3766 1845//3766 
f 1845//3767 2125//3767 2123//3767 
f 762//3768 2125//3768 761//3768 
f 1843//3769 2126//3769 1853//3769 
f 2061//3770 2126//3770 2123//3770 
f 1853//3771 2126//3771 2057//3771 
f 2123//3772 2126//3772 1843//3772 
f 1854//3773 2127//3773 2059//3773 
f 1856//3774 2127//3774 1854//3774 
f 2124//3775 2127//3775 2062//3775 
f 2062//3776 2127//3776 2063//3776 
f 2064//3777 2127//3777 1856//3777 
f 2063//3778 2127//3778 2064//3778 
f 2059//3779 2127//3779 2124//3779 
f 2061//3780 2128//3780 2126//3780 
f 2057//3781 2128//3781 2060//3781 
f 2060//3782 2128//3782 2061//3782 
f 2126//3783 2128//3783 2057//3783 
f 2123//3784 2129//3784 2061//3784 
f 2061//3785 2129//3785 1929//3785 
f 2125//3786 2129//3786 2123//3786 
f 762//3787 2129//3787 2125//3787 
f 763//3788 2129//3788 762//3788 
f 1929//3789 2129//3789 763//3789 
f 1927//3790 1858//3790 2053//3790 
f 2053//3791 1858//3791 1857//3791 
f 1864//3792 1858//3792 1927//3792 
f 2060//3793 2130//3793 2065//3793 
f 2066//3794 2130//3794 1929//3794 
f 2067//3795 2130//3795 2066//3795 
f 1929//3796 2130//3796 2060//3796 
f 2065//3797 2131//3797 2068//3797 
f 2067//3798 2131//3798 2130//3798 
f 2130//3799 2131//3799 2065//3799 
f 1868//3800 1861//3800 1862//3800 
f 2074//3801 2132//3801 2070//3801 
f 2131//3802 2132//3802 2068//3802 
f 2069//3803 2132//3803 2074//3803 
f 2068//3804 2132//3804 2069//3804 
f 2067//3805 2132//3805 2131//3805 
f 2070//3806 2132//3806 2067//3806 
f 1779//3807 2133//3807 1781//3807 
f 2064//3808 2133//3808 1931//3808 
f 1860//3809 2133//3809 2064//3809 
f 1931//3810 2133//3810 1779//3810 
f 1781//3811 1865//3811 1783//3811 
f 1783//3812 1865//3812 1785//3812 
f 1785//3813 1865//3813 1867//3813 
f 2133//3814 1865//3814 1781//3814 
f 1860//3815 1865//3815 2133//3815 
f 2077//3816 2134//3816 2074//3816 
f 2080//3817 2134//3817 2077//3817 
f 2074//3818 2134//3818 2069//3818 
f 2069//3819 2134//3819 2071//3819 
f 2080//3820 2135//3820 2134//3820 
f 2134//3821 2135//3821 2071//3821 
f 2072//3822 2135//3822 2080//3822 
f 2071//3823 2135//3823 2072//3823 
f 1819//3824 2136//3824 1967//3824 
f 2103//3825 2136//3825 1820//3825 
f 1968//3826 2136//3826 2103//3826 
f 1820//3827 2136//3827 1819//3827 
f 1967//3828 2136//3828 1968//3828 
f 2137//3829 1442//3829 1441//3829 
f 2137//3830 2138//3830 1442//3830 
f 2139//3831 1441//3831 1444//3831 
f 2139//3832 2137//3832 1441//3832 
f 2140//3833 1444//3833 1446//3833 
f 2140//3834 2139//3834 1444//3834 
f 2141//3835 1446//3835 1612//3835 
f 2141//3836 2140//3836 1446//3836 
f 2142//3837 1612//3837 1606//3837 
f 2142//3838 2141//3838 1612//3838 
f 2143//3839 1606//3839 1603//3839 
f 2143//3840 2142//3840 1606//3840 
f 2144//3841 1603//3841 1598//3841 
f 2144//3842 2143//3842 1603//3842 
f 2145//3843 2144//3843 1598//3843 
f 2146//3844 2145//3844 1598//3844 
f 2146//3845 1598//3845 1593//3845 
f 2147//3846 2146//3846 1593//3846 
f 2147//3847 1593//3847 1587//3847 
f 2148//3848 2147//3848 1587//3848 
f 2148//3849 1587//3849 1573//3849 
f 2149//3850 1573//3850 1572//3850 
f 2149//3851 2148//3851 1573//3851 
f 2150//3852 1572//3852 1716//3852 
f 2150//3853 2149//3853 1572//3853 
f 2151//3854 1716//3854 1709//3854 
f 2151//3855 2150//3855 1716//3855 
f 2152//3856 1709//3856 1557//3856 
f 2152//3857 2151//3857 1709//3857 
f 2153//3858 2152//3858 1557//3858 
f 2154//3859 1557//3859 1474//3859 
f 2154//3860 2153//3860 1557//3860 
f 2155//3861 1474//3861 1473//3861 
f 2155//3862 2154//3862 1474//3862 
f 2156//3863 1473//3863 1546//3863 
f 2156//3864 2155//3864 1473//3864 
f 2157//3865 1546//3865 1468//3865 
f 2157//3866 2156//3866 1546//3866 
f 2158//3867 1468//3867 1467//3867 
f 2158//3868 2157//3868 1468//3868 
f 2159//3869 1467//3869 1536//3869 
f 2159//3870 2158//3870 1467//3870 
f 2160//3871 1536//3871 1461//3871 
f 2160//3872 2159//3872 1536//3872 
f 2161//3873 2160//3873 1461//3873 
f 2162//3874 1461//3874 1456//3874 
f 2162//3875 2161//3875 1461//3875 
f 2163//3876 1456//3876 1455//3876 
f 2163//3877 2162//3877 1456//3877 
f 2164//3878 1455//3878 1453//3878 
f 2164//3879 2163//3879 1455//3879 
f 2165//3880 1453//3880 1452//3880 
f 2165//3881 2164//3881 1453//3881 
f 2166//3882 1452//3882 1439//3882 
f 2166//3883 2165//3883 1452//3883 
f 2167//3884 1439//3884 1436//3884 
f 2167//3885 2166//3885 1439//3885 
f 2168//3886 1436//3886 1435//3886 
f 2168//3887 2167//3887 1436//3887 
f 810//3888 1435//3888 775//3888 
f 810//3889 2168//3889 1435//3889 
f 2169//3890 2138//3890 2137//3890 
f 811//3891 2170//3891 812//3891 
f 2171//3892 2167//3892 2168//3892 
f 2172//3893 2168//3893 810//3893 
f 2172//3894 2171//3894 2168//3894 
f 2173//3895 2172//3895 810//3895 
f 2174//3896 2166//3896 2167//3896 
f 2174//3897 2167//3897 2171//3897 
f 2174//3898 2171//3898 2172//3898 
f 2175//3899 2173//3899 810//3899 
f 2176//3900 2174//3900 2172//3900 
f 2176//3901 2172//3901 2173//3901 
f 2177//3902 2165//3902 2166//3902 
f 2177//3903 2164//3903 2165//3903 
f 2177//3904 2166//3904 2174//3904 
f 2178//3905 2175//3905 810//3905 
f 2179//3906 2176//3906 2173//3906 
f 2179//3907 2173//3907 2175//3907 
f 2180//3908 2177//3908 2174//3908 
f 2180//3909 2174//3909 2176//3909 
f 2181//3910 2178//3910 810//3910 
f 2182//3911 2179//3911 2175//3911 
f 2182//3912 2175//3912 2178//3912 
f 2183//3913 2180//3913 2176//3913 
f 2183//3914 2176//3914 2179//3914 
f 2184//3915 2163//3915 2164//3915 
f 2184//3916 2177//3916 2180//3916 
f 2184//3917 2164//3917 2177//3917 
f 2185//3918 2181//3918 810//3918 
f 2186//3919 2182//3919 2178//3919 
f 2186//3920 2178//3920 2181//3920 
f 2187//3921 2183//3921 2179//3921 
f 2187//3922 2179//3922 2182//3922 
f 2188//3923 2184//3923 2180//3923 
f 2188//3924 2180//3924 2183//3924 
f 2189//3925 2185//3925 810//3925 
f 2190//3926 2162//3926 2163//3926 
f 2190//3927 2161//3927 2162//3927 
f 2190//3928 2163//3928 2184//3928 
f 2191//3929 2186//3929 2181//3929 
f 2191//3930 2181//3930 2185//3930 
f 2192//3931 2182//3931 2186//3931 
f 2192//3932 2187//3932 2182//3932 
f 2193//3933 2188//3933 2183//3933 
f 2193//3934 2183//3934 2187//3934 
f 2194//3935 2189//3935 810//3935 
f 2195//3936 2184//3936 2188//3936 
f 2195//3937 2190//3937 2184//3937 
f 2196//3938 2185//3938 2189//3938 
f 2196//3939 2191//3939 2185//3939 
f 2197//3940 2186//3940 2191//3940 
f 2197//3941 2192//3941 2186//3941 
f 2198//3942 2193//3942 2187//3942 
f 2198//3943 2187//3943 2192//3943 
f 2199//3944 2194//3944 810//3944 
f 2200//3945 2195//3945 2188//3945 
f 2200//3946 2188//3946 2193//3946 
f 2201//3947 2189//3947 2194//3947 
f 2201//3948 2196//3948 2189//3948 
f 2202//3949 2160//3949 2161//3949 
f 2202//3950 2161//3950 2190//3950 
f 2202//3951 2190//3951 2195//3951 
f 2203//3952 2191//3952 2196//3952 
f 2203//3953 2197//3953 2191//3953 
f 2204//3954 2198//3954 2192//3954 
f 2204//3955 2192//3955 2197//3955 
f 2205//3956 2199//3956 810//3956 
f 2206//3957 2200//3957 2193//3957 
f 2206//3958 2193//3958 2198//3958 
f 2207//3959 2194//3959 2199//3959 
f 2207//3960 2201//3960 2194//3960 
f 2208//3961 2202//3961 2195//3961 
f 2208//3962 2195//3962 2200//3962 
f 2209//3963 2196//3963 2201//3963 
f 2209//3964 2203//3964 2196//3964 
f 2210//3965 2159//3965 2160//3965 
f 2210//3966 2160//3966 2202//3966 
f 2211//3967 2197//3967 2203//3967 
f 2211//3968 2204//3968 2197//3968 
f 2212//3969 2205//3969 810//3969 
f 2213//3970 2198//3970 2204//3970 
f 2213//3971 2206//3971 2198//3971 
f 2214//3972 2207//3972 2199//3972 
f 2214//3973 2199//3973 2205//3973 
f 2215//3974 2208//3974 2200//3974 
f 2215//3975 2200//3975 2206//3975 
f 2216//3976 2201//3976 2207//3976 
f 2216//3977 2209//3977 2201//3977 
f 2217//3978 2210//3978 2202//3978 
f 2217//3979 2202//3979 2208//3979 
f 2218//3980 2203//3980 2209//3980 
f 2218//3981 2211//3981 2203//3981 
f 2219//3982 2212//3982 810//3982 
f 2220//3983 2204//3983 2211//3983 
f 2220//3984 2213//3984 2204//3984 
f 2221//3985 2205//3985 2212//3985 
f 2221//3986 2214//3986 2205//3986 
f 2222//3987 2215//3987 2206//3987 
f 2222//3988 2206//3988 2213//3988 
f 2223//3989 2207//3989 2214//3989 
f 2223//3990 2216//3990 2207//3990 
f 2224//3991 2217//3991 2208//3991 
f 2224//3992 2208//3992 2215//3992 
f 2225//3993 2209//3993 2216//3993 
f 2225//3994 2218//3994 2209//3994 
f 2226//3995 2210//3995 2217//3995 
f 2226//3996 2158//3996 2159//3996 
f 2226//3997 2157//3997 2158//3997 
f 2226//3998 2159//3998 2210//3998 
f 2227//3999 2219//3999 810//3999 
f 2228//4000 2220//4000 2211//4000 
f 2228//4001 2211//4001 2218//4001 
f 2229//4002 2221//4002 2212//4002 
f 2229//4003 2212//4003 2219//4003 
f 2230//4004 2213//4004 2220//4004 
f 2230//4005 2222//4005 2213//4005 
f 2231//4006 2223//4006 2214//4006 
f 2231//4007 2214//4007 2221//4007 
f 2232//4008 2215//4008 2222//4008 
f 2232//4009 2224//4009 2215//4009 
f 2233//4010 2225//4010 2216//4010 
f 2233//4011 2216//4011 2223//4011 
f 2234//4012 2217//4012 2224//4012 
f 2234//4013 2226//4013 2217//4013 
f 2235//4014 2227//4014 810//4014 
f 2236//4015 2228//4015 2218//4015 
f 2236//4016 2218//4016 2225//4016 
f 2237//4017 2157//4017 2226//4017 
f 2237//4018 2156//4018 2157//4018 
f 2238//4019 2219//4019 2227//4019 
f 2238//4020 2229//4020 2219//4020 
f 2239//4021 2230//4021 2220//4021 
f 2239//4022 2220//4022 2228//4022 
f 2240//4023 2221//4023 2229//4023 
f 2240//4024 2231//4024 2221//4024 
f 2241//4025 2222//4025 2230//4025 
f 2241//4026 2232//4026 2222//4026 
f 2242//4027 2223//4027 2231//4027 
f 2242//4028 2233//4028 2223//4028 
f 2243//4029 2224//4029 2232//4029 
f 2243//4030 2234//4030 2224//4030 
f 2244//4031 2235//4031 810//4031 
f 2245//4032 2236//4032 2225//4032 
f 2245//4033 2225//4033 2233//4033 
f 2246//4034 2226//4034 2234//4034 
f 2246//4035 2237//4035 2226//4035 
f 2247//4036 2227//4036 2235//4036 
f 2247//4037 2238//4037 2227//4037 
f 2248//4038 2228//4038 2236//4038 
f 2248//4039 2239//4039 2228//4039 
f 2249//4040 2240//4040 2229//4040 
f 2249//4041 2229//4041 2238//4041 
f 2250//4042 2230//4042 2239//4042 
f 2250//4043 2241//4043 2230//4043 
f 2251//4044 2242//4044 2231//4044 
f 2251//4045 2231//4045 2240//4045 
f 2252//4046 2232//4046 2241//4046 
f 2252//4047 2243//4047 2232//4047 
f 2253//4048 2244//4048 810//4048 
f 2254//4049 2245//4049 2233//4049 
f 2254//4050 2233//4050 2242//4050 
f 2255//4051 2234//4051 2243//4051 
f 2255//4052 2246//4052 2234//4052 
f 2256//4053 2247//4053 2235//4053 
f 2256//4054 2235//4054 2244//4054 
f 2257//4055 2248//4055 2236//4055 
f 2257//4056 2236//4056 2245//4056 
f 2258//4057 2155//4057 2156//4057 
f 2258//4058 2237//4058 2246//4058 
f 2258//4059 2154//4059 2155//4059 
f 2258//4060 2156//4060 2237//4060 
f 2259//4061 2238//4061 2247//4061 
f 2259//4062 2249//4062 2238//4062 
f 2260//4063 2250//4063 2239//4063 
f 2260//4064 2239//4064 2248//4064 
f 2261//4065 2251//4065 2240//4065 
f 2261//4066 2240//4066 2249//4066 
f 2262//4067 2241//4067 2250//4067 
f 2262//4068 2252//4068 2241//4068 
f 2263//4069 2253//4069 810//4069 
f 2264//4070 2242//4070 2251//4070 
f 2264//4071 2254//4071 2242//4071 
f 2265//4072 2243//4072 2252//4072 
f 2265//4073 2255//4073 2243//4073 
f 2266//4074 2244//4074 2253//4074 
f 2266//4075 2256//4075 2244//4075 
f 2267//4076 2245//4076 2254//4076 
f 2267//4077 2257//4077 2245//4077 
f 2268//4078 2246//4078 2255//4078 
f 2268//4079 2258//4079 2246//4079 
f 2269//4080 2259//4080 2247//4080 
f 2269//4081 2247//4081 2256//4081 
f 2270//4082 2248//4082 2257//4082 
f 2270//4083 2260//4083 2248//4083 
f 2271//4084 2153//4084 2154//4084 
f 2271//4085 2154//4085 2258//4085 
f 2272//4086 2261//4086 2249//4086 
f 2272//4087 2249//4087 2259//4087 
f 2273//4088 2250//4088 2260//4088 
f 2273//4089 2262//4089 2250//4089 
f 2274//4090 2263//4090 810//4090 
f 2275//4091 2251//4091 2261//4091 
f 2275//4092 2264//4092 2251//4092 
f 2276//4093 2252//4093 2262//4093 
f 2276//4094 2265//4094 2252//4094 
f 2277//4095 2266//4095 2253//4095 
f 2277//4096 2253//4096 2263//4096 
f 2278//4097 2267//4097 2254//4097 
f 2278//4098 2254//4098 2264//4098 
f 2279//4099 2255//4099 2265//4099 
f 2279//4100 2268//4100 2255//4100 
f 2280//4101 2256//4101 2266//4101 
f 2280//4102 2269//4102 2256//4102 
f 2281//4103 2270//4103 2257//4103 
f 2281//4104 2257//4104 2267//4104 
f 2282//4105 2258//4105 2268//4105 
f 2282//4106 2271//4106 2258//4106 
f 2283//4107 2259//4107 2269//4107 
f 2283//4108 2272//4108 2259//4108 
f 2284//4109 2260//4109 2270//4109 
f 2284//4110 2273//4110 2260//4110 
f 2285//4111 2274//4111 810//4111 
f 2286//4112 2275//4112 2261//4112 
f 2286//4113 2261//4113 2272//4113 
f 2287//4114 2276//4114 2262//4114 
f 2287//4115 2262//4115 2273//4115 
f 2288//4116 2277//4116 2263//4116 
f 2288//4117 2263//4117 2274//4117 
f 2289//4118 2278//4118 2264//4118 
f 2289//4119 2264//4119 2275//4119 
f 2290//4120 2279//4120 2265//4120 
f 2290//4121 2265//4121 2276//4121 
f 2291//4122 2280//4122 2266//4122 
f 2291//4123 2266//4123 2277//4123 
f 2292//4124 2267//4124 2278//4124 
f 2292//4125 2281//4125 2267//4125 
f 2293//4126 2268//4126 2279//4126 
f 2293//4127 2282//4127 2268//4127 
f 2294//4128 2283//4128 2269//4128 
f 2294//4129 2269//4129 2280//4129 
f 2295//4130 2284//4130 2270//4130 
f 2295//4131 2270//4131 2281//4131 
f 2296//4132 2152//4132 2153//4132 
f 2296//4133 2271//4133 2282//4133 
f 2296//4134 2153//4134 2271//4134 
f 2297//4135 2285//4135 810//4135 
f 2298//4136 2286//4136 2272//4136 
f 2298//4137 2272//4137 2283//4137 
f 2299//4138 2273//4138 2284//4138 
f 2299//4139 2287//4139 2273//4139 
f 2300//4140 2288//4140 2274//4140 
f 2300//4141 2274//4141 2285//4141 
f 2301//4142 2289//4142 2275//4142 
f 2301//4143 2275//4143 2286//4143 
f 2302//4144 2276//4144 2287//4144 
f 2302//4145 2290//4145 2276//4145 
f 2303//4146 2291//4146 2277//4146 
f 2303//4147 2277//4147 2288//4147 
f 2304//4148 2278//4148 2289//4148 
f 2304//4149 2292//4149 2278//4149 
f 2305//4150 2279//4150 2290//4150 
f 2305//4151 2293//4151 2279//4151 
f 2306//4152 2280//4152 2291//4152 
f 2306//4153 2294//4153 2280//4153 
f 2307//4154 2281//4154 2292//4154 
f 2307//4155 2295//4155 2281//4155 
f 2308//4156 2296//4156 2282//4156 
f 2308//4157 2282//4157 2293//4157 
f 2309//4158 2297//4158 810//4158 
f 2309//4159 810//4159 842//4159 
f 2310//4160 2283//4160 2294//4160 
f 2310//4161 2298//4161 2283//4161 
f 2311//4162 2299//4162 2284//4162 
f 2311//4163 2284//4163 2295//4163 
f 2312//4164 2151//4164 2152//4164 
f 2312//4165 2150//4165 2151//4165 
f 2312//4166 2152//4166 2296//4166 
f 2313//4167 2285//4167 2297//4167 
f 2313//4168 2300//4168 2285//4168 
f 2314//4169 2286//4169 2298//4169 
f 2314//4170 2301//4170 2286//4170 
f 2315//4171 2287//4171 2299//4171 
f 2315//4172 2302//4172 2287//4172 
f 2316//4173 2288//4173 2300//4173 
f 2316//4174 2303//4174 2288//4174 
f 2317//4175 2289//4175 2301//4175 
f 2317//4176 2304//4176 2289//4176 
f 2318//4177 2305//4177 2290//4177 
f 2318//4178 2290//4178 2302//4178 
f 2319//4179 2306//4179 2291//4179 
f 2319//4180 2291//4180 2303//4180 
f 2320//4181 2307//4181 2292//4181 
f 2320//4182 2292//4182 2304//4182 
f 2321//4183 2293//4183 2305//4183 
f 2321//4184 2308//4184 2293//4184 
f 2322//4185 2309//4185 842//4185 
f 2322//4186 842//4186 841//4186 
f 2323//4187 2310//4187 2294//4187 
f 2323//4188 2294//4188 2306//4188 
f 2324//4189 2295//4189 2307//4189 
f 2324//4190 2311//4190 2295//4190 
f 2325//4191 2312//4191 2296//4191 
f 2325//4192 2296//4192 2308//4192 
f 2326//4193 2313//4193 2297//4193 
f 2326//4194 2297//4194 2309//4194 
f 2327//4195 2298//4195 2310//4195 
f 2327//4196 2314//4196 2298//4196 
f 2328//4197 2315//4197 2299//4197 
f 2328//4198 2299//4198 2311//4198 
f 2329//4199 2300//4199 2313//4199 
f 2329//4200 2316//4200 2300//4200 
f 2330//4201 2301//4201 2314//4201 
f 2330//4202 2317//4202 2301//4202 
f 2331//4203 2302//4203 2315//4203 
f 2331//4204 2318//4204 2302//4204 
f 2332//4205 2303//4205 2316//4205 
f 2332//4206 2319//4206 2303//4206 
f 2333//4207 2304//4207 2317//4207 
f 2333//4208 2320//4208 2304//4208 
f 2334//4209 2305//4209 2318//4209 
f 2334//4210 2321//4210 2305//4210 
f 2335//4211 2306//4211 2319//4211 
f 2335//4212 2323//4212 2306//4212 
f 2336//4213 2324//4213 2307//4213 
f 2336//4214 2307//4214 2320//4214 
f 2337//4215 2325//4215 2308//4215 
f 2337//4216 2308//4216 2321//4216 
f 2338//4217 841//4217 840//4217 
f 2338//4218 2309//4218 2322//4218 
f 2338//4219 2322//4219 841//4219 
f 2338//4220 2326//4220 2309//4220 
f 2339//4221 2310//4221 2323//4221 
f 2339//4222 2327//4222 2310//4222 
f 2340//4223 2311//4223 2324//4223 
f 2340//4224 2328//4224 2311//4224 
f 2341//4225 2149//4225 2150//4225 
f 2341//4226 2312//4226 2325//4226 
f 2341//4227 2150//4227 2312//4227 
f 2342//4228 2329//4228 2313//4228 
f 2342//4229 2313//4229 2326//4229 
f 2343//4230 2314//4230 2327//4230 
f 2343//4231 2330//4231 2314//4231 
f 2344//4232 2331//4232 2315//4232 
f 2344//4233 2315//4233 2328//4233 
f 2345//4234 2316//4234 2329//4234 
f 2345//4235 2332//4235 2316//4235 
f 2346//4236 2333//4236 2317//4236 
f 2346//4237 2317//4237 2330//4237 
f 2347//4238 2318//4238 2331//4238 
f 2347//4239 2334//4239 2318//4239 
f 2348//4240 2335//4240 2319//4240 
f 2348//4241 2319//4241 2332//4241 
f 2349//4242 2320//4242 2333//4242 
f 2349//4243 2336//4243 2320//4243 
f 2350//4244 2321//4244 2334//4244 
f 2350//4245 2337//4245 2321//4245 
f 2351//4246 2323//4246 2335//4246 
f 2351//4247 2339//4247 2323//4247 
f 2352//4248 2340//4248 2324//4248 
f 2352//4249 2324//4249 2336//4249 
f 2353//4250 2325//4250 2337//4250 
f 2353//4251 2341//4251 2325//4251 
f 2354//4252 2326//4252 2338//4252 
f 2354//4253 2342//4253 2326//4253 
f 2355//4254 2327//4254 2339//4254 
f 2355//4255 2343//4255 2327//4255 
f 2356//4256 2344//4256 2328//4256 
f 2356//4257 2328//4257 2340//4257 
f 2357//4258 2148//4258 2149//4258 
f 2357//4259 2147//4259 2148//4259 
f 2357//4260 2149//4260 2341//4260 
f 2358//4261 2329//4261 2342//4261 
f 2358//4262 2345//4262 2329//4262 
f 2359//4263 2346//4263 2330//4263 
f 2359//4264 2330//4264 2343//4264 
f 2360//4265 2331//4265 2344//4265 
f 2360//4266 2347//4266 2331//4266 
f 2361//4267 2332//4267 2345//4267 
f 2361//4268 2348//4268 2332//4268 
f 2362//4269 2349//4269 2333//4269 
f 2362//4270 2333//4270 2346//4270 
f 2363//4271 2350//4271 2334//4271 
f 2363//4272 2334//4272 2347//4272 
f 2364//4273 2351//4273 2335//4273 
f 2364//4274 2335//4274 2348//4274 
f 2365//4275 2336//4275 2349//4275 
f 2365//4276 2352//4276 2336//4276 
f 2366//4277 2353//4277 2337//4277 
f 2366//4278 2337//4278 2350//4278 
f 2367//4279 840//4279 839//4279 
f 2367//4280 839//4280 838//4280 
f 2367//4281 2354//4281 2338//4281 
f 2367//4282 2338//4282 840//4282 
f 2368//4283 2355//4283 2339//4283 
f 2368//4284 2339//4284 2351//4284 
f 2369//4285 2340//4285 2352//4285 
f 2369//4286 2356//4286 2340//4286 
f 2370//4287 2341//4287 2353//4287 
f 2370//4288 2357//4288 2341//4288 
f 2371//4289 2358//4289 2342//4289 
f 2371//4290 2342//4290 2354//4290 
f 2372//4291 2359//4291 2343//4291 
f 2372//4292 2343//4292 2355//4292 
f 2373//4293 2344//4293 2356//4293 
f 2373//4294 2360//4294 2344//4294 
f 2374//4295 2361//4295 2345//4295 
f 2374//4296 2345//4296 2358//4296 
f 2375//4297 2346//4297 2359//4297 
f 2375//4298 2362//4298 2346//4298 
f 2376//4299 2363//4299 2347//4299 
f 2376//4300 2347//4300 2360//4300 
f 2377//4301 2348//4301 2361//4301 
f 2377//4302 2364//4302 2348//4302 
f 2378//4303 2349//4303 2362//4303 
f 2378//4304 2365//4304 2349//4304 
f 2379//4305 2350//4305 2363//4305 
f 2379//4306 2366//4306 2350//4306 
f 2380//4307 2368//4307 2351//4307 
f 2380//4308 2351//4308 2364//4308 
f 2381//4309 2369//4309 2352//4309 
f 2381//4310 2352//4310 2365//4310 
f 2382//4311 2353//4311 2366//4311 
f 2382//4312 2370//4312 2353//4312 
f 2383//4313 2354//4313 2367//4313 
f 2383//4314 838//4314 837//4314 
f 2383//4315 2371//4315 2354//4315 
f 2383//4316 2367//4316 838//4316 
f 2384//4317 2355//4317 2368//4317 
f 2384//4318 2372//4318 2355//4318 
f 2385//4319 2356//4319 2369//4319 
f 2385//4320 2373//4320 2356//4320 
f 2386//4321 2146//4321 2147//4321 
f 2386//4322 2147//4322 2357//4322 
f 2386//4323 2357//4323 2370//4323 
f 2387//4324 2358//4324 2371//4324 
f 2387//4325 2374//4325 2358//4325 
f 2388//4326 2375//4326 2359//4326 
f 2388//4327 2359//4327 2372//4327 
f 2389//4328 2376//4328 2360//4328 
f 2389//4329 2360//4329 2373//4329 
f 2390//4330 2361//4330 2374//4330 
f 2390//4331 2377//4331 2361//4331 
f 2391//4332 2362//4332 2375//4332 
f 2391//4333 2378//4333 2362//4333 
f 2392//4334 2363//4334 2376//4334 
f 2392//4335 2379//4335 2363//4335 
f 2393//4336 2380//4336 2364//4336 
f 2393//4337 2364//4337 2377//4337 
f 2394//4338 2365//4338 2378//4338 
f 2394//4339 2381//4339 2365//4339 
f 2395//4340 2382//4340 2366//4340 
f 2395//4341 2366//4341 2379//4341 
f 2396//4342 2368//4342 2380//4342 
f 2396//4343 2384//4343 2368//4343 
f 2397//4344 2369//4344 2381//4344 
f 2397//4345 2385//4345 2369//4345 
f 2398//4346 2370//4346 2382//4346 
f 2398//4347 2386//4347 2370//4347 
f 2399//4348 2371//4348 2383//4348 
f 2399//4349 2387//4349 2371//4349 
f 2400//4350 2372//4350 2384//4350 
f 2400//4351 2388//4351 2372//4351 
f 2401//4352 2373//4352 2385//4352 
f 2401//4353 2389//4353 2373//4353 
f 2402//4354 2145//4354 2146//4354 
f 2402//4355 2146//4355 2386//4355 
f 2403//4356 2374//4356 2387//4356 
f 2403//4357 2390//4357 2374//4357 
f 2404//4358 2391//4358 2375//4358 
f 2404//4359 2375//4359 2388//4359 
f 2405//4360 2376//4360 2389//4360 
f 2405//4361 2392//4361 2376//4361 
f 2406//4362 2393//4362 2377//4362 
f 2406//4363 2377//4363 2390//4363 
f 2407//4364 2378//4364 2391//4364 
f 2407//4365 2394//4365 2378//4365 
f 2408//4366 2395//4366 2379//4366 
f 2408//4367 2379//4367 2392//4367 
f 2409//4368 2380//4368 2393//4368 
f 2409//4369 2396//4369 2380//4369 
f 2410//4370 2397//4370 2381//4370 
f 2410//4371 2381//4371 2394//4371 
f 2411//4372 2398//4372 2382//4372 
f 2411//4373 2382//4373 2395//4373 
f 2412//4374 2383//4374 837//4374 
f 2412//4375 2399//4375 2383//4375 
f 2412//4376 837//4376 836//4376 
f 2412//4377 836//4377 835//4377 
f 2413//4378 2400//4378 2384//4378 
f 2413//4379 2384//4379 2396//4379 
f 2414//4380 2385//4380 2397//4380 
f 2414//4381 2401//4381 2385//4381 
f 2415//4382 2386//4382 2398//4382 
f 2415//4383 2402//4383 2386//4383 
f 2416//4384 2387//4384 2399//4384 
f 2416//4385 2403//4385 2387//4385 
f 2417//4386 2404//4386 2388//4386 
f 2417//4387 2388//4387 2400//4387 
f 2418//4388 2389//4388 2401//4388 
f 2418//4389 2405//4389 2389//4389 
f 2419//4390 2390//4390 2403//4390 
f 2419//4391 2406//4391 2390//4391 
f 2420//4392 2391//4392 2404//4392 
f 2420//4393 2407//4393 2391//4393 
f 2421//4394 2392//4394 2405//4394 
f 2421//4395 2408//4395 2392//4395 
f 2422//4396 2393//4396 2406//4396 
f 2422//4397 2409//4397 2393//4397 
f 2423//4398 2410//4398 2394//4398 
f 2423//4399 2394//4399 2407//4399 
f 2424//4400 2411//4400 2395//4400 
f 2424//4401 2395//4401 2408//4401 
f 2425//4402 2413//4402 2396//4402 
f 2425//4403 2396//4403 2409//4403 
f 2426//4404 2397//4404 2410//4404 
f 2426//4405 2414//4405 2397//4405 
f 2427//4406 2398//4406 2411//4406 
f 2427//4407 2415//4407 2398//4407 
f 2428//4408 2399//4408 2412//4408 
f 2428//4409 2412//4409 835//4409 
f 2428//4410 2416//4410 2399//4410 
f 2428//4411 835//4411 834//4411 
f 2429//4412 2417//4412 2400//4412 
f 2429//4413 2400//4413 2413//4413 
f 2430//4414 2401//4414 2414//4414 
f 2430//4415 2418//4415 2401//4415 
f 2431//4416 2402//4416 2415//4416 
f 2431//4417 2144//4417 2145//4417 
f 2431//4418 2143//4418 2144//4418 
f 2431//4419 2145//4419 2402//4419 
f 2432//4420 2403//4420 2416//4420 
f 2432//4421 2419//4421 2403//4421 
f 2433//4422 2404//4422 2417//4422 
f 2433//4423 2420//4423 2404//4423 
f 2434//4424 2421//4424 2405//4424 
f 2434//4425 2405//4425 2418//4425 
f 2435//4426 2422//4426 2406//4426 
f 2435//4427 2406//4427 2419//4427 
f 2436//4428 2407//4428 2420//4428 
f 2436//4429 2423//4429 2407//4429 
f 2437//4430 2408//4430 2421//4430 
f 2437//4431 2424//4431 2408//4431 
f 2438//4432 2425//4432 2409//4432 
f 2438//4433 2409//4433 2422//4433 
f 2439//4434 2410//4434 2423//4434 
f 2439//4435 2426//4435 2410//4435 
f 2440//4436 2411//4436 2424//4436 
f 2440//4437 2427//4437 2411//4437 
f 2441//4438 2413//4438 2425//4438 
f 2441//4439 2429//4439 2413//4439 
f 2442//4440 2414//4440 2426//4440 
f 2442//4441 2430//4441 2414//4441 
f 2443//4442 2415//4442 2427//4442 
f 2443//4443 2431//4443 2415//4443 
f 2444//4444 2416//4444 2428//4444 
f 2444//4445 2432//4445 2416//4445 
f 2445//4446 2433//4446 2417//4446 
f 2445//4447 2417//4447 2429//4447 
f 2446//4448 2434//4448 2418//4448 
f 2446//4449 2418//4449 2430//4449 
f 2447//4450 2142//4450 2143//4450 
f 2447//4451 2143//4451 2431//4451 
f 2448//4452 2419//4452 2432//4452 
f 2448//4453 2435//4453 2419//4453 
f 2449//4454 2436//4454 2420//4454 
f 2449//4455 2420//4455 2433//4455 
f 2450//4456 2437//4456 2421//4456 
f 2450//4457 2421//4457 2434//4457 
f 2451//4458 2422//4458 2435//4458 
f 2451//4459 2438//4459 2422//4459 
f 2452//4460 2439//4460 2423//4460 
f 2452//4461 2423//4461 2436//4461 
f 2453//4462 2424//4462 2437//4462 
f 2453//4463 2440//4463 2424//4463 
f 2454//4464 2425//4464 2438//4464 
f 2454//4465 2441//4465 2425//4465 
f 2455//4466 2442//4466 2426//4466 
f 2455//4467 2426//4467 2439//4467 
f 2456//4468 2443//4468 2427//4468 
f 2456//4469 2427//4469 2440//4469 
f 2457//4470 2444//4470 2428//4470 
f 2457//4471 834//4471 833//4471 
f 2457//4472 2428//4472 834//4472 
f 2458//4473 2429//4473 2441//4473 
f 2458//4474 2445//4474 2429//4474 
f 2459//4475 2446//4475 2430//4475 
f 2459//4476 2430//4476 2442//4476 
f 2460//4477 2447//4477 2431//4477 
f 2460//4478 2431//4478 2443//4478 
f 2461//4479 2432//4479 2444//4479 
f 2461//4480 2448//4480 2432//4480 
f 2462//4481 2449//4481 2433//4481 
f 2462//4482 2433//4482 2445//4482 
f 2463//4483 2450//4483 2434//4483 
f 2463//4484 2434//4484 2446//4484 
f 2464//4485 2435//4485 2448//4485 
f 2464//4486 2451//4486 2435//4486 
f 2465//4487 2452//4487 2436//4487 
f 2465//4488 2436//4488 2449//4488 
f 2466//4489 2437//4489 2450//4489 
f 2466//4490 2453//4490 2437//4490 
f 2467//4491 2454//4491 2438//4491 
f 2467//4492 2438//4492 2451//4492 
f 2468//4493 2455//4493 2439//4493 
f 2468//4494 2439//4494 2452//4494 
f 2469//4495 2456//4495 2440//4495 
f 2469//4496 2440//4496 2453//4496 
f 2470//4497 2458//4497 2441//4497 
f 2470//4498 2441//4498 2454//4498 
f 2471//4499 2459//4499 2442//4499 
f 2471//4500 2442//4500 2455//4500 
f 2472//4501 2460//4501 2443//4501 
f 2472//4502 2443//4502 2456//4502 
f 2473//4503 2457//4503 833//4503 
f 2473//4504 833//4504 832//4504 
f 2473//4505 832//4505 831//4505 
f 2473//4506 2461//4506 2444//4506 
f 2473//4507 2444//4507 2457//4507 
f 2474//4508 2462//4508 2445//4508 
f 2474//4509 2445//4509 2458//4509 
f 2475//4510 2446//4510 2459//4510 
f 2475//4511 2463//4511 2446//4511 
f 2476//4512 2447//4512 2460//4512 
f 2476//4513 2141//4513 2142//4513 
f 2476//4514 2140//4514 2141//4514 
f 2476//4515 2142//4515 2447//4515 
f 2477//4516 2448//4516 2461//4516 
f 2477//4517 2464//4517 2448//4517 
f 2478//4518 2465//4518 2449//4518 
f 2478//4519 2449//4519 2462//4519 
f 2479//4520 2450//4520 2463//4520 
f 2479//4521 2466//4521 2450//4521 
f 2480//4522 2467//4522 2451//4522 
f 2480//4523 2451//4523 2464//4523 
f 2481//4524 2452//4524 2465//4524 
f 2481//4525 2468//4525 2452//4525 
f 2482//4526 2453//4526 2466//4526 
f 2482//4527 2469//4527 2453//4527 
f 2483//4528 2470//4528 2454//4528 
f 2483//4529 2454//4529 2467//4529 
f 2484//4530 2471//4530 2455//4530 
f 2484//4531 2455//4531 2468//4531 
f 2485//4532 2472//4532 2456//4532 
f 2485//4533 2456//4533 2469//4533 
f 2486//4534 2458//4534 2470//4534 
f 2486//4535 2474//4535 2458//4535 
f 2487//4536 2459//4536 2471//4536 
f 2487//4537 2475//4537 2459//4537 
f 2488//4538 2460//4538 2472//4538 
f 2488//4539 2476//4539 2460//4539 
f 2489//4540 2477//4540 2461//4540 
f 2489//4541 2461//4541 2473//4541 
f 2490//4542 2462//4542 2474//4542 
f 2490//4543 2478//4543 2462//4543 
f 2491//4544 2463//4544 2475//4544 
f 2491//4545 2479//4545 2463//4545 
f 2492//4546 2139//4546 2140//4546 
f 2492//4547 2140//4547 2476//4547 
f 2493//4548 2480//4548 2464//4548 
f 2493//4549 2464//4549 2477//4549 
f 2494//4550 2465//4550 2478//4550 
f 2494//4551 2481//4551 2465//4551 
f 2495//4552 2466//4552 2479//4552 
f 2495//4553 2482//4553 2466//4553 
f 2496//4554 2483//4554 2467//4554 
f 2496//4555 2467//4555 2480//4555 
f 2497//4556 2468//4556 2481//4556 
f 2497//4557 2484//4557 2468//4557 
f 2498//4558 2469//4558 2482//4558 
f 2498//4559 2485//4559 2469//4559 
f 2499//4560 2470//4560 2483//4560 
f 2499//4561 2486//4561 2470//4561 
f 2500//4562 2471//4562 2484//4562 
f 2500//4563 2487//4563 2471//4563 
f 2501//4564 2472//4564 2485//4564 
f 2501//4565 2488//4565 2472//4565 
f 2502//4566 2473//4566 831//4566 
f 2502//4567 831//4567 830//4567 
f 2502//4568 2489//4568 2473//4568 
f 2503//4569 2474//4569 2486//4569 
f 2503//4570 2490//4570 2474//4570 
f 2504//4571 2475//4571 2487//4571 
f 2504//4572 2491//4572 2475//4572 
f 2505//4573 2476//4573 2488//4573 
f 2505//4574 2492//4574 2476//4574 
f 2506//4575 2493//4575 2477//4575 
f 2506//4576 2477//4576 2489//4576 
f 2507//4577 2494//4577 2478//4577 
f 2507//4578 2478//4578 2490//4578 
f 2508//4579 2479//4579 2491//4579 
f 2508//4580 2495//4580 2479//4580 
f 2509//4581 2480//4581 2493//4581 
f 2509//4582 2496//4582 2480//4582 
f 2510//4583 2481//4583 2494//4583 
f 2510//4584 2497//4584 2481//4584 
f 2511//4585 2482//4585 2495//4585 
f 2511//4586 2498//4586 2482//4586 
f 2512//4587 2499//4587 2483//4587 
f 2512//4588 2483//4588 2496//4588 
f 2513//4589 2484//4589 2497//4589 
f 2513//4590 2500//4590 2484//4590 
f 2514//4591 2501//4591 2485//4591 
f 2514//4592 2485//4592 2498//4592 
f 2515//4593 2486//4593 2499//4593 
f 2515//4594 2503//4594 2486//4594 
f 2516//4595 2504//4595 2487//4595 
f 2516//4596 2487//4596 2500//4596 
f 2517//4597 2505//4597 2488//4597 
f 2517//4598 2488//4598 2501//4598 
f 2518//4599 2502//4599 830//4599 
f 2518//4600 2506//4600 2489//4600 
f 2518//4601 830//4601 829//4601 
f 2518//4602 829//4602 828//4602 
f 2518//4603 2489//4603 2502//4603 
f 2519//4604 2490//4604 2503//4604 
f 2519//4605 2507//4605 2490//4605 
f 2520//4606 2508//4606 2491//4606 
f 2520//4607 2491//4607 2504//4607 
f 2521//4608 2492//4608 2505//4608 
f 2521//4609 2137//4609 2139//4609 
f 2521//4610 2522//4610 2169//4610 
f 2521//4611 2169//4611 2137//4611 
f 2521//4612 2139//4612 2492//4612 
f 2523//4613 2509//4613 2493//4613 
f 2523//4614 2493//4614 2506//4614 
f 2524//4615 2494//4615 2507//4615 
f 2524//4616 2510//4616 2494//4616 
f 2525//4617 2511//4617 2495//4617 
f 2525//4618 2495//4618 2508//4618 
f 2526//4619 2512//4619 2496//4619 
f 2526//4620 2496//4620 2509//4620 
f 2527//4621 2497//4621 2510//4621 
f 2527//4622 2513//4622 2497//4622 
f 2528//4623 2514//4623 2498//4623 
f 2528//4624 2498//4624 2511//4624 
f 2529//4625 2499//4625 2512//4625 
f 2529//4626 2515//4626 2499//4626 
f 2530//4627 2516//4627 2500//4627 
f 2530//4628 2500//4628 2513//4628 
f 2531//4629 2517//4629 2501//4629 
f 2531//4630 2501//4630 2514//4630 
f 2532//4631 2503//4631 2515//4631 
f 2532//4632 2519//4632 2503//4632 
f 2533//4633 2504//4633 2516//4633 
f 2533//4634 2520//4634 2504//4634 
f 2534//4635 2505//4635 2517//4635 
f 2534//4636 2535//4636 2522//4636 
f 2534//4637 2521//4637 2505//4637 
f 2534//4638 2522//4638 2521//4638 
f 2536//4639 2523//4639 2506//4639 
f 2536//4640 2506//4640 2518//4640 
f 2537//4641 2507//4641 2519//4641 
f 2537//4642 2524//4642 2507//4642 
f 2538//4643 2525//4643 2508//4643 
f 2538//4644 2508//4644 2520//4644 
f 2539//4645 2509//4645 2523//4645 
f 2539//4646 2526//4646 2509//4646 
f 2540//4647 2510//4647 2524//4647 
f 2540//4648 2527//4648 2510//4648 
f 2541//4649 2528//4649 2511//4649 
f 2541//4650 2511//4650 2525//4650 
f 2542//4651 2512//4651 2526//4651 
f 2542//4652 2529//4652 2512//4652 
f 2543//4653 2513//4653 2527//4653 
f 2543//4654 2530//4654 2513//4654 
f 2544//4655 2531//4655 2514//4655 
f 2544//4656 2514//4656 2528//4656 
f 2545//4657 2532//4657 2515//4657 
f 2545//4658 2515//4658 2529//4658 
f 2546//4659 2516//4659 2530//4659 
f 2546//4660 2533//4660 2516//4660 
f 2547//4661 2535//4661 2534//4661 
f 2547//4662 2534//4662 2517//4662 
f 2547//4663 2517//4663 2531//4663 
f 2547//4664 2548//4664 2535//4664 
f 2547//4665 2549//4665 2548//4665 
f 2550//4666 2518//4666 828//4666 
f 2550//4667 828//4667 827//4667 
f 2550//4668 2536//4668 2518//4668 
f 2551//4669 2519//4669 2532//4669 
f 2551//4670 2537//4670 2519//4670 
f 2552//4671 2538//4671 2520//4671 
f 2552//4672 2520//4672 2533//4672 
f 2553//4673 2523//4673 2536//4673 
f 2553//4674 2539//4674 2523//4674 
f 2554//4675 2524//4675 2537//4675 
f 2554//4676 2540//4676 2524//4676 
f 2555//4677 2525//4677 2538//4677 
f 2555//4678 2541//4678 2525//4678 
f 2556//4679 2542//4679 2526//4679 
f 2556//4680 2526//4680 2539//4680 
f 2557//4681 2527//4681 2540//4681 
f 2557//4682 2543//4682 2527//4682 
f 2558//4683 2544//4683 2528//4683 
f 2558//4684 2528//4684 2541//4684 
f 2559//4685 2529//4685 2542//4685 
f 2559//4686 2545//4686 2529//4686 
f 2560//4687 2546//4687 2530//4687 
f 2560//4688 2530//4688 2543//4688 
f 2561//4689 2549//4689 2547//4689 
f 2561//4690 2547//4690 2531//4690 
f 2561//4691 2531//4691 2544//4691 
f 2561//4692 2562//4692 2549//4692 
f 2563//4693 2551//4693 2532//4693 
f 2563//4694 2532//4694 2545//4694 
f 2564//4695 2552//4695 2533//4695 
f 2564//4696 2533//4696 2546//4696 
f 2565//4697 2550//4697 827//4697 
f 2565//4698 2536//4698 2550//4698 
f 2565//4699 827//4699 826//4699 
f 2565//4700 2553//4700 2536//4700 
f 2566//4701 2554//4701 2537//4701 
f 2566//4702 2537//4702 2551//4702 
f 2567//4703 2555//4703 2538//4703 
f 2567//4704 2538//4704 2552//4704 
f 2568//4705 2539//4705 2553//4705 
f 2568//4706 2556//4706 2539//4706 
f 2569//4707 2540//4707 2554//4707 
f 2569//4708 2557//4708 2540//4708 
f 2570//4709 2558//4709 2541//4709 
f 2570//4710 2541//4710 2555//4710 
f 2571//4711 2559//4711 2542//4711 
f 2571//4712 2542//4712 2556//4712 
f 2572//4713 2543//4713 2557//4713 
f 2572//4714 2560//4714 2543//4714 
f 2573//4715 2561//4715 2544//4715 
f 2573//4716 2544//4716 2558//4716 
f 2573//4717 2562//4717 2561//4717 
f 2573//4718 2574//4718 2562//4718 
f 2573//4719 2575//4719 2574//4719 
f 2576//4720 2563//4720 2545//4720 
f 2576//4721 2545//4721 2559//4721 
f 2577//4722 2564//4722 2546//4722 
f 2577//4723 2546//4723 2560//4723 
f 2578//4724 2551//4724 2563//4724 
f 2578//4725 2566//4725 2551//4725 
f 2579//4726 2567//4726 2552//4726 
f 2579//4727 2552//4727 2564//4727 
f 2580//4728 2553//4728 2565//4728 
f 2580//4729 2568//4729 2553//4729 
f 2581//4730 2554//4730 2566//4730 
f 2581//4731 2569//4731 2554//4731 
f 2582//4732 2555//4732 2567//4732 
f 2582//4733 2570//4733 2555//4733 
f 2583//4734 2556//4734 2568//4734 
f 2583//4735 2571//4735 2556//4735 
f 2584//4736 2572//4736 2557//4736 
f 2584//4737 2557//4737 2569//4737 
f 2585//4738 2573//4738 2558//4738 
f 2585//4739 2558//4739 2570//4739 
f 2585//4740 2575//4740 2573//4740 
f 2585//4741 2586//4741 2575//4741 
f 2587//4742 2576//4742 2559//4742 
f 2587//4743 2559//4743 2571//4743 
f 2588//4744 2577//4744 2560//4744 
f 2588//4745 2560//4745 2572//4745 
f 2589//4746 2578//4746 2563//4746 
f 2589//4747 2563//4747 2576//4747 
f 2590//4748 2564//4748 2577//4748 
f 2590//4749 2579//4749 2564//4749 
f 2591//4750 2580//4750 2565//4750 
f 2591//4751 2565//4751 826//4751 
f 2591//4752 826//4752 825//4752 
f 2591//4753 825//4753 824//4753 
f 2592//4754 2581//4754 2566//4754 
f 2592//4755 2566//4755 2578//4755 
f 2593//4756 2582//4756 2567//4756 
f 2593//4757 2567//4757 2579//4757 
f 2594//4758 2568//4758 2580//4758 
f 2594//4759 2583//4759 2568//4759 
f 2595//4760 2584//4760 2569//4760 
f 2595//4761 2569//4761 2581//4761 
f 2596//4762 2570//4762 2582//4762 
f 2596//4763 2597//4763 2586//4763 
f 2596//4764 2585//4764 2570//4764 
f 2596//4765 2586//4765 2585//4765 
f 2598//4766 2587//4766 2571//4766 
f 2598//4767 2571//4767 2583//4767 
f 2599//4768 2588//4768 2572//4768 
f 2599//4769 2572//4769 2584//4769 
f 2600//4770 2589//4770 2576//4770 
f 2600//4771 2576//4771 2587//4771 
f 2601//4772 2590//4772 2577//4772 
f 2601//4773 2577//4773 2588//4773 
f 2602//4774 2592//4774 2578//4774 
f 2602//4775 2578//4775 2589//4775 
f 2603//4776 2579//4776 2590//4776 
f 2603//4777 2593//4777 2579//4777 
f 2604//4778 2591//4778 824//4778 
f 2604//4779 2594//4779 2580//4779 
f 2604//4780 824//4780 823//4780 
f 2604//4781 2580//4781 2591//4781 
f 2605//4782 2581//4782 2592//4782 
f 2605//4783 2595//4783 2581//4783 
f 2606//4784 2597//4784 2596//4784 
f 2606//4785 2596//4785 2582//4785 
f 2606//4786 2607//4786 2597//4786 
f 2606//4787 2608//4787 2607//4787 
f 2606//4788 2582//4788 2593//4788 
f 2609//4789 2598//4789 2583//4789 
f 2609//4790 2583//4790 2594//4790 
f 2610//4791 2599//4791 2584//4791 
f 2610//4792 2584//4792 2595//4792 
f 2611//4793 2600//4793 2587//4793 
f 2611//4794 2587//4794 2598//4794 
f 2612//4795 2588//4795 2599//4795 
f 2612//4796 2601//4796 2588//4796 
f 2613//4797 2589//4797 2600//4797 
f 2613//4798 2602//4798 2589//4798 
f 2614//4799 2603//4799 2590//4799 
f 2614//4800 2590//4800 2601//4800 
f 2615//4801 2592//4801 2602//4801 
f 2615//4802 2605//4802 2592//4802 
f 2616//4803 2608//4803 2606//4803 
f 2616//4804 2606//4804 2593//4804 
f 2616//4805 2617//4805 2608//4805 
f 2616//4806 2593//4806 2603//4806 
f 2618//4807 2609//4807 2594//4807 
f 2618//4808 2594//4808 2604//4808 
f 2619//4809 2610//4809 2595//4809 
f 2619//4810 2595//4810 2605//4810 
f 2620//4811 2598//4811 2609//4811 
f 2620//4812 2611//4812 2598//4812 
f 2621//4813 2612//4813 2599//4813 
f 2621//4814 2599//4814 2610//4814 
f 2622//4815 2613//4815 2600//4815 
f 2622//4816 2600//4816 2611//4816 
f 2623//4817 2614//4817 2601//4817 
f 2623//4818 2601//4818 2612//4818 
f 2624//4819 2602//4819 2613//4819 
f 2624//4820 2615//4820 2602//4820 
f 2625//4821 2603//4821 2614//4821 
f 2625//4822 2616//4822 2603//4822 
f 2625//4823 2626//4823 2617//4823 
f 2625//4824 2627//4824 2626//4824 
f 2625//4825 2617//4825 2616//4825 
f 2628//4826 2604//4826 823//4826 
f 2628//4827 823//4827 822//4827 
f 2628//4828 822//4828 821//4828 
f 2628//4829 2618//4829 2604//4829 
f 2629//4830 2605//4830 2615//4830 
f 2629//4831 2619//4831 2605//4831 
f 2630//4832 2620//4832 2609//4832 
f 2630//4833 2609//4833 2618//4833 
f 2631//4834 2621//4834 2610//4834 
f 2631//4835 2610//4835 2619//4835 
f 2632//4836 2611//4836 2620//4836 
f 2632//4837 2622//4837 2611//4837 
f 2633//4838 2623//4838 2612//4838 
f 2633//4839 2612//4839 2621//4839 
f 2634//4840 2613//4840 2622//4840 
f 2634//4841 2624//4841 2613//4841 
f 2635//4842 2627//4842 2625//4842 
f 2635//4843 2625//4843 2614//4843 
f 2635//4844 2614//4844 2623//4844 
f 2635//4845 2636//4845 2627//4845 
f 2637//4846 2629//4846 2615//4846 
f 2637//4847 2615//4847 2624//4847 
f 2638//4848 2628//4848 821//4848 
f 2638//4849 2618//4849 2628//4849 
f 2638//4850 2630//4850 2618//4850 
f 2638//4851 821//4851 820//4851 
f 2639//4852 2631//4852 2619//4852 
f 2639//4853 2619//4853 2629//4853 
f 2640//4854 2632//4854 2620//4854 
f 2640//4855 2620//4855 2630//4855 
f 2641//4856 2621//4856 2631//4856 
f 2641//4857 2633//4857 2621//4857 
f 2642//4858 2634//4858 2622//4858 
f 2642//4859 2622//4859 2632//4859 
f 2643//4860 2635//4860 2623//4860 
f 2643//4861 2636//4861 2635//4861 
f 2643//4862 2644//4862 2636//4862 
f 2643//4863 2623//4863 2633//4863 
f 2645//4864 2624//4864 2634//4864 
f 2645//4865 2637//4865 2624//4865 
f 2646//4866 2639//4866 2629//4866 
f 2646//4867 2629//4867 2637//4867 
f 2647//4868 2630//4868 2638//4868 
f 2647//4869 2640//4869 2630//4869 
f 2648//4870 2631//4870 2639//4870 
f 2648//4871 2641//4871 2631//4871 
f 2649//4872 2642//4872 2632//4872 
f 2649//4873 2632//4873 2640//4873 
f 2650//4874 2633//4874 2641//4874 
f 2650//4875 2644//4875 2643//4875 
f 2650//4876 2643//4876 2633//4876 
f 2650//4877 2651//4877 2644//4877 
f 2650//4878 2652//4878 2651//4878 
f 2653//4879 2634//4879 2642//4879 
f 2653//4880 2645//4880 2634//4880 
f 2654//4881 2637//4881 2645//4881 
f 2654//4882 2646//4882 2637//4882 
f 2655//4883 2647//4883 2638//4883 
f 2655//4884 2638//4884 820//4884 
f 2655//4885 820//4885 819//4885 
f 2656//4886 2639//4886 2646//4886 
f 2656//4887 2648//4887 2639//4887 
f 2657//4888 2640//4888 2647//4888 
f 2657//4889 2649//4889 2640//4889 
f 2658//4890 2641//4890 2648//4890 
f 2658//4891 2650//4891 2641//4891 
f 2658//4892 2652//4892 2650//4892 
f 2658//4893 2659//4893 2652//4893 
f 2660//4894 2642//4894 2649//4894 
f 2660//4895 2653//4895 2642//4895 
f 2661//4896 2645//4896 2653//4896 
f 2661//4897 2654//4897 2645//4897 
f 2662//4898 2656//4898 2646//4898 
f 2662//4899 2646//4899 2654//4899 
f 2663//4900 2657//4900 2647//4900 
f 2663//4901 819//4901 818//4901 
f 2663//4902 2647//4902 2655//4902 
f 2663//4903 818//4903 817//4903 
f 2663//4904 2655//4904 819//4904 
f 2664//4905 2648//4905 2656//4905 
f 2664//4906 2658//4906 2648//4906 
f 2664//4907 2659//4907 2658//4907 
f 2664//4908 2665//4908 2659//4908 
f 2664//4909 2666//4909 2665//4909 
f 2667//4910 2649//4910 2657//4910 
f 2667//4911 2660//4911 2649//4911 
f 2668//4912 2653//4912 2660//4912 
f 2668//4913 2661//4913 2653//4913 
f 2669//4914 2662//4914 2654//4914 
f 2669//4915 2654//4915 2661//4915 
f 2670//4916 2666//4916 2664//4916 
f 2670//4917 2664//4917 2656//4917 
f 2670//4918 2656//4918 2662//4918 
f 2670//4919 2671//4919 2666//4919 
f 2672//4920 2667//4920 2657//4920 
f 2672//4921 2657//4921 2663//4921 
f 2673//4922 2660//4922 2667//4922 
f 2673//4923 2668//4923 2660//4923 
f 2674//4924 2669//4924 2661//4924 
f 2674//4925 2661//4925 2668//4925 
f 2675//4926 2670//4926 2662//4926 
f 2675//4927 2671//4927 2670//4927 
f 2675//4928 2676//4928 2671//4928 
f 2675//4929 2662//4929 2669//4929 
f 2677//4930 2672//4930 2663//4930 
f 2677//4931 817//4931 816//4931 
f 2677//4932 2663//4932 817//4932 
f 2678//4933 2667//4933 2672//4933 
f 2678//4934 2673//4934 2667//4934 
f 2679//4935 2668//4935 2673//4935 
f 2679//4936 2674//4936 2668//4936 
f 2680//4937 2675//4937 2669//4937 
f 2680//4938 2669//4938 2674//4938 
f 2680//4939 2676//4939 2675//4939 
f 2680//4940 2681//4940 2676//4940 
f 2680//4941 2682//4941 2681//4941 
f 2683//4942 2672//4942 2677//4942 
f 2683//4943 2678//4943 2672//4943 
f 2683//4944 2677//4944 816//4944 
f 2683//4945 816//4945 815//4945 
f 2683//4946 815//4946 814//4946 
f 2684//4947 2679//4947 2673//4947 
f 2684//4948 2673//4948 2678//4948 
f 2685//4949 2680//4949 2674//4949 
f 2685//4950 2682//4950 2680//4950 
f 2685//4951 2674//4951 2679//4951 
f 2685//4952 2686//4952 2682//4952 
f 2687//4953 2678//4953 2683//4953 
f 2687//4954 2684//4954 2678//4954 
f 2688//4955 2679//4955 2684//4955 
f 2688//4956 2685//4956 2679//4956 
f 2688//4957 2686//4957 2685//4957 
f 2688//4958 2689//4958 2686//4958 
f 2688//4959 2690//4959 2689//4959 
f 2691//4960 2683//4960 814//4960 
f 2691//4961 2687//4961 2683//4961 
f 2691//4962 814//4962 813//4962 
f 2692//4963 2684//4963 2687//4963 
f 2692//4964 2690//4964 2688//4964 
f 2692//4965 2688//4965 2684//4965 
f 2692//4966 2693//4966 2690//4966 
f 2694//4967 2692//4967 2687//4967 
f 2694//4968 2687//4968 2691//4968 
f 2694//4969 2691//4969 813//4969 
f 2694//4970 2693//4970 2692//4970 
f 2694//4971 813//4971 812//4971 
f 2694//4972 812//4972 2170//4972 
f 2694//4973 2170//4973 2693//4973 
f 2695//4974 2138//4974 2169//4974 
f 2696//4975 2169//4975 2522//4975 
f 2696//4976 2695//4976 2169//4976 
f 2697//4977 2522//4977 2535//4977 
f 2697//4978 2696//4978 2522//4978 
f 2698//4979 2535//4979 2548//4979 
f 2698//4980 2697//4980 2535//4980 
f 2699//4981 2548//4981 2549//4981 
f 2699//4982 2698//4982 2548//4982 
f 2700//4983 2549//4983 2562//4983 
f 2700//4984 2699//4984 2549//4984 
f 2701//4985 2562//4985 2574//4985 
f 2701//4986 2700//4986 2562//4986 
f 2702//4987 2574//4987 2575//4987 
f 2702//4988 2701//4988 2574//4988 
f 2703//4989 2702//4989 2575//4989 
f 2703//4990 2575//4990 2586//4990 
f 2704//4991 2703//4991 2586//4991 
f 2704//4992 2586//4992 2597//4992 
f 2705//4993 2597//4993 2607//4993 
f 2705//4994 2704//4994 2597//4994 
f 2706//4995 2607//4995 2608//4995 
f 2706//4996 2705//4996 2607//4996 
f 2707//4997 2608//4997 2617//4997 
f 2707//4998 2706//4998 2608//4998 
f 2708//4999 2617//4999 2626//4999 
f 2708//5000 2707//5000 2617//5000 
f 2709//5001 2626//5001 2627//5001 
f 2709//5002 2708//5002 2626//5002 
f 2710//5003 2627//5003 2636//5003 
f 2710//5004 2709//5004 2627//5004 
f 2711//5005 2636//5005 2644//5005 
f 2711//5006 2710//5006 2636//5006 
f 2712//5007 2644//5007 2651//5007 
f 2712//5008 2711//5008 2644//5008 
f 2713//5009 2651//5009 2652//5009 
f 2713//5010 2712//5010 2651//5010 
f 2714//5011 2652//5011 2659//5011 
f 2714//5012 2713//5012 2652//5012 
f 2715//5013 2659//5013 2665//5013 
f 2715//5014 2714//5014 2659//5014 
f 2716//5015 2665//5015 2666//5015 
f 2716//5016 2715//5016 2665//5016 
f 2717//5017 2666//5017 2671//5017 
f 2717//5018 2716//5018 2666//5018 
f 2718//5019 2671//5019 2676//5019 
f 2718//5020 2717//5020 2671//5020 
f 2719//5021 2718//5021 2676//5021 
f 2720//5022 2676//5022 2681//5022 
f 2720//5023 2719//5023 2676//5023 
f 2721//5024 2681//5024 2682//5024 
f 2721//5025 2682//5025 2686//5025 
f 2721//5026 2720//5026 2681//5026 
f 2722//5027 2721//5027 2686//5027 
f 2723//5028 2686//5028 2689//5028 
f 2723//5029 2689//5029 2690//5029 
f 2723//5030 2722//5030 2686//5030 
f 2724//5031 2723//5031 2690//5031 
f 2725//5032 2690//5032 2693//5032 
f 2725//5033 2693//5033 2170//5033 
f 2725//5034 2724//5034 2690//5034 
f 2726//5035 2170//5035 811//5035 
f 2726//5036 2725//5036 2170//5036 
f 843//5037 2726//5037 811//5037 
f 844//5038 2727//5038 845//5038 
f 2728//5039 2695//5039 2696//5039 
f 874//5040 2729//5040 875//5040 
f 2729//5041 2730//5041 875//5041 
f 875//5042 2730//5042 843//5042 
f 2730//5043 2731//5043 843//5043 
f 873//5044 2732//5044 874//5044 
f 874//5045 2732//5045 2729//5045 
f 2729//5046 2732//5046 2730//5046 
f 2731//5047 2733//5047 843//5047 
f 2732//5048 2734//5048 2730//5048 
f 2730//5049 2734//5049 2731//5049 
f 872//5050 2735//5050 873//5050 
f 871//5051 2735//5051 872//5051 
f 873//5052 2735//5052 2732//5052 
f 2733//5053 2736//5053 843//5053 
f 2734//5054 2737//5054 2731//5054 
f 2731//5055 2737//5055 2733//5055 
f 2735//5056 2738//5056 2732//5056 
f 2732//5057 2738//5057 2734//5057 
f 2736//5058 2739//5058 843//5058 
f 2733//5059 2740//5059 2736//5059 
f 2737//5060 2740//5060 2733//5060 
f 2738//5061 2741//5061 2734//5061 
f 2734//5062 2741//5062 2737//5062 
f 870//5063 2742//5063 871//5063 
f 2735//5064 2742//5064 2738//5064 
f 871//5065 2742//5065 2735//5065 
f 2739//5066 2743//5066 843//5066 
f 2740//5067 2744//5067 2736//5067 
f 2736//5068 2744//5068 2739//5068 
f 2741//5069 2745//5069 2737//5069 
f 2737//5070 2745//5070 2740//5070 
f 2742//5071 2746//5071 2738//5071 
f 2738//5072 2746//5072 2741//5072 
f 2743//5073 2747//5073 843//5073 
f 869//5074 2748//5074 870//5074 
f 868//5075 2748//5075 869//5075 
f 870//5076 2748//5076 2742//5076 
f 2744//5077 2749//5077 2739//5077 
f 2739//5078 2749//5078 2743//5078 
f 2740//5079 2750//5079 2744//5079 
f 2745//5080 2750//5080 2740//5080 
f 2746//5081 2751//5081 2741//5081 
f 2741//5082 2751//5082 2745//5082 
f 2747//5083 2752//5083 843//5083 
f 2742//5084 2753//5084 2746//5084 
f 2748//5085 2753//5085 2742//5085 
f 2743//5086 2754//5086 2747//5086 
f 2749//5087 2754//5087 2743//5087 
f 2744//5088 2755//5088 2749//5088 
f 2750//5089 2755//5089 2744//5089 
f 2751//5090 2756//5090 2745//5090 
f 2745//5091 2756//5091 2750//5091 
f 2752//5092 2757//5092 843//5092 
f 2753//5093 2758//5093 2746//5093 
f 2746//5094 2758//5094 2751//5094 
f 2747//5095 2759//5095 2752//5095 
f 2754//5096 2759//5096 2747//5096 
f 867//5097 2760//5097 868//5097 
f 868//5098 2760//5098 2748//5098 
f 2748//5099 2760//5099 2753//5099 
f 2749//5100 2761//5100 2754//5100 
f 2755//5101 2761//5101 2749//5101 
f 2756//5102 2762//5102 2750//5102 
f 2750//5103 2762//5103 2755//5103 
f 2757//5104 2763//5104 843//5104 
f 2751//5105 2764//5105 2756//5105 
f 2758//5106 2764//5106 2751//5106 
f 2752//5107 2765//5107 2757//5107 
f 2759//5108 2765//5108 2752//5108 
f 2760//5109 2766//5109 2753//5109 
f 2753//5110 2766//5110 2758//5110 
f 2754//5111 2767//5111 2759//5111 
f 2761//5112 2767//5112 2754//5112 
f 866//5113 2768//5113 867//5113 
f 867//5114 2768//5114 2760//5114 
f 2755//5115 2769//5115 2761//5115 
f 2762//5116 2769//5116 2755//5116 
f 2763//5117 2770//5117 843//5117 
f 2756//5118 2771//5118 2762//5118 
f 2764//5119 2771//5119 2756//5119 
f 2765//5120 2772//5120 2757//5120 
f 2757//5121 2772//5121 2763//5121 
f 2766//5122 2773//5122 2758//5122 
f 2758//5123 2773//5123 2764//5123 
f 2759//5124 2774//5124 2765//5124 
f 2767//5125 2774//5125 2759//5125 
f 2768//5126 2775//5126 2760//5126 
f 2760//5127 2775//5127 2766//5127 
f 2769//5128 2776//5128 2761//5128 
f 2761//5129 2776//5129 2767//5129 
f 2770//5130 2777//5130 843//5130 
f 2762//5131 2778//5131 2769//5131 
f 2771//5132 2778//5132 2762//5132 
f 2763//5133 2779//5133 2770//5133 
f 2772//5134 2779//5134 2763//5134 
f 2773//5135 2780//5135 2764//5135 
f 2764//5136 2780//5136 2771//5136 
f 2765//5137 2781//5137 2772//5137 
f 2774//5138 2781//5138 2765//5138 
f 2775//5139 2782//5139 2766//5139 
f 2766//5140 2782//5140 2773//5140 
f 2767//5141 2783//5141 2774//5141 
f 2776//5142 2783//5142 2767//5142 
f 2768//5143 2784//5143 2775//5143 
f 865//5144 2784//5144 866//5144 
f 864//5145 2784//5145 865//5145 
f 866//5146 2784//5146 2768//5146 
f 2777//5147 2785//5147 843//5147 
f 2769//5148 2786//5148 2776//5148 
f 2778//5149 2786//5149 2769//5149 
f 2779//5150 2787//5150 2770//5150 
f 2770//5151 2787//5151 2777//5151 
f 2771//5152 2788//5152 2778//5152 
f 2780//5153 2788//5153 2771//5153 
f 2781//5154 2789//5154 2772//5154 
f 2772//5155 2789//5155 2779//5155 
f 2773//5156 2790//5156 2780//5156 
f 2782//5157 2790//5157 2773//5157 
f 2774//5158 2791//5158 2781//5158 
f 2783//5159 2791//5159 2774//5159 
f 2784//5160 2792//5160 2775//5160 
f 2775//5161 2792//5161 2782//5161 
f 2785//5162 2793//5162 843//5162 
f 2776//5163 2794//5163 2783//5163 
f 2786//5164 2794//5164 2776//5164 
f 864//5165 2795//5165 2784//5165 
f 863//5166 2795//5166 864//5166 
f 2777//5167 2796//5167 2785//5167 
f 2787//5168 2796//5168 2777//5168 
f 2788//5169 2797//5169 2778//5169 
f 2778//5170 2797//5170 2786//5170 
f 2779//5171 2798//5171 2787//5171 
f 2789//5172 2798//5172 2779//5172 
f 2780//5173 2799//5173 2788//5173 
f 2790//5174 2799//5174 2780//5174 
f 2781//5175 2800//5175 2789//5175 
f 2791//5176 2800//5176 2781//5176 
f 2782//5177 2801//5177 2790//5177 
f 2792//5178 2801//5178 2782//5178 
f 2793//5179 2802//5179 843//5179 
f 2783//5180 2803//5180 2791//5180 
f 2794//5181 2803//5181 2783//5181 
f 2784//5182 2804//5182 2792//5182 
f 2795//5183 2804//5183 2784//5183 
f 2785//5184 2805//5184 2793//5184 
f 2796//5185 2805//5185 2785//5185 
f 2786//5186 2806//5186 2794//5186 
f 2797//5187 2806//5187 2786//5187 
f 2798//5188 2807//5188 2787//5188 
f 2787//5189 2807//5189 2796//5189 
f 2788//5190 2808//5190 2797//5190 
f 2799//5191 2808//5191 2788//5191 
f 2800//5192 2809//5192 2789//5192 
f 2789//5193 2809//5193 2798//5193 
f 2790//5194 2810//5194 2799//5194 
f 2801//5195 2810//5195 2790//5195 
f 2802//5196 2811//5196 843//5196 
f 2791//5197 2812//5197 2800//5197 
f 2803//5198 2812//5198 2791//5198 
f 2792//5199 2813//5199 2801//5199 
f 2804//5200 2813//5200 2792//5200 
f 2805//5201 2814//5201 2793//5201 
f 2793//5202 2814//5202 2802//5202 
f 2806//5203 2815//5203 2794//5203 
f 2794//5204 2815//5204 2803//5204 
f 862//5205 2816//5205 863//5205 
f 2795//5206 2816//5206 2804//5206 
f 861//5207 2816//5207 862//5207 
f 863//5208 2816//5208 2795//5208 
f 2796//5209 2817//5209 2805//5209 
f 2807//5210 2817//5210 2796//5210 
f 2797//5211 2818//5211 2806//5211 
f 2808//5212 2818//5212 2797//5212 
f 2798//5213 2819//5213 2807//5213 
f 2809//5214 2819//5214 2798//5214 
f 2799//5215 2820//5215 2808//5215 
f 2810//5216 2820//5216 2799//5216 
f 2811//5217 2821//5217 843//5217 
f 2812//5218 2822//5218 2800//5218 
f 2800//5219 2822//5219 2809//5219 
f 2801//5220 2823//5220 2810//5220 
f 2813//5221 2823//5221 2801//5221 
f 2802//5222 2824//5222 2811//5222 
f 2814//5223 2824//5223 2802//5223 
f 2803//5224 2825//5224 2812//5224 
f 2815//5225 2825//5225 2803//5225 
f 2804//5226 2826//5226 2813//5226 
f 2816//5227 2826//5227 2804//5227 
f 2817//5228 2827//5228 2805//5228 
f 2805//5229 2827//5229 2814//5229 
f 2818//5230 2828//5230 2806//5230 
f 2806//5231 2828//5231 2815//5231 
f 860//5232 2829//5232 861//5232 
f 861//5233 2829//5233 2816//5233 
f 2819//5234 2830//5234 2807//5234 
f 2807//5235 2830//5235 2817//5235 
f 2808//5236 2831//5236 2818//5236 
f 2820//5237 2831//5237 2808//5237 
f 2821//5238 2832//5238 843//5238 
f 2822//5239 2833//5239 2809//5239 
f 2809//5240 2833//5240 2819//5240 
f 2823//5241 2834//5241 2810//5241 
f 2810//5242 2834//5242 2820//5242 
f 2824//5243 2835//5243 2811//5243 
f 2811//5244 2835//5244 2821//5244 
f 2812//5245 2836//5245 2822//5245 
f 2825//5246 2836//5246 2812//5246 
f 2813//5247 2837//5247 2823//5247 
f 2826//5248 2837//5248 2813//5248 
f 2827//5249 2838//5249 2814//5249 
f 2814//5250 2838//5250 2824//5250 
f 2828//5251 2839//5251 2815//5251 
f 2815//5252 2839//5252 2825//5252 
f 2816//5253 2840//5253 2826//5253 
f 2829//5254 2840//5254 2816//5254 
f 2817//5255 2841//5255 2827//5255 
f 2830//5256 2841//5256 2817//5256 
f 2818//5257 2842//5257 2828//5257 
f 2831//5258 2842//5258 2818//5258 
f 2832//5259 2843//5259 843//5259 
f 2833//5260 2844//5260 2819//5260 
f 2819//5261 2844//5261 2830//5261 
f 2834//5262 2845//5262 2820//5262 
f 2820//5263 2845//5263 2831//5263 
f 2835//5264 2846//5264 2821//5264 
f 2821//5265 2846//5265 2832//5265 
f 2836//5266 2847//5266 2822//5266 
f 2822//5267 2847//5267 2833//5267 
f 2837//5268 2848//5268 2823//5268 
f 2823//5269 2848//5269 2834//5269 
f 2838//5270 2849//5270 2824//5270 
f 2824//5271 2849//5271 2835//5271 
f 2839//5272 2850//5272 2825//5272 
f 2825//5273 2850//5273 2836//5273 
f 2840//5274 2851//5274 2826//5274 
f 2826//5275 2851//5275 2837//5275 
f 2827//5276 2852//5276 2838//5276 
f 2841//5277 2852//5277 2827//5277 
f 2828//5278 2853//5278 2839//5278 
f 2842//5279 2853//5279 2828//5279 
f 859//5280 2854//5280 860//5280 
f 2829//5281 2854//5281 2840//5281 
f 860//5282 2854//5282 2829//5282 
f 2843//5283 2855//5283 843//5283 
f 2844//5284 2856//5284 2830//5284 
f 2830//5285 2856//5285 2841//5285 
f 2845//5286 2857//5286 2831//5286 
f 2831//5287 2857//5287 2842//5287 
f 2846//5288 2858//5288 2832//5288 
f 2832//5289 2858//5289 2843//5289 
f 2833//5290 2859//5290 2844//5290 
f 2847//5291 2859//5291 2833//5291 
f 2834//5292 2860//5292 2845//5292 
f 2848//5293 2860//5293 2834//5293 
f 2849//5294 2861//5294 2835//5294 
f 2835//5295 2861//5295 2846//5295 
f 2836//5296 2862//5296 2847//5296 
f 2850//5297 2862//5297 2836//5297 
f 2851//5298 2863//5298 2837//5298 
f 2837//5299 2863//5299 2848//5299 
f 2852//5300 2864//5300 2838//5300 
f 2838//5301 2864//5301 2849//5301 
f 2853//5302 2865//5302 2839//5302 
f 2839//5303 2865//5303 2850//5303 
f 2840//5304 2866//5304 2851//5304 
f 2854//5305 2866//5305 2840//5305 
f 2855//5306 2867//5306 843//5306 
f 843//5307 2867//5307 2726//5307 
f 2856//5308 2868//5308 2841//5308 
f 2841//5309 2868//5309 2852//5309 
f 2842//5310 2869//5310 2853//5310 
f 2857//5311 2869//5311 2842//5311 
f 858//5312 2870//5312 859//5312 
f 857//5313 2870//5313 858//5313 
f 859//5314 2870//5314 2854//5314 
f 2843//5315 2871//5315 2855//5315 
f 2858//5316 2871//5316 2843//5316 
f 2859//5317 2872//5317 2844//5317 
f 2844//5318 2872//5318 2856//5318 
f 2845//5319 2873//5319 2857//5319 
f 2860//5320 2873//5320 2845//5320 
f 2861//5321 2874//5321 2846//5321 
f 2846//5322 2874//5322 2858//5322 
f 2847//5323 2875//5323 2859//5323 
f 2862//5324 2875//5324 2847//5324 
f 2863//5325 2876//5325 2848//5325 
f 2848//5326 2876//5326 2860//5326 
f 2864//5327 2877//5327 2849//5327 
f 2849//5328 2877//5328 2861//5328 
f 2865//5329 2878//5329 2850//5329 
f 2850//5330 2878//5330 2862//5330 
f 2851//5331 2879//5331 2863//5331 
f 2866//5332 2879//5332 2851//5332 
f 2867//5333 2880//5333 2726//5333 
f 2726//5334 2880//5334 2725//5334 
f 2868//5335 2881//5335 2852//5335 
f 2852//5336 2881//5336 2864//5336 
f 2853//5337 2882//5337 2865//5337 
f 2869//5338 2882//5338 2853//5338 
f 2870//5339 2883//5339 2854//5339 
f 2854//5340 2883//5340 2866//5340 
f 2871//5341 2884//5341 2855//5341 
f 2855//5342 2884//5342 2867//5342 
f 2872//5343 2885//5343 2856//5343 
f 2856//5344 2885//5344 2868//5344 
f 2873//5345 2886//5345 2857//5345 
f 2857//5346 2886//5346 2869//5346 
f 2858//5347 2887//5347 2871//5347 
f 2874//5348 2887//5348 2858//5348 
f 2875//5349 2888//5349 2859//5349 
f 2859//5350 2888//5350 2872//5350 
f 2876//5351 2889//5351 2860//5351 
f 2860//5352 2889//5352 2873//5352 
f 2877//5353 2890//5353 2861//5353 
f 2861//5354 2890//5354 2874//5354 
f 2862//5355 2891//5355 2875//5355 
f 2878//5356 2891//5356 2862//5356 
f 2863//5357 2892//5357 2876//5357 
f 2879//5358 2892//5358 2863//5358 
f 2881//5359 2893//5359 2864//5359 
f 2864//5360 2893//5360 2877//5360 
f 2865//5361 2894//5361 2878//5361 
f 2882//5362 2894//5362 2865//5362 
f 2883//5363 2895//5363 2866//5363 
f 2866//5364 2895//5364 2879//5364 
f 2725//5365 2896//5365 2724//5365 
f 2867//5366 2896//5366 2880//5366 
f 2880//5367 2896//5367 2725//5367 
f 2884//5368 2896//5368 2867//5368 
f 2868//5369 2897//5369 2881//5369 
f 2885//5370 2897//5370 2868//5370 
f 2869//5371 2898//5371 2882//5371 
f 2886//5372 2898//5372 2869//5372 
f 857//5373 2899//5373 2870//5373 
f 856//5374 2899//5374 857//5374 
f 2870//5375 2899//5375 2883//5375 
f 2887//5376 2900//5376 2871//5376 
f 2871//5377 2900//5377 2884//5377 
f 2888//5378 2901//5378 2872//5378 
f 2872//5379 2901//5379 2885//5379 
f 2889//5380 2902//5380 2873//5380 
f 2873//5381 2902//5381 2886//5381 
f 2874//5382 2903//5382 2887//5382 
f 2890//5383 2903//5383 2874//5383 
f 2891//5384 2904//5384 2875//5384 
f 2875//5385 2904//5385 2888//5385 
f 2892//5386 2905//5386 2876//5386 
f 2876//5387 2905//5387 2889//5387 
f 2877//5388 2906//5388 2890//5388 
f 2893//5389 2906//5389 2877//5389 
f 2878//5390 2907//5390 2891//5390 
f 2894//5391 2907//5391 2878//5391 
f 2879//5392 2908//5392 2892//5392 
f 2895//5393 2908//5393 2879//5393 
f 2897//5394 2909//5394 2881//5394 
f 2881//5395 2909//5395 2893//5395 
f 2898//5396 2910//5396 2882//5396 
f 2882//5397 2910//5397 2894//5397 
f 2883//5398 2911//5398 2895//5398 
f 2899//5399 2911//5399 2883//5399 
f 2900//5400 2912//5400 2884//5400 
f 2884//5401 2912//5401 2896//5401 
f 2885//5402 2913//5402 2897//5402 
f 2901//5403 2913//5403 2885//5403 
f 2902//5404 2914//5404 2886//5404 
f 2886//5405 2914//5405 2898//5405 
f 856//5406 2915//5406 2899//5406 
f 855//5407 2915//5407 856//5407 
f 854//5408 2915//5408 855//5408 
f 2903//5409 2916//5409 2887//5409 
f 2887//5410 2916//5410 2900//5410 
f 2888//5411 2917//5411 2901//5411 
f 2904//5412 2917//5412 2888//5412 
f 2889//5413 2918//5413 2902//5413 
f 2905//5414 2918//5414 2889//5414 
f 2890//5415 2919//5415 2903//5415 
f 2906//5416 2919//5416 2890//5416 
f 2907//5417 2920//5417 2891//5417 
f 2891//5418 2920//5418 2904//5418 
f 2908//5419 2921//5419 2892//5419 
f 2892//5420 2921//5420 2905//5420 
f 2893//5421 2922//5421 2906//5421 
f 2909//5422 2922//5422 2893//5422 
f 2910//5423 2923//5423 2894//5423 
f 2894//5424 2923//5424 2907//5424 
f 2895//5425 2924//5425 2908//5425 
f 2911//5426 2924//5426 2895//5426 
f 2724//5427 2925//5427 2723//5427 
f 2723//5428 2925//5428 2722//5428 
f 2912//5429 2925//5429 2896//5429 
f 2896//5430 2925//5430 2724//5430 
f 2913//5431 2926//5431 2897//5431 
f 2897//5432 2926//5432 2909//5432 
f 2898//5433 2927//5433 2910//5433 
f 2914//5434 2927//5434 2898//5434 
f 2899//5435 2928//5435 2911//5435 
f 2915//5436 2928//5436 2899//5436 
f 2916//5437 2929//5437 2900//5437 
f 2900//5438 2929//5438 2912//5438 
f 2901//5439 2930//5439 2913//5439 
f 2917//5440 2930//5440 2901//5440 
f 2902//5441 2931//5441 2914//5441 
f 2918//5442 2931//5442 2902//5442 
f 2903//5443 2932//5443 2916//5443 
f 2919//5444 2932//5444 2903//5444 
f 2920//5445 2933//5445 2904//5445 
f 2904//5446 2933//5446 2917//5446 
f 2921//5447 2934//5447 2905//5447 
f 2905//5448 2934//5448 2918//5448 
f 2906//5449 2935//5449 2919//5449 
f 2922//5450 2935//5450 2906//5450 
f 2907//5451 2936//5451 2920//5451 
f 2923//5452 2936//5452 2907//5452 
f 2924//5453 2937//5453 2908//5453 
f 2908//5454 2937//5454 2921//5454 
f 2909//5455 2938//5455 2922//5455 
f 2926//5456 2938//5456 2909//5456 
f 2910//5457 2939//5457 2923//5457 
f 2927//5458 2939//5458 2910//5458 
f 2928//5459 2940//5459 2911//5459 
f 2911//5460 2940//5460 2924//5460 
f 2912//5461 2941//5461 2925//5461 
f 2722//5462 2941//5462 2721//5462 
f 2925//5463 2941//5463 2722//5463 
f 2929//5464 2941//5464 2912//5464 
f 2930//5465 2942//5465 2913//5465 
f 2913//5466 2942//5466 2926//5466 
f 2931//5467 2943//5467 2914//5467 
f 2914//5468 2943//5468 2927//5468 
f 853//5469 2944//5469 854//5469 
f 854//5470 2944//5470 2915//5470 
f 2915//5471 2944//5471 2928//5471 
f 2916//5472 2945//5472 2929//5472 
f 2932//5473 2945//5473 2916//5473 
f 2917//5474 2946//5474 2930//5474 
f 2933//5475 2946//5475 2917//5475 
f 2918//5476 2947//5476 2931//5476 
f 2934//5477 2947//5477 2918//5477 
f 2919//5478 2948//5478 2932//5478 
f 2935//5479 2948//5479 2919//5479 
f 2936//5480 2949//5480 2920//5480 
f 2920//5481 2949//5481 2933//5481 
f 2921//5482 2950//5482 2934//5482 
f 2937//5483 2950//5483 2921//5483 
f 2938//5484 2951//5484 2922//5484 
f 2922//5485 2951//5485 2935//5485 
f 2923//5486 2952//5486 2936//5486 
f 2939//5487 2952//5487 2923//5487 
f 2940//5488 2953//5488 2924//5488 
f 2924//5489 2953//5489 2937//5489 
f 2942//5490 2954//5490 2926//5490 
f 2926//5491 2954//5491 2938//5491 
f 2943//5492 2955//5492 2927//5492 
f 2927//5493 2955//5493 2939//5493 
f 2944//5494 2956//5494 2928//5494 
f 2928//5495 2956//5495 2940//5495 
f 2929//5496 2957//5496 2941//5496 
f 2945//5497 2957//5497 2929//5497 
f 2930//5498 2958//5498 2942//5498 
f 2946//5499 2958//5499 2930//5499 
f 2947//5500 2959//5500 2931//5500 
f 2931//5501 2959//5501 2943//5501 
f 852//5502 2960//5502 853//5502 
f 853//5503 2960//5503 2944//5503 
f 2948//5504 2961//5504 2932//5504 
f 2932//5505 2961//5505 2945//5505 
f 2949//5506 2962//5506 2933//5506 
f 2933//5507 2962//5507 2946//5507 
f 2950//5508 2963//5508 2934//5508 
f 2934//5509 2963//5509 2947//5509 
f 2935//5510 2964//5510 2948//5510 
f 2951//5511 2964//5511 2935//5511 
f 2952//5512 2965//5512 2936//5512 
f 2936//5513 2965//5513 2949//5513 
f 2937//5514 2966//5514 2950//5514 
f 2953//5515 2966//5515 2937//5515 
f 2938//5516 2967//5516 2951//5516 
f 2954//5517 2967//5517 2938//5517 
f 2955//5518 2968//5518 2939//5518 
f 2939//5519 2968//5519 2952//5519 
f 2956//5520 2969//5520 2940//5520 
f 2940//5521 2969//5521 2953//5521 
f 2941//5522 2970//5522 2721//5522 
f 2721//5523 2970//5523 2720//5523 
f 2720//5524 2970//5524 2719//5524 
f 2957//5525 2970//5525 2941//5525 
f 2942//5526 2971//5526 2954//5526 
f 2958//5527 2971//5527 2942//5527 
f 2959//5528 2972//5528 2943//5528 
f 2943//5529 2972//5529 2955//5529 
f 2944//5530 2973//5530 2956//5530 
f 2960//5531 2973//5531 2944//5531 
f 2961//5532 2974//5532 2945//5532 
f 2945//5533 2974//5533 2957//5533 
f 2962//5534 2975//5534 2946//5534 
f 2946//5535 2975//5535 2958//5535 
f 2963//5536 2976//5536 2947//5536 
f 2947//5537 2976//5537 2959//5537 
f 2964//5538 2977//5538 2948//5538 
f 2948//5539 2977//5539 2961//5539 
f 2949//5540 2978//5540 2962//5540 
f 2965//5541 2978//5541 2949//5541 
f 2950//5542 2979//5542 2963//5542 
f 2966//5543 2979//5543 2950//5543 
f 2951//5544 2980//5544 2964//5544 
f 2967//5545 2980//5545 2951//5545 
f 2968//5546 2981//5546 2952//5546 
f 2952//5547 2981//5547 2965//5547 
f 2969//5548 2982//5548 2953//5548 
f 2953//5549 2982//5549 2966//5549 
f 2971//5550 2983//5550 2954//5550 
f 2954//5551 2983//5551 2967//5551 
f 2972//5552 2984//5552 2955//5552 
f 2955//5553 2984//5553 2968//5553 
f 2973//5554 2985//5554 2956//5554 
f 2956//5555 2985//5555 2969//5555 
f 2970//5556 2986//5556 2719//5556 
f 2957//5557 2986//5557 2970//5557 
f 2974//5558 2986//5558 2957//5558 
f 2719//5559 2986//5559 2718//5559 
f 2958//5560 2987//5560 2971//5560 
f 2975//5561 2987//5561 2958//5561 
f 2959//5562 2988//5562 2972//5562 
f 2976//5563 2988//5563 2959//5563 
f 2960//5564 2989//5564 2973//5564 
f 851//5565 2989//5565 852//5565 
f 850//5566 2989//5566 851//5566 
f 852//5567 2989//5567 2960//5567 
f 2961//5568 2990//5568 2974//5568 
f 2977//5569 2990//5569 2961//5569 
f 2962//5570 2991//5570 2975//5570 
f 2978//5571 2991//5571 2962//5571 
f 2979//5572 2992//5572 2963//5572 
f 2963//5573 2992//5573 2976//5573 
f 2980//5574 2993//5574 2964//5574 
f 2964//5575 2993//5575 2977//5575 
f 2981//5576 2994//5576 2965//5576 
f 2965//5577 2994//5577 2978//5577 
f 2982//5578 2995//5578 2966//5578 
f 2966//5579 2995//5579 2979//5579 
f 2983//5580 2996//5580 2967//5580 
f 2967//5581 2996//5581 2980//5581 
f 2968//5582 2997//5582 2981//5582 
f 2984//5583 2997//5583 2968//5583 
f 2985//5584 2998//5584 2969//5584 
f 2969//5585 2998//5585 2982//5585 
f 2987//5586 2999//5586 2971//5586 
f 2971//5587 2999//5587 2983//5587 
f 2988//5588 3000//5588 2972//5588 
f 2972//5589 3000//5589 2984//5589 
f 2973//5590 3001//5590 2985//5590 
f 2989//5591 3001//5591 2973//5591 
f 2974//5592 3002//5592 2986//5592 
f 2990//5593 3002//5593 2974//5593 
f 2975//5594 3003//5594 2987//5594 
f 2991//5595 3003//5595 2975//5595 
f 2976//5596 3004//5596 2988//5596 
f 2992//5597 3004//5597 2976//5597 
f 849//5598 3005//5598 850//5598 
f 850//5599 3005//5599 2989//5599 
f 2977//5600 3006//5600 2990//5600 
f 2993//5601 3006//5601 2977//5601 
f 2994//5602 3007//5602 2978//5602 
f 2978//5603 3007//5603 2991//5603 
f 2995//5604 3008//5604 2979//5604 
f 2979//5605 3008//5605 2992//5605 
f 2980//5606 3009//5606 2993//5606 
f 2996//5607 3009//5607 2980//5607 
f 2997//5608 3010//5608 2981//5608 
f 2981//5609 3010//5609 2994//5609 
f 2982//5610 3011//5610 2995//5610 
f 2998//5611 3011//5611 2982//5611 
f 2983//5612 3012//5612 2996//5612 
f 2999//5613 3012//5613 2983//5613 
f 2984//5614 3013//5614 2997//5614 
f 3000//5615 3013//5615 2984//5615 
f 3001//5616 3014//5616 2985//5616 
f 2985//5617 3014//5617 2998//5617 
f 3002//5618 3015//5618 2986//5618 
f 2718//5619 3015//5619 2717//5619 
f 2986//5620 3015//5620 2718//5620 
f 2987//5621 3016//5621 2999//5621 
f 3003//5622 3016//5622 2987//5622 
f 2988//5623 3017//5623 3000//5623 
f 3004//5624 3017//5624 2988//5624 
f 3005//5625 3018//5625 2989//5625 
f 2989//5626 3018//5626 3001//5626 
f 2990//5627 3019//5627 3002//5627 
f 3006//5628 3019//5628 2990//5628 
f 3007//5629 3020//5629 2991//5629 
f 2991//5630 3020//5630 3003//5630 
f 2992//5631 3021//5631 3004//5631 
f 3008//5632 3021//5632 2992//5632 
f 3009//5633 3022//5633 2993//5633 
f 2993//5634 3022//5634 3006//5634 
f 3010//5635 3023//5635 2994//5635 
f 2994//5636 3023//5636 3007//5636 
f 2995//5637 3024//5637 3008//5637 
f 3011//5638 3024//5638 2995//5638 
f 2996//5639 3025//5639 3009//5639 
f 3012//5640 3025//5640 2996//5640 
f 3013//5641 3026//5641 2997//5641 
f 2997//5642 3026//5642 3010//5642 
f 3014//5643 3027//5643 2998//5643 
f 2998//5644 3027//5644 3011//5644 
f 2999//5645 3028//5645 3012//5645 
f 3016//5646 3028//5646 2999//5646 
f 3017//5647 3029//5647 3000//5647 
f 3000//5648 3029//5648 3013//5648 
f 3018//5649 3030//5649 3001//5649 
f 3001//5650 3030//5650 3014//5650 
f 3019//5651 3031//5651 3002//5651 
f 3015//5652 3031//5652 2717//5652 
f 2717//5653 3031//5653 2716//5653 
f 2716//5654 3031//5654 2715//5654 
f 3002//5655 3031//5655 3015//5655 
f 3020//5656 3032//5656 3003//5656 
f 3003//5657 3032//5657 3016//5657 
f 3021//5658 3033//5658 3004//5658 
f 3004//5659 3033//5659 3017//5659 
f 3005//5660 3034//5660 3018//5660 
f 848//5661 3034//5661 849//5661 
f 847//5662 3034//5662 848//5662 
f 849//5663 3034//5663 3005//5663 
f 3006//5664 3035//5664 3019//5664 
f 3022//5665 3035//5665 3006//5665 
f 3023//5666 3036//5666 3007//5666 
f 3007//5667 3036//5667 3020//5667 
f 3024//5668 3037//5668 3008//5668 
f 3008//5669 3037//5669 3021//5669 
f 3009//5670 3038//5670 3022//5670 
f 3025//5671 3038//5671 3009//5671 
f 3010//5672 3039//5672 3023//5672 
f 3026//5673 3039//5673 3010//5673 
f 3011//5674 3040//5674 3024//5674 
f 3027//5675 3040//5675 3011//5675 
f 3028//5676 3041//5676 3012//5676 
f 3012//5677 3041//5677 3025//5677 
f 3013//5678 3042//5678 3026//5678 
f 3029//5679 3042//5679 3013//5679 
f 3030//5680 3043//5680 3014//5680 
f 3014//5681 3043//5681 3027//5681 
f 3032//5682 3044//5682 3016//5682 
f 3016//5683 3044//5683 3028//5683 
f 3017//5684 3045//5684 3029//5684 
f 3033//5685 3045//5685 3017//5685 
f 3034//5686 3046//5686 3018//5686 
f 3018//5687 3046//5687 3030//5687 
f 3035//5688 3047//5688 3019//5688 
f 3019//5689 3047//5689 3031//5689 
f 3036//5690 3048//5690 3020//5690 
f 3020//5691 3048//5691 3032//5691 
f 3037//5692 3049//5692 3021//5692 
f 3021//5693 3049//5693 3033//5693 
f 847//5694 3050//5694 3034//5694 
f 846//5695 3050//5695 847//5695 
f 3022//5696 3051//5696 3035//5696 
f 3038//5697 3051//5697 3022//5697 
f 3023//5698 3052//5698 3036//5698 
f 3039//5699 3052//5699 3023//5699 
f 3024//5700 3053//5700 3037//5700 
f 3040//5701 3053//5701 3024//5701 
f 3025//5702 3054//5702 3038//5702 
f 3041//5703 3054//5703 3025//5703 
f 3042//5704 3055//5704 3026//5704 
f 3026//5705 3055//5705 3039//5705 
f 3027//5706 3056//5706 3040//5706 
f 3043//5707 3056//5707 3027//5707 
f 3028//5708 3057//5708 3041//5708 
f 3044//5709 3057//5709 3028//5709 
f 3029//5710 3058//5710 3042//5710 
f 3045//5711 3058//5711 3029//5711 
f 3046//5712 3059//5712 3030//5712 
f 3030//5713 3059//5713 3043//5713 
f 3047//5714 3060//5714 3031//5714 
f 2715//5715 3060//5715 2714//5715 
f 3031//5716 3060//5716 2715//5716 
f 3048//5717 3061//5717 3032//5717 
f 3032//5718 3061//5718 3044//5718 
f 3049//5719 3062//5719 3033//5719 
f 3033//5720 3062//5720 3045//5720 
f 3034//5721 3063//5721 3046//5721 
f 3050//5722 3063//5722 3034//5722 
f 3035//5723 3064//5723 3047//5723 
f 3051//5724 3064//5724 3035//5724 
f 3052//5725 3065//5725 3036//5725 
f 3036//5726 3065//5726 3048//5726 
f 3037//5727 3066//5727 3049//5727 
f 3053//5728 3066//5728 3037//5728 
f 3038//5729 3067//5729 3051//5729 
f 3054//5730 3067//5730 3038//5730 
f 3055//5731 3068//5731 3039//5731 
f 3039//5732 3068//5732 3052//5732 
f 3056//5733 3069//5733 3040//5733 
f 3040//5734 3069//5734 3053//5734 
f 3057//5735 3070//5735 3041//5735 
f 3041//5736 3070//5736 3054//5736 
f 3042//5737 3071//5737 3055//5737 
f 3058//5738 3071//5738 3042//5738 
f 3059//5739 3072//5739 3043//5739 
f 3043//5740 3072//5740 3056//5740 
f 3044//5741 3073//5741 3057//5741 
f 3061//5742 3073//5742 3044//5742 
f 3062//5743 3074//5743 3045//5743 
f 3045//5744 3074//5744 3058//5744 
f 3046//5745 3075//5745 3059//5745 
f 3063//5746 3075//5746 3046//5746 
f 3064//5747 3076//5747 3047//5747 
f 2714//5748 3076//5748 2713//5748 
f 2713//5749 3076//5749 2712//5749 
f 3060//5750 3076//5750 2714//5750 
f 3047//5751 3076//5751 3060//5751 
f 3048//5752 3077//5752 3061//5752 
f 3065//5753 3077//5753 3048//5753 
f 3049//5754 3078//5754 3062//5754 
f 3066//5755 3078//5755 3049//5755 
f 846//5756 3079//5756 3050//5756 
f 845//5757 3079//5757 846//5757 
f 3050//5758 3079//5758 3063//5758 
f 3080//5759 3079//5759 2727//5759 
f 2727//5760 3079//5760 845//5760 
f 3051//5761 3081//5761 3064//5761 
f 3067//5762 3081//5762 3051//5762 
f 3052//5763 3082//5763 3065//5763 
f 3068//5764 3082//5764 3052//5764 
f 3053//5765 3083//5765 3066//5765 
f 3069//5766 3083//5766 3053//5766 
f 3070//5767 3084//5767 3054//5767 
f 3054//5768 3084//5768 3067//5768 
f 3055//5769 3085//5769 3068//5769 
f 3071//5770 3085//5770 3055//5770 
f 3072//5771 3086//5771 3056//5771 
f 3056//5772 3086//5772 3069//5772 
f 3057//5773 3087//5773 3070//5773 
f 3073//5774 3087//5774 3057//5774 
f 3058//5775 3088//5775 3071//5775 
f 3074//5776 3088//5776 3058//5776 
f 3059//5777 3089//5777 3072//5777 
f 3075//5778 3089//5778 3059//5778 
f 3077//5779 3090//5779 3061//5779 
f 3061//5780 3090//5780 3073//5780 
f 3062//5781 3091//5781 3074//5781 
f 3078//5782 3091//5782 3062//5782 
f 3080//5783 3092//5783 3079//5783 
f 3063//5784 3092//5784 3075//5784 
f 3093//5785 3092//5785 3080//5785 
f 3079//5786 3092//5786 3063//5786 
f 3081//5787 3094//5787 3064//5787 
f 3064//5788 3094//5788 3076//5788 
f 3082//5789 3095//5789 3065//5789 
f 3065//5790 3095//5790 3077//5790 
f 3066//5791 3096//5791 3078//5791 
f 3083//5792 3096//5792 3066//5792 
f 3084//5793 3097//5793 3067//5793 
f 3067//5794 3097//5794 3081//5794 
f 3068//5795 3098//5795 3082//5795 
f 3085//5796 3098//5796 3068//5796 
f 3069//5797 3099//5797 3083//5797 
f 3086//5798 3099//5798 3069//5798 
f 3070//5799 3100//5799 3084//5799 
f 3087//5800 3100//5800 3070//5800 
f 3071//5801 3101//5801 3085//5801 
f 3088//5802 3101//5802 3071//5802 
f 3089//5803 3102//5803 3072//5803 
f 3072//5804 3102//5804 3086//5804 
f 3073//5805 3103//5805 3087//5805 
f 3090//5806 3103//5806 3073//5806 
f 3091//5807 3104//5807 3074//5807 
f 3074//5808 3104//5808 3088//5808 
f 3075//5809 3105//5809 3089//5809 
f 3092//5810 3105//5810 3075//5810 
f 3093//5811 3105//5811 3092//5811 
f 3106//5812 3105//5812 3093//5812 
f 3107//5813 3105//5813 3106//5813 
f 3076//5814 3108//5814 2712//5814 
f 2712//5815 3108//5815 2711//5815 
f 3094//5816 3108//5816 3076//5816 
f 3095//5817 3109//5817 3077//5817 
f 3077//5818 3109//5818 3090//5818 
f 3078//5819 3110//5819 3091//5819 
f 3096//5820 3110//5820 3078//5820 
f 3081//5821 3111//5821 3094//5821 
f 3097//5822 3111//5822 3081//5822 
f 3098//5823 3112//5823 3082//5823 
f 3082//5824 3112//5824 3095//5824 
f 3083//5825 3113//5825 3096//5825 
f 3099//5826 3113//5826 3083//5826 
f 3084//5827 3114//5827 3097//5827 
f 3100//5828 3114//5828 3084//5828 
f 3085//5829 3115//5829 3098//5829 
f 3101//5830 3115//5830 3085//5830 
f 3102//5831 3116//5831 3086//5831 
f 3086//5832 3116//5832 3099//5832 
f 3103//5833 3117//5833 3087//5833 
f 3087//5834 3117//5834 3100//5834 
f 3104//5835 3118//5835 3088//5835 
f 3088//5836 3118//5836 3101//5836 
f 3107//5837 3119//5837 3105//5837 
f 3089//5838 3119//5838 3102//5838 
f 3105//5839 3119//5839 3089//5839 
f 3120//5840 3119//5840 3107//5840 
f 3109//5841 3121//5841 3090//5841 
f 3090//5842 3121//5842 3103//5842 
f 3091//5843 3122//5843 3104//5843 
f 3110//5844 3122//5844 3091//5844 
f 3108//5845 3123//5845 2711//5845 
f 3094//5846 3123//5846 3108//5846 
f 2711//5847 3123//5847 2710//5847 
f 3111//5848 3123//5848 3094//5848 
f 3112//5849 3124//5849 3095//5849 
f 3095//5850 3124//5850 3109//5850 
f 3096//5851 3125//5851 3110//5851 
f 3113//5852 3125//5852 3096//5852 
f 3097//5853 3126//5853 3111//5853 
f 3114//5854 3126//5854 3097//5854 
f 3115//5855 3127//5855 3098//5855 
f 3098//5856 3127//5856 3112//5856 
f 3099//5857 3128//5857 3113//5857 
f 3116//5858 3128//5858 3099//5858 
f 3100//5859 3129//5859 3114//5859 
f 3117//5860 3129//5860 3100//5860 
f 3118//5861 3130//5861 3101//5861 
f 3101//5862 3130//5862 3115//5862 
f 3119//5863 3131//5863 3102//5863 
f 3102//5864 3131//5864 3116//5864 
f 3120//5865 3131//5865 3119//5865 
f 3132//5866 3131//5866 3120//5866 
f 3133//5867 3131//5867 3132//5867 
f 3103//5868 3134//5868 3117//5868 
f 3121//5869 3134//5869 3103//5869 
f 3104//5870 3135//5870 3118//5870 
f 3122//5871 3135//5871 3104//5871 
f 3124//5872 3136//5872 3109//5872 
f 3109//5873 3136//5873 3121//5873 
f 3125//5874 3137//5874 3110//5874 
f 3110//5875 3137//5875 3122//5875 
f 3126//5876 3138//5876 3111//5876 
f 3111//5877 3138//5877 3123//5877 
f 3112//5878 3139//5878 3124//5878 
f 3127//5879 3139//5879 3112//5879 
f 3128//5880 3140//5880 3113//5880 
f 3113//5881 3140//5881 3125//5881 
f 3129//5882 3141//5882 3114//5882 
f 3114//5883 3141//5883 3126//5883 
f 3115//5884 3142//5884 3127//5884 
f 3130//5885 3142//5885 3115//5885 
f 3131//5886 3143//5886 3116//5886 
f 3116//5887 3143//5887 3128//5887 
f 3133//5888 3143//5888 3131//5888 
f 3144//5889 3143//5889 3133//5889 
f 3134//5890 3145//5890 3117//5890 
f 3117//5891 3145//5891 3129//5891 
f 3118//5892 3146//5892 3130//5892 
f 3135//5893 3146//5893 3118//5893 
f 3121//5894 3147//5894 3134//5894 
f 3136//5895 3147//5895 3121//5895 
f 3122//5896 3148//5896 3135//5896 
f 3137//5897 3148//5897 3122//5897 
f 3123//5898 3149//5898 2710//5898 
f 2710//5899 3149//5899 2709//5899 
f 2709//5900 3149//5900 2708//5900 
f 3138//5901 3149//5901 3123//5901 
f 3124//5902 3150//5902 3136//5902 
f 3139//5903 3150//5903 3124//5903 
f 3140//5904 3151//5904 3125//5904 
f 3125//5905 3151//5905 3137//5905 
f 3126//5906 3152//5906 3138//5906 
f 3141//5907 3152//5907 3126//5907 
f 3142//5908 3153//5908 3127//5908 
f 3127//5909 3153//5909 3139//5909 
f 3143//5910 3154//5910 3128//5910 
f 3128//5911 3154//5911 3140//5911 
f 3155//5912 3154//5912 3144//5912 
f 3144//5913 3154//5913 3143//5913 
f 3145//5914 3156//5914 3129//5914 
f 3129//5915 3156//5915 3141//5915 
f 3130//5916 3157//5916 3142//5916 
f 3146//5917 3157//5917 3130//5917 
f 3147//5918 3158//5918 3134//5918 
f 3134//5919 3158//5919 3145//5919 
f 3148//5920 3159//5920 3135//5920 
f 3135//5921 3159//5921 3146//5921 
f 3150//5922 3160//5922 3136//5922 
f 3136//5923 3160//5923 3147//5923 
f 3137//5924 3161//5924 3148//5924 
f 3151//5925 3161//5925 3137//5925 
f 3149//5926 3162//5926 2708//5926 
f 3138//5927 3162//5927 3149//5927 
f 3152//5928 3162//5928 3138//5928 
f 2708//5929 3162//5929 2707//5929 
f 3139//5930 3163//5930 3150//5930 
f 3153//5931 3163//5931 3139//5931 
f 3155//5932 3164//5932 3154//5932 
f 3154//5933 3164//5933 3140//5933 
f 3165//5934 3164//5934 3155//5934 
f 3166//5935 3164//5935 3165//5935 
f 3140//5936 3164//5936 3151//5936 
f 3156//5937 3167//5937 3141//5937 
f 3141//5938 3167//5938 3152//5938 
f 3142//5939 3168//5939 3153//5939 
f 3157//5940 3168//5940 3142//5940 
f 3145//5941 3169//5941 3156//5941 
f 3158//5942 3169//5942 3145//5942 
f 3146//5943 3170//5943 3157//5943 
f 3159//5944 3170//5944 3146//5944 
f 3147//5945 3171//5945 3158//5945 
f 3160//5946 3171//5946 3147//5946 
f 3148//5947 3172//5947 3159//5947 
f 3161//5948 3172//5948 3148//5948 
f 3150//5949 3173//5949 3160//5949 
f 3163//5950 3173//5950 3150//5950 
f 3164//5951 3174//5951 3151//5951 
f 3151//5952 3174//5952 3161//5952 
f 3166//5953 3174//5953 3164//5953 
f 3175//5954 3174//5954 3166//5954 
f 3152//5955 3176//5955 3162//5955 
f 3167//5956 3176//5956 3152//5956 
f 3153//5957 3177//5957 3163//5957 
f 3168//5958 3177//5958 3153//5958 
f 3169//5959 3178//5959 3156//5959 
f 3156//5960 3178//5960 3167//5960 
f 3170//5961 3179//5961 3157//5961 
f 3157//5962 3179//5962 3168//5962 
f 3158//5963 3180//5963 3169//5963 
f 3171//5964 3180//5964 3158//5964 
f 3172//5965 3181//5965 3159//5965 
f 3159//5966 3181//5966 3170//5966 
f 3160//5967 3182//5967 3171//5967 
f 3173//5968 3182//5968 3160//5968 
f 3174//5969 3183//5969 3161//5969 
f 3161//5970 3183//5970 3172//5970 
f 3184//5971 3183//5971 3175//5971 
f 3185//5972 3183//5972 3184//5972 
f 3175//5973 3183//5973 3174//5973 
f 3176//5974 3186//5974 3162//5974 
f 3162//5975 3186//5975 2707//5975 
f 2707//5976 3186//5976 2706//5976 
f 2706//5977 3186//5977 2705//5977 
f 3177//5978 3187//5978 3163//5978 
f 3163//5979 3187//5979 3173//5979 
f 3167//5980 3188//5980 3176//5980 
f 3178//5981 3188//5981 3167//5981 
f 3168//5982 3189//5982 3177//5982 
f 3179//5983 3189//5983 3168//5983 
f 3169//5984 3190//5984 3178//5984 
f 3180//5985 3190//5985 3169//5985 
f 3170//5986 3191//5986 3179//5986 
f 3181//5987 3191//5987 3170//5987 
f 3182//5988 3192//5988 3171//5988 
f 3171//5989 3192//5989 3180//5989 
f 3185//5990 3193//5990 3183//5990 
f 3172//5991 3193//5991 3181//5991 
f 3183//5992 3193//5992 3172//5992 
f 3194//5993 3193//5993 3185//5993 
f 3187//5994 3195//5994 3173//5994 
f 3173//5995 3195//5995 3182//5995 
f 2705//5996 3196//5996 2704//5996 
f 3188//5997 3196//5997 3176//5997 
f 3176//5998 3196//5998 3186//5998 
f 3186//5999 3196//5999 2705//5999 
f 3177//6000 3197//6000 3187//6000 
f 3189//6001 3197//6001 3177//6001 
f 3178//6002 3198//6002 3188//6002 
f 3190//6003 3198//6003 3178//6003 
f 3191//6004 3199//6004 3179//6004 
f 3179//6005 3199//6005 3189//6005 
f 3180//6006 3200//6006 3190//6006 
f 3192//6007 3200//6007 3180//6007 
f 3194//6008 3201//6008 3193//6008 
f 3202//6009 3201//6009 3194//6009 
f 3193//6010 3201//6010 3181//6010 
f 3181//6011 3201//6011 3191//6011 
f 3182//6012 3203//6012 3192//6012 
f 3195//6013 3203//6013 3182//6013 
f 3187//6014 3204//6014 3195//6014 
f 3197//6015 3204//6015 3187//6015 
f 3198//6016 3205//6016 3188//6016 
f 3188//6017 3205//6017 3196//6017 
f 3189//6018 3206//6018 3197//6018 
f 3199//6019 3206//6019 3189//6019 
f 3200//6020 3207//6020 3190//6020 
f 3190//6021 3207//6021 3198//6021 
f 3202//6022 3208//6022 3201//6022 
f 3201//6023 3208//6023 3191//6023 
f 3209//6024 3208//6024 3202//6024 
f 3210//6025 3208//6025 3209//6025 
f 3191//6026 3208//6026 3199//6026 
f 3203//6027 3211//6027 3192//6027 
f 3192//6028 3211//6028 3200//6028 
f 3195//6029 3212//6029 3203//6029 
f 3204//6030 3212//6030 3195//6030 
f 3205//6031 3213//6031 3196//6031 
f 2704//6032 3213//6032 2703//6032 
f 3196//6033 3213//6033 2704//6033 
f 3197//6034 3214//6034 3204//6034 
f 3206//6035 3214//6035 3197//6035 
f 3207//6036 3215//6036 3198//6036 
f 3198//6037 3215//6037 3205//6037 
f 3208//6038 3216//6038 3199//6038 
f 3199//6039 3216//6039 3206//6039 
f 3210//6040 3216//6040 3208//6040 
f 3217//6041 3216//6041 3210//6041 
f 3200//6042 3218//6042 3207//6042 
f 3211//6043 3218//6043 3200//6043 
f 3203//6044 3219//6044 3211//6044 
f 3212//6045 3219//6045 3203//6045 
f 3204//6046 3220//6046 3212//6046 
f 3214//6047 3220//6047 3204//6047 
f 2703//6048 3221//6048 2702//6048 
f 3205//6049 3221//6049 3213//6049 
f 2702//6050 3221//6050 2701//6050 
f 3215//6051 3221//6051 3205//6051 
f 3213//6052 3221//6052 2703//6052 
f 3216//6053 3222//6053 3206//6053 
f 3206//6054 3222//6054 3214//6054 
f 3217//6055 3222//6055 3216//6055 
f 3223//6056 3222//6056 3217//6056 
f 3224//6057 3222//6057 3223//6057 
f 3207//6058 3225//6058 3215//6058 
f 3218//6059 3225//6059 3207//6059 
f 3211//6060 3226//6060 3218//6060 
f 3219//6061 3226//6061 3211//6061 
f 3212//6062 3227//6062 3219//6062 
f 3220//6063 3227//6063 3212//6063 
f 3224//6064 3228//6064 3222//6064 
f 3214//6065 3228//6065 3220//6065 
f 3222//6066 3228//6066 3214//6066 
f 3229//6067 3228//6067 3224//6067 
f 3225//6068 3230//6068 3215//6068 
f 3215//6069 3230//6069 3221//6069 
f 3226//6070 3231//6070 3218//6070 
f 3218//6071 3231//6071 3225//6071 
f 3219//6072 3232//6072 3226//6072 
f 3227//6073 3232//6073 3219//6073 
f 3228//6074 3233//6074 3220//6074 
f 3229//6075 3233//6075 3228//6075 
f 3234//6076 3233//6076 3229//6076 
f 3220//6077 3233//6077 3227//6077 
f 3230//6078 3235//6078 3221//6078 
f 2701//6079 3235//6079 2700//6079 
f 3221//6080 3235//6080 2701//6080 
f 3225//6081 3236//6081 3230//6081 
f 3231//6082 3236//6082 3225//6082 
f 3232//6083 3237//6083 3226//6083 
f 3226//6084 3237//6084 3231//6084 
f 3227//6085 3238//6085 3232//6085 
f 3233//6086 3238//6086 3227//6086 
f 3234//6087 3238//6087 3233//6087 
f 3239//6088 3238//6088 3234//6088 
f 3240//6089 3238//6089 3239//6089 
f 3236//6090 3241//6090 3230//6090 
f 3230//6091 3241//6091 3235//6091 
f 2700//6092 3241//6092 2699//6092 
f 2699//6093 3241//6093 2698//6093 
f 3235//6094 3241//6094 2700//6094 
f 3231//6095 3242//6095 3236//6095 
f 3237//6096 3242//6096 3231//6096 
f 3238//6097 3243//6097 3232//6097 
f 3240//6098 3243//6098 3238//6098 
f 3244//6099 3243//6099 3240//6099 
f 3232//6100 3243//6100 3237//6100 
f 3242//6101 3245//6101 3236//6101 
f 3236//6102 3245//6102 3241//6102 
f 3243//6103 3246//6103 3237//6103 
f 3237//6104 3246//6104 3242//6104 
f 3244//6105 3246//6105 3243//6105 
f 3247//6106 3246//6106 3244//6106 
f 3248//6107 3246//6107 3247//6107 
f 3241//6108 3249//6108 2698//6108 
f 3245//6109 3249//6109 3241//6109 
f 2698//6110 3249//6110 2697//6110 
f 3246//6111 3250//6111 3242//6111 
f 3248//6112 3250//6112 3246//6112 
f 3242//6113 3250//6113 3245//6113 
f 3251//6114 3250//6114 3248//6114 
f 3250//6115 3252//6115 3245//6115 
f 3245//6116 3252//6116 3249//6116 
f 3249//6117 3252//6117 2697//6117 
f 3251//6118 3252//6118 3250//6118 
f 2697//6119 3252//6119 2696//6119 
f 2696//6120 3252//6120 2728//6120 
f 2728//6121 3252//6121 3251//6121 
f 2727//6122 876//6122 3253//6122 
f 2727//6123 844//6123 876//6123 
f 3080//6124 3253//6124 3254//6124 
f 3080//6125 2727//6125 3253//6125 
f 3093//6126 3254//6126 3255//6126 
f 3093//6127 3080//6127 3254//6127 
f 3106//6128 3255//6128 3256//6128 
f 3106//6129 3093//6129 3255//6129 
f 3107//6130 3256//6130 3257//6130 
f 3107//6131 3106//6131 3256//6131 
f 3120//6132 3257//6132 3258//6132 
f 3120//6133 3107//6133 3257//6133 
f 3132//6134 3258//6134 3259//6134 
f 3132//6135 3120//6135 3258//6135 
f 3133//6136 3132//6136 3259//6136 
f 3133//6137 3259//6137 3260//6137 
f 3144//6138 3133//6138 3260//6138 
f 3144//6139 3260//6139 3261//6139 
f 3155//6140 3144//6140 3261//6140 
f 3155//6141 3261//6141 3262//6141 
f 3165//6142 3155//6142 3262//6142 
f 3165//6143 3262//6143 3263//6143 
f 3166//6144 3263//6144 3264//6144 
f 3166//6145 3165//6145 3263//6145 
f 3175//6146 3264//6146 3265//6146 
f 3175//6147 3166//6147 3264//6147 
f 3184//6148 3265//6148 3266//6148 
f 3184//6149 3175//6149 3265//6149 
f 3185//6150 3266//6150 3267//6150 
f 3185//6151 3184//6151 3266//6151 
f 3194//6152 3267//6152 3268//6152 
f 3194//6153 3185//6153 3267//6153 
f 3202//6154 3268//6154 3269//6154 
f 3202//6155 3194//6155 3268//6155 
f 3209//6156 3269//6156 3270//6156 
f 3209//6157 3202//6157 3269//6157 
f 3210//6158 3270//6158 3271//6158 
f 3210//6159 3209//6159 3270//6159 
f 3217//6160 3271//6160 3272//6160 
f 3217//6161 3210//6161 3271//6161 
f 3223//6162 3272//6162 3273//6162 
f 3223//6163 3217//6163 3272//6163 
f 3224//6164 3273//6164 3274//6164 
f 3224//6165 3223//6165 3273//6165 
f 3229//6166 3274//6166 3275//6166 
f 3229//6167 3224//6167 3274//6167 
f 3234//6168 3275//6168 3276//6168 
f 3234//6169 3229//6169 3275//6169 
f 3239//6170 3276//6170 3277//6170 
f 3239//6171 3234//6171 3276//6171 
f 3240//6172 3277//6172 3278//6172 
f 3240//6173 3239//6173 3277//6173 
f 3244//6174 3278//6174 3279//6174 
f 3244//6175 3240//6175 3278//6175 
f 3247//6176 3279//6176 3280//6176 
f 3247//6177 3244//6177 3279//6177 
f 3248//6178 3280//6178 3281//6178 
f 3248//6179 3247//6179 3280//6179 
f 3251//6180 3281//6180 3282//6180 
f 3251//6181 3248//6181 3281//6181 
f 2728//6182 3283//6182 3284//6182 
f 2728//6183 3282//6183 3283//6183 
f 2728//6184 3251//6184 3282//6184 
f 2695//6185 2728//6185 3284//6185 
f 878//6186 877//6186 3285//6186 
f 876//6187 908//6187 3253//6187 
f 3286//6188 3287//6188 3288//6188 
f 3289//6189 3288//6189 3284//6189 
f 3289//6190 3286//6190 3288//6190 
f 3290//6191 3289//6191 3284//6191 
f 3291//6192 3292//6192 3287//6192 
f 3291//6193 3287//6193 3286//6193 
f 3291//6194 3286//6194 3289//6194 
f 3293//6195 3290//6195 3284//6195 
f 3294//6196 3291//6196 3289//6196 
f 3294//6197 3289//6197 3290//6197 
f 3295//6198 3296//6198 3292//6198 
f 3295//6199 3297//6199 3296//6199 
f 3295//6200 3292//6200 3291//6200 
f 3298//6201 3293//6201 3284//6201 
f 3299//6202 3294//6202 3290//6202 
f 3299//6203 3290//6203 3293//6203 
f 3300//6204 3295//6204 3291//6204 
f 3300//6205 3291//6205 3294//6205 
f 3301//6206 3298//6206 3284//6206 
f 3302//6207 3299//6207 3293//6207 
f 3302//6208 3293//6208 3298//6208 
f 3303//6209 3300//6209 3294//6209 
f 3303//6210 3294//6210 3299//6210 
f 3304//6211 3305//6211 3297//6211 
f 3304//6212 3295//6212 3300//6212 
f 3304//6213 3297//6213 3295//6213 
f 3306//6214 3301//6214 3284//6214 
f 3307//6215 3302//6215 3298//6215 
f 3307//6216 3298//6216 3301//6216 
f 3308//6217 3303//6217 3299//6217 
f 3308//6218 3299//6218 3302//6218 
f 3309//6219 3304//6219 3300//6219 
f 3309//6220 3300//6220 3303//6220 
f 3310//6221 3306//6221 3284//6221 
f 3311//6222 3312//6222 3305//6222 
f 3311//6223 3313//6223 3312//6223 
f 3311//6224 3305//6224 3304//6224 
f 3314//6225 3307//6225 3301//6225 
f 3314//6226 3301//6226 3306//6226 
f 3315//6227 3302//6227 3307//6227 
f 3315//6228 3308//6228 3302//6228 
f 3316//6229 3309//6229 3303//6229 
f 3316//6230 3303//6230 3308//6230 
f 3317//6231 3310//6231 3284//6231 
f 3318//6232 3304//6232 3309//6232 
f 3318//6233 3311//6233 3304//6233 
f 3319//6234 3306//6234 3310//6234 
f 3319//6235 3314//6235 3306//6235 
f 3320//6236 3307//6236 3314//6236 
f 3320//6237 3315//6237 3307//6237 
f 3321//6238 3316//6238 3308//6238 
f 3321//6239 3308//6239 3315//6239 
f 3322//6240 3317//6240 3284//6240 
f 3323//6241 3318//6241 3309//6241 
f 3323//6242 3309//6242 3316//6242 
f 3324//6243 3310//6243 3317//6243 
f 3324//6244 3319//6244 3310//6244 
f 3325//6245 3326//6245 3313//6245 
f 3325//6246 3313//6246 3311//6246 
f 3325//6247 3311//6247 3318//6247 
f 3327//6248 3314//6248 3319//6248 
f 3327//6249 3320//6249 3314//6249 
f 3328//6250 3321//6250 3315//6250 
f 3328//6251 3315//6251 3320//6251 
f 3329//6252 3322//6252 3284//6252 
f 3330//6253 3323//6253 3316//6253 
f 3330//6254 3316//6254 3321//6254 
f 3331//6255 3317//6255 3322//6255 
f 3331//6256 3324//6256 3317//6256 
f 3332//6257 3325//6257 3318//6257 
f 3332//6258 3318//6258 3323//6258 
f 3333//6259 3319//6259 3324//6259 
f 3333//6260 3327//6260 3319//6260 
f 3334//6261 3335//6261 3326//6261 
f 3334//6262 3326//6262 3325//6262 
f 3336//6263 3320//6263 3327//6263 
f 3336//6264 3328//6264 3320//6264 
f 3337//6265 3329//6265 3284//6265 
f 3338//6266 3321//6266 3328//6266 
f 3338//6267 3330//6267 3321//6267 
f 3339//6268 3331//6268 3322//6268 
f 3339//6269 3322//6269 3329//6269 
f 3340//6270 3332//6270 3323//6270 
f 3340//6271 3323//6271 3330//6271 
f 3341//6272 3324//6272 3331//6272 
f 3341//6273 3333//6273 3324//6273 
f 3342//6274 3334//6274 3325//6274 
f 3342//6275 3325//6275 3332//6275 
f 3343//6276 3327//6276 3333//6276 
f 3343//6277 3336//6277 3327//6277 
f 3344//6278 3337//6278 3284//6278 
f 3345//6279 3328//6279 3336//6279 
f 3345//6280 3338//6280 3328//6280 
f 3346//6281 3329//6281 3337//6281 
f 3346//6282 3339//6282 3329//6282 
f 3347//6283 3340//6283 3330//6283 
f 3347//6284 3330//6284 3338//6284 
f 3348//6285 3331//6285 3339//6285 
f 3348//6286 3341//6286 3331//6286 
f 3349//6287 3342//6287 3332//6287 
f 3349//6288 3332//6288 3340//6288 
f 3350//6289 3333//6289 3341//6289 
f 3350//6290 3343//6290 3333//6290 
f 3351//6291 3334//6291 3342//6291 
f 3351//6292 3352//6292 3335//6292 
f 3351//6293 3353//6293 3352//6293 
f 3351//6294 3335//6294 3334//6294 
f 3354//6295 3344//6295 3284//6295 
f 3355//6296 3345//6296 3336//6296 
f 3355//6297 3336//6297 3343//6297 
f 3356//6298 3346//6298 3337//6298 
f 3356//6299 3337//6299 3344//6299 
f 3357//6300 3338//6300 3345//6300 
f 3357//6301 3347//6301 3338//6301 
f 3358//6302 3348//6302 3339//6302 
f 3358//6303 3339//6303 3346//6303 
f 3359//6304 3340//6304 3347//6304 
f 3359//6305 3349//6305 3340//6305 
f 3360//6306 3350//6306 3341//6306 
f 3360//6307 3341//6307 3348//6307 
f 3361//6308 3342//6308 3349//6308 
f 3361//6309 3351//6309 3342//6309 
f 3362//6310 3354//6310 3284//6310 
f 3363//6311 3355//6311 3343//6311 
f 3363//6312 3343//6312 3350//6312 
f 3364//6313 3353//6313 3351//6313 
f 3364//6314 3365//6314 3353//6314 
f 3366//6315 3344//6315 3354//6315 
f 3366//6316 3356//6316 3344//6316 
f 3367//6317 3357//6317 3345//6317 
f 3367//6318 3345//6318 3355//6318 
f 3368//6319 3346//6319 3356//6319 
f 3368//6320 3358//6320 3346//6320 
f 3369//6321 3347//6321 3357//6321 
f 3369//6322 3359//6322 3347//6322 
f 3370//6323 3348//6323 3358//6323 
f 3370//6324 3360//6324 3348//6324 
f 3371//6325 3349//6325 3359//6325 
f 3371//6326 3361//6326 3349//6326 
f 3372//6327 3362//6327 3284//6327 
f 3373//6328 3363//6328 3350//6328 
f 3373//6329 3350//6329 3360//6329 
f 3374//6330 3351//6330 3361//6330 
f 3374//6331 3364//6331 3351//6331 
f 3375//6332 3354//6332 3362//6332 
f 3375//6333 3366//6333 3354//6333 
f 3376//6334 3355//6334 3363//6334 
f 3376//6335 3367//6335 3355//6335 
f 3377//6336 3368//6336 3356//6336 
f 3377//6337 3356//6337 3366//6337 
f 3378//6338 3357//6338 3367//6338 
f 3378//6339 3369//6339 3357//6339 
f 3379//6340 3370//6340 3358//6340 
f 3379//6341 3358//6341 3368//6341 
f 3380//6342 3359//6342 3369//6342 
f 3380//6343 3371//6343 3359//6343 
f 3381//6344 3372//6344 3284//6344 
f 3382//6345 3373//6345 3360//6345 
f 3382//6346 3360//6346 3370//6346 
f 3383//6347 3361//6347 3371//6347 
f 3383//6348 3374//6348 3361//6348 
f 3384//6349 3375//6349 3362//6349 
f 3384//6350 3362//6350 3372//6350 
f 3385//6351 3376//6351 3363//6351 
f 3385//6352 3363//6352 3373//6352 
f 3386//6353 3387//6353 3365//6353 
f 3386//6354 3364//6354 3374//6354 
f 3386//6355 3388//6355 3387//6355 
f 3386//6356 3365//6356 3364//6356 
f 3389//6357 3366//6357 3375//6357 
f 3389//6358 3377//6358 3366//6358 
f 3390//6359 3378//6359 3367//6359 
f 3390//6360 3367//6360 3376//6360 
f 3391//6361 3379//6361 3368//6361 
f 3391//6362 3368//6362 3377//6362 
f 3392//6363 3369//6363 3378//6363 
f 3392//6364 3380//6364 3369//6364 
f 3393//6365 3381//6365 3284//6365 
f 3394//6366 3370//6366 3379//6366 
f 3394//6367 3382//6367 3370//6367 
f 3395//6368 3371//6368 3380//6368 
f 3395//6369 3383//6369 3371//6369 
f 3396//6370 3372//6370 3381//6370 
f 3396//6371 3384//6371 3372//6371 
f 3397//6372 3373//6372 3382//6372 
f 3397//6373 3385//6373 3373//6373 
f 3398//6374 3374//6374 3383//6374 
f 3398//6375 3386//6375 3374//6375 
f 3399//6376 3389//6376 3375//6376 
f 3399//6377 3375//6377 3384//6377 
f 3400//6378 3376//6378 3385//6378 
f 3400//6379 3390//6379 3376//6379 
f 3401//6380 3402//6380 3388//6380 
f 3401//6381 3388//6381 3386//6381 
f 3403//6382 3391//6382 3377//6382 
f 3403//6383 3377//6383 3389//6383 
f 3404//6384 3378//6384 3390//6384 
f 3404//6385 3392//6385 3378//6385 
f 3405//6386 3393//6386 3284//6386 
f 3406//6387 3379//6387 3391//6387 
f 3406//6388 3394//6388 3379//6388 
f 3407//6389 3380//6389 3392//6389 
f 3407//6390 3395//6390 3380//6390 
f 3408//6391 3396//6391 3381//6391 
f 3408//6392 3381//6392 3393//6392 
f 3409//6393 3397//6393 3382//6393 
f 3409//6394 3382//6394 3394//6394 
f 3410//6395 3383//6395 3395//6395 
f 3410//6396 3398//6396 3383//6396 
f 3411//6397 3384//6397 3396//6397 
f 3411//6398 3399//6398 3384//6398 
f 3412//6399 3400//6399 3385//6399 
f 3412//6400 3385//6400 3397//6400 
f 3413//6401 3386//6401 3398//6401 
f 3413//6402 3401//6402 3386//6402 
f 3414//6403 3389//6403 3399//6403 
f 3414//6404 3403//6404 3389//6404 
f 3415//6405 3390//6405 3400//6405 
f 3415//6406 3404//6406 3390//6406 
f 3416//6407 3405//6407 3284//6407 
f 3417//6408 3406//6408 3391//6408 
f 3417//6409 3391//6409 3403//6409 
f 3418//6410 3407//6410 3392//6410 
f 3418//6411 3392//6411 3404//6411 
f 3419//6412 3408//6412 3393//6412 
f 3419//6413 3393//6413 3405//6413 
f 3420//6414 3409//6414 3394//6414 
f 3420//6415 3394//6415 3406//6415 
f 3421//6416 3410//6416 3395//6416 
f 3421//6417 3395//6417 3407//6417 
f 3422//6418 3411//6418 3396//6418 
f 3422//6419 3396//6419 3408//6419 
f 3423//6420 3397//6420 3409//6420 
f 3423//6421 3412//6421 3397//6421 
f 3424//6422 3398//6422 3410//6422 
f 3424//6423 3413//6423 3398//6423 
f 3425//6424 3414//6424 3399//6424 
f 3425//6425 3399//6425 3411//6425 
f 3426//6426 3415//6426 3400//6426 
f 3426//6427 3400//6427 3412//6427 
f 3427//6428 3428//6428 3402//6428 
f 3427//6429 3401//6429 3413//6429 
f 3427//6430 3402//6430 3401//6430 
f 3429//6431 3416//6431 3284//6431 
f 3430//6432 3417//6432 3403//6432 
f 3430//6433 3403//6433 3414//6433 
f 3431//6434 3404//6434 3415//6434 
f 3431//6435 3418//6435 3404//6435 
f 3432//6436 3419//6436 3405//6436 
f 3432//6437 3405//6437 3416//6437 
f 3433//6438 3420//6438 3406//6438 
f 3433//6439 3406//6439 3417//6439 
f 3434//6440 3407//6440 3418//6440 
f 3434//6441 3421//6441 3407//6441 
f 3435//6442 3422//6442 3408//6442 
f 3435//6443 3408//6443 3419//6443 
f 3436//6444 3409//6444 3420//6444 
f 3436//6445 3423//6445 3409//6445 
f 3437//6446 3410//6446 3421//6446 
f 3437//6447 3424//6447 3410//6447 
f 3438//6448 3411//6448 3422//6448 
f 3438//6449 3425//6449 3411//6449 
f 3439//6450 3412//6450 3423//6450 
f 3439//6451 3426//6451 3412//6451 
f 3440//6452 3427//6452 3413//6452 
f 3440//6453 3413//6453 3424//6453 
f 3441//6454 3429//6454 3284//6454 
f 3441//6455 3284//6455 3283//6455 
f 3442//6456 3414//6456 3425//6456 
f 3442//6457 3430//6457 3414//6457 
f 3443//6458 3431//6458 3415//6458 
f 3443//6459 3415//6459 3426//6459 
f 3444//6460 3445//6460 3428//6460 
f 3444//6461 3446//6461 3445//6461 
f 3444//6462 3428//6462 3427//6462 
f 3447//6463 3416//6463 3429//6463 
f 3447//6464 3432//6464 3416//6464 
f 3448//6465 3417//6465 3430//6465 
f 3448//6466 3433//6466 3417//6466 
f 3449//6467 3418//6467 3431//6467 
f 3449//6468 3434//6468 3418//6468 
f 3450//6469 3419//6469 3432//6469 
f 3450//6470 3435//6470 3419//6470 
f 3451//6471 3420//6471 3433//6471 
f 3451//6472 3436//6472 3420//6472 
f 3452//6473 3437//6473 3421//6473 
f 3452//6474 3421//6474 3434//6474 
f 3453//6475 3438//6475 3422//6475 
f 3453//6476 3422//6476 3435//6476 
f 3454//6477 3439//6477 3423//6477 
f 3454//6478 3423//6478 3436//6478 
f 3455//6479 3424//6479 3437//6479 
f 3455//6480 3440//6480 3424//6480 
f 3456//6481 3441//6481 3283//6481 
f 3456//6482 3283//6482 3282//6482 
f 3457//6483 3442//6483 3425//6483 
f 3457//6484 3425//6484 3438//6484 
f 3458//6485 3426//6485 3439//6485 
f 3458//6486 3443//6486 3426//6486 
f 3459//6487 3444//6487 3427//6487 
f 3459//6488 3427//6488 3440//6488 
f 3460//6489 3447//6489 3429//6489 
f 3460//6490 3429//6490 3441//6490 
f 3461//6491 3430//6491 3442//6491 
f 3461//6492 3448//6492 3430//6492 
f 3462//6493 3449//6493 3431//6493 
f 3462//6494 3431//6494 3443//6494 
f 3463//6495 3432//6495 3447//6495 
f 3463//6496 3450//6496 3432//6496 
f 3464//6497 3433//6497 3448//6497 
f 3464//6498 3451//6498 3433//6498 
f 3465//6499 3434//6499 3449//6499 
f 3465//6500 3452//6500 3434//6500 
f 3466//6501 3435//6501 3450//6501 
f 3466//6502 3453//6502 3435//6502 
f 3467//6503 3436//6503 3451//6503 
f 3467//6504 3454//6504 3436//6504 
f 3468//6505 3437//6505 3452//6505 
f 3468//6506 3455//6506 3437//6506 
f 3469//6507 3438//6507 3453//6507 
f 3469//6508 3457//6508 3438//6508 
f 3470//6509 3458//6509 3439//6509 
f 3470//6510 3439//6510 3454//6510 
f 3471//6511 3459//6511 3440//6511 
f 3471//6512 3440//6512 3455//6512 
f 3472//6513 3282//6513 3281//6513 
f 3472//6514 3441//6514 3456//6514 
f 3472//6515 3456//6515 3282//6515 
f 3472//6516 3460//6516 3441//6516 
f 3473//6517 3442//6517 3457//6517 
f 3473//6518 3461//6518 3442//6518 
f 3474//6519 3443//6519 3458//6519 
f 3474//6520 3462//6520 3443//6520 
f 3475//6521 3476//6521 3446//6521 
f 3475//6522 3444//6522 3459//6522 
f 3475//6523 3446//6523 3444//6523 
f 3477//6524 3463//6524 3447//6524 
f 3477//6525 3447//6525 3460//6525 
f 3478//6526 3448//6526 3461//6526 
f 3478//6527 3464//6527 3448//6527 
f 3479//6528 3465//6528 3449//6528 
f 3479//6529 3449//6529 3462//6529 
f 3480//6530 3450//6530 3463//6530 
f 3480//6531 3466//6531 3450//6531 
f 3481//6532 3467//6532 3451//6532 
f 3481//6533 3451//6533 3464//6533 
f 3482//6534 3452//6534 3465//6534 
f 3482//6535 3468//6535 3452//6535 
f 3483//6536 3469//6536 3453//6536 
f 3483//6537 3453//6537 3466//6537 
f 3484//6538 3454//6538 3467//6538 
f 3484//6539 3470//6539 3454//6539 
f 3485//6540 3455//6540 3468//6540 
f 3485//6541 3471//6541 3455//6541 
f 3486//6542 3457//6542 3469//6542 
f 3486//6543 3473//6543 3457//6543 
f 3487//6544 3474//6544 3458//6544 
f 3487//6545 3458//6545 3470//6545 
f 3488//6546 3459//6546 3471//6546 
f 3488//6547 3475//6547 3459//6547 
f 3489//6548 3460//6548 3472//6548 
f 3489//6549 3477//6549 3460//6549 
f 3490//6550 3461//6550 3473//6550 
f 3490//6551 3478//6551 3461//6551 
f 3491//6552 3479//6552 3462//6552 
f 3491//6553 3462//6553 3474//6553 
f 3492//6554 3493//6554 3476//6554 
f 3492//6555 3494//6555 3493//6555 
f 3492//6556 3476//6556 3475//6556 
f 3495//6557 3463//6557 3477//6557 
f 3495//6558 3480//6558 3463//6558 
f 3496//6559 3481//6559 3464//6559 
f 3496//6560 3464//6560 3478//6560 
f 3497//6561 3465//6561 3479//6561 
f 3497//6562 3482//6562 3465//6562 
f 3498//6563 3466//6563 3480//6563 
f 3498//6564 3483//6564 3466//6564 
f 3499//6565 3484//6565 3467//6565 
f 3499//6566 3467//6566 3481//6566 
f 3500//6567 3485//6567 3468//6567 
f 3500//6568 3468//6568 3482//6568 
f 3501//6569 3486//6569 3469//6569 
f 3501//6570 3469//6570 3483//6570 
f 3502//6571 3470//6571 3484//6571 
f 3502//6572 3487//6572 3470//6572 
f 3503//6573 3488//6573 3471//6573 
f 3503//6574 3471//6574 3485//6574 
f 3504//6575 3281//6575 3280//6575 
f 3504//6576 3280//6576 3279//6576 
f 3504//6577 3489//6577 3472//6577 
f 3504//6578 3472//6578 3281//6578 
f 3505//6579 3490//6579 3473//6579 
f 3505//6580 3473//6580 3486//6580 
f 3506//6581 3474//6581 3487//6581 
f 3506//6582 3491//6582 3474//6582 
f 3507//6583 3475//6583 3488//6583 
f 3507//6584 3492//6584 3475//6584 
f 3508//6585 3495//6585 3477//6585 
f 3508//6586 3477//6586 3489//6586 
f 3509//6587 3496//6587 3478//6587 
f 3509//6588 3478//6588 3490//6588 
f 3510//6589 3479//6589 3491//6589 
f 3510//6590 3497//6590 3479//6590 
f 3511//6591 3498//6591 3480//6591 
f 3511//6592 3480//6592 3495//6592 
f 3512//6593 3481//6593 3496//6593 
f 3512//6594 3499//6594 3481//6594 
f 3513//6595 3500//6595 3482//6595 
f 3513//6596 3482//6596 3497//6596 
f 3514//6597 3483//6597 3498//6597 
f 3514//6598 3501//6598 3483//6598 
f 3515//6599 3484//6599 3499//6599 
f 3515//6600 3502//6600 3484//6600 
f 3516//6601 3485//6601 3500//6601 
f 3516//6602 3503//6602 3485//6602 
f 3517//6603 3505//6603 3486//6603 
f 3517//6604 3486//6604 3501//6604 
f 3518//6605 3506//6605 3487//6605 
f 3518//6606 3487//6606 3502//6606 
f 3519//6607 3488//6607 3503//6607 
f 3519//6608 3507//6608 3488//6608 
f 3520//6609 3489//6609 3504//6609 
f 3520//6610 3279//6610 3278//6610 
f 3520//6611 3508//6611 3489//6611 
f 3520//6612 3504//6612 3279//6612 
f 3521//6613 3490//6613 3505//6613 
f 3521//6614 3509//6614 3490//6614 
f 3522//6615 3491//6615 3506//6615 
f 3522//6616 3510//6616 3491//6616 
f 3523//6617 3524//6617 3494//6617 
f 3523//6618 3494//6618 3492//6618 
f 3523//6619 3492//6619 3507//6619 
f 3525//6620 3495//6620 3508//6620 
f 3525//6621 3511//6621 3495//6621 
f 3526//6622 3512//6622 3496//6622 
f 3526//6623 3496//6623 3509//6623 
f 3527//6624 3513//6624 3497//6624 
f 3527//6625 3497//6625 3510//6625 
f 3528//6626 3498//6626 3511//6626 
f 3528//6627 3514//6627 3498//6627 
f 3529//6628 3499//6628 3512//6628 
f 3529//6629 3515//6629 3499//6629 
f 3530//6630 3500//6630 3513//6630 
f 3530//6631 3516//6631 3500//6631 
f 3531//6632 3517//6632 3501//6632 
f 3531//6633 3501//6633 3514//6633 
f 3532//6634 3502//6634 3515//6634 
f 3532//6635 3518//6635 3502//6635 
f 3533//6636 3519//6636 3503//6636 
f 3533//6637 3503//6637 3516//6637 
f 3534//6638 3505//6638 3517//6638 
f 3534//6639 3521//6639 3505//6639 
f 3535//6640 3506//6640 3518//6640 
f 3535//6641 3522//6641 3506//6641 
f 3536//6642 3507//6642 3519//6642 
f 3536//6643 3523//6643 3507//6643 
f 3537//6644 3508//6644 3520//6644 
f 3537//6645 3525//6645 3508//6645 
f 3538//6646 3509//6646 3521//6646 
f 3538//6647 3526//6647 3509//6647 
f 3539//6648 3510//6648 3522//6648 
f 3539//6649 3527//6649 3510//6649 
f 3540//6650 3541//6650 3524//6650 
f 3540//6651 3524//6651 3523//6651 
f 3542//6652 3511//6652 3525//6652 
f 3542//6653 3528//6653 3511//6653 
f 3543//6654 3529//6654 3512//6654 
f 3543//6655 3512//6655 3526//6655 
f 3544//6656 3513//6656 3527//6656 
f 3544//6657 3530//6657 3513//6657 
f 3545//6658 3531//6658 3514//6658 
f 3545//6659 3514//6659 3528//6659 
f 3546//6660 3515//6660 3529//6660 
f 3546//6661 3532//6661 3515//6661 
f 3547//6662 3533//6662 3516//6662 
f 3547//6663 3516//6663 3530//6663 
f 3548//6664 3517//6664 3531//6664 
f 3548//6665 3534//6665 3517//6665 
f 3549//6666 3535//6666 3518//6666 
f 3549//6667 3518//6667 3532//6667 
f 3550//6668 3536//6668 3519//6668 
f 3550//6669 3519//6669 3533//6669 
f 3551//6670 3520//6670 3278//6670 
f 3551//6671 3537//6671 3520//6671 
f 3551//6672 3278//6672 3277//6672 
f 3551//6673 3277//6673 3276//6673 
f 3552//6674 3538//6674 3521//6674 
f 3552//6675 3521//6675 3534//6675 
f 3553//6676 3522//6676 3535//6676 
f 3553//6677 3539//6677 3522//6677 
f 3554//6678 3523//6678 3536//6678 
f 3554//6679 3540//6679 3523//6679 
f 3555//6680 3525//6680 3537//6680 
f 3555//6681 3542//6681 3525//6681 
f 3556//6682 3543//6682 3526//6682 
f 3556//6683 3526//6683 3538//6683 
f 3557//6684 3527//6684 3539//6684 
f 3557//6685 3544//6685 3527//6685 
f 3558//6686 3528//6686 3542//6686 
f 3558//6687 3545//6687 3528//6687 
f 3559//6688 3529//6688 3543//6688 
f 3559//6689 3546//6689 3529//6689 
f 3560//6690 3530//6690 3544//6690 
f 3560//6691 3547//6691 3530//6691 
f 3561//6692 3531//6692 3545//6692 
f 3561//6693 3548//6693 3531//6693 
f 3562//6694 3549//6694 3532//6694 
f 3562//6695 3532//6695 3546//6695 
f 3563//6696 3550//6696 3533//6696 
f 3563//6697 3533//6697 3547//6697 
f 3564//6698 3552//6698 3534//6698 
f 3564//6699 3534//6699 3548//6699 
f 3565//6700 3535//6700 3549//6700 
f 3565//6701 3553//6701 3535//6701 
f 3566//6702 3536//6702 3550//6702 
f 3566//6703 3554//6703 3536//6703 
f 3567//6704 3537//6704 3551//6704 
f 3567//6705 3551//6705 3276//6705 
f 3567//6706 3555//6706 3537//6706 
f 3567//6707 3276//6707 3275//6707 
f 3568//6708 3556//6708 3538//6708 
f 3568//6709 3538//6709 3552//6709 
f 3569//6710 3539//6710 3553//6710 
f 3569//6711 3557//6711 3539//6711 
f 3570//6712 3540//6712 3554//6712 
f 3570//6713 3571//6713 3541//6713 
f 3570//6714 3572//6714 3571//6714 
f 3570//6715 3541//6715 3540//6715 
f 3573//6716 3542//6716 3555//6716 
f 3573//6717 3558//6717 3542//6717 
f 3574//6718 3543//6718 3556//6718 
f 3574//6719 3559//6719 3543//6719 
f 3575//6720 3560//6720 3544//6720 
f 3575//6721 3544//6721 3557//6721 
f 3576//6722 3561//6722 3545//6722 
f 3576//6723 3545//6723 3558//6723 
f 3577//6724 3546//6724 3559//6724 
f 3577//6725 3562//6725 3546//6725 
f 3578//6726 3547//6726 3560//6726 
f 3578//6727 3563//6727 3547//6727 
f 3579//6728 3564//6728 3548//6728 
f 3579//6729 3548//6729 3561//6729 
f 3580//6730 3549//6730 3562//6730 
f 3580//6731 3565//6731 3549//6731 
f 3581//6732 3550//6732 3563//6732 
f 3581//6733 3566//6733 3550//6733 
f 3582//6734 3552//6734 3564//6734 
f 3582//6735 3568//6735 3552//6735 
f 3583//6736 3553//6736 3565//6736 
f 3583//6737 3569//6737 3553//6737 
f 3584//6738 3554//6738 3566//6738 
f 3584//6739 3570//6739 3554//6739 
f 3585//6740 3555//6740 3567//6740 
f 3585//6741 3573//6741 3555//6741 
f 3586//6742 3574//6742 3556//6742 
f 3586//6743 3556//6743 3568//6743 
f 3587//6744 3575//6744 3557//6744 
f 3587//6745 3557//6745 3569//6745 
f 3588//6746 3589//6746 3572//6746 
f 3588//6747 3572//6747 3570//6747 
f 3590//6748 3558//6748 3573//6748 
f 3590//6749 3576//6749 3558//6749 
f 3591//6750 3577//6750 3559//6750 
f 3591//6751 3559//6751 3574//6751 
f 3592//6752 3578//6752 3560//6752 
f 3592//6753 3560//6753 3575//6753 
f 3593//6754 3561//6754 3576//6754 
f 3593//6755 3579//6755 3561//6755 
f 3594//6756 3580//6756 3562//6756 
f 3594//6757 3562//6757 3577//6757 
f 3595//6758 3563//6758 3578//6758 
f 3595//6759 3581//6759 3563//6759 
f 3596//6760 3564//6760 3579//6760 
f 3596//6761 3582//6761 3564//6761 
f 3597//6762 3583//6762 3565//6762 
f 3597//6763 3565//6763 3580//6763 
f 3598//6764 3584//6764 3566//6764 
f 3598//6765 3566//6765 3581//6765 
f 3599//6766 3585//6766 3567//6766 
f 3599//6767 3275//6767 3274//6767 
f 3599//6768 3567//6768 3275//6768 
f 3600//6769 3568//6769 3582//6769 
f 3600//6770 3586//6770 3568//6770 
f 3601//6771 3587//6771 3569//6771 
f 3601//6772 3569//6772 3583//6772 
f 3602//6773 3588//6773 3570//6773 
f 3602//6774 3570//6774 3584//6774 
f 3603//6775 3573//6775 3585//6775 
f 3603//6776 3590//6776 3573//6776 
f 3604//6777 3591//6777 3574//6777 
f 3604//6778 3574//6778 3586//6778 
f 3605//6779 3592//6779 3575//6779 
f 3605//6780 3575//6780 3587//6780 
f 3606//6781 3576//6781 3590//6781 
f 3606//6782 3593//6782 3576//6782 
f 3607//6783 3594//6783 3577//6783 
f 3607//6784 3577//6784 3591//6784 
f 3608//6785 3578//6785 3592//6785 
f 3608//6786 3595//6786 3578//6786 
f 3609//6787 3596//6787 3579//6787 
f 3609//6788 3579//6788 3593//6788 
f 3610//6789 3597//6789 3580//6789 
f 3610//6790 3580//6790 3594//6790 
f 3611//6791 3598//6791 3581//6791 
f 3611//6792 3581//6792 3595//6792 
f 3612//6793 3600//6793 3582//6793 
f 3612//6794 3582//6794 3596//6794 
f 3613//6795 3601//6795 3583//6795 
f 3613//6796 3583//6796 3597//6796 
f 3614//6797 3602//6797 3584//6797 
f 3614//6798 3584//6798 3598//6798 
f 3615//6799 3599//6799 3274//6799 
f 3615//6800 3274//6800 3273//6800 
f 3615//6801 3273//6801 3272//6801 
f 3615//6802 3603//6802 3585//6802 
f 3615//6803 3585//6803 3599//6803 
f 3616//6804 3604//6804 3586//6804 
f 3616//6805 3586//6805 3600//6805 
f 3617//6806 3587//6806 3601//6806 
f 3617//6807 3605//6807 3587//6807 
f 3618//6808 3588//6808 3602//6808 
f 3618//6809 3619//6809 3589//6809 
f 3618//6810 3620//6810 3619//6810 
f 3618//6811 3589//6811 3588//6811 
f 3621//6812 3590//6812 3603//6812 
f 3621//6813 3606//6813 3590//6813 
f 3622//6814 3607//6814 3591//6814 
f 3622//6815 3591//6815 3604//6815 
f 3623//6816 3592//6816 3605//6816 
f 3623//6817 3608//6817 3592//6817 
f 3624//6818 3609//6818 3593//6818 
f 3624//6819 3593//6819 3606//6819 
f 3625//6820 3594//6820 3607//6820 
f 3625//6821 3610//6821 3594//6821 
f 3626//6822 3595//6822 3608//6822 
f 3626//6823 3611//6823 3595//6823 
f 3627//6824 3612//6824 3596//6824 
f 3627//6825 3596//6825 3609//6825 
f 3628//6826 3613//6826 3597//6826 
f 3628//6827 3597//6827 3610//6827 
f 3629//6828 3614//6828 3598//6828 
f 3629//6829 3598//6829 3611//6829 
f 3630//6830 3600//6830 3612//6830 
f 3630//6831 3616//6831 3600//6831 
f 3631//6832 3601//6832 3613//6832 
f 3631//6833 3617//6833 3601//6833 
f 3632//6834 3602//6834 3614//6834 
f 3632//6835 3618//6835 3602//6835 
f 3633//6836 3621//6836 3603//6836 
f 3633//6837 3603//6837 3615//6837 
f 3634//6838 3604//6838 3616//6838 
f 3634//6839 3622//6839 3604//6839 
f 3635//6840 3605//6840 3617//6840 
f 3635//6841 3623//6841 3605//6841 
f 3636//6842 3637//6842 3620//6842 
f 3636//6843 3620//6843 3618//6843 
f 3638//6844 3624//6844 3606//6844 
f 3638//6845 3606//6845 3621//6845 
f 3639//6846 3607//6846 3622//6846 
f 3639//6847 3625//6847 3607//6847 
f 3640//6848 3608//6848 3623//6848 
f 3640//6849 3626//6849 3608//6849 
f 3641//6850 3627//6850 3609//6850 
f 3641//6851 3609//6851 3624//6851 
f 3642//6852 3610//6852 3625//6852 
f 3642//6853 3628//6853 3610//6853 
f 3643//6854 3611//6854 3626//6854 
f 3643//6855 3629//6855 3611//6855 
f 3644//6856 3612//6856 3627//6856 
f 3644//6857 3630//6857 3612//6857 
f 3645//6858 3613//6858 3628//6858 
f 3645//6859 3631//6859 3613//6859 
f 3646//6860 3614//6860 3629//6860 
f 3646//6861 3632//6861 3614//6861 
f 3647//6862 3615//6862 3272//6862 
f 3647//6863 3272//6863 3271//6863 
f 3647//6864 3633//6864 3615//6864 
f 3648//6865 3616//6865 3630//6865 
f 3648//6866 3634//6866 3616//6866 
f 3649//6867 3617//6867 3631//6867 
f 3649//6868 3635//6868 3617//6868 
f 3650//6869 3618//6869 3632//6869 
f 3650//6870 3636//6870 3618//6870 
f 3651//6871 3638//6871 3621//6871 
f 3651//6872 3621//6872 3633//6872 
f 3652//6873 3639//6873 3622//6873 
f 3652//6874 3622//6874 3634//6874 
f 3653//6875 3623//6875 3635//6875 
f 3653//6876 3640//6876 3623//6876 
f 3654//6877 3624//6877 3638//6877 
f 3654//6878 3641//6878 3624//6878 
f 3655//6879 3625//6879 3639//6879 
f 3655//6880 3642//6880 3625//6880 
f 3656//6881 3626//6881 3640//6881 
f 3656//6882 3643//6882 3626//6882 
f 3657//6883 3644//6883 3627//6883 
f 3657//6884 3627//6884 3641//6884 
f 3658//6885 3628//6885 3642//6885 
f 3658//6886 3645//6886 3628//6886 
f 3659//6887 3646//6887 3629//6887 
f 3659//6888 3629//6888 3643//6888 
f 3660//6889 3630//6889 3644//6889 
f 3660//6890 3648//6890 3630//6890 
f 3661//6891 3649//6891 3631//6891 
f 3661//6892 3631//6892 3645//6892 
f 3662//6893 3650//6893 3632//6893 
f 3662//6894 3632//6894 3646//6894 
f 3663//6895 3647//6895 3271//6895 
f 3663//6896 3651//6896 3633//6896 
f 3663//6897 3271//6897 3270//6897 
f 3663//6898 3270//6898 3269//6898 
f 3663//6899 3633//6899 3647//6899 
f 3664//6900 3634//6900 3648//6900 
f 3664//6901 3652//6901 3634//6901 
f 3665//6902 3653//6902 3635//6902 
f 3665//6903 3635//6903 3649//6903 
f 3666//6904 3636//6904 3650//6904 
f 3666//6905 3285//6905 3637//6905 
f 3666//6906 879//6906 878//6906 
f 3666//6907 878//6907 3285//6907 
f 3666//6908 3637//6908 3636//6908 
f 3667//6909 3654//6909 3638//6909 
f 3667//6910 3638//6910 3651//6910 
f 3668//6911 3639//6911 3652//6911 
f 3668//6912 3655//6912 3639//6912 
f 3669//6913 3656//6913 3640//6913 
f 3669//6914 3640//6914 3653//6914 
f 3670//6915 3657//6915 3641//6915 
f 3670//6916 3641//6916 3654//6916 
f 3671//6917 3642//6917 3655//6917 
f 3671//6918 3658//6918 3642//6918 
f 3672//6919 3659//6919 3643//6919 
f 3672//6920 3643//6920 3656//6920 
f 3673//6921 3644//6921 3657//6921 
f 3673//6922 3660//6922 3644//6922 
f 3674//6923 3661//6923 3645//6923 
f 3674//6924 3645//6924 3658//6924 
f 3675//6925 3662//6925 3646//6925 
f 3675//6926 3646//6926 3659//6926 
f 3676//6927 3648//6927 3660//6927 
f 3676//6928 3664//6928 3648//6928 
f 3677//6929 3649//6929 3661//6929 
f 3677//6930 3665//6930 3649//6930 
f 3678//6931 3650//6931 3662//6931 
f 3678//6932 880//6932 879//6932 
f 3678//6933 3666//6933 3650//6933 
f 3678//6934 879//6934 3666//6934 
f 3679//6935 3667//6935 3651//6935 
f 3679//6936 3651//6936 3663//6936 
f 3680//6937 3652//6937 3664//6937 
f 3680//6938 3668//6938 3652//6938 
f 3681//6939 3669//6939 3653//6939 
f 3681//6940 3653//6940 3665//6940 
f 3682//6941 3654//6941 3667//6941 
f 3682//6942 3670//6942 3654//6942 
f 3683//6943 3655//6943 3668//6943 
f 3683//6944 3671//6944 3655//6944 
f 3684//6945 3672//6945 3656//6945 
f 3684//6946 3656//6946 3669//6946 
f 3685//6947 3657//6947 3670//6947 
f 3685//6948 3673//6948 3657//6948 
f 3686//6949 3658//6949 3671//6949 
f 3686//6950 3674//6950 3658//6950 
f 3687//6951 3675//6951 3659//6951 
f 3687//6952 3659//6952 3672//6952 
f 3688//6953 3676//6953 3660//6953 
f 3688//6954 3660//6954 3673//6954 
f 3689//6955 3661//6955 3674//6955 
f 3689//6956 3677//6956 3661//6956 
f 3690//6957 880//6957 3678//6957 
f 3690//6958 3678//6958 3662//6958 
f 3690//6959 3662//6959 3675//6959 
f 3690//6960 881//6960 880//6960 
f 3690//6961 882//6961 881//6961 
f 3691//6962 3663//6962 3269//6962 
f 3691//6963 3269//6963 3268//6963 
f 3691//6964 3679//6964 3663//6964 
f 3692//6965 3664//6965 3676//6965 
f 3692//6966 3680//6966 3664//6966 
f 3693//6967 3681//6967 3665//6967 
f 3693//6968 3665//6968 3677//6968 
f 3694//6969 3667//6969 3679//6969 
f 3694//6970 3682//6970 3667//6970 
f 3695//6971 3668//6971 3680//6971 
f 3695//6972 3683//6972 3668//6972 
f 3696//6973 3669//6973 3681//6973 
f 3696//6974 3684//6974 3669//6974 
f 3697//6975 3685//6975 3670//6975 
f 3697//6976 3670//6976 3682//6976 
f 3698//6977 3671//6977 3683//6977 
f 3698//6978 3686//6978 3671//6978 
f 3699//6979 3687//6979 3672//6979 
f 3699//6980 3672//6980 3684//6980 
f 3700//6981 3673//6981 3685//6981 
f 3700//6982 3688//6982 3673//6982 
f 3701//6983 3689//6983 3674//6983 
f 3701//6984 3674//6984 3686//6984 
f 3702//6985 882//6985 3690//6985 
f 3702//6986 3690//6986 3675//6986 
f 3702//6987 3675//6987 3687//6987 
f 3702//6988 883//6988 882//6988 
f 3703//6989 3692//6989 3676//6989 
f 3703//6990 3676//6990 3688//6990 
f 3704//6991 3693//6991 3677//6991 
f 3704//6992 3677//6992 3689//6992 
f 3705//6993 3691//6993 3268//6993 
f 3705//6994 3679//6994 3691//6994 
f 3705//6995 3268//6995 3267//6995 
f 3705//6996 3694//6996 3679//6996 
f 3706//6997 3695//6997 3680//6997 
f 3706//6998 3680//6998 3692//6998 
f 3707//6999 3696//6999 3681//6999 
f 3707//7000 3681//7000 3693//7000 
f 3708//7001 3682//7001 3694//7001 
f 3708//7002 3697//7002 3682//7002 
f 3709//7003 3683//7003 3695//7003 
f 3709//7004 3698//7004 3683//7004 
f 3710//7005 3699//7005 3684//7005 
f 3710//7006 3684//7006 3696//7006 
f 3711//7007 3700//7007 3685//7007 
f 3711//7008 3685//7008 3697//7008 
f 3712//7009 3686//7009 3698//7009 
f 3712//7010 3701//7010 3686//7010 
f 3713//7011 3702//7011 3687//7011 
f 3713//7012 3687//7012 3699//7012 
f 3713//7013 883//7013 3702//7013 
f 3713//7014 884//7014 883//7014 
f 3713//7015 885//7015 884//7015 
f 3714//7016 3703//7016 3688//7016 
f 3714//7017 3688//7017 3700//7017 
f 3715//7018 3704//7018 3689//7018 
f 3715//7019 3689//7019 3701//7019 
f 3716//7020 3692//7020 3703//7020 
f 3716//7021 3706//7021 3692//7021 
f 3717//7022 3707//7022 3693//7022 
f 3717//7023 3693//7023 3704//7023 
f 3718//7024 3694//7024 3705//7024 
f 3718//7025 3708//7025 3694//7025 
f 3719//7026 3695//7026 3706//7026 
f 3719//7027 3709//7027 3695//7027 
f 3720//7028 3696//7028 3707//7028 
f 3720//7029 3710//7029 3696//7029 
f 3721//7030 3697//7030 3708//7030 
f 3721//7031 3711//7031 3697//7031 
f 3722//7032 3712//7032 3698//7032 
f 3722//7033 3698//7033 3709//7033 
f 3723//7034 3713//7034 3699//7034 
f 3723//7035 3699//7035 3710//7035 
f 3723//7036 885//7036 3713//7036 
f 3723//7037 886//7037 885//7037 
f 3724//7038 3714//7038 3700//7038 
f 3724//7039 3700//7039 3711//7039 
f 3725//7040 3715//7040 3701//7040 
f 3725//7041 3701//7041 3712//7041 
f 3726//7042 3716//7042 3703//7042 
f 3726//7043 3703//7043 3714//7043 
f 3727//7044 3704//7044 3715//7044 
f 3727//7045 3717//7045 3704//7045 
f 3728//7046 3718//7046 3705//7046 
f 3728//7047 3705//7047 3267//7047 
f 3728//7048 3267//7048 3266//7048 
f 3728//7049 3266//7049 3265//7049 
f 3729//7050 3719//7050 3706//7050 
f 3729//7051 3706//7051 3716//7051 
f 3730//7052 3720//7052 3707//7052 
f 3730//7053 3707//7053 3717//7053 
f 3731//7054 3708//7054 3718//7054 
f 3731//7055 3721//7055 3708//7055 
f 3732//7056 3722//7056 3709//7056 
f 3732//7057 3709//7057 3719//7057 
f 3733//7058 3710//7058 3720//7058 
f 3733//7059 887//7059 886//7059 
f 3733//7060 3723//7060 3710//7060 
f 3733//7061 886//7061 3723//7061 
f 3734//7062 3724//7062 3711//7062 
f 3734//7063 3711//7063 3721//7063 
f 3735//7064 3725//7064 3712//7064 
f 3735//7065 3712//7065 3722//7065 
f 3736//7066 3726//7066 3714//7066 
f 3736//7067 3714//7067 3724//7067 
f 3737//7068 3727//7068 3715//7068 
f 3737//7069 3715//7069 3725//7069 
f 3738//7070 3729//7070 3716//7070 
f 3738//7071 3716//7071 3726//7071 
f 3739//7072 3717//7072 3727//7072 
f 3739//7073 3730//7073 3717//7073 
f 3740//7074 3728//7074 3265//7074 
f 3740//7075 3731//7075 3718//7075 
f 3740//7076 3265//7076 3264//7076 
f 3740//7077 3718//7077 3728//7077 
f 3741//7078 3719//7078 3729//7078 
f 3741//7079 3732//7079 3719//7079 
f 3742//7080 887//7080 3733//7080 
f 3742//7081 3733//7081 3720//7081 
f 3742//7082 888//7082 887//7082 
f 3742//7083 889//7083 888//7083 
f 3742//7084 3720//7084 3730//7084 
f 3743//7085 3734//7085 3721//7085 
f 3743//7086 3721//7086 3731//7086 
f 3744//7087 3735//7087 3722//7087 
f 3744//7088 3722//7088 3732//7088 
f 3745//7089 3736//7089 3724//7089 
f 3745//7090 3724//7090 3734//7090 
f 3746//7091 3725//7091 3735//7091 
f 3746//7092 3737//7092 3725//7092 
f 3747//7093 3726//7093 3736//7093 
f 3747//7094 3738//7094 3726//7094 
f 3748//7095 3739//7095 3727//7095 
f 3748//7096 3727//7096 3737//7096 
f 3749//7097 3729//7097 3738//7097 
f 3749//7098 3741//7098 3729//7098 
f 3750//7099 889//7099 3742//7099 
f 3750//7100 3742//7100 3730//7100 
f 3750//7101 890//7101 889//7101 
f 3750//7102 3730//7102 3739//7102 
f 3751//7103 3743//7103 3731//7103 
f 3751//7104 3731//7104 3740//7104 
f 3752//7105 3744//7105 3732//7105 
f 3752//7106 3732//7106 3741//7106 
f 3753//7107 3734//7107 3743//7107 
f 3753//7108 3745//7108 3734//7108 
f 3754//7109 3746//7109 3735//7109 
f 3754//7110 3735//7110 3744//7110 
f 3755//7111 3747//7111 3736//7111 
f 3755//7112 3736//7112 3745//7112 
f 3756//7113 3748//7113 3737//7113 
f 3756//7114 3737//7114 3746//7114 
f 3757//7115 3738//7115 3747//7115 
f 3757//7116 3749//7116 3738//7116 
f 3758//7117 3739//7117 3748//7117 
f 3758//7118 3750//7118 3739//7118 
f 3758//7119 891//7119 890//7119 
f 3758//7120 892//7120 891//7120 
f 3758//7121 890//7121 3750//7121 
f 3759//7122 3740//7122 3264//7122 
f 3759//7123 3264//7123 3263//7123 
f 3759//7124 3263//7124 3262//7124 
f 3759//7125 3751//7125 3740//7125 
f 3760//7126 3741//7126 3749//7126 
f 3760//7127 3752//7127 3741//7127 
f 3761//7128 3753//7128 3743//7128 
f 3761//7129 3743//7129 3751//7129 
f 3762//7130 3754//7130 3744//7130 
f 3762//7131 3744//7131 3752//7131 
f 3763//7132 3745//7132 3753//7132 
f 3763//7133 3755//7133 3745//7133 
f 3764//7134 3756//7134 3746//7134 
f 3764//7135 3746//7135 3754//7135 
f 3765//7136 3747//7136 3755//7136 
f 3765//7137 3757//7137 3747//7137 
f 3766//7138 892//7138 3758//7138 
f 3766//7139 3758//7139 3748//7139 
f 3766//7140 3748//7140 3756//7140 
f 3766//7141 893//7141 892//7141 
f 3767//7142 3760//7142 3749//7142 
f 3767//7143 3749//7143 3757//7143 
f 3768//7144 3759//7144 3262//7144 
f 3768//7145 3751//7145 3759//7145 
f 3768//7146 3761//7146 3751//7146 
f 3768//7147 3262//7147 3261//7147 
f 3769//7148 3762//7148 3752//7148 
f 3769//7149 3752//7149 3760//7149 
f 3770//7150 3763//7150 3753//7150 
f 3770//7151 3753//7151 3761//7151 
f 3771//7152 3754//7152 3762//7152 
f 3771//7153 3764//7153 3754//7153 
f 3772//7154 3765//7154 3755//7154 
f 3772//7155 3755//7155 3763//7155 
f 3773//7156 3766//7156 3756//7156 
f 3773//7157 893//7157 3766//7157 
f 3773//7158 894//7158 893//7158 
f 3773//7159 3756//7159 3764//7159 
f 3774//7160 3757//7160 3765//7160 
f 3774//7161 3767//7161 3757//7161 
f 3775//7162 3769//7162 3760//7162 
f 3775//7163 3760//7163 3767//7163 
f 3776//7164 3761//7164 3768//7164 
f 3776//7165 3770//7165 3761//7165 
f 3777//7166 3762//7166 3769//7166 
f 3777//7167 3771//7167 3762//7167 
f 3778//7168 3772//7168 3763//7168 
f 3778//7169 3763//7169 3770//7169 
f 3779//7170 3764//7170 3771//7170 
f 3779//7171 894//7171 3773//7171 
f 3779//7172 3773//7172 3764//7172 
f 3779//7173 895//7173 894//7173 
f 3779//7174 896//7174 895//7174 
f 3780//7175 3765//7175 3772//7175 
f 3780//7176 3774//7176 3765//7176 
f 3781//7177 3767//7177 3774//7177 
f 3781//7178 3775//7178 3767//7178 
f 3782//7179 3776//7179 3768//7179 
f 3782//7180 3768//7180 3261//7180 
f 3782//7181 3261//7181 3260//7181 
f 3783//7182 3769//7182 3775//7182 
f 3783//7183 3777//7183 3769//7183 
f 3784//7184 3770//7184 3776//7184 
f 3784//7185 3778//7185 3770//7185 
f 3785//7186 3771//7186 3777//7186 
f 3785//7187 3779//7187 3771//7187 
f 3785//7188 896//7188 3779//7188 
f 3785//7189 897//7189 896//7189 
f 3786//7190 3772//7190 3778//7190 
f 3786//7191 3780//7191 3772//7191 
f 3787//7192 3774//7192 3780//7192 
f 3787//7193 3781//7193 3774//7193 
f 3788//7194 3783//7194 3775//7194 
f 3788//7195 3775//7195 3781//7195 
f 3789//7196 3784//7196 3776//7196 
f 3789//7197 3260//7197 3259//7197 
f 3789//7198 3776//7198 3782//7198 
f 3789//7199 3259//7199 3258//7199 
f 3789//7200 3782//7200 3260//7200 
f 3790//7201 3777//7201 3783//7201 
f 3790//7202 3785//7202 3777//7202 
f 3790//7203 897//7203 3785//7203 
f 3790//7204 898//7204 897//7204 
f 3790//7205 899//7205 898//7205 
f 3791//7206 3778//7206 3784//7206 
f 3791//7207 3786//7207 3778//7207 
f 3792//7208 3780//7208 3786//7208 
f 3792//7209 3787//7209 3780//7209 
f 3793//7210 3788//7210 3781//7210 
f 3793//7211 3781//7211 3787//7211 
f 3794//7212 899//7212 3790//7212 
f 3794//7213 3790//7213 3783//7213 
f 3794//7214 3783//7214 3788//7214 
f 3794//7215 900//7215 899//7215 
f 3795//7216 3791//7216 3784//7216 
f 3795//7217 3784//7217 3789//7217 
f 3796//7218 3786//7218 3791//7218 
f 3796//7219 3792//7219 3786//7219 
f 3797//7220 3793//7220 3787//7220 
f 3797//7221 3787//7221 3792//7221 
f 3798//7222 3794//7222 3788//7222 
f 3798//7223 900//7223 3794//7223 
f 3798//7224 901//7224 900//7224 
f 3798//7225 3788//7225 3793//7225 
f 3799//7226 3795//7226 3789//7226 
f 3799//7227 3258//7227 3257//7227 
f 3799//7228 3789//7228 3258//7228 
f 3800//7229 3791//7229 3795//7229 
f 3800//7230 3796//7230 3791//7230 
f 3801//7231 3792//7231 3796//7231 
f 3801//7232 3797//7232 3792//7232 
f 3802//7233 3798//7233 3793//7233 
f 3802//7234 3793//7234 3797//7234 
f 3802//7235 901//7235 3798//7235 
f 3802//7236 902//7236 901//7236 
f 3802//7237 903//7237 902//7237 
f 3803//7238 3795//7238 3799//7238 
f 3803//7239 3800//7239 3795//7239 
f 3803//7240 3799//7240 3257//7240 
f 3803//7241 3257//7241 3256//7241 
f 3803//7242 3256//7242 3255//7242 
f 3804//7243 3801//7243 3796//7243 
f 3804//7244 3796//7244 3800//7244 
f 3805//7245 3802//7245 3797//7245 
f 3805//7246 903//7246 3802//7246 
f 3805//7247 3797//7247 3801//7247 
f 3805//7248 904//7248 903//7248 
f 3806//7249 3800//7249 3803//7249 
f 3806//7250 3804//7250 3800//7250 
f 3807//7251 3801//7251 3804//7251 
f 3807//7252 3805//7252 3801//7252 
f 3807//7253 904//7253 3805//7253 
f 3807//7254 905//7254 904//7254 
f 3807//7255 906//7255 905//7255 
f 3808//7256 3803//7256 3255//7256 
f 3808//7257 3806//7257 3803//7257 
f 3808//7258 3255//7258 3254//7258 
f 3809//7259 3804//7259 3806//7259 
f 3809//7260 906//7260 3807//7260 
f 3809//7261 3807//7261 3804//7261 
f 3809//7262 907//7262 906//7262 
f 3810//7263 3809//7263 3806//7263 
f 3810//7264 3806//7264 3808//7264 
f 3810//7265 3808//7265 3254//7265 
f 3810//7266 907//7266 3809//7266 
f 3810//7267 3254//7267 3253//7267 
f 3810//7268 3253//7268 908//7268 
f 3810//7269 908//7269 907//7269 
f 3285//7270 3811//7270 3812//7270 
f 3285//7271 909//7271 3811//7271 
f 3285//7272 877//7272 909//7272 
f 3637//7273 3285//7273 3812//7273 
f 3620//7274 3812//7274 3813//7274 
f 3620//7275 3637//7275 3812//7275 
f 3619//7276 3813//7276 3814//7276 
f 3619//7277 3620//7277 3813//7277 
f 3589//7278 3814//7278 3815//7278 
f 3589//7279 3619//7279 3814//7279 
f 3572//7280 3816//7280 3817//7280 
f 3572//7281 3815//7281 3816//7281 
f 3572//7282 3589//7282 3815//7282 
f 3571//7283 3572//7283 3817//7283 
f 3541//7284 3571//7284 3817//7284 
f 3541//7285 3817//7285 3818//7285 
f 3524//7286 3541//7286 3818//7286 
f 3524//7287 3818//7287 3819//7287 
f 3494//7288 3524//7288 3819//7288 
f 3494//7289 3819//7289 3820//7289 
f 3493//7290 3494//7290 3820//7290 
f 3493//7291 3820//7291 3821//7291 
f 3476//7292 3821//7292 3822//7292 
f 3476//7293 3493//7293 3821//7293 
f 3446//7294 3822//7294 3823//7294 
f 3446//7295 3476//7295 3822//7295 
f 3445//7296 3823//7296 3824//7296 
f 3445//7297 3446//7297 3823//7297 
f 3428//7298 3824//7298 3825//7298 
f 3428//7299 3445//7299 3824//7299 
f 3402//7300 3825//7300 3826//7300 
f 3402//7301 3428//7301 3825//7301 
f 3388//7302 3826//7302 3827//7302 
f 3388//7303 3402//7303 3826//7303 
f 3387//7304 3827//7304 3828//7304 
f 3387//7305 3388//7305 3827//7305 
f 3365//7306 3828//7306 3829//7306 
f 3365//7307 3387//7307 3828//7307 
f 3353//7308 3829//7308 3830//7308 
f 3353//7309 3365//7309 3829//7309 
f 3352//7310 3830//7310 3831//7310 
f 3352//7311 3353//7311 3830//7311 
f 3335//7312 3831//7312 3832//7312 
f 3335//7313 3352//7313 3831//7313 
f 3326//7314 3833//7314 3834//7314 
f 3326//7315 3832//7315 3833//7315 
f 3326//7316 3335//7316 3832//7316 
f 3313//7317 3326//7317 3834//7317 
f 3312//7318 3834//7318 3835//7318 
f 3312//7319 3313//7319 3834//7319 
f 3305//7320 3836//7320 3837//7320 
f 3305//7321 3835//7321 3836//7321 
f 3305//7322 3312//7322 3835//7322 
f 3297//7323 3305//7323 3837//7323 
f 3296//7324 3837//7324 3838//7324 
f 3296//7325 3297//7325 3837//7325 
f 3292//7326 3839//7326 3840//7326 
f 3292//7327 3838//7327 3839//7327 
f 3292//7328 3296//7328 3838//7328 
f 3287//7329 3292//7329 3840//7329 
f 3288//7330 3840//7330 3841//7330 
f 3288//7331 3287//7331 3840//7331 
f 3284//7332 3841//7332 3842//7332 
f 3284//7333 3288//7333 3841//7333 
f 909//7334 910//7334 3811//7334 
f 940//7335 941//7335 3843//7335 
f 3840//7336 3844//7336 3841//7336 
f 3841//7337 3845//7337 3842//7337 
f 3844//7338 3845//7338 3841//7338 
f 3845//7339 3846//7339 3842//7339 
f 3839//7340 3847//7340 3840//7340 
f 3840//7341 3847//7341 3844//7341 
f 3844//7342 3847//7342 3845//7342 
f 3846//7343 3848//7343 3842//7343 
f 3847//7344 3849//7344 3845//7344 
f 3845//7345 3849//7345 3846//7345 
f 3838//7346 3850//7346 3839//7346 
f 3837//7347 3850//7347 3838//7347 
f 3839//7348 3850//7348 3847//7348 
f 3848//7349 3851//7349 3842//7349 
f 3849//7350 3852//7350 3846//7350 
f 3846//7351 3852//7351 3848//7351 
f 3850//7352 3853//7352 3847//7352 
f 3847//7353 3853//7353 3849//7353 
f 3851//7354 3854//7354 3842//7354 
f 3852//7355 3855//7355 3848//7355 
f 3848//7356 3855//7356 3851//7356 
f 3853//7357 3856//7357 3849//7357 
f 3849//7358 3856//7358 3852//7358 
f 3836//7359 3857//7359 3837//7359 
f 3850//7360 3857//7360 3853//7360 
f 3837//7361 3857//7361 3850//7361 
f 3854//7362 3858//7362 3842//7362 
f 3855//7363 3859//7363 3851//7363 
f 3851//7364 3859//7364 3854//7364 
f 3856//7365 3860//7365 3852//7365 
f 3852//7366 3860//7366 3855//7366 
f 3857//7367 3861//7367 3853//7367 
f 3853//7368 3861//7368 3856//7368 
f 3858//7369 3862//7369 3842//7369 
f 3835//7370 3863//7370 3836//7370 
f 3834//7371 3863//7371 3835//7371 
f 3836//7372 3863//7372 3857//7372 
f 3859//7373 3864//7373 3854//7373 
f 3854//7374 3864//7374 3858//7374 
f 3855//7375 3865//7375 3859//7375 
f 3860//7376 3865//7376 3855//7376 
f 3861//7377 3866//7377 3856//7377 
f 3856//7378 3866//7378 3860//7378 
f 3862//7379 3867//7379 3842//7379 
f 3857//7380 3868//7380 3861//7380 
f 3863//7381 3868//7381 3857//7381 
f 3858//7382 3869//7382 3862//7382 
f 3864//7383 3869//7383 3858//7383 
f 3859//7384 3870//7384 3864//7384 
f 3865//7385 3870//7385 3859//7385 
f 3866//7386 3871//7386 3860//7386 
f 3860//7387 3871//7387 3865//7387 
f 3867//7388 3872//7388 3842//7388 
f 3868//7389 3873//7389 3861//7389 
f 3861//7390 3873//7390 3866//7390 
f 3862//7391 3874//7391 3867//7391 
f 3869//7392 3874//7392 3862//7392 
f 3833//7393 3875//7393 3834//7393 
f 3834//7394 3875//7394 3863//7394 
f 3863//7395 3875//7395 3868//7395 
f 3864//7396 3876//7396 3869//7396 
f 3870//7397 3876//7397 3864//7397 
f 3871//7398 3877//7398 3865//7398 
f 3865//7399 3877//7399 3870//7399 
f 3872//7400 3878//7400 3842//7400 
f 3873//7401 3879//7401 3866//7401 
f 3866//7402 3879//7402 3871//7402 
f 3867//7403 3880//7403 3872//7403 
f 3874//7404 3880//7404 3867//7404 
f 3875//7405 3881//7405 3868//7405 
f 3868//7406 3881//7406 3873//7406 
f 3869//7407 3882//7407 3874//7407 
f 3876//7408 3882//7408 3869//7408 
f 3832//7409 3883//7409 3833//7409 
f 3833//7410 3883//7410 3875//7410 
f 3870//7411 3884//7411 3876//7411 
f 3877//7412 3884//7412 3870//7412 
f 3878//7413 3885//7413 3842//7413 
f 3871//7414 3886//7414 3877//7414 
f 3879//7415 3886//7415 3871//7415 
f 3880//7416 3887//7416 3872//7416 
f 3872//7417 3887//7417 3878//7417 
f 3881//7418 3888//7418 3873//7418 
f 3873//7419 3888//7419 3879//7419 
f 3874//7420 3889//7420 3880//7420 
f 3882//7421 3889//7421 3874//7421 
f 3883//7422 3890//7422 3875//7422 
f 3875//7423 3890//7423 3881//7423 
f 3876//7424 3891//7424 3882//7424 
f 3884//7425 3891//7425 3876//7425 
f 3885//7426 3892//7426 3842//7426 
f 3877//7427 3893//7427 3884//7427 
f 3886//7428 3893//7428 3877//7428 
f 3878//7429 3894//7429 3885//7429 
f 3887//7430 3894//7430 3878//7430 
f 3888//7431 3895//7431 3879//7431 
f 3879//7432 3895//7432 3886//7432 
f 3880//7433 3896//7433 3887//7433 
f 3889//7434 3896//7434 3880//7434 
f 3890//7435 3897//7435 3881//7435 
f 3881//7436 3897//7436 3888//7436 
f 3882//7437 3898//7437 3889//7437 
f 3891//7438 3898//7438 3882//7438 
f 3883//7439 3899//7439 3890//7439 
f 3831//7440 3899//7440 3832//7440 
f 3830//7441 3899//7441 3831//7441 
f 3832//7442 3899//7442 3883//7442 
f 3892//7443 3900//7443 3842//7443 
f 3893//7444 3901//7444 3884//7444 
f 3884//7445 3901//7445 3891//7445 
f 3894//7446 3902//7446 3885//7446 
f 3885//7447 3902//7447 3892//7447 
f 3886//7448 3903//7448 3893//7448 
f 3895//7449 3903//7449 3886//7449 
f 3896//7450 3904//7450 3887//7450 
f 3887//7451 3904//7451 3894//7451 
f 3888//7452 3905//7452 3895//7452 
f 3897//7453 3905//7453 3888//7453 
f 3898//7454 3906//7454 3889//7454 
f 3889//7455 3906//7455 3896//7455 
f 3890//7456 3907//7456 3897//7456 
f 3899//7457 3907//7457 3890//7457 
f 3900//7458 3908//7458 3842//7458 
f 3901//7459 3909//7459 3891//7459 
f 3891//7460 3909//7460 3898//7460 
f 3830//7461 3910//7461 3899//7461 
f 3829//7462 3910//7462 3830//7462 
f 3892//7463 3911//7463 3900//7463 
f 3902//7464 3911//7464 3892//7464 
f 3903//7465 3912//7465 3893//7465 
f 3893//7466 3912//7466 3901//7466 
f 3894//7467 3913//7467 3902//7467 
f 3904//7468 3913//7468 3894//7468 
f 3895//7469 3914//7469 3903//7469 
f 3905//7470 3914//7470 3895//7470 
f 3896//7471 3915//7471 3904//7471 
f 3906//7472 3915//7472 3896//7472 
f 3897//7473 3916//7473 3905//7473 
f 3907//7474 3916//7474 3897//7474 
f 3908//7475 3917//7475 3842//7475 
f 3909//7476 3918//7476 3898//7476 
f 3898//7477 3918//7477 3906//7477 
f 3899//7478 3919//7478 3907//7478 
f 3910//7479 3919//7479 3899//7479 
f 3900//7480 3920//7480 3908//7480 
f 3911//7481 3920//7481 3900//7481 
f 3901//7482 3921//7482 3909//7482 
f 3912//7483 3921//7483 3901//7483 
f 3913//7484 3922//7484 3902//7484 
f 3902//7485 3922//7485 3911//7485 
f 3903//7486 3923//7486 3912//7486 
f 3914//7487 3923//7487 3903//7487 
f 3915//7488 3924//7488 3904//7488 
f 3904//7489 3924//7489 3913//7489 
f 3905//7490 3925//7490 3914//7490 
f 3916//7491 3925//7491 3905//7491 
f 3917//7492 3926//7492 3842//7492 
f 3918//7493 3927//7493 3906//7493 
f 3906//7494 3927//7494 3915//7494 
f 3907//7495 3928//7495 3916//7495 
f 3919//7496 3928//7496 3907//7496 
f 3920//7497 3929//7497 3908//7497 
f 3908//7498 3929//7498 3917//7498 
f 3921//7499 3930//7499 3909//7499 
f 3909//7500 3930//7500 3918//7500 
f 3828//7501 3931//7501 3829//7501 
f 3910//7502 3931//7502 3919//7502 
f 3827//7503 3931//7503 3828//7503 
f 3829//7504 3931//7504 3910//7504 
f 3911//7505 3932//7505 3920//7505 
f 3922//7506 3932//7506 3911//7506 
f 3923//7507 3933//7507 3912//7507 
f 3912//7508 3933//7508 3921//7508 
f 3924//7509 3934//7509 3913//7509 
f 3913//7510 3934//7510 3922//7510 
f 3914//7511 3935//7511 3923//7511 
f 3925//7512 3935//7512 3914//7512 
f 3926//7513 3936//7513 3842//7513 
f 3915//7514 3937//7514 3924//7514 
f 3927//7515 3937//7515 3915//7515 
f 3916//7516 3938//7516 3925//7516 
f 3928//7517 3938//7517 3916//7517 
f 3917//7518 3939//7518 3926//7518 
f 3929//7519 3939//7519 3917//7519 
f 3918//7520 3940//7520 3927//7520 
f 3930//7521 3940//7521 3918//7521 
f 3919//7522 3941//7522 3928//7522 
f 3931//7523 3941//7523 3919//7523 
f 3932//7524 3942//7524 3920//7524 
f 3920//7525 3942//7525 3929//7525 
f 3921//7526 3943//7526 3930//7526 
f 3933//7527 3943//7527 3921//7527 
f 3826//7528 3944//7528 3827//7528 
f 3827//7529 3944//7529 3931//7529 
f 3934//7530 3945//7530 3922//7530 
f 3922//7531 3945//7531 3932//7531 
f 3923//7532 3946//7532 3933//7532 
f 3935//7533 3946//7533 3923//7533 
f 3936//7534 3947//7534 3842//7534 
f 3924//7535 3948//7535 3934//7535 
f 3937//7536 3948//7536 3924//7536 
f 3925//7537 3949//7537 3935//7537 
f 3938//7538 3949//7538 3925//7538 
f 3939//7539 3950//7539 3926//7539 
f 3926//7540 3950//7540 3936//7540 
f 3940//7541 3951//7541 3927//7541 
f 3927//7542 3951//7542 3937//7542 
f 3928//7543 3952//7543 3938//7543 
f 3941//7544 3952//7544 3928//7544 
f 3929//7545 3953//7545 3939//7545 
f 3942//7546 3953//7546 3929//7546 
f 3943//7547 3954//7547 3930//7547 
f 3930//7548 3954//7548 3940//7548 
f 3931//7549 3955//7549 3941//7549 
f 3944//7550 3955//7550 3931//7550 
f 3932//7551 3956//7551 3942//7551 
f 3945//7552 3956//7552 3932//7552 
f 3933//7553 3957//7553 3943//7553 
f 3946//7554 3957//7554 3933//7554 
f 3947//7555 3958//7555 3842//7555 
f 3948//7556 3959//7556 3934//7556 
f 3934//7557 3959//7557 3945//7557 
f 3949//7558 3960//7558 3935//7558 
f 3935//7559 3960//7559 3946//7559 
f 3950//7560 3961//7560 3936//7560 
f 3936//7561 3961//7561 3947//7561 
f 3951//7562 3962//7562 3937//7562 
f 3937//7563 3962//7563 3948//7563 
f 3952//7564 3963//7564 3938//7564 
f 3938//7565 3963//7565 3949//7565 
f 3953//7566 3964//7566 3939//7566 
f 3939//7567 3964//7567 3950//7567 
f 3940//7568 3965//7568 3951//7568 
f 3954//7569 3965//7569 3940//7569 
f 3941//7570 3966//7570 3952//7570 
f 3955//7571 3966//7571 3941//7571 
f 3956//7572 3967//7572 3942//7572 
f 3942//7573 3967//7573 3953//7573 
f 3957//7574 3968//7574 3943//7574 
f 3943//7575 3968//7575 3954//7575 
f 3825//7576 3969//7576 3826//7576 
f 3944//7577 3969//7577 3955//7577 
f 3826//7578 3969//7578 3944//7578 
f 3958//7579 3970//7579 3842//7579 
f 3959//7580 3971//7580 3945//7580 
f 3945//7581 3971//7581 3956//7581 
f 3946//7582 3972//7582 3957//7582 
f 3960//7583 3972//7583 3946//7583 
f 3961//7584 3973//7584 3947//7584 
f 3947//7585 3973//7585 3958//7585 
f 3962//7586 3974//7586 3948//7586 
f 3948//7587 3974//7587 3959//7587 
f 3949//7588 3975//7588 3960//7588 
f 3963//7589 3975//7589 3949//7589 
f 3964//7590 3976//7590 3950//7590 
f 3950//7591 3976//7591 3961//7591 
f 3951//7592 3977//7592 3962//7592 
f 3965//7593 3977//7593 3951//7593 
f 3952//7594 3978//7594 3963//7594 
f 3966//7595 3978//7595 3952//7595 
f 3953//7596 3979//7596 3964//7596 
f 3967//7597 3979//7597 3953//7597 
f 3954//7598 3980//7598 3965//7598 
f 3968//7599 3980//7599 3954//7599 
f 3969//7600 3981//7600 3955//7600 
f 3955//7601 3981//7601 3966//7601 
f 3970//7602 3982//7602 3842//7602 
f 3842//7603 3982//7603 3983//7603 
f 3956//7604 3984//7604 3967//7604 
f 3971//7605 3984//7605 3956//7605 
f 3972//7606 3985//7606 3957//7606 
f 3957//7607 3985//7607 3968//7607 
f 3824//7608 3986//7608 3825//7608 
f 3823//7609 3986//7609 3824//7609 
f 3825//7610 3986//7610 3969//7610 
f 3958//7611 3987//7611 3970//7611 
f 3973//7612 3987//7612 3958//7612 
f 3959//7613 3988//7613 3971//7613 
f 3974//7614 3988//7614 3959//7614 
f 3960//7615 3989//7615 3972//7615 
f 3975//7616 3989//7616 3960//7616 
f 3961//7617 3990//7617 3973//7617 
f 3976//7618 3990//7618 3961//7618 
f 3962//7619 3991//7619 3974//7619 
f 3977//7620 3991//7620 3962//7620 
f 3978//7621 3992//7621 3963//7621 
f 3963//7622 3992//7622 3975//7622 
f 3979//7623 3993//7623 3964//7623 
f 3964//7624 3993//7624 3976//7624 
f 3980//7625 3994//7625 3965//7625 
f 3965//7626 3994//7626 3977//7626 
f 3966//7627 3995//7627 3978//7627 
f 3981//7628 3995//7628 3966//7628 
f 3982//7629 3996//7629 3983//7629 
f 3983//7630 3996//7630 3997//7630 
f 3984//7631 3998//7631 3967//7631 
f 3967//7632 3998//7632 3979//7632 
f 3968//7633 3999//7633 3980//7633 
f 3985//7634 3999//7634 3968//7634 
f 3986//7635 4000//7635 3969//7635 
f 3969//7636 4000//7636 3981//7636 
f 3987//7637 4001//7637 3970//7637 
f 3970//7638 4001//7638 3982//7638 
f 3971//7639 4002//7639 3984//7639 
f 3988//7640 4002//7640 3971//7640 
f 3989//7641 4003//7641 3972//7641 
f 3972//7642 4003//7642 3985//7642 
f 3973//7643 4004//7643 3987//7643 
f 3990//7644 4004//7644 3973//7644 
f 3974//7645 4005//7645 3988//7645 
f 3991//7646 4005//7646 3974//7646 
f 3975//7647 4006//7647 3989//7647 
f 3992//7648 4006//7648 3975//7648 
f 3976//7649 4007//7649 3990//7649 
f 3993//7650 4007//7650 3976//7650 
f 3977//7651 4008//7651 3991//7651 
f 3994//7652 4008//7652 3977//7652 
f 3978//7653 4009//7653 3992//7653 
f 3995//7654 4009//7654 3978//7654 
f 3979//7655 4010//7655 3993//7655 
f 3998//7656 4010//7656 3979//7656 
f 3999//7657 4011//7657 3980//7657 
f 3980//7658 4011//7658 3994//7658 
f 4000//7659 4012//7659 3981//7659 
f 3981//7660 4012//7660 3995//7660 
f 3997//7661 4013//7661 4014//7661 
f 3982//7662 4013//7662 3996//7662 
f 3996//7663 4013//7663 3997//7663 
f 4001//7664 4013//7664 3982//7664 
f 3984//7665 4015//7665 3998//7665 
f 4002//7666 4015//7666 3984//7666 
f 3985//7667 4016//7667 3999//7667 
f 4003//7668 4016//7668 3985//7668 
f 3822//7669 4017//7669 3823//7669 
f 3986//7670 4017//7670 4000//7670 
f 3823//7671 4017//7671 3986//7671 
f 4004//7672 4018//7672 3987//7672 
f 3987//7673 4018//7673 4001//7673 
f 3988//7674 4019//7674 4002//7674 
f 4005//7675 4019//7675 3988//7675 
f 4006//7676 4020//7676 3989//7676 
f 3989//7677 4020//7677 4003//7677 
f 3990//7678 4021//7678 4004//7678 
f 4007//7679 4021//7679 3990//7679 
f 4008//7680 4022//7680 3991//7680 
f 3991//7681 4022//7681 4005//7681 
f 3992//7682 4023//7682 4006//7682 
f 4009//7683 4023//7683 3992//7683 
f 4010//7684 4024//7684 3993//7684 
f 3993//7685 4024//7685 4007//7685 
f 3994//7686 4025//7686 4008//7686 
f 4011//7687 4025//7687 3994//7687 
f 3995//7688 4026//7688 4009//7688 
f 4012//7689 4026//7689 3995//7689 
f 3998//7690 4027//7690 4010//7690 
f 4015//7691 4027//7691 3998//7691 
f 4016//7692 4028//7692 3999//7692 
f 3999//7693 4028//7693 4011//7693 
f 4000//7694 4029//7694 4012//7694 
f 4017//7695 4029//7695 4000//7695 
f 4001//7696 4030//7696 4013//7696 
f 4018//7697 4030//7697 4001//7697 
f 4002//7698 4031//7698 4015//7698 
f 4019//7699 4031//7699 4002//7699 
f 4020//7700 4032//7700 4003//7700 
f 4003//7701 4032//7701 4016//7701 
f 3821//7702 4033//7702 3822//7702 
f 3820//7703 4033//7703 3821//7703 
f 3822//7704 4033//7704 4017//7704 
f 4004//7705 4034//7705 4018//7705 
f 4021//7706 4034//7706 4004//7706 
f 4022//7707 4035//7707 4005//7707 
f 4005//7708 4035//7708 4019//7708 
f 4006//7709 4036//7709 4020//7709 
f 4023//7710 4036//7710 4006//7710 
f 4007//7711 4037//7711 4021//7711 
f 4024//7712 4037//7712 4007//7712 
f 4025//7713 4038//7713 4008//7713 
f 4008//7714 4038//7714 4022//7714 
f 4026//7715 4039//7715 4009//7715 
f 4009//7716 4039//7716 4023//7716 
f 4027//7717 4040//7717 4010//7717 
f 4010//7718 4040//7718 4024//7718 
f 4011//7719 4041//7719 4025//7719 
f 4028//7720 4041//7720 4011//7720 
f 4029//7721 4042//7721 4012//7721 
f 4012//7722 4042//7722 4026//7722 
f 4014//7723 4043//7723 4044//7723 
f 4044//7724 4043//7724 4045//7724 
f 4030//7725 4043//7725 4013//7725 
f 4013//7726 4043//7726 4014//7726 
f 4031//7727 4046//7727 4015//7727 
f 4015//7728 4046//7728 4027//7728 
f 4016//7729 4047//7729 4028//7729 
f 4032//7730 4047//7730 4016//7730 
f 4017//7731 4048//7731 4029//7731 
f 4033//7732 4048//7732 4017//7732 
f 4034//7733 4049//7733 4018//7733 
f 4018//7734 4049//7734 4030//7734 
f 4035//7735 4050//7735 4019//7735 
f 4019//7736 4050//7736 4031//7736 
f 4020//7737 4051//7737 4032//7737 
f 4036//7738 4051//7738 4020//7738 
f 4037//7739 4052//7739 4021//7739 
f 4021//7740 4052//7740 4034//7740 
f 4022//7741 4053//7741 4035//7741 
f 4038//7742 4053//7742 4022//7742 
f 4039//7743 4054//7743 4023//7743 
f 4023//7744 4054//7744 4036//7744 
f 4024//7745 4055//7745 4037//7745 
f 4040//7746 4055//7746 4024//7746 
f 4025//7747 4056//7747 4038//7747 
f 4041//7748 4056//7748 4025//7748 
f 4026//7749 4057//7749 4039//7749 
f 4042//7750 4057//7750 4026//7750 
f 4046//7751 4058//7751 4027//7751 
f 4027//7752 4058//7752 4040//7752 
f 4047//7753 4059//7753 4028//7753 
f 4028//7754 4059//7754 4041//7754 
f 4029//7755 4060//7755 4042//7755 
f 4048//7756 4060//7756 4029//7756 
f 4030//7757 4061//7757 4043//7757 
f 4045//7758 4061//7758 4062//7758 
f 4049//7759 4061//7759 4030//7759 
f 4043//7760 4061//7760 4045//7760 
f 4031//7761 4063//7761 4046//7761 
f 4050//7762 4063//7762 4031//7762 
f 4032//7763 4064//7763 4047//7763 
f 4051//7764 4064//7764 4032//7764 
f 3819//7765 4065//7765 3820//7765 
f 3820//7766 4065//7766 4033//7766 
f 4033//7767 4065//7767 4048//7767 
f 4034//7768 4066//7768 4049//7768 
f 4052//7769 4066//7769 4034//7769 
f 4053//7770 4067//7770 4035//7770 
f 4035//7771 4067//7771 4050//7771 
f 4054//7772 4068//7772 4036//7772 
f 4036//7773 4068//7773 4051//7773 
f 4037//7774 4069//7774 4052//7774 
f 4055//7775 4069//7775 4037//7775 
f 4038//7776 4070//7776 4053//7776 
f 4056//7777 4070//7777 4038//7777 
f 4039//7778 4071//7778 4054//7778 
f 4057//7779 4071//7779 4039//7779 
f 4058//7780 4072//7780 4040//7780 
f 4040//7781 4072//7781 4055//7781 
f 4041//7782 4073//7782 4056//7782 
f 4059//7783 4073//7783 4041//7783 
f 4060//7784 4074//7784 4042//7784 
f 4042//7785 4074//7785 4057//7785 
f 4046//7786 4075//7786 4058//7786 
f 4063//7787 4075//7787 4046//7787 
f 4047//7788 4076//7788 4059//7788 
f 4064//7789 4076//7789 4047//7789 
f 4048//7790 4077//7790 4060//7790 
f 4065//7791 4077//7791 4048//7791 
f 4049//7792 4078//7792 4061//7792 
f 4066//7793 4078//7793 4049//7793 
f 4050//7794 4079//7794 4063//7794 
f 4067//7795 4079//7795 4050//7795 
f 4051//7796 4080//7796 4064//7796 
f 4068//7797 4080//7797 4051//7797 
f 3818//7798 4081//7798 3819//7798 
f 3819//7799 4081//7799 4065//7799 
f 4052//7800 4082//7800 4066//7800 
f 4069//7801 4082//7801 4052//7801 
f 4070//7802 4083//7802 4053//7802 
f 4053//7803 4083//7803 4067//7803 
f 4054//7804 4084//7804 4068//7804 
f 4071//7805 4084//7805 4054//7805 
f 4072//7806 4085//7806 4055//7806 
f 4055//7807 4085//7807 4069//7807 
f 4056//7808 4086//7808 4070//7808 
f 4073//7809 4086//7809 4056//7809 
f 4074//7810 4087//7810 4057//7810 
f 4057//7811 4087//7811 4071//7811 
f 4058//7812 4088//7812 4072//7812 
f 4075//7813 4088//7813 4058//7813 
f 4076//7814 4089//7814 4059//7814 
f 4059//7815 4089//7815 4073//7815 
f 4077//7816 4090//7816 4060//7816 
f 4060//7817 4090//7817 4074//7817 
f 4061//7818 4091//7818 4062//7818 
f 4078//7819 4091//7819 4061//7819 
f 4062//7820 4091//7820 4092//7820 
f 4092//7821 4091//7821 4093//7821 
f 4079//7822 4094//7822 4063//7822 
f 4063//7823 4094//7823 4075//7823 
f 4064//7824 4095//7824 4076//7824 
f 4080//7825 4095//7825 4064//7825 
f 4065//7826 4096//7826 4077//7826 
f 4081//7827 4096//7827 4065//7827 
f 4066//7828 4097//7828 4078//7828 
f 4082//7829 4097//7829 4066//7829 
f 4083//7830 4098//7830 4067//7830 
f 4067//7831 4098//7831 4079//7831 
f 4068//7832 4099//7832 4080//7832 
f 4084//7833 4099//7833 4068//7833 
f 4069//7834 4100//7834 4082//7834 
f 4085//7835 4100//7835 4069//7835 
f 4070//7836 4101//7836 4083//7836 
f 4086//7837 4101//7837 4070//7837 
f 4071//7838 4102//7838 4084//7838 
f 4087//7839 4102//7839 4071//7839 
f 4072//7840 4103//7840 4085//7840 
f 4088//7841 4103//7841 4072//7841 
f 4089//7842 4104//7842 4073//7842 
f 4073//7843 4104//7843 4086//7843 
f 4090//7844 4105//7844 4074//7844 
f 4074//7845 4105//7845 4087//7845 
f 4094//7846 4106//7846 4075//7846 
f 4075//7847 4106//7847 4088//7847 
f 4076//7848 4107//7848 4089//7848 
f 4095//7849 4107//7849 4076//7849 
f 4077//7850 4108//7850 4090//7850 
f 4096//7851 4108//7851 4077//7851 
f 4078//7852 4109//7852 4091//7852 
f 4091//7853 4109//7853 4093//7853 
f 4097//7854 4109//7854 4078//7854 
f 4093//7855 4109//7855 4110//7855 
f 4098//7856 4111//7856 4079//7856 
f 4079//7857 4111//7857 4094//7857 
f 4080//7858 4112//7858 4095//7858 
f 4099//7859 4112//7859 4080//7859 
f 4081//7860 4113//7860 4096//7860 
f 3817//7861 4113//7861 3818//7861 
f 3816//7862 4113//7862 3817//7862 
f 3818//7863 4113//7863 4081//7863 
f 4082//7864 4114//7864 4097//7864 
f 4100//7865 4114//7865 4082//7865 
f 4083//7866 4115//7866 4098//7866 
f 4101//7867 4115//7867 4083//7867 
f 4102//7868 4116//7868 4084//7868 
f 4084//7869 4116//7869 4099//7869 
f 4103//7870 4117//7870 4085//7870 
f 4085//7871 4117//7871 4100//7871 
f 4086//7872 4118//7872 4101//7872 
f 4104//7873 4118//7873 4086//7873 
f 4087//7874 4119//7874 4102//7874 
f 4105//7875 4119//7875 4087//7875 
f 4106//7876 4120//7876 4088//7876 
f 4088//7877 4120//7877 4103//7877 
f 4089//7878 4121//7878 4104//7878 
f 4107//7879 4121//7879 4089//7879 
f 4090//7880 4122//7880 4105//7880 
f 4108//7881 4122//7881 4090//7881 
f 4094//7882 4123//7882 4106//7882 
f 4111//7883 4123//7883 4094//7883 
f 4095//7884 4124//7884 4107//7884 
f 4112//7885 4124//7885 4095//7885 
f 4096//7886 4125//7886 4108//7886 
f 4113//7887 4125//7887 4096//7887 
f 4097//7888 4126//7888 4109//7888 
f 4114//7889 4126//7889 4097//7889 
f 4115//7890 4127//7890 4098//7890 
f 4098//7891 4127//7891 4111//7891 
f 4116//7892 4128//7892 4099//7892 
f 4099//7893 4128//7893 4112//7893 
f 3815//7894 4129//7894 3816//7894 
f 3816//7895 4129//7895 4113//7895 
f 4100//7896 4130//7896 4114//7896 
f 4117//7897 4130//7897 4100//7897 
f 4118//7898 4131//7898 4101//7898 
f 4101//7899 4131//7899 4115//7899 
f 4119//7900 4132//7900 4102//7900 
f 4102//7901 4132//7901 4116//7901 
f 4103//7902 4133//7902 4117//7902 
f 4120//7903 4133//7903 4103//7903 
f 4121//7904 4134//7904 4104//7904 
f 4104//7905 4134//7905 4118//7905 
f 4105//7906 4135//7906 4119//7906 
f 4122//7907 4135//7907 4105//7907 
f 4106//7908 4136//7908 4120//7908 
f 4123//7909 4136//7909 4106//7909 
f 4124//7910 4137//7910 4107//7910 
f 4107//7911 4137//7911 4121//7911 
f 4125//7912 4138//7912 4108//7912 
f 4108//7913 4138//7913 4122//7913 
f 4126//7914 4139//7914 4109//7914 
f 4110//7915 4139//7915 4140//7915 
f 4109//7916 4139//7916 4110//7916 
f 4111//7917 4141//7917 4123//7917 
f 4127//7918 4141//7918 4111//7918 
f 4128//7919 4142//7919 4112//7919 
f 4112//7920 4142//7920 4124//7920 
f 4129//7921 4143//7921 4113//7921 
f 4113//7922 4143//7922 4125//7922 
f 4114//7923 4144//7923 4126//7923 
f 4130//7924 4144//7924 4114//7924 
f 4131//7925 4145//7925 4115//7925 
f 4115//7926 4145//7926 4127//7926 
f 4132//7927 4146//7927 4116//7927 
f 4116//7928 4146//7928 4128//7928 
f 4117//7929 4147//7929 4130//7929 
f 4133//7930 4147//7930 4117//7930 
f 4134//7931 4148//7931 4118//7931 
f 4118//7932 4148//7932 4131//7932 
f 4119//7933 4149//7933 4132//7933 
f 4135//7934 4149//7934 4119//7934 
f 4136//7935 4150//7935 4120//7935 
f 4120//7936 4150//7936 4133//7936 
f 4137//7937 4151//7937 4121//7937 
f 4121//7938 4151//7938 4134//7938 
f 4138//7939 4152//7939 4122//7939 
f 4122//7940 4152//7940 4135//7940 
f 4141//7941 4153//7941 4123//7941 
f 4123//7942 4153//7942 4136//7942 
f 4142//7943 4154//7943 4124//7943 
f 4124//7944 4154//7944 4137//7944 
f 4143//7945 4155//7945 4125//7945 
f 4125//7946 4155//7946 4138//7946 
f 4139//7947 4156//7947 4140//7947 
f 4140//7948 4156//7948 4157//7948 
f 4157//7949 4156//7949 4158//7949 
f 4144//7950 4156//7950 4126//7950 
f 4126//7951 4156//7951 4139//7951 
f 4145//7952 4159//7952 4127//7952 
f 4127//7953 4159//7953 4141//7953 
f 4128//7954 4160//7954 4142//7954 
f 4146//7955 4160//7955 4128//7955 
f 4129//7956 4161//7956 4143//7956 
f 3814//7957 4161//7957 3815//7957 
f 3813//7958 4161//7958 3814//7958 
f 3815//7959 4161//7959 4129//7959 
f 4130//7960 4162//7960 4144//7960 
f 4147//7961 4162//7961 4130//7961 
f 4148//7962 4163//7962 4131//7962 
f 4131//7963 4163//7963 4145//7963 
f 4132//7964 4164//7964 4146//7964 
f 4149//7965 4164//7965 4132//7965 
f 4150//7966 4165//7966 4133//7966 
f 4133//7967 4165//7967 4147//7967 
f 4134//7968 4166//7968 4148//7968 
f 4151//7969 4166//7969 4134//7969 
f 4135//7970 4167//7970 4149//7970 
f 4152//7971 4167//7971 4135//7971 
f 4153//7972 4168//7972 4136//7972 
f 4136//7973 4168//7973 4150//7973 
f 4154//7974 4169//7974 4137//7974 
f 4137//7975 4169//7975 4151//7975 
f 4155//7976 4170//7976 4138//7976 
f 4138//7977 4170//7977 4152//7977 
f 4141//7978 4171//7978 4153//7978 
f 4159//7979 4171//7979 4141//7979 
f 4142//7980 4172//7980 4154//7980 
f 4160//7981 4172//7981 4142//7981 
f 4143//7982 4173//7982 4155//7982 
f 4161//7983 4173//7983 4143//7983 
f 4162//7984 4174//7984 4144//7984 
f 4144//7985 4174//7985 4156//7985 
f 4145//7986 4175//7986 4159//7986 
f 4163//7987 4175//7987 4145//7987 
f 4146//7988 4176//7988 4160//7988 
f 4164//7989 4176//7989 4146//7989 
f 3812//7990 4177//7990 3813//7990 
f 3813//7991 4177//7991 4161//7991 
f 4165//7992 4178//7992 4147//7992 
f 4147//7993 4178//7993 4162//7993 
f 4148//7994 4179//7994 4163//7994 
f 4166//7995 4179//7995 4148//7995 
f 4149//7996 4180//7996 4164//7996 
f 4167//7997 4180//7997 4149//7997 
f 4168//7998 4181//7998 4150//7998 
f 4150//7999 4181//7999 4165//7999 
f 4151//8000 4182//8000 4166//8000 
f 4169//8001 4182//8001 4151//8001 
f 4152//8002 4183//8002 4167//8002 
f 4170//8003 4183//8003 4152//8003 
f 4153//8004 4184//8004 4168//8004 
f 4171//8005 4184//8005 4153//8005 
f 4154//8006 4185//8006 4169//8006 
f 4172//8007 4185//8007 4154//8007 
f 4155//8008 4186//8008 4170//8008 
f 4173//8009 4186//8009 4155//8009 
f 4156//8010 4187//8010 4158//8010 
f 4158//8011 4187//8011 4188//8011 
f 4174//8012 4187//8012 4156//8012 
f 4159//8013 4189//8013 4171//8013 
f 4175//8014 4189//8014 4159//8014 
f 4160//8015 4190//8015 4172//8015 
f 4176//8016 4190//8016 4160//8016 
f 4161//8017 4191//8017 4173//8017 
f 4177//8018 4191//8018 4161//8018 
f 4178//8019 4192//8019 4162//8019 
f 4162//8020 4192//8020 4174//8020 
f 4179//8021 4193//8021 4163//8021 
f 4163//8022 4193//8022 4175//8022 
f 4164//8023 4194//8023 4176//8023 
f 4180//8024 4194//8024 4164//8024 
f 4165//8025 4195//8025 4178//8025 
f 4181//8026 4195//8026 4165//8026 
f 4166//8027 4196//8027 4179//8027 
f 4182//8028 4196//8028 4166//8028 
f 4167//8029 4197//8029 4180//8029 
f 4183//8030 4197//8030 4167//8030 
f 4184//8031 4198//8031 4168//8031 
f 4168//8032 4198//8032 4181//8032 
f 4169//8033 4199//8033 4182//8033 
f 4185//8034 4199//8034 4169//8034 
f 4186//8035 4200//8035 4170//8035 
f 4170//8036 4200//8036 4183//8036 
f 4171//8037 4201//8037 4184//8037 
f 4189//8038 4201//8038 4171//8038 
f 4190//8039 4202//8039 4172//8039 
f 4172//8040 4202//8040 4185//8040 
f 4191//8041 4203//8041 4173//8041 
f 4173//8042 4203//8042 4186//8042 
f 4187//8043 4204//8043 4188//8043 
f 4192//8044 4204//8044 4174//8044 
f 4188//8045 4204//8045 4205//8045 
f 4205//8046 4204//8046 4206//8046 
f 4174//8047 4204//8047 4187//8047 
f 4175//8048 4207//8048 4189//8048 
f 4193//8049 4207//8049 4175//8049 
f 4194//8050 4208//8050 4176//8050 
f 4176//8051 4208//8051 4190//8051 
f 4177//8052 4209//8052 4191//8052 
f 3811//8053 4209//8053 3812//8053 
f 911//8054 4209//8054 910//8054 
f 910//8055 4209//8055 3811//8055 
f 3812//8056 4209//8056 4177//8056 
f 4195//8057 4210//8057 4178//8057 
f 4178//8058 4210//8058 4192//8058 
f 4179//8059 4211//8059 4193//8059 
f 4196//8060 4211//8060 4179//8060 
f 4197//8061 4212//8061 4180//8061 
f 4180//8062 4212//8062 4194//8062 
f 4198//8063 4213//8063 4181//8063 
f 4181//8064 4213//8064 4195//8064 
f 4182//8065 4214//8065 4196//8065 
f 4199//8066 4214//8066 4182//8066 
f 4200//8067 4215//8067 4183//8067 
f 4183//8068 4215//8068 4197//8068 
f 4184//8069 4216//8069 4198//8069 
f 4201//8070 4216//8070 4184//8070 
f 4202//8071 4217//8071 4185//8071 
f 4185//8072 4217//8072 4199//8072 
f 4203//8073 4218//8073 4186//8073 
f 4186//8074 4218//8074 4200//8074 
f 4189//8075 4219//8075 4201//8075 
f 4207//8076 4219//8076 4189//8076 
f 4190//8077 4220//8077 4202//8077 
f 4208//8078 4220//8078 4190//8078 
f 4191//8079 4221//8079 4203//8079 
f 912//8080 4221//8080 911//8080 
f 4209//8081 4221//8081 4191//8081 
f 911//8082 4221//8082 4209//8082 
f 4210//8083 4222//8083 4192//8083 
f 4192//8084 4222//8084 4204//8084 
f 4193//8085 4223//8085 4207//8085 
f 4211//8086 4223//8086 4193//8086 
f 4212//8087 4224//8087 4194//8087 
f 4194//8088 4224//8088 4208//8088 
f 4195//8089 4225//8089 4210//8089 
f 4213//8090 4225//8090 4195//8090 
f 4196//8091 4226//8091 4211//8091 
f 4214//8092 4226//8092 4196//8092 
f 4215//8093 4227//8093 4197//8093 
f 4197//8094 4227//8094 4212//8094 
f 4198//8095 4228//8095 4213//8095 
f 4216//8096 4228//8096 4198//8096 
f 4199//8097 4229//8097 4214//8097 
f 4217//8098 4229//8098 4199//8098 
f 4218//8099 4230//8099 4200//8099 
f 4200//8100 4230//8100 4215//8100 
f 4219//8101 4231//8101 4201//8101 
f 4201//8102 4231//8102 4216//8102 
f 4202//8103 4232//8103 4217//8103 
f 4220//8104 4232//8104 4202//8104 
f 912//8105 4233//8105 4221//8105 
f 4221//8106 4233//8106 4203//8106 
f 4203//8107 4233//8107 4218//8107 
f 913//8108 4233//8108 912//8108 
f 914//8109 4233//8109 913//8109 
f 4204//8110 4234//8110 4206//8110 
f 4206//8111 4234//8111 4235//8111 
f 4222//8112 4234//8112 4204//8112 
f 4207//8113 4236//8113 4219//8113 
f 4223//8114 4236//8114 4207//8114 
f 4224//8115 4237//8115 4208//8115 
f 4208//8116 4237//8116 4220//8116 
f 4210//8117 4238//8117 4222//8117 
f 4225//8118 4238//8118 4210//8118 
f 4211//8119 4239//8119 4223//8119 
f 4226//8120 4239//8120 4211//8120 
f 4212//8121 4240//8121 4224//8121 
f 4227//8122 4240//8122 4212//8122 
f 4228//8123 4241//8123 4213//8123 
f 4213//8124 4241//8124 4225//8124 
f 4214//8125 4242//8125 4226//8125 
f 4229//8126 4242//8126 4214//8126 
f 4230//8127 4243//8127 4215//8127 
f 4215//8128 4243//8128 4227//8128 
f 4216//8129 4244//8129 4228//8129 
f 4231//8130 4244//8130 4216//8130 
f 4232//8131 4245//8131 4217//8131 
f 4217//8132 4245//8132 4229//8132 
f 914//8133 4246//8133 4233//8133 
f 4233//8134 4246//8134 4218//8134 
f 4218//8135 4246//8135 4230//8135 
f 915//8136 4246//8136 914//8136 
f 4236//8137 4247//8137 4219//8137 
f 4219//8138 4247//8138 4231//8138 
f 4237//8139 4248//8139 4220//8139 
f 4220//8140 4248//8140 4232//8140 
f 4234//8141 4249//8141 4235//8141 
f 4222//8142 4249//8142 4234//8142 
f 4235//8143 4249//8143 4250//8143 
f 4238//8144 4249//8144 4222//8144 
f 4239//8145 4251//8145 4223//8145 
f 4223//8146 4251//8146 4236//8146 
f 4240//8147 4252//8147 4224//8147 
f 4224//8148 4252//8148 4237//8148 
f 4225//8149 4253//8149 4238//8149 
f 4241//8150 4253//8150 4225//8150 
f 4226//8151 4254//8151 4239//8151 
f 4242//8152 4254//8152 4226//8152 
f 4243//8153 4255//8153 4227//8153 
f 4227//8154 4255//8154 4240//8154 
f 4244//8155 4256//8155 4228//8155 
f 4228//8156 4256//8156 4241//8156 
f 4229//8157 4257//8157 4242//8157 
f 4245//8158 4257//8158 4229//8158 
f 4246//8159 4258//8159 4230//8159 
f 4230//8160 4258//8160 4243//8160 
f 915//8161 4258//8161 4246//8161 
f 916//8162 4258//8162 915//8162 
f 917//8163 4258//8163 916//8163 
f 4247//8164 4259//8164 4231//8164 
f 4231//8165 4259//8165 4244//8165 
f 4248//8166 4260//8166 4232//8166 
f 4232//8167 4260//8167 4245//8167 
f 4236//8168 4261//8168 4247//8168 
f 4251//8169 4261//8169 4236//8169 
f 4252//8170 4262//8170 4237//8170 
f 4237//8171 4262//8171 4248//8171 
f 4238//8172 4263//8172 4249//8172 
f 4253//8173 4263//8173 4238//8173 
f 4239//8174 4264//8174 4251//8174 
f 4254//8175 4264//8175 4239//8175 
f 4240//8176 4265//8176 4252//8176 
f 4255//8177 4265//8177 4240//8177 
f 4241//8178 4266//8178 4253//8178 
f 4256//8179 4266//8179 4241//8179 
f 4257//8180 4267//8180 4242//8180 
f 4242//8181 4267//8181 4254//8181 
f 4258//8182 4268//8182 4243//8182 
f 4243//8183 4268//8183 4255//8183 
f 917//8184 4268//8184 4258//8184 
f 918//8185 4268//8185 917//8185 
f 4259//8186 4269//8186 4244//8186 
f 4244//8187 4269//8187 4256//8187 
f 4260//8188 4270//8188 4245//8188 
f 4245//8189 4270//8189 4257//8189 
f 4261//8190 4271//8190 4247//8190 
f 4247//8191 4271//8191 4259//8191 
f 4248//8192 4272//8192 4260//8192 
f 4262//8193 4272//8193 4248//8193 
f 4263//8194 4273//8194 4249//8194 
f 4249//8195 4273//8195 4250//8195 
f 4250//8196 4273//8196 4274//8196 
f 4274//8197 4273//8197 4275//8197 
f 4264//8198 4276//8198 4251//8198 
f 4251//8199 4276//8199 4261//8199 
f 4265//8200 4277//8200 4252//8200 
f 4252//8201 4277//8201 4262//8201 
f 4253//8202 4278//8202 4263//8202 
f 4266//8203 4278//8203 4253//8203 
f 4267//8204 4279//8204 4254//8204 
f 4254//8205 4279//8205 4264//8205 
f 4255//8206 4280//8206 4265//8206 
f 919//8207 4280//8207 918//8207 
f 4268//8208 4280//8208 4255//8208 
f 918//8209 4280//8209 4268//8209 
f 4269//8210 4281//8210 4256//8210 
f 4256//8211 4281//8211 4266//8211 
f 4270//8212 4282//8212 4257//8212 
f 4257//8213 4282//8213 4267//8213 
f 4271//8214 4283//8214 4259//8214 
f 4259//8215 4283//8215 4269//8215 
f 4272//8216 4284//8216 4260//8216 
f 4260//8217 4284//8217 4270//8217 
f 4276//8218 4285//8218 4261//8218 
f 4261//8219 4285//8219 4271//8219 
f 4262//8220 4286//8220 4272//8220 
f 4277//8221 4286//8221 4262//8221 
f 4273//8222 4287//8222 4275//8222 
f 4278//8223 4287//8223 4263//8223 
f 4275//8224 4287//8224 4288//8224 
f 4263//8225 4287//8225 4273//8225 
f 4264//8226 4289//8226 4276//8226 
f 4279//8227 4289//8227 4264//8227 
f 919//8228 4290//8228 4280//8228 
f 4280//8229 4290//8229 4265//8229 
f 920//8230 4290//8230 919//8230 
f 921//8231 4290//8231 920//8231 
f 4265//8232 4290//8232 4277//8232 
f 4281//8233 4291//8233 4266//8233 
f 4266//8234 4291//8234 4278//8234 
f 4282//8235 4292//8235 4267//8235 
f 4267//8236 4292//8236 4279//8236 
f 4283//8237 4293//8237 4269//8237 
f 4269//8238 4293//8238 4281//8238 
f 4270//8239 4294//8239 4282//8239 
f 4284//8240 4294//8240 4270//8240 
f 4271//8241 4295//8241 4283//8241 
f 4285//8242 4295//8242 4271//8242 
f 4286//8243 4296//8243 4272//8243 
f 4272//8244 4296//8244 4284//8244 
f 4276//8245 4297//8245 4285//8245 
f 4289//8246 4297//8246 4276//8246 
f 921//8247 4298//8247 4290//8247 
f 4290//8248 4298//8248 4277//8248 
f 922//8249 4298//8249 921//8249 
f 4277//8250 4298//8250 4286//8250 
f 4291//8251 4299//8251 4278//8251 
f 4278//8252 4299//8252 4287//8252 
f 4292//8253 4300//8253 4279//8253 
f 4279//8254 4300//8254 4289//8254 
f 4281//8255 4301//8255 4291//8255 
f 4293//8256 4301//8256 4281//8256 
f 4294//8257 4302//8257 4282//8257 
f 4282//8258 4302//8258 4292//8258 
f 4295//8259 4303//8259 4283//8259 
f 4283//8260 4303//8260 4293//8260 
f 4296//8261 4304//8261 4284//8261 
f 4284//8262 4304//8262 4294//8262 
f 4285//8263 4305//8263 4295//8263 
f 4297//8264 4305//8264 4285//8264 
f 4286//8265 4306//8265 4296//8265 
f 4298//8266 4306//8266 4286//8266 
f 923//8267 4306//8267 922//8267 
f 924//8268 4306//8268 923//8268 
f 922//8269 4306//8269 4298//8269 
f 4287//8270 4307//8270 4288//8270 
f 4288//8271 4307//8271 4308//8271 
f 4308//8272 4307//8272 4309//8272 
f 4299//8273 4307//8273 4287//8273 
f 4289//8274 4310//8274 4297//8274 
f 4300//8275 4310//8275 4289//8275 
f 4301//8276 4311//8276 4291//8276 
f 4291//8277 4311//8277 4299//8277 
f 4302//8278 4312//8278 4292//8278 
f 4292//8279 4312//8279 4300//8279 
f 4293//8280 4313//8280 4301//8280 
f 4303//8281 4313//8281 4293//8281 
f 4304//8282 4314//8282 4294//8282 
f 4294//8283 4314//8283 4302//8283 
f 4295//8284 4315//8284 4303//8284 
f 4305//8285 4315//8285 4295//8285 
f 924//8286 4316//8286 4306//8286 
f 4306//8287 4316//8287 4296//8287 
f 4296//8288 4316//8288 4304//8288 
f 925//8289 4316//8289 924//8289 
f 4310//8290 4317//8290 4297//8290 
f 4297//8291 4317//8291 4305//8291 
f 4307//8292 4318//8292 4309//8292 
f 4299//8293 4318//8293 4307//8293 
f 4311//8294 4318//8294 4299//8294 
f 4309//8295 4318//8295 4319//8295 
f 4312//8296 4320//8296 4300//8296 
f 4300//8297 4320//8297 4310//8297 
f 4313//8298 4321//8298 4301//8298 
f 4301//8299 4321//8299 4311//8299 
f 4302//8300 4322//8300 4312//8300 
f 4314//8301 4322//8301 4302//8301 
f 4315//8302 4323//8302 4303//8302 
f 4303//8303 4323//8303 4313//8303 
f 4316//8304 4324//8304 4304//8304 
f 925//8305 4324//8305 4316//8305 
f 926//8306 4324//8306 925//8306 
f 4304//8307 4324//8307 4314//8307 
f 4305//8308 4325//8308 4315//8308 
f 4317//8309 4325//8309 4305//8309 
f 4320//8310 4326//8310 4310//8310 
f 4310//8311 4326//8311 4317//8311 
f 4311//8312 4327//8312 4318//8312 
f 4321//8313 4327//8313 4311//8313 
f 4312//8314 4328//8314 4320//8314 
f 4322//8315 4328//8315 4312//8315 
f 4323//8316 4329//8316 4313//8316 
f 4313//8317 4329//8317 4321//8317 
f 4314//8318 4330//8318 4322//8318 
f 926//8319 4330//8319 4324//8319 
f 4324//8320 4330//8320 4314//8320 
f 927//8321 4330//8321 926//8321 
f 928//8322 4330//8322 927//8322 
f 4315//8323 4331//8323 4323//8323 
f 4325//8324 4331//8324 4315//8324 
f 4317//8325 4332//8325 4325//8325 
f 4326//8326 4332//8326 4317//8326 
f 4327//8327 4333//8327 4318//8327 
f 4318//8328 4333//8328 4319//8328 
f 4319//8329 4333//8329 4334//8329 
f 4320//8330 4335//8330 4326//8330 
f 4328//8331 4335//8331 4320//8331 
f 4321//8332 4336//8332 4327//8332 
f 4329//8333 4336//8333 4321//8333 
f 4322//8334 4337//8334 4328//8334 
f 4330//8335 4337//8335 4322//8335 
f 928//8336 4337//8336 4330//8336 
f 929//8337 4337//8337 928//8337 
f 4323//8338 4338//8338 4329//8338 
f 4331//8339 4338//8339 4323//8339 
f 4325//8340 4339//8340 4331//8340 
f 4332//8341 4339//8341 4325//8341 
f 4335//8342 4340//8342 4326//8342 
f 4326//8343 4340//8343 4332//8343 
f 4336//8344 4341//8344 4327//8344 
f 4334//8345 4341//8345 4342//8345 
f 4327//8346 4341//8346 4333//8346 
f 4342//8347 4341//8347 4343//8347 
f 4333//8348 4341//8348 4334//8348 
f 4328//8349 4344//8349 4335//8349 
f 4337//8350 4344//8350 4328//8350 
f 929//8351 4344//8351 4337//8351 
f 930//8352 4344//8352 929//8352 
f 931//8353 4344//8353 930//8353 
f 4329//8354 4345//8354 4336//8354 
f 4338//8355 4345//8355 4329//8355 
f 4331//8356 4346//8356 4338//8356 
f 4339//8357 4346//8357 4331//8357 
f 4340//8358 4347//8358 4332//8358 
f 4332//8359 4347//8359 4339//8359 
f 931//8360 4348//8360 4344//8360 
f 4344//8361 4348//8361 4335//8361 
f 4335//8362 4348//8362 4340//8362 
f 932//8363 4348//8363 931//8363 
f 4345//8364 4349//8364 4336//8364 
f 4336//8365 4349//8365 4341//8365 
f 4338//8366 4350//8366 4345//8366 
f 4346//8367 4350//8367 4338//8367 
f 4347//8368 4351//8368 4339//8368 
f 4339//8369 4351//8369 4346//8369 
f 4348//8370 4352//8370 4340//8370 
f 932//8371 4352//8371 4348//8371 
f 933//8372 4352//8372 932//8372 
f 4340//8373 4352//8373 4347//8373 
f 4349//8374 4353//8374 4341//8374 
f 4343//8375 4353//8375 4354//8375 
f 4341//8376 4353//8376 4343//8376 
f 4345//8377 4355//8377 4349//8377 
f 4350//8378 4355//8378 4345//8378 
f 4346//8379 4356//8379 4350//8379 
f 4351//8380 4356//8380 4346//8380 
f 4352//8381 4357//8381 4347//8381 
f 4347//8382 4357//8382 4351//8382 
f 933//8383 4357//8383 4352//8383 
f 934//8384 4357//8384 933//8384 
f 935//8385 4357//8385 934//8385 
f 4349//8386 4358//8386 4353//8386 
f 4355//8387 4358//8387 4349//8387 
f 4353//8388 4358//8388 4354//8388 
f 4354//8389 4358//8389 4359//8389 
f 4359//8390 4358//8390 4360//8390 
f 4356//8391 4361//8391 4350//8391 
f 4350//8392 4361//8392 4355//8392 
f 4357//8393 4362//8393 4351//8393 
f 935//8394 4362//8394 4357//8394 
f 4351//8395 4362//8395 4356//8395 
f 936//8396 4362//8396 935//8396 
f 4355//8397 4363//8397 4358//8397 
f 4361//8398 4363//8398 4355//8398 
f 4356//8399 4364//8399 4361//8399 
f 4362//8400 4364//8400 4356//8400 
f 936//8401 4364//8401 4362//8401 
f 937//8402 4364//8402 936//8402 
f 938//8403 4364//8403 937//8403 
f 4358//8404 4365//8404 4360//8404 
f 4363//8405 4365//8405 4358//8405 
f 4360//8406 4365//8406 4366//8406 
f 4361//8407 4367//8407 4363//8407 
f 938//8408 4367//8408 4364//8408 
f 4364//8409 4367//8409 4361//8409 
f 939//8410 4367//8410 938//8410 
f 4367//8411 4368//8411 4363//8411 
f 4363//8412 4368//8412 4365//8412 
f 4365//8413 4368//8413 4366//8413 
f 939//8414 4368//8414 4367//8414 
f 4366//8415 4368//8415 3843//8415 
f 3843//8416 4368//8416 940//8416 
f 940//8417 4368//8417 939//8417 
f 941//8418 942//8418 3843//8418 
f 3843//8419 1842//8419 4366//8419 
f 942//8420 1842//8420 3843//8420 
f 4366//8421 1935//8421 4360//8421 
f 1842//8422 1935//8422 4366//8422 
f 4360//8423 1873//8423 4359//8423 
f 1935//8424 1873//8424 4360//8424 
f 4359//8425 1875//8425 4354//8425 
f 1873//8426 1875//8426 4359//8426 
f 4354//8427 1878//8427 4343//8427 
f 1875//8428 1878//8428 4354//8428 
f 4343//8429 1879//8429 4342//8429 
f 1878//8430 1879//8430 4343//8430 
f 4334//8431 1883//8431 4319//8431 
f 4342//8432 1883//8432 4334//8432 
f 1879//8433 1883//8433 4342//8433 
f 4319//8434 1941//8434 4309//8434 
f 1883//8435 1941//8435 4319//8435 
f 1941//8436 1888//8436 4309//8436 
f 4309//8437 1888//8437 4308//8437 
f 1888//8438 1890//8438 4308//8438 
f 4308//8439 1890//8439 4288//8439 
f 1890//8440 1952//8440 4288//8440 
f 4288//8441 1952//8441 4275//8441 
f 4275//8442 1894//8442 4274//8442 
f 1952//8443 1894//8443 4275//8443 
f 1894//8444 1896//8444 4274//8444 
f 4274//8445 1896//8445 4250//8445 
f 4235//8446 1963//8446 4206//8446 
f 4250//8447 1963//8447 4235//8447 
f 1896//8448 1963//8448 4250//8448 
f 4206//8449 2099//8449 4205//8449 
f 1963//8450 2099//8450 4206//8450 
f 4205//8451 2105//8451 4188//8451 
f 2099//8452 2105//8452 4205//8452 
f 4188//8453 1978//8453 4158//8453 
f 2105//8454 1978//8454 4188//8454 
f 4158//8455 1980//8455 4157//8455 
f 1978//8456 1980//8456 4158//8456 
f 4157//8457 1986//8457 4140//8457 
f 1980//8458 1986//8458 4157//8458 
f 4140//8459 1993//8459 4110//8459 
f 1986//8460 1993//8460 4140//8460 
f 4093//8461 1998//8461 4092//8461 
f 4110//8462 1998//8462 4093//8462 
f 1993//8463 1998//8463 4110//8463 
f 4092//8464 2002//8464 4062//8464 
f 1998//8465 2002//8465 4092//8465 
f 4062//8466 2009//8466 4045//8466 
f 2002//8467 2009//8467 4062//8467 
f 4045//8468 2013//8468 4044//8468 
f 2009//8469 2013//8469 4045//8469 
f 4044//8470 1872//8470 4014//8470 
f 2013//8471 1872//8471 4044//8471 
f 4014//8472 1869//8472 3997//8472 
f 1872//8473 1869//8473 4014//8473 
f 3997//8474 1870//8474 3983//8474 
f 1869//8475 1870//8475 3997//8475 
f 3983//8476 1871//8476 3842//8476 
f 1870//8477 1871//8477 3983//8477 
f 1871//8478 1805//8478 3842//8478 
f 1236//8479 1240//8479 1237//8479 
f 1237//8480 1240//8480 1238//8480 
f 1238//8481 1240//8481 1239//8481 
f 1229//8482 1228//8482 1230//8482 
f 1230//8483 1228//8483 1231//8483 
f 1242//8484 1245//8484 1243//8484 
f 1243//8485 1245//8485 1244//8485 
f 1227//8486 1226//8486 1228//8486 
f 1228//8487 1225//8487 1231//8487 
f 1226//8488 1225//8488 1228//8488 
f 1231//8489 1225//8489 1232//8489 
f 1232//8490 1225//8490 1233//8490 
f 1233//8491 1225//8491 1234//8491 
f 1234//8492 1225//8492 1235//8492 
f 1247//8493 1249//8493 1248//8493 
f 1253//8494 1255//8494 1254//8494 
f 1255//8495 1257//8495 1256//8495 
f 1215//8496 1214//8496 1216//8496 
f 1216//8497 1214//8497 1217//8497 
f 1217//8498 1214//8498 1218//8498 
f 1218//8499 1214//8499 1219//8499 
f 1214//8500 1213//8500 1219//8500 
f 1219//8501 1213//8501 1220//8501 
f 1220//8502 1213//8502 1221//8502 
f 1221//8503 1213//8503 1222//8503 
f 1222//8504 1213//8504 1223//8504 
f 1223//8505 1213//8505 1224//8505 
f 1224//8506 1213//8506 1225//8506 
f 1212//8507 1211//8507 1213//8507 
f 1258//8508 1261//8508 1259//8508 
f 1259//8509 1261//8509 1260//8509 
f 1257//8510 1262//8510 1258//8510 
f 1258//8511 1262//8511 1261//8511 
f 1209//8512 1208//8512 1210//8512 
f 1255//8513 1264//8513 1257//8513 
f 1262//8514 1264//8514 1263//8514 
f 1253//8515 1264//8515 1255//8515 
f 1257//8516 1264//8516 1262//8516 
f 1250//8517 1264//8517 1251//8517 
f 1251//8518 1264//8518 1252//8518 
f 1252//8519 1264//8519 1253//8519 
f 1206//8520 1205//8520 1207//8520 
f 1207//8521 1205//8521 1208//8521 
f 1265//8522 1267//8522 1266//8522 
f 1265//8523 1268//8523 1267//8523 
f 1208//8524 1203//8524 1210//8524 
f 1205//8525 1203//8525 1208//8525 
f 1204//8526 1203//8526 1205//8526 
f 1210//8527 1203//8527 1211//8527 
f 1264//8528 1269//8528 1265//8528 
f 1265//8529 1269//8529 1268//8529 
f 1269//8530 1271//8530 1270//8530 
f 1201//8531 1200//8531 1202//8531 
f 1269//8532 1272//8532 1271//8532 
f 1200//8533 1198//8533 1202//8533 
f 1199//8534 1198//8534 1200//8534 
f 1272//8535 1274//8535 1273//8535 
f 1269//8536 1274//8536 1272//8536 
f 1264//8537 1274//8537 1269//8537 
f 1264//8538 1275//8538 1274//8538 
f 1197//8539 1196//8539 1198//8539 
f 1202//8540 1196//8540 1203//8540 
f 1198//8541 1196//8541 1202//8541 
f 1196//8542 1195//8542 1203//8542 
f 1275//8543 1277//8543 1276//8543 
f 1250//8544 1277//8544 1264//8544 
f 1242//8545 1277//8545 1245//8545 
f 1264//8546 1277//8546 1275//8546 
f 1247//8547 1277//8547 1249//8547 
f 1240//8548 1277//8548 1241//8548 
f 1241//8549 1277//8549 1242//8549 
f 1245//8550 1277//8550 1246//8550 
f 1246//8551 1277//8551 1247//8551 
f 1249//8552 1277//8552 1250//8552 
f 1194//8553 1193//8553 1195//8553 
f 1277//8554 1279//8554 1278//8554 
f 1195//8555 1192//8555 1203//8555 
f 1193//8556 1192//8556 1195//8556 
f 1279//8557 1281//8557 1280//8557 
f 1279//8558 1282//8558 1281//8558 
f 1277//8559 1282//8559 1279//8559 
f 1277//8560 1157//8560 1282//8560 
f 1277//8561 1158//8561 1157//8561 
f 1188//8562 1187//8562 1189//8562 
f 1189//8563 1187//8563 1190//8563 
f 1159//8564 1161//8564 1160//8564 
f 1185//8565 1184//8565 1186//8565 
f 1187//8566 1183//8566 1190//8566 
f 1186//8567 1183//8567 1187//8567 
f 1190//8568 1183//8568 1191//8568 
f 1184//8569 1183//8569 1186//8569 
f 1191//8570 1183//8570 1192//8570 
f 1159//8571 1163//8571 1161//8571 
f 1161//8572 1163//8572 1162//8572 
f 1159//8573 1164//8573 1163//8573 
f 1182//8574 1181//8574 1183//8574 
f 1180//8575 1179//8575 1181//8575 
f 1165//8576 1168//8576 1166//8576 
f 1166//8577 1168//8577 1167//8577 
f 1164//8578 1169//8578 1165//8578 
f 1165//8579 1169//8579 1168//8579 
f 1177//8580 1176//8580 1178//8580 
f 1178//8581 1176//8581 1179//8581 
f 1179//8582 1176//8582 1181//8582 
f 1169//8583 1171//8583 1170//8583 
f 1175//8584 1174//8584 1176//8584 
f 1176//8585 1174//8585 1181//8585 
f 1158//8586 1172//8586 1159//8586 
f 1159//8587 1172//8587 1164//8587 
f 1164//8588 1172//8588 1169//8588 
f 1169//8589 1172//8589 1171//8589 
f 1192//8590 1173//8590 1203//8590 
f 1277//8591 1173//8591 1158//8591 
f 1213//8592 1173//8592 1225//8592 
f 1211//8593 1173//8593 1213//8593 
f 1203//8594 1173//8594 1211//8594 
f 1183//8595 1173//8595 1192//8595 
f 1181//8596 1173//8596 1183//8596 
f 1236//8597 1173//8597 1240//8597 
f 1240//8598 1173//8598 1277//8598 
f 1174//8599 1173//8599 1181//8599 
f 1158//8600 1173//8600 1172//8600 
f 1225//8601 1173//8601 1235//8601 
f 1235//8602 1173//8602 1236//8602 
f 1359//8603 1358//8603 1360//8603 
f 1360//8604 1358//8604 1361//8604 
f 1362//8605 1366//8605 1363//8605 
f 1363//8606 1366//8606 1364//8606 
f 1364//8607 1366//8607 1365//8607 
f 1366//8608 1368//8608 1367//8608 
f 1369//8609 1371//8609 1370//8609 
f 1369//8610 1372//8610 1371//8610 
f 1369//8611 1373//8611 1372//8611 
f 1368//8612 1373//8612 1369//8612 
f 1373//8613 1375//8613 1374//8613 
f 1343//8614 1342//8614 1344//8614 
f 1344//8615 1342//8615 1345//8615 
f 1379//8616 1383//8616 1380//8616 
f 1380//8617 1383//8617 1381//8617 
f 1381//8618 1383//8618 1382//8618 
f 1383//8619 1385//8619 1384//8619 
f 1379//8620 1385//8620 1383//8620 
f 1338//8621 1337//8621 1339//8621 
f 1339//8622 1337//8622 1340//8622 
f 1385//8623 1387//8623 1386//8623 
f 1379//8624 1387//8624 1385//8624 
f 1378//8625 1387//8625 1379//8625 
f 1337//8626 1336//8626 1340//8626 
f 1340//8627 1336//8627 1341//8627 
f 1341//8628 1336//8628 1342//8628 
f 1345//8629 1336//8629 1346//8629 
f 1346//8630 1336//8630 1347//8630 
f 1347//8631 1336//8631 1348//8631 
f 1348//8632 1336//8632 1349//8632 
f 1349//8633 1336//8633 1350//8633 
f 1350//8634 1336//8634 1351//8634 
f 1342//8635 1336//8635 1345//8635 
f 1387//8636 1390//8636 1388//8636 
f 1388//8637 1390//8637 1389//8637 
f 1378//8638 1390//8638 1387//8638 
f 1376//8639 1390//8639 1377//8639 
f 1377//8640 1390//8640 1378//8640 
f 1333//8641 1332//8641 1334//8641 
f 1334//8642 1332//8642 1335//8642 
f 1332//8643 1331//8643 1335//8643 
f 1390//8644 1394//8644 1391//8644 
f 1391//8645 1394//8645 1392//8645 
f 1392//8646 1394//8646 1393//8646 
f 1394//8647 1396//8647 1395//8647 
f 1328//8648 1327//8648 1329//8648 
f 1329//8649 1327//8649 1330//8649 
f 1330//8650 1327//8650 1331//8650 
f 1331//8651 1327//8651 1335//8651 
f 1390//8652 1397//8652 1394//8652 
f 1394//8653 1397//8653 1396//8653 
f 1327//8654 1326//8654 1335//8654 
f 1325//8655 1324//8655 1326//8655 
f 1326//8656 1324//8656 1335//8656 
f 1397//8657 1400//8657 1398//8657 
f 1398//8658 1400//8658 1399//8658 
f 1335//8659 1323//8659 1336//8659 
f 1324//8660 1323//8660 1335//8660 
f 1397//8661 1401//8661 1400//8661 
f 1397//8662 1402//8662 1401//8662 
f 1403//8663 1406//8663 1404//8663 
f 1404//8664 1406//8664 1405//8664 
f 1390//8665 1407//8665 1397//8665 
f 1402//8666 1407//8666 1403//8666 
f 1376//8667 1407//8667 1390//8667 
f 1362//8668 1407//8668 1366//8668 
f 1366//8669 1407//8669 1368//8669 
f 1368//8670 1407//8670 1373//8670 
f 1361//8671 1407//8671 1362//8671 
f 1373//8672 1407//8672 1375//8672 
f 1397//8673 1407//8673 1402//8673 
f 1375//8674 1407//8674 1376//8674 
f 1403//8675 1407//8675 1406//8675 
f 1317//8676 1316//8676 1318//8676 
f 1408//8677 1284//8677 1283//8677 
f 1407//8678 1285//8678 1408//8678 
f 1408//8679 1285//8679 1284//8679 
f 1313//8680 1312//8680 1314//8680 
f 1314//8681 1312//8681 1315//8681 
f 1358//8682 1286//8682 1361//8682 
f 1407//8683 1286//8683 1285//8683 
f 1351//8684 1286//8684 1352//8684 
f 1352//8685 1286//8685 1353//8685 
f 1353//8686 1286//8686 1354//8686 
f 1354//8687 1286//8687 1355//8687 
f 1355//8688 1286//8688 1356//8688 
f 1356//8689 1286//8689 1357//8689 
f 1357//8690 1286//8690 1358//8690 
f 1361//8691 1286//8691 1407//8691 
f 1316//8692 1310//8692 1318//8692 
f 1312//8693 1310//8693 1315//8693 
f 1311//8694 1310//8694 1312//8694 
f 1315//8695 1310//8695 1316//8695 
f 1318//8696 1310//8696 1319//8696 
f 1319//8697 1310//8697 1320//8697 
f 1320//8698 1310//8698 1321//8698 
f 1310//8699 1309//8699 1321//8699 
f 1321//8700 1309//8700 1322//8700 
f 1322//8701 1309//8701 1323//8701 
f 1288//8702 1290//8702 1289//8702 
f 1287//8703 1291//8703 1288//8703 
f 1288//8704 1291//8704 1290//8704 
f 1307//8705 1306//8705 1308//8705 
f 1308//8706 1306//8706 1309//8706 
f 1286//8707 1292//8707 1287//8707 
f 1287//8708 1292//8708 1291//8708 
f 1309//8709 1305//8709 1323//8709 
f 1306//8710 1305//8710 1309//8710 
f 1292//8711 1297//8711 1293//8711 
f 1293//8712 1297//8712 1294//8712 
f 1294//8713 1297//8713 1295//8713 
f 1295//8714 1297//8714 1296//8714 
f 1286//8715 1297//8715 1292//8715 
f 1301//8716 1300//8716 1302//8716 
f 1302//8717 1300//8717 1303//8717 
f 1303//8718 1300//8718 1304//8718 
f 1304//8719 1300//8719 1305//8719 
f 1297//8720 1299//8720 1298//8720 
f 1351//8721 1299//8721 1286//8721 
f 1336//8722 1299//8722 1351//8722 
f 1305//8723 1299//8723 1323//8723 
f 1286//8724 1299//8724 1297//8724 
f 1300//8725 1299//8725 1305//8725 
f 1323//8726 1299//8726 1336//8726 
f 1806//8727 3842//8727 1805//8727 
f 4369//8728 3842//8728 1806//8728 
f 4370//8729 3842//8729 4369//8729 
f 1807//8730 4369//8730 1806//8730 
f 2138//8731 1807//8731 1442//8731 
f 4371//8732 1807//8732 2138//8732 
f 4371//8733 4369//8733 1807//8733 
f 4372//8734 3842//8734 4370//8734 
f 4373//8735 4371//8735 2138//8735 
f 3284//8736 4372//8736 4374//8736 
f 3284//8737 3842//8737 4372//8737 
f 4375//8738 4370//8738 4373//8738 
f 4375//8739 4372//8739 4370//8739 
f 4376//8740 3284//8740 4374//8740 
f 2695//8741 4376//8741 4375//8741 
f 2695//8742 4375//8742 4373//8742 
f 2695//8743 4373//8743 2138//8743 
f 2695//8744 3284//8744 4376//8744 
f 4371//8745 4377//8745 4369//8745 
f 4369//8746 4377//8746 4378//8746 
f 4369//8747 4378//8747 4370//8747 
f 4370//8748 4378//8748 4379//8748 
f 4377//8749 4371//8749 4373//8749 
f 4377//8750 4373//8750 4380//8750 
f 4380//8751 4373//8751 4370//8751 
f 4380//8752 4370//8752 4379//8752 
f 4375//8753 4381//8753 4372//8753 
f 4372//8754 4381//8754 4382//8754 
f 4381//8755 4375//8755 4376//8755 
f 4381//8756 4376//8756 4383//8756 
f 4383//8757 4376//8757 4374//8757 
f 4383//8758 4374//8758 4384//8758 
f 4372//8759 4382//8759 4374//8759 
f 4374//8760 4382//8760 4384//8760 
f 4377//8761 4379//8761 4378//8761 
f 4380//8762 4379//8762 4377//8762 
f 4383//8763 4384//8763 4382//8763 
f 4383//8764 4382//8764 4381//8764 
