# FreeCAD v1.0 build2 Arch module
# https://www.freecad.org
mtllib CardTray_1.mtl
o CardTrays
usemtl color_acb5bc
v 0.0 97.0 0.0
v -0.0 49.724312 14.430507
v -0.0 49.788559 14.493174
v -0.0 49.849606 14.558966
v -0.0 49.657017 14.37112
v -0.0 49.907295 14.627718
v -0.0 49.586849 14.315162
v -0.0 49.961487 14.699262
v -0.0 49.513977 14.262771
v -0.0 50.012047 14.773417
v -0.0 49.438583 14.214076
v -0.0 50.058846 14.85
v -0.0 49.360859 14.169201
v -0.0 50.101768 14.928821
v -0.0 49.280991 14.128256
v -0.0 50.140709 15.009684
v -0.0 49.199184 14.091343
v -0.0 50.175571 15.092386
v -0.0 49.115635 14.058554
v -0.0 50.206268 15.176724
v -0.0 49.03056 14.029969
v -0.0 50.232723 15.262487
v -0.0 48.944164 14.005661
v -0.0 50.254871 15.349463
v -0.0 48.856663 13.985689
v -0.0 50.272655 15.437433
v -0.0 48.768276 13.970104
v -0.0 50.28603 15.526181
v -0.0 48.679222 13.958944
v -0.0 50.294968 15.615486
v -0.0 48.589722 13.952237
v -0.0 50.299442 15.705125
v -0.0 48.5 13.95
v 0.0 50.299442 15.794875
v 0.0 97.0 32.5
v 0.0 50.294968 15.884514
v 0.0 50.28603 15.973819
v 0.0 50.272655 16.062567
v 0.0 50.254871 16.150537
v 0.0 50.232723 16.237513
v 0.0 50.206268 16.323277
v 0.0 50.175571 16.407614
v 0.0 50.140709 16.490316
v 0.0 50.101768 16.571178
v 0.0 50.058846 16.65
v 0.0 50.012047 16.726583
v 0.0 49.961487 16.800739
v 0.0 49.907295 16.872282
v 0.0 49.849606 16.941034
v 0.0 49.788559 17.006826
v 0.0 49.724312 17.069494
v 0.0 49.657017 17.12888
v 0.0 49.586849 17.184839
v 0.0 49.513977 17.23723
v 0.0 49.438583 17.285923
v 0.0 49.360859 17.330799
v 0.0 49.280991 17.371744
v 0.0 49.199184 17.408657
v 0.0 49.115635 17.441446
v 0.0 49.03056 17.470032
v 0.0 48.944164 17.494339
v 0.0 48.856663 17.514311
v 0.0 48.768276 17.529896
v 0.0 48.679222 17.541056
v 0.0 48.589722 17.547762
v 0.0 48.5 17.549999
v 0.0 0.0 0.0
v -0.0 48.410278 13.952237
v -0.0 48.320778 13.958944
v -0.0 48.231724 13.970104
v -0.0 48.143337 13.985689
v -0.0 48.055836 14.005661
v -0.0 47.96944 14.029969
v -0.0 47.884365 14.058554
v -0.0 47.800816 14.091343
v -0.0 47.719009 14.128256
v -0.0 47.639141 14.169201
v -0.0 47.561417 14.214076
v -0.0 47.486023 14.262771
v -0.0 47.413151 14.315162
v -0.0 47.342983 14.37112
v -0.0 47.275688 14.430507
v -0.0 47.211441 14.493174
v -0.0 47.150394 14.558966
v -0.0 47.092705 14.627718
v -0.0 47.038513 14.699262
v -0.0 46.987953 14.773417
v -0.0 46.941154 14.85
v -0.0 46.898232 14.928821
v -0.0 46.859291 15.009684
v -0.0 46.824429 15.092386
v -0.0 46.793732 15.176724
v -0.0 46.767277 15.262487
v -0.0 46.745129 15.349463
v -0.0 46.727345 15.437433
v -0.0 46.71397 15.526181
v -0.0 46.705032 15.615486
v -0.0 46.700558 15.705125
v 0.0 46.700558 15.794875
v 0.0 46.705032 15.884514
v 0.0 0.0 32.5
v 0.0 46.71397 15.973819
v 0.0 46.727345 16.062567
v 0.0 46.745129 16.150537
v 0.0 46.767277 16.237513
v 0.0 46.793732 16.323277
v 0.0 46.824429 16.407614
v 0.0 46.859291 16.490316
v 0.0 46.898232 16.571178
v 0.0 46.941154 16.65
v 0.0 46.987953 16.726583
v 0.0 47.038513 16.800739
v 0.0 47.092705 16.872282
v 0.0 47.150394 16.941034
v 0.0 47.211441 17.006826
v 0.0 47.275688 17.069494
v 0.0 47.342983 17.12888
v 0.0 47.413151 17.184839
v 0.0 47.486023 17.23723
v 0.0 47.561417 17.285923
v 0.0 47.639141 17.330799
v 0.0 47.719009 17.371744
v 0.0 47.800816 17.408657
v 0.0 47.884365 17.441446
v 0.0 47.96944 17.470032
v 0.0 48.055836 17.494339
v 0.0 48.143337 17.514311
v 0.0 48.231724 17.529896
v 0.0 48.320778 17.541056
v 0.0 48.410278 17.547762
v 20.385786 0.0 3.085786
v 20.318098 0.0 3.156882
v 20.456882 0.0 3.018098
v 20.253979 0.0 3.231213
v 20.531214 0.0 2.953979
v 20.193584 0.0 3.308601
v 20.608601 0.0 2.893585
v 20.13706 0.0 3.38886
v 20.68886 0.0 2.837061
v 20.084543 0.0 3.471795
v 20.771795 0.0 2.784543
v 20.036158 0.0 3.557207
v 20.857206 0.0 2.736157
v 19.992022 0.0 3.64489
v 20.944889 0.0 2.692021
v 19.95224 0.0 3.734633
v 21.034634 0.0 2.652241
v 19.916912 0.0 3.82622
v 21.126221 0.0 2.616912
v 19.88612 0.0 3.919431
v 21.219431 0.0 2.586119
v 19.859938 0.0 4.01404
v 21.314039 0.0 2.559937
v 19.838428 0.0 4.109819
v 21.409819 0.0 2.538429
v 19.821648 0.0 4.206539
v 21.506538 0.0 2.521647
v 19.809631 0.0 4.303966
v 21.603966 0.0 2.50963
v 19.802408 0.0 4.401865
v 21.701864 0.0 2.502409
v 19.799999 0.0 4.5
v 19.799999 0.0 32.5
v 52.19759 0.0 4.401865
v 72.0 0.0 0.0
v 52.200001 0.0 4.5
v 52.190369 0.0 4.303966
v 52.178352 0.0 4.206539
v 52.161572 0.0 4.109819
v 52.140064 0.0 4.01404
v 52.11388 0.0 3.919431
v 52.083088 0.0 3.82622
v 52.04776 0.0 3.734633
v 52.00798 0.0 3.64489
v 51.963844 0.0 3.557207
v 51.915459 0.0 3.471795
v 51.862938 0.0 3.38886
v 51.806416 0.0 3.308601
v 51.746021 0.0 3.231213
v 51.681904 0.0 3.156882
v 51.614212 0.0 3.085786
v 51.543118 0.0 3.018098
v 51.468788 0.0 2.953979
v 51.391399 0.0 2.893585
v 51.311142 0.0 2.837061
v 51.228207 0.0 2.784543
v 51.142792 0.0 2.736157
v 51.055111 0.0 2.692021
v 50.965366 0.0 2.652241
v 50.873779 0.0 2.616912
v 50.780571 0.0 2.586119
v 50.685959 0.0 2.559937
v 50.590179 0.0 2.538429
v 50.493462 0.0 2.521647
v 50.396034 0.0 2.50963
v 50.298134 0.0 2.502409
v 50.200001 0.0 2.5
v 72.0 0.0 32.5
v 52.200001 0.0 32.5
v 21.799999 0.0 2.5
v 1.230507 1.325689 32.5
v 1.293174 1.26144 32.5
v 1.358966 1.200394 32.5
v 1.17112 1.392982 32.5
v 1.427718 1.142703 32.5
v 1.115162 1.463152 32.5
v 1.499261 1.088512 32.5
v 1.06277 1.536024 32.5
v 1.573417 1.037953 32.5
v 1.014076 1.611417 32.5
v 1.65 0.991154 32.5
v 0.969201 1.689143 32.5
v 1.728821 0.948231 32.5
v 0.928256 1.769009 32.5
v 1.809683 0.909289 32.5
v 0.891343 1.850817 32.5
v 1.892386 0.874427 32.5
v 0.858553 1.934364 32.5
v 1.976724 0.843731 32.5
v 0.829969 2.019441 32.5
v 2.062487 0.817276 32.5
v 0.805661 2.105837 32.5
v 2.149462 0.79513 32.5
v 0.78569 2.193337 32.5
v 2.237433 0.777346 32.5
v 0.770105 2.281724 32.5
v 2.326181 0.763969 32.5
v 0.758945 2.370778 32.5
v 2.415486 0.755033 32.5
v 0.752238 2.460277 32.5
v 2.505125 0.750559 32.5
v 0.75 2.55 32.5
v 2.594875 0.750559 32.5
v 0.752238 2.639723 32.5
v 2.684514 0.755033 32.5
v 0.758945 2.729222 32.5
v 2.773819 0.763969 32.5
v 0.770105 2.818276 32.5
v 2.862567 0.777346 32.5
v 0.78569 2.906663 32.5
v 2.950538 0.79513 32.5
v 0.805661 2.994163 32.5
v 4.185786 4.185786 32.5
v 3.806826 3.83856 32.5
v 3.869493 3.774311 32.5
v 4.118098 4.256882 32.5
v 3.741035 3.899606 32.5
v 4.256882 4.118098 32.5
v 3.92888 3.707018 32.5
v 4.053979 4.331213 32.5
v 3.672282 3.957297 32.5
v 4.331213 4.053979 32.5
v 3.984838 3.636848 32.5
v 3.993585 4.408601 32.5
v 3.600739 4.011488 32.5
v 3.526583 4.062047 32.5
v 4.408601 3.993585 32.5
v 4.03723 3.563976 32.5
v 3.937061 4.48886 32.5
v 3.45 4.108846 32.5
v 4.48886 3.937061 32.5
v 4.085924 3.488583 32.5
v 3.884543 4.571795 32.5
v 3.371179 4.151769 32.5
v 4.571795 3.884543 32.5
v 4.130799 3.410857 32.5
v 3.836158 4.657207 32.5
v 3.290317 4.190711 32.5
v 4.657207 3.836158 32.5
v 4.171744 3.330991 32.5
v 3.792022 4.74489 32.5
v 3.207614 4.225573 32.5
v 4.74489 3.792022 32.5
v 4.208657 3.249183 32.5
v 3.752241 4.834633 32.5
v 3.123276 4.256269 32.5
v 4.834633 3.752241 32.5
v 4.241446 3.165636 32.5
v 4.92622 3.716912 32.5
v 4.270031 3.080559 32.5
v 3.716912 4.92622 32.5
v 3.037513 4.282723 32.5
v 3.686119 5.019431 32.5
v 2.950538 4.30487 32.5
v 5.019431 3.686119 32.5
v 4.294339 2.994163 32.5
v 4.314311 2.906663 32.5
v 3.659937 5.114039 32.5
v 2.862567 4.322654 32.5
v 5.114039 3.659937 32.5
v 4.329895 2.818276 32.5
v 3.638429 5.209819 32.5
v 2.773819 4.33603 32.5
v 5.209819 3.638429 32.5
v 4.341055 2.729222 32.5
v 3.621647 5.306539 32.5
v 2.684514 4.344967 32.5
v 5.306539 3.621647 32.5
v 4.347763 2.639723 32.5
v 3.609631 5.403966 32.5
v 2.594875 4.349441 32.5
v 5.403966 3.609631 32.5
v 4.35 2.55 32.5
v 3.602409 5.501864 32.5
v 2.505125 4.349441 32.5
v 5.501864 3.602409 32.5
v 4.347763 2.460277 32.5
v 3.6 5.6 32.5
v 2.415486 4.344967 32.5
v 2.326181 4.33603 32.5
v 2.237433 4.322654 32.5
v 2.149462 4.30487 32.5
v 2.062487 4.282723 32.5
v 1.976724 4.256269 32.5
v 1.892386 4.225573 32.5
v 1.809683 4.190711 32.5
v 1.728821 4.151769 32.5
v 1.65 4.108846 32.5
v 1.573417 4.062047 32.5
v 1.499261 4.011488 32.5
v 5.6 3.6 32.5
v 4.171744 1.769009 32.5
v 4.130799 1.689143 32.5
v 4.208657 1.850817 32.5
v 4.241446 1.934364 32.5
v 4.270031 2.019441 32.5
v 4.294339 2.105837 32.5
v 4.314311 2.193337 32.5
v 4.329895 2.281724 32.5
v 4.341055 2.370778 32.5
v 3.037513 0.817276 32.5
v 3.123276 0.843731 32.5
v 3.207614 0.874427 32.5
v 3.290317 0.909289 32.5
v 3.371179 0.948231 32.5
v 3.45 0.991154 32.5
v 3.526583 1.037953 32.5
v 3.600739 1.088512 32.5
v 3.672282 1.142703 32.5
v 3.741035 1.200394 32.5
v 3.806826 1.26144 32.5
v 3.869493 1.325689 32.5
v 3.92888 1.392982 32.5
v 3.984838 1.463152 32.5
v 4.03723 1.536024 32.5
v 4.085924 1.611417 32.5
v 17.799999 3.6 32.5
v 19.799999 1.6 32.5
v 19.790369 1.796034 32.5
v 19.79759 1.698135 32.5
v 18.09346 3.578353 32.5
v 17.996035 3.590369 32.5
v 17.898136 3.597591 32.5
v 18.19018 3.561571 32.5
v 19.740063 2.08596 32.5
v 19.778353 1.893461 32.5
v 19.76157 1.990181 32.5
v 18.380569 3.513881 32.5
v 18.285961 3.540062 32.5
v 19.713881 2.180569 32.5
v 18.47378 3.483088 32.5
v 19.647758 2.365367 32.5
v 19.683088 2.27378 32.5
v 18.742794 3.363842 32.5
v 18.565367 3.447759 32.5
v 18.655109 3.407979 32.5
v 19.515457 2.628206 32.5
v 19.607979 2.45511 32.5
v 19.563843 2.542794 32.5
v 19.462938 2.71114 32.5
v 18.991398 3.206415 32.5
v 18.828205 3.315457 32.5
v 18.91114 3.262939 32.5
v 19.406416 2.791399 32.5
v 19.068787 3.146021 32.5
v 19.281902 2.943118 32.5
v 19.346022 2.868787 32.5
v 19.214214 3.014214 32.5
v 19.143118 3.081902 32.5
v 52.209629 1.796034 32.5
v 52.202408 1.698135 32.5
v 52.200001 1.6 32.5
v 52.23843 1.990181 32.5
v 52.221645 1.893461 32.5
v 52.286118 2.180569 32.5
v 52.259937 2.08596 32.5
v 52.316914 2.27378 32.5
v 52.352242 2.365367 32.5
v 52.436157 2.542794 32.5
v 52.392021 2.45511 32.5
v 52.53706 2.71114 32.5
v 52.484543 2.628206 32.5
v 52.65398 2.868787 32.5
v 52.593586 2.791399 32.5
v 52.718098 2.943118 32.5
v 52.931213 3.146021 32.5
v 52.785786 3.014214 32.5
v 52.85688 3.081902 32.5
v 53.008602 3.206415 32.5
v 53.08886 3.262939 32.5
v 53.257206 3.363842 32.5
v 53.171795 3.315457 32.5
v 53.434631 3.447759 32.5
v 53.344891 3.407979 32.5
v 53.526218 3.483088 32.5
v 53.619431 3.513881 32.5
v 53.809818 3.561571 32.5
v 53.714039 3.540062 32.5
v 53.90654 3.578353 32.5
v 54.101864 3.597591 32.5
v 54.003967 3.590369 32.5
v 54.200001 3.6 32.5
v 68.130508 1.325689 32.5
v 68.193176 1.26144 32.5
v 68.258965 1.200394 32.5
v 68.071121 1.392982 32.5
v 68.327721 1.142703 32.5
v 68.01516 1.463152 32.5
v 68.399261 1.088512 32.5
v 67.962769 1.536024 32.5
v 68.473419 1.037953 32.5
v 67.914078 1.611417 32.5
v 68.550003 0.991154 32.5
v 67.869202 1.689143 32.5
v 68.628822 0.948231 32.5
v 68.709686 0.909289 32.5
v 68.792389 0.874427 32.5
v 68.876724 0.843731 32.5
v 68.962486 0.817276 32.5
v 69.049461 0.79513 32.5
v 66.400002 3.6 32.5
v 67.685692 2.193337 32.5
v 67.670105 2.281724 32.5
v 67.705658 2.105837 32.5
v 67.729965 2.019441 32.5
v 67.758553 1.934364 32.5
v 67.791344 1.850817 32.5
v 67.828255 1.769009 32.5
v 67.658943 2.370778 32.5
v 67.652237 2.460277 32.5
v 66.498138 3.602409 32.5
v 67.650002 2.55 32.5
v 66.596031 3.609631 32.5
v 67.652237 2.639723 32.5
v 66.693459 3.621647 32.5
v 67.658943 2.729222 32.5
v 66.790184 3.638429 32.5
v 67.670105 2.818276 32.5
v 66.885963 3.659937 32.5
v 67.685692 2.906663 32.5
v 66.980568 3.686119 32.5
v 67.705658 2.994163 32.5
v 67.729965 3.080559 32.5
v 67.073776 3.716912 32.5
v 67.758553 3.165636 32.5
v 67.165367 3.752241 32.5
v 67.791344 3.249183 32.5
v 67.255112 3.792022 32.5
v 67.828255 3.330991 32.5
v 67.342796 3.836158 32.5
v 67.869202 3.410857 32.5
v 67.428207 3.884543 32.5
v 67.914078 3.488583 32.5
v 67.511139 3.937061 32.5
v 67.962769 3.563976 32.5
v 67.5914 3.993585 32.5
v 68.01516 3.636848 32.5
v 67.668785 4.053979 32.5
v 68.071121 3.707018 32.5
v 67.743118 4.118098 32.5
v 68.130508 3.774311 32.5
v 67.814217 4.185786 32.5
v 69.137436 0.777346 32.5
v 69.226181 0.763969 32.5
v 69.315483 0.755033 32.5
v 69.405128 0.750559 32.5
v 69.494873 0.750559 32.5
v 69.584511 0.755033 32.5
v 69.67382 0.763969 32.5
v 69.762566 0.777346 32.5
v 69.85054 0.79513 32.5
v 69.937515 0.817276 32.5
v 70.023277 0.843731 32.5
v 70.107613 0.874427 32.5
v 70.190315 0.909289 32.5
v 70.271179 0.948231 32.5
v 70.349998 0.991154 32.5
v 70.426582 1.037953 32.5
v 70.50074 1.088512 32.5
v 70.572281 1.142703 32.5
v 70.641037 1.200394 32.5
v 70.706825 1.26144 32.5
v 68.193176 3.83856 32.5
v 70.769493 1.325689 32.5
v 67.881905 4.256882 32.5
v 68.258965 3.899606 32.5
v 70.82888 1.392982 32.5
v 67.946022 4.331213 32.5
v 68.327721 3.957297 32.5
v 70.884842 1.463152 32.5
v 68.006416 4.408601 32.5
v 68.399261 4.011488 32.5
v 70.937233 1.536024 32.5
v 68.473419 4.062047 32.5
v 68.062943 4.48886 32.5
v 70.985924 1.611417 32.5
v 68.550003 4.108846 32.5
v 68.115456 4.571795 32.5
v 71.0308 1.689143 32.5
v 68.628822 4.151769 32.5
v 68.163841 4.657207 32.5
v 71.071747 1.769009 32.5
v 68.709686 4.190711 32.5
v 68.207977 4.74489 32.5
v 71.108658 1.850817 32.5
v 68.792389 4.225573 32.5
v 71.141449 1.934364 32.5
v 68.247757 4.834633 32.5
v 68.876724 4.256269 32.5
v 71.170029 2.019441 32.5
v 68.283089 4.92622 32.5
v 68.962486 4.282723 32.5
v 71.194336 2.105837 32.5
v 68.313881 5.019431 32.5
v 69.049461 4.30487 32.5
v 71.21431 2.193337 32.5
v 68.340065 5.114039 32.5
v 69.137436 4.322654 32.5
v 71.229897 2.281724 32.5
v 68.361572 5.209819 32.5
v 69.226181 4.33603 32.5
v 71.241058 2.370778 32.5
v 68.378349 5.306539 32.5
v 69.315483 4.344967 32.5
v 71.247765 2.460277 32.5
v 68.390373 5.403966 32.5
v 69.405128 4.349441 32.5
v 71.25 2.55 32.5
v 71.247765 2.639723 32.5
v 68.397591 5.501864 32.5
v 69.494873 4.349441 32.5
v 71.241058 2.729222 32.5
v 68.400002 5.6 32.5
v 69.584511 4.344967 32.5
v 69.67382 4.33603 32.5
v 71.229897 2.818276 32.5
v 69.762566 4.322654 32.5
v 71.21431 2.906663 32.5
v 69.85054 4.30487 32.5
v 71.194336 2.994163 32.5
v 69.937515 4.282723 32.5
v 70.023277 4.256269 32.5
v 70.107613 4.225573 32.5
v 70.190315 4.190711 32.5
v 70.271179 4.151769 32.5
v 70.349998 4.108846 32.5
v 70.426582 4.062047 32.5
v 70.50074 4.011488 32.5
v 1.293174 93.161438 32.5
v 1.293174 3.83856 32.5
v 1.358966 3.899606 32.5
v 1.230507 93.225693 32.5
v 1.230507 3.774311 32.5
v 1.358966 93.100395 32.5
v 1.17112 93.292984 32.5
v 1.17112 3.707018 32.5
v 1.427718 93.042702 32.5
v 1.427718 3.957297 32.5
v 1.115162 93.363152 32.5
v 1.115162 3.636848 32.5
v 1.499261 92.98851 32.5
v 1.06277 93.436028 32.5
v 1.06277 3.563976 32.5
v 1.014076 93.511414 32.5
v 1.014076 3.488583 32.5
v 0.969201 93.589142 32.5
v 0.969201 3.410857 32.5
v 0.928256 93.669006 32.5
v 0.928256 3.330991 32.5
v 0.891343 3.249183 32.5
v 0.891343 93.750816 32.5
v 0.858553 93.834366 32.5
v 0.858553 3.165636 32.5
v 3.6 91.400002 32.5
v 1.573417 92.93795 32.5
v 1.65 92.891151 32.5
v 1.728821 92.848228 32.5
v 1.809683 92.809288 32.5
v 1.892386 92.774429 32.5
v 1.976724 92.743729 32.5
v 2.062487 92.717278 32.5
v 2.149462 92.695129 32.5
v 2.237433 92.677345 32.5
v 2.326181 92.663971 32.5
v 2.415486 92.655037 32.5
v 2.505125 92.650558 32.5
v 3.602409 91.498138 32.5
v 2.594875 92.650558 32.5
v 3.609631 91.596031 32.5
v 2.684514 92.655037 32.5
v 3.621647 91.693459 32.5
v 2.773819 92.663971 32.5
v 3.638429 91.790184 32.5
v 2.862567 92.677345 32.5
v 3.659937 91.885963 32.5
v 2.950538 92.695129 32.5
v 3.686119 91.980568 32.5
v 3.037513 92.717278 32.5
v 3.716912 92.073776 32.5
v 3.123276 92.743729 32.5
v 3.752241 92.165367 32.5
v 3.207614 92.774429 32.5
v 3.792022 92.255112 32.5
v 3.290317 92.809288 32.5
v 3.836158 92.342796 32.5
v 3.371179 92.848228 32.5
v 3.884543 92.428207 32.5
v 3.45 92.891151 32.5
v 3.937061 92.511139 32.5
v 3.526583 92.93795 32.5
v 3.993585 92.5914 32.5
v 3.600739 92.98851 32.5
v 3.672282 93.042702 32.5
v 4.053979 92.668785 32.5
v 3.741035 93.100395 32.5
v 4.118098 92.743118 32.5
v 3.806826 93.161438 32.5
v 1.17112 95.607018 32.5
v 1.230507 95.674309 32.5
v 1.115162 95.53685 32.5
v 1.06277 95.463974 32.5
v 1.014076 95.38858 32.5
v 0.969201 95.31086 32.5
v 0.928256 95.230988 32.5
v 0.891343 95.149185 32.5
v 0.858553 95.065636 32.5
v 0.829969 94.98056 32.5
v 0.805661 94.894165 32.5
v 0.78569 94.806664 32.5
v 0.770105 94.718277 32.5
v 0.758945 94.629219 32.5
v 0.752238 94.539726 32.5
v 0.75 94.449997 32.5
v 0.752238 94.360275 32.5
v 0.758945 94.270775 32.5
v 0.770105 94.181725 32.5
v 0.78569 94.093338 32.5
v 0.805661 94.005836 32.5
v 4.185786 92.814217 32.5
v 1.293174 95.738564 32.5
v 3.869493 93.225693 32.5
v 4.256882 92.881905 32.5
v 1.358966 95.799606 32.5
v 3.92888 93.292984 32.5
v 4.331213 92.946022 32.5
v 1.427718 95.8573 32.5
v 3.984838 93.363152 32.5
v 1.499261 95.911491 32.5
v 4.408601 93.006416 32.5
v 4.03723 93.436028 32.5
v 1.573417 95.962044 32.5
v 4.48886 93.062943 32.5
v 4.085924 93.511414 32.5
v 1.65 96.008842 32.5
v 4.571795 93.115456 32.5
v 4.130799 93.589142 32.5
v 1.728821 96.051765 32.5
v 4.657207 93.163841 32.5
v 4.171744 93.669006 32.5
v 1.809683 96.090714 32.5
v 4.74489 93.207977 32.5
v 4.208657 93.750816 32.5
v 1.892386 96.125572 32.5
v 4.834633 93.247757 32.5
v 4.241446 93.834366 32.5
v 1.976724 96.156273 32.5
v 4.92622 93.283089 32.5
v 4.270031 93.919441 32.5
v 2.062487 96.182724 32.5
v 5.019431 93.313881 32.5
v 4.294339 94.005836 32.5
v 2.149462 96.204872 32.5
v 4.314311 94.093338 32.5
v 5.114039 93.340065 32.5
v 2.237433 96.222656 32.5
v 4.329895 94.181725 32.5
v 2.326181 96.236031 32.5
v 5.209819 93.361572 32.5
v 4.341055 94.270775 32.5
v 2.415486 96.244965 32.5
v 5.306539 93.378349 32.5
v 4.347763 94.360275 32.5
v 2.505125 96.249443 32.5
v 5.403966 93.390373 32.5
v 4.35 94.449997 32.5
v 2.594875 96.249443 32.5
v 5.501864 93.397591 32.5
v 4.347763 94.539726 32.5
v 2.684514 96.244965 32.5
v 5.6 93.400002 32.5
v 4.341055 94.629219 32.5
v 2.773819 96.236031 32.5
v 4.329895 94.718277 32.5
v 2.862567 96.222656 32.5
v 4.314311 94.806664 32.5
v 2.950538 96.204872 32.5
v 4.294339 94.894165 32.5
v 4.270031 94.98056 32.5
v 4.241446 95.065636 32.5
v 4.208657 95.149185 32.5
v 4.171744 95.230988 32.5
v 4.130799 95.31086 32.5
v 4.085924 95.38858 32.5
v 4.03723 95.463974 32.5
v 66.400002 93.400002 32.5
v 68.400002 91.400002 32.5
v 68.193176 93.161438 32.5
v 67.814217 92.814217 32.5
v 67.881905 92.743118 32.5
v 68.130508 93.225693 32.5
v 67.743118 92.881905 32.5
v 68.258965 93.100395 32.5
v 67.946022 92.668785 32.5
v 68.071121 93.292984 32.5
v 67.668785 92.946022 32.5
v 68.327721 93.042702 32.5
v 68.006416 92.5914 32.5
v 68.01516 93.363152 32.5
v 67.5914 93.006416 32.5
v 68.399261 92.98851 32.5
v 67.962769 93.436028 32.5
v 67.511139 93.062943 32.5
v 68.473419 92.93795 32.5
v 68.062943 92.511139 32.5
v 67.914078 93.511414 32.5
v 67.428207 93.115456 32.5
v 68.550003 92.891151 32.5
v 68.115456 92.428207 32.5
v 67.869202 93.589142 32.5
v 67.342796 93.163841 32.5
v 68.628822 92.848228 32.5
v 68.163841 92.342796 32.5
v 67.828255 93.669006 32.5
v 67.255112 93.207977 32.5
v 68.709686 92.809288 32.5
v 68.207977 92.255112 32.5
v 67.791344 93.750816 32.5
v 67.165367 93.247757 32.5
v 68.792389 92.774429 32.5
v 68.247757 92.165367 32.5
v 67.758553 93.834366 32.5
v 67.073776 93.283089 32.5
v 68.876724 92.743729 32.5
v 68.283089 92.073776 32.5
v 67.729965 93.919441 32.5
v 66.980568 93.313881 32.5
v 68.962486 92.717278 32.5
v 68.313881 91.980568 32.5
v 67.705658 94.005836 32.5
v 69.049461 92.695129 32.5
v 68.340065 91.885963 32.5
v 67.685692 94.093338 32.5
v 66.885963 93.340065 32.5
v 69.137436 92.677345 32.5
v 68.361572 91.790184 32.5
v 67.670105 94.181725 32.5
v 66.790184 93.361572 32.5
v 69.226181 92.663971 32.5
v 68.378349 91.693459 32.5
v 67.658943 94.270775 32.5
v 66.693459 93.378349 32.5
v 69.315483 92.655037 32.5
v 68.390373 91.596031 32.5
v 67.652237 94.360275 32.5
v 66.596031 93.390373 32.5
v 69.405128 92.650558 32.5
v 68.397591 91.498138 32.5
v 67.650002 94.449997 32.5
v 66.498138 93.397591 32.5
v 69.494873 92.650558 32.5
v 67.652237 94.539726 32.5
v 69.584511 92.655037 32.5
v 67.658943 94.629219 32.5
v 69.67382 92.663971 32.5
v 67.670105 94.718277 32.5
v 69.762566 92.677345 32.5
v 67.685692 94.806664 32.5
v 69.85054 92.695129 32.5
v 67.705658 94.894165 32.5
v 69.937515 92.717278 32.5
v 67.729965 94.98056 32.5
v 70.023277 92.743729 32.5
v 67.758553 95.065636 32.5
v 70.107613 92.774429 32.5
v 67.791344 95.149185 32.5
v 70.190315 92.809288 32.5
v 67.828255 95.230988 32.5
v 70.271179 92.848228 32.5
v 67.869202 95.31086 32.5
v 70.349998 92.891151 32.5
v 67.914078 95.38858 32.5
v 70.426582 92.93795 32.5
v 67.962769 95.463974 32.5
v 70.50074 92.98851 32.5
v 68.01516 95.53685 32.5
v 3.984838 95.53685 32.5
v 70.572281 93.042702 32.5
v 70.572281 3.957297 32.5
v 68.071121 95.607018 32.5
v 3.92888 95.607018 32.5
v 3.869493 95.674309 32.5
v 70.641037 93.100395 32.5
v 70.641037 3.899606 32.5
v 70.706825 3.83856 32.5
v 68.130508 95.674309 32.5
v 70.706825 93.161438 32.5
v 68.193176 95.738564 32.5
v 3.806826 95.738564 32.5
v 70.769493 93.225693 32.5
v 70.769493 3.774311 32.5
v 70.82888 3.707018 32.5
v 68.258965 95.799606 32.5
v 3.741035 95.799606 32.5
v 70.82888 93.292984 32.5
v 68.327721 95.8573 32.5
v 3.672282 95.8573 32.5
v 70.884842 93.363152 32.5
v 70.884842 3.636848 32.5
v 70.937233 3.563976 32.5
v 68.399261 95.911491 32.5
v 3.600739 95.911491 32.5
v 70.937233 93.436028 32.5
v 70.985924 93.511414 32.5
v 70.985924 3.488583 32.5
v 71.0308 93.589142 32.5
v 71.0308 3.410857 32.5
v 71.071747 93.669006 32.5
v 71.071747 3.330991 32.5
v 71.108658 3.249183 32.5
v 71.108658 93.750816 32.5
v 71.141449 93.834366 32.5
v 71.141449 3.165636 32.5
v 72.0 97.0 32.5
v 71.247765 94.360275 32.5
v 71.241058 94.270775 32.5
v 70.107613 96.125572 32.5
v 70.190315 96.090714 32.5
v 71.25 94.449997 32.5
v 70.023277 96.156273 32.5
v 69.937515 96.182724 32.5
v 69.85054 96.204872 32.5
v 69.762566 96.222656 32.5
v 69.67382 96.236031 32.5
v 69.584511 96.244965 32.5
v 69.494873 96.249443 32.5
v 69.405128 96.249443 32.5
v 69.315483 96.244965 32.5
v 69.226181 96.236031 32.5
v 69.137436 96.222656 32.5
v 69.049461 96.204872 32.5
v 71.247765 94.539726 32.5
v 71.241058 94.629219 32.5
v 71.229897 94.718277 32.5
v 71.21431 94.806664 32.5
v 71.194336 94.894165 32.5
v 71.170029 94.98056 32.5
v 71.141449 95.065636 32.5
v 71.108658 95.149185 32.5
v 71.071747 95.230988 32.5
v 71.0308 95.31086 32.5
v 70.985924 95.38858 32.5
v 70.937233 95.463974 32.5
v 70.884842 95.53685 32.5
v 70.82888 95.607018 32.5
v 70.769493 95.674309 32.5
v 70.706825 95.738564 32.5
v 70.641037 95.799606 32.5
v 70.572281 95.8573 32.5
v 70.50074 95.911491 32.5
v 70.426582 95.962044 32.5
v 71.21431 94.093338 32.5
v 71.194336 94.005836 32.5
v 70.349998 96.008842 32.5
v 71.229897 94.181725 32.5
v 70.271179 96.051765 32.5
v 3.037513 96.182724 32.5
v 3.123276 96.156273 32.5
v 3.207614 96.125572 32.5
v 3.290317 96.090714 32.5
v 3.371179 96.051765 32.5
v 3.45 96.008842 32.5
v 3.526583 95.962044 32.5
v 68.962486 96.182724 32.5
v 68.876724 96.156273 32.5
v 68.792389 96.125572 32.5
v 68.709686 96.090714 32.5
v 68.628822 96.051765 32.5
v 68.550003 96.008842 32.5
v 68.473419 95.962044 32.5
v 0.829969 3.080559 32.5
v 0.829969 93.919441 32.5
v 71.170029 93.919441 32.5
v 71.170029 3.080559 32.5
v 1.230507 1.325689 0.0
v 1.293174 1.26144 0.0
v 1.358966 1.200394 0.0
v 1.17112 1.392982 0.0
v 1.427718 1.142703 0.0
v 1.115162 1.463152 0.0
v 1.499261 1.088512 0.0
v 1.06277 1.536024 0.0
v 1.573417 1.037953 0.0
v 1.014076 1.611417 0.0
v 1.65 0.991154 0.0
v 0.969201 1.689143 0.0
v 1.728821 0.948231 0.0
v 0.928256 1.769009 0.0
v 1.809683 0.909289 0.0
v 0.891343 1.850817 0.0
v 1.892386 0.874427 0.0
v 0.858553 1.934364 0.0
v 1.976724 0.843731 0.0
v 0.829969 2.019441 0.0
v 2.062487 0.817276 0.0
v 0.805661 2.105837 0.0
v 2.149462 0.79513 0.0
v 0.78569 2.193337 0.0
v 2.237433 0.777346 0.0
v 0.770105 2.281724 0.0
v 2.326181 0.763969 0.0
v 0.758945 2.370778 0.0
v 2.415486 0.755033 0.0
v 0.752238 2.460277 0.0
v 2.505125 0.750559 0.0
v 0.75 2.55 0.0
v 2.594875 0.750559 0.0
v 0.752238 2.639723 0.0
v 2.684514 0.755033 0.0
v 0.758945 2.729222 0.0
v 2.773819 0.763969 0.0
v 0.770105 2.818276 0.0
v 2.862567 0.777346 0.0
v 0.78569 2.906663 0.0
v 2.950538 0.79513 0.0
v 0.805661 2.994163 0.0
v 3.037513 0.817276 0.0
v 3.869493 1.325689 0.0
v 68.130508 1.325689 0.0
v 3.806826 1.26144 0.0
v 68.193176 1.26144 0.0
v 68.258965 1.200394 0.0
v 3.741035 1.200394 0.0
v 3.92888 1.392982 0.0
v 68.071121 1.392982 0.0
v 68.327721 1.142703 0.0
v 3.672282 1.142703 0.0
v 3.984838 1.463152 0.0
v 68.01516 1.463152 0.0
v 68.399261 1.088512 0.0
v 3.600739 1.088512 0.0
v 4.03723 1.536024 0.0
v 67.962769 1.536024 0.0
v 68.473419 1.037953 0.0
v 3.526583 1.037953 0.0
v 4.085924 1.611417 0.0
v 67.914078 1.611417 0.0
v 68.550003 0.991154 0.0
v 3.45 0.991154 0.0
v 4.130799 1.689143 0.0
v 67.869202 1.689143 0.0
v 4.171744 1.769009 0.0
v 68.628822 0.948231 0.0
v 3.371179 0.948231 0.0
v 67.828255 1.769009 0.0
v 68.709686 0.909289 0.0
v 3.290317 0.909289 0.0
v 4.208657 1.850817 0.0
v 67.791344 1.850817 0.0
v 3.207614 0.874427 0.0
v 68.792389 0.874427 0.0
v 3.123276 0.843731 0.0
v 4.241446 1.934364 0.0
v 67.758553 1.934364 0.0
v 4.270031 2.019441 0.0
v 68.876724 0.843731 0.0
v 67.729965 2.019441 0.0
v 68.962486 0.817276 0.0
v 4.294339 2.105837 0.0
v 67.705658 2.105837 0.0
v 67.685692 2.193337 0.0
v 4.314311 2.193337 0.0
v 4.329895 2.281724 0.0
v 67.670105 2.281724 0.0
v 4.341055 2.370778 0.0
v 67.658943 2.370778 0.0
v 67.652237 2.460277 0.0
v 4.347763 2.460277 0.0
v 4.347763 2.639723 0.0
v 67.650002 2.55 0.0
v 4.35 2.55 0.0
v 67.652237 2.639723 0.0
v 4.341055 2.729222 0.0
v 67.658943 2.729222 0.0
v 4.329895 2.818276 0.0
v 67.670105 2.818276 0.0
v 4.314311 2.906663 0.0
v 67.685692 2.906663 0.0
v 4.294339 2.994163 0.0
v 67.705658 2.994163 0.0
v 4.270031 3.080559 0.0
v 67.729965 3.080559 0.0
v 4.241446 3.165636 0.0
v 67.758553 3.165636 0.0
v 4.208657 3.249183 0.0
v 67.791344 3.249183 0.0
v 4.171744 3.330991 0.0
v 67.828255 3.330991 0.0
v 4.130799 3.410857 0.0
v 67.869202 3.410857 0.0
v 4.085924 3.488583 0.0
v 67.914078 3.488583 0.0
v 4.03723 3.563976 0.0
v 67.962769 3.563976 0.0
v 3.984838 3.636848 0.0
v 68.01516 3.636848 0.0
v 3.92888 3.707018 0.0
v 68.071121 3.707018 0.0
v 3.869493 3.774311 0.0
v 68.130508 3.774311 0.0
v 69.049461 0.79513 0.0
v 69.137436 0.777346 0.0
v 69.226181 0.763969 0.0
v 69.315483 0.755033 0.0
v 69.405128 0.750559 0.0
v 69.494873 0.750559 0.0
v 69.584511 0.755033 0.0
v 69.67382 0.763969 0.0
v 69.762566 0.777346 0.0
v 69.85054 0.79513 0.0
v 69.937515 0.817276 0.0
v 70.023277 0.843731 0.0
v 70.107613 0.874427 0.0
v 70.190315 0.909289 0.0
v 70.271179 0.948231 0.0
v 70.349998 0.991154 0.0
v 70.426582 1.037953 0.0
v 70.50074 1.088512 0.0
v 70.572281 1.142703 0.0
v 70.641037 1.200394 0.0
v 70.706825 1.26144 0.0
v 3.806826 3.83856 0.0
v 68.193176 3.83856 0.0
v 70.769493 1.325689 0.0
v 3.741035 3.899606 0.0
v 68.258965 3.899606 0.0
v 70.82888 1.392982 0.0
v 3.672282 3.957297 0.0
v 68.327721 3.957297 0.0
v 3.600739 4.011488 0.0
v 70.884842 1.463152 0.0
v 68.399261 4.011488 0.0
v 70.937233 1.536024 0.0
v 70.985924 1.611417 0.0
v 71.0308 1.689143 0.0
v 71.071747 1.769009 0.0
v 71.108658 1.850817 0.0
v 71.141449 1.934364 0.0
v 71.170029 2.019441 0.0
v 71.194336 2.105837 0.0
v 71.21431 2.193337 0.0
v 71.229897 2.281724 0.0
v 71.241058 2.370778 0.0
v 71.247765 2.460277 0.0
v 71.25 2.55 0.0
v 71.247765 2.639723 0.0
v 71.241058 2.729222 0.0
v 71.229897 2.818276 0.0
v 71.21431 2.906663 0.0
v 71.194336 2.994163 0.0
v 1.293174 3.83856 0.0
v 1.293174 93.161438 0.0
v 1.358966 3.899606 0.0
v 1.230507 93.225693 0.0
v 1.230507 3.774311 0.0
v 1.358966 93.100395 0.0
v 1.17112 3.707018 0.0
v 1.17112 93.292984 0.0
v 1.427718 93.042702 0.0
v 1.427718 3.957297 0.0
v 1.115162 93.363152 0.0
v 1.115162 3.636848 0.0
v 1.499261 92.98851 0.0
v 1.499261 4.011488 0.0
v 1.573417 4.062047 0.0
v 1.06277 3.563976 0.0
v 1.06277 93.436028 0.0
v 1.573417 92.93795 0.0
v 1.014076 93.511414 0.0
v 1.014076 3.488583 0.0
v 1.65 92.891151 0.0
v 1.65 4.108846 0.0
v 0.969201 93.589142 0.0
v 0.969201 3.410857 0.0
v 1.728821 92.848228 0.0
v 1.728821 4.151769 0.0
v 0.928256 3.330991 0.0
v 0.928256 93.669006 0.0
v 1.809683 92.809288 0.0
v 1.809683 4.190711 0.0
v 0.891343 3.249183 0.0
v 0.891343 93.750816 0.0
v 1.892386 92.774429 0.0
v 1.892386 4.225573 0.0
v 0.858553 93.834366 0.0
v 0.858553 3.165636 0.0
v 1.976724 92.743729 0.0
v 1.976724 4.256269 0.0
v 2.062487 92.717278 0.0
v 2.062487 4.282723 0.0
v 2.149462 4.30487 0.0
v 2.149462 92.695129 0.0
v 2.237433 4.322654 0.0
v 2.237433 92.677345 0.0
v 2.326181 4.33603 0.0
v 2.326181 92.663971 0.0
v 2.415486 4.344967 0.0
v 2.415486 92.655037 0.0
v 2.505125 4.349441 0.0
v 2.505125 92.650558 0.0
v 2.594875 4.349441 0.0
v 2.594875 92.650558 0.0
v 2.684514 4.344967 0.0
v 2.684514 92.655037 0.0
v 2.773819 4.33603 0.0
v 2.773819 92.663971 0.0
v 2.862567 92.677345 0.0
v 2.862567 4.322654 0.0
v 2.950538 92.695129 0.0
v 2.950538 4.30487 0.0
v 3.037513 92.717278 0.0
v 3.037513 4.282723 0.0
v 3.123276 92.743729 0.0
v 3.123276 4.256269 0.0
v 3.207614 4.225573 0.0
v 3.207614 92.774429 0.0
v 3.290317 92.809288 0.0
v 3.290317 4.190711 0.0
v 3.371179 92.848228 0.0
v 3.371179 4.151769 0.0
v 3.45 92.891151 0.0
v 3.45 4.108846 0.0
v 3.526583 92.93795 0.0
v 3.526583 4.062047 0.0
v 3.600739 92.98851 0.0
v 1.17112 95.607018 0.0
v 1.230507 95.674309 0.0
v 1.115162 95.53685 0.0
v 1.06277 95.463974 0.0
v 1.014076 95.38858 0.0
v 0.969201 95.31086 0.0
v 0.928256 95.230988 0.0
v 0.891343 95.149185 0.0
v 0.858553 95.065636 0.0
v 0.829969 94.98056 0.0
v 0.805661 94.894165 0.0
v 0.78569 94.806664 0.0
v 0.770105 94.718277 0.0
v 0.758945 94.629219 0.0
v 0.752238 94.539726 0.0
v 0.75 94.449997 0.0
v 0.752238 94.360275 0.0
v 0.758945 94.270775 0.0
v 0.770105 94.181725 0.0
v 0.78569 94.093338 0.0
v 0.805661 94.005836 0.0
v 1.293174 95.738564 0.0
v 1.358966 95.799606 0.0
v 1.427718 95.8573 0.0
v 1.499261 95.911491 0.0
v 1.573417 95.962044 0.0
v 1.65 96.008842 0.0
v 1.728821 96.051765 0.0
v 1.809683 96.090714 0.0
v 1.892386 96.125572 0.0
v 1.976724 96.156273 0.0
v 2.062487 96.182724 0.0
v 2.149462 96.204872 0.0
v 2.237433 96.222656 0.0
v 2.326181 96.236031 0.0
v 2.415486 96.244965 0.0
v 2.505125 96.249443 0.0
v 2.594875 96.249443 0.0
v 2.684514 96.244965 0.0
v 2.773819 96.236031 0.0
v 2.862567 96.222656 0.0
v 2.950538 96.204872 0.0
v 3.806826 93.161438 0.0
v 68.130508 93.225693 0.0
v 68.193176 93.161438 0.0
v 3.869493 93.225693 0.0
v 3.92888 93.292984 0.0
v 68.258965 93.100395 0.0
v 3.741035 93.100395 0.0
v 3.672282 93.042702 0.0
v 68.071121 93.292984 0.0
v 68.327721 93.042702 0.0
v 68.01516 93.363152 0.0
v 3.984838 93.363152 0.0
v 68.399261 92.98851 0.0
v 67.962769 93.436028 0.0
v 4.03723 93.436028 0.0
v 68.473419 92.93795 0.0
v 68.473419 4.062047 0.0
v 4.085924 93.511414 0.0
v 67.914078 93.511414 0.0
v 68.550003 4.108846 0.0
v 68.550003 92.891151 0.0
v 68.628822 4.151769 0.0
v 67.869202 93.589142 0.0
v 4.130799 93.589142 0.0
v 68.628822 92.848228 0.0
v 68.709686 4.190711 0.0
v 67.828255 93.669006 0.0
v 4.171744 93.669006 0.0
v 68.709686 92.809288 0.0
v 4.208657 93.750816 0.0
v 67.791344 93.750816 0.0
v 68.792389 92.774429 0.0
v 68.792389 4.225573 0.0
v 4.241446 93.834366 0.0
v 67.758553 93.834366 0.0
v 68.876724 92.743729 0.0
v 68.876724 4.256269 0.0
v 4.270031 93.919441 0.0
v 67.729965 93.919441 0.0
v 68.962486 92.717278 0.0
v 68.962486 4.282723 0.0
v 69.049461 4.30487 0.0
v 4.294339 94.005836 0.0
v 67.705658 94.005836 0.0
v 4.314311 94.093338 0.0
v 69.049461 92.695129 0.0
v 67.685692 94.093338 0.0
v 69.137436 92.677345 0.0
v 69.137436 4.322654 0.0
v 67.670105 94.181725 0.0
v 4.329895 94.181725 0.0
v 69.226181 92.663971 0.0
v 69.226181 4.33603 0.0
v 67.658943 94.270775 0.0
v 4.341055 94.270775 0.0
v 69.315483 92.655037 0.0
v 69.315483 4.344967 0.0
v 67.652237 94.360275 0.0
v 4.347763 94.360275 0.0
v 69.405128 92.650558 0.0
v 69.405128 4.349441 0.0
v 67.650002 94.449997 0.0
v 4.347763 94.539726 0.0
v 4.35 94.449997 0.0
v 69.494873 92.650558 0.0
v 69.494873 4.349441 0.0
v 69.584511 4.344967 0.0
v 67.652237 94.539726 0.0
v 4.341055 94.629219 0.0
v 69.584511 92.655037 0.0
v 67.658943 94.629219 0.0
v 69.67382 92.663971 0.0
v 69.67382 4.33603 0.0
v 69.762566 4.322654 0.0
v 67.670105 94.718277 0.0
v 4.329895 94.718277 0.0
v 69.762566 92.677345 0.0
v 69.85054 4.30487 0.0
v 4.314311 94.806664 0.0
v 67.685692 94.806664 0.0
v 69.85054 92.695129 0.0
v 69.937515 4.282723 0.0
v 67.705658 94.894165 0.0
v 4.294339 94.894165 0.0
v 69.937515 92.717278 0.0
v 70.023277 4.256269 0.0
v 67.729965 94.98056 0.0
v 4.270031 94.98056 0.0
v 70.023277 92.743729 0.0
v 70.107613 4.225573 0.0
v 67.758553 95.065636 0.0
v 4.241446 95.065636 0.0
v 70.107613 92.774429 0.0
v 67.791344 95.149185 0.0
v 4.208657 95.149185 0.0
v 70.190315 92.809288 0.0
v 70.190315 4.190711 0.0
v 67.828255 95.230988 0.0
v 4.171744 95.230988 0.0
v 4.130799 95.31086 0.0
v 70.271179 92.848228 0.0
v 70.271179 4.151769 0.0
v 67.869202 95.31086 0.0
v 70.349998 4.108846 0.0
v 70.349998 92.891151 0.0
v 70.426582 4.062047 0.0
v 67.914078 95.38858 0.0
v 4.085924 95.38858 0.0
v 70.426582 92.93795 0.0
v 4.03723 95.463974 0.0
v 67.962769 95.463974 0.0
v 70.50074 92.98851 0.0
v 70.50074 4.011488 0.0
v 3.984838 95.53685 0.0
v 68.01516 95.53685 0.0
v 70.572281 93.042702 0.0
v 70.572281 3.957297 0.0
v 3.92888 95.607018 0.0
v 68.071121 95.607018 0.0
v 70.641037 93.100395 0.0
v 70.641037 3.899606 0.0
v 3.869493 95.674309 0.0
v 68.130508 95.674309 0.0
v 70.706825 93.161438 0.0
v 70.706825 3.83856 0.0
v 3.806826 95.738564 0.0
v 68.193176 95.738564 0.0
v 70.769493 93.225693 0.0
v 70.769493 3.774311 0.0
v 70.82888 3.707018 0.0
v 3.741035 95.799606 0.0
v 68.258965 95.799606 0.0
v 70.82888 93.292984 0.0
v 68.327721 95.8573 0.0
v 3.672282 95.8573 0.0
v 70.884842 93.363152 0.0
v 70.884842 3.636848 0.0
v 3.600739 95.911491 0.0
v 68.399261 95.911491 0.0
v 70.937233 3.563976 0.0
v 70.937233 93.436028 0.0
v 70.985924 3.488583 0.0
v 70.985924 93.511414 0.0
v 71.0308 93.589142 0.0
v 71.0308 3.410857 0.0
v 71.071747 93.669006 0.0
v 71.071747 3.330991 0.0
v 71.108658 93.750816 0.0
v 71.108658 3.249183 0.0
v 71.141449 93.834366 0.0
v 71.141449 3.165636 0.0
v 71.229897 94.181725 0.0
v 72.0 97.0 0.0
v 71.21431 94.093338 0.0
v 70.271179 96.051765 0.0
v 70.349998 96.008842 0.0
v 71.241058 94.270775 0.0
v 70.190315 96.090714 0.0
v 71.247765 94.360275 0.0
v 70.107613 96.125572 0.0
v 71.25 94.449997 0.0
v 70.023277 96.156273 0.0
v 69.937515 96.182724 0.0
v 69.85054 96.204872 0.0
v 69.762566 96.222656 0.0
v 69.67382 96.236031 0.0
v 69.584511 96.244965 0.0
v 69.494873 96.249443 0.0
v 69.405128 96.249443 0.0
v 69.315483 96.244965 0.0
v 69.226181 96.236031 0.0
v 69.137436 96.222656 0.0
v 69.049461 96.204872 0.0
v 71.247765 94.539726 0.0
v 71.241058 94.629219 0.0
v 71.229897 94.718277 0.0
v 71.21431 94.806664 0.0
v 71.194336 94.894165 0.0
v 71.170029 94.98056 0.0
v 71.141449 95.065636 0.0
v 71.108658 95.149185 0.0
v 71.071747 95.230988 0.0
v 71.0308 95.31086 0.0
v 70.985924 95.38858 0.0
v 70.937233 95.463974 0.0
v 70.884842 95.53685 0.0
v 70.82888 95.607018 0.0
v 70.769493 95.674309 0.0
v 70.706825 95.738564 0.0
v 70.641037 95.799606 0.0
v 70.572281 95.8573 0.0
v 70.50074 95.911491 0.0
v 70.426582 95.962044 0.0
v 71.194336 94.005836 0.0
v 0.829969 3.080559 0.0
v 0.829969 93.919441 0.0
v 71.170029 93.919441 0.0
v 71.170029 3.080559 0.0
v 3.037513 96.182724 0.0
v 3.123276 96.156273 0.0
v 3.207614 96.125572 0.0
v 3.290317 96.090714 0.0
v 3.371179 96.051765 0.0
v 3.45 96.008842 0.0
v 3.526583 95.962044 0.0
v 68.962486 96.182724 0.0
v 68.876724 96.156273 0.0
v 68.792389 96.125572 0.0
v 68.709686 96.090714 0.0
v 68.628822 96.051765 0.0
v 68.550003 96.008842 0.0
v 68.473419 95.962044 0.0
v 34.680508 97.0 14.525689
v 34.743176 97.0 14.46144
v 34.808964 97.0 14.400393
v 34.62112 97.0 14.592982
v 34.87772 97.0 14.342703
v 34.565163 97.0 14.663152
v 34.949261 97.0 14.288511
v 34.512772 97.0 14.736024
v 35.023418 97.0 14.237953
v 34.464077 97.0 14.811417
v 35.099998 97.0 14.191154
v 34.419201 97.0 14.889143
v 35.178822 97.0 14.148231
v 34.378258 97.0 14.969009
v 35.259682 97.0 14.109289
v 34.341343 97.0 15.050817
v 35.342384 97.0 14.074428
v 34.308552 97.0 15.134364
v 35.426723 97.0 14.043731
v 34.279968 97.0 15.21944
v 35.512486 97.0 14.017277
v 34.255661 97.0 15.305837
v 35.599461 97.0 13.99513
v 34.235691 97.0 15.393337
v 35.687435 97.0 13.977346
v 34.220104 97.0 15.481724
v 35.77618 97.0 13.963969
v 34.208946 97.0 15.570778
v 35.865486 97.0 13.955033
v 34.202236 97.0 15.660277
v 35.955124 97.0 13.95056
v 34.200001 97.0 15.75
v 36.044876 97.0 13.95056
v 34.202236 97.0 15.839723
v 34.208946 97.0 15.929222
v 34.220104 97.0 16.018276
v 34.235691 97.0 16.106663
v 34.255661 97.0 16.194162
v 34.279968 97.0 16.28056
v 34.308552 97.0 16.365637
v 34.341343 97.0 16.449183
v 34.378258 97.0 16.530991
v 34.419201 97.0 16.610857
v 34.464077 97.0 16.688583
v 34.512772 97.0 16.763977
v 34.565163 97.0 16.836847
v 34.62112 97.0 16.907017
v 34.680508 97.0 16.974312
v 34.743176 97.0 17.038561
v 34.808964 97.0 17.099606
v 34.87772 97.0 17.157297
v 34.949261 97.0 17.211489
v 35.023418 97.0 17.262047
v 35.099998 97.0 17.308846
v 35.178822 97.0 17.351768
v 35.259682 97.0 17.390711
v 35.342384 97.0 17.425573
v 35.426723 97.0 17.456268
v 35.512486 97.0 17.482723
v 35.599461 97.0 17.504869
v 35.687435 97.0 17.522654
v 35.77618 97.0 17.53603
v 35.865486 97.0 17.544968
v 35.955124 97.0 17.54944
v 37.797764 97.0 15.660277
v 37.799999 97.0 15.75
v 37.791054 97.0 15.570778
v 37.779896 97.0 15.481724
v 37.764309 97.0 15.393337
v 37.744339 97.0 15.305837
v 37.720032 97.0 15.21944
v 37.691448 97.0 15.134364
v 37.658657 97.0 15.050817
v 37.621742 97.0 14.969009
v 37.580799 97.0 14.889143
v 37.535923 97.0 14.811417
v 37.487228 97.0 14.736024
v 37.434837 97.0 14.663152
v 37.37888 97.0 14.592982
v 37.319492 97.0 14.525689
v 37.256824 97.0 14.46144
v 37.191036 97.0 14.400393
v 37.12228 97.0 14.342703
v 37.050739 97.0 14.288511
v 36.976582 97.0 14.237953
v 36.900002 97.0 14.191154
v 36.821178 97.0 14.148231
v 36.740318 97.0 14.109289
v 36.657616 97.0 14.074428
v 36.573277 97.0 14.043731
v 36.487514 97.0 14.017277
v 36.400539 97.0 13.99513
v 36.312565 97.0 13.977346
v 36.22382 97.0 13.963969
v 36.134514 97.0 13.955033
v 36.22382 97.0 17.53603
v 36.134514 97.0 17.544968
v 36.312565 97.0 17.522654
v 36.400539 97.0 17.504869
v 36.487514 97.0 17.482723
v 36.573277 97.0 17.456268
v 36.657616 97.0 17.425573
v 36.740318 97.0 17.390711
v 36.821178 97.0 17.351768
v 36.900002 97.0 17.308846
v 36.976582 97.0 17.262047
v 37.050739 97.0 17.211489
v 37.12228 97.0 17.157297
v 37.191036 97.0 17.099606
v 37.256824 97.0 17.038561
v 37.319492 97.0 16.974312
v 37.37888 97.0 16.907017
v 37.434837 97.0 16.836847
v 37.487228 97.0 16.763977
v 37.535923 97.0 16.688583
v 37.580799 97.0 16.610857
v 37.621742 97.0 16.530991
v 37.658657 97.0 16.449183
v 37.691448 97.0 16.365637
v 37.720032 97.0 16.28056
v 37.744339 97.0 16.194162
v 37.764309 97.0 16.106663
v 37.779896 97.0 16.018276
v 37.791054 97.0 15.929222
v 37.797764 97.0 15.839723
v 36.044876 97.0 17.54944
v 2.55 48.5 17.549999
v 2.55 48.589722 17.547762
v 2.55 48.679222 17.541056
v 2.55 48.768276 17.529896
v 2.55 48.856663 17.514311
v 2.55 48.944164 17.494339
v 2.55 49.03056 17.470032
v 2.55 49.115635 17.441446
v 2.55 49.199184 17.408657
v 2.55 49.280991 17.371744
v 2.55 49.360859 17.330799
v 2.55 49.438583 17.285923
v 2.55 49.513977 17.23723
v 2.55 49.586849 17.184839
v 2.55 49.657017 17.12888
v 2.55 49.724312 17.069494
v 2.55 49.788559 17.006826
v 2.55 49.849606 16.941034
v 2.55 49.907295 16.872282
v 2.55 49.961487 16.800739
v 2.55 50.012047 16.726583
v 2.55 50.058846 16.65
v 2.55 50.101768 16.571178
v 2.55 50.140709 16.490316
v 2.55 50.175571 16.407614
v 2.55 50.206268 16.323277
v 2.55 50.232723 16.237513
v 2.55 50.254871 16.150537
v 2.55 50.272655 16.062567
v 2.55 50.28603 15.973819
v 2.55 50.294968 15.884514
v 2.55 50.299442 15.794875
v 2.55 50.299442 15.705125
v 2.55 50.294968 15.615486
v 2.55 50.28603 15.526181
v 2.55 50.272655 15.437433
v 2.55 50.254871 15.349463
v 2.55 50.232723 15.262487
v 2.55 50.206268 15.176724
v 2.55 50.175571 15.092386
v 2.55 50.140709 15.009684
v 2.55 50.101768 14.928821
v 2.55 50.058846 14.85
v 2.55 50.012047 14.773417
v 2.55 49.961487 14.699262
v 2.55 49.907295 14.627718
v 2.55 49.849606 14.558966
v 2.55 49.788559 14.493174
v 2.55 49.724312 14.430507
v 2.55 49.657017 14.37112
v 2.55 49.586849 14.315162
v 2.55 49.513977 14.262771
v 2.55 49.438583 14.214076
v 2.55 49.360859 14.169201
v 2.55 49.280991 14.128256
v 2.55 49.199184 14.091343
v 2.55 49.115635 14.058554
v 2.55 49.03056 14.029969
v 2.55 48.944164 14.005661
v 2.55 48.856663 13.985689
v 2.55 48.768276 13.970104
v 2.55 48.320778 13.958944
v 2.55 48.231724 13.970104
v 2.55 48.143337 13.985689
v 2.55 48.055836 14.005661
v 2.55 47.96944 14.029969
v 2.55 47.884365 14.058554
v 2.55 47.800816 14.091343
v 2.55 47.719009 14.128256
v 2.55 47.639141 14.169201
v 2.55 47.561417 14.214076
v 2.55 47.486023 14.262771
v 2.55 47.413151 14.315162
v 2.55 47.342983 14.37112
v 2.55 47.275688 14.430507
v 2.55 47.211441 14.493174
v 2.55 47.150394 14.558966
v 2.55 47.092705 14.627718
v 2.55 47.038513 14.699262
v 2.55 46.987953 14.773417
v 2.55 46.941154 14.85
v 2.55 46.898232 14.928821
v 2.55 46.859291 15.009684
v 2.55 46.824429 15.092386
v 2.55 46.793732 15.176724
v 2.55 46.767277 15.262487
v 2.55 46.745129 15.349463
v 2.55 46.727345 15.437433
v 2.55 46.71397 15.526181
v 2.55 46.705032 15.615486
v 2.55 46.700558 15.705125
v 2.55 46.700558 15.794875
v 2.55 46.705032 15.884514
v 2.55 46.71397 15.973819
v 2.55 46.727345 16.062567
v 2.55 46.745129 16.150537
v 2.55 46.767277 16.237513
v 2.55 46.793732 16.323277
v 2.55 46.824429 16.407614
v 2.55 46.859291 16.490316
v 2.55 46.898232 16.571178
v 2.55 46.941154 16.65
v 2.55 46.987953 16.726583
v 2.55 47.038513 16.800739
v 2.55 47.092705 16.872282
v 2.55 47.150394 16.941034
v 2.55 47.211441 17.006826
v 2.55 47.275688 17.069494
v 2.55 47.342983 17.12888
v 2.55 47.413151 17.184839
v 2.55 47.486023 17.23723
v 2.55 47.561417 17.285923
v 2.55 47.639141 17.330799
v 2.55 47.719009 17.371744
v 2.55 47.800816 17.408657
v 2.55 47.884365 17.441446
v 2.55 47.96944 17.470032
v 2.55 48.055836 17.494339
v 2.55 48.143337 17.514311
v 2.55 48.231724 17.529896
v 2.55 48.320778 17.541056
v 2.55 48.410278 17.547762
v 72.0 49.724312 14.430507
v 72.0 49.788559 14.493174
v 72.0 49.849606 14.558966
v 72.0 49.657017 14.37112
v 72.0 49.907295 14.627718
v 72.0 49.586849 14.315162
v 72.0 49.961487 14.699262
v 72.0 49.513977 14.262771
v 72.0 50.012047 14.773417
v 72.0 49.438583 14.214076
v 72.0 50.058846 14.85
v 72.0 49.360859 14.169201
v 72.0 50.101768 14.928821
v 72.0 49.280991 14.128256
v 72.0 50.140709 15.009684
v 72.0 49.199184 14.091343
v 72.0 50.175571 15.092386
v 72.0 49.115635 14.058554
v 72.0 50.206268 15.176724
v 72.0 49.03056 14.029969
v 72.0 50.232723 15.262487
v 72.0 48.944164 14.005661
v 72.0 50.254871 15.349463
v 72.0 48.856663 13.985689
v 72.0 50.272655 15.437433
v 72.0 48.768276 13.970104
v 72.0 50.28603 15.526181
v 72.0 48.679222 13.958944
v 72.0 50.294968 15.615486
v 72.0 48.589722 13.952237
v 72.0 50.299442 15.705125
v 72.0 48.5 13.95
v 72.0 50.299442 15.794875
v 72.0 50.294968 15.884514
v 72.0 50.28603 15.973819
v 72.0 50.272655 16.062567
v 72.0 50.254871 16.150537
v 72.0 50.232723 16.237513
v 72.0 50.206268 16.323277
v 72.0 50.175571 16.407614
v 72.0 50.140709 16.490316
v 72.0 50.101768 16.571178
v 72.0 50.058846 16.65
v 72.0 50.012047 16.726583
v 72.0 49.961487 16.800739
v 72.0 49.907295 16.872282
v 72.0 49.849606 16.941034
v 72.0 49.788559 17.006826
v 72.0 49.724312 17.069494
v 72.0 49.657017 17.12888
v 72.0 49.586849 17.184839
v 72.0 49.513977 17.23723
v 72.0 49.438583 17.285923
v 72.0 49.360859 17.330799
v 72.0 49.280991 17.371744
v 72.0 49.199184 17.408657
v 72.0 49.115635 17.441446
v 72.0 49.03056 17.470032
v 72.0 48.944164 17.494339
v 72.0 48.856663 17.514311
v 72.0 48.768276 17.529896
v 72.0 48.679222 17.541056
v 72.0 48.589722 17.547762
v 72.0 48.5 17.549999
v 72.0 46.71397 15.526181
v 72.0 46.705032 15.615486
v 72.0 46.727345 15.437433
v 72.0 46.745129 15.349463
v 72.0 46.767277 15.262487
v 72.0 46.793732 15.176724
v 72.0 46.824429 15.092386
v 72.0 46.859291 15.009684
v 72.0 46.898232 14.928821
v 72.0 46.941154 14.85
v 72.0 46.987953 14.773417
v 72.0 47.038513 14.699262
v 72.0 47.092705 14.627718
v 72.0 47.150394 14.558966
v 72.0 47.211441 14.493174
v 72.0 47.275688 14.430507
v 72.0 47.342983 14.37112
v 72.0 47.413151 14.315162
v 72.0 47.486023 14.262771
v 72.0 47.561417 14.214076
v 72.0 47.639141 14.169201
v 72.0 47.719009 14.128256
v 72.0 47.800816 14.091343
v 72.0 47.884365 14.058554
v 72.0 47.96944 14.029969
v 72.0 48.055836 14.005661
v 72.0 48.143337 13.985689
v 72.0 48.231724 13.970104
v 72.0 48.320778 13.958944
v 72.0 48.410278 13.952237
v 72.0 46.700558 15.705125
v 72.0 46.700558 15.794875
v 72.0 48.410278 17.547762
v 72.0 48.320778 17.541056
v 72.0 48.231724 17.529896
v 72.0 48.143337 17.514311
v 72.0 48.055836 17.494339
v 72.0 47.96944 17.470032
v 72.0 47.884365 17.441446
v 72.0 47.800816 17.408657
v 72.0 47.719009 17.371744
v 72.0 47.639141 17.330799
v 72.0 47.561417 17.285923
v 72.0 47.486023 17.23723
v 72.0 47.413151 17.184839
v 72.0 47.342983 17.12888
v 72.0 47.275688 17.069494
v 72.0 47.211441 17.006826
v 72.0 47.150394 16.941034
v 72.0 47.092705 16.872282
v 72.0 47.038513 16.800739
v 72.0 46.987953 16.726583
v 72.0 46.941154 16.65
v 72.0 46.898232 16.571178
v 72.0 46.859291 16.490316
v 72.0 46.824429 16.407614
v 72.0 46.793732 16.323277
v 72.0 46.767277 16.237513
v 72.0 46.745129 16.150537
v 72.0 46.727345 16.062567
v 72.0 46.71397 15.973819
v 72.0 46.705032 15.884514
v 52.200001 1.6 4.5
v 50.259266 3.562265 2.500876
v 50.200001 3.6 2.5
v 50.318485 3.524529 2.503505
v 50.430023 3.453251 2.513247
v 50.54084 3.381972 2.529214
v 50.650585 3.310693 2.55136
v 50.758915 3.239414 2.579618
v 50.865486 3.168135 2.613899
v 50.969967 3.096856 2.654096
v 51.072029 3.025577 2.700081
v 51.17136 2.954298 2.751708
v 51.267643 2.88302 2.808813
v 51.360584 2.811741 2.871216
v 51.44989 2.740462 2.938718
v 51.535282 2.669183 3.011107
v 51.616497 2.597904 3.088157
v 51.693279 2.526625 3.169625
v 51.765388 2.455346 3.255257
v 51.832596 2.384068 3.344784
v 51.894695 2.312789 3.437929
v 51.951481 2.24151 3.534401
v 52.002781 2.170231 3.633899
v 52.048428 2.098952 3.736114
v 52.08828 2.027673 3.840727
v 52.122211 1.956394 3.947411
v 52.150112 1.885116 4.055833
v 52.171898 1.813837 4.165651
v 52.1875 1.742558 4.27652
v 52.196873 1.671279 4.388088
v 21.799999 3.6 2.5
v 19.800877 1.637735 4.440732
v 19.799999 1.6 4.5
v 19.803505 1.675471 4.381514
v 19.813248 1.746749 4.269977
v 19.829214 1.818028 4.15916
v 19.85136 1.889307 4.049415
v 19.879618 1.960586 3.941086
v 19.913898 2.031865 3.834514
v 19.954096 2.103144 3.730034
v 20.000082 2.174423 3.62797
v 20.051708 2.245702 3.528641
v 20.108812 2.31698 3.432356
v 20.171215 2.388259 3.339417
v 20.238718 2.459538 3.25011
v 20.311108 2.530817 3.164716
v 20.388157 2.602096 3.083501
v 20.469625 2.673375 3.006719
v 20.555256 2.744654 2.934611
v 20.644785 2.815933 2.867403
v 20.737928 2.887211 2.805307
v 20.8344 2.95849 2.748519
v 20.933899 3.029769 2.697219
v 21.036114 3.101048 2.651571
v 21.140726 3.172327 2.611718
v 21.247412 3.243606 2.577788
v 21.355833 3.314884 2.549888
v 21.465651 3.386163 2.528103
v 21.576519 3.457442 2.512501
v 21.688087 3.528721 2.503126
v 54.200001 3.6 4.5
v 54.10947 3.59795 4.5
v 54.019127 3.591804 4.5
v 53.929153 3.581575 4.5
v 53.839733 3.567284 4.5
v 53.751053 3.54896 4.5
v 53.663292 3.526641 4.5
v 53.576633 3.500372 4.5
v 53.491253 3.470207 4.5
v 53.407322 3.436209 4.5
v 53.32502 3.398446 4.5
v 53.244511 3.356997 4.5
v 53.165958 3.311945 4.5
v 53.089527 3.263385 4.5
v 53.015373 3.211414 4.5
v 52.943645 3.15614 4.5
v 52.874493 3.097676 4.5
v 52.80806 3.036142 4.5
v 52.74448 2.971663 4.5
v 52.683884 2.904373 4.5
v 52.626396 2.834409 4.5
v 52.572132 2.761914 4.5
v 52.521206 2.687037 4.5
v 52.473721 2.609933 4.5
v 52.429775 2.530757 4.5
v 52.389462 2.449674 4.5
v 52.352856 2.366848 4.5
v 52.320038 2.282451 4.5
v 52.291073 2.196655 4.5
v 52.266022 2.109636 4.5
v 52.244934 2.021571 4.5
v 52.227856 1.932643 4.5
v 52.214821 1.843033 4.5
v 52.205856 1.752924 4.5
v 52.201466 1.676518 4.5
v 17.876518 3.598536 4.5
v 17.799999 3.6 4.5
v 17.952925 3.594145 4.5
v 18.043034 3.585179 4.5
v 18.132643 3.572143 4.5
v 18.221571 3.555065 4.5
v 18.309635 3.533978 4.5
v 18.396654 3.508927 4.5
v 18.48245 3.479963 4.5
v 18.566849 3.447145 4.5
v 18.649673 3.41054 4.5
v 18.730757 3.370224 4.5
v 18.809933 3.326278 4.5
v 18.887037 3.278794 4.5
v 18.961914 3.227868 4.5
v 19.034409 3.173606 4.5
v 19.104374 3.116117 4.5
v 19.171663 3.055521 4.5
v 19.236141 2.99194 4.5
v 19.297676 2.925506 4.5
v 19.35614 2.856355 4.5
v 19.411413 2.784629 4.5
v 19.463385 2.710474 4.5
v 19.511946 2.634042 4.5
v 19.556997 2.555491 4.5
v 19.598446 2.474981 4.5
v 19.636209 2.392677 4.5
v 19.670208 2.308748 4.5
v 19.700373 2.223366 4.5
v 19.726641 2.136707 4.5
v 19.74896 2.048947 4.5
v 19.767284 1.960267 4.5
v 19.781576 1.870848 4.5
v 19.791805 1.780874 4.5
v 19.797951 1.69053 4.5
v 66.400002 3.6 4.5
v 5.6 3.6 4.5
v 68.397591 5.501864 4.5
v 68.390373 5.403966 4.5
v 68.400002 5.6 4.5
v 68.378349 5.306539 4.5
v 68.361572 5.209819 4.5
v 68.340065 5.114039 4.5
v 68.313881 5.019431 4.5
v 68.283089 4.92622 4.5
v 68.247757 4.834633 4.5
v 68.207977 4.74489 4.5
v 68.163841 4.657207 4.5
v 68.115456 4.571795 4.5
v 68.062943 4.48886 4.5
v 68.006416 4.408601 4.5
v 67.946022 4.331213 4.5
v 67.881905 4.256882 4.5
v 67.814217 4.185786 4.5
v 67.743118 4.118098 4.5
v 67.668785 4.053979 4.5
v 67.5914 3.993585 4.5
v 67.511139 3.937061 4.5
v 67.428207 3.884543 4.5
v 67.342796 3.836158 4.5
v 67.255112 3.792022 4.5
v 67.165367 3.752241 4.5
v 67.073776 3.716912 4.5
v 66.980568 3.686119 4.5
v 66.885963 3.659937 4.5
v 66.790184 3.638429 4.5
v 66.693459 3.621647 4.5
v 66.596031 3.609631 4.5
v 66.498138 3.602409 4.5
v 3.6 5.6 4.5
v 3.602409 5.501864 4.5
v 3.609631 5.403966 4.5
v 3.621647 5.306539 4.5
v 3.638429 5.209819 4.5
v 3.659937 5.114039 4.5
v 3.686119 5.019431 4.5
v 3.716912 4.92622 4.5
v 3.752241 4.834633 4.5
v 3.792022 4.74489 4.5
v 3.836158 4.657207 4.5
v 3.884543 4.571795 4.5
v 3.937061 4.48886 4.5
v 3.993585 4.408601 4.5
v 4.053979 4.331213 4.5
v 4.118098 4.256882 4.5
v 4.185786 4.185786 4.5
v 4.256882 4.118098 4.5
v 4.331213 4.053979 4.5
v 4.408601 3.993585 4.5
v 4.48886 3.937061 4.5
v 4.571795 3.884543 4.5
v 4.657207 3.836158 4.5
v 4.74489 3.792022 4.5
v 4.834633 3.752241 4.5
v 4.92622 3.716912 4.5
v 5.019431 3.686119 4.5
v 5.114039 3.659937 4.5
v 5.209819 3.638429 4.5
v 5.306539 3.621647 4.5
v 5.403966 3.609631 4.5
v 5.501864 3.602409 4.5
v 68.400002 91.400002 4.5
v 3.6 91.400002 4.5
v 66.498138 93.397591 4.5
v 66.596031 93.390373 4.5
v 66.400002 93.400002 4.5
v 66.693459 93.378349 4.5
v 66.790184 93.361572 4.5
v 66.885963 93.340065 4.5
v 66.980568 93.313881 4.5
v 67.073776 93.283089 4.5
v 67.165367 93.247757 4.5
v 67.255112 93.207977 4.5
v 67.342796 93.163841 4.5
v 67.428207 93.115456 4.5
v 67.511139 93.062943 4.5
v 67.5914 93.006416 4.5
v 67.668785 92.946022 4.5
v 67.743118 92.881905 4.5
v 67.814217 92.814217 4.5
v 67.881905 92.743118 4.5
v 67.946022 92.668785 4.5
v 68.006416 92.5914 4.5
v 68.062943 92.511139 4.5
v 68.115456 92.428207 4.5
v 68.163841 92.342796 4.5
v 68.207977 92.255112 4.5
v 68.247757 92.165367 4.5
v 68.283089 92.073776 4.5
v 68.313881 91.980568 4.5
v 68.340065 91.885963 4.5
v 68.361572 91.790184 4.5
v 68.378349 91.693459 4.5
v 68.390373 91.596031 4.5
v 68.397591 91.498138 4.5
v 3.602409 91.498138 4.5
v 3.609631 91.596031 4.5
v 3.621647 91.693459 4.5
v 3.638429 91.790184 4.5
v 3.659937 91.885963 4.5
v 3.686119 91.980568 4.5
v 3.716912 92.073776 4.5
v 3.752241 92.165367 4.5
v 3.792022 92.255112 4.5
v 3.836158 92.342796 4.5
v 3.884543 92.428207 4.5
v 3.937061 92.511139 4.5
v 3.993585 92.5914 4.5
v 4.053979 92.668785 4.5
v 4.118098 92.743118 4.5
v 4.185786 92.814217 4.5
v 4.256882 92.881905 4.5
v 4.331213 92.946022 4.5
v 4.408601 93.006416 4.5
v 4.48886 93.062943 4.5
v 4.571795 93.115456 4.5
v 4.657207 93.163841 4.5
v 4.74489 93.207977 4.5
v 4.834633 93.247757 4.5
v 4.92622 93.283089 4.5
v 5.019431 93.313881 4.5
v 5.114039 93.340065 4.5
v 5.209819 93.361572 4.5
v 5.306539 93.378349 4.5
v 5.403966 93.390373 4.5
v 5.501864 93.397591 4.5
v 5.6 93.400002 4.5
v 4.35 2.55 31.5
v 4.347763 2.639723 31.5
v 4.341055 2.729222 31.5
v 4.329895 2.818276 31.5
v 4.314311 2.906663 31.5
v 4.294339 2.994163 31.5
v 4.270031 3.080559 31.5
v 4.241446 3.165636 31.5
v 4.208657 3.249183 31.5
v 4.171744 3.330991 31.5
v 4.130799 3.410857 31.5
v 4.085924 3.488583 31.5
v 4.03723 3.563976 31.5
v 3.984838 3.636848 31.5
v 3.92888 3.707018 31.5
v 3.869493 3.774311 31.5
v 3.806826 3.83856 31.5
v 3.741035 3.899606 31.5
v 3.672282 3.957297 31.5
v 3.600739 4.011488 31.5
v 3.526583 4.062047 31.5
v 3.45 4.108846 31.5
v 3.371179 4.151769 31.5
v 3.290317 4.190711 31.5
v 3.207614 4.225573 31.5
v 3.123276 4.256269 31.5
v 3.037513 4.282723 31.5
v 2.950538 4.30487 31.5
v 2.862567 4.322654 31.5
v 2.773819 4.33603 31.5
v 2.684514 4.344967 31.5
v 2.594875 4.349441 31.5
v 2.505125 4.349441 31.5
v 2.415486 4.344967 31.5
v 2.326181 4.33603 31.5
v 2.237433 4.322654 31.5
v 2.149462 4.30487 31.5
v 2.062487 4.282723 31.5
v 1.976724 4.256269 31.5
v 1.892386 4.225573 31.5
v 1.809683 4.190711 31.5
v 1.728821 4.151769 31.5
v 1.65 4.108846 31.5
v 1.573417 4.062047 31.5
v 1.499261 4.011488 31.5
v 1.427718 3.957297 31.5
v 1.358966 3.899606 31.5
v 1.293174 3.83856 31.5
v 1.230507 3.774311 31.5
v 1.17112 3.707018 31.5
v 1.115162 3.636848 31.5
v 1.06277 3.563976 31.5
v 1.014076 3.488583 31.5
v 0.969201 3.410857 31.5
v 0.928256 3.330991 31.5
v 0.891343 3.249183 31.5
v 0.858553 3.165636 31.5
v 0.829969 3.080559 31.5
v 0.805661 2.994163 31.5
v 0.78569 2.906663 31.5
v 0.770105 2.818276 31.5
v 0.758945 2.729222 31.5
v 0.752238 2.639723 31.5
v 0.75 2.55 31.5
v 0.752238 2.460277 31.5
v 0.758945 2.370778 31.5
v 0.770105 2.281724 31.5
v 0.78569 2.193337 31.5
v 0.805661 2.105837 31.5
v 0.829969 2.019441 31.5
v 0.858553 1.934364 31.5
v 0.891343 1.850817 31.5
v 0.928256 1.769009 31.5
v 0.969201 1.689143 31.5
v 1.014076 1.611417 31.5
v 1.06277 1.536024 31.5
v 1.115162 1.463152 31.5
v 1.17112 1.392982 31.5
v 1.230507 1.325689 31.5
v 1.293174 1.26144 31.5
v 1.358966 1.200394 31.5
v 1.427718 1.142703 31.5
v 1.499261 1.088512 31.5
v 1.573417 1.037953 31.5
v 1.65 0.991154 31.5
v 1.728821 0.948231 31.5
v 1.809683 0.909289 31.5
v 1.892386 0.874427 31.5
v 1.976724 0.843731 31.5
v 2.062487 0.817276 31.5
v 2.149462 0.79513 31.5
v 2.237433 0.777346 31.5
v 2.326181 0.763969 31.5
v 2.415486 0.755033 31.5
v 2.505125 0.750559 31.5
v 2.594875 0.750559 31.5
v 2.684514 0.755033 31.5
v 2.773819 0.763969 31.5
v 2.862567 0.777346 31.5
v 2.950538 0.79513 31.5
v 3.037513 0.817276 31.5
v 3.123276 0.843731 31.5
v 3.207614 0.874427 31.5
v 3.290317 0.909289 31.5
v 3.371179 0.948231 31.5
v 3.45 0.991154 31.5
v 3.526583 1.037953 31.5
v 3.600739 1.088512 31.5
v 3.672282 1.142703 31.5
v 3.741035 1.200394 31.5
v 3.806826 1.26144 31.5
v 3.869493 1.325689 31.5
v 3.92888 1.392982 31.5
v 3.984838 1.463152 31.5
v 4.03723 1.536024 31.5
v 4.085924 1.611417 31.5
v 4.130799 1.689143 31.5
v 4.171744 1.769009 31.5
v 4.208657 1.850817 31.5
v 4.241446 1.934364 31.5
v 4.270031 2.019441 31.5
v 4.294339 2.105837 31.5
v 4.314311 2.193337 31.5
v 4.329895 2.281724 31.5
v 4.341055 2.370778 31.5
v 4.347763 2.460277 31.5
v 71.25 2.55 31.5
v 71.247765 2.639723 31.5
v 71.241058 2.729222 31.5
v 71.229897 2.818276 31.5
v 71.21431 2.906663 31.5
v 71.194336 2.994163 31.5
v 71.170029 3.080559 31.5
v 71.141449 3.165636 31.5
v 71.108658 3.249183 31.5
v 71.071747 3.330991 31.5
v 71.0308 3.410857 31.5
v 70.985924 3.488583 31.5
v 70.937233 3.563976 31.5
v 70.884842 3.636848 31.5
v 70.82888 3.707018 31.5
v 70.769493 3.774311 31.5
v 70.706825 3.83856 31.5
v 70.641037 3.899606 31.5
v 70.572281 3.957297 31.5
v 70.50074 4.011488 31.5
v 70.426582 4.062047 31.5
v 70.349998 4.108846 31.5
v 70.271179 4.151769 31.5
v 70.190315 4.190711 31.5
v 70.107613 4.225573 31.5
v 70.023277 4.256269 31.5
v 69.937515 4.282723 31.5
v 69.85054 4.30487 31.5
v 69.762566 4.322654 31.5
v 69.67382 4.33603 31.5
v 69.584511 4.344967 31.5
v 69.494873 4.349441 31.5
v 69.405128 4.349441 31.5
v 69.315483 4.344967 31.5
v 69.226181 4.33603 31.5
v 69.137436 4.322654 31.5
v 69.049461 4.30487 31.5
v 68.962486 4.282723 31.5
v 68.876724 4.256269 31.5
v 68.792389 4.225573 31.5
v 68.709686 4.190711 31.5
v 68.628822 4.151769 31.5
v 68.550003 4.108846 31.5
v 68.473419 4.062047 31.5
v 68.399261 4.011488 31.5
v 68.327721 3.957297 31.5
v 68.258965 3.899606 31.5
v 68.193176 3.83856 31.5
v 68.130508 3.774311 31.5
v 68.071121 3.707018 31.5
v 68.01516 3.636848 31.5
v 67.962769 3.563976 31.5
v 67.914078 3.488583 31.5
v 67.869202 3.410857 31.5
v 67.828255 3.330991 31.5
v 67.791344 3.249183 31.5
v 67.758553 3.165636 31.5
v 67.729965 3.080559 31.5
v 67.705658 2.994163 31.5
v 67.685692 2.906663 31.5
v 67.670105 2.818276 31.5
v 67.658943 2.729222 31.5
v 67.652237 2.639723 31.5
v 67.650002 2.55 31.5
v 67.652237 2.460277 31.5
v 67.658943 2.370778 31.5
v 67.670105 2.281724 31.5
v 67.685692 2.193337 31.5
v 67.705658 2.105837 31.5
v 67.729965 2.019441 31.5
v 67.758553 1.934364 31.5
v 67.791344 1.850817 31.5
v 67.828255 1.769009 31.5
v 67.869202 1.689143 31.5
v 67.914078 1.611417 31.5
v 67.962769 1.536024 31.5
v 68.01516 1.463152 31.5
v 68.071121 1.392982 31.5
v 68.130508 1.325689 31.5
v 68.193176 1.26144 31.5
v 68.258965 1.200394 31.5
v 68.327721 1.142703 31.5
v 68.399261 1.088512 31.5
v 68.473419 1.037953 31.5
v 68.550003 0.991154 31.5
v 68.628822 0.948231 31.5
v 68.709686 0.909289 31.5
v 68.792389 0.874427 31.5
v 68.876724 0.843731 31.5
v 68.962486 0.817276 31.5
v 69.049461 0.79513 31.5
v 69.137436 0.777346 31.5
v 69.226181 0.763969 31.5
v 69.315483 0.755033 31.5
v 69.405128 0.750559 31.5
v 69.494873 0.750559 31.5
v 69.584511 0.755033 31.5
v 69.67382 0.763969 31.5
v 69.762566 0.777346 31.5
v 69.85054 0.79513 31.5
v 69.937515 0.817276 31.5
v 70.023277 0.843731 31.5
v 70.107613 0.874427 31.5
v 70.190315 0.909289 31.5
v 70.271179 0.948231 31.5
v 70.349998 0.991154 31.5
v 70.426582 1.037953 31.5
v 70.50074 1.088512 31.5
v 70.572281 1.142703 31.5
v 70.641037 1.200394 31.5
v 70.706825 1.26144 31.5
v 70.769493 1.325689 31.5
v 70.82888 1.392982 31.5
v 70.884842 1.463152 31.5
v 70.937233 1.536024 31.5
v 70.985924 1.611417 31.5
v 71.0308 1.689143 31.5
v 71.071747 1.769009 31.5
v 71.108658 1.850817 31.5
v 71.141449 1.934364 31.5
v 71.170029 2.019441 31.5
v 71.194336 2.105837 31.5
v 71.21431 2.193337 31.5
v 71.229897 2.281724 31.5
v 71.241058 2.370778 31.5
v 71.247765 2.460277 31.5
v 4.35 94.449997 31.5
v 4.347763 94.539726 31.5
v 4.341055 94.629219 31.5
v 4.329895 94.718277 31.5
v 4.314311 94.806664 31.5
v 4.294339 94.894165 31.5
v 4.270031 94.98056 31.5
v 4.241446 95.065636 31.5
v 4.208657 95.149185 31.5
v 4.171744 95.230988 31.5
v 4.130799 95.31086 31.5
v 4.085924 95.38858 31.5
v 4.03723 95.463974 31.5
v 3.984838 95.53685 31.5
v 3.92888 95.607018 31.5
v 3.869493 95.674309 31.5
v 3.806826 95.738564 31.5
v 3.741035 95.799606 31.5
v 3.672282 95.8573 31.5
v 3.600739 95.911491 31.5
v 3.526583 95.962044 31.5
v 3.45 96.008842 31.5
v 3.371179 96.051765 31.5
v 3.290317 96.090714 31.5
v 3.207614 96.125572 31.5
v 3.123276 96.156273 31.5
v 3.037513 96.182724 31.5
v 2.950538 96.204872 31.5
v 2.862567 96.222656 31.5
v 2.773819 96.236031 31.5
v 2.684514 96.244965 31.5
v 2.594875 96.249443 31.5
v 2.505125 96.249443 31.5
v 2.415486 96.244965 31.5
v 2.326181 96.236031 31.5
v 2.237433 96.222656 31.5
v 2.149462 96.204872 31.5
v 2.062487 96.182724 31.5
v 1.976724 96.156273 31.5
v 1.892386 96.125572 31.5
v 1.809683 96.090714 31.5
v 1.728821 96.051765 31.5
v 1.65 96.008842 31.5
v 1.573417 95.962044 31.5
v 1.499261 95.911491 31.5
v 1.427718 95.8573 31.5
v 1.358966 95.799606 31.5
v 1.293174 95.738564 31.5
v 1.230507 95.674309 31.5
v 1.17112 95.607018 31.5
v 1.115162 95.53685 31.5
v 1.06277 95.463974 31.5
v 1.014076 95.38858 31.5
v 0.969201 95.31086 31.5
v 0.928256 95.230988 31.5
v 0.891343 95.149185 31.5
v 0.858553 95.065636 31.5
v 0.829969 94.98056 31.5
v 0.805661 94.894165 31.5
v 0.78569 94.806664 31.5
v 0.770105 94.718277 31.5
v 0.758945 94.629219 31.5
v 0.752238 94.539726 31.5
v 0.75 94.449997 31.5
v 0.752238 94.360275 31.5
v 0.758945 94.270775 31.5
v 0.770105 94.181725 31.5
v 0.78569 94.093338 31.5
v 0.805661 94.005836 31.5
v 0.829969 93.919441 31.5
v 0.858553 93.834366 31.5
v 0.891343 93.750816 31.5
v 0.928256 93.669006 31.5
v 0.969201 93.589142 31.5
v 1.014076 93.511414 31.5
v 1.06277 93.436028 31.5
v 1.115162 93.363152 31.5
v 1.17112 93.292984 31.5
v 1.230507 93.225693 31.5
v 1.293174 93.161438 31.5
v 1.358966 93.100395 31.5
v 1.427718 93.042702 31.5
v 1.499261 92.98851 31.5
v 1.573417 92.93795 31.5
v 1.65 92.891151 31.5
v 1.728821 92.848228 31.5
v 1.809683 92.809288 31.5
v 1.892386 92.774429 31.5
v 1.976724 92.743729 31.5
v 2.062487 92.717278 31.5
v 2.149462 92.695129 31.5
v 2.237433 92.677345 31.5
v 2.326181 92.663971 31.5
v 2.415486 92.655037 31.5
v 2.505125 92.650558 31.5
v 2.594875 92.650558 31.5
v 2.684514 92.655037 31.5
v 2.773819 92.663971 31.5
v 2.862567 92.677345 31.5
v 2.950538 92.695129 31.5
v 3.037513 92.717278 31.5
v 3.123276 92.743729 31.5
v 3.207614 92.774429 31.5
v 3.290317 92.809288 31.5
v 3.371179 92.848228 31.5
v 3.45 92.891151 31.5
v 3.526583 92.93795 31.5
v 3.600739 92.98851 31.5
v 3.672282 93.042702 31.5
v 3.741035 93.100395 31.5
v 3.806826 93.161438 31.5
v 3.869493 93.225693 31.5
v 3.92888 93.292984 31.5
v 3.984838 93.363152 31.5
v 4.03723 93.436028 31.5
v 4.085924 93.511414 31.5
v 4.130799 93.589142 31.5
v 4.171744 93.669006 31.5
v 4.208657 93.750816 31.5
v 4.241446 93.834366 31.5
v 4.270031 93.919441 31.5
v 4.294339 94.005836 31.5
v 4.314311 94.093338 31.5
v 4.329895 94.181725 31.5
v 4.341055 94.270775 31.5
v 4.347763 94.360275 31.5
v 71.25 94.449997 31.5
v 71.247765 94.539726 31.5
v 71.241058 94.629219 31.5
v 71.229897 94.718277 31.5
v 71.21431 94.806664 31.5
v 71.194336 94.894165 31.5
v 71.170029 94.98056 31.5
v 71.141449 95.065636 31.5
v 71.108658 95.149185 31.5
v 71.071747 95.230988 31.5
v 71.0308 95.31086 31.5
v 70.985924 95.38858 31.5
v 70.937233 95.463974 31.5
v 70.884842 95.53685 31.5
v 70.82888 95.607018 31.5
v 70.769493 95.674309 31.5
v 70.706825 95.738564 31.5
v 70.641037 95.799606 31.5
v 70.572281 95.8573 31.5
v 70.50074 95.911491 31.5
v 70.426582 95.962044 31.5
v 70.349998 96.008842 31.5
v 70.271179 96.051765 31.5
v 70.190315 96.090714 31.5
v 70.107613 96.125572 31.5
v 70.023277 96.156273 31.5
v 69.937515 96.182724 31.5
v 69.85054 96.204872 31.5
v 69.762566 96.222656 31.5
v 69.67382 96.236031 31.5
v 69.584511 96.244965 31.5
v 69.494873 96.249443 31.5
v 69.405128 96.249443 31.5
v 69.315483 96.244965 31.5
v 69.226181 96.236031 31.5
v 69.137436 96.222656 31.5
v 69.049461 96.204872 31.5
v 68.962486 96.182724 31.5
v 68.876724 96.156273 31.5
v 68.792389 96.125572 31.5
v 68.709686 96.090714 31.5
v 68.628822 96.051765 31.5
v 68.550003 96.008842 31.5
v 68.473419 95.962044 31.5
v 68.399261 95.911491 31.5
v 68.327721 95.8573 31.5
v 68.258965 95.799606 31.5
v 68.193176 95.738564 31.5
v 68.130508 95.674309 31.5
v 68.071121 95.607018 31.5
v 68.01516 95.53685 31.5
v 67.962769 95.463974 31.5
v 67.914078 95.38858 31.5
v 67.869202 95.31086 31.5
v 67.828255 95.230988 31.5
v 67.791344 95.149185 31.5
v 67.758553 95.065636 31.5
v 67.729965 94.98056 31.5
v 67.705658 94.894165 31.5
v 67.685692 94.806664 31.5
v 67.670105 94.718277 31.5
v 67.658943 94.629219 31.5
v 67.652237 94.539726 31.5
v 67.650002 94.449997 31.5
v 67.652237 94.360275 31.5
v 67.658943 94.270775 31.5
v 67.670105 94.181725 31.5
v 67.685692 94.093338 31.5
v 67.705658 94.005836 31.5
v 67.729965 93.919441 31.5
v 67.758553 93.834366 31.5
v 67.791344 93.750816 31.5
v 67.828255 93.669006 31.5
v 67.869202 93.589142 31.5
v 67.914078 93.511414 31.5
v 67.962769 93.436028 31.5
v 68.01516 93.363152 31.5
v 68.071121 93.292984 31.5
v 68.130508 93.225693 31.5
v 68.193176 93.161438 31.5
v 68.258965 93.100395 31.5
v 68.327721 93.042702 31.5
v 68.399261 92.98851 31.5
v 68.473419 92.93795 31.5
v 68.550003 92.891151 31.5
v 68.628822 92.848228 31.5
v 68.709686 92.809288 31.5
v 68.792389 92.774429 31.5
v 68.876724 92.743729 31.5
v 68.962486 92.717278 31.5
v 69.049461 92.695129 31.5
v 69.137436 92.677345 31.5
v 69.226181 92.663971 31.5
v 69.315483 92.655037 31.5
v 69.405128 92.650558 31.5
v 69.494873 92.650558 31.5
v 69.584511 92.655037 31.5
v 69.67382 92.663971 31.5
v 69.762566 92.677345 31.5
v 69.85054 92.695129 31.5
v 69.937515 92.717278 31.5
v 70.023277 92.743729 31.5
v 70.107613 92.774429 31.5
v 70.190315 92.809288 31.5
v 70.271179 92.848228 31.5
v 70.349998 92.891151 31.5
v 70.426582 92.93795 31.5
v 70.50074 92.98851 31.5
v 70.572281 93.042702 31.5
v 70.641037 93.100395 31.5
v 70.706825 93.161438 31.5
v 70.769493 93.225693 31.5
v 70.82888 93.292984 31.5
v 70.884842 93.363152 31.5
v 70.937233 93.436028 31.5
v 70.985924 93.511414 31.5
v 71.0308 93.589142 31.5
v 71.071747 93.669006 31.5
v 71.108658 93.750816 31.5
v 71.141449 93.834366 31.5
v 71.170029 93.919441 31.5
v 71.194336 94.005836 31.5
v 71.21431 94.093338 31.5
v 71.229897 94.181725 31.5
v 71.241058 94.270775 31.5
v 71.247765 94.360275 31.5
v 4.35 2.55 1.15
v 4.347763 2.639723 1.15
v 4.341055 2.729222 1.15
v 4.329895 2.818276 1.15
v 4.314311 2.906663 1.15
v 4.294339 2.994163 1.15
v 4.270031 3.080559 1.15
v 4.241446 3.165636 1.15
v 4.208657 3.249183 1.15
v 4.171744 3.330991 1.15
v 4.130799 3.410857 1.15
v 4.085924 3.488583 1.15
v 4.03723 3.563976 1.15
v 3.984838 3.636848 1.15
v 3.92888 3.707018 1.15
v 3.869493 3.774311 1.15
v 3.806826 3.83856 1.15
v 3.741035 3.899606 1.15
v 3.672282 3.957297 1.15
v 3.600739 4.011488 1.15
v 3.526583 4.062047 1.15
v 3.45 4.108846 1.15
v 3.371179 4.151769 1.15
v 3.290317 4.190711 1.15
v 3.207614 4.225573 1.15
v 3.123276 4.256269 1.15
v 3.037513 4.282723 1.15
v 2.950538 4.30487 1.15
v 2.862567 4.322654 1.15
v 2.773819 4.33603 1.15
v 2.684514 4.344967 1.15
v 2.594875 4.349441 1.15
v 2.505125 4.349441 1.15
v 2.415486 4.344967 1.15
v 2.326181 4.33603 1.15
v 2.237433 4.322654 1.15
v 2.149462 4.30487 1.15
v 2.062487 4.282723 1.15
v 1.976724 4.256269 1.15
v 1.892386 4.225573 1.15
v 1.809683 4.190711 1.15
v 1.728821 4.151769 1.15
v 1.65 4.108846 1.15
v 1.573417 4.062047 1.15
v 1.499261 4.011488 1.15
v 1.427718 3.957297 1.15
v 1.358966 3.899606 1.15
v 1.293174 3.83856 1.15
v 1.230507 3.774311 1.15
v 1.17112 3.707018 1.15
v 1.115162 3.636848 1.15
v 1.06277 3.563976 1.15
v 1.014076 3.488583 1.15
v 0.969201 3.410857 1.15
v 0.928256 3.330991 1.15
v 0.891343 3.249183 1.15
v 0.858553 3.165636 1.15
v 0.829969 3.080559 1.15
v 0.805661 2.994163 1.15
v 0.78569 2.906663 1.15
v 0.770105 2.818276 1.15
v 0.758945 2.729222 1.15
v 0.752238 2.639723 1.15
v 0.75 2.55 1.15
v 0.752238 2.460277 1.15
v 0.758945 2.370778 1.15
v 0.770105 2.281724 1.15
v 0.78569 2.193337 1.15
v 0.805661 2.105837 1.15
v 0.829969 2.019441 1.15
v 0.858553 1.934364 1.15
v 0.891343 1.850817 1.15
v 0.928256 1.769009 1.15
v 0.969201 1.689143 1.15
v 1.014076 1.611417 1.15
v 1.06277 1.536024 1.15
v 1.115162 1.463152 1.15
v 1.17112 1.392982 1.15
v 1.230507 1.325689 1.15
v 1.293174 1.26144 1.15
v 1.358966 1.200394 1.15
v 1.427718 1.142703 1.15
v 1.499261 1.088512 1.15
v 1.573417 1.037953 1.15
v 1.65 0.991154 1.15
v 1.728821 0.948231 1.15
v 1.809683 0.909289 1.15
v 1.892386 0.874427 1.15
v 1.976724 0.843731 1.15
v 2.062487 0.817276 1.15
v 2.149462 0.79513 1.15
v 2.237433 0.777346 1.15
v 2.326181 0.763969 1.15
v 2.415486 0.755033 1.15
v 2.505125 0.750559 1.15
v 2.594875 0.750559 1.15
v 2.684514 0.755033 1.15
v 2.773819 0.763969 1.15
v 2.862567 0.777346 1.15
v 2.950538 0.79513 1.15
v 3.037513 0.817276 1.15
v 3.123276 0.843731 1.15
v 3.207614 0.874427 1.15
v 3.290317 0.909289 1.15
v 3.371179 0.948231 1.15
v 3.45 0.991154 1.15
v 3.526583 1.037953 1.15
v 3.600739 1.088512 1.15
v 3.672282 1.142703 1.15
v 3.741035 1.200394 1.15
v 3.806826 1.26144 1.15
v 3.869493 1.325689 1.15
v 3.92888 1.392982 1.15
v 3.984838 1.463152 1.15
v 4.03723 1.536024 1.15
v 4.085924 1.611417 1.15
v 4.130799 1.689143 1.15
v 4.171744 1.769009 1.15
v 4.208657 1.850817 1.15
v 4.241446 1.934364 1.15
v 4.270031 2.019441 1.15
v 4.294339 2.105837 1.15
v 4.314311 2.193337 1.15
v 4.329895 2.281724 1.15
v 4.341055 2.370778 1.15
v 4.347763 2.460277 1.15
v 71.25 2.55 1.15
v 71.247765 2.639723 1.15
v 71.241058 2.729222 1.15
v 71.229897 2.818276 1.15
v 71.21431 2.906663 1.15
v 71.194336 2.994163 1.15
v 71.170029 3.080559 1.15
v 71.141449 3.165636 1.15
v 71.108658 3.249183 1.15
v 71.071747 3.330991 1.15
v 71.0308 3.410857 1.15
v 70.985924 3.488583 1.15
v 70.937233 3.563976 1.15
v 70.884842 3.636848 1.15
v 70.82888 3.707018 1.15
v 70.769493 3.774311 1.15
v 70.706825 3.83856 1.15
v 70.641037 3.899606 1.15
v 70.572281 3.957297 1.15
v 70.50074 4.011488 1.15
v 70.426582 4.062047 1.15
v 70.349998 4.108846 1.15
v 70.271179 4.151769 1.15
v 70.190315 4.190711 1.15
v 70.107613 4.225573 1.15
v 70.023277 4.256269 1.15
v 69.937515 4.282723 1.15
v 69.85054 4.30487 1.15
v 69.762566 4.322654 1.15
v 69.67382 4.33603 1.15
v 69.584511 4.344967 1.15
v 69.494873 4.349441 1.15
v 69.405128 4.349441 1.15
v 69.315483 4.344967 1.15
v 69.226181 4.33603 1.15
v 69.137436 4.322654 1.15
v 69.049461 4.30487 1.15
v 68.962486 4.282723 1.15
v 68.876724 4.256269 1.15
v 68.792389 4.225573 1.15
v 68.709686 4.190711 1.15
v 68.628822 4.151769 1.15
v 68.550003 4.108846 1.15
v 68.473419 4.062047 1.15
v 68.399261 4.011488 1.15
v 68.327721 3.957297 1.15
v 68.258965 3.899606 1.15
v 68.193176 3.83856 1.15
v 68.130508 3.774311 1.15
v 68.071121 3.707018 1.15
v 68.01516 3.636848 1.15
v 67.962769 3.563976 1.15
v 67.914078 3.488583 1.15
v 67.869202 3.410857 1.15
v 67.828255 3.330991 1.15
v 67.791344 3.249183 1.15
v 67.758553 3.165636 1.15
v 67.729965 3.080559 1.15
v 67.705658 2.994163 1.15
v 67.685692 2.906663 1.15
v 67.670105 2.818276 1.15
v 67.658943 2.729222 1.15
v 67.652237 2.639723 1.15
v 67.650002 2.55 1.15
v 67.652237 2.460277 1.15
v 67.658943 2.370778 1.15
v 67.670105 2.281724 1.15
v 67.685692 2.193337 1.15
v 67.705658 2.105837 1.15
v 67.729965 2.019441 1.15
v 67.758553 1.934364 1.15
v 67.791344 1.850817 1.15
v 67.828255 1.769009 1.15
v 67.869202 1.689143 1.15
v 67.914078 1.611417 1.15
v 67.962769 1.536024 1.15
v 68.01516 1.463152 1.15
v 68.071121 1.392982 1.15
v 68.130508 1.325689 1.15
v 68.193176 1.26144 1.15
v 68.258965 1.200394 1.15
v 68.327721 1.142703 1.15
v 68.399261 1.088512 1.15
v 68.473419 1.037953 1.15
v 68.550003 0.991154 1.15
v 68.628822 0.948231 1.15
v 68.709686 0.909289 1.15
v 68.792389 0.874427 1.15
v 68.876724 0.843731 1.15
v 68.962486 0.817276 1.15
v 69.049461 0.79513 1.15
v 69.137436 0.777346 1.15
v 69.226181 0.763969 1.15
v 69.315483 0.755033 1.15
v 69.405128 0.750559 1.15
v 69.494873 0.750559 1.15
v 69.584511 0.755033 1.15
v 69.67382 0.763969 1.15
v 69.762566 0.777346 1.15
v 69.85054 0.79513 1.15
v 69.937515 0.817276 1.15
v 70.023277 0.843731 1.15
v 70.107613 0.874427 1.15
v 70.190315 0.909289 1.15
v 70.271179 0.948231 1.15
v 70.349998 0.991154 1.15
v 70.426582 1.037953 1.15
v 70.50074 1.088512 1.15
v 70.572281 1.142703 1.15
v 70.641037 1.200394 1.15
v 70.706825 1.26144 1.15
v 70.769493 1.325689 1.15
v 70.82888 1.392982 1.15
v 70.884842 1.463152 1.15
v 70.937233 1.536024 1.15
v 70.985924 1.611417 1.15
v 71.0308 1.689143 1.15
v 71.071747 1.769009 1.15
v 71.108658 1.850817 1.15
v 71.141449 1.934364 1.15
v 71.170029 2.019441 1.15
v 71.194336 2.105837 1.15
v 71.21431 2.193337 1.15
v 71.229897 2.281724 1.15
v 71.241058 2.370778 1.15
v 71.247765 2.460277 1.15
v 4.35 94.449997 1.15
v 4.347763 94.539726 1.15
v 4.341055 94.629219 1.15
v 4.329895 94.718277 1.15
v 4.314311 94.806664 1.15
v 4.294339 94.894165 1.15
v 4.270031 94.98056 1.15
v 4.241446 95.065636 1.15
v 4.208657 95.149185 1.15
v 4.171744 95.230988 1.15
v 4.130799 95.31086 1.15
v 4.085924 95.38858 1.15
v 4.03723 95.463974 1.15
v 3.984838 95.53685 1.15
v 3.92888 95.607018 1.15
v 3.869493 95.674309 1.15
v 3.806826 95.738564 1.15
v 3.741035 95.799606 1.15
v 3.672282 95.8573 1.15
v 3.600739 95.911491 1.15
v 3.526583 95.962044 1.15
v 3.45 96.008842 1.15
v 3.371179 96.051765 1.15
v 3.290317 96.090714 1.15
v 3.207614 96.125572 1.15
v 3.123276 96.156273 1.15
v 3.037513 96.182724 1.15
v 2.950538 96.204872 1.15
v 2.862567 96.222656 1.15
v 2.773819 96.236031 1.15
v 2.684514 96.244965 1.15
v 2.594875 96.249443 1.15
v 2.505125 96.249443 1.15
v 2.415486 96.244965 1.15
v 2.326181 96.236031 1.15
v 2.237433 96.222656 1.15
v 2.149462 96.204872 1.15
v 2.062487 96.182724 1.15
v 1.976724 96.156273 1.15
v 1.892386 96.125572 1.15
v 1.809683 96.090714 1.15
v 1.728821 96.051765 1.15
v 1.65 96.008842 1.15
v 1.573417 95.962044 1.15
v 1.499261 95.911491 1.15
v 1.427718 95.8573 1.15
v 1.358966 95.799606 1.15
v 1.293174 95.738564 1.15
v 1.230507 95.674309 1.15
v 1.17112 95.607018 1.15
v 1.115162 95.53685 1.15
v 1.06277 95.463974 1.15
v 1.014076 95.38858 1.15
v 0.969201 95.31086 1.15
v 0.928256 95.230988 1.15
v 0.891343 95.149185 1.15
v 0.858553 95.065636 1.15
v 0.829969 94.98056 1.15
v 0.805661 94.894165 1.15
v 0.78569 94.806664 1.15
v 0.770105 94.718277 1.15
v 0.758945 94.629219 1.15
v 0.752238 94.539726 1.15
v 0.75 94.449997 1.15
v 0.752238 94.360275 1.15
v 0.758945 94.270775 1.15
v 0.770105 94.181725 1.15
v 0.78569 94.093338 1.15
v 0.805661 94.005836 1.15
v 0.829969 93.919441 1.15
v 0.858553 93.834366 1.15
v 0.891343 93.750816 1.15
v 0.928256 93.669006 1.15
v 0.969201 93.589142 1.15
v 1.014076 93.511414 1.15
v 1.06277 93.436028 1.15
v 1.115162 93.363152 1.15
v 1.17112 93.292984 1.15
v 1.230507 93.225693 1.15
v 1.293174 93.161438 1.15
v 1.358966 93.100395 1.15
v 1.427718 93.042702 1.15
v 1.499261 92.98851 1.15
v 1.573417 92.93795 1.15
v 1.65 92.891151 1.15
v 1.728821 92.848228 1.15
v 1.809683 92.809288 1.15
v 1.892386 92.774429 1.15
v 1.976724 92.743729 1.15
v 2.062487 92.717278 1.15
v 2.149462 92.695129 1.15
v 2.237433 92.677345 1.15
v 2.326181 92.663971 1.15
v 2.415486 92.655037 1.15
v 2.505125 92.650558 1.15
v 2.594875 92.650558 1.15
v 2.684514 92.655037 1.15
v 2.773819 92.663971 1.15
v 2.862567 92.677345 1.15
v 2.950538 92.695129 1.15
v 3.037513 92.717278 1.15
v 3.123276 92.743729 1.15
v 3.207614 92.774429 1.15
v 3.290317 92.809288 1.15
v 3.371179 92.848228 1.15
v 3.45 92.891151 1.15
v 3.526583 92.93795 1.15
v 3.600739 92.98851 1.15
v 3.672282 93.042702 1.15
v 3.741035 93.100395 1.15
v 3.806826 93.161438 1.15
v 3.869493 93.225693 1.15
v 3.92888 93.292984 1.15
v 3.984838 93.363152 1.15
v 4.03723 93.436028 1.15
v 4.085924 93.511414 1.15
v 4.130799 93.589142 1.15
v 4.171744 93.669006 1.15
v 4.208657 93.750816 1.15
v 4.241446 93.834366 1.15
v 4.270031 93.919441 1.15
v 4.294339 94.005836 1.15
v 4.314311 94.093338 1.15
v 4.329895 94.181725 1.15
v 4.341055 94.270775 1.15
v 4.347763 94.360275 1.15
v 71.25 94.449997 1.15
v 71.247765 94.539726 1.15
v 71.241058 94.629219 1.15
v 71.229897 94.718277 1.15
v 71.21431 94.806664 1.15
v 71.194336 94.894165 1.15
v 71.170029 94.98056 1.15
v 71.141449 95.065636 1.15
v 71.108658 95.149185 1.15
v 71.071747 95.230988 1.15
v 71.0308 95.31086 1.15
v 70.985924 95.38858 1.15
v 70.937233 95.463974 1.15
v 70.884842 95.53685 1.15
v 70.82888 95.607018 1.15
v 70.769493 95.674309 1.15
v 70.706825 95.738564 1.15
v 70.641037 95.799606 1.15
v 70.572281 95.8573 1.15
v 70.50074 95.911491 1.15
v 70.426582 95.962044 1.15
v 70.349998 96.008842 1.15
v 70.271179 96.051765 1.15
v 70.190315 96.090714 1.15
v 70.107613 96.125572 1.15
v 70.023277 96.156273 1.15
v 69.937515 96.182724 1.15
v 69.85054 96.204872 1.15
v 69.762566 96.222656 1.15
v 69.67382 96.236031 1.15
v 69.584511 96.244965 1.15
v 69.494873 96.249443 1.15
v 69.405128 96.249443 1.15
v 69.315483 96.244965 1.15
v 69.226181 96.236031 1.15
v 69.137436 96.222656 1.15
v 69.049461 96.204872 1.15
v 68.962486 96.182724 1.15
v 68.876724 96.156273 1.15
v 68.792389 96.125572 1.15
v 68.709686 96.090714 1.15
v 68.628822 96.051765 1.15
v 68.550003 96.008842 1.15
v 68.473419 95.962044 1.15
v 68.399261 95.911491 1.15
v 68.327721 95.8573 1.15
v 68.258965 95.799606 1.15
v 68.193176 95.738564 1.15
v 68.130508 95.674309 1.15
v 68.071121 95.607018 1.15
v 68.01516 95.53685 1.15
v 67.962769 95.463974 1.15
v 67.914078 95.38858 1.15
v 67.869202 95.31086 1.15
v 67.828255 95.230988 1.15
v 67.791344 95.149185 1.15
v 67.758553 95.065636 1.15
v 67.729965 94.98056 1.15
v 67.705658 94.894165 1.15
v 67.685692 94.806664 1.15
v 67.670105 94.718277 1.15
v 67.658943 94.629219 1.15
v 67.652237 94.539726 1.15
v 67.650002 94.449997 1.15
v 67.652237 94.360275 1.15
v 67.658943 94.270775 1.15
v 67.670105 94.181725 1.15
v 67.685692 94.093338 1.15
v 67.705658 94.005836 1.15
v 67.729965 93.919441 1.15
v 67.758553 93.834366 1.15
v 67.791344 93.750816 1.15
v 67.828255 93.669006 1.15
v 67.869202 93.589142 1.15
v 67.914078 93.511414 1.15
v 67.962769 93.436028 1.15
v 68.01516 93.363152 1.15
v 68.071121 93.292984 1.15
v 68.130508 93.225693 1.15
v 68.193176 93.161438 1.15
v 68.258965 93.100395 1.15
v 68.327721 93.042702 1.15
v 68.399261 92.98851 1.15
v 68.473419 92.93795 1.15
v 68.550003 92.891151 1.15
v 68.628822 92.848228 1.15
v 68.709686 92.809288 1.15
v 68.792389 92.774429 1.15
v 68.876724 92.743729 1.15
v 68.962486 92.717278 1.15
v 69.049461 92.695129 1.15
v 69.137436 92.677345 1.15
v 69.226181 92.663971 1.15
v 69.315483 92.655037 1.15
v 69.405128 92.650558 1.15
v 69.494873 92.650558 1.15
v 69.584511 92.655037 1.15
v 69.67382 92.663971 1.15
v 69.762566 92.677345 1.15
v 69.85054 92.695129 1.15
v 69.937515 92.717278 1.15
v 70.023277 92.743729 1.15
v 70.107613 92.774429 1.15
v 70.190315 92.809288 1.15
v 70.271179 92.848228 1.15
v 70.349998 92.891151 1.15
v 70.426582 92.93795 1.15
v 70.50074 92.98851 1.15
v 70.572281 93.042702 1.15
v 70.641037 93.100395 1.15
v 70.706825 93.161438 1.15
v 70.769493 93.225693 1.15
v 70.82888 93.292984 1.15
v 70.884842 93.363152 1.15
v 70.937233 93.436028 1.15
v 70.985924 93.511414 1.15
v 71.0308 93.589142 1.15
v 71.071747 93.669006 1.15
v 71.108658 93.750816 1.15
v 71.141449 93.834366 1.15
v 71.170029 93.919441 1.15
v 71.194336 94.005836 1.15
v 71.21431 94.093338 1.15
v 71.229897 94.181725 1.15
v 71.241058 94.270775 1.15
v 71.247765 94.360275 1.15
v 37.799999 94.449997 15.75
v 37.797764 94.449997 15.660277
v 37.791054 94.449997 15.570778
v 37.779896 94.449997 15.481724
v 37.764309 94.449997 15.393337
v 37.744339 94.449997 15.305837
v 37.720032 94.449997 15.21944
v 37.691448 94.449997 15.134364
v 37.658657 94.449997 15.050817
v 37.621742 94.449997 14.969009
v 37.580799 94.449997 14.889143
v 37.535923 94.449997 14.811417
v 37.487228 94.449997 14.736024
v 37.434837 94.449997 14.663152
v 37.37888 94.449997 14.592982
v 37.319492 94.449997 14.525689
v 37.256824 94.449997 14.46144
v 37.191036 94.449997 14.400393
v 37.12228 94.449997 14.342703
v 37.050739 94.449997 14.288511
v 36.976582 94.449997 14.237953
v 36.900002 94.449997 14.191154
v 36.821178 94.449997 14.148231
v 36.740318 94.449997 14.109289
v 36.657616 94.449997 14.074428
v 36.573277 94.449997 14.043731
v 36.487514 94.449997 14.017277
v 36.400539 94.449997 13.99513
v 36.312565 94.449997 13.977346
v 36.22382 94.449997 13.963969
v 36.134514 94.449997 13.955033
v 36.044876 94.449997 13.95056
v 35.955124 94.449997 13.95056
v 35.865486 94.449997 13.955033
v 35.77618 94.449997 13.963969
v 35.687435 94.449997 13.977346
v 35.599461 94.449997 13.99513
v 35.512486 94.449997 14.017277
v 35.426723 94.449997 14.043731
v 35.342384 94.449997 14.074428
v 35.259682 94.449997 14.109289
v 35.178822 94.449997 14.148231
v 35.099998 94.449997 14.191154
v 35.023418 94.449997 14.237953
v 34.949261 94.449997 14.288511
v 34.87772 94.449997 14.342703
v 34.808964 94.449997 14.400393
v 34.743176 94.449997 14.46144
v 34.680508 94.449997 14.525689
v 34.62112 94.449997 14.592982
v 34.565163 94.449997 14.663152
v 34.512772 94.449997 14.736024
v 34.464077 94.449997 14.811417
v 34.419201 94.449997 14.889143
v 34.378258 94.449997 14.969009
v 34.341343 94.449997 15.050817
v 34.308552 94.449997 15.134364
v 34.279968 94.449997 15.21944
v 34.255661 94.449997 15.305837
v 34.235691 94.449997 15.393337
v 34.220104 94.449997 15.481724
v 34.208946 94.449997 15.570778
v 34.202236 94.449997 15.660277
v 34.200001 94.449997 15.75
v 34.202236 94.449997 15.839723
v 34.208946 94.449997 15.929222
v 34.220104 94.449997 16.018276
v 34.235691 94.449997 16.106663
v 34.255661 94.449997 16.194162
v 34.279968 94.449997 16.28056
v 34.308552 94.449997 16.365637
v 34.341343 94.449997 16.449183
v 34.378258 94.449997 16.530991
v 34.419201 94.449997 16.610857
v 34.464077 94.449997 16.688583
v 34.512772 94.449997 16.763977
v 34.565163 94.449997 16.836847
v 34.62112 94.449997 16.907017
v 34.680508 94.449997 16.974312
v 34.743176 94.449997 17.038561
v 34.808964 94.449997 17.099606
v 34.87772 94.449997 17.157297
v 34.949261 94.449997 17.211489
v 35.023418 94.449997 17.262047
v 35.099998 94.449997 17.308846
v 35.178822 94.449997 17.351768
v 35.259682 94.449997 17.390711
v 35.342384 94.449997 17.425573
v 35.426723 94.449997 17.456268
v 35.512486 94.449997 17.482723
v 35.599461 94.449997 17.504869
v 35.687435 94.449997 17.522654
v 35.77618 94.449997 17.53603
v 35.865486 94.449997 17.544968
v 35.955124 94.449997 17.54944
v 36.044876 94.449997 17.54944
v 36.134514 94.449997 17.544968
v 36.22382 94.449997 17.53603
v 36.312565 94.449997 17.522654
v 36.400539 94.449997 17.504869
v 36.487514 94.449997 17.482723
v 36.573277 94.449997 17.456268
v 36.657616 94.449997 17.425573
v 36.740318 94.449997 17.390711
v 36.821178 94.449997 17.351768
v 36.900002 94.449997 17.308846
v 36.976582 94.449997 17.262047
v 37.050739 94.449997 17.211489
v 37.12228 94.449997 17.157297
v 37.191036 94.449997 17.099606
v 37.256824 94.449997 17.038561
v 37.319492 94.449997 16.974312
v 37.37888 94.449997 16.907017
v 37.434837 94.449997 16.836847
v 37.487228 94.449997 16.763977
v 37.535923 94.449997 16.688583
v 37.580799 94.449997 16.610857
v 37.621742 94.449997 16.530991
v 37.658657 94.449997 16.449183
v 37.691448 94.449997 16.365637
v 37.720032 94.449997 16.28056
v 37.744339 94.449997 16.194162
v 37.764309 94.449997 16.106663
v 37.779896 94.449997 16.018276
v 37.791054 94.449997 15.929222
v 37.797764 94.449997 15.839723
v 2.55 48.679222 13.958944
v 2.55 48.589722 13.952237
v 2.55 48.5 13.95
v 2.55 48.410278 13.952237
v 69.449997 48.5 13.95
v 69.449997 48.589722 13.952237
v 69.449997 48.679222 13.958944
v 69.449997 48.768276 13.970104
v 69.449997 48.856663 13.985689
v 69.449997 48.944164 14.005661
v 69.449997 49.03056 14.029969
v 69.449997 49.115635 14.058554
v 69.449997 49.199184 14.091343
v 69.449997 49.280991 14.128256
v 69.449997 49.360859 14.169201
v 69.449997 49.438583 14.214076
v 69.449997 49.513977 14.262771
v 69.449997 49.586849 14.315162
v 69.449997 49.657017 14.37112
v 69.449997 49.724312 14.430507
v 69.449997 49.788559 14.493174
v 69.449997 49.849606 14.558966
v 69.449997 49.907295 14.627718
v 69.449997 49.961487 14.699262
v 69.449997 50.012047 14.773417
v 69.449997 50.058846 14.85
v 69.449997 50.101768 14.928821
v 69.449997 50.140709 15.009684
v 69.449997 50.175571 15.092386
v 69.449997 50.206268 15.176724
v 69.449997 50.232723 15.262487
v 69.449997 50.254871 15.349463
v 69.449997 50.272655 15.437433
v 69.449997 50.28603 15.526181
v 69.449997 50.294968 15.615486
v 69.449997 50.299442 15.705125
v 69.449997 50.299442 15.794875
v 69.449997 50.294968 15.884514
v 69.449997 50.28603 15.973819
v 69.449997 50.272655 16.062567
v 69.449997 50.254871 16.150537
v 69.449997 50.232723 16.237513
v 69.449997 50.206268 16.323277
v 69.449997 50.175571 16.407614
v 69.449997 50.140709 16.490316
v 69.449997 50.101768 16.571178
v 69.449997 50.058846 16.65
v 69.449997 50.012047 16.726583
v 69.449997 49.961487 16.800739
v 69.449997 49.907295 16.872282
v 69.449997 49.849606 16.941034
v 69.449997 49.788559 17.006826
v 69.449997 49.724312 17.069494
v 69.449997 49.657017 17.12888
v 69.449997 49.586849 17.184839
v 69.449997 49.513977 17.23723
v 69.449997 49.438583 17.285923
v 69.449997 49.360859 17.330799
v 69.449997 49.280991 17.371744
v 69.449997 49.199184 17.408657
v 69.449997 49.115635 17.441446
v 69.449997 49.03056 17.470032
v 69.449997 48.944164 17.494339
v 69.449997 48.856663 17.514311
v 69.449997 48.768276 17.529896
v 69.449997 48.679222 17.541056
v 69.449997 48.589722 17.547762
v 69.449997 48.5 17.549999
v 69.449997 48.410278 17.547762
v 69.449997 48.320778 17.541056
v 69.449997 48.231724 17.529896
v 69.449997 48.143337 17.514311
v 69.449997 48.055836 17.494339
v 69.449997 47.96944 17.470032
v 69.449997 47.884365 17.441446
v 69.449997 47.800816 17.408657
v 69.449997 47.719009 17.371744
v 69.449997 47.639141 17.330799
v 69.449997 47.561417 17.285923
v 69.449997 47.486023 17.23723
v 69.449997 47.413151 17.184839
v 69.449997 47.342983 17.12888
v 69.449997 47.275688 17.069494
v 69.449997 47.211441 17.006826
v 69.449997 47.150394 16.941034
v 69.449997 47.092705 16.872282
v 69.449997 47.038513 16.800739
v 69.449997 46.987953 16.726583
v 69.449997 46.941154 16.65
v 69.449997 46.898232 16.571178
v 69.449997 46.859291 16.490316
v 69.449997 46.824429 16.407614
v 69.449997 46.793732 16.323277
v 69.449997 46.767277 16.237513
v 69.449997 46.745129 16.150537
v 69.449997 46.727345 16.062567
v 69.449997 46.71397 15.973819
v 69.449997 46.705032 15.884514
v 69.449997 46.700558 15.794875
v 69.449997 46.700558 15.705125
v 69.449997 46.705032 15.615486
v 69.449997 46.71397 15.526181
v 69.449997 46.727345 15.437433
v 69.449997 46.745129 15.349463
v 69.449997 46.767277 15.262487
v 69.449997 46.793732 15.176724
v 69.449997 46.824429 15.092386
v 69.449997 46.859291 15.009684
v 69.449997 46.898232 14.928821
v 69.449997 46.941154 14.85
v 69.449997 46.987953 14.773417
v 69.449997 47.038513 14.699262
v 69.449997 47.092705 14.627718
v 69.449997 47.150394 14.558966
v 69.449997 47.211441 14.493174
v 69.449997 47.275688 14.430507
v 69.449997 47.342983 14.37112
v 69.449997 47.413151 14.315162
v 69.449997 47.486023 14.262771
v 69.449997 47.561417 14.214076
v 69.449997 47.639141 14.169201
v 69.449997 47.719009 14.128256
v 69.449997 47.800816 14.091343
v 69.449997 47.884365 14.058554
v 69.449997 47.96944 14.029969
v 69.449997 48.055836 14.005661
v 69.449997 48.143337 13.985689
v 69.449997 48.231724 13.970104
v 69.449997 48.320778 13.958944
v 69.449997 48.410278 13.952237
v 51.6973 3.004855 3.018923
v 51.76392 2.907004 3.124376
v 51.825363 2.970662 3.125325
v 51.720879 3.075019 2.97958
v 51.653133 3.017752 2.984935
v 51.678612 2.929734 3.053376
v 51.634491 3.536337 2.596287
v 51.723969 3.571766 2.600478
v 51.643238 3.652835 2.556093
v 51.614727 3.431008 2.647496
v 51.794846 3.500686 2.654713
v 51.355797 3.440448 2.593976
v 51.488716 2.900661 2.946418
v 51.485676 2.809673 2.965223
v 51.534016 2.886618 2.979274
v 51.499081 2.984221 2.920288
v 51.326408 3.556252 2.544137
v 51.274017 3.522581 2.550641
v 51.280598 3.688707 2.510721
v 51.241528 3.668607 2.512064
v 51.180443 3.616676 2.519103
v 51.598537 3.63508 2.553957
v 51.550995 3.745577 2.523221
v 51.42141 2.859715 2.913703
v 51.375244 2.952352 2.865228
v 51.351795 2.882468 2.866088
v 54.162266 3.600876 4.440732
v 54.124531 3.603505 4.381514
v 51.457279 2.924976 2.919962
v 51.404915 3.015927 2.858147
v 54.053249 3.613247 4.269977
v 52.198891 5.529349 2.5
v 52.271278 5.488088 2.503126
v 52.200001 5.6 2.5
v 52.195538 5.458768 2.5
v 52.342556 5.37652 2.512501
v 52.188324 5.37244 2.5
v 52.413837 5.265651 2.528103
v 52.177647 5.286472 2.5
v 50.413582 3.610273 2.5
v 50.519737 3.62326 2.5
v 50.306915 3.602551 2.5
v 53.719917 3.579823 4.230122
v 53.981972 3.629214 4.15916
v 53.910694 3.65136 4.049415
v 53.667538 3.631375 4.032281
v 53.839413 3.679618 3.941086
v 53.768135 3.713899 3.834514
v 53.367363 3.433454 4.333108
v 53.488552 3.560935 4.086487
v 53.536633 3.513745 4.288627
v 53.600895 3.697379 3.848697
v 53.696857 3.754096 3.730034
v 53.326439 3.473385 4.123813
v 53.423553 3.625269 3.901256
v 53.056236 3.245086 4.394651
v 53.265873 3.533222 3.93415
v 53.440071 3.857261 3.509032
v 53.554298 3.851708 3.528641
v 53.483021 3.908813 3.432356
v 52.783459 3.017844 4.417865
v 52.981564 3.31765 3.968876
v 53.029903 3.27021 4.170759
v 53.235382 4.061618 3.213235
v 53.340462 4.038718 3.25011
v 53.269184 4.111107 3.164716
v 52.555847 2.744802 4.395944
v 52.720963 3.078059 3.979913
v 52.763191 3.036817 4.187907
v 52.366737 2.432711 4.335528
v 52.286198 2.262453 4.291297
v 52.593357 3.204298 3.607081
v 52.843559 3.454424 3.606431
v 52.220123 2.077529 4.232597
v 52.265831 2.531866 3.935975
v 52.238647 2.309078 4.088615
v 52.326195 2.472239 4.125843
v 52.168468 2.12831 4.034015
v 52.173992 2.373057 3.903038
v 52.445194 3.35138 3.254808
v 52.683521 3.613537 3.26602
v 52.102341 2.193779 3.849909
v 52.49416 4.303095 2.70404
v 52.718517 4.329092 2.854678
v 52.592098 4.455718 2.730885
v 52.612377 4.184793 2.836042
v 52.414387 3.881715 2.784491
v 52.721176 4.076035 2.977458
v 52.512959 3.783338 2.936142
v 52.183025 3.113399 3.267438
v 52.343323 2.954002 3.607577
v 52.355541 4.44208 2.592435
v 52.452618 4.595574 2.620143
v 51.942307 2.352935 3.509491
v 52.179432 4.619074 2.518319
v 52.039532 4.786808 2.5
v 52.004162 4.707731 2.5
v 51.944942 4.352999 2.503257
v 51.828617 4.409485 2.5
v 51.776562 4.340244 2.5
v 51.877487 4.481011 2.5
v 51.92308 4.554668 2.5
v 51.737934 2.557056 3.213419
v 52.012211 3.283443 2.937804
v 51.913731 3.38172 2.786058
v 51.693497 4.104126 2.505159
v 51.602283 4.147702 2.5
v 51.538548 4.089036 2.5
v 51.66328 4.209212 2.5
v 51.611973 3.183856 2.838255
v 51.445724 3.851528 2.503376
v 51.332279 3.931239 2.5
v 51.259003 3.885037 2.5
v 51.4034 3.9807 2.5
v 51.342346 3.203739 2.732877
v 51.493919 3.301974 2.706081
v 51.468857 3.077051 2.856593
v 51.203114 3.343338 2.621885
v 51.106609 3.802707 2.5
v 51.027821 3.766697 2.5
v 53.916946 3.593129 4.324725
v 53.869507 3.587083 4.327775
v 53.740852 3.559825 4.360392
v 53.696285 3.549152 4.360896
v 53.651653 3.537021 4.361944
v 53.474792 3.471884 4.391327
v 53.517075 3.720306 3.772261
v 53.625576 3.800081 3.62797
v 53.194199 3.356332 4.256371
v 53.436733 3.800173 3.602356
v 52.992828 3.207147 4.329393
v 53.26823 3.655214 3.743952
v 53.264053 3.783817 3.560275
v 53.110657 3.687431 3.588891
v 53.348793 3.823856 3.537924
v 52.856213 3.093756 4.341225
v 53.334919 3.880508 3.45234
v 53.411739 3.971215 3.339417
v 52.822826 3.063304 4.340029
v 53.05106 3.497526 3.773941
v 52.727131 2.966825 4.340309
v 53.234203 3.981031 3.302809
v 53.198364 4.014968 3.258161
v 53.06823 3.979192 3.255619
v 52.611855 2.831799 4.330822
v 52.529686 2.769752 4.171879
v 53.148312 4.023948 3.237921
v 53.129768 4.086998 3.172826
v 53.197903 4.188157 3.083501
v 52.622913 2.926354 4.078306
v 52.481392 2.817148 3.969951
v 52.994385 3.928108 3.267077
v 52.925865 3.87163 3.273215
v 53.093605 3.829089 3.418092
v 52.888432 3.659254 3.436105
v 52.443798 2.605708 4.258118
v 52.800549 3.746788 3.273765
v 52.907742 4.264739 2.978048
v 52.972137 4.249816 3.00685
v 52.983639 4.313742 2.964539
v 52.538326 3.009763 3.787563
v 52.399254 2.649299 4.052438
v 52.912365 4.450769 2.863772
v 52.984066 4.444784 2.867403
v 52.912788 4.537929 2.805307
v 52.847095 4.45064 2.850877
v 52.258747 2.133369 4.363027
v 52.305836 2.367711 4.208932
v 52.247108 2.088665 4.362089
v 52.236942 2.044106 4.361708
v 52.843826 4.328773 2.916862
v 52.839703 4.20777 2.983702
v 52.213596 1.883538 4.391153
v 52.778034 4.144341 2.982986
v 52.211109 1.91385 4.330299
v 52.709984 3.837041 3.114105
v 52.825436 3.971888 3.12342
v 52.805122 4.56918 2.778935
v 52.841511 4.634401 2.748519
v 52.779011 4.393713 2.85657
v 52.228401 2.194298 4.161589
v 52.770447 4.616586 2.748717
v 52.706264 4.59188 2.741499
v 52.736694 4.664734 2.71987
v 52.770229 4.733899 2.697219
v 52.71323 4.459634 2.797247
v 52.300915 2.746655 3.77544
v 52.110867 2.685869 3.59049
v 52.659649 4.742073 2.671809
v 52.698952 4.836114 2.651571
v 52.646015 4.527011 2.73936
v 52.624908 4.792703 2.646636
v 52.557423 4.741233 2.640127
v 52.591053 4.84365 2.623764
v 52.627674 4.940727 2.611718
v 52.576412 4.596802 2.683854
v 52.505375 4.929738 2.584332
v 52.556393 5.047411 2.577788
v 52.143585 2.52829 3.745608
v 52.015015 2.531134 3.561562
v 52.469387 4.983747 2.567185
v 52.389317 4.910108 2.558008
v 52.434433 5.037354 2.552728
v 52.485115 5.155833 2.549888
v 52.080864 2.27923 3.776123
v 52.423656 4.750115 2.586387
v 52.284481 4.764479 2.538052
v 52.404362 3.64154 2.919969
v 52.285202 3.510455 2.914358
v 52.13821 2.9085 3.437701
v 52.373371 4.675138 2.574276
v 52.357624 3.688146 2.841597
v 52.186905 3.608552 2.762433
v 52.238224 3.30776 3.086789
v 52.279053 5.047914 2.525563
v 52.163475 5.201011 2.5
v 52.145775 5.11621 2.5
v 52.269958 5.006206 2.525746
v 52.124535 5.032227 2.5
v 52.358086 3.938017 2.71568
v 52.323818 4.599422 2.561438
v 52.259815 4.96468 2.525349
v 52.000988 2.358665 3.605772
v 52.330185 4.216652 2.618125
v 52.295177 4.001016 2.653474
v 52.306175 3.739525 2.767932
v 51.976028 2.393624 3.555255
v 51.975319 2.445422 3.538867
v 52.273407 4.524575 2.549457
v 52.050163 2.996204 3.275523
v 52.205391 4.893903 2.51738
v 52.099739 4.949223 2.5
v 52.194538 4.852099 2.516042
v 52.071404 4.867361 2.5
v 52.182247 4.810506 2.514444
v 52.248619 3.797098 2.700375
v 52.224052 4.072348 2.599484
v 51.920921 2.460556 3.455606
v 52.107189 3.438261 2.842489
v 51.9594 3.086662 3.116065
v 52.128784 3.666696 2.69544
v 52.109291 3.936798 2.589477
v 52.05579 3.489587 2.768773
v 51.820549 2.560774 3.305753
v 51.925999 2.870195 3.274914
v 51.786705 2.596648 3.261053
v 51.998322 3.547072 2.701131
v 51.775082 2.645346 3.23866
v 51.973396 4.233159 2.514087
v 52.050499 4.246754 2.522812
v 51.945625 4.19984 2.514233
v 51.721413 4.273438 2.5
v 51.714794 2.665356 3.175556
v 51.819336 2.726434 3.256797
v 51.857559 3.437885 2.717114
v 51.820946 4.074345 2.51414
v 51.803749 3.99312 2.520019
v 51.72958 3.982345 2.514205
v 51.596363 3.074522 2.916593
v 51.590328 2.955478 2.985352
v 51.696789 3.954045 2.513793
v 51.472202 4.033332 2.5
v 51.552181 2.823171 3.009497
v 51.571541 3.829125 2.514261
v 51.348686 2.946979 2.851986
v 51.271683 3.149425 2.74115
v 51.23357 2.990058 2.781264
v 51.202076 3.219213 2.685646
v 51.058559 3.23798 2.641664
v 51.186188 3.024772 2.750972
v 51.199474 3.472203 2.562798
v 51.035591 3.511629 2.539184
v 51.138042 3.058542 2.722025
v 51.207493 3.08855 2.742954
v 51.12413 3.422636 2.575755
v 50.890778 3.40654 2.559228
v 51.061035 3.135833 2.673922
v 51.010426 3.17058 2.648596
v 50.997181 3.618073 2.514596
v 50.947525 3.734183 2.5
v 50.865891 3.705195 2.5
v 50.955639 3.605542 2.516253
v 50.959465 3.204431 2.625551
v 50.913879 3.594462 2.517654
v 50.783085 3.679751 2.5
v 50.873974 3.29033 2.585932
v 50.843372 3.539992 2.525777
v 50.819984 3.326337 2.56858
v 50.801895 3.529631 2.526253
v 50.699268 3.657857 2.5
v 50.760239 3.520306 2.526145
v 50.614605 3.639508 2.5
v 50.766373 3.361303 2.553925
v 53.388378 3.692093 3.762379
v 53.3484 3.731836 3.677239
v 53.209896 3.859224 3.439581
v 53.16077 3.908239 3.363586
v 52.98687 3.74838 3.43125
v 52.486874 2.642109 4.374754
v 53.100155 4.201343 3.066702
v 53.126625 4.269625 3.006719
v 53.041004 4.091111 3.147104
v 53.007629 4.209274 3.044744
v 52.956978 4.090419 3.116642
v 52.977119 4.007805 3.190421
v 52.888557 4.03384 3.122681
v 53.046074 4.263008 3.010702
v 53.055347 4.355257 2.934611
v 52.92078 4.21145 3.017111
v 52.903454 4.231293 2.997741
v 52.911839 4.323177 2.942593
v 52.814384 3.857923 3.197198
v 52.86562 4.119292 3.051699
v 52.876469 4.391419 2.891943
v 52.778236 4.457091 2.825989
v 52.756672 4.516948 2.790596
v 52.65229 4.63509 2.706125
v 52.615459 4.672044 2.680403
v 52.503849 4.80044 2.608584
v 52.107975 2.408066 3.765113
v 52.068161 2.447657 3.679814
v 52.009052 2.580148 3.529889
v 52.003208 2.855666 3.354007
v 52.240181 4.181563 2.583188
v 52.14304 4.153706 2.555384
v 52.199524 4.222392 2.561285
v 52.183483 3.862357 2.640399
v 51.987408 3.808473 2.58659
v 52.062756 3.732859 2.636354
v 51.891739 2.634563 3.365784
v 52.112675 4.525886 2.510624
v 51.965328 4.630296 2.5
v 51.840179 2.686064 3.292233
v 51.869946 2.801072 3.268575
v 52.034702 4.060972 2.544609
v 51.973785 3.996783 2.543141
v 51.90144 3.894854 2.547443
v 51.9333 3.612211 2.641036
v 51.859253 3.686505 2.589969
v 51.709072 2.753911 3.149057
v 51.707905 2.837847 3.118003
v 51.592693 2.787581 3.04743
v 51.786652 3.811521 2.543248
v 51.602154 2.695237 3.07019
v 51.588703 2.874376 3.019197
v 51.568851 2.891762 2.999829
v 51.722443 3.750672 2.54507
v 51.540611 2.749413 3.01407
v 51.248791 3.073632 2.765044
v 51.183723 3.842171 2.5
v 51.165833 3.143161 2.708061
v 51.129017 3.180097 2.682323
v 52.892239 3.936427 3.197324
v 52.898926 3.992232 3.159273
v 52.97974 4.34298 2.943637
v 52.945126 4.386642 2.909241
v 52.927013 4.421197 2.884344
v 52.791 4.100095 3.016977
v 52.003109 2.720975 3.444971
v 51.942421 2.750241 3.364951
v 51.733627 2.833366 3.139584
v 20.289036 4.261454 2.5
v 20.347702 4.197716 2.5
v 20.409212 4.136719 2.5
v 20.473438 4.078587 2.5
v 20.233332 4.327796 2.5
v 20.540243 4.023439 2.5
v 20.1807 4.396601 2.5
v 20.609484 3.971382 2.5
v 20.131239 4.46772 2.5
v 20.681011 3.922513 2.5
v 20.085037 4.540998 2.5
v 20.754669 3.876918 2.5
v 20.042171 4.616276 2.5
v 20.830296 3.834672 2.5
v 20.002707 4.693392 2.5
v 20.907732 3.795838 2.5
v 19.966698 4.772181 2.5
v 20.986809 3.760467 2.5
v 19.934183 4.852475 2.5
v 21.067362 3.728598 2.5
v 19.905195 4.934109 2.5
v 21.149223 3.70026 2.5
v 19.879751 5.016915 2.5
v 21.232227 3.675467 2.5
v 19.857857 5.100731 2.5
v 21.31621 3.654224 2.5
v 19.839508 5.185394 2.5
v 21.401011 3.636525 2.5
v 19.823261 5.280264 2.5
v 21.486471 3.622352 2.5
v 21.572441 3.611677 2.5
v 19.810274 5.386418 2.5
v 21.658768 3.604464 2.5
v 19.802551 5.493084 2.5
v 21.729349 3.60111 2.5
v 19.799999 5.6 2.5
v 19.799999 9.2125 2.5
v 52.200001 9.2125 2.5
v 19.086618 4.265985 2.979274
v 19.152983 4.269718 2.951644
v 19.08219 4.324123 2.94366
v 19.21582 4.269969 2.920534
v 19.155478 4.209673 2.985352
v 19.091763 4.23115 2.999829
v 19.150826 4.330094 2.918269
v 19.217752 4.146866 2.984935
v 19.204855 4.102699 3.018923
v 19.275019 4.079121 2.97958
v 19.129734 4.121388 3.053376
v 19.170662 3.974639 3.125325
v 19.107004 4.036079 3.124376
v 19.215927 4.395087 2.858147
v 19.168787 4.363331 2.893251
v 19.215672 4.332328 2.88914
v 19.118244 4.390725 2.893754
v 19.14698 4.451314 2.851986
v 19.273632 4.55121 2.765044
v 19.232897 4.443272 2.828178
v 19.311487 4.428004 2.797145
v 19.190058 4.56643 2.781264
v 19.829432 4.382909 2.532345
v 19.819994 4.504179 2.524498
v 19.731106 4.409774 2.559378
v 19.722582 4.525982 2.550641
v 19.926207 4.491054 2.507033
v 19.816675 4.619556 2.519103
v 19.945578 4.249006 2.523221
v 19.839849 4.268569 2.542952
v 19.852835 4.156764 2.556093
v 19.755674 4.184776 2.584274
v 19.742121 4.296023 2.570574
v 19.947199 4.452866 2.506572
v 17.871279 3.603126 4.388088
v 20.290419 2.843021 3.116642
v 20.26539 2.838095 3.137767
v 20.291111 2.758997 3.147104
v 20.179192 2.731772 3.255619
v 20.128109 2.805614 3.267077
v 20.233841 2.911443 3.122681
v 20.300095 3.008999 3.016977
v 20.171888 2.974566 3.12342
v 20.276035 3.078822 2.977458
v 20.344341 3.021965 2.982986
v 20.319292 2.934379 3.051699
v 20.272348 3.575946 2.599484
v 20.362146 3.540477 2.595123
v 20.353706 3.656959 2.555384
v 20.201015 3.504822 2.653474
v 20.381758 3.435012 2.64588
v 20.473232 3.526196 2.580673
v 20.581041 3.633489 2.531574
v 20.60771 3.535177 2.558207
v 20.64208 3.444458 2.592435
v 20.490728 3.481143 2.598092
v 20.503096 3.305839 2.70404
v 20.697292 3.724861 2.506905
v 20.706701 3.621555 2.524008
v 20.819075 3.620569 2.518319
v 20.724575 3.526594 2.549457
v 19.65325 5.369977 2.513247
v 19.724529 5.481514 2.503505
v 19.762264 5.540732 2.500876
v 19.581972 5.259161 2.529214
v 18.013836 3.628103 4.165651
v 18.277529 3.579878 4.232597
v 18.085115 3.649888 4.055833
v 18.462452 3.513801 4.291297
v 18.32831 3.631532 4.034015
v 18.156395 3.677788 3.947411
v 18.227673 3.711719 3.840727
v 18.632711 3.433261 4.335528
v 18.509079 3.561352 4.088615
v 18.39378 3.697659 3.849909
v 18.298952 3.751571 3.736114
v 18.672239 3.473806 4.125843
v 18.573057 3.626008 3.903038
v 18.944801 3.244154 4.395944
v 18.731867 3.534168 3.935975
v 18.441509 3.848519 3.534401
v 18.552935 3.857692 3.509491
v 18.512789 3.905307 3.437929
v 19.217844 3.016543 4.417865
v 19.017147 3.318608 3.969951
v 18.969753 3.270314 4.171879
v 18.655346 4.034611 3.255257
v 18.757055 4.062066 3.213419
v 18.726625 4.106719 3.169625
v 19.445086 2.743762 4.394651
v 19.236816 3.036808 4.187907
v 19.278059 3.079036 3.979913
v 19.633453 2.432636 4.333108
v 19.713745 2.263369 4.288627
v 19.673386 2.473563 4.123813
v 19.779823 2.080084 4.230122
v 19.760935 2.311449 4.086487
v 19.831375 2.132461 4.032281
v 19.82527 2.376446 3.901256
v 19.733221 2.534127 3.93415
v 19.404299 3.206643 3.607081
v 19.55138 3.354805 3.254808
v 19.154003 3.456676 3.607577
v 19.313398 3.616976 3.267438
v 19.897379 2.199104 3.848697
v 19.483442 3.787788 2.937804
v 19.58172 3.886269 2.786058
v 19.383856 4.188025 2.838255
v 19.654425 2.956441 3.606431
v 19.813538 3.116477 3.26602
v 19.501974 4.30608 2.706081
v 19.640448 4.444203 2.593976
v 19.40374 4.457654 2.732877
v 19.543337 4.596888 2.621885
v 20.057261 2.359927 3.509032
v 20.051529 4.354275 2.503376
v 20.261618 2.564618 3.213235
v 20.304127 4.106503 2.505159
v 19.983337 3.287043 2.936142
v 20.384792 3.187622 2.836042
v 20.081715 3.385614 2.784491
v 20.513742 2.816362 2.964539
v 20.529093 3.081483 2.854678
v 20.552999 3.855058 2.503257
v 20.655718 3.207903 2.730885
v 20.795574 3.347381 2.620143
v 18.083538 3.586402 4.391153
v 17.942558 3.612501 4.27652
v 18.11385 3.588891 4.330299
v 18.244106 3.563059 4.361708
v 18.288666 3.552891 4.362089
v 18.333368 3.541254 4.363027
v 18.479229 3.719137 3.776123
v 18.370232 3.79722 3.633899
v 18.805708 3.356202 4.258118
v 18.558664 3.799012 3.605772
v 19.031799 3.188147 4.330822
v 18.593624 3.823971 3.555255
v 18.728291 3.656416 3.745608
v 18.731134 3.784984 3.561562
v 18.88587 3.689134 3.59049
v 18.645422 3.824679 3.538867
v 19.166826 3.072868 4.340309
v 18.660557 3.87908 3.455606
v 18.584068 3.967403 3.344784
v 19.263304 2.977173 4.340029
v 18.946655 3.499087 3.77544
v 19.293756 2.943787 4.341225
v 18.760775 3.97945 3.305753
v 18.796648 4.013296 3.261053
v 19.407148 2.80717 4.329393
v 19.470211 2.770095 4.170759
v 18.845346 4.024917 3.23866
v 18.926434 3.980665 3.256797
v 18.865356 4.085207 3.175556
v 18.797905 4.183501 3.088157
v 19.209763 3.261675 3.787563
v 19.376595 2.926993 4.077758
v 19.517651 2.818437 3.968876
v 19.070196 3.874003 3.274914
v 19.001072 3.930053 3.268575
v 18.901976 3.83078 3.419525
v 19.1085 3.661791 3.437701
v 19.556332 2.605803 4.256371
v 19.671885 2.325207 4.391327
v 19.196205 3.749835 3.275523
v 19.02317 4.247817 3.009497
v 19.009672 4.314323 2.965223
v 19.459982 3.011565 3.786997
v 19.600098 2.650518 4.050862
v 19.011742 4.439416 2.871216
v 19.082468 4.448204 2.866088
v 19.083019 4.532356 2.808813
v 19.737022 2.148347 4.361944
v 19.749151 2.103713 4.360896
v 19.759825 2.059148 4.360392
v 19.787083 1.930493 4.327775
v 19.286661 3.8406 3.116065
v 19.154299 4.628641 2.751708
v 19.793129 1.883053 4.324725
v 19.771391 2.196762 4.159302
v 19.224771 4.613812 2.750972
v 19.274523 4.203639 2.916593
v 19.27705 4.331143 2.856593
v 19.258543 4.661959 2.722025
v 19.225576 4.72797 2.700081
v 19.288549 4.592507 2.742954
v 19.697525 2.748941 3.773941
v 19.88743 2.689342 3.588891
v 19.335833 4.738966 2.673922
v 19.296856 4.830034 2.654096
v 19.370581 4.789576 2.648596
v 19.437981 4.741439 2.641664
v 19.40443 4.840534 2.625551
v 19.368135 4.934515 2.613899
v 19.419212 4.597924 2.685646
v 19.349424 4.528316 2.74115
v 19.507761 3.561777 3.086789
v 19.855215 2.531771 3.743952
v 19.983818 2.535947 3.560275
v 19.49033 4.926024 2.585932
v 19.439413 5.041086 2.579618
v 19.526337 4.980017 2.56858
v 19.606541 4.909224 2.559228
v 19.561302 5.033628 2.553925
v 19.510693 5.149415 2.55136
v 19.920305 2.282926 3.772261
v 19.572243 4.750399 2.587899
v 19.711628 4.76441 2.539184
v 19.622637 4.675869 2.575755
v 19.63826 3.692812 2.842489
v 19.808552 3.613096 2.762433
v 19.710455 3.514796 2.914358
v 19.75766 3.31136 3.085913
v 19.720306 5.03976 2.526145
v 19.637884 3.942439 2.717114
v 19.729631 4.998103 2.526253
v 19.739992 4.956629 2.525777
v 20.000174 2.363266 3.602356
v 19.700686 4.005154 2.654713
v 19.665756 4.219932 2.619597
v 19.689587 3.744208 2.768773
v 20.023855 2.451208 3.537924
v 19.794462 4.886122 2.517654
v 19.805542 4.844361 2.516253
v 19.818073 4.802819 2.514596
v 19.747072 3.80168 2.701131
v 19.841539 3.395638 2.919969
v 19.771767 4.076033 2.600478
v 20.080509 2.465082 3.45234
v 19.888145 3.442378 2.841597
v 19.946787 2.999453 3.273765
v 20.037041 3.090016 3.114105
v 19.866695 3.671216 2.69544
v 19.886505 3.940747 2.589969
v 19.939526 3.493825 2.767932
v 20.18103 2.565795 3.302809
v 20.07163 2.874135 3.273215
v 20.214968 2.601635 3.258161
v 19.997097 3.551381 2.700375
v 19.932859 3.737243 2.636354
v 20.223948 2.65169 3.237921
v 20.029125 4.228457 2.514261
v 20.008472 3.812593 2.58659
v 20.286997 2.670232 3.172826
v 20.138018 3.441916 2.71568
v 20.154045 4.103212 2.513793
v 20.182344 4.070419 2.514205
v 20.193119 3.996249 2.520019
v 20.40777 2.960296 2.983702
v 20.274345 3.979053 2.51414
v 20.136799 3.690708 2.589477
v 20.464739 2.892257 2.978048
v 20.449816 2.827864 3.00685
v 20.399839 3.854375 2.514233
v 20.433159 3.826605 2.514087
v 20.446754 3.749501 2.522812
v 20.593712 3.020988 2.85657
v 20.650768 2.887637 2.863772
v 20.65064 2.952906 2.850877
v 20.659634 3.086769 2.797247
v 20.727011 3.153986 2.73936
v 20.76918 2.994879 2.778935
v 20.796801 3.223588 2.683854
v 20.941233 3.242577 2.640127
v 20.816586 3.029553 2.748717
v 20.79188 3.093735 2.741499
v 20.799423 3.476183 2.561438
v 20.964479 3.515517 2.538052
v 20.864733 3.063306 2.71987
v 20.875137 3.426627 2.574276
v 21.110107 3.410684 2.558008
v 20.942072 3.140352 2.671809
v 20.992702 3.175093 2.646636
v 21.010506 3.617753 2.514444
v 21.04365 3.208945 2.623764
v 21.052099 3.605461 2.516042
v 21.093903 3.59461 2.51738
v 21.129738 3.294626 2.584332
v 21.16468 3.540185 2.525349
v 21.183746 3.330613 2.567185
v 21.206205 3.53004 2.525746
v 21.247913 3.520946 2.525563
v 21.237354 3.365567 2.552728
v 18.84211 3.313126 4.374754
v 18.608067 3.692024 3.765113
v 18.647657 3.731838 3.679814
v 18.785622 3.859225 3.44186
v 18.834564 3.908259 3.365784
v 19.009563 3.750552 3.43288
v 18.895237 4.197847 3.07019
v 18.869183 4.264716 3.011107
v 18.953911 4.09093 3.149057
v 18.987581 4.207308 3.04743
v 19.037848 4.092097 3.118003
v 19.018005 4.009638 3.191853
v 18.949413 4.259389 3.01407
v 18.940462 4.35011 2.938718
v 19.074375 4.211298 3.019197
v 19.08671 4.389882 2.901516
v 19.343161 4.634167 2.708061
v 19.380096 4.670984 2.682323
v 19.491901 4.798982 2.610241
v 19.892092 2.411621 3.762379
v 19.931835 2.451602 3.677239
v 19.919445 2.846706 3.433631
v 20.029089 2.706394 3.418092
v 19.994427 2.859326 3.352328
v 20.059225 2.590104 3.439581
v 19.812212 3.866699 2.641036
v 20.10824 2.63923 3.363586
v 19.950672 4.077557 2.54507
v 20.094854 3.89856 2.547443
v 20.01152 4.013347 2.543248
v 20.062357 3.616517 2.640399
v 20.409273 2.792371 3.044744
v 20.196783 3.826214 2.543141
v 20.401342 2.699845 3.066702
v 20.411449 2.879221 3.017111
v 20.260973 3.765296 2.544609
v 20.431293 2.896546 2.997741
v 20.463009 2.753925 3.010702
v 20.625469 2.957496 2.863355
v 20.657091 3.021764 2.825989
v 20.716948 3.043329 2.790596
v 20.658947 3.745533 2.506444
v 20.835091 3.147709 2.706125
v 20.872044 3.18454 2.680403
v 19.096752 3.994523 3.160974
v 66.400002 5.501864 2.502409
v 66.400002 5.6 2.5
v 66.400002 5.403966 2.50963
v 66.400002 5.306539 2.521647
v 66.400002 5.209819 2.538429
v 66.400002 5.114039 2.559937
v 66.400002 5.019431 2.586119
v 66.400002 4.92622 2.616912
v 66.400002 4.834633 2.652241
v 66.400002 4.74489 2.692021
v 66.400002 4.657207 2.736157
v 66.400002 4.571795 2.784543
v 66.400002 4.48886 2.837061
v 66.400002 4.408601 2.893585
v 66.400002 4.331213 2.953979
v 66.400002 4.256882 3.018098
v 66.400002 4.185786 3.085786
v 66.400002 4.118098 3.156882
v 66.400002 4.053979 3.231213
v 66.400002 3.993585 3.308601
v 66.400002 3.937061 3.38886
v 66.400002 3.884543 3.471795
v 66.400002 3.836158 3.557207
v 66.400002 3.792022 3.64489
v 66.400002 3.752241 3.734633
v 66.400002 3.716912 3.82622
v 66.400002 3.686119 3.919431
v 66.400002 3.659937 4.01404
v 66.400002 3.638429 4.109819
v 66.400002 3.621647 4.206539
v 66.400002 3.609631 4.303966
v 66.400002 3.602409 4.401865
v 5.6 3.602409 4.401865
v 5.6 3.609631 4.303966
v 5.6 3.621647 4.206539
v 5.6 3.638429 4.109819
v 5.6 3.659937 4.01404
v 5.6 3.686119 3.919431
v 5.6 3.716912 3.82622
v 5.6 3.752241 3.734633
v 5.6 3.792022 3.64489
v 5.6 3.836158 3.557207
v 5.6 3.884543 3.471795
v 5.6 3.937061 3.38886
v 5.6 3.993585 3.308601
v 5.6 4.053979 3.231213
v 5.6 4.118098 3.156882
v 5.6 4.185786 3.085786
v 5.6 4.256882 3.018098
v 5.6 4.331213 2.953979
v 5.6 4.408601 2.893585
v 5.6 4.48886 2.837061
v 5.6 4.571795 2.784543
v 5.6 4.657207 2.736157
v 5.6 4.74489 2.692021
v 5.6 4.834633 2.652241
v 5.6 4.92622 2.616912
v 5.6 5.019431 2.586119
v 5.6 5.114039 2.559937
v 5.6 5.209819 2.538429
v 5.6 5.306539 2.521647
v 5.6 5.403966 2.50963
v 5.6 5.501864 2.502409
v 5.6 5.6 2.5
v 66.498138 5.6 2.502409
v 68.397591 5.6 4.401865
v 66.404663 3.604662 4.363595
v 66.413956 3.604662 4.364231
v 66.423187 3.604662 4.365499
v 66.418587 3.618628 4.228302
v 66.432312 3.604662 4.367396
v 66.43708 3.618628 4.230203
v 66.413895 3.641832 4.093325
v 66.441292 3.604662 4.36991
v 66.455406 3.618628 4.233363
v 66.441612 3.641832 4.095222
v 66.450073 3.604662 4.373031
v 66.473473 3.618628 4.237766
v 66.469139 3.641832 4.099005
v 66.436821 3.674165 3.961664
v 66.458618 3.604662 4.376744
v 66.491196 3.618628 4.243391
v 66.496346 3.641832 4.104658
v 66.473473 3.674165 3.965432
v 66.466896 3.604662 4.381032
v 66.422867 3.715478 3.830631
v 66.508499 3.618628 4.250213
v 66.523094 3.641832 4.112154
v 66.509781 3.674165 3.971693
v 66.474854 3.604662 4.385874
v 66.468491 3.715478 3.833752
v 66.525291 3.618628 4.258199
v 66.549278 3.641832 4.121459
v 66.545578 3.674165 3.980416
v 66.482468 3.604662 4.391248
v 66.513802 3.715478 3.839979
v 66.541496 3.618628 4.267313
v 66.454376 3.765577 3.705055
v 66.57476 3.641832 4.132528
v 66.580696 3.674165 3.991562
v 66.4897 3.604662 4.39713
v 66.558578 3.715478 3.849284
v 66.557053 3.618628 4.277512
v 66.508499 3.765577 3.710619
v 66.599434 3.641832 4.145311
v 66.431412 3.824229 3.580406
v 66.614975 3.674165 4.005079
v 66.496506 3.604662 4.403491
v 66.602615 3.715478 3.861623
v 66.571869 3.618628 4.288748
v 66.562111 3.765577 3.719864
v 66.623169 3.641832 4.159748
v 66.494095 3.824229 3.584694
v 66.648247 3.674165 4.020903
v 66.502869 3.604662 4.410302
v 66.645706 3.715478 3.876937
v 66.585884 3.618628 4.300969
v 66.614975 3.765577 3.732745
v 66.645874 3.641832 4.17577
v 66.556343 3.824229 3.593249
v 66.680367 3.674165 4.038961
v 66.470917 3.891161 3.463255
v 66.508751 3.604662 4.417531
v 66.687653 3.715478 3.895157
v 66.59903 3.618628 4.314118
v 66.666832 3.765577 3.749204
v 66.667427 3.641832 4.193305
v 66.617851 3.824229 3.606032
v 66.711174 3.674165 4.059168
v 66.541496 3.891161 3.470511
v 66.51413 3.604662 4.425145
v 66.728256 3.715478 3.916197
v 66.439377 3.96606 3.347312
v 66.611252 3.618628 4.328134
v 66.717445 3.765577 3.769164
v 66.687729 3.641832 4.21227
v 66.678352 3.824229 3.622983
v 66.740532 3.674165 4.081431
v 66.611427 3.891161 3.482567
v 66.518967 3.604662 4.433107
v 66.767334 3.715478 3.939959
v 66.517944 3.96606 3.352686
v 66.62249 3.618628 4.342951
v 66.766579 3.765577 3.792531
v 66.706696 3.641832 4.232576
v 66.737556 3.824229 3.644023
v 66.768303 3.674165 4.105646
v 66.680367 3.891161 3.499367
v 66.523254 3.604662 4.441382
v 66.804695 3.715478 3.966332
v 66.59597 3.96606 3.36341
v 66.63269 3.618628 4.3585
v 66.814003 3.765577 3.819197
v 66.486137 4.048577 3.240767
v 66.724228 3.641832 4.254129
v 66.795181 3.824229 3.669054
v 66.794357 3.674165 4.131699
v 66.747993 3.891161 3.520833
v 66.52697 3.604662 4.44993
v 66.840172 3.715478 3.995194
v 66.673073 3.96606 3.379433
v 66.6418 3.618628 4.374709
v 66.859497 3.765577 3.849037
v 66.571869 4.048577 3.24958
v 66.74025 3.641832 4.276828
v 66.850967 3.824229 3.697959
v 66.446609 4.138328 3.135689
v 66.818565 3.674165 4.159469
v 66.814003 3.891161 3.546864
v 66.53009 3.604662 4.458711
v 66.873589 3.715478 4.026409
v 66.748909 3.96606 3.40068
v 66.649788 3.618628 4.391502
v 66.902855 3.765577 3.881912
v 66.656799 4.048577 3.264224
v 66.754692 3.641832 4.300568
v 66.904648 3.824229 3.730604
v 66.539604 4.138328 3.142051
v 66.840828 3.674165 4.188827
v 66.878082 3.891161 3.577338
v 66.5326 3.604662 4.467685
v 66.904808 3.715478 4.059832
v 66.823112 3.96606 3.427053
v 66.656609 3.618628 4.408801
v 66.943863 3.765577 3.917668
v 66.740532 4.048577 3.284629
v 66.767471 3.641832 4.325238
v 66.955978 3.824229 3.766836
v 66.631943 4.138328 3.154743
v 66.861038 3.674165 4.219636
v 66.939934 3.891161 3.612115
v 66.499748 4.234894 3.041736
v 66.5345 3.604662 4.47681
v 66.93367 3.715478 4.095307
v 66.895348 3.96606 3.458429
v 66.662231 3.618628 4.426526
v 66.98233 3.765577 3.95614
v 66.822678 4.048577 3.310701
v 66.778542 3.641832 4.350723
v 67.004715 3.824229 3.806486
v 66.723206 4.138328 3.173708
v 66.879097 3.674165 4.251752
v 66.999268 3.891161 3.651031
v 66.59903 4.234894 3.051942
v 66.535767 3.604662 4.486042
v 66.960037 3.715478 4.132669
v 66.965271 3.96606 3.494661
v 66.452965 4.337824 2.949482
v 66.666634 3.618628 4.444592
v 67.018089 3.765577 3.997148
v 66.902855 4.048577 3.342318
v 66.787849 3.641832 4.376903
v 67.050629 3.824229 3.84937
v 66.812965 4.138328 3.198856
v 66.89492 3.674165 4.285025
v 67.055809 3.891161 3.693906
v 66.697388 4.234894 3.0689
v 66.536407 3.604662 4.49534
v 66.983803 3.715478 4.171744
v 67.032562 3.96606 3.53558
v 66.558655 4.337824 2.956711
v 66.6698 3.618628 4.462917
v 67.050964 3.765577 4.0405
v 66.980682 4.048577 3.379333
v 66.795341 3.641832 4.403658
v 67.093513 3.824229 3.895287
v 66.900795 4.138328 3.230071
v 66.90844 3.674165 4.319301
v 67.109291 3.891161 3.740539
v 66.794357 4.234894 3.092531
v 67.004845 3.715478 4.212349
v 67.096901 3.96606 3.580996
v 66.663605 4.337824 2.971136
v 66.6717 3.618628 4.481415
v 67.080803 3.765577 4.085994
v 67.055809 4.048577 3.421572
v 66.511505 4.44664 2.869869
v 66.800995 3.641832 4.430861
v 67.133163 3.824229 3.944024
v 66.98629 4.138328 3.267207
v 66.919586 3.674165 4.354419
v 67.159462 3.891161 3.790713
v 66.889481 4.234894 3.122724
v 67.023064 3.715478 4.254296
v 67.15799 3.96606 3.630697
v 66.767319 4.337824 2.992689
v 67.107468 3.765577 4.133419
v 67.127869 4.048577 3.46884
v 66.62249 4.44664 2.881279
v 66.804779 3.641832 4.458387
v 67.169395 3.824229 3.995353
v 67.069054 4.138328 3.310091
v 66.458344 4.560832 2.792157
v 66.928307 3.674165 4.390216
v 67.206093 3.891161 3.844194
v 66.98233 4.234894 3.159338
v 67.038376 3.715478 4.297388
v 67.215546 3.96606 3.684451
v 66.869331 4.337824 3.02127
v 67.130836 3.765577 4.182553
v 67.196541 4.048577 3.520916
v 66.732437 4.44664 2.900236
v 66.806671 3.641832 4.486107
v 67.202042 3.824229 4.049035
v 67.148697 4.138328 3.358522
v 66.574753 4.560832 2.80012
v 66.93457 3.674165 4.426526
v 67.24897 3.891161 3.900732
v 67.072464 4.234894 3.202203
v 67.050713 3.715478 4.341425
v 67.269302 3.96606 3.742007
v 66.969147 4.337824 3.056745
v 67.150795 3.765577 4.233167
v 67.261505 4.048577 3.577556
v 66.840828 4.44664 2.926651
v 67.230949 3.824229 4.104819
v 67.224846 4.138328 3.412276
v 66.690346 4.560832 2.816009
v 66.938339 3.674165 4.463177
v 67.287888 3.891161 3.960065
v 67.159462 4.234894 3.251119
v 66.521179 4.67987 2.728369
v 67.06002 3.715478 4.386201
v 67.319 3.96606 3.803097
v 67.066307 4.337824 3.098949
v 67.167252 3.765577 4.285025
v 67.322441 4.048577 3.638498
v 66.947174 4.44664 2.960402
v 67.255974 3.824229 4.162446
v 67.29715 4.138328 3.471102
v 66.804596 4.560832 2.839748
v 67.322662 3.891161 4.021915
v 67.24292 4.234894 3.305858
v 66.6418 4.67987 2.740769
v 67.066246 3.715478 4.431508
v 67.364418 3.96606 3.867437
v 67.16037 4.337824 3.147686
v 66.462631 4.803198 2.666647
v 67.180138 3.765577 4.337886
v 67.379082 4.048577 3.703456
v 67.050964 4.44664 3.001332
v 67.277016 3.824229 4.221647
v 67.365273 4.138328 3.534724
v 66.916946 4.560832 2.871229
v 67.353134 3.891161 4.085994
v 67.322441 4.234894 3.366165
v 66.761292 4.67987 2.761371
v 67.069366 3.715478 4.477134
v 67.405342 3.96606 3.934726
v 67.250877 4.337824 3.202728
v 66.587593 4.803198 2.675195
v 67.189384 3.765577 4.391502
v 67.43116 4.048577 3.772128
v 67.151718 4.44664 3.049249
v 67.293968 3.824229 4.282146
v 67.428902 4.138328 3.602847
v 67.026894 4.560832 2.910304
v 67.379166 3.891161 4.152004
v 67.397667 4.234894 3.431758
v 66.879097 4.67987 2.79008
v 67.441574 3.96606 4.004651
v 67.337425 4.337824 3.263819
v 66.711685 4.803198 2.692251
v 67.194946 3.765577 4.445624
v 67.478424 4.048577 3.844194
v 67.24897 4.44664 3.10393
v 66.528603 4.930241 2.619871
v 67.306747 3.824229 4.34366
v 67.487724 4.138328 3.675153
v 67.133919 4.560832 2.956791
v 67.400635 3.891161 4.219636
v 67.468239 4.234894 3.502331
v 66.994667 4.67987 2.826761
v 67.472946 3.96606 4.076885
v 67.419601 4.337824 3.330673
v 66.834328 4.803198 2.717735
v 67.520668 4.048577 3.919317
v 67.342262 4.44664 3.16512
v 66.656609 4.930241 2.633031
v 67.315308 3.824229 4.405904
v 67.541481 4.138328 3.751305
v 67.237518 4.560832 3.010473
v 66.465752 5.060407 2.575288
v 67.417435 3.891161 4.288575
v 67.533836 4.234894 3.577556
v 67.107468 4.67987 2.871243
v 67.499321 3.96606 4.151092
v 67.497025 4.337824 3.402979
v 66.954941 4.803198 2.75153
v 67.557678 4.048577 3.997148
v 67.43116 4.44664 3.232534
v 66.783417 4.930241 2.654895
v 67.319595 3.824229 4.468586
v 67.589912 4.138328 3.830947
v 67.337219 4.560832 3.0711
v 66.596947 5.060407 2.584262
v 67.429489 3.891161 4.3585
v 67.594139 4.234894 3.657083
v 67.216972 4.67987 2.92332
v 67.520569 3.96606 4.226925
v 67.569328 4.337824 3.480399
v 67.072968 4.803198 2.793476
v 67.589302 4.048577 4.077323
v 67.515251 4.44664 3.305858
v 66.90844 4.930241 2.685361
v 67.63279 4.138328 3.913709
v 67.432541 4.560832 3.138388
v 66.727219 5.060407 2.602168
v 67.436745 3.891161 4.429085
v 67.64888 4.234894 3.740539
v 67.322662 4.67987 2.982747
v 66.53363 5.193088 2.546397
v 67.536591 3.96606 4.304032
v 67.636185 4.337824 3.562574
v 67.187851 4.803198 2.843379
v 67.615372 4.048577 4.159469
v 67.594139 4.44664 3.384749
v 67.03109 4.930241 2.724289
v 67.66993 4.138328 3.999205
v 67.523056 4.560832 3.212026
v 66.855972 5.060407 2.628922
v 67.6978 4.234894 3.827536
v 67.424049 4.67987 3.049249
v 66.666634 5.193088 2.56007
v 67.547318 3.96606 4.382052
v 67.697273 4.337824 3.649119
v 67.299072 4.803198 2.901006
v 66.467644 5.327667 2.519783
v 67.635773 4.048577 4.243203
v 67.667465 4.44664 3.46884
v 67.150795 4.930241 2.771495
v 67.701141 4.138328 4.087036
v 67.60833 4.560832 3.291668
v 66.98259 5.060407 2.664401
v 67.740662 4.234894 3.917668
v 67.520668 4.67987 3.122515
v 66.798401 5.193088 2.582789
v 67.552689 3.96606 4.460623
v 67.752312 4.337824 3.739632
v 67.40609 4.803198 2.966089
v 66.602623 5.327667 2.529016
v 67.650421 4.048577 4.328134
v 67.734879 4.44664 3.557739
v 67.267006 4.930241 2.826761
v 67.726295 4.138328 4.176791
v 67.687973 4.560832 3.376945
v 67.106499 5.060407 2.708438
v 67.777275 4.234894 4.010516
v 67.612061 4.67987 3.202203
v 66.928307 5.193088 2.614446
v 67.801048 4.337824 3.83369
v 67.508423 4.803198 3.038323
v 66.736656 5.327667 2.547438
v 67.659233 4.048577 4.413866
v 67.796066 4.44664 3.651031
v 67.379166 4.930241 2.889828
v 66.536163 5.463515 2.509314
v 66.596031 5.6 2.50963
v 67.745255 4.138328 4.268054
v 67.761612 4.560832 3.467457
v 67.227112 5.060407 2.760828
v 67.807472 4.234894 4.105646
v 67.6978 4.67987 3.287942
v 67.055748 5.193088 2.654895
v 67.843254 4.337824 3.930854
v 67.605591 4.803198 3.117372
v 66.869118 5.327667 2.574964
v 67.850754 4.44664 3.748281
v 67.486763 4.930241 2.960402
v 66.6717 5.463515 2.523247
v 66.693459 5.6 2.521647
v 67.75795 4.138328 4.360399
v 67.828903 4.560832 3.562784
v 67.343872 5.060407 2.821326
v 67.8311 4.234894 4.202614
v 67.777489 4.67987 3.379333
v 67.180138 5.193088 2.703946
v 67.878731 4.337824 4.030672
v 67.697136 4.803198 3.202867
v 66.999397 5.327667 2.611466
v 67.898666 4.44664 3.849037
v 67.589302 4.930241 3.038155
v 66.805962 5.463515 2.546397
v 66.790184 5.6 2.538429
v 66.885963 5.6 2.559937
v 67.764313 4.138328 4.453394
v 67.889526 4.560832 3.662481
v 67.45623 5.060407 2.889652
v 67.848061 4.234894 4.300969
v 67.850754 4.67987 3.475948
v 67.300888 5.193088 2.761371
v 67.90731 4.337824 4.132679
v 67.782631 4.803198 3.294411
v 67.126877 5.327667 2.656772
v 67.939598 4.44664 3.952827
v 67.686287 4.930241 3.122724
v 66.938339 5.463515 2.578655
v 66.980568 5.6 2.586119
v 67.943207 4.560832 3.766082
v 67.56366 5.060407 2.965485
v 67.858261 4.234894 4.400252
v 67.917252 4.67987 3.577338
v 67.417435 5.193088 2.826903
v 67.928864 4.337824 4.236397
v 67.861679 4.803198 3.391575
v 67.250969 5.327667 2.710673
v 67.973351 4.44664 4.059168
v 67.777275 4.930241 3.213714
v 67.068199 5.463515 2.619871
v 67.073776 5.6 2.616912
v 67.165367 5.6 2.652241
v 67.989693 4.560832 3.873105
v 67.665665 5.060407 3.048473
v 67.976677 4.67987 3.68303
v 67.529236 5.193088 2.900236
v 67.943291 4.337824 4.341345
v 67.933914 4.803198 3.493907
v 67.371094 5.327667 2.772917
v 67.999763 4.44664 4.167565
v 67.861847 4.930241 3.310701
v 67.194946 5.463515 2.669854
v 67.255112 5.6 2.692021
v 68.02877 4.560832 3.983051
v 67.761772 5.060407 3.138229
v 68.028755 4.67987 3.792531
v 67.635773 5.193088 2.981027
v 67.950516 4.337824 4.447033
v 67.998993 4.803198 3.600931
v 67.486687 5.327667 2.843212
v 68.018723 4.44664 4.277512
v 67.939598 4.930241 3.413233
v 67.317986 5.463515 2.728369
v 67.342796 5.6 2.736157
v 68.060249 4.560832 4.095408
v 67.851524 5.060407 3.234334
v 68.073242 4.67987 3.905331
v 67.736557 5.193088 3.0689
v 68.056618 4.803198 3.712146
v 67.597214 5.327667 2.921233
v 68.030128 4.44664 4.388496
v 68.01017 4.930241 3.520833
v 67.436745 5.463515 2.795145
v 67.428207 5.6 2.784543
v 67.511139 5.6 2.837061
v 68.083992 4.560832 4.209651
v 67.934517 5.060407 3.336341
v 68.109917 4.67987 4.020903
v 67.8311 5.193088 3.163446
v 68.106522 4.803198 3.827034
v 67.702164 5.327667 3.006614
v 68.073242 4.930241 3.632997
v 67.550674 5.463515 2.869869
v 67.5914 5.6 2.893585
v 68.099876 4.560832 4.325247
v 68.010345 5.060407 3.443772
v 68.138626 4.67987 4.138709
v 67.918976 5.193088 3.264224
v 68.148468 4.803198 3.94506
v 67.801041 5.327667 3.098958
v 68.128502 4.930241 3.749204
v 67.659233 5.463515 2.952194
v 67.668785 5.6 2.953979
v 67.743118 5.6 3.018098
v 68.107841 4.560832 4.441658
v 68.078674 5.060407 3.556129
v 68.159233 4.67987 4.258199
v 67.999763 5.193088 3.370763
v 68.182266 4.803198 4.065674
v 67.893387 5.327667 3.197835
v 68.175713 4.930241 3.868912
v 67.761925 5.463515 3.041736
v 67.814217 5.6 3.085786
v 68.139175 5.060407 3.672886
v 68.171631 4.67987 4.378817
v 68.073097 5.193088 3.482567
v 68.207748 4.803198 4.188313
v 67.978767 5.327667 3.302783
v 68.214638 4.930241 3.991562
v 67.858261 5.463515 3.138076
v 67.881905 5.6 3.156882
v 68.191559 5.060407 3.793499
v 68.138626 5.193088 3.599115
v 68.224808 4.803198 4.312404
v 68.056786 5.327667 3.413313
v 68.245102 4.930241 4.116583
v 67.947807 5.463515 3.240767
v 67.946022 5.6 3.231213
v 68.006416 5.6 3.308601
v 68.235596 5.060407 3.917407
v 68.196053 5.193088 3.719864
v 68.233353 4.803198 4.437371
v 68.127083 5.327667 3.528909
v 68.266968 4.930241 4.243391
v 68.030128 5.463515 3.349328
v 68.062943 5.6 3.38886
v 68.27108 5.060407 4.044031
v 68.245102 5.193088 3.844249
v 68.189323 5.327667 3.649034
v 68.280128 4.930241 4.371396
v 68.104858 5.463515 3.463255
v 68.115456 5.6 3.471795
v 68.163841 5.6 3.557207
v 68.297829 5.060407 4.172781
v 68.285553 5.193088 3.971693
v 68.243225 5.327667 3.773125
v 68.171631 5.463515 3.582015
v 68.207977 5.6 3.64489
v 68.315735 5.060407 4.303056
v 68.317215 5.193088 4.101599
v 68.288536 5.327667 3.900606
v 68.230148 5.463515 3.705055
v 68.247757 5.6 3.734633
v 68.324715 5.060407 4.43425
v 68.339928 5.193088 4.233363
v 68.325035 5.327667 4.030881
v 68.280128 5.463515 3.831802
v 68.283089 5.6 3.82622
v 68.313881 5.6 3.919431
v 68.3536 5.193088 4.36637
v 68.352562 5.327667 4.163344
v 68.321342 5.463515 3.961664
v 68.340065 5.6 4.01404
v 68.370987 5.327667 4.297377
v 68.3536 5.463515 4.094037
v 68.361572 5.6 4.109819
v 68.378349 5.6 4.206539
v 68.380219 5.327667 4.432354
v 68.376755 5.463515 4.228302
v 68.390373 5.6 4.303966
v 68.390686 5.463515 4.363833
v 3.602409 5.6 4.401865
v 5.403966 5.6 2.50963
v 5.463595 5.59534 2.504663
v 5.501864 5.6 2.502409
v 5.464231 5.586042 2.504663
v 5.4655 5.57681 2.504663
v 5.306539 5.6 2.521647
v 5.328301 5.581415 2.518628
v 5.467396 5.567685 2.504663
v 5.330203 5.562917 2.518628
v 5.209819 5.6 2.538429
v 5.193325 5.586108 2.541832
v 5.114039 5.6 2.559937
v 5.46991 5.558712 2.504663
v 5.333363 5.544592 2.518628
v 5.195221 5.558387 2.541832
v 5.473031 5.54993 2.504663
v 5.337766 5.526525 2.518628
v 5.199005 5.530861 2.541832
v 5.019431 5.6 2.586119
v 5.061665 5.563177 2.574165
v 5.476744 5.541382 2.504663
v 5.343391 5.508801 2.518628
v 5.204658 5.503658 2.541832
v 5.065432 5.526525 2.574165
v 5.481031 5.533107 2.504663
v 4.92622 5.6 2.616912
v 4.930631 5.577134 2.615478
v 4.834633 5.6 2.652241
v 5.350213 5.491502 2.518628
v 5.212154 5.476903 2.541832
v 5.071692 5.490216 2.574165
v 5.485874 5.525145 2.504663
v 4.933752 5.531507 2.615478
v 5.358199 5.474709 2.518628
v 5.221458 5.450723 2.541832
v 5.080416 5.45442 2.574165
v 5.491248 5.517531 2.504663
v 4.93998 5.486201 2.615478
v 5.367313 5.4585 2.518628
v 4.74489 5.6 2.692021
v 4.805055 5.545624 2.665577
v 5.232528 5.425238 2.541832
v 5.091562 5.419301 2.574165
v 5.497129 5.510302 2.504663
v 4.949284 5.441425 2.615478
v 5.377512 5.442951 2.518628
v 4.810619 5.491502 2.665577
v 5.245311 5.400568 2.541832
v 4.657207 5.6 2.736157
v 4.680407 5.568586 2.72423
v 5.105079 5.385026 2.574165
v 5.50349 5.50349 2.504663
v 4.961623 5.397388 2.615478
v 5.388748 5.428134 2.518628
v 4.819864 5.437886 2.665577
v 5.259748 5.376828 2.541832
v 4.684694 5.505904 2.72423
v 5.120903 5.351752 2.574165
v 5.510302 5.497129 2.504663
v 4.976937 5.354296 2.615478
v 5.400969 5.414118 2.518628
v 4.832746 5.385026 2.665577
v 5.27577 5.354129 2.541832
v 4.693249 5.44366 2.72423
v 5.138961 5.319636 2.574165
v 4.563255 5.529085 2.791161
v 4.571795 5.6 2.784543
v 4.48886 5.6 2.837061
v 5.517531 5.491248 2.504663
v 4.995157 5.312349 2.615478
v 5.414118 5.400969 2.518628
v 4.849205 5.333167 2.665577
v 5.293305 5.332576 2.541832
v 4.706032 5.382146 2.72423
v 5.159168 5.288827 2.574165
v 4.570511 5.4585 2.791161
v 5.525145 5.485874 2.504663
v 5.016197 5.271744 2.615478
v 4.447312 5.560623 2.86606
v 4.408601 5.6 2.893585
v 5.428134 5.388748 2.518628
v 4.869164 5.282553 2.665577
v 5.31227 5.31227 2.541832
v 4.722983 5.321647 2.72423
v 5.181431 5.259469 2.574165
v 4.582567 5.388575 2.791161
v 5.533107 5.481031 2.504663
v 5.039959 5.232669 2.615478
v 4.452686 5.482052 2.86606
v 5.442951 5.377512 2.518628
v 4.892531 5.233419 2.665577
v 5.332576 5.293305 2.541832
v 4.744023 5.262446 2.72423
v 5.205646 5.231699 2.574165
v 4.599367 5.319636 2.791161
v 5.541382 5.476744 2.504663
v 5.066332 5.195307 2.615478
v 4.46341 5.404032 2.86606
v 5.4585 5.367313 2.518628
v 4.919197 5.185994 2.665577
v 4.331213 5.6 2.953979
v 4.340766 5.513866 2.948577
v 4.256882 5.6 3.018098
v 5.354129 5.27577 2.541832
v 4.769054 5.204819 2.72423
v 5.231699 5.205646 2.574165
v 4.620833 5.252004 2.791161
v 5.54993 5.473031 2.504663
v 5.095194 5.159832 2.615478
v 4.479433 5.326925 2.86606
v 5.474709 5.358199 2.518628
v 4.949037 5.1405 2.665577
v 4.34958 5.428134 2.948577
v 5.376828 5.259748 2.541832
v 4.797959 5.149035 2.72423
v 4.185786 5.6 3.085786
v 4.23569 5.553394 3.038328
v 5.259469 5.181431 2.574165
v 4.646863 5.185994 2.791161
v 5.558712 5.46991 2.504663
v 5.126409 5.126409 2.615478
v 4.50068 5.251091 2.86606
v 5.491502 5.350213 2.518628
v 4.981912 5.097148 2.665577
v 4.364223 5.343203 2.948577
v 5.400568 5.245311 2.541832
v 4.830604 5.095353 2.72423
v 4.242051 5.460399 3.038328
v 5.288827 5.159168 2.574165
v 4.677338 5.121915 2.791161
v 5.567685 5.467396 2.504663
v 5.159832 5.095194 2.615478
v 4.527053 5.176885 2.86606
v 5.508801 5.343391 2.518628
v 5.017668 5.05614 2.665577
v 4.384629 5.259469 2.948577
v 5.425238 5.232528 2.541832
v 4.866836 5.044024 2.72423
v 4.254743 5.368054 3.038328
v 5.319636 5.138961 2.574165
v 4.712115 5.060065 2.791161
v 4.118098 5.6 3.156882
v 4.141736 5.500252 3.134894
v 5.57681 5.4655 2.504663
v 5.195307 5.066332 2.615478
v 4.558429 5.10465 2.86606
v 5.526525 5.337766 2.518628
v 5.05614 5.017668 2.665577
v 4.410701 5.177323 2.948577
v 5.450723 5.221458 2.541832
v 4.906486 4.995287 2.72423
v 4.273708 5.276792 3.038328
v 5.351752 5.120903 2.574165
v 4.751031 5.000732 2.791161
v 4.151942 5.400969 3.134894
v 5.586042 5.464231 2.504663
v 5.232669 5.039959 2.615478
v 4.594661 5.034726 2.86606
v 4.053979 5.6 3.231213
v 4.049482 5.547033 3.237824
v 3.993585 5.6 3.308601
v 5.544592 5.333363 2.518628
v 5.097148 4.981912 2.665577
v 4.442318 5.097148 2.948577
v 5.476903 5.212154 2.541832
v 4.94937 4.94937 2.72423
v 4.298856 5.187036 3.038328
v 5.385026 5.105079 2.574165
v 4.793906 4.944194 2.791161
v 4.1689 5.302614 3.134894
v 5.59534 5.463595 2.504663
v 5.271744 5.016197 2.615478
v 4.635581 4.967437 2.86606
v 4.056711 5.441345 3.237824
v 5.562917 5.330203 2.518628
v 5.1405 4.949037 2.665577
v 4.479332 5.019317 2.948577
v 5.503658 5.204658 2.541832
v 4.995287 4.906486 2.72423
v 4.330071 5.099205 3.038328
v 5.419301 5.091562 2.574165
v 4.840539 4.890713 2.791161
v 4.192531 5.205646 3.134894
v 5.312349 4.995157 2.615478
v 4.680996 4.903098 2.86606
v 4.071136 5.336397 3.237824
v 5.581415 5.328301 2.518628
v 5.185994 4.919197 2.665577
v 4.521573 4.944194 2.948577
v 3.937061 5.6 3.38886
v 3.969869 5.488496 3.346639
v 5.530861 5.199005 2.541832
v 5.044024 4.866836 2.72423
v 4.367207 5.01371 3.038328
v 5.45442 5.080416 2.574165
v 4.890713 4.840539 2.791161
v 4.222723 5.110516 3.134894
v 5.354296 4.976937 2.615478
v 4.730697 4.842007 2.86606
v 4.092689 5.232678 3.237824
v 5.233419 4.892531 2.665577
v 4.568841 4.872128 2.948577
v 3.981279 5.377512 3.346639
v 5.558387 5.195221 2.541832
v 5.095353 4.830604 2.72423
v 4.410091 4.930947 3.038328
v 3.884543 5.6 3.471795
v 3.892157 5.541658 3.460832
v 3.836158 5.6 3.557207
v 5.490216 5.071692 2.574165
v 4.944194 4.793906 2.791161
v 4.259338 5.017668 3.134894
v 5.397388 4.961623 2.615478
v 4.784451 4.784451 2.86606
v 4.12127 5.130672 3.237824
v 5.282553 4.869164 2.665577
v 4.620916 4.803456 2.948577
v 4.000236 5.267565 3.346639
v 5.586108 5.193325 2.541832
v 5.149035 4.797959 2.72423
v 4.458522 4.851305 3.038328
v 3.90012 5.425247 3.460832
v 5.526525 5.065432 2.574165
v 5.000732 4.751031 2.791161
v 4.302203 4.927536 3.134894
v 5.441425 4.949284 2.615478
v 4.842007 4.730697 2.86606
v 4.156745 5.030854 3.237824
v 5.333167 4.849205 2.665577
v 4.677557 4.738498 2.948577
v 4.026651 5.159168 3.346639
v 5.204819 4.769054 2.72423
v 4.512276 4.775153 3.038328
v 3.916008 5.30965 3.460832
v 5.563177 5.061665 2.574165
v 5.060065 4.712115 2.791161
v 4.351119 4.840539 3.134894
v 3.792022 5.6 3.64489
v 3.828369 5.478817 3.57987
v 5.486201 4.93998 2.615478
v 4.903098 4.680996 2.86606
v 4.198949 4.93369 3.237824
v 5.385026 4.832746 2.665577
v 4.738498 4.677557 2.948577
v 4.060402 5.052827 3.346639
v 5.262446 4.744023 2.72423
v 4.571102 4.702847 3.038328
v 3.939749 5.195408 3.460832
v 5.121915 4.677338 2.791161
v 4.405858 4.757082 3.134894
v 3.840769 5.358199 3.57987
v 5.531507 4.933752 2.615478
v 4.967437 4.635581 2.86606
v 4.247686 4.839632 3.237824
v 3.752241 5.6 3.734633
v 3.766647 5.537371 3.703198
v 5.437886 4.819864 2.665577
v 4.803456 4.620916 2.948577
v 4.101332 4.949037 3.346639
v 5.321647 4.722983 2.72423
v 4.634724 4.634724 3.038328
v 3.971229 5.083051 3.460832
v 5.185994 4.646863 2.791161
v 4.466165 4.677557 3.134894
v 3.861372 5.238709 3.57987
v 5.577134 4.930631 2.615478
v 5.034726 4.594661 2.86606
v 4.302728 4.749119 3.237824
v 3.775195 5.412405 3.703198
v 5.491502 4.810619 2.665577
v 4.872128 4.568841 2.948577
v 4.149249 4.848281 3.346639
v 5.382146 4.706032 2.72423
v 4.702847 4.571102 3.038328
v 4.010304 4.973105 3.460832
v 5.252004 4.620833 2.791161
v 4.531757 4.602331 3.134894
v 3.89008 5.120903 3.57987
v 5.10465 4.558429 2.86606
v 4.363819 4.662574 3.237824
v 3.792251 5.288312 3.703198
v 5.545624 4.805055 2.665577
v 4.944194 4.521573 2.948577
v 4.20393 4.751031 3.346639
v 3.719872 5.471395 3.830241
v 3.716912 5.6 3.82622
v 3.686119 5.6 3.919431
v 5.44366 4.693249 2.72423
v 4.775153 4.512276 3.038328
v 4.056791 4.866082 3.460832
v 5.319636 4.599367 2.791161
v 4.602331 4.531757 3.134894
v 3.926761 5.005331 3.57987
v 5.176885 4.527053 2.86606
v 4.430673 4.5804 3.237824
v 3.817735 5.165674 3.703198
v 5.019317 4.479332 2.948577
v 4.265121 4.657739 3.346639
v 3.733031 5.343391 3.830241
v 5.505904 4.684694 2.72423
v 4.851305 4.458522 3.038328
v 4.110473 4.762481 3.460832
v 3.659937 5.6 4.01404
v 3.675288 5.53425 3.960407
v 5.388575 4.582567 2.791161
v 4.677557 4.466165 3.134894
v 3.971243 4.892531 3.57987
v 5.251091 4.50068 2.86606
v 4.502979 4.502979 3.237824
v 3.85153 5.045061 3.703198
v 5.097148 4.442318 2.948577
v 4.332534 4.568841 3.346639
v 3.754895 5.216583 3.830241
v 5.568586 4.680407 2.72423
v 4.930947 4.410091 3.038328
v 4.1711 4.662784 3.460832
v 3.684262 5.403056 3.960407
v 5.4585 4.570511 2.791161
v 4.757082 4.405858 3.134894
v 4.02332 4.78303 3.57987
v 5.326925 4.479433 2.86606
v 4.5804 4.430673 3.237824
v 3.893476 4.927034 3.703198
v 5.177323 4.410701 2.948577
v 4.405858 4.484749 3.346639
v 3.785361 5.091562 3.830241
v 5.01371 4.367207 3.038328
v 4.238389 4.567457 3.460832
v 3.702168 5.272781 3.960407
v 5.529085 4.563255 2.791161
v 4.840539 4.351119 3.134894
v 4.082747 4.677338 3.57987
v 3.646397 5.46637 4.093088
v 3.638429 5.6 4.109819
v 3.621647 5.6 4.206539
v 5.404032 4.46341 2.86606
v 4.662574 4.363819 3.237824
v 3.943379 4.812146 3.703198
v 5.259469 4.384629 2.948577
v 4.484749 4.405858 3.346639
v 3.824289 4.968912 3.830241
v 5.099205 4.330071 3.038328
v 4.312026 4.476945 3.460832
v 3.728923 5.144031 3.960407
v 4.927536 4.302203 3.134894
v 4.149249 4.575948 3.57987
v 3.66007 5.333363 4.093088
v 5.482052 4.452686 2.86606
v 4.749119 4.302728 3.237824
v 4.001006 4.700931 3.703198
v 3.609631 5.6 4.303966
v 3.619783 5.532354 4.227667
v 5.343203 4.364223 2.948577
v 4.568841 4.332534 3.346639
v 3.871495 4.849205 3.830241
v 5.187036 4.298856 3.038328
v 4.391668 4.391668 3.460832
v 3.764401 5.017407 3.960407
v 5.017668 4.259338 3.134894
v 4.222515 4.479332 3.57987
v 3.682789 5.201599 4.093088
v 5.560623 4.447312 2.86606
v 4.839632 4.247686 3.237824
v 4.066089 4.593907 3.703198
v 3.629016 5.397377 4.227667
v 5.428134 4.34958 2.948577
v 4.657739 4.265121 3.346639
v 3.926761 4.732997 3.830241
v 5.276792 4.273708 3.038328
v 4.476945 4.312026 3.460832
v 3.808438 4.893499 3.960407
v 5.110516 4.222723 3.134894
v 4.302203 4.387942 3.57987
v 3.714446 5.071692 4.093088
v 4.93369 4.198949 3.237824
v 4.138323 4.491575 3.703198
v 3.647438 5.263344 4.227667
v 5.513866 4.340766 2.948577
v 4.751031 4.20393 3.346639
v 3.989828 4.620833 3.830241
v 3.609314 5.463833 4.363515
v 5.368054 4.254743 3.038328
v 4.567457 4.238389 3.460832
v 3.860827 4.772886 3.960407
v 5.205646 4.192531 3.134894
v 4.387942 4.302203 3.57987
v 3.754895 4.94425 4.093088
v 5.030854 4.156745 3.237824
v 4.217372 4.394411 3.703198
v 3.674964 5.130882 4.227667
v 4.848281 4.149249 3.346639
v 4.060402 4.513233 3.830241
v 3.623247 5.328301 4.363515
v 5.460399 4.242051 3.038328
v 4.662784 4.1711 3.460832
v 3.921326 4.656129 3.960407
v 5.302614 4.1689 3.134894
v 4.479332 4.222515 3.57987
v 3.803946 4.819864 4.093088
v 5.130672 4.12127 3.237824
v 4.302867 4.302867 3.703198
v 3.711466 5.000606 4.227667
v 4.949037 4.101332 3.346639
v 4.138155 4.410701 3.830241
v 3.646397 5.194036 4.363515
v 5.553394 4.23569 3.038328
v 4.762481 4.110473 3.460832
v 3.989651 4.543772 3.960407
v 5.400969 4.151942 3.134894
v 4.575948 4.149249 3.57987
v 3.861372 4.699115 4.093088
v 5.232678 4.092689 3.237824
v 4.394411 4.217372 3.703198
v 3.756773 4.873126 4.227667
v 5.052827 4.060402 3.346639
v 4.222723 4.313714 3.830241
v 3.678655 5.061665 4.363515
v 4.866082 4.056791 3.460832
v 4.065485 4.436341 3.960407
v 5.500252 4.141736 3.134894
v 4.677338 4.082747 3.57987
v 3.926903 4.582567 4.093088
v 5.336397 4.071136 3.237824
v 4.491575 4.138323 3.703198
v 3.810673 4.749033 4.227667
v 5.159168 4.026651 3.346639
v 4.313714 4.222723 3.830241
v 3.719872 4.931802 4.363515
v 4.973105 4.010304 3.460832
v 4.148473 4.334334 3.960407
v 4.78303 4.02332 3.57987
v 4.000236 4.470763 4.093088
v 5.441345 4.056711 3.237824
v 4.593907 4.066089 3.703198
v 3.872916 4.62891 4.227667
v 5.267565 4.000236 3.346639
v 4.410701 4.138155 3.830241
v 3.769854 4.805055 4.363515
v 5.083051 3.971229 3.460832
v 4.238229 4.238229 3.960407
v 4.892531 3.971243 3.57987
v 4.081027 4.364223 4.093088
v 5.547033 4.049482 3.237824
v 4.700931 4.001006 3.703198
v 3.943212 4.513313 4.227667
v 5.377512 3.981279 3.346639
v 4.513233 4.060402 3.830241
v 3.828369 4.682015 4.363515
v 5.195408 3.939749 3.460832
v 4.334334 4.148473 3.960407
v 5.005331 3.926761 3.57987
v 4.1689 4.263446 4.093088
v 4.812146 3.943379 3.703198
v 4.021233 4.402783 4.227667
v 5.488496 3.969869 3.346639
v 4.620833 3.989828 3.830241
v 3.895145 4.563255 4.363515
v 5.30965 3.916008 3.460832
v 4.436341 4.065485 3.960407
v 5.120903 3.89008 3.57987
v 4.263446 4.1689 4.093088
v 4.927034 3.893476 3.703198
v 4.106614 4.297835 4.227667
v 4.732997 3.926761 3.830241
v 3.969869 4.449328 4.363515
v 5.425247 3.90012 3.460832
v 4.543772 3.989651 3.960407
v 5.238709 3.861372 3.57987
v 4.364223 4.081027 4.093088
v 5.045061 3.85153 3.703198
v 4.198958 4.198958 4.227667
v 4.849205 3.871495 3.830241
v 4.052194 4.340766 4.363515
v 5.541658 3.892157 3.460832
v 4.656129 3.921326 3.960407
v 5.358199 3.840769 3.57987
v 4.470763 4.000236 4.093088
v 5.165674 3.817735 3.703198
v 4.297835 4.106614 4.227667
v 4.968912 3.824289 3.830241
v 4.141736 4.238076 4.363515
v 4.772886 3.860827 3.960407
v 5.478817 3.828369 3.57987
v 4.582567 3.926903 4.093088
v 5.288312 3.792251 3.703198
v 4.402783 4.021233 4.227667
v 5.091562 3.785361 3.830241
v 4.238076 4.141736 4.363515
v 4.893499 3.808438 3.960407
v 4.699115 3.861372 4.093088
v 5.412405 3.775195 3.703198
v 4.513313 3.943212 4.227667
v 5.216583 3.754895 3.830241
v 4.340766 4.052194 4.363515
v 5.017407 3.764401 3.960407
v 4.819864 3.803946 4.093088
v 5.537371 3.766647 3.703198
v 4.62891 3.872916 4.227667
v 5.343391 3.733031 3.830241
v 4.449328 3.969869 4.363515
v 5.144031 3.728923 3.960407
v 4.94425 3.754895 4.093088
v 4.749033 3.810673 4.227667
v 5.471395 3.719872 3.830241
v 4.563255 3.895145 4.363515
v 5.272781 3.702168 3.960407
v 5.071692 3.714446 4.093088
v 4.873126 3.756773 4.227667
v 4.682015 3.828369 4.363515
v 5.403056 3.684262 3.960407
v 5.201599 3.682789 4.093088
v 5.000606 3.711466 4.227667
v 4.805055 3.769854 4.363515
v 5.53425 3.675288 3.960407
v 5.333363 3.66007 4.093088
v 5.130882 3.674964 4.227667
v 4.931802 3.719872 4.363515
v 5.46637 3.646397 4.093088
v 5.263344 3.647438 4.227667
v 5.061665 3.678655 4.363515
v 5.397377 3.629016 4.227667
v 5.194036 3.646397 4.363515
v 5.532354 3.619783 4.227667
v 5.328301 3.623247 4.363515
v 5.463833 3.609314 4.363515
v 66.400002 91.400002 2.5
v 66.498138 91.400002 2.502409
v 66.596031 91.400002 2.50963
v 66.693459 91.400002 2.521647
v 66.790184 91.400002 2.538429
v 66.885963 91.400002 2.559937
v 66.980568 91.400002 2.586119
v 67.073776 91.400002 2.616912
v 67.165367 91.400002 2.652241
v 67.255112 91.400002 2.692021
v 67.342796 91.400002 2.736157
v 67.428207 91.400002 2.784543
v 67.511139 91.400002 2.837061
v 67.5914 91.400002 2.893585
v 67.668785 91.400002 2.953979
v 67.743118 91.400002 3.018098
v 67.814217 91.400002 3.085786
v 67.881905 91.400002 3.156882
v 67.946022 91.400002 3.231213
v 68.006416 91.400002 3.308601
v 68.062943 91.400002 3.38886
v 68.115456 91.400002 3.471795
v 68.163841 91.400002 3.557207
v 68.207977 91.400002 3.64489
v 68.247757 91.400002 3.734633
v 68.283089 91.400002 3.82622
v 68.313881 91.400002 3.919431
v 68.340065 91.400002 4.01404
v 68.361572 91.400002 4.109819
v 68.378349 91.400002 4.206539
v 68.390373 91.400002 4.303966
v 68.397591 91.400002 4.401865
v 3.602409 91.400002 4.401865
v 3.609631 91.400002 4.303966
v 3.621647 91.400002 4.206539
v 3.638429 91.400002 4.109819
v 3.659937 91.400002 4.01404
v 3.686119 91.400002 3.919431
v 3.716912 91.400002 3.82622
v 3.752241 91.400002 3.734633
v 3.792022 91.400002 3.64489
v 3.836158 91.400002 3.557207
v 3.884543 91.400002 3.471795
v 3.937061 91.400002 3.38886
v 3.993585 91.400002 3.308601
v 4.053979 91.400002 3.231213
v 4.118098 91.400002 3.156882
v 4.185786 91.400002 3.085786
v 4.256882 91.400002 3.018098
v 4.331213 91.400002 2.953979
v 4.408601 91.400002 2.893585
v 4.48886 91.400002 2.837061
v 4.571795 91.400002 2.784543
v 4.657207 91.400002 2.736157
v 4.74489 91.400002 2.692021
v 4.834633 91.400002 2.652241
v 4.92622 91.400002 2.616912
v 5.019431 91.400002 2.586119
v 5.114039 91.400002 2.559937
v 5.209819 91.400002 2.538429
v 5.306539 91.400002 2.521647
v 5.403966 91.400002 2.50963
v 5.501864 91.400002 2.502409
v 5.6 91.400002 2.5
v 66.400002 93.397591 4.401865
v 66.400002 91.498138 2.502409
v 68.39534 91.536407 4.49534
v 68.39534 91.535767 4.486042
v 68.39534 91.5345 4.47681
v 68.381371 91.6717 4.481415
v 68.39534 91.5326 4.467685
v 68.381371 91.6698 4.462917
v 68.35817 91.806671 4.486107
v 68.39534 91.53009 4.458711
v 68.381371 91.666634 4.444592
v 68.35817 91.804779 4.458387
v 68.39534 91.52697 4.44993
v 68.381371 91.662231 4.426526
v 68.35817 91.800995 4.430861
v 68.325836 91.938339 4.463177
v 68.39534 91.523254 4.441382
v 68.381371 91.656609 4.408801
v 68.35817 91.795341 4.403658
v 68.325836 91.93457 4.426526
v 68.39534 91.518967 4.433107
v 68.284523 92.069366 4.477134
v 68.381371 91.649788 4.391502
v 68.35817 91.787849 4.376903
v 68.325836 91.928307 4.390216
v 68.39534 91.51413 4.425145
v 68.284523 92.066246 4.431508
v 68.381371 91.6418 4.374709
v 68.35817 91.778542 4.350723
v 68.325836 91.919586 4.354419
v 68.39534 91.508751 4.417531
v 68.284523 92.06002 4.386201
v 68.381371 91.63269 4.3585
v 68.234421 92.194946 4.445624
v 68.35817 91.767471 4.325238
v 68.325836 91.90844 4.319301
v 68.39534 91.502869 4.410302
v 68.284523 92.050713 4.341425
v 68.381371 91.62249 4.342951
v 68.234421 92.189384 4.391502
v 68.35817 91.754692 4.300568
v 68.175774 92.319595 4.468586
v 68.325836 91.89492 4.285025
v 68.39534 91.496506 4.403491
v 68.284523 92.038376 4.297388
v 68.381371 91.611252 4.328134
v 68.234421 92.180138 4.337886
v 68.35817 91.74025 4.276828
v 68.175774 92.315308 4.405904
v 68.325836 91.879097 4.251752
v 68.39534 91.4897 4.39713
v 68.284523 92.023064 4.254296
v 68.381371 91.59903 4.314118
v 68.234421 92.167252 4.285025
v 68.35817 91.724228 4.254129
v 68.175774 92.306747 4.34366
v 68.325836 91.861038 4.219636
v 68.108841 92.436745 4.429085
v 68.39534 91.482468 4.391248
v 68.284523 92.004845 4.212349
v 68.381371 91.585884 4.300969
v 68.234421 92.150795 4.233167
v 68.35817 91.706696 4.232576
v 68.175774 92.293968 4.282146
v 68.325836 91.840828 4.188827
v 68.108841 92.429489 4.3585
v 68.39534 91.474854 4.385874
v 68.284523 91.983803 4.171744
v 68.033943 92.552689 4.460623
v 68.381371 91.571869 4.288748
v 68.234421 92.130836 4.182553
v 68.35817 91.687729 4.21227
v 68.175774 92.277016 4.221647
v 68.325836 91.818565 4.159469
v 68.108841 92.417435 4.288575
v 68.39534 91.466896 4.381032
v 68.284523 91.960037 4.132669
v 68.033943 92.547318 4.382052
v 68.381371 91.557053 4.277512
v 68.234421 92.107468 4.133419
v 68.35817 91.667427 4.193305
v 68.175774 92.255974 4.162446
v 68.325836 91.794357 4.131699
v 68.108841 92.400635 4.219636
v 68.39534 91.458618 4.376744
v 68.284523 91.93367 4.095307
v 68.033943 92.536591 4.304032
v 68.381371 91.541496 4.267313
v 68.234421 92.080803 4.085994
v 67.951424 92.659233 4.413866
v 68.35817 91.645874 4.17577
v 68.175774 92.230949 4.104819
v 68.325836 91.768303 4.105646
v 68.108841 92.379166 4.152004
v 68.39534 91.450073 4.373031
v 68.284523 91.904808 4.059832
v 68.033943 92.520569 4.226925
v 68.381371 91.525291 4.258199
v 68.234421 92.050964 4.0405
v 67.951424 92.650421 4.328134
v 68.35817 91.623169 4.159748
v 68.175774 92.202042 4.049035
v 67.861671 92.764313 4.453394
v 68.325836 91.740532 4.081431
v 68.108841 92.353134 4.085994
v 68.39534 91.441292 4.36991
v 68.284523 91.873589 4.026409
v 68.033943 92.499321 4.151092
v 68.381371 91.508499 4.250213
v 68.234421 92.018089 3.997148
v 67.951424 92.635773 4.243203
v 68.35817 91.599434 4.145311
v 68.175774 92.169395 3.995353
v 67.861671 92.75795 4.360399
v 68.325836 91.711174 4.059168
v 68.108841 92.322662 4.021915
v 68.39534 91.432312 4.367396
v 68.284523 91.840172 3.995194
v 68.033943 92.472946 4.076885
v 68.381371 91.491196 4.243391
v 68.234421 91.98233 3.95614
v 67.951424 92.615372 4.159469
v 68.35817 91.57476 4.132528
v 68.175774 92.133163 3.944024
v 67.861671 92.745255 4.268054
v 68.325836 91.680367 4.038961
v 68.108841 92.287888 3.960065
v 67.765106 92.858261 4.400252
v 68.39534 91.423187 4.365499
v 68.284523 91.804695 3.966332
v 68.033943 92.441574 4.004651
v 68.381371 91.473473 4.237766
v 68.234421 91.943863 3.917668
v 67.951424 92.589302 4.077323
v 68.35817 91.549278 4.121459
v 68.175774 92.093513 3.895287
v 67.861671 92.726295 4.176791
v 68.325836 91.648247 4.020903
v 68.108841 92.24897 3.900732
v 67.765106 92.848061 4.300969
v 68.39534 91.413956 4.364231
v 68.284523 91.767334 3.939959
v 68.033943 92.405342 3.934726
v 67.662178 92.950516 4.447033
v 68.381371 91.455406 4.233363
v 68.234421 91.902855 3.881912
v 67.951424 92.557678 3.997148
v 68.35817 91.523094 4.112154
v 68.175774 92.050629 3.84937
v 67.861671 92.701141 4.087036
v 68.325836 91.614975 4.005079
v 68.108841 92.206093 3.844194
v 67.765106 92.8311 4.202614
v 68.39534 91.404663 4.363595
v 68.284523 91.728256 3.916197
v 68.033943 92.364418 3.867437
v 67.662178 92.943291 4.341345
v 68.381371 91.43708 4.230203
v 68.234421 91.859497 3.849037
v 67.951424 92.520668 3.919317
v 68.35817 91.496346 4.104658
v 68.175774 92.004715 3.806486
v 67.861671 92.66993 3.999205
v 68.325836 91.580696 3.991562
v 68.108841 92.159462 3.790713
v 67.765106 92.807472 4.105646
v 68.284523 91.687653 3.895157
v 68.033943 92.319 3.803097
v 67.662178 92.928864 4.236397
v 68.381371 91.418587 4.228302
v 68.234421 91.814003 3.819197
v 67.951424 92.478424 3.844194
v 67.55336 93.030128 4.388496
v 68.35817 91.469139 4.099005
v 68.175774 91.955978 3.766836
v 67.861671 92.63279 3.913709
v 68.325836 91.545578 3.980416
v 68.108841 92.109291 3.740539
v 67.765106 92.777275 4.010516
v 68.284523 91.645706 3.876937
v 68.033943 92.269302 3.742007
v 67.662178 92.90731 4.132679
v 68.234421 91.766579 3.792531
v 67.951424 92.43116 3.772128
v 67.55336 93.018723 4.277512
v 68.35817 91.441612 4.095222
v 68.175774 91.904648 3.730604
v 67.861671 92.589912 3.830947
v 67.439171 93.107841 4.441658
v 68.325836 91.509781 3.971693
v 68.108841 92.055809 3.693906
v 67.765106 92.740662 3.917668
v 68.284523 91.602615 3.861623
v 68.033943 92.215546 3.684451
v 67.662178 92.878731 4.030672
v 68.234421 91.717445 3.769164
v 67.951424 92.379082 3.703456
v 67.55336 92.999763 4.167565
v 68.35817 91.413895 4.093325
v 68.175774 91.850967 3.697959
v 67.861671 92.541481 3.751305
v 67.439171 93.099876 4.325247
v 68.325836 91.473473 3.965432
v 68.108841 91.999268 3.651031
v 67.765106 92.6978 3.827536
v 68.284523 91.558578 3.849284
v 68.033943 92.15799 3.630697
v 67.662178 92.843254 3.930854
v 68.234421 91.666832 3.749204
v 67.951424 92.322441 3.638498
v 67.55336 92.973351 4.059168
v 68.175774 91.795181 3.669054
v 67.861671 92.487724 3.675153
v 67.439171 93.083992 4.209651
v 68.325836 91.436821 3.961664
v 68.108841 91.939934 3.612115
v 67.765106 92.64888 3.740539
v 67.320129 93.171631 4.378817
v 68.284523 91.513802 3.839979
v 68.033943 92.096901 3.580996
v 67.662178 92.801048 3.83369
v 68.234421 91.614975 3.732745
v 67.951424 92.261505 3.577556
v 67.55336 92.939598 3.952827
v 68.175774 91.737556 3.644023
v 67.861671 92.428902 3.602847
v 67.439171 93.060249 4.095408
v 68.108841 91.878082 3.577338
v 67.765106 92.594139 3.657083
v 67.320129 93.159233 4.258199
v 68.284523 91.468491 3.833752
v 68.033943 92.032562 3.53558
v 67.662178 92.752312 3.739632
v 67.1968 93.233353 4.437371
v 68.234421 91.562111 3.719864
v 67.951424 92.196541 3.520916
v 67.55336 92.898666 3.849037
v 68.175774 91.678352 3.622983
v 67.861671 92.365273 3.534724
v 67.439171 93.02877 3.983051
v 68.108841 91.814003 3.546864
v 67.765106 92.533836 3.577556
v 67.320129 93.138626 4.138709
v 68.284523 91.422867 3.830631
v 68.033943 91.965271 3.494661
v 67.662178 92.697273 3.649119
v 67.1968 93.224808 4.312404
v 68.234421 91.508499 3.710619
v 67.951424 92.127869 3.46884
v 67.55336 92.850754 3.748281
v 68.175774 91.617851 3.606032
v 67.861671 92.29715 3.471102
v 67.439171 92.989693 3.873105
v 68.108841 91.747993 3.520833
v 67.765106 92.468239 3.502331
v 67.320129 93.109917 4.020903
v 68.033943 91.895348 3.458429
v 67.662178 92.636185 3.562574
v 67.1968 93.207748 4.188313
v 68.234421 91.454376 3.705055
v 67.951424 92.055809 3.421572
v 67.55336 92.796066 3.651031
v 67.069756 93.280128 4.371396
v 68.175774 91.556343 3.593249
v 67.861671 92.224846 3.412276
v 67.439171 92.943207 3.766082
v 68.108841 91.680367 3.499367
v 67.765106 92.397667 3.431758
v 67.320129 93.073242 3.905331
v 68.033943 91.823112 3.427053
v 67.662178 92.569328 3.480399
v 67.1968 93.182266 4.065674
v 67.951424 91.980682 3.379333
v 67.55336 92.734879 3.557739
v 67.069756 93.266968 4.243391
v 68.175774 91.494095 3.584694
v 67.861671 92.148697 3.358522
v 67.439171 92.889526 3.662481
v 66.93959 93.324715 4.43425
v 68.108841 91.611427 3.482567
v 67.765106 92.322441 3.366165
v 67.320129 93.028755 3.792531
v 68.033943 91.748909 3.40068
v 67.662178 92.497025 3.402979
v 67.1968 93.148468 3.94506
v 67.951424 91.902855 3.342318
v 67.55336 92.667465 3.46884
v 67.069756 93.245102 4.116583
v 68.175774 91.431412 3.580406
v 67.861671 92.069054 3.310091
v 67.439171 92.828903 3.562784
v 66.93959 93.315735 4.303056
v 68.108841 91.541496 3.470511
v 67.765106 92.24292 3.305858
v 67.320129 92.976677 3.68303
v 68.033943 91.673073 3.379433
v 67.662178 92.419601 3.330673
v 67.1968 93.106522 3.827034
v 67.951424 91.822678 3.310701
v 67.55336 92.594139 3.384749
v 67.069756 93.214638 3.991562
v 67.861671 91.98629 3.267207
v 67.439171 92.761612 3.467457
v 66.93959 93.297829 4.172781
v 68.108841 91.470917 3.463255
v 67.765106 92.159462 3.251119
v 67.320129 92.917252 3.577338
v 66.806915 93.3536 4.36637
v 68.033943 91.59597 3.36341
v 67.662178 92.337425 3.263819
v 67.1968 93.056618 3.712146
v 67.951424 91.740532 3.284629
v 67.55336 92.515251 3.305858
v 67.069756 93.175713 3.868912
v 67.861671 91.900795 3.230071
v 67.439171 92.687973 3.376945
v 66.93959 93.27108 4.044031
v 67.765106 92.072464 3.202203
v 67.320129 92.850754 3.475948
v 66.806915 93.339928 4.233363
v 68.033943 91.517944 3.352686
v 67.662178 92.250877 3.202728
v 67.1968 92.998993 3.600931
v 66.672333 93.380219 4.432354
v 67.951424 91.656799 3.264224
v 67.55336 92.43116 3.232534
v 67.069756 93.128502 3.749204
v 67.861671 91.812965 3.198856
v 67.439171 92.60833 3.291668
v 66.93959 93.235596 3.917407
v 67.765106 91.98233 3.159338
v 67.320129 92.777489 3.379333
v 66.806915 93.317215 4.101599
v 68.033943 91.439377 3.347312
v 67.662178 92.16037 3.147686
v 67.1968 92.933914 3.493907
v 66.672333 93.370987 4.297377
v 67.951424 91.571869 3.24958
v 67.55336 92.342262 3.16512
v 67.069756 93.073242 3.632997
v 67.861671 91.723206 3.173708
v 67.439171 92.523056 3.212026
v 66.93959 93.191559 3.793499
v 67.765106 91.889481 3.122724
v 67.320129 92.6978 3.287942
v 66.806915 93.285553 3.971693
v 67.662178 92.066307 3.098949
v 67.1968 92.861679 3.391575
v 66.672333 93.352562 4.163344
v 67.951424 91.486137 3.240767
v 67.55336 92.24897 3.10393
v 67.069756 93.01017 3.520833
v 66.536484 93.390686 4.363833
v 66.400002 93.390373 4.303966
v 67.861671 91.631943 3.154743
v 67.439171 92.432541 3.138388
v 66.93959 93.139175 3.672886
v 67.765106 91.794357 3.092531
v 67.320129 92.612061 3.202203
v 66.806915 93.245102 3.844249
v 67.662178 91.969147 3.056745
v 67.1968 92.782631 3.294411
v 66.672333 93.325035 4.030881
v 67.55336 92.151718 3.049249
v 67.069756 92.939598 3.413233
v 66.536484 93.376755 4.228302
v 66.400002 93.378349 4.206539
v 67.861671 91.539604 3.142051
v 67.439171 92.337219 3.0711
v 66.93959 93.078674 3.556129
v 67.765106 91.697388 3.0689
v 67.320129 92.520668 3.122515
v 66.806915 93.196053 3.719864
v 67.662178 91.869331 3.02127
v 67.1968 92.697136 3.202867
v 66.672333 93.288536 3.900606
v 67.55336 92.050964 3.001332
v 67.069756 92.861847 3.310701
v 66.536484 93.3536 4.094037
v 66.400002 93.361572 4.109819
v 66.400002 93.340065 4.01404
v 67.861671 91.446609 3.135689
v 67.439171 92.237518 3.010473
v 66.93959 93.010345 3.443772
v 67.765106 91.59903 3.051942
v 67.320129 92.424049 3.049249
v 66.806915 93.138626 3.599115
v 67.662178 91.767319 2.992689
v 67.1968 92.605591 3.117372
v 66.672333 93.243225 3.773125
v 67.55336 91.947174 2.960402
v 67.069756 92.777275 3.213714
v 66.536484 93.321342 3.961664
v 66.400002 93.313881 3.919431
v 67.439171 92.133919 2.956791
v 66.93959 92.934517 3.336341
v 67.765106 91.499748 3.041736
v 67.320129 92.322662 2.982747
v 66.806915 93.073097 3.482567
v 67.662178 91.663605 2.971136
v 67.1968 92.508423 3.038323
v 66.672333 93.189323 3.649034
v 67.55336 91.840828 2.926651
v 67.069756 92.686287 3.122724
v 66.536484 93.280128 3.831802
v 66.400002 93.283089 3.82622
v 66.400002 93.247757 3.734633
v 67.439171 92.026894 2.910304
v 66.93959 92.851524 3.234334
v 67.320129 92.216972 2.92332
v 66.806915 92.999763 3.370763
v 67.662178 91.558655 2.956711
v 67.1968 92.40609 2.966089
v 66.672333 93.127083 3.528909
v 67.55336 91.732437 2.900236
v 67.069756 92.589302 3.038155
v 66.536484 93.230148 3.705055
v 66.400002 93.207977 3.64489
v 67.439171 91.916946 2.871229
v 66.93959 92.761772 3.138229
v 67.320129 92.107468 2.871243
v 66.806915 92.918976 3.264224
v 67.662178 91.452965 2.949482
v 67.1968 92.299072 2.901006
v 66.672333 93.056786 3.413313
v 67.55336 91.62249 2.881279
v 67.069756 92.486763 2.960402
v 66.536484 93.171631 3.582015
v 66.400002 93.163841 3.557207
v 67.439171 91.804596 2.839748
v 66.93959 92.665665 3.048473
v 67.320129 91.994667 2.826761
v 66.806915 92.8311 3.163446
v 67.1968 92.187851 2.843379
v 66.672333 92.978767 3.302783
v 67.55336 91.511505 2.869869
v 67.069756 92.379166 2.889828
v 66.536484 93.104858 3.463255
v 66.400002 93.115456 3.471795
v 66.400002 93.062943 3.38886
v 67.439171 91.690346 2.816009
v 66.93959 92.56366 2.965485
v 67.320129 91.879097 2.79008
v 66.806915 92.736557 3.0689
v 67.1968 92.072968 2.793476
v 66.672333 92.893387 3.197835
v 67.069756 92.267006 2.826761
v 66.536484 93.030128 3.349328
v 66.400002 93.006416 3.308601
v 67.439171 91.574753 2.80012
v 66.93959 92.45623 2.889652
v 67.320129 91.761292 2.761371
v 66.806915 92.635773 2.981027
v 67.1968 91.954941 2.75153
v 66.672333 92.801041 3.098958
v 67.069756 92.150795 2.771495
v 66.536484 92.947807 3.240767
v 66.400002 92.946022 3.231213
v 66.400002 92.881905 3.156882
v 67.439171 91.458344 2.792157
v 66.93959 92.343872 2.821326
v 67.320129 91.6418 2.740769
v 66.806915 92.529236 2.900236
v 67.1968 91.834328 2.717735
v 66.672333 92.702164 3.006614
v 67.069756 92.03109 2.724289
v 66.536484 92.858261 3.138076
v 66.400002 92.814217 3.085786
v 66.93959 92.227112 2.760828
v 67.320129 91.521179 2.728369
v 66.806915 92.417435 2.826903
v 67.1968 91.711685 2.692251
v 66.672333 92.597214 2.921233
v 67.069756 91.90844 2.685361
v 66.536484 92.761925 3.041736
v 66.400002 92.743118 3.018098
v 66.93959 92.106499 2.708438
v 66.806915 92.300888 2.761371
v 67.1968 91.587593 2.675195
v 66.672333 92.486687 2.843212
v 67.069756 91.783417 2.654895
v 66.536484 92.659233 2.952194
v 66.400002 92.668785 2.953979
v 66.400002 92.5914 2.893585
v 66.93959 91.98259 2.664401
v 66.806915 92.180138 2.703946
v 67.1968 91.462631 2.666647
v 66.672333 92.371094 2.772917
v 67.069756 91.656609 2.633031
v 66.536484 92.550674 2.869869
v 66.400002 92.511139 2.837061
v 66.93959 91.855972 2.628922
v 66.806915 92.055748 2.654895
v 66.672333 92.250969 2.710673
v 67.069756 91.528603 2.619871
v 66.536484 92.436745 2.795145
v 66.400002 92.428207 2.784543
v 66.400002 92.342796 2.736157
v 66.93959 91.727219 2.602168
v 66.806915 91.928307 2.614446
v 66.672333 92.126877 2.656772
v 66.536484 92.317986 2.728369
v 66.400002 92.255112 2.692021
v 66.93959 91.596947 2.584262
v 66.806915 91.798401 2.582789
v 66.672333 91.999397 2.611466
v 66.536484 92.194946 2.669854
v 66.400002 92.165367 2.652241
v 66.93959 91.465752 2.575288
v 66.806915 91.666634 2.56007
v 66.672333 91.869118 2.574964
v 66.536484 92.068199 2.619871
v 66.400002 92.073776 2.616912
v 66.400002 91.980568 2.586119
v 66.806915 91.53363 2.546397
v 66.672333 91.736656 2.547438
v 66.536484 91.938339 2.578655
v 66.400002 91.885963 2.559937
v 66.672333 91.602623 2.529016
v 66.536484 91.805962 2.546397
v 66.400002 91.790184 2.538429
v 66.400002 91.693459 2.521647
v 66.672333 91.467644 2.519783
v 66.536484 91.6717 2.523247
v 66.400002 91.596031 2.50963
v 66.536484 91.536163 2.509314
v 5.6 93.397591 4.401865
v 5.463595 91.404663 2.504663
v 5.464231 91.413956 2.504663
v 5.4655 91.423187 2.504663
v 5.328301 91.418587 2.518628
v 5.467396 91.432312 2.504663
v 5.330203 91.43708 2.518628
v 5.193325 91.413895 2.541832
v 5.46991 91.441292 2.504663
v 5.333363 91.455406 2.518628
v 5.195221 91.441612 2.541832
v 5.473031 91.450073 2.504663
v 5.337766 91.473473 2.518628
v 5.199005 91.469139 2.541832
v 5.061665 91.436821 2.574165
v 5.476744 91.458618 2.504663
v 5.343391 91.491196 2.518628
v 5.204658 91.496346 2.541832
v 5.065432 91.473473 2.574165
v 5.481031 91.466896 2.504663
v 4.930631 91.422867 2.615478
v 5.350213 91.508499 2.518628
v 5.212154 91.523094 2.541832
v 5.071692 91.509781 2.574165
v 5.485874 91.474854 2.504663
v 4.933752 91.468491 2.615478
v 5.358199 91.525291 2.518628
v 5.221458 91.549278 2.541832
v 5.080416 91.545578 2.574165
v 5.491248 91.482468 2.504663
v 4.93998 91.513802 2.615478
v 5.367313 91.541496 2.518628
v 4.805055 91.454376 2.665577
v 5.232528 91.57476 2.541832
v 5.091562 91.580696 2.574165
v 5.497129 91.4897 2.504663
v 4.949284 91.558578 2.615478
v 5.377512 91.557053 2.518628
v 4.810619 91.508499 2.665577
v 5.245311 91.599434 2.541832
v 4.680407 91.431412 2.72423
v 5.105079 91.614975 2.574165
v 5.50349 91.496506 2.504663
v 4.961623 91.602615 2.615478
v 5.388748 91.571869 2.518628
v 4.819864 91.562111 2.665577
v 5.259748 91.623169 2.541832
v 4.684694 91.494095 2.72423
v 5.120903 91.648247 2.574165
v 5.510302 91.502869 2.504663
v 4.976937 91.645706 2.615478
v 5.400969 91.585884 2.518628
v 4.832746 91.614975 2.665577
v 5.27577 91.645874 2.541832
v 4.693249 91.556343 2.72423
v 5.138961 91.680367 2.574165
v 4.563255 91.470917 2.791161
v 5.517531 91.508751 2.504663
v 4.995157 91.687653 2.615478
v 5.414118 91.59903 2.518628
v 4.849205 91.666832 2.665577
v 5.293305 91.667427 2.541832
v 4.706032 91.617851 2.72423
v 5.159168 91.711174 2.574165
v 4.570511 91.541496 2.791161
v 5.525145 91.51413 2.504663
v 5.016197 91.728256 2.615478
v 4.447312 91.439377 2.86606
v 5.428134 91.611252 2.518628
v 4.869164 91.717445 2.665577
v 5.31227 91.687729 2.541832
v 4.722983 91.678352 2.72423
v 5.181431 91.740532 2.574165
v 4.582567 91.611427 2.791161
v 5.533107 91.518967 2.504663
v 5.039959 91.767334 2.615478
v 4.452686 91.517944 2.86606
v 5.442951 91.62249 2.518628
v 4.892531 91.766579 2.665577
v 5.332576 91.706696 2.541832
v 4.744023 91.737556 2.72423
v 5.205646 91.768303 2.574165
v 4.599367 91.680367 2.791161
v 5.541382 91.523254 2.504663
v 5.066332 91.804695 2.615478
v 4.46341 91.59597 2.86606
v 5.4585 91.63269 2.518628
v 4.919197 91.814003 2.665577
v 4.340766 91.486137 2.948577
v 5.354129 91.724228 2.541832
v 4.769054 91.795181 2.72423
v 5.231699 91.794357 2.574165
v 4.620833 91.747993 2.791161
v 5.54993 91.52697 2.504663
v 5.095194 91.840172 2.615478
v 4.479433 91.673073 2.86606
v 5.474709 91.6418 2.518628
v 4.949037 91.859497 2.665577
v 4.34958 91.571869 2.948577
v 5.376828 91.74025 2.541832
v 4.797959 91.850967 2.72423
v 4.23569 91.446609 3.038328
v 5.259469 91.818565 2.574165
v 4.646863 91.814003 2.791161
v 5.558712 91.53009 2.504663
v 5.126409 91.873589 2.615478
v 4.50068 91.748909 2.86606
v 5.491502 91.649788 2.518628
v 4.981912 91.902855 2.665577
v 4.364223 91.656799 2.948577
v 5.400568 91.754692 2.541832
v 4.830604 91.904648 2.72423
v 4.242051 91.539604 3.038328
v 5.288827 91.840828 2.574165
v 4.677338 91.878082 2.791161
v 5.567685 91.5326 2.504663
v 5.159832 91.904808 2.615478
v 4.527053 91.823112 2.86606
v 5.508801 91.656609 2.518628
v 5.017668 91.943863 2.665577
v 4.384629 91.740532 2.948577
v 5.425238 91.767471 2.541832
v 4.866836 91.955978 2.72423
v 4.254743 91.631943 3.038328
v 5.319636 91.861038 2.574165
v 4.712115 91.939934 2.791161
v 4.141736 91.499748 3.134894
v 5.57681 91.5345 2.504663
v 5.195307 91.93367 2.615478
v 4.558429 91.895348 2.86606
v 5.526525 91.662231 2.518628
v 5.05614 91.98233 2.665577
v 4.410701 91.822678 2.948577
v 5.450723 91.778542 2.541832
v 4.906486 92.004715 2.72423
v 4.273708 91.723206 3.038328
v 5.351752 91.879097 2.574165
v 4.751031 91.999268 2.791161
v 4.151942 91.59903 3.134894
v 5.586042 91.535767 2.504663
v 5.6 91.498138 2.502409
v 5.232669 91.960037 2.615478
v 4.594661 91.965271 2.86606
v 4.049482 91.452965 3.237824
v 5.544592 91.666634 2.518628
v 5.097148 92.018089 2.665577
v 4.442318 91.902855 2.948577
v 5.476903 91.787849 2.541832
v 4.94937 92.050629 2.72423
v 4.298856 91.812965 3.038328
v 5.385026 91.89492 2.574165
v 4.793906 92.055809 2.791161
v 4.1689 91.697388 3.134894
v 5.59534 91.536407 2.504663
v 5.6 91.596031 2.50963
v 5.271744 91.983803 2.615478
v 4.635581 92.032562 2.86606
v 4.056711 91.558655 3.237824
v 5.562917 91.6698 2.518628
v 5.1405 92.050964 2.665577
v 4.479332 91.980682 2.948577
v 5.503658 91.795341 2.541832
v 4.995287 92.093513 2.72423
v 4.330071 91.900795 3.038328
v 5.419301 91.90844 2.574165
v 4.840539 92.109291 2.791161
v 4.192531 91.794357 3.134894
v 5.312349 92.004845 2.615478
v 4.680996 92.096901 2.86606
v 4.071136 91.663605 3.237824
v 5.581415 91.6717 2.518628
v 5.6 91.693459 2.521647
v 5.185994 92.080803 2.665577
v 4.521573 92.055809 2.948577
v 3.969869 91.511505 3.346639
v 5.530861 91.800995 2.541832
v 5.044024 92.133163 2.72423
v 4.367207 91.98629 3.038328
v 5.45442 91.919586 2.574165
v 4.890713 92.159462 2.791161
v 4.222723 91.889481 3.134894
v 5.354296 92.023064 2.615478
v 4.730697 92.15799 2.86606
v 4.092689 91.767319 3.237824
v 5.233419 92.107468 2.665577
v 4.568841 92.127869 2.948577
v 3.981279 91.62249 3.346639
v 5.558387 91.804779 2.541832
v 5.095353 92.169395 2.72423
v 4.410091 92.069054 3.038328
v 3.892157 91.458344 3.460832
v 5.490216 91.928307 2.574165
v 4.944194 92.206093 2.791161
v 4.259338 91.98233 3.134894
v 5.397388 92.038376 2.615478
v 4.784451 92.215546 2.86606
v 4.12127 91.869331 3.237824
v 5.282553 92.130836 2.665577
v 4.620916 92.196541 2.948577
v 4.000236 91.732437 3.346639
v 5.586108 91.806671 2.541832
v 5.6 91.790184 2.538429
v 5.6 91.885963 2.559937
v 5.149035 92.202042 2.72423
v 4.458522 92.148697 3.038328
v 3.90012 91.574753 3.460832
v 5.526525 91.93457 2.574165
v 5.000732 92.24897 2.791161
v 4.302203 92.072464 3.134894
v 5.441425 92.050713 2.615478
v 4.842007 92.269302 2.86606
v 4.156745 91.969147 3.237824
v 5.333167 92.150795 2.665577
v 4.677557 92.261505 2.948577
v 4.026651 91.840828 3.346639
v 5.204819 92.230949 2.72423
v 4.512276 92.224846 3.038328
v 3.916008 91.690346 3.460832
v 5.563177 91.938339 2.574165
v 5.6 91.980568 2.586119
v 5.060065 92.287888 2.791161
v 4.351119 92.159462 3.134894
v 3.828369 91.521179 3.57987
v 5.486201 92.06002 2.615478
v 4.903098 92.319 2.86606
v 4.198949 92.066307 3.237824
v 5.385026 92.167252 2.665577
v 4.738498 92.322441 2.948577
v 4.060402 91.947174 3.346639
v 5.262446 92.255974 2.72423
v 4.571102 92.29715 3.038328
v 3.939749 91.804596 3.460832
v 5.121915 92.322662 2.791161
v 4.405858 92.24292 3.134894
v 3.840769 91.6418 3.57987
v 5.531507 92.066246 2.615478
v 4.967437 92.364418 2.86606
v 4.247686 92.16037 3.237824
v 3.766647 91.462631 3.703198
v 5.437886 92.180138 2.665577
v 4.803456 92.379082 2.948577
v 4.101332 92.050964 3.346639
v 5.321647 92.277016 2.72423
v 4.634724 92.365273 3.038328
v 3.971229 91.916946 3.460832
v 5.185994 92.353134 2.791161
v 4.466165 92.322441 3.134894
v 3.861372 91.761292 3.57987
v 5.577134 92.069366 2.615478
v 5.6 92.073776 2.616912
v 5.6 92.165367 2.652241
v 5.034726 92.405342 2.86606
v 4.302728 92.250877 3.237824
v 3.775195 91.587593 3.703198
v 5.491502 92.189384 2.665577
v 4.872128 92.43116 2.948577
v 4.149249 92.151718 3.346639
v 5.382146 92.293968 2.72423
v 4.702847 92.428902 3.038328
v 4.010304 92.026894 3.460832
v 5.252004 92.379166 2.791161
v 4.531757 92.397667 3.134894
v 3.89008 91.879097 3.57987
v 5.10465 92.441574 2.86606
v 4.363819 92.337425 3.237824
v 3.792251 91.711685 3.703198
v 5.545624 92.194946 2.665577
v 5.6 92.255112 2.692021
v 4.944194 92.478424 2.948577
v 4.20393 92.24897 3.346639
v 3.719872 91.528603 3.830241
v 5.44366 92.306747 2.72423
v 4.775153 92.487724 3.038328
v 4.056791 92.133919 3.460832
v 5.319636 92.400635 2.791161
v 4.602331 92.468239 3.134894
v 3.926761 91.994667 3.57987
v 5.176885 92.472946 2.86606
v 4.430673 92.419601 3.237824
v 3.817735 91.834328 3.703198
v 5.019317 92.520668 2.948577
v 4.265121 92.342262 3.346639
v 3.733031 91.656609 3.830241
v 5.505904 92.315308 2.72423
v 4.851305 92.541481 3.038328
v 4.110473 92.237518 3.460832
v 3.675288 91.465752 3.960407
v 5.388575 92.417435 2.791161
v 4.677557 92.533836 3.134894
v 3.971243 92.107468 3.57987
v 5.251091 92.499321 2.86606
v 4.502979 92.497025 3.237824
v 3.85153 91.954941 3.703198
v 5.097148 92.557678 2.948577
v 4.332534 92.43116 3.346639
v 3.754895 91.783417 3.830241
v 5.568586 92.319595 2.72423
v 5.6 92.342796 2.736157
v 4.930947 92.589912 3.038328
v 4.1711 92.337219 3.460832
v 3.684262 91.596947 3.960407
v 5.4585 92.429489 2.791161
v 4.757082 92.594139 3.134894
v 4.02332 92.216972 3.57987
v 5.326925 92.520569 2.86606
v 4.5804 92.569328 3.237824
v 3.893476 92.072968 3.703198
v 5.177323 92.589302 2.948577
v 4.405858 92.515251 3.346639
v 3.785361 91.90844 3.830241
v 5.01371 92.63279 3.038328
v 4.238389 92.432541 3.460832
v 3.702168 91.727219 3.960407
v 5.529085 92.436745 2.791161
v 5.6 92.428207 2.784543
v 5.6 92.511139 2.837061
v 4.840539 92.64888 3.134894
v 4.082747 92.322662 3.57987
v 3.646397 91.53363 4.093088
v 5.404032 92.536591 2.86606
v 4.662574 92.636185 3.237824
v 3.943379 92.187851 3.703198
v 5.259469 92.615372 2.948577
v 4.484749 92.594139 3.346639
v 3.824289 92.03109 3.830241
v 5.099205 92.66993 3.038328
v 4.312026 92.523056 3.460832
v 3.728923 91.855972 3.960407
v 4.927536 92.6978 3.134894
v 4.149249 92.424049 3.57987
v 3.66007 91.666634 4.093088
v 5.482052 92.547318 2.86606
v 4.749119 92.697273 3.237824
v 4.001006 92.299072 3.703198
v 3.619783 91.467644 4.227667
v 5.343203 92.635773 2.948577
v 4.568841 92.667465 3.346639
v 3.871495 92.150795 3.830241
v 5.187036 92.701141 3.038328
v 4.391668 92.60833 3.460832
v 3.764401 91.98259 3.960407
v 5.017668 92.740662 3.134894
v 4.222515 92.520668 3.57987
v 3.682789 91.798401 4.093088
v 5.560623 92.552689 2.86606
v 5.6 92.5914 2.893585
v 4.839632 92.752312 3.237824
v 4.066089 92.40609 3.703198
v 3.629016 91.602623 4.227667
v 5.428134 92.650421 2.948577
v 4.657739 92.734879 3.346639
v 3.926761 92.267006 3.830241
v 5.276792 92.726295 3.038328
v 4.476945 92.687973 3.460832
v 3.808438 92.106499 3.960407
v 5.110516 92.777275 3.134894
v 4.302203 92.612061 3.57987
v 3.714446 91.928307 4.093088
v 4.93369 92.801048 3.237824
v 4.138323 92.508423 3.703198
v 3.647438 91.736656 4.227667
v 5.513866 92.659233 2.948577
v 5.6 92.668785 2.953979
v 5.6 92.743118 3.018098
v 4.751031 92.796066 3.346639
v 3.989828 92.379166 3.830241
v 3.609314 91.536163 4.363515
v 5.368054 92.745255 3.038328
v 4.567457 92.761612 3.460832
v 3.860827 92.227112 3.960407
v 5.205646 92.807472 3.134894
v 4.387942 92.6978 3.57987
v 3.754895 92.055748 4.093088
v 5.030854 92.843254 3.237824
v 4.217372 92.605591 3.703198
v 3.674964 91.869118 4.227667
v 4.848281 92.850754 3.346639
v 4.060402 92.486763 3.830241
v 3.623247 91.6717 4.363515
v 5.460399 92.75795 3.038328
v 4.662784 92.828903 3.460832
v 3.921326 92.343872 3.960407
v 5.302614 92.8311 3.134894
v 4.479332 92.777489 3.57987
v 3.803946 92.180138 4.093088
v 5.130672 92.878731 3.237824
v 4.302867 92.697136 3.703198
v 3.711466 91.999397 4.227667
v 4.949037 92.898666 3.346639
v 4.138155 92.589302 3.830241
v 3.646397 91.805962 4.363515
v 5.553394 92.764313 3.038328
v 5.6 92.814217 3.085786
v 4.762481 92.889526 3.460832
v 3.989651 92.45623 3.960407
v 5.400969 92.848061 3.134894
v 4.575948 92.850754 3.57987
v 3.861372 92.300888 4.093088
v 5.232678 92.90731 3.237824
v 4.394411 92.782631 3.703198
v 3.756773 92.126877 4.227667
v 5.052827 92.939598 3.346639
v 4.222723 92.686287 3.830241
v 3.678655 91.938339 4.363515
v 4.866082 92.943207 3.460832
v 4.065485 92.56366 3.960407
v 5.500252 92.858261 3.134894
v 5.6 92.881905 3.156882
v 4.677338 92.917252 3.57987
v 3.926903 92.417435 4.093088
v 5.336397 92.928864 3.237824
v 4.491575 92.861679 3.703198
v 3.810673 92.250969 4.227667
v 5.159168 92.973351 3.346639
v 4.313714 92.777275 3.830241
v 3.719872 92.068199 4.363515
v 4.973105 92.989693 3.460832
v 4.148473 92.665665 3.960407
v 4.78303 92.976677 3.57987
v 4.000236 92.529236 4.093088
v 5.441345 92.943291 3.237824
v 4.593907 92.933914 3.703198
v 3.872916 92.371094 4.227667
v 5.267565 92.999763 3.346639
v 4.410701 92.861847 3.830241
v 3.769854 92.194946 4.363515
v 5.083051 93.02877 3.460832
v 4.238229 92.761772 3.960407
v 4.892531 93.028755 3.57987
v 4.081027 92.635773 4.093088
v 5.547033 92.950516 3.237824
v 5.6 92.946022 3.231213
v 5.6 93.006416 3.308601
v 4.700931 92.998993 3.703198
v 3.943212 92.486687 4.227667
v 5.377512 93.018723 3.346639
v 4.513233 92.939598 3.830241
v 3.828369 92.317986 4.363515
v 5.195408 93.060249 3.460832
v 4.334334 92.851524 3.960407
v 5.005331 93.073242 3.57987
v 4.1689 92.736557 4.093088
v 4.812146 93.056618 3.703198
v 4.021233 92.597214 4.227667
v 5.488496 93.030128 3.346639
v 5.6 93.062943 3.38886
v 4.620833 93.01017 3.830241
v 3.895145 92.436745 4.363515
v 5.30965 93.083992 3.460832
v 4.436341 92.934517 3.960407
v 5.120903 93.109917 3.57987
v 4.263446 92.8311 4.093088
v 4.927034 93.106522 3.703198
v 4.106614 92.702164 4.227667
v 4.732997 93.073242 3.830241
v 3.969869 92.550674 4.363515
v 5.425247 93.099876 3.460832
v 4.543772 93.010345 3.960407
v 5.238709 93.138626 3.57987
v 4.364223 92.918976 4.093088
v 5.045061 93.148468 3.703198
v 4.198958 92.801041 4.227667
v 4.849205 93.128502 3.830241
v 4.052194 92.659233 4.363515
v 5.541658 93.107841 3.460832
v 5.6 93.115456 3.471795
v 5.6 93.163841 3.557207
v 4.656129 93.078674 3.960407
v 5.358199 93.159233 3.57987
v 4.470763 92.999763 4.093088
v 5.165674 93.182266 3.703198
v 4.297835 92.893387 4.227667
v 4.968912 93.175713 3.830241
v 4.141736 92.761925 4.363515
v 4.772886 93.139175 3.960407
v 5.478817 93.171631 3.57987
v 5.6 93.207977 3.64489
v 4.582567 93.073097 4.093088
v 5.288312 93.207748 3.703198
v 4.402783 92.978767 4.227667
v 5.091562 93.214638 3.830241
v 4.238076 92.858261 4.363515
v 4.893499 93.191559 3.960407
v 4.699115 93.138626 4.093088
v 5.412405 93.224808 3.703198
v 4.513313 93.056786 4.227667
v 5.216583 93.245102 3.830241
v 4.340766 92.947807 4.363515
v 5.017407 93.235596 3.960407
v 4.819864 93.196053 4.093088
v 5.537371 93.233353 3.703198
v 5.6 93.247757 3.734633
v 4.62891 93.127083 4.227667
v 5.343391 93.266968 3.830241
v 4.449328 93.030128 4.363515
v 5.144031 93.27108 3.960407
v 4.94425 93.245102 4.093088
v 4.749033 93.189323 4.227667
v 5.471395 93.280128 3.830241
v 5.6 93.283089 3.82622
v 5.6 93.313881 3.919431
v 4.563255 93.104858 4.363515
v 5.272781 93.297829 3.960407
v 5.071692 93.285553 4.093088
v 4.873126 93.243225 4.227667
v 4.682015 93.171631 4.363515
v 5.403056 93.315735 3.960407
v 5.201599 93.317215 4.093088
v 5.000606 93.288536 4.227667
v 4.805055 93.230148 4.363515
v 5.53425 93.324715 3.960407
v 5.6 93.340065 4.01404
v 5.333363 93.339928 4.093088
v 5.130882 93.325035 4.227667
v 4.931802 93.280128 4.363515
v 5.46637 93.3536 4.093088
v 5.6 93.361572 4.109819
v 5.6 93.378349 4.206539
v 5.263344 93.352562 4.227667
v 5.061665 93.321342 4.363515
v 5.397377 93.370987 4.227667
v 5.194036 93.3536 4.363515
v 5.532354 93.380219 4.227667
v 5.6 93.390373 4.303966
v 5.328301 93.376755 4.363515
v 5.463833 93.390686 4.363515
v 19.799999 26.049999 2.5
v 19.799999 37.275002 2.5
v 52.200001 26.049999 2.5
v 19.799999 59.724998 2.5
v 52.200001 37.275002 2.5
v 19.799999 70.949997 2.5
v 52.200001 59.724998 2.5
v 52.200001 70.949997 2.5
v 52.200001 26.049999 3.5
v 19.799999 26.049999 3.5
v 19.799999 37.275002 3.5
v 52.200001 37.275002 3.5
v 52.200001 59.724998 3.5
v 19.799999 59.724998 3.5
v 52.200001 70.949997 3.5
v 19.799999 70.949997 3.5
vn -1.0 0.0 0.0
vn -1.0 0.0 0.0
vn -1.0 0.0 0.0
vn -1.0 0.0 0.0
vn -1.0 0.0 0.0
vn -1.0 0.0 0.0
vn -1.0 0.0 0.0
vn -1.0 0.0 0.0
vn -1.0 0.0 0.0
vn -1.0 0.0 0.0
vn -1.0 0.0 0.0
vn -1.0 0.0 0.0
vn -1.0 0.0 0.0
vn -1.0 0.0 0.0
vn -1.0 0.0 0.0
vn -1.0 0.0 0.0
vn -1.0 0.0 0.0
vn -1.0 0.0 0.0
vn -1.0 0.0 0.0
vn -1.0 0.0 0.0
vn -1.0 0.0 0.0
vn -1.0 0.0 0.0
vn -1.0 0.0 0.0
vn -1.0 0.0 0.0
vn -1.0 0.0 0.0
vn -1.0 0.0 0.0
vn -1.0 0.0 0.0
vn -1.0 0.0 0.0
vn -1.0 0.0 0.0
vn -1.0 0.0 0.0
vn -1.0 0.0 -0.0
vn -1.0 -0.0 0.0
vn -1.0 0.0 0.0
vn -1.0 -0.0 0.0
vn -1.0 -0.0 0.0
vn -1.0 -0.0 0.0
vn -1.0 -0.0 0.0
vn -1.0 -0.0 0.0
vn -1.0 -0.0 0.0
vn -1.0 -0.0 0.0
vn -1.0 -0.0 0.0
vn -1.0 -0.0 0.0
vn -1.0 -0.0 0.0
vn -1.0 -0.0 0.0
vn -1.0 -0.0 0.0
vn -1.0 -0.0 0.0
vn -1.0 -0.0 0.0
vn -1.0 -0.0 0.0
vn -1.0 -0.0 0.0
vn -1.0 -0.0 0.0
vn -1.0 -0.0 0.0
vn -1.0 -0.0 0.0
vn -1.0 -0.0 0.0
vn -1.0 -0.0 0.0
vn -1.0 -0.0 0.0
vn -1.0 -0.0 0.0
vn -1.0 -0.0 0.0
vn -1.0 -0.0 0.0
vn -1.0 -0.0 0.0
vn -1.0 -0.0 0.0
vn -1.0 -0.0 0.0
vn -1.0 -0.0 0.0
vn -1.0 -0.0 0.0
vn -1.0 0.0 -0.0
vn -1.0 -0.0 -0.0
vn -1.0 -0.0 0.0
vn -1.0 -0.0 0.0
vn -1.0 -0.0 0.0
vn -1.0 -0.0 0.0
vn -1.0 -0.0 0.0
vn -1.0 -0.0 0.0
vn -1.0 -0.0 0.0
vn -1.0 -0.0 0.0
vn -1.0 -0.0 0.0
vn -1.0 -0.0 0.0
vn -1.0 -0.0 0.0
vn -1.0 -0.0 0.0
vn -1.0 -0.0 0.0
vn -1.0 -0.0 0.0
vn -1.0 -0.0 0.0
vn -1.0 -0.0 0.0
vn -1.0 -0.0 0.0
vn -1.0 -0.0 0.0
vn -1.0 -0.0 0.0
vn -1.0 -0.0 0.0
vn -1.0 -0.0 0.0
vn -1.0 -0.0 0.0
vn -1.0 -0.0 0.0
vn -1.0 -0.0 0.0
vn -1.0 -0.0 0.0
vn -1.0 -0.0 0.0
vn -1.0 -0.0 0.0
vn -1.0 -0.0 0.0
vn -1.0 -0.0 0.0
vn -1.0 -0.0 -0.0
vn -1.0 -0.0 0.0
vn -1.0 -0.0 0.0
vn -1.0 0.0 0.0
vn -1.0 0.0 0.0
vn -1.0 0.0 0.0
vn -1.0 0.0 0.0
vn -1.0 0.0 0.0
vn -1.0 0.0 0.0
vn -1.0 0.0 0.0
vn -1.0 0.0 0.0
vn -1.0 0.0 0.0
vn -1.0 0.0 0.0
vn -1.0 0.0 0.0
vn -1.0 0.0 0.0
vn -1.0 0.0 0.0
vn -1.0 0.0 0.0
vn -1.0 0.0 0.0
vn -1.0 0.0 0.0
vn -1.0 0.0 0.0
vn -1.0 0.0 0.0
vn -1.0 0.0 0.0
vn -1.0 0.0 0.0
vn -1.0 0.0 0.0
vn -1.0 0.0 0.0
vn -1.0 0.0 0.0
vn -1.0 0.0 0.0
vn -1.0 0.0 0.0
vn -1.0 0.0 0.0
vn -1.0 0.0 0.0
vn -1.0 0.0 0.0
vn -1.0 0.0 0.0
vn -1.0 0.0 0.0
vn -1.0 -0.0 -0.0
vn -1.0 0.0 0.0
vn -1.0 0.0 0.0
vn -0.0 -1.0 0.0
vn 0.0 -1.0 0.0
vn -0.0 -1.0 0.0
vn 0.0 -1.0 0.0
vn -0.0 -1.0 0.0
vn 0.0 -1.0 0.0
vn -0.0 -1.0 0.0
vn 0.0 -1.0 0.0
vn -0.0 -1.0 0.0
vn 0.0 -1.0 0.0
vn -0.0 -1.0 0.0
vn 0.0 -1.0 0.0
vn -0.0 -1.0 0.0
vn 0.0 -1.0 0.0
vn -0.0 -1.0 0.0
vn 0.0 -1.0 0.0
vn -0.0 -1.0 0.0
vn 0.0 -1.0 0.0
vn -0.0 -1.0 0.0
vn 0.0 -1.0 0.0
vn -0.0 -1.0 0.0
vn 0.0 -1.0 0.0
vn -0.0 -1.0 0.0
vn 0.0 -1.0 0.0
vn -0.0 -1.0 0.0
vn 0.0 -1.0 0.0
vn -0.0 -1.0 0.0
vn 0.0 -1.0 0.0
vn -0.0 -1.0 0.0
vn 0.0 -1.0 0.0
vn -0.0 -1.0 0.0
vn -0.0 -1.0 0.0
vn 0.0 -1.0 0.0
vn 0.0 -1.0 0.0
vn 0.0 -1.0 0.0
vn 0.0 -1.0 0.0
vn 0.0 -1.0 0.0
vn 0.0 -1.0 0.0
vn 0.0 -1.0 0.0
vn 0.0 -1.0 0.0
vn 0.0 -1.0 0.0
vn 0.0 -1.0 0.0
vn 0.0 -1.0 0.0
vn 0.0 -1.0 0.0
vn 0.0 -1.0 0.0
vn 0.0 -1.0 0.0
vn 0.0 -1.0 0.0
vn 0.0 -1.0 0.0
vn 0.0 -1.0 0.0
vn 0.0 -1.0 0.0
vn 0.0 -1.0 0.0
vn 0.0 -1.0 0.0
vn 0.0 -1.0 0.0
vn 0.0 -1.0 0.0
vn 0.0 -1.0 0.0
vn 0.0 -1.0 0.0
vn 0.0 -1.0 0.0
vn 0.0 -1.0 0.0
vn 0.0 -1.0 0.0
vn 0.0 -1.0 0.0
vn 0.0 -1.0 0.0
vn 0.0 -1.0 0.0
vn 0.0 -1.0 0.0
vn 0.0 -1.0 0.0
vn 0.0 -1.0 0.0
vn 0.0 -1.0 0.0
vn 0.0 -1.0 0.0
vn 0.0 -1.0 0.0
vn 0.0 -1.0 0.0
vn 0.0 -1.0 0.0
vn 0.0 0.0 1.0
vn 0.0 0.0 1.0
vn 0.0 0.0 1.0
vn 0.0 0.0 1.0
vn 0.0 0.0 1.0
vn 0.0 0.0 1.0
vn 0.0 0.0 1.0
vn 0.0 0.0 1.0
vn 0.0 0.0 1.0
vn 0.0 0.0 1.0
vn 0.0 0.0 1.0
vn 0.0 0.0 1.0
vn 0.0 0.0 1.0
vn 0.0 0.0 1.0
vn 0.0 0.0 1.0
vn 0.0 0.0 1.0
vn 0.0 0.0 1.0
vn 0.0 0.0 1.0
vn 0.0 0.0 1.0
vn 0.0 0.0 1.0
vn 0.0 0.0 1.0
vn 0.0 0.0 1.0
vn 0.0 0.0 1.0
vn 0.0 0.0 1.0
vn 0.0 0.0 1.0
vn 0.0 0.0 1.0
vn 0.0 0.0 1.0
vn 0.0 0.0 1.0
vn 0.0 0.0 1.0
vn 0.0 0.0 1.0
vn 0.0 0.0 1.0
vn 0.0 0.0 1.0
vn 0.0 0.0 1.0
vn 0.0 0.0 1.0
vn 0.0 0.0 1.0
vn 0.0 0.0 1.0
vn 0.0 0.0 1.0
vn 0.0 0.0 1.0
vn 0.0 0.0 1.0
vn 0.0 0.0 1.0
vn 0.0 0.0 1.0
vn 0.0 0.0 1.0
vn 0.0 0.0 1.0
vn 0.0 0.0 1.0
vn 0.0 0.0 1.0
vn 0.0 0.0 1.0
vn 0.0 0.0 1.0
vn 0.0 0.0 1.0
vn 0.0 0.0 1.0
vn 0.0 0.0 1.0
vn 0.0 0.0 1.0
vn 0.0 0.0 1.0
vn 0.0 0.0 1.0
vn 0.0 0.0 1.0
vn 0.0 0.0 1.0
vn 0.0 0.0 1.0
vn 0.0 0.0 1.0
vn 0.0 0.0 1.0
vn 0.0 0.0 1.0
vn 0.0 0.0 1.0
vn 0.0 0.0 1.0
vn 0.0 0.0 1.0
vn 0.0 0.0 1.0
vn 0.0 0.0 1.0
vn 0.0 0.0 1.0
vn 0.0 0.0 1.0
vn 0.0 0.0 1.0
vn 0.0 0.0 1.0
vn 0.0 0.0 1.0
vn 0.0 0.0 1.0
vn 0.0 0.0 1.0
vn 0.0 0.0 1.0
vn 0.0 0.0 1.0
vn 0.0 0.0 1.0
vn 0.0 0.0 1.0
vn 0.0 0.0 1.0
vn 0.0 0.0 1.0
vn 0.0 0.0 1.0
vn 0.0 0.0 1.0
vn 0.0 0.0 1.0
vn 0.0 0.0 1.0
vn 0.0 0.0 1.0
vn 0.0 0.0 1.0
vn 0.0 0.0 1.0
vn 0.0 0.0 1.0
vn 0.0 0.0 1.0
vn 0.0 0.0 1.0
vn 0.0 0.0 1.0
vn 0.0 0.0 1.0
vn 0.0 0.0 1.0
vn 0.0 0.0 1.0
vn 0.0 0.0 1.0
vn 0.0 0.0 1.0
vn 0.0 0.0 1.0
vn 0.0 0.0 1.0
vn 0.0 0.0 1.0
vn 0.0 0.0 1.0
vn 0.0 0.0 1.0
vn 0.0 0.0 1.0
vn 0.0 0.0 1.0
vn 0.0 0.0 1.0
vn 0.0 0.0 1.0
vn 0.0 0.0 1.0
vn 0.0 0.0 1.0
vn 0.0 0.0 1.0
vn 0.0 0.0 1.0
vn 0.0 0.0 1.0
vn 0.0 0.0 1.0
vn 0.0 0.0 1.0
vn 0.0 0.0 1.0
vn 0.0 0.0 1.0
vn 0.0 0.0 1.0
vn 0.0 0.0 1.0
vn 0.0 0.0 1.0
vn 0.0 0.0 1.0
vn 0.0 0.0 1.0
vn 0.0 0.0 1.0
vn 0.0 0.0 1.0
vn 0.0 0.0 1.0
vn 0.0 0.0 1.0
vn 0.0 0.0 1.0
vn 0.0 0.0 1.0
vn 0.0 0.0 1.0
vn 0.0 0.0 1.0
vn 0.0 0.0 1.0
vn 0.0 0.0 1.0
vn 0.0 0.0 1.0
vn 0.0 0.0 1.0
vn 0.0 0.0 1.0
vn 0.0 0.0 1.0
vn 0.0 0.0 1.0
vn 0.0 0.0 1.0
vn 0.0 0.0 1.0
vn 0.0 0.0 1.0
vn 0.0 0.0 1.0
vn 0.0 0.0 1.0
vn 0.0 0.0 1.0
vn 0.0 0.0 1.0
vn 0.0 0.0 1.0
vn 0.0 0.0 1.0
vn 0.0 0.0 1.0
vn 0.0 0.0 1.0
vn 0.0 0.0 1.0
vn 0.0 0.0 1.0
vn 0.0 0.0 1.0
vn 0.0 0.0 1.0
vn 0.0 0.0 1.0
vn 0.0 0.0 1.0
vn 0.0 0.0 1.0
vn 0.0 0.0 1.0
vn 0.0 0.0 1.0
vn 0.0 0.0 1.0
vn 0.0 0.0 1.0
vn 0.0 0.0 1.0
vn 0.0 0.0 1.0
vn 0.0 0.0 1.0
vn 0.0 0.0 1.0
vn 0.0 0.0 1.0
vn 0.0 0.0 1.0
vn 0.0 0.0 1.0
vn 0.0 0.0 1.0
vn 0.0 0.0 1.0
vn 0.0 0.0 1.0
vn 0.0 0.0 1.0
vn 0.0 0.0 1.0
vn 0.0 0.0 1.0
vn 0.0 0.0 1.0
vn 0.0 0.0 1.0
vn 0.0 0.0 1.0
vn 0.0 0.0 1.0
vn 0.0 0.0 1.0
vn 0.0 0.0 1.0
vn 0.0 0.0 1.0
vn 0.0 0.0 1.0
vn 0.0 0.0 1.0
vn 0.0 0.0 1.0
vn 0.0 0.0 1.0
vn 0.0 0.0 1.0
vn 0.0 0.0 1.0
vn 0.0 0.0 1.0
vn 0.0 0.0 1.0
vn 0.0 0.0 1.0
vn 0.0 0.0 1.0
vn 0.0 0.0 1.0
vn 0.0 0.0 1.0
vn 0.0 0.0 1.0
vn 0.0 0.0 1.0
vn 0.0 0.0 1.0
vn 0.0 0.0 1.0
vn 0.0 0.0 1.0
vn 0.0 0.0 1.0
vn 0.0 0.0 1.0
vn 0.0 0.0 1.0
vn 0.0 0.0 1.0
vn 0.0 0.0 1.0
vn 0.0 0.0 1.0
vn 0.0 0.0 1.0
vn 0.0 0.0 1.0
vn 0.0 0.0 1.0
vn 0.0 0.0 1.0
vn 0.0 0.0 1.0
vn 0.0 0.0 1.0
vn 0.0 0.0 1.0
vn 0.0 0.0 1.0
vn 0.0 0.0 1.0
vn 0.0 0.0 1.0
vn 0.0 0.0 1.0
vn 0.0 0.0 1.0
vn 0.0 0.0 1.0
vn 0.0 0.0 1.0
vn 0.0 0.0 1.0
vn 0.0 0.0 1.0
vn 0.0 0.0 1.0
vn 0.0 0.0 1.0
vn 0.0 0.0 1.0
vn 0.0 0.0 1.0
vn 0.0 0.0 1.0
vn 0.0 0.0 1.0
vn 0.0 0.0 1.0
vn 0.0 0.0 1.0
vn 0.0 0.0 1.0
vn 0.0 0.0 1.0
vn 0.0 0.0 1.0
vn 0.0 0.0 1.0
vn 0.0 0.0 1.0
vn 0.0 0.0 1.0
vn 0.0 0.0 1.0
vn 0.0 0.0 1.0
vn 0.0 0.0 1.0
vn 0.0 0.0 1.0
vn 0.0 0.0 1.0
vn 0.0 0.0 1.0
vn 0.0 0.0 1.0
vn 0.0 0.0 1.0
vn 0.0 0.0 1.0
vn 0.0 0.0 1.0
vn 0.0 0.0 1.0
vn 0.0 0.0 1.0
vn 0.0 0.0 1.0
vn 0.0 0.0 1.0
vn 0.0 0.0 1.0
vn 0.0 0.0 1.0
vn 0.0 0.0 1.0
vn 0.0 0.0 1.0
vn 0.0 0.0 1.0
vn 0.0 0.0 1.0
vn 0.0 0.0 1.0
vn 0.0 0.0 1.0
vn 0.0 0.0 1.0
vn 0.0 0.0 1.0
vn 0.0 0.0 1.0
vn 0.0 0.0 1.0
vn 0.0 0.0 1.0
vn 0.0 0.0 1.0
vn 0.0 0.0 1.0
vn 0.0 0.0 1.0
vn 0.0 0.0 1.0
vn 0.0 0.0 1.0
vn 0.0 0.0 1.0
vn 0.0 0.0 1.0
vn 0.0 0.0 1.0
vn 0.0 0.0 1.0
vn 0.0 0.0 1.0
vn 0.0 0.0 1.0
vn 0.0 0.0 1.0
vn 0.0 0.0 1.0
vn 0.0 0.0 1.0
vn 0.0 0.0 1.0
vn 0.0 0.0 1.0
vn 0.0 0.0 1.0
vn 0.0 0.0 1.0
vn 0.0 0.0 1.0
vn 0.0 0.0 1.0
vn 0.0 0.0 1.0
vn 0.0 0.0 1.0
vn 0.0 0.0 1.0
vn 0.0 0.0 1.0
vn 0.0 0.0 1.0
vn 0.0 0.0 1.0
vn 0.0 0.0 1.0
vn 0.0 0.0 1.0
vn 0.0 0.0 1.0
vn 0.0 0.0 1.0
vn 0.0 0.0 1.0
vn 0.0 0.0 1.0
vn 0.0 0.0 1.0
vn 0.0 0.0 1.0
vn 0.0 0.0 1.0
vn 0.0 0.0 1.0
vn 0.0 0.0 1.0
vn 0.0 0.0 1.0
vn 0.0 0.0 1.0
vn 0.0 0.0 1.0
vn 0.0 0.0 1.0
vn 0.0 0.0 1.0
vn 0.0 0.0 1.0
vn 0.0 0.0 1.0
vn 0.0 0.0 1.0
vn 0.0 0.0 1.0
vn 0.0 0.0 1.0
vn 0.0 0.0 1.0
vn 0.0 0.0 1.0
vn 0.0 0.0 1.0
vn 0.0 0.0 1.0
vn 0.0 0.0 1.0
vn 0.0 0.0 1.0
vn 0.0 0.0 1.0
vn 0.0 0.0 1.0
vn 0.0 0.0 1.0
vn 0.0 0.0 1.0
vn 0.0 0.0 1.0
vn 0.0 0.0 1.0
vn 0.0 0.0 1.0
vn 0.0 0.0 1.0
vn 0.0 0.0 1.0
vn 0.0 0.0 1.0
vn 0.0 0.0 1.0
vn 0.0 0.0 1.0
vn 0.0 0.0 1.0
vn 0.0 0.0 1.0
vn 0.0 0.0 1.0
vn 0.0 0.0 1.0
vn 0.0 0.0 1.0
vn 0.0 0.0 1.0
vn 0.0 0.0 1.0
vn 0.0 0.0 1.0
vn 0.0 0.0 1.0
vn 0.0 0.0 1.0
vn 0.0 0.0 1.0
vn 0.0 0.0 1.0
vn 0.0 0.0 1.0
vn 0.0 0.0 1.0
vn 0.0 0.0 1.0
vn 0.0 0.0 1.0
vn 0.0 0.0 1.0
vn 0.0 0.0 1.0
vn 0.0 0.0 1.0
vn 0.0 0.0 1.0
vn 0.0 0.0 1.0
vn 0.0 0.0 1.0
vn 0.0 0.0 1.0
vn 0.0 0.0 1.0
vn 0.0 0.0 1.0
vn 0.0 0.0 1.0
vn 0.0 0.0 1.0
vn 0.0 0.0 1.0
vn 0.0 0.0 1.0
vn 0.0 0.0 1.0
vn 0.0 0.0 1.0
vn 0.0 0.0 1.0
vn 0.0 0.0 1.0
vn 0.0 0.0 1.0
vn 0.0 0.0 1.0
vn 0.0 0.0 1.0
vn 0.0 0.0 1.0
vn 0.0 0.0 1.0
vn 0.0 0.0 1.0
vn 0.0 0.0 1.0
vn 0.0 0.0 1.0
vn 0.0 0.0 1.0
vn 0.0 0.0 1.0
vn 0.0 0.0 1.0
vn 0.0 0.0 1.0
vn 0.0 0.0 1.0
vn 0.0 0.0 1.0
vn 0.0 0.0 1.0
vn 0.0 0.0 1.0
vn 0.0 0.0 1.0
vn 0.0 0.0 1.0
vn 0.0 0.0 1.0
vn 0.0 0.0 1.0
vn 0.0 0.0 1.0
vn 0.0 0.0 1.0
vn 0.0 0.0 1.0
vn 0.0 0.0 1.0
vn 0.0 0.0 1.0
vn 0.0 0.0 1.0
vn 0.0 0.0 1.0
vn 0.0 0.0 1.0
vn 0.0 0.0 1.0
vn 0.0 0.0 1.0
vn 0.0 0.0 1.0
vn 0.0 0.0 1.0
vn 0.0 0.0 1.0
vn 0.0 0.0 1.0
vn 0.0 0.0 1.0
vn 0.0 0.0 1.0
vn 0.0 0.0 1.0
vn 0.0 0.0 1.0
vn 0.0 0.0 1.0
vn 0.0 0.0 1.0
vn 0.0 0.0 1.0
vn 0.0 0.0 1.0
vn 0.0 0.0 1.0
vn 0.0 0.0 1.0
vn 0.0 0.0 1.0
vn 0.0 0.0 1.0
vn 0.0 0.0 1.0
vn 0.0 0.0 1.0
vn 0.0 0.0 1.0
vn 0.0 0.0 1.0
vn 0.0 0.0 1.0
vn 0.0 0.0 1.0
vn 0.0 0.0 1.0
vn 0.0 0.0 1.0
vn 0.0 0.0 1.0
vn 0.0 0.0 1.0
vn 0.0 0.0 1.0
vn 0.0 0.0 1.0
vn 0.0 0.0 1.0
vn 0.0 0.0 1.0
vn 0.0 0.0 1.0
vn 0.0 0.0 1.0
vn 0.0 0.0 1.0
vn 0.0 0.0 1.0
vn 0.0 0.0 1.0
vn 0.0 0.0 1.0
vn 0.0 0.0 1.0
vn 0.0 0.0 1.0
vn 0.0 0.0 1.0
vn 0.0 0.0 1.0
vn 0.0 0.0 1.0
vn 0.0 0.0 1.0
vn 0.0 0.0 1.0
vn 0.0 0.0 1.0
vn 0.0 0.0 1.0
vn 0.0 0.0 1.0
vn 0.0 0.0 1.0
vn 0.0 0.0 1.0
vn 0.0 0.0 1.0
vn 0.0 0.0 1.0
vn 0.0 0.0 1.0
vn 0.0 0.0 1.0
vn 0.0 0.0 1.0
vn 0.0 0.0 1.0
vn 0.0 0.0 1.0
vn 0.0 0.0 1.0
vn 0.0 0.0 1.0
vn 0.0 0.0 1.0
vn 0.0 0.0 1.0
vn 0.0 0.0 1.0
vn 0.0 0.0 1.0
vn 0.0 0.0 1.0
vn 0.0 0.0 1.0
vn 0.0 0.0 1.0
vn 0.0 0.0 1.0
vn 0.0 0.0 1.0
vn 0.0 0.0 1.0
vn 0.0 0.0 1.0
vn 0.0 0.0 1.0
vn 0.0 0.0 1.0
vn 0.0 0.0 1.0
vn 0.0 0.0 1.0
vn 0.0 0.0 1.0
vn 0.0 0.0 1.0
vn 0.0 0.0 1.0
vn 0.0 0.0 1.0
vn 0.0 0.0 1.0
vn 0.0 0.0 1.0
vn 0.0 0.0 1.0
vn 0.0 0.0 1.0
vn 0.0 0.0 1.0
vn 0.0 0.0 1.0
vn 0.0 0.0 1.0
vn 0.0 0.0 1.0
vn 0.0 0.0 1.0
vn 0.0 0.0 1.0
vn 0.0 0.0 1.0
vn 0.0 0.0 1.0
vn 0.0 0.0 1.0
vn 0.0 0.0 1.0
vn 0.0 0.0 1.0
vn 0.0 0.0 1.0
vn 0.0 0.0 1.0
vn 0.0 0.0 1.0
vn 0.0 0.0 1.0
vn 0.0 0.0 1.0
vn 0.0 0.0 1.0
vn 0.0 0.0 1.0
vn 0.0 0.0 1.0
vn 0.0 0.0 1.0
vn 0.0 0.0 1.0
vn 0.0 0.0 1.0
vn 0.0 0.0 1.0
vn 0.0 0.0 1.0
vn 0.0 0.0 1.0
vn 0.0 0.0 1.0
vn 0.0 0.0 1.0
vn 0.0 0.0 1.0
vn 0.0 0.0 1.0
vn 0.0 0.0 1.0
vn 0.0 0.0 1.0
vn 0.0 0.0 1.0
vn 0.0 0.0 1.0
vn 0.0 0.0 1.0
vn 0.0 0.0 1.0
vn 0.0 0.0 1.0
vn 0.0 0.0 1.0
vn 0.0 0.0 1.0
vn 0.0 0.0 1.0
vn 0.0 0.0 1.0
vn 0.0 0.0 1.0
vn 0.0 0.0 1.0
vn 0.0 0.0 1.0
vn 0.0 0.0 1.0
vn 0.0 0.0 1.0
vn 0.0 0.0 1.0
vn 0.0 0.0 1.0
vn 0.0 0.0 1.0
vn 0.0 0.0 1.0
vn 0.0 0.0 1.0
vn 0.0 0.0 1.0
vn 0.0 0.0 1.0
vn 0.0 0.0 1.0
vn 0.0 0.0 1.0
vn 0.0 0.0 1.0
vn 0.0 0.0 1.0
vn 0.0 0.0 1.0
vn 0.0 0.0 1.0
vn 0.0 0.0 1.0
vn 0.0 0.0 1.0
vn 0.0 0.0 1.0
vn 0.0 0.0 1.0
vn 0.0 0.0 1.0
vn 0.0 0.0 1.0
vn 0.0 0.0 1.0
vn 0.0 0.0 1.0
vn 0.0 0.0 1.0
vn 0.0 0.0 1.0
vn 0.0 0.0 1.0
vn 0.0 0.0 1.0
vn 0.0 0.0 1.0
vn 0.0 0.0 1.0
vn 0.0 0.0 1.0
vn 0.0 0.0 1.0
vn 0.0 0.0 1.0
vn 0.0 0.0 1.0
vn 0.0 0.0 1.0
vn 0.0 0.0 1.0
vn 0.0 0.0 1.0
vn 0.0 0.0 1.0
vn 0.0 0.0 1.0
vn 0.0 0.0 1.0
vn 0.0 0.0 1.0
vn 0.0 0.0 1.0
vn 0.0 0.0 1.0
vn 0.0 0.0 1.0
vn 0.0 0.0 1.0
vn 0.0 0.0 1.0
vn 0.0 0.0 1.0
vn 0.0 0.0 1.0
vn 0.0 0.0 1.0
vn 0.0 0.0 1.0
vn 0.0 0.0 1.0
vn 0.0 0.0 1.0
vn 0.0 0.0 1.0
vn 0.0 0.0 1.0
vn 0.0 0.0 1.0
vn 0.0 0.0 1.0
vn 0.0 0.0 1.0
vn 0.0 0.0 1.0
vn 0.0 0.0 1.0
vn 0.0 0.0 1.0
vn 0.0 0.0 1.0
vn 0.0 0.0 1.0
vn 0.0 0.0 1.0
vn 0.0 0.0 1.0
vn 0.0 0.0 1.0
vn 0.0 0.0 1.0
vn 0.0 0.0 1.0
vn 0.0 0.0 1.0
vn 0.0 0.0 1.0
vn 0.0 0.0 1.0
vn 0.0 0.0 1.0
vn 0.0 0.0 1.0
vn 0.0 0.0 1.0
vn 0.0 0.0 1.0
vn 0.0 0.0 1.0
vn 0.0 0.0 1.0
vn 0.0 0.0 1.0
vn 0.0 0.0 1.0
vn 0.0 0.0 1.0
vn 0.0 0.0 1.0
vn 0.0 0.0 1.0
vn 0.0 0.0 1.0
vn 0.0 0.0 1.0
vn 0.0 0.0 1.0
vn 0.0 0.0 1.0
vn 0.0 0.0 1.0
vn 0.0 0.0 1.0
vn 0.0 0.0 1.0
vn 0.0 0.0 1.0
vn 0.0 0.0 1.0
vn 0.0 0.0 1.0
vn 0.0 0.0 1.0
vn 0.0 0.0 1.0
vn 0.0 0.0 1.0
vn 0.0 0.0 1.0
vn 0.0 0.0 1.0
vn 0.0 0.0 1.0
vn 0.0 0.0 1.0
vn 0.0 0.0 1.0
vn 0.0 0.0 1.0
vn 0.0 0.0 1.0
vn 0.0 0.0 1.0
vn 0.0 0.0 1.0
vn 0.0 0.0 1.0
vn 0.0 0.0 1.0
vn 0.0 0.0 1.0
vn 0.0 0.0 1.0
vn 0.0 0.0 1.0
vn 0.0 0.0 1.0
vn 0.0 0.0 1.0
vn 0.0 0.0 1.0
vn 0.0 0.0 1.0
vn 0.0 0.0 1.0
vn 0.0 0.0 1.0
vn 0.0 0.0 1.0
vn 0.0 0.0 1.0
vn 0.0 0.0 1.0
vn 0.0 0.0 1.0
vn 0.0 0.0 1.0
vn 0.0 0.0 1.0
vn 0.0 0.0 1.0
vn 0.0 0.0 1.0
vn 0.0 0.0 1.0
vn 0.0 0.0 1.0
vn 0.0 0.0 1.0
vn 0.0 0.0 1.0
vn 0.0 0.0 1.0
vn 0.0 0.0 1.0
vn 0.0 0.0 1.0
vn 0.0 0.0 1.0
vn 0.0 0.0 1.0
vn 0.0 0.0 1.0
vn 0.0 0.0 1.0
vn 0.0 0.0 1.0
vn 0.0 0.0 1.0
vn 0.0 0.0 1.0
vn 0.0 0.0 1.0
vn 0.0 0.0 1.0
vn 0.0 0.0 1.0
vn 0.0 0.0 1.0
vn 0.0 0.0 1.0
vn 0.0 0.0 1.0
vn 0.0 0.0 1.0
vn 0.0 0.0 1.0
vn 0.0 0.0 1.0
vn 0.0 0.0 1.0
vn 0.0 0.0 1.0
vn 0.0 0.0 1.0
vn 0.0 0.0 1.0
vn 0.0 0.0 1.0
vn 0.0 0.0 1.0
vn 0.0 0.0 1.0
vn 0.0 0.0 1.0
vn 0.0 0.0 1.0
vn 0.0 0.0 1.0
vn 0.0 0.0 1.0
vn 0.0 0.0 1.0
vn 0.0 0.0 1.0
vn 0.0 0.0 1.0
vn 0.0 0.0 1.0
vn 0.0 0.0 1.0
vn 0.0 0.0 1.0
vn 0.0 0.0 1.0
vn 0.0 0.0 1.0
vn 0.0 0.0 1.0
vn 0.0 0.0 1.0
vn 0.0 0.0 1.0
vn 0.0 0.0 1.0
vn 0.0 0.0 1.0
vn 0.0 0.0 1.0
vn 0.0 0.0 1.0
vn 0.0 0.0 1.0
vn 0.0 0.0 1.0
vn 0.0 0.0 1.0
vn 0.0 0.0 1.0
vn 0.0 0.0 1.0
vn 0.0 0.0 1.0
vn 0.0 0.0 1.0
vn 0.0 0.0 1.0
vn 0.0 0.0 1.0
vn 0.0 0.0 1.0
vn 0.0 0.0 1.0
vn 0.0 0.0 1.0
vn 0.0 0.0 1.0
vn 0.0 0.0 1.0
vn 0.0 0.0 1.0
vn 0.0 0.0 1.0
vn 0.0 0.0 1.0
vn 0.0 0.0 1.0
vn 0.0 0.0 1.0
vn 0.0 0.0 1.0
vn 0.0 0.0 1.0
vn 0.0 0.0 1.0
vn 0.0 0.0 1.0
vn 0.0 0.0 1.0
vn 0.0 0.0 1.0
vn 0.0 0.0 1.0
vn 0.0 0.0 1.0
vn 0.0 0.0 1.0
vn 0.0 0.0 1.0
vn 0.0 0.0 1.0
vn 0.0 0.0 1.0
vn 0.0 0.0 1.0
vn 0.0 0.0 1.0
vn 0.0 0.0 1.0
vn 0.0 -0.0 1.0
vn 0.0 0.0 1.0
vn 0.0 0.0 1.0
vn 0.0 0.0 1.0
vn 0.0 0.0 1.0
vn 0.0 0.0 1.0
vn 0.0 0.0 -1.0
vn 0.0 -0.0 -1.0
vn 0.0 0.0 -1.0
vn 0.0 -0.0 -1.0
vn 0.0 0.0 -1.0
vn 0.0 -0.0 -1.0
vn 0.0 0.0 -1.0
vn 0.0 -0.0 -1.0
vn 0.0 0.0 -1.0
vn 0.0 -0.0 -1.0
vn 0.0 0.0 -1.0
vn 0.0 -0.0 -1.0
vn 0.0 0.0 -1.0
vn 0.0 -0.0 -1.0
vn 0.0 0.0 -1.0
vn 0.0 -0.0 -1.0
vn 0.0 0.0 -1.0
vn 0.0 -0.0 -1.0
vn 0.0 0.0 -1.0
vn 0.0 -0.0 -1.0
vn 0.0 0.0 -1.0
vn 0.0 -0.0 -1.0
vn 0.0 0.0 -1.0
vn 0.0 -0.0 -1.0
vn 0.0 0.0 -1.0
vn 0.0 -0.0 -1.0
vn 0.0 0.0 -1.0
vn 0.0 -0.0 -1.0
vn 0.0 0.0 -1.0
vn 0.0 -0.0 -1.0
vn 0.0 0.0 -1.0
vn 0.0 -0.0 -1.0
vn 0.0 0.0 -1.0
vn 0.0 -0.0 -1.0
vn 0.0 0.0 -1.0
vn 0.0 -0.0 -1.0
vn 0.0 0.0 -1.0
vn 0.0 -0.0 -1.0
vn 0.0 0.0 -1.0
vn 0.0 -0.0 -1.0
vn 0.0 0.0 -1.0
vn 0.0 -0.0 -1.0
vn 0.0 -0.0 -1.0
vn 0.0 0.0 -1.0
vn 0.0 -0.0 -1.0
vn -0.0 -0.0 -1.0
vn 0.0 -0.0 -1.0
vn 0.0 0.0 -1.0
vn 0.0 -0.0 -1.0
vn -0.0 -0.0 -1.0
vn 0.0 -0.0 -1.0
vn 0.0 0.0 -1.0
vn 0.0 -0.0 -1.0
vn -0.0 -0.0 -1.0
vn 0.0 -0.0 -1.0
vn 0.0 0.0 -1.0
vn 0.0 -0.0 -1.0
vn -0.0 -0.0 -1.0
vn 0.0 -0.0 -1.0
vn 0.0 0.0 -1.0
vn 0.0 -0.0 -1.0
vn -0.0 -0.0 -1.0
vn 0.0 -0.0 -1.0
vn 0.0 -0.0 -1.0
vn 0.0 0.0 -1.0
vn 0.0 -0.0 -1.0
vn -0.0 -0.0 -1.0
vn 0.0 0.0 -1.0
vn 0.0 -0.0 -1.0
vn -0.0 -0.0 -1.0
vn 0.0 -0.0 -1.0
vn 0.0 0.0 -1.0
vn 0.0 -0.0 -1.0
vn 0.0 -0.0 -1.0
vn -0.0 -0.0 -1.0
vn 0.0 -0.0 -1.0
vn 0.0 -0.0 -1.0
vn 0.0 0.0 -1.0
vn 0.0 -0.0 -1.0
vn 0.0 0.0 -1.0
vn 0.0 -0.0 -1.0
vn -0.0 -0.0 -1.0
vn 0.0 -0.0 -1.0
vn 0.0 0.0 -1.0
vn 0.0 0.0 -1.0
vn 0.0 -0.0 -1.0
vn 0.0 -0.0 -1.0
vn 0.0 0.0 -1.0
vn 0.0 -0.0 -1.0
vn 0.0 0.0 -1.0
vn 0.0 0.0 -1.0
vn 0.0 -0.0 -1.0
vn 0.0 0.0 -1.0
vn 0.0 0.0 -1.0
vn 0.0 -0.0 -1.0
vn 0.0 0.0 -1.0
vn 0.0 0.0 -1.0
vn 0.0 0.0 -1.0
vn 0.0 0.0 -1.0
vn 0.0 0.0 -1.0
vn 0.0 0.0 -1.0
vn 0.0 0.0 -1.0
vn 0.0 0.0 -1.0
vn 0.0 0.0 -1.0
vn 0.0 0.0 -1.0
vn 0.0 0.0 -1.0
vn 0.0 0.0 -1.0
vn 0.0 0.0 -1.0
vn 0.0 0.0 -1.0
vn 0.0 0.0 -1.0
vn 0.0 0.0 -1.0
vn 0.0 0.0 -1.0
vn 0.0 0.0 -1.0
vn 0.0 0.0 -1.0
vn 0.0 0.0 -1.0
vn 0.0 0.0 -1.0
vn 0.0 0.0 -1.0
vn 0.0 0.0 -1.0
vn 0.0 0.0 -1.0
vn 0.0 0.0 -1.0
vn 0.0 0.0 -1.0
vn 0.0 0.0 -1.0
vn 0.0 0.0 -1.0
vn 0.0 0.0 -1.0
vn 0.0 -0.0 -1.0
vn -0.0 -0.0 -1.0
vn -0.0 -0.0 -1.0
vn -0.0 -0.0 -1.0
vn -0.0 -0.0 -1.0
vn -0.0 -0.0 -1.0
vn -0.0 -0.0 -1.0
vn 0.0 -0.0 -1.0
vn 0.0 -0.0 -1.0
vn 0.0 -0.0 -1.0
vn 0.0 -0.0 -1.0
vn 0.0 -0.0 -1.0
vn 0.0 -0.0 -1.0
vn 0.0 -0.0 -1.0
vn 0.0 -0.0 -1.0
vn 0.0 -0.0 -1.0
vn 0.0 -0.0 -1.0
vn 0.0 -0.0 -1.0
vn 0.0 -0.0 -1.0
vn 0.0 -0.0 -1.0
vn 0.0 -0.0 -1.0
vn 0.0 -0.0 -1.0
vn -0.0 -0.0 -1.0
vn 0.0 0.0 -1.0
vn 0.0 0.0 -1.0
vn 0.0 0.0 -1.0
vn 0.0 0.0 -1.0
vn 0.0 0.0 -1.0
vn 0.0 0.0 -1.0
vn 0.0 0.0 -1.0
vn 0.0 0.0 -1.0
vn 0.0 0.0 -1.0
vn 0.0 0.0 -1.0
vn 0.0 0.0 -1.0
vn 0.0 0.0 -1.0
vn 0.0 0.0 -1.0
vn 0.0 0.0 -1.0
vn 0.0 0.0 -1.0
vn 0.0 0.0 -1.0
vn 0.0 0.0 -1.0
vn 0.0 0.0 -1.0
vn 0.0 0.0 -1.0
vn 0.0 0.0 -1.0
vn 0.0 0.0 -1.0
vn 0.0 0.0 -1.0
vn 0.0 0.0 -1.0
vn 0.0 0.0 -1.0
vn 0.0 0.0 -1.0
vn 0.0 0.0 -1.0
vn 0.0 0.0 -1.0
vn 0.0 0.0 -1.0
vn 0.0 0.0 -1.0
vn 0.0 0.0 -1.0
vn 0.0 0.0 -1.0
vn 0.0 0.0 -1.0
vn 0.0 0.0 -1.0
vn 0.0 0.0 -1.0
vn 0.0 0.0 -1.0
vn 0.0 0.0 -1.0
vn 0.0 0.0 -1.0
vn 0.0 0.0 -1.0
vn 0.0 0.0 -1.0
vn 0.0 0.0 -1.0
vn 0.0 0.0 -1.0
vn 0.0 0.0 -1.0
vn 0.0 0.0 -1.0
vn 0.0 0.0 -1.0
vn 0.0 0.0 -1.0
vn 0.0 0.0 -1.0
vn 0.0 0.0 -1.0
vn 0.0 0.0 -1.0
vn 0.0 0.0 -1.0
vn 0.0 0.0 -1.0
vn 0.0 0.0 -1.0
vn 0.0 0.0 -1.0
vn 0.0 0.0 -1.0
vn 0.0 0.0 -1.0
vn 0.0 0.0 -1.0
vn 0.0 0.0 -1.0
vn 0.0 0.0 -1.0
vn 0.0 0.0 -1.0
vn 0.0 0.0 -1.0
vn 0.0 0.0 -1.0
vn 0.0 0.0 -1.0
vn 0.0 0.0 -1.0
vn 0.0 0.0 -1.0
vn 0.0 0.0 -1.0
vn 0.0 0.0 -1.0
vn 0.0 0.0 -1.0
vn 0.0 0.0 -1.0
vn 0.0 0.0 -1.0
vn 0.0 0.0 -1.0
vn 0.0 0.0 -1.0
vn 0.0 0.0 -1.0
vn 0.0 0.0 -1.0
vn 0.0 0.0 -1.0
vn 0.0 0.0 -1.0
vn 0.0 0.0 -1.0
vn 0.0 0.0 -1.0
vn 0.0 0.0 -1.0
vn 0.0 0.0 -1.0
vn 0.0 0.0 -1.0
vn 0.0 0.0 -1.0
vn 0.0 0.0 -1.0
vn 0.0 0.0 -1.0
vn 0.0 0.0 -1.0
vn 0.0 0.0 -1.0
vn 0.0 0.0 -1.0
vn 0.0 0.0 -1.0
vn 0.0 0.0 -1.0
vn 0.0 0.0 -1.0
vn 0.0 0.0 -1.0
vn 0.0 0.0 -1.0
vn 0.0 0.0 -1.0
vn 0.0 0.0 -1.0
vn 0.0 0.0 -1.0
vn 0.0 0.0 -1.0
vn 0.0 0.0 -1.0
vn 0.0 0.0 -1.0
vn 0.0 0.0 -1.0
vn 0.0 0.0 -1.0
vn 0.0 0.0 -1.0
vn 0.0 0.0 -1.0
vn 0.0 0.0 -1.0
vn 0.0 0.0 -1.0
vn 0.0 0.0 -1.0
vn 0.0 0.0 -1.0
vn 0.0 0.0 -1.0
vn 0.0 0.0 -1.0
vn 0.0 0.0 -1.0
vn 0.0 0.0 -1.0
vn 0.0 0.0 -1.0
vn 0.0 0.0 -1.0
vn 0.0 0.0 -1.0
vn 0.0 0.0 -1.0
vn 0.0 0.0 -1.0
vn 0.0 0.0 -1.0
vn 0.0 0.0 -1.0
vn 0.0 0.0 -1.0
vn 0.0 0.0 -1.0
vn 0.0 0.0 -1.0
vn 0.0 0.0 -1.0
vn 0.0 0.0 -1.0
vn 0.0 0.0 -1.0
vn 0.0 0.0 -1.0
vn 0.0 0.0 -1.0
vn 0.0 0.0 -1.0
vn 0.0 0.0 -1.0
vn 0.0 0.0 -1.0
vn 0.0 0.0 -1.0
vn 0.0 0.0 -1.0
vn 0.0 0.0 -1.0
vn 0.0 0.0 -1.0
vn 0.0 0.0 -1.0
vn 0.0 0.0 -1.0
vn 0.0 0.0 -1.0
vn 0.0 0.0 -1.0
vn 0.0 0.0 -1.0
vn 0.0 0.0 -1.0
vn 0.0 0.0 -1.0
vn 0.0 0.0 -1.0
vn 0.0 0.0 -1.0
vn 0.0 0.0 -1.0
vn 0.0 0.0 -1.0
vn 0.0 0.0 -1.0
vn 0.0 0.0 -1.0
vn 0.0 0.0 -1.0
vn 0.0 0.0 -1.0
vn 0.0 -0.0 -1.0
vn 0.0 -0.0 -1.0
vn -0.0 -0.0 -1.0
vn 0.0 -0.0 -1.0
vn 0.0 -0.0 -1.0
vn 0.0 0.0 -1.0
vn 0.0 -0.0 -1.0
vn 0.0 0.0 -1.0
vn 0.0 -0.0 -1.0
vn 0.0 0.0 -1.0
vn -0.0 -0.0 -1.0
vn 0.0 -0.0 -1.0
vn 0.0 0.0 -1.0
vn 0.0 0.0 -1.0
vn 0.0 -0.0 -1.0
vn 0.0 0.0 -1.0
vn 0.0 0.0 -1.0
vn 0.0 -0.0 -1.0
vn 0.0 0.0 -1.0
vn 0.0 0.0 -1.0
vn 0.0 0.0 -1.0
vn 0.0 0.0 -1.0
vn 0.0 0.0 -1.0
vn 0.0 -0.0 -1.0
vn 0.0 0.0 -1.0
vn 0.0 0.0 -1.0
vn 0.0 0.0 -1.0
vn 0.0 -0.0 -1.0
vn 0.0 0.0 -1.0
vn 0.0 -0.0 -1.0
vn 0.0 0.0 -1.0
vn 0.0 0.0 -1.0
vn 0.0 0.0 -1.0
vn 0.0 -0.0 -1.0
vn 0.0 0.0 -1.0
vn 0.0 0.0 -1.0
vn 0.0 0.0 -1.0
vn 0.0 -0.0 -1.0
vn 0.0 0.0 -1.0
vn 0.0 0.0 -1.0
vn 0.0 0.0 -1.0
vn 0.0 0.0 -1.0
vn 0.0 -0.0 -1.0
vn 0.0 -0.0 -1.0
vn 0.0 0.0 -1.0
vn 0.0 0.0 -1.0
vn 0.0 0.0 -1.0
vn 0.0 0.0 -1.0
vn 0.0 0.0 -1.0
vn 0.0 0.0 -1.0
vn 0.0 -0.0 -1.0
vn 0.0 0.0 -1.0
vn 0.0 0.0 -1.0
vn 0.0 0.0 -1.0
vn 0.0 -0.0 -1.0
vn 0.0 0.0 -1.0
vn 0.0 0.0 -1.0
vn 0.0 0.0 -1.0
vn 0.0 -0.0 -1.0
vn 0.0 0.0 -1.0
vn 0.0 0.0 -1.0
vn 0.0 0.0 -1.0
vn 0.0 0.0 -1.0
vn 0.0 -0.0 -1.0
vn 0.0 0.0 -1.0
vn 0.0 0.0 -1.0
vn 0.0 0.0 -1.0
vn 0.0 0.0 -1.0
vn 0.0 0.0 -1.0
vn 0.0 0.0 -1.0
vn 0.0 0.0 -1.0
vn 0.0 0.0 -1.0
vn 0.0 0.0 -1.0
vn 0.0 0.0 -1.0
vn 0.0 0.0 -1.0
vn 0.0 0.0 -1.0
vn 0.0 0.0 -1.0
vn 0.0 0.0 -1.0
vn 0.0 0.0 -1.0
vn 0.0 0.0 -1.0
vn 0.0 0.0 -1.0
vn 0.0 0.0 -1.0
vn 0.0 0.0 -1.0
vn 0.0 0.0 -1.0
vn 0.0 0.0 -1.0
vn 0.0 0.0 -1.0
vn 0.0 0.0 -1.0
vn 0.0 0.0 -1.0
vn 0.0 0.0 -1.0
vn 0.0 0.0 -1.0
vn 0.0 0.0 -1.0
vn 0.0 0.0 -1.0
vn 0.0 0.0 -1.0
vn 0.0 0.0 -1.0
vn 0.0 0.0 -1.0
vn 0.0 0.0 -1.0
vn 0.0 0.0 -1.0
vn 0.0 0.0 -1.0
vn 0.0 0.0 -1.0
vn 0.0 0.0 -1.0
vn 0.0 0.0 -1.0
vn 0.0 0.0 -1.0
vn 0.0 0.0 -1.0
vn 0.0 0.0 -1.0
vn 0.0 0.0 -1.0
vn 0.0 0.0 -1.0
vn 0.0 0.0 -1.0
vn 0.0 0.0 -1.0
vn 0.0 0.0 -1.0
vn 0.0 0.0 -1.0
vn 0.0 0.0 -1.0
vn 0.0 0.0 -1.0
vn 0.0 0.0 -1.0
vn 0.0 0.0 -1.0
vn 0.0 0.0 -1.0
vn 0.0 0.0 -1.0
vn 0.0 0.0 -1.0
vn 0.0 0.0 -1.0
vn 0.0 0.0 -1.0
vn 0.0 0.0 -1.0
vn 0.0 0.0 -1.0
vn 0.0 0.0 -1.0
vn 0.0 0.0 -1.0
vn 0.0 0.0 -1.0
vn 0.0 0.0 -1.0
vn 0.0 0.0 -1.0
vn 0.0 0.0 -1.0
vn 0.0 0.0 -1.0
vn 0.0 0.0 -1.0
vn 0.0 0.0 -1.0
vn 0.0 0.0 -1.0
vn 0.0 0.0 -1.0
vn 0.0 0.0 -1.0
vn 0.0 0.0 -1.0
vn 0.0 0.0 -1.0
vn 0.0 0.0 -1.0
vn 0.0 0.0 -1.0
vn 0.0 0.0 -1.0
vn 0.0 0.0 -1.0
vn 0.0 0.0 -1.0
vn 0.0 0.0 -1.0
vn 0.0 0.0 -1.0
vn 0.0 0.0 -1.0
vn 0.0 0.0 -1.0
vn 0.0 0.0 -1.0
vn 0.0 0.0 -1.0
vn 0.0 0.0 -1.0
vn 0.0 0.0 -1.0
vn 0.0 0.0 -1.0
vn 0.0 0.0 -1.0
vn 0.0 0.0 -1.0
vn 0.0 -0.0 -1.0
vn 0.0 0.0 -1.0
vn 0.0 -0.0 -1.0
vn 0.0 0.0 -1.0
vn 0.0 -0.0 -1.0
vn 0.0 0.0 -1.0
vn 0.0 -0.0 -1.0
vn 0.0 0.0 -1.0
vn 0.0 0.0 -1.0
vn 0.0 0.0 -1.0
vn 0.0 0.0 -1.0
vn 0.0 0.0 -1.0
vn 0.0 0.0 -1.0
vn 0.0 0.0 -1.0
vn 0.0 0.0 -1.0
vn 0.0 0.0 -1.0
vn 0.0 0.0 -1.0
vn 0.0 0.0 -1.0
vn 0.0 0.0 -1.0
vn 0.0 0.0 -1.0
vn 0.0 0.0 -1.0
vn 0.0 0.0 -1.0
vn 0.0 0.0 -1.0
vn 0.0 0.0 -1.0
vn 0.0 0.0 -1.0
vn 0.0 0.0 -1.0
vn 0.0 0.0 -1.0
vn 0.0 0.0 -1.0
vn 0.0 0.0 -1.0
vn 0.0 0.0 -1.0
vn 0.0 0.0 -1.0
vn 0.0 0.0 -1.0
vn 0.0 0.0 -1.0
vn 0.0 0.0 -1.0
vn 0.0 0.0 -1.0
vn 0.0 0.0 -1.0
vn 0.0 0.0 -1.0
vn 0.0 0.0 -1.0
vn 0.0 0.0 -1.0
vn 0.0 -0.0 -1.0
vn 0.0 0.0 -1.0
vn 0.0 0.0 -1.0
vn 0.0 0.0 -1.0
vn 0.0 0.0 -1.0
vn 0.0 0.0 -1.0
vn 0.0 0.0 -1.0
vn 0.0 0.0 -1.0
vn 0.0 -0.0 -1.0
vn 0.0 -0.0 -1.0
vn 0.0 -0.0 -1.0
vn 0.0 0.0 -1.0
vn 0.0 0.0 -1.0
vn 0.0 0.0 -1.0
vn 0.0 0.0 -1.0
vn 0.0 0.0 -1.0
vn 0.0 0.0 -1.0
vn 0.0 0.0 -1.0
vn 0.0 0.0 -1.0
vn 0.0 0.0 -1.0
vn 0.0 0.0 -1.0
vn 0.0 0.0 -1.0
vn 0.0 0.0 -1.0
vn 0.0 0.0 -1.0
vn 0.0 0.0 -1.0
vn 0.0 0.0 -1.0
vn 0.0 0.0 -1.0
vn 0.0 0.0 -1.0
vn 0.0 0.0 -1.0
vn 0.0 0.0 -1.0
vn 0.0 0.0 -1.0
vn 0.0 0.0 -1.0
vn 0.0 1.0 0.0
vn 0.0 1.0 0.0
vn 0.0 1.0 0.0
vn 0.0 1.0 0.0
vn 0.0 1.0 0.0
vn 0.0 1.0 0.0
vn 0.0 1.0 0.0
vn 0.0 1.0 0.0
vn 0.0 1.0 0.0
vn 0.0 1.0 0.0
vn 0.0 1.0 0.0
vn 0.0 1.0 0.0
vn 0.0 1.0 0.0
vn 0.0 1.0 0.0
vn 0.0 1.0 0.0
vn 0.0 1.0 0.0
vn 0.0 1.0 0.0
vn 0.0 1.0 0.0
vn 0.0 1.0 0.0
vn 0.0 1.0 0.0
vn 0.0 1.0 0.0
vn 0.0 1.0 0.0
vn 0.0 1.0 0.0
vn 0.0 1.0 0.0
vn 0.0 1.0 0.0
vn 0.0 1.0 0.0
vn 0.0 1.0 0.0
vn 0.0 1.0 0.0
vn 0.0 1.0 0.0
vn 0.0 1.0 0.0
vn 0.0 1.0 0.0
vn 0.0 1.0 0.0
vn 0.0 1.0 0.0
vn 0.0 1.0 0.0
vn 0.0 1.0 0.0
vn 0.0 1.0 0.0
vn 0.0 1.0 0.0
vn 0.0 1.0 0.0
vn 0.0 1.0 0.0
vn 0.0 1.0 0.0
vn 0.0 1.0 0.0
vn 0.0 1.0 0.0
vn 0.0 1.0 0.0
vn 0.0 1.0 0.0
vn 0.0 1.0 0.0
vn 0.0 1.0 0.0
vn 0.0 1.0 0.0
vn 0.0 1.0 0.0
vn 0.0 1.0 0.0
vn 0.0 1.0 0.0
vn 0.0 1.0 0.0
vn 0.0 1.0 0.0
vn 0.0 1.0 0.0
vn 0.0 1.0 0.0
vn 0.0 1.0 0.0
vn 0.0 1.0 0.0
vn 0.0 1.0 0.0
vn 0.0 1.0 0.0
vn 0.0 1.0 0.0
vn 0.0 1.0 0.0
vn 0.0 1.0 0.0
vn 0.0 1.0 0.0
vn 0.0 1.0 0.0
vn 0.0 1.0 0.0
vn 0.0 1.0 0.0
vn 0.0 1.0 0.0
vn 0.0 1.0 0.0
vn 0.0 1.0 0.0
vn 0.0 1.0 0.0
vn 0.0 1.0 0.0
vn 0.0 1.0 0.0
vn 0.0 1.0 0.0
vn 0.0 1.0 0.0
vn 0.0 1.0 0.0
vn 0.0 1.0 0.0
vn 0.0 1.0 0.0
vn 0.0 1.0 0.0
vn 0.0 1.0 0.0
vn 0.0 1.0 0.0
vn 0.0 1.0 0.0
vn 0.0 1.0 0.0
vn 0.0 1.0 0.0
vn 0.0 1.0 0.0
vn 0.0 1.0 0.0
vn 0.0 1.0 0.0
vn 0.0 1.0 0.0
vn 0.0 1.0 0.0
vn 0.0 1.0 0.0
vn 0.0 1.0 0.0
vn 0.0 1.0 0.0
vn 0.0 1.0 0.0
vn 0.0 1.0 0.0
vn 0.0 1.0 0.0
vn 0.0 1.0 0.0
vn 0.0 1.0 0.0
vn 0.0 1.0 0.0
vn 0.0 1.0 0.0
vn 0.0 1.0 0.0
vn 0.0 1.0 0.0
vn 0.0 1.0 0.0
vn 0.0 1.0 0.0
vn 0.0 1.0 0.0
vn 0.0 1.0 0.0
vn 0.0 1.0 0.0
vn 0.0 1.0 0.0
vn 0.0 1.0 0.0
vn 0.0 1.0 0.0
vn 0.0 1.0 0.0
vn 0.0 1.0 0.0
vn 0.0 1.0 0.0
vn 0.0 1.0 0.0
vn 0.0 1.0 0.0
vn 0.0 1.0 0.0
vn 0.0 1.0 0.0
vn 0.0 1.0 0.0
vn 0.0 1.0 0.0
vn 0.0 1.0 0.0
vn 0.0 1.0 0.0
vn 0.0 1.0 0.0
vn 0.0 1.0 0.0
vn 0.0 1.0 0.0
vn 0.0 1.0 0.0
vn 0.0 1.0 0.0
vn 0.0 1.0 0.0
vn 0.0 1.0 0.0
vn 0.0 1.0 0.0
vn 0.0 1.0 0.0
vn 0.0 1.0 0.0
vn 0.0 1.0 0.0
vn 0.0 1.0 0.0
vn 0.0 -0.024928 -0.999689
vn 0.0 -0.024928 -0.999689
vn 0.0 -0.07472 -0.997205
vn 0.0 -0.07472 -0.997205
vn 0.0 -0.124343 -0.992239
vn 0.0 -0.124343 -0.992239
vn 0.0 -0.173648 -0.984808
vn 0.0 -0.173648 -0.984808
vn 0.0 -0.222523 -0.974927
vn 0.0 -0.222523 -0.974927
vn 0.0 -0.270834 -0.962626
vn 0.0 -0.270834 -0.962626
vn 0.0 -0.318503 -0.947922
vn 0.0 -0.318503 -0.947922
vn 0.0 -0.365326 -0.93088
vn -0.0 -0.411292 -0.911504
vn 0.0 -0.365326 -0.93088
vn 0.0 -0.411292 -0.911504
vn 0.0 -0.456201 -0.889876
vn 0.0 -0.456201 -0.889876
vn 0.0 -0.500016 -0.866016
vn 0.0 -0.500016 -0.866016
vn 0.0 -0.542533 -0.840035
vn 0.0 -0.542533 -0.840035
vn 0.0 -0.58374 -0.81194
vn 0.0 -0.58374 -0.81194
vn 0.0 -0.62351 -0.781815
vn 0.0 -0.62351 -0.781815
vn 0.0 -0.661667 -0.749798
vn 0.0 -0.661667 -0.749798
vn 0.0 -0.698254 -0.71585
vn 0.0 -0.698254 -0.71585
vn 0.0 -0.733049 -0.680176
vn 0.0 -0.733049 -0.680176
vn 0.0 -0.766046 -0.642785
vn 0.0 -0.766046 -0.642785
vn 0.0 -0.797132 -0.603805
vn 0.0 -0.797132 -0.603805
vn 0.0 -0.826231 -0.563331
vn 0.0 -0.826231 -0.563331
vn -0.0 -0.853294 -0.521429
vn 0.0 -0.853294 -0.521429
vn 0.0 -0.878225 -0.478247
vn 0.0 -0.878225 -0.478247
vn 0.0 -0.900972 -0.433878
vn 0.0 -0.900972 -0.433878
vn 0.0 -0.921474 -0.388439
vn 0.0 -0.921474 -0.388439
vn -0.0 -0.93969 -0.342026
vn 0.0 -0.93969 -0.342026
vn 0.0 -0.955572 -0.294758
vn 0.0 -0.955572 -0.294758
vn 0.0 -0.969073 -0.246774
vn 0.0 -0.969073 -0.246774
vn 0.0 -0.980172 -0.198151
vn 0.0 -0.980172 -0.198151
vn 0.0 -0.988835 -0.149017
vn 0.0 -0.988835 -0.149017
vn 0.0 -0.995029 -0.099585
vn 0.0 -0.995029 -0.099585
vn 0.0 -0.998756 -0.049857
vn 0.0 -0.998756 -0.049857
vn 0.0 -1.0 -0.0
vn 0.0 -1.0 -0.0
vn 0.0 -0.998756 0.049857
vn 0.0 -0.995029 0.099585
vn 0.0 -0.998756 0.049857
vn 0.0 -0.995029 0.099585
vn 0.0 -0.988835 0.149017
vn 0.0 -0.988835 0.149017
vn 0.0 -0.980172 0.198151
vn 0.0 -0.980172 0.198151
vn 0.0 -0.969073 0.246774
vn 0.0 -0.969073 0.246774
vn 0.0 -0.955571 0.294761
vn 0.0 -0.955571 0.294761
vn 0.0 -0.939692 0.342023
vn 0.0 -0.939692 0.342023
vn 0.0 -0.921474 0.388439
vn 0.0 -0.921474 0.388439
vn 0.0 -0.900974 0.433873
vn 0.0 -0.900974 0.433873
vn 0.0 -0.878223 0.478252
vn 0.0 -0.878223 0.478252
vn 0.0 -0.853294 0.521429
vn 0.0 -0.853294 0.521429
vn 0.0 -0.826228 0.563336
vn 0.0 -0.826228 0.563336
vn 0.0 -0.797136 0.6038
vn 0.0 -0.797136 0.6038
vn 0.0 -0.766046 0.642785
vn 0.0 -0.766046 0.642785
vn 0.0 -0.733049 0.680176
vn 0.0 -0.733049 0.680176
vn 0.0 -0.698248 0.715856
vn 0.0 -0.698248 0.715856
vn 0.0 -0.661673 0.749792
vn 0.0 -0.661673 0.749792
vn 0.0 -0.623503 0.781821
vn 0.0 -0.623503 0.781821
vn 0.0 -0.58374 0.81194
vn 0.0 -0.58374 0.81194
vn 0.0 -0.542548 0.840025
vn 0.0 -0.542548 0.840025
vn 0.0 -0.500008 0.866021
vn 0.0 -0.500008 0.866021
vn 0.0 -0.456201 0.889876
vn 0.0 -0.456201 0.889876
vn 0.0 -0.411292 0.911504
vn 0.0 -0.411292 0.911504
vn 0.0 -0.365326 0.93088
vn 0.0 -0.365326 0.93088
vn 0.0 -0.318493 0.947925
vn 0.0 -0.318493 0.947925
vn 0.0 -0.270844 0.962623
vn 0.0 -0.270844 0.962623
vn 0.0 -0.222523 0.974927
vn 0.0 -0.222523 0.974927
vn 0.0 -0.173648 0.984808
vn 0.0 -0.124343 0.992239
vn 0.0 -0.173648 0.984808
vn 0.0 -0.124343 0.992239
vn 0.0 -0.074731 0.997204
vn 0.0 -0.074731 0.997204
vn 0.0 -0.024928 0.999689
vn 0.0 -0.024928 0.999689
vn 0.0 0.024928 0.999689
vn 0.0 0.024928 0.999689
vn 0.0 0.074731 0.997204
vn 0.0 0.074731 0.997204
vn -0.0 0.124343 0.992239
vn 0.0 0.124343 0.992239
vn -0.0 0.173648 0.984808
vn 0.0 0.173648 0.984808
vn 0.0 0.222523 0.974927
vn 0.0 0.222523 0.974927
vn -0.0 0.270844 0.962623
vn 0.0 0.270844 0.962623
vn -0.0 0.318493 0.947925
vn 0.0 0.318493 0.947925
vn 0.0 0.365326 0.93088
vn 0.0 0.365326 0.93088
vn -0.0 0.411292 0.911504
vn 0.0 0.411292 0.911504
vn -0.0 0.456201 0.889876
vn 0.0 0.456201 0.889876
vn -0.0 0.500008 0.866021
vn 0.0 0.500008 0.866021
vn 0.0 0.542548 0.840025
vn -0.0 0.542548 0.840025
vn 0.0 0.58374 0.81194
vn -0.0 0.58374 0.81194
vn 0.0 0.623503 0.781821
vn -0.0 0.623503 0.781821
vn 0.0 0.661673 0.749792
vn -0.0 0.661673 0.749792
vn 0.0 0.698248 0.715856
vn -0.0 0.698248 0.715856
vn 0.0 0.733049 0.680176
vn -0.0 0.733049 0.680176
vn 0.0 0.766046 0.642785
vn -0.0 0.766046 0.642785
vn 0.0 0.797136 0.6038
vn -0.0 0.797136 0.6038
vn 0.0 0.826228 0.563336
vn -0.0 0.826228 0.563336
vn 0.0 0.853294 0.521429
vn -0.0 0.853294 0.521429
vn 0.0 0.878223 0.478252
vn -0.0 0.878223 0.478252
vn 0.0 0.900974 0.433873
vn -0.0 0.900974 0.433873
vn 0.0 0.921474 0.388439
vn -0.0 0.921474 0.388439
vn -0.0 0.939692 0.342023
vn 0.0 0.939692 0.342023
vn -0.0 0.955571 0.294761
vn 0.0 0.955571 0.294761
vn -0.0 0.969073 0.246774
vn 0.0 0.969073 0.246774
vn -0.0 0.980172 0.198151
vn 0.0 0.980172 0.198151
vn 0.0 0.988835 0.149017
vn -0.0 0.988835 0.149017
vn 0.0 0.995029 0.099585
vn -0.0 0.995029 0.099585
vn 0.0 0.998756 0.049857
vn -0.0 0.998756 0.049857
vn 0.0 1.0 -0.0
vn 0.0 1.0 0.0
vn 0.0 0.998756 -0.049857
vn 0.0 0.995029 -0.099585
vn 0.0 0.998756 -0.049857
vn 0.0 0.995029 -0.099585
vn 0.0 0.988835 -0.149017
vn 0.0 0.988835 -0.149017
vn 0.0 0.980172 -0.198151
vn 0.0 0.980172 -0.198151
vn 0.0 0.969073 -0.246774
vn 0.0 0.969073 -0.246774
vn 0.0 0.955572 -0.294758
vn 0.0 0.93969 -0.342026
vn 0.0 0.955572 -0.294758
vn 0.0 0.93969 -0.342026
vn 0.0 0.921474 -0.388439
vn 0.0 0.921474 -0.388439
vn 0.0 0.900972 -0.433878
vn 0.0 0.878225 -0.478247
vn 0.0 0.900972 -0.433878
vn 0.0 0.853294 -0.521429
vn 0.0 0.878225 -0.478247
vn 0.0 0.853294 -0.521429
vn 0.0 0.826231 -0.563331
vn 0.0 0.797132 -0.603805
vn 0.0 0.826231 -0.563331
vn 0.0 0.797132 -0.603805
vn 0.0 0.766046 -0.642785
vn 0.0 0.766046 -0.642785
vn 0.0 0.733049 -0.680176
vn 0.0 0.698254 -0.71585
vn 0.0 0.733049 -0.680176
vn 0.0 0.698254 -0.71585
vn 0.0 0.661667 -0.749798
vn 0.0 0.661667 -0.749798
vn 0.0 0.62351 -0.781815
vn 0.0 0.62351 -0.781815
vn 0.0 0.58374 -0.81194
vn 0.0 0.58374 -0.81194
vn 0.0 0.542533 -0.840035
vn 0.0 0.542533 -0.840035
vn 0.0 0.500016 -0.866016
vn 0.0 0.500016 -0.866016
vn 0.0 0.456201 -0.889876
vn 0.0 0.456201 -0.889876
vn 0.0 0.411292 -0.911504
vn 0.0 0.411292 -0.911504
vn 0.0 0.365326 -0.93088
vn 0.0 0.365326 -0.93088
vn 0.0 0.318503 -0.947922
vn 0.0 0.318503 -0.947922
vn 0.0 0.270834 -0.962626
vn 0.0 0.270834 -0.962626
vn 0.0 0.222523 -0.974927
vn 0.0 0.222523 -0.974927
vn 0.0 0.173648 -0.984808
vn 0.0 0.173648 -0.984808
vn 0.0 0.124343 -0.992239
vn 0.0 0.07472 -0.997205
vn 0.0 0.124343 -0.992239
vn 0.0 0.07472 -0.997205
vn 0.0 0.024928 -0.999689
vn 0.0 0.024928 -0.999689
vn 1.0 -0.0 0.0
vn 1.0 0.0 0.0
vn 1.0 -0.0 0.0
vn 1.0 0.0 0.0
vn 1.0 -0.0 0.0
vn 1.0 0.0 0.0
vn 1.0 -0.0 0.0
vn 1.0 0.0 0.0
vn 1.0 -0.0 0.0
vn 1.0 0.0 0.0
vn 1.0 -0.0 0.0
vn 1.0 0.0 0.0
vn 1.0 -0.0 0.0
vn 1.0 0.0 0.0
vn 1.0 -0.0 0.0
vn 1.0 0.0 0.0
vn 1.0 -0.0 0.0
vn 1.0 0.0 0.0
vn 1.0 -0.0 0.0
vn 1.0 0.0 0.0
vn 1.0 -0.0 0.0
vn 1.0 0.0 0.0
vn 1.0 -0.0 0.0
vn 1.0 0.0 0.0
vn 1.0 -0.0 0.0
vn 1.0 0.0 0.0
vn 1.0 -0.0 0.0
vn 1.0 0.0 0.0
vn 1.0 -0.0 0.0
vn 1.0 0.0 0.0
vn 1.0 -0.0 0.0
vn 1.0 -0.0 0.0
vn 1.0 0.0 0.0
vn 1.0 -0.0 0.0
vn 1.0 -0.0 0.0
vn 1.0 -0.0 0.0
vn 1.0 -0.0 0.0
vn 1.0 -0.0 0.0
vn 1.0 -0.0 0.0
vn 1.0 -0.0 0.0
vn 1.0 -0.0 0.0
vn 1.0 -0.0 0.0
vn 1.0 -0.0 0.0
vn 1.0 -0.0 0.0
vn 1.0 -0.0 0.0
vn 1.0 -0.0 0.0
vn 1.0 -0.0 0.0
vn 1.0 -0.0 0.0
vn 1.0 -0.0 0.0
vn 1.0 -0.0 0.0
vn 1.0 -0.0 0.0
vn 1.0 -0.0 0.0
vn 1.0 -0.0 0.0
vn 1.0 -0.0 0.0
vn 1.0 -0.0 0.0
vn 1.0 -0.0 0.0
vn 1.0 -0.0 0.0
vn 1.0 -0.0 0.0
vn 1.0 -0.0 0.0
vn 1.0 -0.0 0.0
vn 1.0 -0.0 0.0
vn 1.0 -0.0 0.0
vn 1.0 -0.0 0.0
vn 1.0 -0.0 0.0
vn 1.0 0.0 0.0
vn 1.0 0.0 0.0
vn 1.0 0.0 0.0
vn 1.0 0.0 0.0
vn 1.0 0.0 0.0
vn 1.0 0.0 0.0
vn 1.0 0.0 0.0
vn 1.0 0.0 0.0
vn 1.0 0.0 0.0
vn 1.0 0.0 0.0
vn 1.0 0.0 0.0
vn 1.0 0.0 0.0
vn 1.0 0.0 0.0
vn 1.0 0.0 0.0
vn 1.0 0.0 0.0
vn 1.0 0.0 0.0
vn 1.0 0.0 0.0
vn 1.0 0.0 0.0
vn 1.0 0.0 0.0
vn 1.0 0.0 0.0
vn 1.0 0.0 0.0
vn 1.0 0.0 0.0
vn 1.0 0.0 0.0
vn 1.0 0.0 0.0
vn 1.0 0.0 0.0
vn 1.0 0.0 0.0
vn 1.0 0.0 0.0
vn 1.0 0.0 0.0
vn 1.0 0.0 0.0
vn 1.0 0.0 0.0
vn 1.0 0.0 0.0
vn 1.0 0.0 0.0
vn 1.0 0.0 0.0
vn 1.0 -0.0 0.0
vn 1.0 0.0 0.0
vn 1.0 0.0 0.0
vn 1.0 0.0 0.0
vn 1.0 0.0 0.0
vn 1.0 0.0 0.0
vn 1.0 0.0 0.0
vn 1.0 0.0 0.0
vn 1.0 0.0 0.0
vn 1.0 0.0 0.0
vn 1.0 0.0 0.0
vn 1.0 0.0 0.0
vn 1.0 0.0 0.0
vn 1.0 0.0 0.0
vn 1.0 0.0 0.0
vn 1.0 0.0 0.0
vn 1.0 0.0 0.0
vn 1.0 0.0 0.0
vn 1.0 0.0 0.0
vn 1.0 0.0 0.0
vn 1.0 0.0 0.0
vn 1.0 0.0 0.0
vn 1.0 0.0 0.0
vn 1.0 0.0 0.0
vn 1.0 0.0 0.0
vn 1.0 0.0 0.0
vn 1.0 0.0 0.0
vn 1.0 0.0 0.0
vn 1.0 0.0 0.0
vn 1.0 0.0 0.0
vn 1.0 0.0 0.0
vn 1.0 0.0 0.0
vn 1.0 0.0 0.0
vn -1.0 0.0 0.0
vn -1.0 0.0 0.0
vn -0.014783 0.0 0.999891
vn -0.024541 0.000162 0.999699
vn -0.073563 0.000115 0.99729
vn -0.044374 -5.4e-05 0.999015
vn -0.122411 0.000165 0.99248
vn -0.087131 -0.000186 0.996197
vn -0.170966 0.000191 0.985277
vn -0.142748 -0.000215 0.989759
vn -0.219101 0.000187 0.975702
vn -0.197943 -0.000217 0.980214
vn -0.266706 0.000151 0.963778
vn -0.252522 -0.000191 0.967591
vn -0.313687 8.2e-05 0.949526
vn -0.306307 -0.000137 0.951933
vn -0.405236 5.4e-05 0.914212
vn -0.359896 -2.4e-05 0.932993
vn -0.359105 -5.3e-05 0.933297
vn -0.410864 -0.000131 0.911697
vn -0.449621 0.000135 0.893219
vn -0.461294 -0.00021 0.887247
vn -0.492886 0.000186 0.870094
vn -0.510265 -0.00026 0.860017
vn -0.534995 0.000206 0.844855
vn -0.557574 -0.000279 0.830127
vn -0.575812 0.000194 0.817582
vn -0.615227 0.000148 0.78835
vn -0.603119 -0.000264 0.797651
vn -0.653183 6.6e-05 0.7572
vn -0.646747 -0.000213 0.762704
vn -0.724231 8e-06 0.689557
vn -0.689546 -5.4e-05 0.724241
vn -0.688315 -0.000121 0.725412
vn -0.757215 0.000115 0.653166
vn -0.727804 -0.000182 0.685785
vn -0.788346 0.000194 0.615232
vn -0.76503 -0.000272 0.643995
vn -0.817593 0.000239 0.575796
vn -0.79986 -0.000325 0.600186
vn -0.844841 0.000249 0.535017
vn -0.832158 -0.000339 0.554539
vn -0.870086 0.000216 0.492901
vn -0.861889 -0.000312 0.507097
vn -0.893224 0.000137 0.449612
vn -0.888888 -0.000242 0.458125
vn -0.932997 4.3e-05 0.359885
vn -0.914213 5e-06 0.405234
vn -0.91312 -0.000123 0.407691
vn -0.949529 0.000187 0.313679
vn -0.934524 -0.000153 0.3559
vn -0.96377 0.000289 0.266735
vn -0.953013 -0.000274 0.302931
vn -0.975704 0.000343 0.219093
vn -0.968505 -0.000358 0.248995
vn -0.98528 0.000347 0.170946
vn -0.980934 -0.000397 0.19434
vn -0.99248 0.000294 0.12241
vn -0.990277 -0.000388 0.139108
vn -0.997291 0.000178 0.073562
vn -0.996507 -0.000325 0.083508
vn -0.999698 0.0 0.02456
vn -0.999613 -0.0002 0.027813
vn 0.0 0.0 1.0
vn 0.0 0.0 1.0
vn 0.99989 0.0 0.014802
vn 0.999699 0.000353 0.02454
vn 0.997289 0.000241 0.073581
vn 0.99902 -0.000116 0.044266
vn 0.99248 0.000327 0.12241
vn 0.996227 -0.000374 0.086781
vn 0.98528 0.000354 0.170946
vn 0.989816 -0.00041 0.142348
vn 0.9757 0.000327 0.219112
vn 0.98029 -0.000393 0.197563
vn 0.963775 0.00025 0.266717
vn 0.967675 -0.000329 0.2522
vn 0.949529 0.000128 0.313679
vn 0.952006 -0.000224 0.306081
vn 0.914206 8e-05 0.40525
vn 0.932997 -3.6e-05 0.359885
vn 0.933327 -8.1e-05 0.359028
vn 0.911778 -0.000184 0.410684
vn 0.893224 0.000187 0.449612
vn 0.88739 -0.000281 0.461019
vn 0.870086 0.000245 0.492901
vn 0.860216 -0.000331 0.50993
vn 0.844859 0.000257 0.534989
vn 0.83034 -0.000338 0.557257
vn 0.817584 0.000228 0.575809
vn 0.797867 -0.000305 0.602833
vn 0.788346 0.000165 0.615232
vn 0.757205 7e-05 0.653177
vn 0.762895 -0.000234 0.646522
vn 0.689537 8e-06 0.724251
vn 0.724251 -5.4e-05 0.689537
vn 0.725524 -0.000126 0.688197
vn 0.653173 0.000109 0.757209
vn 0.685945 -0.000173 0.727653
vn 0.615236 0.000174 0.788343
vn 0.644249 -0.000246 0.764816
vn 0.575803 0.000203 0.817588
vn 0.600495 -0.000281 0.799629
vn 0.534995 0.0002 0.844855
vn 0.55485 -0.00028 0.83195
vn 0.492903 0.000164 0.870084
vn 0.507418 -0.000245 0.8617
vn 0.449614 9.8e-05 0.893223
vn 0.45836 -0.00018 0.888767
vn 0.359896 3e-05 0.932993
vn 0.405236 4e-06 0.914212
vn 0.407826 -8.7e-05 0.91306
vn 0.313682 0.00012 0.949528
vn 0.356056 -9.8e-05 0.934465
vn 0.266715 0.000175 0.963775
vn 0.303181 -0.000168 0.952933
vn 0.219101 0.000196 0.975702
vn 0.249344 -0.000208 0.968415
vn 0.170962 0.000186 0.985278
vn 0.194714 -0.000219 0.98086
vn 0.122411 0.000148 0.99248
vn 0.139482 -0.000204 0.990225
vn 0.073565 8.5e-05 0.99729
vn 0.083838 -0.000162 0.996479
vn 0.02454 0.0 0.999699
vn 0.027983 -9.4e-05 0.999608
vn 1.0 -0.0 0.0
vn 1.0 0.0 0.0
vn -0.022638 0.999744 0.0
vn -0.02454 0.999699 6e-06
vn -0.073566 0.99729 1.1e-05
vn -0.067869 0.997694 -6e-06
vn -0.122411 0.99248 1.5e-05
vn -0.11296 0.993599 -1e-05
vn -0.170957 0.985279 1.8e-05
vn -0.157816 0.987469 -1.4e-05
vn -0.219103 0.975702 2e-05
vn -0.202354 0.979312 -1.6e-05
vn -0.266713 0.963776 2.1e-05
vn -0.246474 0.96915 -1.8e-05
vn -0.290097 0.956997 -1.8e-05
vn -0.313678 0.949529 2.1e-05
vn -0.333119 0.942885 -1.8e-05
vn -0.359894 0.932993 2e-05
vn -0.375444 0.926845 -1.6e-05
vn -0.405252 0.914205 1.8e-05
vn -0.417027 0.908894 -1.3e-05
vn -0.449606 0.893227 1.5e-05
vn -0.457739 0.889086 -1e-05
vn -0.492903 0.870084 1.1e-05
vn -0.534995 0.844855 6e-06
vn -0.497506 0.86746 -5e-06
vn -0.536268 0.844048 1e-06
vn -0.575811 0.817583 7e-06
vn -0.573927 0.818906 -1e-06
vn -0.610396 0.792096 -6e-06
vn -0.615228 0.788349 1.2e-05
vn -0.645621 0.763658 -1.1e-05
vn -0.653163 0.757217 1.6e-05
vn -0.689546 0.724241 1.9e-05
vn -0.679541 0.733637 -1.4e-05
vn -0.724251 0.689537 2.1e-05
vn -0.712052 0.702126 -1.7e-05
vn -0.757215 0.653166 2.1e-05
vn -0.743101 0.669179 -1.8e-05
vn -0.788346 0.615232 2.1e-05
vn -0.772635 0.634851 -1.8e-05
vn -0.817575 0.575822 2e-05
vn -0.800566 0.599245 -1.8e-05
vn -0.844858 0.53499 1.8e-05
vn -0.826875 0.562385 -1.6e-05
vn -0.870086 0.492901 1.5e-05
vn -0.85148 0.524388 -1.3e-05
vn -0.893225 0.449611 1e-05
vn -0.87435 0.485296 -9e-06
vn -0.914213 0.405235 5e-06
vn -0.895432 0.445199 -5e-06
vn -0.914652 0.404243 1e-06
vn -0.932997 0.359884 7e-06
vn -0.932017 0.362415 -1e-06
vn -0.949517 0.313714 1.2e-05
vn -0.947463 0.319865 -7e-06
vn -0.96378 0.266698 1.6e-05
vn -0.960972 0.276644 -1.1e-05
vn -0.975704 0.219093 1.9e-05
vn -0.972507 0.232874 -1.4e-05
vn -0.985274 0.170984 2.1e-05
vn -0.982054 0.1886 -1.7e-05
vn -0.99248 0.122409 2.1e-05
vn -0.989586 0.143946 -1.8e-05
vn -0.997291 0.073562 2.1e-05
vn -0.995088 0.098997 -1.8e-05
vn -0.999699 0.024521 1.5e-05
vn -0.998353 0.057371 -1.1e-05
vn -0.999817 0.01914 0.0
vn 0.019131 0.999817 0.0
vn 0.02454 0.999699 1.5e-05
vn 0.073565 0.99729 2.1e-05
vn 0.057371 0.998353 -1.1e-05
vn 0.122413 0.992479 2.1e-05
vn 0.099015 0.995086 -1.8e-05
vn 0.17096 0.985278 2.1e-05
vn 0.143958 0.989584 -1.8e-05
vn 0.219099 0.975703 1.9e-05
vn 0.188601 0.982054 -1.7e-05
vn 0.266713 0.963776 1.6e-05
vn 0.232862 0.97251 -1.4e-05
vn 0.313684 0.949528 1.2e-05
vn 0.276646 0.960972 -1.1e-05
vn 0.319858 0.947465 -7e-06
vn 0.359894 0.932993 7e-06
vn 0.362413 0.932018 -1e-06
vn 0.405245 0.914208 5e-06
vn 0.404237 0.914654 1e-06
vn 0.449606 0.893227 1e-05
vn 0.445222 0.89542 -5e-06
vn 0.492903 0.870084 1.5e-05
vn 0.485294 0.874351 -9e-06
vn 0.524379 0.851485 -1.3e-05
vn 0.534995 0.844855 1.8e-05
vn 0.575811 0.817583 2e-05
vn 0.562382 0.826878 -1.6e-05
vn 0.615228 0.788349 2.1e-05
vn 0.599235 0.800573 -1.8e-05
vn 0.653173 0.757209 2.1e-05
vn 0.634852 0.772633 -1.8e-05
vn 0.689537 0.724251 2.1e-05
vn 0.669185 0.743096 -1.8e-05
vn 0.724251 0.689537 1.9e-05
vn 0.702134 0.712045 -1.7e-05
vn 0.757205 0.653177 1.6e-05
vn 0.733638 0.67954 -1.4e-05
vn 0.788346 0.615232 1.2e-05
vn 0.76365 0.64563 -1.1e-05
vn 0.817593 0.575796 7e-06
vn 0.792097 0.610396 -6e-06
vn 0.818906 0.573928 -1e-06
vn 0.844849 0.535004 6e-06
vn 0.844047 0.536269 1e-06
vn 0.870086 0.492901 1.1e-05
vn 0.867457 0.497513 -5e-06
vn 0.893225 0.449611 1.5e-05
vn 0.889093 0.457727 -1e-05
vn 0.914213 0.405235 1.8e-05
vn 0.908893 0.417029 -1.3e-05
vn 0.93299 0.359901 2e-05
vn 0.926842 0.375453 -1.6e-05
vn 0.949529 0.313679 2.1e-05
vn 0.942886 0.333115 -1.8e-05
vn 0.963775 0.266716 2.1e-05
vn 0.957001 0.290083 -1.8e-05
vn 0.975704 0.219093 2e-05
vn 0.969147 0.246482 -1.8e-05
vn 0.985277 0.170965 1.8e-05
vn 0.979312 0.202354 -1.6e-05
vn 0.99248 0.122409 1.5e-05
vn 0.987467 0.157827 -1.4e-05
vn 0.997291 0.073562 1.1e-05
vn 0.993599 0.112962 -1e-05
vn 0.997694 0.067866 -6e-06
vn 0.999699 0.02454 6e-06
vn 0.999744 0.022622 -0.0
vn 0.0 1.0 0.0
vn 0.0 1.0 0.0
vn 0.0 1.0 0.0
vn 0.0 1.0 0.0
vn -0.997293 0.073524 0.0
vn -0.999698 0.02456 0.0
vn -0.999698 0.02456 0.0
vn -0.997293 0.073524 0.0
vn -0.99247 0.122486 0.0
vn -0.99247 0.122486 0.0
vn -0.975704 0.219093 0.0
vn -0.985287 0.170908 0.0
vn -0.985287 0.170908 0.0
vn -0.975704 0.219093 0.0
vn -0.96377 0.266735 0.0
vn -0.96377 0.266735 0.0
vn -0.949529 0.313679 0.0
vn -0.949529 0.313679 0.0
vn -0.932984 0.359919 0.0
vn -0.932984 0.359919 0.0
vn -0.914213 0.405233 0.0
vn -0.914213 0.405233 0.0
vn -0.893224 0.449612 0.0
vn -0.893224 0.449612 0.0
vn -0.870086 0.492901 0.0
vn -0.870086 0.492901 0.0
vn -0.844876 0.534963 0.0
vn -0.844876 0.534963 0.0
vn -0.817576 0.575821 0.0
vn -0.817576 0.575821 0.0
vn -0.757215 0.653166 0.0
vn -0.788345 0.615233 0.0
vn -0.788345 0.615233 0.0
vn -0.757215 0.653166 0.0
vn -0.689526 0.724261 0.0
vn -0.724252 0.689535 0.0
vn -0.724252 0.689535 0.0
vn -0.689526 0.724261 0.0
vn -0.653165 0.757216 0.0
vn -0.653165 0.757216 0.0
vn -0.615246 0.788335 0.0
vn -0.615246 0.788335 0.0
vn -0.575793 0.817596 0.0
vn -0.575793 0.817596 0.0
vn -0.492901 0.870085 0.0
vn -0.535015 0.844843 0.0
vn -0.535015 0.844843 0.0
vn -0.492901 0.870085 0.0
vn -0.405238 0.914211 0.0
vn -0.449606 0.893227 0.0
vn -0.449606 0.893227 0.0
vn -0.405238 0.914211 0.0
vn -0.313687 0.949526 0.0
vn -0.359883 0.932998 0.0
vn -0.359883 0.932998 0.0
vn -0.266726 0.963773 0.0
vn -0.313687 0.949526 0.0
vn -0.219101 0.975702 0.0
vn -0.266726 0.963773 0.0
vn -0.219101 0.975702 0.0
vn -0.170953 0.985279 0.0
vn -0.170953 0.985279 0.0
vn -0.073569 0.99729 0.0
vn -0.122408 0.99248 0.0
vn -0.122408 0.99248 0.0
vn -0.073569 0.99729 0.0
vn -0.024542 0.999699 0.0
vn -0.024542 0.999699 0.0
vn 0.999699 0.024543 0.0
vn 0.999699 0.024543 0.0
vn 0.99729 0.073565 -0.0
vn 0.99729 0.073565 0.0
vn 0.99248 0.122409 0.0
vn 0.99248 0.122409 0.0
vn 0.985277 0.170962 0.0
vn 0.985277 0.170962 0.0
vn 0.975702 0.2191 0.0
vn 0.975702 0.2191 0.0
vn 0.963776 0.266714 0.0
vn 0.949528 0.313682 -0.0
vn 0.963776 0.266714 0.0
vn 0.932993 0.359896 -0.0
vn 0.949528 0.313682 0.0
vn 0.932993 0.359896 0.0
vn 0.91421 0.405241 0.0
vn 0.91421 0.405241 0.0
vn 0.893224 0.449612 -0.0
vn 0.870088 0.492897 -0.0
vn 0.893224 0.449612 0.0
vn 0.870088 0.492897 0.0
vn 0.844853 0.534999 0.0
vn 0.844853 0.534999 0.0
vn 0.817586 0.575806 0.0
vn 0.817586 0.575806 0.0
vn 0.788346 0.615232 0.0
vn 0.788346 0.615232 0.0
vn 0.757208 0.653174 0.0
vn 0.757208 0.653174 0.0
vn 0.72425 0.689538 0.0
vn 0.72425 0.689538 0.0
vn 0.689538 0.72425 0.0
vn 0.689538 0.72425 0.0
vn 0.653174 0.757208 0.0
vn 0.615232 0.788346 -0.0
vn 0.653174 0.757208 0.0
vn 0.615232 0.788346 0.0
vn 0.575806 0.817586 0.0
vn 0.575806 0.817586 0.0
vn 0.534999 0.844853 0.0
vn 0.492897 0.870088 -0.0
vn 0.534999 0.844853 0.0
vn 0.492897 0.870088 0.0
vn 0.449612 0.893224 0.0
vn 0.405241 0.91421 -0.0
vn 0.449612 0.893224 0.0
vn 0.405241 0.91421 0.0
vn 0.359896 0.932993 0.0
vn 0.359896 0.932993 0.0
vn 0.313682 0.949528 0.0
vn 0.313682 0.949528 0.0
vn 0.266714 0.963776 0.0
vn 0.266714 0.963776 0.0
vn 0.2191 0.975702 0.0
vn 0.2191 0.975702 0.0
vn 0.170962 0.985277 0.0
vn 0.170962 0.985277 0.0
vn 0.122409 0.99248 0.0
vn 0.122409 0.99248 0.0
vn 0.073565 0.99729 0.0
vn 0.073565 0.99729 0.0
vn 0.024543 0.999699 0.0
vn 0.024543 0.999699 0.0
vn -1.0 0.0 0.0
vn -1.0 0.0 0.0
vn 1.0 0.0 0.0
vn 1.0 -0.0 0.0
vn -0.073528 -0.997293 -0.0
vn -0.024559 -0.999698 -0.0
vn -0.024559 -0.999698 0.0
vn -0.073528 -0.997293 -0.0
vn -0.122485 -0.99247 -0.0
vn -0.122485 -0.99247 0.0
vn -0.219094 -0.975704 -0.0
vn -0.170898 -0.985289 -0.0
vn -0.170898 -0.985289 0.0
vn -0.219094 -0.975704 -0.0
vn -0.266746 -0.963767 -0.0
vn -0.266746 -0.963767 0.0
vn -0.313685 -0.949527 -0.0
vn -0.313685 -0.949527 0.0
vn -0.359906 -0.932989 0.0
vn -0.359906 -0.932989 -0.0
vn -0.40523 -0.914215 0.0
vn -0.40523 -0.914215 -0.0
vn -0.449606 -0.893227 0.0
vn -0.449606 -0.893227 -0.0
vn -0.492905 -0.870083 0.0
vn -0.492905 -0.870083 -0.0
vn -0.534978 -0.844866 -0.0
vn -0.534978 -0.844866 0.0
vn -0.575807 -0.817586 -0.0
vn -0.575807 -0.817586 0.0
vn -0.653156 -0.757223 -0.0
vn -0.615247 -0.788334 -0.0
vn -0.615247 -0.788334 0.0
vn -0.653156 -0.757223 -0.0
vn -0.724264 -0.689523 -0.0
vn -0.689523 -0.724264 -0.0
vn -0.689523 -0.724264 0.0
vn -0.724264 -0.689523 -0.0
vn -0.757223 -0.653156 -0.0
vn -0.757223 -0.653156 0.0
vn -0.788334 -0.615247 -0.0
vn -0.788334 -0.615247 0.0
vn -0.817586 -0.575807 -0.0
vn -0.817586 -0.575807 0.0
vn -0.870083 -0.492905 -0.0
vn -0.844866 -0.534978 -0.0
vn -0.844866 -0.534978 0.0
vn -0.870083 -0.492905 -0.0
vn -0.914215 -0.40523 -0.0
vn -0.893227 -0.449606 -0.0
vn -0.893227 -0.449606 0.0
vn -0.914215 -0.40523 -0.0
vn -0.949527 -0.313685 -0.0
vn -0.932989 -0.359906 -0.0
vn -0.932989 -0.359906 0.0
vn -0.963767 -0.266746 -0.0
vn -0.949527 -0.313685 -0.0
vn -0.975704 -0.219094 -0.0
vn -0.963767 -0.266746 -0.0
vn -0.975704 -0.219094 -0.0
vn -0.985289 -0.170898 -0.0
vn -0.985289 -0.170898 0.0
vn -0.997293 -0.073528 -0.0
vn -0.99247 -0.122485 -0.0
vn -0.99247 -0.122485 0.0
vn -0.997293 -0.073528 -0.0
vn -0.999698 -0.024559 -0.0
vn -0.999698 -0.024559 0.0
vn 0.999699 -0.024542 0.0
vn 0.99729 -0.073569 0.0
vn 0.999699 -0.024542 0.0
vn 0.99248 -0.122408 0.0
vn 0.99729 -0.073569 0.0
vn 0.985279 -0.170953 0.0
vn 0.99248 -0.122408 0.0
vn 0.975702 -0.219101 0.0
vn 0.985279 -0.170953 0.0
vn 0.963773 -0.266726 0.0
vn 0.975702 -0.219101 0.0
vn 0.949526 -0.313687 0.0
vn 0.963773 -0.266726 0.0
vn 0.932998 -0.359883 0.0
vn 0.949526 -0.313687 0.0
vn 0.932998 -0.359883 0.0
vn 0.914211 -0.405238 0.0
vn 0.914211 -0.405238 0.0
vn 0.893227 -0.449606 0.0
vn 0.870085 -0.492901 0.0
vn 0.893227 -0.449606 0.0
vn 0.844843 -0.535015 0.0
vn 0.870085 -0.492901 0.0
vn 0.817596 -0.575793 0.0
vn 0.844843 -0.535015 0.0
vn 0.788335 -0.615246 0.0
vn 0.817596 -0.575793 0.0
vn 0.757216 -0.653165 0.0
vn 0.788335 -0.615246 0.0
vn 0.724261 -0.689526 0.0
vn 0.757216 -0.653165 0.0
vn 0.689535 -0.724252 0.0
vn 0.724261 -0.689526 0.0
vn 0.653166 -0.757215 0.0
vn 0.689535 -0.724252 0.0
vn 0.615233 -0.788345 0.0
vn 0.653166 -0.757215 0.0
vn 0.615233 -0.788345 0.0
vn 0.575821 -0.817576 0.0
vn 0.575821 -0.817576 0.0
vn 0.534963 -0.844876 0.0
vn 0.492901 -0.870086 0.0
vn 0.534963 -0.844876 0.0
vn 0.492901 -0.870086 0.0
vn 0.449612 -0.893224 0.0
vn 0.449612 -0.893224 0.0
vn 0.405233 -0.914213 0.0
vn 0.359919 -0.932984 0.0
vn 0.405233 -0.914213 0.0
vn 0.359919 -0.932984 0.0
vn 0.313679 -0.949529 0.0
vn 0.313679 -0.949529 0.0
vn 0.266735 -0.96377 0.0
vn 0.266735 -0.96377 0.0
vn 0.219093 -0.975704 0.0
vn 0.170908 -0.985287 0.0
vn 0.219093 -0.975704 0.0
vn 0.122486 -0.99247 0.0
vn 0.170908 -0.985287 0.0
vn 0.122486 -0.99247 0.0
vn 0.073524 -0.997293 0.0
vn 0.073524 -0.997293 0.0
vn 0.02456 -0.999698 0.0
vn 0.02456 -0.999698 0.0
vn 0.0 -1.0 0.0
vn 0.0 -1.0 0.0
vn -0.999689 -0.024928 -0.0
vn -0.999689 -0.024928 0.0
vn -0.997204 -0.074732 0.0
vn -0.997204 -0.074732 -0.0
vn -0.992239 -0.124343 0.0
vn -0.992239 -0.124343 -0.0
vn -0.984808 -0.173648 0.0
vn -0.984808 -0.173648 -0.0
vn -0.974928 -0.222521 0.0
vn -0.974928 -0.222521 -0.0
vn -0.962624 -0.270842 0.0
vn -0.947927 -0.318488 0.0
vn -0.962624 -0.270842 -0.0
vn -0.947927 -0.318488 0.0
vn -0.930875 -0.365338 0.0
vn -0.930875 -0.365338 -0.0
vn -0.911505 -0.411289 0.0
vn -0.911505 -0.411289 -0.0
vn -0.889872 -0.45621 0.0
vn -0.889872 -0.45621 -0.0
vn -0.866026 -0.5 -0.0
vn -0.866026 -0.5 0.0
vn -0.840026 -0.542545 -0.0
vn -0.840026 -0.542545 0.0
vn -0.811937 -0.583745 -0.0
vn -0.811937 -0.583745 0.0
vn -0.781831 -0.62349 -0.0
vn -0.781831 -0.62349 0.0
vn -0.749782 -0.661685 -0.0
vn -0.749782 -0.661685 0.0
vn -0.715867 -0.698236 -0.0
vn -0.715867 -0.698236 0.0
vn -0.680173 -0.733052 -0.0
vn -0.680173 -0.733052 0.0
vn -0.642787 -0.766045 -0.0
vn -0.642787 -0.766045 0.0
vn -0.603804 -0.797133 -0.0
vn -0.603804 -0.797133 0.0
vn -0.563319 -0.82624 0.0
vn -0.563319 -0.82624 0.0
vn -0.521437 -0.85329 0.0
vn -0.521437 -0.85329 0.0
vn -0.478253 -0.878222 -0.0
vn -0.478253 -0.878222 0.0
vn -0.433885 -0.900968 0.0
vn -0.433885 -0.900968 -0.0
vn -0.388433 -0.921477 0.0
vn -0.388433 -0.921477 -0.0
vn -0.342024 -0.939691 0.0
vn -0.342024 -0.939691 -0.0
vn -0.29475 -0.955574 0.0
vn -0.29475 -0.955574 -0.0
vn -0.246759 -0.969077 0.0
vn -0.246759 -0.969077 -0.0
vn -0.198145 -0.980173 0.0
vn -0.198145 -0.980173 -0.0
vn -0.149043 -0.988831 0.0
vn -0.149043 -0.988831 -0.0
vn -0.099569 -0.995031 0.0
vn -0.099569 -0.995031 -0.0
vn -0.049846 -0.998757 0.0
vn -0.049846 -0.998757 -0.0
vn 0.0 -1.0 0.0
vn 0.049846 -0.998757 0.0
vn -0.0 -1.0 -0.0
vn 0.049846 -0.998757 0.0
vn 0.099569 -0.995031 0.0
vn 0.099569 -0.995031 0.0
vn 0.149043 -0.988831 0.0
vn 0.149043 -0.988831 0.0
vn 0.198145 -0.980173 0.0
vn 0.198145 -0.980173 0.0
vn 0.246759 -0.969077 0.0
vn 0.246759 -0.969077 0.0
vn 0.294751 -0.955574 0.0
vn 0.294751 -0.955574 0.0
vn 0.342024 -0.939691 0.0
vn 0.342024 -0.939691 0.0
vn 0.388433 -0.921477 0.0
vn 0.388433 -0.921477 0.0
vn 0.433885 -0.900968 0.0
vn 0.433885 -0.900968 0.0
vn 0.478253 -0.878222 0.0
vn 0.478253 -0.878222 0.0
vn 0.521436 -0.85329 0.0
vn 0.521436 -0.85329 0.0
vn 0.563319 -0.82624 0.0
vn 0.563319 -0.82624 0.0
vn 0.603805 -0.797132 0.0
vn 0.603805 -0.797132 0.0
vn 0.642787 -0.766045 0.0
vn 0.642787 -0.766045 0.0
vn 0.680173 -0.733052 0.0
vn 0.680173 -0.733052 0.0
vn 0.715868 -0.698236 0.0
vn 0.715868 -0.698236 0.0
vn 0.749781 -0.661686 0.0
vn 0.749781 -0.661686 0.0
vn 0.781831 -0.62349 0.0
vn 0.781831 -0.62349 0.0
vn 0.811938 -0.583743 0.0
vn 0.811938 -0.583743 0.0
vn 0.840026 -0.542546 0.0
vn 0.840026 -0.542546 0.0
vn 0.866025 -0.500001 0.0
vn 0.866025 -0.500001 0.0
vn 0.889872 -0.456211 0.0
vn 0.889872 -0.456211 0.0
vn 0.911506 -0.411287 0.0
vn 0.911506 -0.411287 0.0
vn 0.930874 -0.365341 0.0
vn 0.930874 -0.365341 0.0
vn 0.947927 -0.318487 0.0
vn 0.947927 -0.318487 0.0
vn 0.962624 -0.27084 0.0
vn 0.962624 -0.27084 0.0
vn 0.974928 -0.222521 0.0
vn 0.974928 -0.222521 0.0
vn 0.984808 -0.173649 0.0
vn 0.984808 -0.173649 0.0
vn 0.992239 -0.124343 0.0
vn 0.992239 -0.124343 0.0
vn 0.997204 -0.07473 0.0
vn 0.997204 -0.07473 0.0
vn 0.999689 -0.024931 0.0
vn 0.999689 -0.024931 0.0
vn 0.999689 0.024931 0.0
vn 0.999689 0.024931 0.0
vn 0.997204 0.07473 0.0
vn 0.997204 0.07473 0.0
vn 0.992239 0.124344 0.0
vn 0.992239 0.124344 0.0
vn 0.984808 0.173648 0.0
vn 0.984808 0.173648 0.0
vn 0.974928 0.222521 0.0
vn 0.974928 0.222521 0.0
vn 0.962624 0.27084 0.0
vn 0.962624 0.27084 0.0
vn 0.947927 0.318487 0.0
vn 0.947927 0.318487 0.0
vn 0.930874 0.365341 0.0
vn 0.930874 0.365341 0.0
vn 0.911506 0.411287 0.0
vn 0.911506 0.411287 0.0
vn 0.889872 0.456211 0.0
vn 0.889872 0.456211 0.0
vn 0.866025 0.5 -0.0
vn 0.866025 0.5 0.0
vn 0.840026 0.542546 0.0
vn 0.840026 0.542546 0.0
vn 0.811938 0.583744 0.0
vn 0.811938 0.583744 0.0
vn 0.781832 0.623489 0.0
vn 0.781832 0.623489 0.0
vn 0.749781 0.661686 0.0
vn 0.749781 0.661686 0.0
vn 0.715867 0.698236 0.0
vn 0.715867 0.698236 0.0
vn 0.680173 0.733052 0.0
vn 0.680173 0.733052 0.0
vn 0.642787 0.766045 0.0
vn 0.642787 0.766045 0.0
vn 0.603804 0.797132 0.0
vn 0.603804 0.797132 0.0
vn 0.56332 0.826239 0.0
vn 0.56332 0.826239 0.0
vn 0.521436 0.853291 0.0
vn 0.521436 0.853291 0.0
vn 0.478254 0.878222 0.0
vn 0.478254 0.878222 0.0
vn 0.433884 0.900969 0.0
vn 0.433884 0.900969 0.0
vn 0.388435 0.921476 0.0
vn 0.388435 0.921476 0.0
vn 0.342021 0.939692 0.0
vn 0.342021 0.939692 0.0
vn 0.294755 0.955573 0.0
vn 0.294755 0.955573 0.0
vn 0.246757 0.969077 0.0
vn 0.246757 0.969077 0.0
vn 0.198147 0.980172 0.0
vn 0.198147 0.980172 0.0
vn 0.149042 0.988831 0.0
vn 0.149042 0.988831 0.0
vn 0.099568 0.995031 0.0
vn 0.099568 0.995031 0.0
vn 0.049846 0.998757 0.0
vn 0.049846 0.998757 0.0
vn 0.0 1.0 0.0
vn -0.0 1.0 0.0
vn -0.049846 0.998757 0.0
vn -0.049846 0.998757 0.0
vn -0.099568 0.995031 0.0
vn -0.099568 0.995031 0.0
vn -0.149042 0.988831 0.0
vn -0.149042 0.988831 0.0
vn -0.198147 0.980172 0.0
vn -0.198147 0.980172 0.0
vn -0.246757 0.969077 0.0
vn -0.246757 0.969077 0.0
vn -0.294755 0.955573 0.0
vn -0.294755 0.955573 0.0
vn -0.34202 0.939693 0.0
vn -0.34202 0.939693 0.0
vn -0.388435 0.921476 0.0
vn -0.388435 0.921476 0.0
vn -0.433884 0.900969 0.0
vn -0.433884 0.900969 0.0
vn -0.478253 0.878222 0.0
vn -0.478253 0.878222 0.0
vn -0.521436 0.85329 0.0
vn -0.521436 0.85329 0.0
vn -0.56332 0.826239 0.0
vn -0.56332 0.826239 0.0
vn -0.603803 0.797133 0.0
vn -0.603803 0.797133 0.0
vn -0.642788 0.766044 0.0
vn -0.642788 0.766044 0.0
vn -0.680173 0.733052 0.0
vn -0.680173 0.733052 0.0
vn -0.715867 0.698237 0.0
vn -0.715867 0.698237 0.0
vn -0.749782 0.661685 0.0
vn -0.749782 0.661685 0.0
vn -0.781832 0.623489 0.0
vn -0.781832 0.623489 0.0
vn -0.811937 0.583746 0.0
vn -0.811937 0.583746 0.0
vn -0.840026 0.542545 0.0
vn -0.840026 0.542545 0.0
vn -0.866026 0.499999 0.0
vn -0.866026 0.499999 0.0
vn -0.889872 0.45621 0.0
vn -0.889872 0.45621 0.0
vn -0.911505 0.411289 0.0
vn -0.911505 0.411289 0.0
vn -0.930875 0.365338 0.0
vn -0.930875 0.365338 0.0
vn -0.947927 0.318488 0.0
vn -0.947927 0.318488 0.0
vn -0.962624 0.270842 0.0
vn -0.962624 0.270842 0.0
vn -0.974928 0.222521 0.0
vn -0.974928 0.222521 0.0
vn -0.984808 0.173647 0.0
vn -0.984808 0.173647 0.0
vn -0.992239 0.124344 0.0
vn -0.992239 0.124344 0.0
vn -0.997204 0.074732 0.0
vn -0.997204 0.074732 0.0
vn -0.999689 0.024928 0.0
vn -0.999689 0.024928 0.0
vn -0.99969 -0.024907 -0.0
vn -0.99969 -0.024907 0.0
vn -0.997204 -0.074721 0.0
vn -0.997204 -0.074721 -0.0
vn -0.992237 -0.124364 0.0
vn -0.992237 -0.124364 -0.0
vn -0.984804 -0.173668 0.0
vn -0.984804 -0.173668 -0.0
vn -0.974922 -0.222546 0.0
vn -0.974922 -0.222546 -0.0
vn -0.962627 -0.270832 0.0
vn -0.947943 -0.31844 0.0
vn -0.962627 -0.270832 -0.0
vn -0.947943 -0.31844 0.0
vn -0.930868 -0.365356 0.0
vn -0.930868 -0.365356 -0.0
vn -0.911515 -0.411267 0.0
vn -0.911515 -0.411267 -0.0
vn -0.889863 -0.456227 0.0
vn -0.889863 -0.456227 -0.0
vn -0.866021 -0.500008 -0.0
vn -0.866021 -0.500008 0.0
vn -0.840041 -0.542523 -0.0
vn -0.840041 -0.542523 0.0
vn -0.81194 -0.583741 -0.0
vn -0.81194 -0.583741 0.0
vn -0.781814 -0.623511 -0.0
vn -0.781814 -0.623511 0.0
vn -0.749778 -0.66169 -0.0
vn -0.749778 -0.66169 0.0
vn -0.715863 -0.69824 -0.0
vn -0.715863 -0.69824 0.0
vn -0.680192 -0.733034 -0.0
vn -0.680192 -0.733034 0.0
vn -0.642769 -0.76606 -0.0
vn -0.642769 -0.76606 0.0
vn -0.603817 -0.797123 -0.0
vn -0.603817 -0.797123 0.0
vn -0.563306 -0.826248 0.0
vn -0.563306 -0.826248 0.0
vn -0.521433 -0.853292 0.0
vn -0.521433 -0.853292 0.0
vn -0.478261 -0.878218 -0.0
vn -0.478261 -0.878218 0.0
vn -0.433878 -0.900972 0.0
vn -0.433878 -0.900972 -0.0
vn -0.388434 -0.921476 0.0
vn -0.388434 -0.921476 -0.0
vn -0.342033 -0.939688 0.0
vn -0.342033 -0.939688 -0.0
vn -0.294754 -0.955573 0.0
vn -0.294754 -0.955573 -0.0
vn -0.246759 -0.969077 0.0
vn -0.246759 -0.969077 -0.0
vn -0.198138 -0.980174 0.0
vn -0.198138 -0.980174 -0.0
vn -0.149048 -0.98883 0.0
vn -0.149048 -0.98883 -0.0
vn -0.099564 -0.995031 0.0
vn -0.099564 -0.995031 -0.0
vn -0.049846 -0.998757 0.0
vn -0.049846 -0.998757 -0.0
vn 0.0 -1.0 0.0
vn 0.049842 -0.998757 0.0
vn -0.0 -1.0 -0.0
vn 0.049842 -0.998757 0.0
vn 0.099572 -0.99503 0.0
vn 0.099572 -0.99503 0.0
vn 0.149048 -0.98883 0.0
vn 0.149048 -0.98883 0.0
vn 0.198138 -0.980174 0.0
vn 0.198138 -0.980174 0.0
vn 0.246759 -0.969077 0.0
vn 0.246759 -0.969077 0.0
vn 0.294754 -0.955573 0.0
vn 0.294754 -0.955573 0.0
vn 0.342033 -0.939688 0.0
vn 0.342033 -0.939688 0.0
vn 0.388434 -0.921476 0.0
vn 0.388434 -0.921476 0.0
vn 0.433878 -0.900972 0.0
vn 0.433878 -0.900972 0.0
vn 0.478261 -0.878218 0.0
vn 0.478261 -0.878218 0.0
vn 0.521433 -0.853292 0.0
vn 0.521433 -0.853292 0.0
vn 0.563306 -0.826248 0.0
vn 0.563306 -0.826248 0.0
vn 0.603817 -0.797123 0.0
vn 0.603817 -0.797123 0.0
vn 0.642769 -0.76606 0.0
vn 0.642769 -0.76606 0.0
vn 0.680192 -0.733034 0.0
vn 0.680192 -0.733034 0.0
vn 0.715863 -0.69824 0.0
vn 0.715863 -0.69824 0.0
vn 0.749778 -0.66169 0.0
vn 0.749778 -0.66169 0.0
vn 0.781814 -0.623511 0.0
vn 0.781814 -0.623511 0.0
vn 0.81194 -0.583741 0.0
vn 0.81194 -0.583741 0.0
vn 0.840041 -0.542523 0.0
vn 0.840041 -0.542523 0.0
vn 0.866021 -0.500008 0.0
vn 0.866021 -0.500008 0.0
vn 0.889863 -0.456227 0.0
vn 0.889863 -0.456227 0.0
vn 0.911515 -0.411267 0.0
vn 0.911515 -0.411267 0.0
vn 0.930868 -0.365356 0.0
vn 0.930868 -0.365356 0.0
vn 0.947917 -0.318516 0.0
vn 0.947917 -0.318516 0.0
vn 0.962627 -0.270832 0.0
vn 0.962627 -0.270832 0.0
vn 0.974941 -0.222465 0.0
vn 0.974941 -0.222465 0.0
vn 0.984804 -0.173668 0.0
vn 0.984804 -0.173668 0.0
vn 0.992237 -0.124364 0.0
vn 0.992237 -0.124364 0.0
vn 0.997204 -0.074721 0.0
vn 0.997204 -0.074721 0.0
vn 0.99969 -0.024907 0.0
vn 0.99969 -0.024907 0.0
vn 0.99969 0.024907 0.0
vn 0.99969 0.024907 0.0
vn 0.997204 0.074721 0.0
vn 0.997204 0.074721 0.0
vn 0.992237 0.124365 0.0
vn 0.992237 0.124365 0.0
vn 0.984804 0.173668 0.0
vn 0.984804 0.173668 0.0
vn 0.974941 0.222465 0.0
vn 0.974941 0.222465 0.0
vn 0.962627 0.270832 0.0
vn 0.962627 0.270832 0.0
vn 0.947917 0.318517 0.0
vn 0.947917 0.318517 0.0
vn 0.930868 0.365356 0.0
vn 0.930868 0.365356 0.0
vn 0.911515 0.411267 0.0
vn 0.911515 0.411267 0.0
vn 0.889863 0.456227 0.0
vn 0.889863 0.456227 0.0
vn 0.866021 0.500007 -0.0
vn 0.866021 0.500007 0.0
vn 0.840041 0.542523 0.0
vn 0.840041 0.542523 0.0
vn 0.811939 0.583742 0.0
vn 0.811939 0.583742 0.0
vn 0.781815 0.623511 0.0
vn 0.781815 0.623511 0.0
vn 0.749778 0.66169 0.0
vn 0.749778 0.66169 0.0
vn 0.715863 0.698241 0.0
vn 0.715863 0.698241 0.0
vn 0.680192 0.733034 0.0
vn 0.680192 0.733034 0.0
vn 0.64277 0.766059 0.0
vn 0.64277 0.766059 0.0
vn 0.603816 0.797124 0.0
vn 0.603816 0.797124 0.0
vn 0.563307 0.826247 0.0
vn 0.563307 0.826247 0.0
vn 0.521433 0.853292 0.0
vn 0.521433 0.853292 0.0
vn 0.478261 0.878218 0.0
vn 0.478261 0.878218 0.0
vn 0.433877 0.900972 0.0
vn 0.433877 0.900972 0.0
vn 0.388436 0.921476 0.0
vn 0.388436 0.921476 0.0
vn 0.34203 0.939689 0.0
vn 0.34203 0.939689 0.0
vn 0.294758 0.955572 0.0
vn 0.294758 0.955572 0.0
vn 0.246757 0.969077 0.0
vn 0.246757 0.969077 0.0
vn 0.198139 0.980174 0.0
vn 0.198139 0.980174 0.0
vn 0.149047 0.98883 0.0
vn 0.149047 0.98883 0.0
vn 0.099571 0.99503 0.0
vn 0.099571 0.99503 0.0
vn 0.049842 0.998757 0.0
vn 0.049842 0.998757 0.0
vn 0.0 1.0 0.0
vn -0.0 1.0 0.0
vn -0.049846 0.998757 0.0
vn -0.049846 0.998757 0.0
vn -0.099562 0.995031 0.0
vn -0.099562 0.995031 0.0
vn -0.149047 0.98883 0.0
vn -0.149047 0.98883 0.0
vn -0.198139 0.980174 0.0
vn -0.198139 0.980174 0.0
vn -0.246757 0.969077 0.0
vn -0.246757 0.969077 0.0
vn -0.294758 0.955572 0.0
vn -0.294758 0.955572 0.0
vn -0.34203 0.939689 0.0
vn -0.34203 0.939689 0.0
vn -0.388436 0.921476 0.0
vn -0.388436 0.921476 0.0
vn -0.433877 0.900972 0.0
vn -0.433877 0.900972 0.0
vn -0.478261 0.878218 0.0
vn -0.478261 0.878218 0.0
vn -0.521433 0.853292 0.0
vn -0.521433 0.853292 0.0
vn -0.563307 0.826247 0.0
vn -0.563307 0.826247 0.0
vn -0.603816 0.797124 0.0
vn -0.603816 0.797124 0.0
vn -0.64277 0.766059 0.0
vn -0.64277 0.766059 0.0
vn -0.680192 0.733034 0.0
vn -0.680192 0.733034 0.0
vn -0.715863 0.698241 0.0
vn -0.715863 0.698241 0.0
vn -0.749778 0.66169 0.0
vn -0.749778 0.66169 0.0
vn -0.781815 0.623511 0.0
vn -0.781815 0.623511 0.0
vn -0.811939 0.583742 0.0
vn -0.811939 0.583742 0.0
vn -0.840041 0.542523 0.0
vn -0.840041 0.542523 0.0
vn -0.866021 0.500007 0.0
vn -0.866021 0.500007 0.0
vn -0.889863 0.456227 0.0
vn -0.889863 0.456227 0.0
vn -0.911515 0.411267 0.0
vn -0.911515 0.411267 0.0
vn -0.930868 0.365356 0.0
vn -0.930868 0.365356 0.0
vn -0.947943 0.31844 0.0
vn -0.947943 0.31844 0.0
vn -0.962627 0.270832 0.0
vn -0.962627 0.270832 0.0
vn -0.974922 0.222546 0.0
vn -0.974922 0.222546 0.0
vn -0.984804 0.173668 0.0
vn -0.984804 0.173668 0.0
vn -0.992237 0.124365 0.0
vn -0.992237 0.124365 0.0
vn -0.997204 0.074721 0.0
vn -0.997204 0.074721 0.0
vn -0.99969 0.024907 0.0
vn -0.99969 0.024907 0.0
vn -0.999689 -0.024926 -0.0
vn -0.999689 -0.024926 0.0
vn -0.997203 -0.074737 0.0
vn -0.997203 -0.074737 -0.0
vn -0.99224 -0.124338 0.0
vn -0.99224 -0.124338 -0.0
vn -0.984808 -0.173648 0.0
vn -0.984808 -0.173648 -0.0
vn -0.974929 -0.222518 0.0
vn -0.974929 -0.222518 -0.0
vn -0.962623 -0.270844 0.0
vn -0.947925 -0.318493 0.0
vn -0.962623 -0.270844 -0.0
vn -0.947925 -0.318493 0.0
vn -0.93088 -0.365326 0.0
vn -0.93088 -0.365326 -0.0
vn -0.911494 -0.411313 0.0
vn -0.911494 -0.411313 -0.0
vn -0.889885 -0.456184 0.0
vn -0.889885 -0.456184 -0.0
vn -0.86601 -0.500026 -0.0
vn -0.86601 -0.500026 0.0
vn -0.84003 -0.54254 -0.0
vn -0.84003 -0.54254 0.0
vn -0.811952 -0.583724 -0.0
vn -0.811952 -0.583724 0.0
vn -0.781822 -0.623502 -0.0
vn -0.781822 -0.623502 0.0
vn -0.749772 -0.661696 -0.0
vn -0.749772 -0.661696 0.0
vn -0.715896 -0.698207 -0.0
vn -0.715896 -0.698207 0.0
vn -0.680154 -0.733069 -0.0
vn -0.680154 -0.733069 0.0
vn -0.642808 -0.766028 -0.0
vn -0.642808 -0.766028 0.0
vn -0.603802 -0.797134 -0.0
vn -0.603802 -0.797134 0.0
vn -0.563275 -0.826269 0.0
vn -0.563275 -0.826269 0.0
vn -0.521433 -0.853292 0.0
vn -0.521433 -0.853292 0.0
vn -0.478249 -0.878224 -0.0
vn -0.478249 -0.878224 0.0
vn -0.433946 -0.900939 0.0
vn -0.433946 -0.900939 -0.0
vn -0.388402 -0.92149 0.0
vn -0.388402 -0.92149 -0.0
vn -0.342061 -0.939678 0.0
vn -0.342061 -0.939678 -0.0
vn -0.294721 -0.955583 0.0
vn -0.294721 -0.955583 -0.0
vn -0.246774 -0.969073 0.0
vn -0.246774 -0.969073 -0.0
vn -0.19815 -0.980172 0.0
vn -0.19815 -0.980172 -0.0
vn -0.149017 -0.988835 0.0
vn -0.149017 -0.988835 -0.0
vn -0.099543 -0.995033 0.0
vn -0.099543 -0.995033 -0.0
vn -0.049899 -0.998754 0.0
vn -0.049899 -0.998754 -0.0
vn 0.0 -1.0 0.0
vn 0.049899 -0.998754 0.0
vn -0.0 -1.0 -0.0
vn 0.049899 -0.998754 0.0
vn 0.099543 -0.995033 0.0
vn 0.099543 -0.995033 0.0
vn 0.149017 -0.988835 0.0
vn 0.149017 -0.988835 0.0
vn 0.19815 -0.980172 0.0
vn 0.19815 -0.980172 0.0
vn 0.246774 -0.969073 0.0
vn 0.246774 -0.969073 0.0
vn 0.294722 -0.955583 0.0
vn 0.294722 -0.955583 0.0
vn 0.342062 -0.939677 0.0
vn 0.342062 -0.939677 0.0
vn 0.388401 -0.92149 0.0
vn 0.388401 -0.92149 0.0
vn 0.433945 -0.900939 0.0
vn 0.433945 -0.900939 0.0
vn 0.478249 -0.878224 0.0
vn 0.478249 -0.878224 0.0
vn 0.521432 -0.853293 0.0
vn 0.521432 -0.853293 0.0
vn 0.563275 -0.826269 0.0
vn 0.563275 -0.826269 0.0
vn 0.603804 -0.797133 0.0
vn 0.603804 -0.797133 0.0
vn 0.642807 -0.766028 0.0
vn 0.642807 -0.766028 0.0
vn 0.680154 -0.733069 0.0
vn 0.680154 -0.733069 0.0
vn 0.715896 -0.698206 0.0
vn 0.715896 -0.698206 0.0
vn 0.749772 -0.661697 0.0
vn 0.749772 -0.661697 0.0
vn 0.781822 -0.623502 0.0
vn 0.781822 -0.623502 0.0
vn 0.811954 -0.583722 0.0
vn 0.811954 -0.583722 0.0
vn 0.840029 -0.542541 0.0
vn 0.840029 -0.542541 0.0
vn 0.866009 -0.500027 0.0
vn 0.866009 -0.500027 0.0
vn 0.889885 -0.456185 0.0
vn 0.889885 -0.456185 0.0
vn 0.911495 -0.411311 0.0
vn 0.911495 -0.411311 0.0
vn 0.930878 -0.365329 0.0
vn 0.930878 -0.365329 0.0
vn 0.947925 -0.318492 0.0
vn 0.947925 -0.318492 0.0
vn 0.962624 -0.270842 0.0
vn 0.962624 -0.270842 0.0
vn 0.974929 -0.222518 0.0
vn 0.974929 -0.222518 0.0
vn 0.984808 -0.173649 0.0
vn 0.984808 -0.173649 0.0
vn 0.99224 -0.124338 0.0
vn 0.99224 -0.124338 0.0
vn 0.997203 -0.074736 0.0
vn 0.997203 -0.074736 0.0
vn 0.999689 -0.024929 0.0
vn 0.999689 -0.024929 0.0
vn 0.999689 0.024931 0.0
vn 0.999689 0.024931 0.0
vn 0.997204 0.074729 0.0
vn 0.997204 0.074729 0.0
vn 0.992239 0.124349 0.0
vn 0.992239 0.124349 0.0
vn 0.984808 0.173649 0.0
vn 0.984808 0.173649 0.0
vn 0.974929 0.222518 0.0
vn 0.974929 0.222518 0.0
vn 0.962624 0.270842 0.0
vn 0.962624 0.270842 0.0
vn 0.947925 0.318492 0.0
vn 0.947925 0.318492 0.0
vn 0.930878 0.365329 0.0
vn 0.930878 0.365329 0.0
vn 0.911509 0.411279 0.0
vn 0.911509 0.411279 0.0
vn 0.889867 0.456219 0.0
vn 0.889867 0.456219 0.0
vn 0.866031 0.499991 -0.0
vn 0.866031 0.499991 0.0
vn 0.840004 0.54258 0.0
vn 0.840004 0.54258 0.0
vn 0.811954 0.583722 0.0
vn 0.811954 0.583722 0.0
vn 0.781822 0.623502 0.0
vn 0.781822 0.623502 0.0
vn 0.749772 0.661697 0.0
vn 0.749772 0.661697 0.0
vn 0.715896 0.698206 0.0
vn 0.715896 0.698206 0.0
vn 0.680154 0.733069 0.0
vn 0.680154 0.733069 0.0
vn 0.642807 0.766028 0.0
vn 0.642807 0.766028 0.0
vn 0.603804 0.797133 0.0
vn 0.603804 0.797133 0.0
vn 0.563333 0.82623 0.0
vn 0.563333 0.82623 0.0
vn 0.521432 0.853293 0.0
vn 0.521432 0.853293 0.0
vn 0.478249 0.878224 0.0
vn 0.478249 0.878224 0.0
vn 0.433876 0.900973 0.0
vn 0.433876 0.900973 0.0
vn 0.388401 0.92149 0.0
vn 0.388401 0.92149 0.0
vn 0.342062 0.939677 0.0
vn 0.342062 0.939677 0.0
vn 0.294722 0.955583 0.0
vn 0.294722 0.955583 0.0
vn 0.246774 0.969073 0.0
vn 0.246774 0.969073 0.0
vn 0.19815 0.980172 0.0
vn 0.19815 0.980172 0.0
vn 0.149017 0.988835 0.0
vn 0.149017 0.988835 0.0
vn 0.099543 0.995033 0.0
vn 0.099543 0.995033 0.0
vn 0.049899 0.998754 0.0
vn 0.049899 0.998754 0.0
vn 0.0 1.0 0.0
vn -0.0 1.0 0.0
vn -0.049899 0.998754 0.0
vn -0.049899 0.998754 0.0
vn -0.099543 0.995033 0.0
vn -0.099543 0.995033 0.0
vn -0.149017 0.988835 0.0
vn -0.149017 0.988835 0.0
vn -0.19815 0.980172 0.0
vn -0.19815 0.980172 0.0
vn -0.246774 0.969073 0.0
vn -0.246774 0.969073 0.0
vn -0.294721 0.955583 0.0
vn -0.294721 0.955583 0.0
vn -0.342061 0.939678 0.0
vn -0.342061 0.939678 0.0
vn -0.388402 0.92149 0.0
vn -0.388402 0.92149 0.0
vn -0.433877 0.900972 0.0
vn -0.433877 0.900972 0.0
vn -0.478249 0.878224 0.0
vn -0.478249 0.878224 0.0
vn -0.521433 0.853292 0.0
vn -0.521433 0.853292 0.0
vn -0.563333 0.82623 0.0
vn -0.563333 0.82623 0.0
vn -0.603802 0.797134 0.0
vn -0.603802 0.797134 0.0
vn -0.642808 0.766028 0.0
vn -0.642808 0.766028 0.0
vn -0.680154 0.733069 0.0
vn -0.680154 0.733069 0.0
vn -0.715896 0.698207 0.0
vn -0.715896 0.698207 0.0
vn -0.749772 0.661696 0.0
vn -0.749772 0.661696 0.0
vn -0.781822 0.623502 0.0
vn -0.781822 0.623502 0.0
vn -0.811952 0.583724 0.0
vn -0.811952 0.583724 0.0
vn -0.840005 0.542579 0.0
vn -0.840005 0.542579 0.0
vn -0.866032 0.499989 0.0
vn -0.866032 0.499989 0.0
vn -0.889868 0.456219 0.0
vn -0.889868 0.456219 0.0
vn -0.911509 0.411281 0.0
vn -0.911509 0.411281 0.0
vn -0.93088 0.365326 0.0
vn -0.93088 0.365326 0.0
vn -0.947925 0.318493 0.0
vn -0.947925 0.318493 0.0
vn -0.962623 0.270844 0.0
vn -0.962623 0.270844 0.0
vn -0.974929 0.222518 0.0
vn -0.974929 0.222518 0.0
vn -0.984808 0.173648 0.0
vn -0.984808 0.173648 0.0
vn -0.992239 0.124349 0.0
vn -0.992239 0.124349 0.0
vn -0.997204 0.074731 0.0
vn -0.997204 0.074731 0.0
vn -0.999689 0.024928 0.0
vn -0.999689 0.024928 0.0
vn -0.99969 -0.024905 -0.0
vn -0.99969 -0.024905 0.0
vn -0.997204 -0.074727 0.0
vn -0.997204 -0.074727 -0.0
vn -0.992237 -0.124359 0.0
vn -0.992237 -0.124359 -0.0
vn -0.984804 -0.173669 0.0
vn -0.984804 -0.173669 -0.0
vn -0.974923 -0.222543 0.0
vn -0.974923 -0.222543 -0.0
vn -0.962626 -0.270834 0.0
vn -0.947941 -0.318446 0.0
vn -0.962626 -0.270834 -0.0
vn -0.947941 -0.318446 0.0
vn -0.930872 -0.365345 0.0
vn -0.930872 -0.365345 -0.0
vn -0.911504 -0.411291 0.0
vn -0.911504 -0.411291 -0.0
vn -0.889877 -0.456201 0.0
vn -0.889877 -0.456201 -0.0
vn -0.866006 -0.500034 -0.0
vn -0.866006 -0.500034 0.0
vn -0.840044 -0.542518 -0.0
vn -0.840044 -0.542518 0.0
vn -0.811955 -0.58372 -0.0
vn -0.811955 -0.58372 0.0
vn -0.781805 -0.623523 -0.0
vn -0.781805 -0.623523 0.0
vn -0.749768 -0.6617 -0.0
vn -0.749768 -0.6617 0.0
vn -0.715892 -0.698211 -0.0
vn -0.715892 -0.698211 0.0
vn -0.680174 -0.733051 -0.0
vn -0.680174 -0.733051 0.0
vn -0.642789 -0.766043 -0.0
vn -0.642789 -0.766043 0.0
vn -0.603815 -0.797124 -0.0
vn -0.603815 -0.797124 0.0
vn -0.563263 -0.826278 0.0
vn -0.563263 -0.826278 0.0
vn -0.521429 -0.853294 0.0
vn -0.521429 -0.853294 0.0
vn -0.478256 -0.87822 -0.0
vn -0.478256 -0.87822 0.0
vn -0.433938 -0.900943 0.0
vn -0.433938 -0.900943 -0.0
vn -0.388403 -0.92149 0.0
vn -0.388403 -0.92149 -0.0
vn -0.342071 -0.939674 0.0
vn -0.342071 -0.939674 -0.0
vn -0.294725 -0.955582 0.0
vn -0.294725 -0.955582 -0.0
vn -0.246774 -0.969073 0.0
vn -0.246774 -0.969073 -0.0
vn -0.198143 -0.980173 0.0
vn -0.198143 -0.980173 -0.0
vn -0.149022 -0.988834 0.0
vn -0.149022 -0.988834 -0.0
vn -0.099537 -0.995034 0.0
vn -0.099537 -0.995034 -0.0
vn -0.049899 -0.998754 0.0
vn -0.049899 -0.998754 -0.0
vn 0.0 -1.0 0.0
vn 0.049895 -0.998754 0.0
vn -0.0 -1.0 -0.0
vn 0.049895 -0.998754 0.0
vn 0.099546 -0.995033 0.0
vn 0.099546 -0.995033 0.0
vn 0.149022 -0.988834 0.0
vn 0.149022 -0.988834 0.0
vn 0.198143 -0.980173 0.0
vn 0.198143 -0.980173 0.0
vn 0.246774 -0.969073 0.0
vn 0.246774 -0.969073 0.0
vn 0.294725 -0.955582 0.0
vn 0.294725 -0.955582 0.0
vn 0.342071 -0.939674 0.0
vn 0.342071 -0.939674 0.0
vn 0.388403 -0.92149 0.0
vn 0.388403 -0.92149 0.0
vn 0.433938 -0.900943 0.0
vn 0.433938 -0.900943 0.0
vn 0.478256 -0.87822 0.0
vn 0.478256 -0.87822 0.0
vn 0.521429 -0.853294 0.0
vn 0.521429 -0.853294 0.0
vn 0.563263 -0.826278 0.0
vn 0.563263 -0.826278 0.0
vn 0.603815 -0.797124 0.0
vn 0.603815 -0.797124 0.0
vn 0.642789 -0.766043 0.0
vn 0.642789 -0.766043 0.0
vn 0.680174 -0.733051 0.0
vn 0.680174 -0.733051 0.0
vn 0.715892 -0.698211 0.0
vn 0.715892 -0.698211 0.0
vn 0.749768 -0.6617 0.0
vn 0.749768 -0.6617 0.0
vn 0.781805 -0.623523 0.0
vn 0.781805 -0.623523 0.0
vn 0.811955 -0.58372 0.0
vn 0.811955 -0.58372 0.0
vn 0.840044 -0.542518 0.0
vn 0.840044 -0.542518 0.0
vn 0.866006 -0.500034 0.0
vn 0.866006 -0.500034 0.0
vn 0.889877 -0.456201 0.0
vn 0.889877 -0.456201 0.0
vn 0.911504 -0.411291 0.0
vn 0.911504 -0.411291 0.0
vn 0.930872 -0.365345 0.0
vn 0.930872 -0.365345 0.0
vn 0.947915 -0.318522 0.0
vn 0.947915 -0.318522 0.0
vn 0.962626 -0.270834 0.0
vn 0.962626 -0.270834 0.0
vn 0.974941 -0.222462 0.0
vn 0.974941 -0.222462 0.0
vn 0.984804 -0.173669 0.0
vn 0.984804 -0.173669 0.0
vn 0.992237 -0.124359 0.0
vn 0.992237 -0.124359 0.0
vn 0.997204 -0.074727 0.0
vn 0.997204 -0.074727 0.0
vn 0.99969 -0.024905 0.0
vn 0.99969 -0.024905 0.0
vn 0.99969 0.024907 0.0
vn 0.99969 0.024907 0.0
vn 0.997205 0.07472 0.0
vn 0.997205 0.07472 0.0
vn 0.992236 0.12437 0.0
vn 0.992236 0.12437 0.0
vn 0.984804 0.173669 0.0
vn 0.984804 0.173669 0.0
vn 0.974941 0.222462 0.0
vn 0.974941 0.222462 0.0
vn 0.962626 0.270834 0.0
vn 0.962626 0.270834 0.0
vn 0.947915 0.318522 0.0
vn 0.947915 0.318522 0.0
vn 0.930872 0.365345 0.0
vn 0.930872 0.365345 0.0
vn 0.911519 0.411259 0.0
vn 0.911519 0.411259 0.0
vn 0.889859 0.456236 0.0
vn 0.889859 0.456236 0.0
vn 0.866027 0.499997 -0.0
vn 0.866027 0.499997 0.0
vn 0.840019 0.542557 0.0
vn 0.840019 0.542557 0.0
vn 0.811955 0.58372 0.0
vn 0.811955 0.58372 0.0
vn 0.781805 0.623523 0.0
vn 0.781805 0.623523 0.0
vn 0.749768 0.6617 0.0
vn 0.749768 0.6617 0.0
vn 0.715892 0.698211 0.0
vn 0.715892 0.698211 0.0
vn 0.680174 0.733051 0.0
vn 0.680174 0.733051 0.0
vn 0.642789 0.766043 0.0
vn 0.642789 0.766043 0.0
vn 0.603815 0.797124 0.0
vn 0.603815 0.797124 0.0
vn 0.563321 0.826238 0.0
vn 0.563321 0.826238 0.0
vn 0.521429 0.853294 0.0
vn 0.521429 0.853294 0.0
vn 0.478256 0.87822 0.0
vn 0.478256 0.87822 0.0
vn 0.433869 0.900976 0.0
vn 0.433869 0.900976 0.0
vn 0.388403 0.92149 0.0
vn 0.388403 0.92149 0.0
vn 0.342071 0.939674 0.0
vn 0.342071 0.939674 0.0
vn 0.294725 0.955582 0.0
vn 0.294725 0.955582 0.0
vn 0.246774 0.969073 0.0
vn 0.246774 0.969073 0.0
vn 0.198143 0.980173 0.0
vn 0.198143 0.980173 0.0
vn 0.149022 0.988834 0.0
vn 0.149022 0.988834 0.0
vn 0.099546 0.995033 0.0
vn 0.099546 0.995033 0.0
vn 0.049895 0.998754 0.0
vn 0.049895 0.998754 0.0
vn 0.0 1.0 0.0
vn -0.0 1.0 0.0
vn -0.049899 0.998754 0.0
vn -0.049899 0.998754 0.0
vn -0.099537 0.995034 0.0
vn -0.099537 0.995034 0.0
vn -0.149022 0.988834 0.0
vn -0.149022 0.988834 0.0
vn -0.198143 0.980173 0.0
vn -0.198143 0.980173 0.0
vn -0.246774 0.969073 0.0
vn -0.246774 0.969073 0.0
vn -0.294725 0.955582 0.0
vn -0.294725 0.955582 0.0
vn -0.342071 0.939674 0.0
vn -0.342071 0.939674 0.0
vn -0.388403 0.92149 0.0
vn -0.388403 0.92149 0.0
vn -0.433869 0.900976 0.0
vn -0.433869 0.900976 0.0
vn -0.478256 0.87822 0.0
vn -0.478256 0.87822 0.0
vn -0.521429 0.853294 0.0
vn -0.521429 0.853294 0.0
vn -0.563321 0.826238 0.0
vn -0.563321 0.826238 0.0
vn -0.603815 0.797124 0.0
vn -0.603815 0.797124 0.0
vn -0.642789 0.766043 0.0
vn -0.642789 0.766043 0.0
vn -0.680174 0.733051 0.0
vn -0.680174 0.733051 0.0
vn -0.715892 0.698211 0.0
vn -0.715892 0.698211 0.0
vn -0.749768 0.6617 0.0
vn -0.749768 0.6617 0.0
vn -0.781805 0.623523 0.0
vn -0.781805 0.623523 0.0
vn -0.811955 0.58372 0.0
vn -0.811955 0.58372 0.0
vn -0.840019 0.542557 0.0
vn -0.840019 0.542557 0.0
vn -0.866027 0.499997 0.0
vn -0.866027 0.499997 0.0
vn -0.889859 0.456236 0.0
vn -0.889859 0.456236 0.0
vn -0.911519 0.411259 0.0
vn -0.911519 0.411259 0.0
vn -0.930872 0.365345 0.0
vn -0.930872 0.365345 0.0
vn -0.947941 0.318446 0.0
vn -0.947941 0.318446 0.0
vn -0.962626 0.270834 0.0
vn -0.962626 0.270834 0.0
vn -0.974923 0.222543 0.0
vn -0.974923 0.222543 0.0
vn -0.984804 0.173669 0.0
vn -0.984804 0.173669 0.0
vn -0.992236 0.12437 0.0
vn -0.992236 0.12437 0.0
vn -0.997205 0.07472 0.0
vn -0.997205 0.07472 0.0
vn -0.99969 0.024907 0.0
vn -0.99969 0.024907 0.0
vn -0.999689 -0.024928 -0.0
vn -0.999689 -0.024928 0.0
vn -0.997204 -0.074732 0.0
vn -0.997204 -0.074732 -0.0
vn -0.992239 -0.124343 0.0
vn -0.992239 -0.124343 -0.0
vn -0.984808 -0.173648 0.0
vn -0.984808 -0.173648 -0.0
vn -0.974928 -0.222521 0.0
vn -0.974928 -0.222521 -0.0
vn -0.962624 -0.270842 0.0
vn -0.962624 -0.270842 -0.0
vn -0.947927 -0.318488 0.0
vn -0.947927 -0.318488 -0.0
vn -0.930875 -0.365338 0.0
vn -0.930875 -0.365338 -0.0
vn -0.911505 -0.411289 0.0
vn -0.889872 -0.45621 0.0
vn -0.911505 -0.411289 -0.0
vn -0.889872 -0.45621 0.0
vn -0.866026 -0.5 -0.0
vn -0.866026 -0.5 0.0
vn -0.840027 -0.542545 -0.0
vn -0.840027 -0.542545 0.0
vn -0.811937 -0.583745 0.0
vn -0.811937 -0.583745 0.0
vn -0.781831 -0.62349 -0.0
vn -0.781831 -0.62349 0.0
vn -0.749782 -0.661685 -0.0
vn -0.749782 -0.661685 0.0
vn -0.715867 -0.698236 0.0
vn -0.715867 -0.698236 0.0
vn -0.680173 -0.733052 -0.0
vn -0.680173 -0.733052 0.0
vn -0.642787 -0.766045 -0.0
vn -0.642787 -0.766045 0.0
vn -0.603804 -0.797133 -0.0
vn -0.603804 -0.797133 0.0
vn -0.563319 -0.82624 -0.0
vn -0.563319 -0.82624 0.0
vn -0.521437 -0.85329 -0.0
vn -0.521437 -0.85329 0.0
vn -0.478253 -0.878222 0.0
vn -0.478253 -0.878222 0.0
vn -0.433885 -0.900968 0.0
vn -0.433885 -0.900968 -0.0
vn -0.388433 -0.921477 0.0
vn -0.388433 -0.921477 0.0
vn -0.342024 -0.939691 0.0
vn -0.29475 -0.955574 0.0
vn -0.342024 -0.939691 -0.0
vn -0.29475 -0.955574 0.0
vn -0.246759 -0.969077 0.0
vn -0.246759 -0.969077 -0.0
vn -0.198145 -0.980173 0.0
vn -0.149043 -0.988831 0.0
vn -0.198145 -0.980173 -0.0
vn -0.149043 -0.988831 0.0
vn -0.099569 -0.995031 0.0
vn -0.099569 -0.995031 -0.0
vn -0.049846 -0.998757 0.0
vn -0.049846 -0.998757 -0.0
vn 0.0 -1.0 0.0
vn 0.049846 -0.998757 0.0
vn -0.0 -1.0 -0.0
vn 0.049846 -0.998757 0.0
vn 0.099569 -0.995031 0.0
vn 0.099569 -0.995031 0.0
vn 0.149043 -0.988831 0.0
vn 0.149043 -0.988831 0.0
vn 0.198145 -0.980173 0.0
vn 0.198145 -0.980173 0.0
vn 0.246759 -0.969077 0.0
vn 0.246759 -0.969077 0.0
vn 0.294751 -0.955574 0.0
vn 0.294751 -0.955574 0.0
vn 0.342024 -0.939691 0.0
vn 0.342024 -0.939691 0.0
vn 0.388433 -0.921477 0.0
vn 0.388433 -0.921477 0.0
vn 0.433885 -0.900968 0.0
vn 0.433885 -0.900968 0.0
vn 0.478253 -0.878222 0.0
vn 0.478253 -0.878222 0.0
vn 0.521436 -0.85329 0.0
vn 0.521436 -0.85329 0.0
vn 0.563319 -0.82624 0.0
vn 0.563319 -0.82624 0.0
vn 0.603805 -0.797132 0.0
vn 0.603805 -0.797132 0.0
vn 0.642787 -0.766045 0.0
vn 0.642787 -0.766045 0.0
vn 0.680173 -0.733052 0.0
vn 0.680173 -0.733052 0.0
vn 0.715868 -0.698236 0.0
vn 0.715868 -0.698236 0.0
vn 0.749781 -0.661686 0.0
vn 0.749781 -0.661686 0.0
vn 0.781831 -0.62349 0.0
vn 0.781831 -0.62349 0.0
vn 0.811938 -0.583743 0.0
vn 0.811938 -0.583743 0.0
vn 0.840026 -0.542546 0.0
vn 0.840026 -0.542546 0.0
vn 0.866025 -0.500001 0.0
vn 0.866025 -0.500001 0.0
vn 0.889872 -0.456211 0.0
vn 0.889872 -0.456211 0.0
vn 0.911506 -0.411287 0.0
vn 0.911506 -0.411287 0.0
vn 0.930874 -0.365341 0.0
vn 0.930874 -0.365341 0.0
vn 0.947927 -0.318487 0.0
vn 0.947927 -0.318487 0.0
vn 0.962624 -0.27084 0.0
vn 0.962624 -0.27084 0.0
vn 0.974928 -0.222521 0.0
vn 0.974928 -0.222521 0.0
vn 0.984808 -0.173649 0.0
vn 0.984808 -0.173649 0.0
vn 0.992239 -0.124343 0.0
vn 0.992239 -0.124343 0.0
vn 0.997204 -0.07473 0.0
vn 0.997204 -0.07473 0.0
vn 0.999689 -0.024931 0.0
vn 0.999689 -0.024931 0.0
vn 0.999689 0.024931 -0.0
vn 0.999689 0.024931 0.0
vn 0.997204 0.07473 0.0
vn 0.997204 0.07473 0.0
vn 0.992239 0.124344 -0.0
vn 0.992239 0.124344 0.0
vn 0.984808 0.173648 0.0
vn 0.984808 0.173648 0.0
vn 0.974928 0.222521 0.0
vn 0.974928 0.222521 0.0
vn 0.962624 0.27084 -0.0
vn 0.962624 0.27084 0.0
vn 0.947927 0.318487 0.0
vn 0.947927 0.318487 0.0
vn 0.930874 0.365341 0.0
vn 0.930874 0.365341 0.0
vn 0.911506 0.411287 0.0
vn 0.911506 0.411287 0.0
vn 0.889872 0.456211 -0.0
vn 0.889872 0.456211 0.0
vn 0.866025 0.5 -0.0
vn 0.866025 0.5 0.0
vn 0.840026 0.542546 0.0
vn 0.840026 0.542546 0.0
vn 0.811938 0.583744 0.0
vn 0.811938 0.583744 0.0
vn 0.781832 0.623489 0.0
vn 0.781832 0.623489 0.0
vn 0.749781 0.661686 0.0
vn 0.715867 0.698236 -0.0
vn 0.749781 0.661686 0.0
vn 0.680173 0.733052 -0.0
vn 0.715867 0.698236 0.0
vn 0.680173 0.733052 0.0
vn 0.642788 0.766045 0.0
vn 0.642788 0.766045 0.0
vn 0.603805 0.797132 0.0
vn 0.603805 0.797132 0.0
vn 0.56332 0.826239 0.0
vn 0.56332 0.826239 0.0
vn 0.521436 0.853291 0.0
vn 0.521436 0.853291 0.0
vn 0.478254 0.878222 0.0
vn 0.433884 0.900969 -0.0
vn 0.478254 0.878222 0.0
vn 0.433884 0.900969 0.0
vn 0.388435 0.921476 0.0
vn 0.388435 0.921476 0.0
vn 0.342021 0.939692 0.0
vn 0.342021 0.939692 0.0
vn 0.294755 0.955573 0.0
vn 0.294755 0.955573 0.0
vn 0.246757 0.969077 0.0
vn 0.246757 0.969077 0.0
vn 0.198147 0.980172 0.0
vn 0.198147 0.980172 0.0
vn 0.149042 0.988831 -0.0
vn 0.149042 0.988831 0.0
vn 0.099568 0.995031 0.0
vn 0.099568 0.995031 0.0
vn 0.049846 0.998757 0.0
vn 0.049846 0.998757 0.0
vn 0.0 1.0 0.0
vn -0.0 1.0 0.0
vn -0.049846 0.998757 0.0
vn -0.049846 0.998757 0.0
vn -0.099568 0.995031 0.0
vn -0.099568 0.995031 0.0
vn -0.149042 0.988831 0.0
vn -0.149042 0.988831 0.0
vn -0.198147 0.980172 0.0
vn -0.198147 0.980172 0.0
vn -0.246757 0.969077 0.0
vn -0.246757 0.969077 0.0
vn -0.294755 0.955573 0.0
vn -0.294755 0.955573 0.0
vn -0.34202 0.939693 0.0
vn -0.34202 0.939693 0.0
vn -0.388435 0.921476 0.0
vn -0.388435 0.921476 0.0
vn -0.433884 0.900969 0.0
vn -0.433884 0.900969 0.0
vn -0.478253 0.878222 0.0
vn -0.478253 0.878222 0.0
vn -0.521436 0.85329 0.0
vn -0.56332 0.826239 0.0
vn -0.521436 0.85329 0.0
vn -0.56332 0.826239 0.0
vn -0.603803 0.797133 0.0
vn -0.642788 0.766044 0.0
vn -0.603803 0.797133 0.0
vn -0.642788 0.766044 0.0
vn -0.680173 0.733052 0.0
vn -0.680173 0.733052 0.0
vn -0.715867 0.698237 0.0
vn -0.715867 0.698237 0.0
vn -0.749782 0.661685 0.0
vn -0.749782 0.661685 0.0
vn -0.781832 0.623489 0.0
vn -0.781832 0.623489 0.0
vn -0.811937 0.583746 0.0
vn -0.840027 0.542545 0.0
vn -0.811937 0.583746 0.0
vn -0.840027 0.542545 0.0
vn -0.866026 0.499999 0.0
vn -0.866026 0.499999 0.0
vn -0.889872 0.45621 0.0
vn -0.889872 0.45621 0.0
vn -0.911505 0.411289 0.0
vn -0.911505 0.411289 0.0
vn -0.930875 0.365338 0.0
vn -0.930875 0.365338 0.0
vn -0.947927 0.318488 0.0
vn -0.947927 0.318488 0.0
vn -0.962624 0.270842 0.0
vn -0.962624 0.270842 0.0
vn -0.974928 0.222521 0.0
vn -0.974928 0.222521 0.0
vn -0.984808 0.173647 0.0
vn -0.984808 0.173647 0.0
vn -0.992239 0.124344 0.0
vn -0.992239 0.124344 0.0
vn -0.997204 0.074732 0.0
vn -0.997204 0.074732 0.0
vn -0.999689 0.024928 0.0
vn -0.999689 0.024928 0.0
vn -0.99969 -0.024907 -0.0
vn -0.99969 -0.024907 0.0
vn -0.997204 -0.074721 0.0
vn -0.997204 -0.074721 -0.0
vn -0.992237 -0.124364 0.0
vn -0.992237 -0.124364 -0.0
vn -0.984804 -0.173668 0.0
vn -0.984804 -0.173668 -0.0
vn -0.974922 -0.222546 0.0
vn -0.974922 -0.222546 -0.0
vn -0.962627 -0.270832 0.0
vn -0.962627 -0.270832 -0.0
vn -0.947943 -0.31844 0.0
vn -0.947943 -0.31844 -0.0
vn -0.930868 -0.365356 0.0
vn -0.930868 -0.365356 -0.0
vn -0.911515 -0.411267 0.0
vn -0.889863 -0.456227 0.0
vn -0.911515 -0.411267 -0.0
vn -0.889863 -0.456227 0.0
vn -0.866021 -0.500008 -0.0
vn -0.866021 -0.500008 0.0
vn -0.840041 -0.542523 -0.0
vn -0.840041 -0.542523 0.0
vn -0.81194 -0.583742 0.0
vn -0.81194 -0.583742 0.0
vn -0.781814 -0.623511 -0.0
vn -0.781814 -0.623511 0.0
vn -0.749778 -0.66169 -0.0
vn -0.749778 -0.66169 0.0
vn -0.715863 -0.69824 0.0
vn -0.715863 -0.69824 0.0
vn -0.680192 -0.733034 -0.0
vn -0.680192 -0.733034 0.0
vn -0.642769 -0.76606 -0.0
vn -0.642769 -0.76606 0.0
vn -0.603817 -0.797123 -0.0
vn -0.603817 -0.797123 0.0
vn -0.563307 -0.826248 -0.0
vn -0.563307 -0.826248 0.0
vn -0.521433 -0.853292 -0.0
vn -0.521433 -0.853292 0.0
vn -0.478261 -0.878218 0.0
vn -0.478261 -0.878218 0.0
vn -0.433878 -0.900972 0.0
vn -0.433878 -0.900972 -0.0
vn -0.388434 -0.921476 0.0
vn -0.388434 -0.921476 0.0
vn -0.342033 -0.939688 0.0
vn -0.294754 -0.955573 0.0
vn -0.342033 -0.939688 -0.0
vn -0.294754 -0.955573 0.0
vn -0.246759 -0.969077 0.0
vn -0.246759 -0.969077 -0.0
vn -0.198138 -0.980174 0.0
vn -0.149048 -0.98883 0.0
vn -0.198138 -0.980174 -0.0
vn -0.149048 -0.98883 0.0
vn -0.099564 -0.995031 0.0
vn -0.099564 -0.995031 -0.0
vn -0.049846 -0.998757 0.0
vn -0.049846 -0.998757 -0.0
vn 0.0 -1.0 0.0
vn 0.049842 -0.998757 0.0
vn -0.0 -1.0 -0.0
vn 0.049842 -0.998757 0.0
vn 0.099572 -0.99503 0.0
vn 0.099572 -0.99503 0.0
vn 0.149048 -0.98883 0.0
vn 0.149048 -0.98883 0.0
vn 0.198138 -0.980174 0.0
vn 0.198138 -0.980174 0.0
vn 0.246759 -0.969077 0.0
vn 0.246759 -0.969077 0.0
vn 0.294754 -0.955573 0.0
vn 0.294754 -0.955573 0.0
vn 0.342033 -0.939688 0.0
vn 0.342033 -0.939688 0.0
vn 0.388434 -0.921476 0.0
vn 0.388434 -0.921476 0.0
vn 0.433878 -0.900972 0.0
vn 0.433878 -0.900972 0.0
vn 0.478261 -0.878218 0.0
vn 0.478261 -0.878218 0.0
vn 0.521433 -0.853292 0.0
vn 0.521433 -0.853292 0.0
vn 0.563307 -0.826248 0.0
vn 0.563307 -0.826248 0.0
vn 0.603817 -0.797123 0.0
vn 0.603817 -0.797123 0.0
vn 0.642769 -0.76606 0.0
vn 0.642769 -0.76606 0.0
vn 0.680192 -0.733034 0.0
vn 0.680192 -0.733034 0.0
vn 0.715863 -0.69824 0.0
vn 0.715863 -0.69824 0.0
vn 0.749778 -0.66169 0.0
vn 0.749778 -0.66169 0.0
vn 0.781814 -0.623511 0.0
vn 0.781814 -0.623511 0.0
vn 0.81194 -0.583742 0.0
vn 0.81194 -0.583742 0.0
vn 0.840041 -0.542523 0.0
vn 0.840041 -0.542523 0.0
vn 0.866021 -0.500008 0.0
vn 0.866021 -0.500008 0.0
vn 0.889863 -0.456227 0.0
vn 0.889863 -0.456227 0.0
vn 0.911515 -0.411267 0.0
vn 0.911515 -0.411267 0.0
vn 0.930868 -0.365356 0.0
vn 0.930868 -0.365356 0.0
vn 0.947917 -0.318516 0.0
vn 0.947917 -0.318516 0.0
vn 0.962627 -0.270832 0.0
vn 0.962627 -0.270832 0.0
vn 0.974941 -0.222465 0.0
vn 0.974941 -0.222465 0.0
vn 0.984804 -0.173668 0.0
vn 0.984804 -0.173668 0.0
vn 0.992237 -0.124364 0.0
vn 0.992237 -0.124364 0.0
vn 0.997204 -0.074721 0.0
vn 0.997204 -0.074721 0.0
vn 0.99969 -0.024907 0.0
vn 0.99969 -0.024907 0.0
vn 0.99969 0.024907 -0.0
vn 0.99969 0.024907 0.0
vn 0.997204 0.074721 0.0
vn 0.997204 0.074721 0.0
vn 0.992237 0.124365 -0.0
vn 0.992237 0.124365 0.0
vn 0.984804 0.173668 0.0
vn 0.984804 0.173668 0.0
vn 0.974941 0.222465 0.0
vn 0.974941 0.222465 0.0
vn 0.962627 0.270832 -0.0
vn 0.962627 0.270832 0.0
vn 0.947917 0.318517 0.0
vn 0.947917 0.318517 0.0
vn 0.930868 0.365356 0.0
vn 0.930868 0.365356 0.0
vn 0.911515 0.411267 0.0
vn 0.911515 0.411267 0.0
vn 0.889863 0.456227 -0.0
vn 0.889863 0.456227 0.0
vn 0.866021 0.500007 -0.0
vn 0.866021 0.500007 0.0
vn 0.840041 0.542523 0.0
vn 0.840041 0.542523 0.0
vn 0.811939 0.583742 0.0
vn 0.811939 0.583742 0.0
vn 0.781815 0.623511 0.0
vn 0.781815 0.623511 0.0
vn 0.749778 0.66169 0.0
vn 0.715863 0.698241 -0.0
vn 0.749778 0.66169 0.0
vn 0.680192 0.733034 -0.0
vn 0.715863 0.698241 0.0
vn 0.680192 0.733034 0.0
vn 0.64277 0.766059 0.0
vn 0.64277 0.766059 0.0
vn 0.603816 0.797124 0.0
vn 0.603816 0.797124 0.0
vn 0.563307 0.826247 0.0
vn 0.563307 0.826247 0.0
vn 0.521433 0.853292 0.0
vn 0.521433 0.853292 0.0
vn 0.478261 0.878218 0.0
vn 0.433877 0.900972 -0.0
vn 0.478261 0.878218 0.0
vn 0.433877 0.900972 0.0
vn 0.388436 0.921476 0.0
vn 0.388436 0.921476 0.0
vn 0.34203 0.939689 0.0
vn 0.34203 0.939689 0.0
vn 0.294758 0.955572 0.0
vn 0.294758 0.955572 0.0
vn 0.246757 0.969077 0.0
vn 0.246757 0.969077 0.0
vn 0.198139 0.980174 0.0
vn 0.198139 0.980174 0.0
vn 0.149047 0.98883 -0.0
vn 0.149047 0.98883 0.0
vn 0.099571 0.99503 0.0
vn 0.099571 0.99503 0.0
vn 0.049842 0.998757 0.0
vn 0.049842 0.998757 0.0
vn 0.0 1.0 0.0
vn -0.0 1.0 0.0
vn -0.049846 0.998757 0.0
vn -0.049846 0.998757 0.0
vn -0.099562 0.995031 0.0
vn -0.099562 0.995031 0.0
vn -0.149047 0.98883 0.0
vn -0.149047 0.98883 0.0
vn -0.198139 0.980174 0.0
vn -0.198139 0.980174 0.0
vn -0.246757 0.969077 0.0
vn -0.246757 0.969077 0.0
vn -0.294758 0.955572 0.0
vn -0.294758 0.955572 0.0
vn -0.34203 0.939689 0.0
vn -0.34203 0.939689 0.0
vn -0.388436 0.921476 0.0
vn -0.388436 0.921476 0.0
vn -0.433877 0.900972 0.0
vn -0.433877 0.900972 0.0
vn -0.478261 0.878218 0.0
vn -0.478261 0.878218 0.0
vn -0.521433 0.853292 0.0
vn -0.563307 0.826247 0.0
vn -0.521433 0.853292 0.0
vn -0.563307 0.826247 0.0
vn -0.603816 0.797124 0.0
vn -0.64277 0.766059 0.0
vn -0.603816 0.797124 0.0
vn -0.64277 0.766059 0.0
vn -0.680192 0.733034 0.0
vn -0.680192 0.733034 0.0
vn -0.715863 0.698241 0.0
vn -0.715863 0.698241 0.0
vn -0.749778 0.66169 0.0
vn -0.749778 0.66169 0.0
vn -0.781815 0.623511 0.0
vn -0.781815 0.623511 0.0
vn -0.811939 0.583742 0.0
vn -0.840041 0.542523 0.0
vn -0.811939 0.583742 0.0
vn -0.840041 0.542523 0.0
vn -0.866021 0.500007 0.0
vn -0.866021 0.500007 0.0
vn -0.889863 0.456227 0.0
vn -0.889863 0.456227 0.0
vn -0.911515 0.411267 0.0
vn -0.911515 0.411267 0.0
vn -0.930868 0.365356 0.0
vn -0.930868 0.365356 0.0
vn -0.947943 0.31844 0.0
vn -0.947943 0.31844 0.0
vn -0.962627 0.270832 0.0
vn -0.962627 0.270832 0.0
vn -0.974922 0.222546 0.0
vn -0.974922 0.222546 0.0
vn -0.984804 0.173668 0.0
vn -0.984804 0.173668 0.0
vn -0.992237 0.124365 0.0
vn -0.992237 0.124365 0.0
vn -0.997204 0.074721 0.0
vn -0.997204 0.074721 0.0
vn -0.99969 0.024907 0.0
vn -0.99969 0.024907 0.0
vn -0.999689 -0.024926 -0.0
vn -0.999689 -0.024926 0.0
vn -0.997203 -0.074737 0.0
vn -0.997203 -0.074737 -0.0
vn -0.99224 -0.124338 0.0
vn -0.99224 -0.124338 -0.0
vn -0.984808 -0.173648 0.0
vn -0.984808 -0.173648 -0.0
vn -0.974929 -0.222518 0.0
vn -0.974929 -0.222518 -0.0
vn -0.962623 -0.270844 0.0
vn -0.962623 -0.270844 -0.0
vn -0.947925 -0.318493 0.0
vn -0.947925 -0.318493 -0.0
vn -0.93088 -0.365326 0.0
vn -0.93088 -0.365326 -0.0
vn -0.911494 -0.411313 0.0
vn -0.889885 -0.456184 0.0
vn -0.911494 -0.411313 -0.0
vn -0.889885 -0.456184 0.0
vn -0.86601 -0.500026 -0.0
vn -0.86601 -0.500026 0.0
vn -0.84003 -0.54254 -0.0
vn -0.84003 -0.54254 0.0
vn -0.811952 -0.583724 0.0
vn -0.811952 -0.583724 0.0
vn -0.781822 -0.623502 -0.0
vn -0.781822 -0.623502 0.0
vn -0.749772 -0.661696 -0.0
vn -0.749772 -0.661696 0.0
vn -0.715896 -0.698207 0.0
vn -0.715896 -0.698207 0.0
vn -0.680154 -0.733069 -0.0
vn -0.680154 -0.733069 0.0
vn -0.642808 -0.766028 -0.0
vn -0.642808 -0.766028 0.0
vn -0.603802 -0.797134 -0.0
vn -0.603802 -0.797134 0.0
vn -0.563275 -0.826269 -0.0
vn -0.563275 -0.826269 0.0
vn -0.521433 -0.853292 -0.0
vn -0.521433 -0.853292 0.0
vn -0.478249 -0.878224 0.0
vn -0.478249 -0.878224 0.0
vn -0.433946 -0.900939 0.0
vn -0.433946 -0.900939 -0.0
vn -0.388402 -0.92149 0.0
vn -0.388402 -0.92149 0.0
vn -0.342061 -0.939678 0.0
vn -0.294721 -0.955583 0.0
vn -0.342061 -0.939678 -0.0
vn -0.294721 -0.955583 0.0
vn -0.246774 -0.969073 0.0
vn -0.246774 -0.969073 -0.0
vn -0.19815 -0.980172 0.0
vn -0.149017 -0.988835 0.0
vn -0.19815 -0.980172 -0.0
vn -0.149017 -0.988835 0.0
vn -0.099543 -0.995033 0.0
vn -0.099543 -0.995033 -0.0
vn -0.049899 -0.998754 0.0
vn -0.049899 -0.998754 -0.0
vn 0.0 -1.0 0.0
vn 0.049899 -0.998754 0.0
vn -0.0 -1.0 -0.0
vn 0.049899 -0.998754 0.0
vn 0.099543 -0.995033 0.0
vn 0.099543 -0.995033 0.0
vn 0.149017 -0.988835 0.0
vn 0.149017 -0.988835 0.0
vn 0.19815 -0.980172 0.0
vn 0.19815 -0.980172 0.0
vn 0.246774 -0.969073 0.0
vn 0.246774 -0.969073 0.0
vn 0.294722 -0.955583 0.0
vn 0.294722 -0.955583 0.0
vn 0.342062 -0.939677 0.0
vn 0.342062 -0.939677 0.0
vn 0.388401 -0.92149 0.0
vn 0.388401 -0.92149 0.0
vn 0.433945 -0.900939 0.0
vn 0.433945 -0.900939 0.0
vn 0.478249 -0.878224 0.0
vn 0.478249 -0.878224 0.0
vn 0.521432 -0.853293 0.0
vn 0.521432 -0.853293 0.0
vn 0.563275 -0.826269 0.0
vn 0.563275 -0.826269 0.0
vn 0.603804 -0.797133 0.0
vn 0.603804 -0.797133 0.0
vn 0.642807 -0.766028 0.0
vn 0.642807 -0.766028 0.0
vn 0.680154 -0.733069 0.0
vn 0.680154 -0.733069 0.0
vn 0.715896 -0.698206 0.0
vn 0.715896 -0.698206 0.0
vn 0.749772 -0.661697 0.0
vn 0.749772 -0.661697 0.0
vn 0.781822 -0.623502 0.0
vn 0.781822 -0.623502 0.0
vn 0.811954 -0.583722 0.0
vn 0.811954 -0.583722 0.0
vn 0.840029 -0.542541 0.0
vn 0.840029 -0.542541 0.0
vn 0.86601 -0.500027 0.0
vn 0.86601 -0.500027 0.0
vn 0.889885 -0.456185 0.0
vn 0.889885 -0.456185 0.0
vn 0.911495 -0.411311 0.0
vn 0.911495 -0.411311 0.0
vn 0.930878 -0.365329 0.0
vn 0.930878 -0.365329 0.0
vn 0.947926 -0.318492 0.0
vn 0.947926 -0.318492 0.0
vn 0.962624 -0.270842 0.0
vn 0.962624 -0.270842 0.0
vn 0.974929 -0.222518 0.0
vn 0.974929 -0.222518 0.0
vn 0.984808 -0.173649 0.0
vn 0.984808 -0.173649 0.0
vn 0.99224 -0.124338 0.0
vn 0.99224 -0.124338 0.0
vn 0.997203 -0.074736 0.0
vn 0.997203 -0.074736 0.0
vn 0.999689 -0.024929 0.0
vn 0.999689 -0.024929 0.0
vn 0.999689 0.024931 -0.0
vn 0.999689 0.024931 0.0
vn 0.997204 0.074729 0.0
vn 0.997204 0.074729 0.0
vn 0.992239 0.124349 -0.0
vn 0.992239 0.124349 0.0
vn 0.984808 0.173649 0.0
vn 0.984808 0.173649 0.0
vn 0.974929 0.222518 0.0
vn 0.974929 0.222518 0.0
vn 0.962624 0.270842 -0.0
vn 0.962624 0.270842 0.0
vn 0.947926 0.318492 0.0
vn 0.947926 0.318492 0.0
vn 0.930878 0.365329 0.0
vn 0.930878 0.365329 0.0
vn 0.911509 0.411279 0.0
vn 0.911509 0.411279 0.0
vn 0.889867 0.456219 -0.0
vn 0.889867 0.456219 0.0
vn 0.866031 0.499991 -0.0
vn 0.866031 0.499991 0.0
vn 0.840004 0.54258 0.0
vn 0.840004 0.54258 0.0
vn 0.811954 0.583722 0.0
vn 0.811954 0.583722 0.0
vn 0.781822 0.623502 0.0
vn 0.781822 0.623502 0.0
vn 0.749772 0.661697 0.0
vn 0.715896 0.698206 -0.0
vn 0.749772 0.661697 0.0
vn 0.680154 0.733069 -0.0
vn 0.715896 0.698206 0.0
vn 0.680154 0.733069 0.0
vn 0.642807 0.766028 0.0
vn 0.642807 0.766028 0.0
vn 0.603804 0.797133 0.0
vn 0.603804 0.797133 0.0
vn 0.563333 0.82623 0.0
vn 0.563333 0.82623 0.0
vn 0.521432 0.853293 0.0
vn 0.521432 0.853293 0.0
vn 0.478249 0.878224 0.0
vn 0.433876 0.900973 -0.0
vn 0.478249 0.878224 0.0
vn 0.433876 0.900973 0.0
vn 0.388401 0.92149 0.0
vn 0.388401 0.92149 0.0
vn 0.342062 0.939677 0.0
vn 0.342062 0.939677 0.0
vn 0.294722 0.955583 0.0
vn 0.294722 0.955583 0.0
vn 0.246774 0.969073 0.0
vn 0.246774 0.969073 0.0
vn 0.19815 0.980172 0.0
vn 0.19815 0.980172 0.0
vn 0.149017 0.988835 -0.0
vn 0.149017 0.988835 0.0
vn 0.099543 0.995033 0.0
vn 0.099543 0.995033 0.0
vn 0.049899 0.998754 0.0
vn 0.049899 0.998754 0.0
vn 0.0 1.0 0.0
vn -0.0 1.0 0.0
vn -0.049899 0.998754 0.0
vn -0.049899 0.998754 0.0
vn -0.099543 0.995033 0.0
vn -0.099543 0.995033 0.0
vn -0.149017 0.988835 0.0
vn -0.149017 0.988835 0.0
vn -0.19815 0.980172 0.0
vn -0.19815 0.980172 0.0
vn -0.246774 0.969073 0.0
vn -0.246774 0.969073 0.0
vn -0.294721 0.955583 0.0
vn -0.294721 0.955583 0.0
vn -0.342061 0.939678 0.0
vn -0.342061 0.939678 0.0
vn -0.388402 0.92149 0.0
vn -0.388402 0.92149 0.0
vn -0.433877 0.900972 0.0
vn -0.433877 0.900972 0.0
vn -0.478249 0.878224 0.0
vn -0.478249 0.878224 0.0
vn -0.521433 0.853292 0.0
vn -0.563333 0.82623 0.0
vn -0.521433 0.853292 0.0
vn -0.563333 0.82623 0.0
vn -0.603802 0.797134 0.0
vn -0.642808 0.766028 0.0
vn -0.603802 0.797134 0.0
vn -0.642808 0.766028 0.0
vn -0.680154 0.733069 0.0
vn -0.680154 0.733069 0.0
vn -0.715896 0.698207 0.0
vn -0.715896 0.698207 0.0
vn -0.749772 0.661696 0.0
vn -0.749772 0.661696 0.0
vn -0.781822 0.623502 0.0
vn -0.781822 0.623502 0.0
vn -0.811952 0.583724 0.0
vn -0.840005 0.542579 0.0
vn -0.811952 0.583724 0.0
vn -0.840005 0.542579 0.0
vn -0.866032 0.499989 0.0
vn -0.866032 0.499989 0.0
vn -0.889868 0.456219 0.0
vn -0.889868 0.456219 0.0
vn -0.911509 0.411281 0.0
vn -0.911509 0.411281 0.0
vn -0.93088 0.365326 0.0
vn -0.93088 0.365326 0.0
vn -0.947925 0.318493 0.0
vn -0.947925 0.318493 0.0
vn -0.962623 0.270844 0.0
vn -0.962623 0.270844 0.0
vn -0.974929 0.222518 0.0
vn -0.974929 0.222518 0.0
vn -0.984808 0.173648 0.0
vn -0.984808 0.173648 0.0
vn -0.992239 0.124349 0.0
vn -0.992239 0.124349 0.0
vn -0.997204 0.074731 0.0
vn -0.997204 0.074731 0.0
vn -0.999689 0.024928 0.0
vn -0.999689 0.024928 0.0
vn -0.99969 -0.024905 -0.0
vn -0.99969 -0.024905 0.0
vn -0.997204 -0.074727 0.0
vn -0.997204 -0.074727 -0.0
vn -0.992237 -0.124359 0.0
vn -0.992237 -0.124359 -0.0
vn -0.984804 -0.173669 0.0
vn -0.984804 -0.173669 -0.0
vn -0.974923 -0.222543 0.0
vn -0.974923 -0.222543 -0.0
vn -0.962626 -0.270834 0.0
vn -0.962626 -0.270834 -0.0
vn -0.947941 -0.318446 0.0
vn -0.947941 -0.318446 -0.0
vn -0.930872 -0.365345 0.0
vn -0.930872 -0.365345 -0.0
vn -0.911504 -0.411291 0.0
vn -0.889877 -0.456201 0.0
vn -0.911504 -0.411291 -0.0
vn -0.889877 -0.456201 0.0
vn -0.866006 -0.500034 -0.0
vn -0.866006 -0.500034 0.0
vn -0.840044 -0.542518 -0.0
vn -0.840044 -0.542518 0.0
vn -0.811955 -0.58372 0.0
vn -0.811955 -0.58372 0.0
vn -0.781805 -0.623523 -0.0
vn -0.781805 -0.623523 0.0
vn -0.749768 -0.6617 -0.0
vn -0.749768 -0.6617 0.0
vn -0.715892 -0.698211 0.0
vn -0.715892 -0.698211 0.0
vn -0.680174 -0.733051 -0.0
vn -0.680174 -0.733051 0.0
vn -0.642789 -0.766043 -0.0
vn -0.642789 -0.766043 0.0
vn -0.603815 -0.797124 -0.0
vn -0.603815 -0.797124 0.0
vn -0.563263 -0.826278 -0.0
vn -0.563263 -0.826278 0.0
vn -0.521429 -0.853294 -0.0
vn -0.521429 -0.853294 0.0
vn -0.478256 -0.87822 0.0
vn -0.478256 -0.87822 0.0
vn -0.433938 -0.900943 0.0
vn -0.433938 -0.900943 -0.0
vn -0.388403 -0.92149 0.0
vn -0.388403 -0.92149 0.0
vn -0.342071 -0.939674 0.0
vn -0.294725 -0.955582 0.0
vn -0.342071 -0.939674 -0.0
vn -0.294725 -0.955582 0.0
vn -0.246774 -0.969073 0.0
vn -0.246774 -0.969073 -0.0
vn -0.198143 -0.980173 0.0
vn -0.149022 -0.988834 0.0
vn -0.198143 -0.980173 -0.0
vn -0.149022 -0.988834 0.0
vn -0.099537 -0.995034 0.0
vn -0.099537 -0.995034 -0.0
vn -0.049899 -0.998754 0.0
vn -0.049899 -0.998754 -0.0
vn 0.0 -1.0 0.0
vn 0.049895 -0.998754 0.0
vn -0.0 -1.0 -0.0
vn 0.049895 -0.998754 0.0
vn 0.099546 -0.995033 0.0
vn 0.099546 -0.995033 0.0
vn 0.149022 -0.988834 0.0
vn 0.149022 -0.988834 0.0
vn 0.198143 -0.980173 0.0
vn 0.198143 -0.980173 0.0
vn 0.246774 -0.969073 0.0
vn 0.246774 -0.969073 0.0
vn 0.294725 -0.955582 0.0
vn 0.294725 -0.955582 0.0
vn 0.342071 -0.939674 0.0
vn 0.342071 -0.939674 0.0
vn 0.388403 -0.92149 0.0
vn 0.388403 -0.92149 0.0
vn 0.433938 -0.900943 0.0
vn 0.433938 -0.900943 0.0
vn 0.478256 -0.87822 0.0
vn 0.478256 -0.87822 0.0
vn 0.521429 -0.853294 0.0
vn 0.521429 -0.853294 0.0
vn 0.563263 -0.826278 0.0
vn 0.563263 -0.826278 0.0
vn 0.603815 -0.797124 0.0
vn 0.603815 -0.797124 0.0
vn 0.642789 -0.766043 0.0
vn 0.642789 -0.766043 0.0
vn 0.680174 -0.733051 0.0
vn 0.680174 -0.733051 0.0
vn 0.715892 -0.698211 0.0
vn 0.715892 -0.698211 0.0
vn 0.749768 -0.6617 0.0
vn 0.749768 -0.6617 0.0
vn 0.781805 -0.623523 0.0
vn 0.781805 -0.623523 0.0
vn 0.811955 -0.58372 0.0
vn 0.811955 -0.58372 0.0
vn 0.840044 -0.542518 0.0
vn 0.840044 -0.542518 0.0
vn 0.866006 -0.500034 0.0
vn 0.866006 -0.500034 0.0
vn 0.889877 -0.456201 0.0
vn 0.889877 -0.456201 0.0
vn 0.911504 -0.411291 0.0
vn 0.911504 -0.411291 0.0
vn 0.930872 -0.365345 0.0
vn 0.930872 -0.365345 0.0
vn 0.947915 -0.318522 0.0
vn 0.947915 -0.318522 0.0
vn 0.962626 -0.270834 0.0
vn 0.962626 -0.270834 0.0
vn 0.974941 -0.222462 0.0
vn 0.974941 -0.222462 0.0
vn 0.984804 -0.173669 0.0
vn 0.984804 -0.173669 0.0
vn 0.992237 -0.124359 0.0
vn 0.992237 -0.124359 0.0
vn 0.997204 -0.074727 0.0
vn 0.997204 -0.074727 0.0
vn 0.99969 -0.024905 0.0
vn 0.99969 -0.024905 0.0
vn 0.99969 0.024907 -0.0
vn 0.99969 0.024907 0.0
vn 0.997205 0.07472 0.0
vn 0.997205 0.07472 0.0
vn 0.992236 0.12437 -0.0
vn 0.992236 0.12437 0.0
vn 0.984804 0.173669 0.0
vn 0.984804 0.173669 0.0
vn 0.974941 0.222462 0.0
vn 0.974941 0.222462 0.0
vn 0.962626 0.270834 -0.0
vn 0.962626 0.270834 0.0
vn 0.947915 0.318522 0.0
vn 0.947915 0.318522 0.0
vn 0.930872 0.365345 0.0
vn 0.930872 0.365345 0.0
vn 0.911519 0.411259 0.0
vn 0.911519 0.411259 0.0
vn 0.889859 0.456236 -0.0
vn 0.889859 0.456236 0.0
vn 0.866027 0.499997 -0.0
vn 0.866027 0.499997 0.0
vn 0.840019 0.542557 0.0
vn 0.840019 0.542557 0.0
vn 0.811955 0.58372 0.0
vn 0.811955 0.58372 0.0
vn 0.781805 0.623523 0.0
vn 0.781805 0.623523 0.0
vn 0.749768 0.6617 0.0
vn 0.715892 0.698211 -0.0
vn 0.749768 0.6617 0.0
vn 0.680174 0.733051 -0.0
vn 0.715892 0.698211 0.0
vn 0.680174 0.733051 0.0
vn 0.642789 0.766043 0.0
vn 0.642789 0.766043 0.0
vn 0.603815 0.797124 0.0
vn 0.603815 0.797124 0.0
vn 0.563321 0.826238 0.0
vn 0.563321 0.826238 0.0
vn 0.521429 0.853294 0.0
vn 0.521429 0.853294 0.0
vn 0.478256 0.87822 0.0
vn 0.433869 0.900976 -0.0
vn 0.478256 0.87822 0.0
vn 0.433869 0.900976 0.0
vn 0.388403 0.92149 0.0
vn 0.388403 0.92149 0.0
vn 0.342071 0.939674 0.0
vn 0.342071 0.939674 0.0
vn 0.294725 0.955582 0.0
vn 0.294725 0.955582 0.0
vn 0.246774 0.969073 0.0
vn 0.246774 0.969073 0.0
vn 0.198143 0.980173 0.0
vn 0.198143 0.980173 0.0
vn 0.149022 0.988834 -0.0
vn 0.149022 0.988834 0.0
vn 0.099546 0.995033 0.0
vn 0.099546 0.995033 0.0
vn 0.049895 0.998754 0.0
vn 0.049895 0.998754 0.0
vn 0.0 1.0 0.0
vn -0.0 1.0 0.0
vn -0.049899 0.998754 0.0
vn -0.049899 0.998754 0.0
vn -0.099537 0.995034 0.0
vn -0.099537 0.995034 0.0
vn -0.149022 0.988834 0.0
vn -0.149022 0.988834 0.0
vn -0.198143 0.980173 0.0
vn -0.198143 0.980173 0.0
vn -0.246774 0.969073 0.0
vn -0.246774 0.969073 0.0
vn -0.294725 0.955582 0.0
vn -0.294725 0.955582 0.0
vn -0.342071 0.939674 0.0
vn -0.342071 0.939674 0.0
vn -0.388403 0.92149 0.0
vn -0.388403 0.92149 0.0
vn -0.433869 0.900976 0.0
vn -0.433869 0.900976 0.0
vn -0.478256 0.87822 0.0
vn -0.478256 0.87822 0.0
vn -0.521429 0.853294 0.0
vn -0.563321 0.826238 0.0
vn -0.521429 0.853294 0.0
vn -0.563321 0.826238 0.0
vn -0.603815 0.797124 0.0
vn -0.642789 0.766043 0.0
vn -0.603815 0.797124 0.0
vn -0.642789 0.766043 0.0
vn -0.680174 0.733051 0.0
vn -0.680174 0.733051 0.0
vn -0.715892 0.698211 0.0
vn -0.715892 0.698211 0.0
vn -0.749768 0.6617 0.0
vn -0.749768 0.6617 0.0
vn -0.781805 0.623523 0.0
vn -0.781805 0.623523 0.0
vn -0.811955 0.58372 0.0
vn -0.840019 0.542557 0.0
vn -0.811955 0.58372 0.0
vn -0.840019 0.542557 0.0
vn -0.866027 0.499997 0.0
vn -0.866027 0.499997 0.0
vn -0.889859 0.456236 0.0
vn -0.889859 0.456236 0.0
vn -0.911519 0.411259 0.0
vn -0.911519 0.411259 0.0
vn -0.930872 0.365345 0.0
vn -0.930872 0.365345 0.0
vn -0.947941 0.318446 0.0
vn -0.947941 0.318446 0.0
vn -0.962626 0.270834 0.0
vn -0.962626 0.270834 0.0
vn -0.974923 0.222543 0.0
vn -0.974923 0.222543 0.0
vn -0.984804 0.173669 0.0
vn -0.984804 0.173669 0.0
vn -0.992236 0.12437 0.0
vn -0.992236 0.12437 0.0
vn -0.997205 0.07472 0.0
vn -0.997205 0.07472 0.0
vn -0.99969 0.024907 0.0
vn -0.99969 0.024907 0.0
vn -0.99969 0.0 0.024907
vn -0.99969 0.0 0.024907
vn -0.997201 0.0 0.074763
vn -0.997201 0.0 0.074763
vn -0.992242 0.0 0.124322
vn -0.992242 0.0 0.124322
vn -0.984804 0.0 0.173669
vn -0.984804 0.0 0.173669
vn -0.974932 0.0 0.222505
vn -0.974932 0.0 0.222505
vn -0.962627 0.0 0.270831
vn -0.962627 0.0 0.270831
vn -0.947929 0.0 0.318481
vn -0.947929 0.0 0.318481
vn -0.930868 0.0 0.365356
vn -0.930868 0.0 0.365356
vn -0.911499 0.0 0.411302
vn -0.911499 0.0 0.411302
vn -0.889881 0.0 0.456193
vn -0.866022 0.0 0.500006
vn -0.889881 0.0 0.456193
vn -0.866022 0.0 0.500006
vn -0.840022 0.0 0.542553
vn -0.840022 0.0 0.542553
vn -0.81194 0.0 0.58374
vn -0.81194 0.0 0.58374
vn -0.781834 0.0 0.623487
vn -0.781834 0.0 0.623487
vn -0.749778 0.0 0.66169
vn -0.749778 0.0 0.66169
vn -0.715861 0.0 0.698243
vn -0.715861 0.0 0.698243
vn -0.680197 0.0 0.73303
vn -0.680197 0.0 0.73303
vn -0.642771 0.0 0.766059
vn -0.642771 0.0 0.766059
vn -0.603815 0.0 0.797124
vn -0.603815 0.0 0.797124
vn -0.563306 0.0 0.826248
vn -0.563306 0.0 0.826248
vn -0.521448 0.0 0.853283
vn -0.521448 0.0 0.853283
vn -0.478247 0.0 0.878225
vn -0.478247 0.0 0.878225
vn -0.433895 0.0 0.900964
vn -0.433895 0.0 0.900964
vn -0.38843 0.0 0.921478
vn -0.38843 0.0 0.921478
vn -0.342019 0.0 0.939693
vn -0.342019 0.0 0.939693
vn -0.294754 0.0 0.955573
vn -0.294754 0.0 0.955573
vn -0.246764 0.0 0.969076
vn -0.246764 0.0 0.969076
vn -0.198133 0.0 0.980175
vn -0.198133 0.0 0.980175
vn -0.149053 0.0 0.988829
vn -0.149053 0.0 0.988829
vn -0.099563 0.0 0.995031
vn -0.049846 0.0 0.998757
vn -0.099563 0.0 0.995031
vn -0.049846 0.0 0.998757
vn 0.0 0.0 1.0
vn 0.049846 -0.0 0.998757
vn 0.0 0.0 1.0
vn 0.049846 0.0 0.998757
vn 0.099563 0.0 0.995031
vn 0.099563 0.0 0.995031
vn 0.149053 0.0 0.988829
vn 0.198133 -0.0 0.980175
vn 0.149053 0.0 0.988829
vn 0.198133 0.0 0.980175
vn 0.246764 0.0 0.969076
vn 0.246764 0.0 0.969076
vn 0.294754 -0.0 0.955573
vn 0.294754 0.0 0.955573
vn 0.342019 0.0 0.939693
vn 0.342019 0.0 0.939693
vn 0.38843 0.0 0.921478
vn 0.38843 0.0 0.921478
vn 0.433895 0.0 0.900964
vn 0.433895 0.0 0.900964
vn 0.478247 -0.0 0.878225
vn 0.478247 0.0 0.878225
vn 0.521448 0.0 0.853283
vn 0.521448 0.0 0.853283
vn 0.563306 -0.0 0.826248
vn 0.563306 0.0 0.826248
vn 0.603815 0.0 0.797124
vn 0.603815 0.0 0.797124
vn 0.642771 -0.0 0.766059
vn 0.642771 0.0 0.766059
vn 0.680197 -0.0 0.73303
vn 0.680197 0.0 0.73303
vn 0.715861 0.0 0.698243
vn 0.715861 0.0 0.698243
vn 0.749778 0.0 0.66169
vn 0.749778 0.0 0.66169
vn 0.781834 0.0 0.623487
vn 0.781834 0.0 0.623487
vn 0.81194 -0.0 0.58374
vn 0.81194 0.0 0.58374
vn 0.840022 -0.0 0.542553
vn 0.840022 0.0 0.542553
vn 0.866022 0.0 0.500006
vn 0.866022 0.0 0.500006
vn 0.889881 0.0 0.456193
vn 0.889881 0.0 0.456193
vn 0.911499 0.0 0.411302
vn 0.911499 0.0 0.411302
vn 0.930868 0.0 0.365356
vn 0.930868 0.0 0.365356
vn 0.947929 -0.0 0.318481
vn 0.947929 0.0 0.318481
vn 0.962627 0.0 0.270831
vn 0.962627 0.0 0.270831
vn 0.974932 0.0 0.222505
vn 0.974932 0.0 0.222505
vn 0.984804 0.0 0.173669
vn 0.992242 -0.0 0.124322
vn 0.984804 0.0 0.173669
vn 0.992242 0.0 0.124322
vn 0.997201 0.0 0.074763
vn 0.997201 0.0 0.074763
vn 0.99969 0.0 0.024907
vn 0.99969 0.0 0.024907
vn 0.99969 0.0 -0.024907
vn 0.99969 0.0 -0.024907
vn 0.997201 0.0 -0.074763
vn 0.997201 0.0 -0.074763
vn 0.992242 0.0 -0.124322
vn 0.992242 0.0 -0.124322
vn 0.984804 0.0 -0.173669
vn 0.984804 0.0 -0.173669
vn 0.974931 0.0 -0.222507
vn 0.974931 0.0 -0.222507
vn 0.962628 0.0 -0.270829
vn 0.962628 0.0 -0.270829
vn 0.94793 0.0 -0.318477
vn 0.94793 0.0 -0.318477
vn 0.930867 0.0 -0.365359
vn 0.930867 0.0 -0.365359
vn 0.911499 0.0 -0.411302
vn 0.911499 0.0 -0.411302
vn 0.889881 0.0 -0.456193
vn 0.889881 0.0 -0.456193
vn 0.866022 0.0 -0.500006
vn 0.866022 0.0 -0.500006
vn 0.840025 0.0 -0.542548
vn 0.840025 0.0 -0.542548
vn 0.811933 0.0 -0.58375
vn 0.811933 0.0 -0.58375
vn 0.781834 0.0 -0.623487
vn 0.781834 0.0 -0.623487
vn 0.749787 0.0 -0.661679
vn 0.749787 0.0 -0.661679
vn 0.715861 0.0 -0.698243
vn 0.715861 0.0 -0.698243
vn 0.680185 0.0 -0.73304
vn 0.680185 0.0 -0.73304
vn 0.642777 0.0 -0.766053
vn 0.642777 0.0 -0.766053
vn 0.603815 0.0 -0.797124
vn 0.603815 0.0 -0.797124
vn 0.563306 0.0 -0.826248
vn 0.563306 0.0 -0.826248
vn 0.521448 0.0 -0.853283
vn 0.521448 0.0 -0.853283
vn 0.478239 0.0 -0.87823
vn 0.478239 0.0 -0.87823
vn 0.433903 0.0 -0.900959
vn 0.433903 0.0 -0.900959
vn 0.388439 0.0 -0.921474
vn 0.388439 0.0 -0.921474
vn 0.342001 0.0 -0.9397
vn 0.342001 0.0 -0.9397
vn 0.294764 0.0 -0.95557
vn 0.294764 0.0 -0.95557
vn 0.246754 0.0 -0.969078
vn 0.246754 0.0 -0.969078
vn 0.198143 0.0 -0.980173
vn 0.198143 0.0 -0.980173
vn 0.149043 0.0 -0.988831
vn 0.149043 0.0 -0.988831
vn 0.099584 0.0 -0.995029
vn 0.099584 0.0 -0.995029
vn 0.049836 0.0 -0.998757
vn 0.049836 0.0 -0.998757
vn 0.0 0.0 -1.0
vn 0.0 0.0 -1.0
vn -0.049836 0.0 -0.998757
vn -0.049836 -0.0 -0.998757
vn -0.099584 0.0 -0.995029
vn -0.099584 -0.0 -0.995029
vn -0.149043 0.0 -0.988831
vn -0.149043 -0.0 -0.988831
vn -0.198143 0.0 -0.980173
vn -0.198143 -0.0 -0.980173
vn -0.246754 0.0 -0.969078
vn -0.246754 -0.0 -0.969078
vn -0.294764 0.0 -0.95557
vn -0.294764 -0.0 -0.95557
vn -0.342001 0.0 -0.9397
vn -0.342001 -0.0 -0.9397
vn -0.388439 0.0 -0.921474
vn -0.433903 0.0 -0.900959
vn -0.388439 -0.0 -0.921474
vn -0.433903 0.0 -0.900959
vn -0.478239 0.0 -0.87823
vn -0.478239 0.0 -0.87823
vn -0.521448 0.0 -0.853283
vn -0.563306 0.0 -0.826248
vn -0.521448 -0.0 -0.853283
vn -0.563306 0.0 -0.826248
vn -0.603815 0.0 -0.797124
vn -0.603815 0.0 -0.797124
vn -0.642777 0.0 -0.766053
vn -0.642777 -0.0 -0.766053
vn -0.680185 0.0 -0.73304
vn -0.715861 0.0 -0.698243
vn -0.680185 -0.0 -0.73304
vn -0.749787 0.0 -0.661679
vn -0.715861 0.0 -0.698243
vn -0.749787 0.0 -0.661679
vn -0.781834 0.0 -0.623487
vn -0.781834 0.0 -0.623487
vn -0.811933 -0.0 -0.58375
vn -0.811933 0.0 -0.58375
vn -0.840025 -0.0 -0.542548
vn -0.840025 0.0 -0.542548
vn -0.866022 0.0 -0.500006
vn -0.866022 0.0 -0.500006
vn -0.889881 -0.0 -0.456193
vn -0.889881 0.0 -0.456193
vn -0.911499 0.0 -0.411302
vn -0.911499 0.0 -0.411302
vn -0.930867 0.0 -0.365359
vn -0.930867 0.0 -0.365359
vn -0.94793 0.0 -0.318477
vn -0.94793 0.0 -0.318477
vn -0.962628 -0.0 -0.270829
vn -0.962628 0.0 -0.270829
vn -0.974931 -0.0 -0.222507
vn -0.974931 0.0 -0.222507
vn -0.984804 -0.0 -0.173669
vn -0.984804 0.0 -0.173669
vn -0.992242 0.0 -0.124322
vn -0.997201 0.0 -0.074763
vn -0.992242 -0.0 -0.124322
vn -0.997201 0.0 -0.074763
vn -0.99969 0.0 -0.024907
vn -0.99969 -0.0 -0.024907
vn -1.0 0.0 0.0
vn -1.0 0.0 0.0
vn -1.0 0.0 0.0
vn -1.0 0.0 0.0
vn -1.0 0.0 0.0
vn -1.0 0.0 0.0
vn -1.0 0.0 0.0
vn -1.0 0.0 0.0
vn -1.0 0.0 0.0
vn -1.0 0.0 0.0
vn -1.0 0.0 0.0
vn -1.0 0.0 0.0
vn -1.0 0.0 0.0
vn -1.0 0.0 0.0
vn -1.0 0.0 0.0
vn -1.0 0.0 0.0
vn -1.0 0.0 0.0
vn -1.0 0.0 0.0
vn -1.0 0.0 0.0
vn -1.0 0.0 0.0
vn -1.0 0.0 0.0
vn -1.0 0.0 0.0
vn -1.0 0.0 0.0
vn -1.0 0.0 0.0
vn -1.0 0.0 -0.0
vn -1.0 0.0 0.0
vn -1.0 0.0 0.0
vn -1.0 0.0 0.0
vn -1.0 0.0 0.0
vn -1.0 0.0 0.0
vn -1.0 0.0 0.0
vn -1.0 0.0 0.0
vn -1.0 0.0 0.0
vn -1.0 0.0 0.0
vn -1.0 0.0 0.0
vn -1.0 0.0 0.0
vn -1.0 0.0 0.0
vn -1.0 0.0 0.0
vn -1.0 0.0 0.0
vn -1.0 0.0 0.0
vn -1.0 0.0 0.0
vn -1.0 0.0 0.0
vn -1.0 0.0 0.0
vn -1.0 0.0 0.0
vn -1.0 0.0 0.0
vn -1.0 0.0 0.0
vn -1.0 0.0 0.0
vn -1.0 0.0 0.0
vn -1.0 0.0 0.0
vn -1.0 0.0 0.0
vn -1.0 0.0 0.0
vn -1.0 0.0 0.0
vn -1.0 0.0 0.0
vn -1.0 0.0 0.0
vn -1.0 0.0 0.0
vn -1.0 0.0 0.0
vn -1.0 0.0 0.0
vn -1.0 0.0 0.0
vn -1.0 0.0 0.0
vn -1.0 0.0 0.0
vn -1.0 0.0 0.0
vn -1.0 0.0 0.0
vn -1.0 0.0 0.0
vn -1.0 0.0 0.0
vn -1.0 -0.0 0.0
vn -1.0 0.0 0.0
vn -1.0 0.0 0.0
vn -1.0 0.0 0.0
vn -1.0 0.0 0.0
vn -1.0 0.0 0.0
vn -1.0 0.0 0.0
vn -1.0 0.0 0.0
vn -1.0 0.0 0.0
vn -1.0 0.0 0.0
vn -1.0 0.0 0.0
vn -1.0 0.0 0.0
vn -1.0 0.0 0.0
vn -1.0 0.0 0.0
vn -1.0 0.0 0.0
vn -1.0 0.0 0.0
vn -1.0 -0.0 0.0
vn -1.0 0.0 0.0
vn -1.0 0.0 0.0
vn -1.0 0.0 0.0
vn -1.0 0.0 0.0
vn -1.0 0.0 0.0
vn -1.0 0.0 0.0
vn -1.0 0.0 0.0
vn -1.0 -0.0 0.0
vn -1.0 -0.0 0.0
vn -1.0 0.0 0.0
vn -1.0 0.0 0.0
vn -1.0 0.0 0.0
vn -1.0 0.0 0.0
vn -1.0 -0.0 0.0
vn -1.0 0.0 0.0
vn -1.0 0.0 0.0
vn -1.0 0.0 0.0
vn -1.0 0.0 0.0
vn -1.0 0.0 0.0
vn -1.0 0.0 0.0
vn -1.0 0.0 0.0
vn -1.0 0.0 0.0
vn -1.0 0.0 0.0
vn -1.0 0.0 0.0
vn -1.0 0.0 0.0
vn -1.0 0.0 0.0
vn -1.0 0.0 0.0
vn -1.0 0.0 0.0
vn -1.0 0.0 0.0
vn -1.0 0.0 0.0
vn -1.0 0.0 0.0
vn -1.0 0.0 0.0
vn -1.0 0.0 0.0
vn -1.0 0.0 0.0
vn -1.0 0.0 0.0
vn -1.0 0.0 0.0
vn -1.0 0.0 -0.0
vn -1.0 0.0 0.0
vn -1.0 0.0 0.0
vn -1.0 0.0 0.0
vn -1.0 0.0 0.0
vn -1.0 0.0 0.0
vn -1.0 -0.0 0.0
vn 0.0 -0.024928 0.999689
vn 0.0 -0.024928 0.999689
vn 0.0 -0.074731 0.997204
vn 0.0 -0.074731 0.997204
vn 0.0 -0.124343 0.992239
vn 0.0 -0.124343 0.992239
vn 0.0 -0.173648 0.984808
vn 0.0 -0.173648 0.984808
vn 0.0 -0.222523 0.974927
vn 0.0 -0.222523 0.974927
vn 0.0 -0.270844 0.962623
vn 0.0 -0.270844 0.962623
vn 0.0 -0.318493 0.947925
vn 0.0 -0.318493 0.947925
vn 0.0 -0.365326 0.93088
vn 0.0 -0.365326 0.93088
vn 0.0 -0.411292 0.911503
vn 0.0 -0.411292 0.911503
vn 0.0 -0.456201 0.889877
vn 0.0 -0.500008 0.866021
vn 0.0 -0.456201 0.889877
vn 0.0 -0.500008 0.866021
vn 0.0 -0.542548 0.840025
vn 0.0 -0.542548 0.840025
vn 0.0 -0.58374 0.81194
vn 0.0 -0.58374 0.81194
vn 0.0 -0.623503 0.781821
vn 0.0 -0.623503 0.781821
vn 0.0 -0.661673 0.749792
vn 0.0 -0.661673 0.749792
vn 0.0 -0.698248 0.715856
vn 0.0 -0.698248 0.715856
vn 0.0 -0.733049 0.680176
vn 0.0 -0.733049 0.680176
vn 0.0 -0.766046 0.642785
vn 0.0 -0.766046 0.642785
vn 0.0 -0.797136 0.6038
vn 0.0 -0.797136 0.6038
vn 0.0 -0.826228 0.563336
vn 0.0 -0.826228 0.563336
vn 0.0 -0.853294 0.521429
vn 0.0 -0.853294 0.521429
vn 0.0 -0.878223 0.478252
vn 0.0 -0.878223 0.478252
vn 0.0 -0.900974 0.433873
vn 0.0 -0.900974 0.433873
vn 0.0 -0.921474 0.388439
vn 0.0 -0.921474 0.388439
vn 0.0 -0.939692 0.342023
vn 0.0 -0.939692 0.342023
vn 0.0 -0.955571 0.294761
vn 0.0 -0.955571 0.294761
vn 0.0 -0.969073 0.246774
vn 0.0 -0.969073 0.246774
vn 0.0 -0.980172 0.198151
vn 0.0 -0.980172 0.198151
vn 0.0 -0.988835 0.149017
vn 0.0 -0.988835 0.149017
vn 0.0 -0.995029 0.099585
vn 0.0 -0.998756 0.049857
vn 0.0 -0.995029 0.099585
vn 0.0 -0.998756 0.049857
vn 0.0 -1.0 0.0
vn 0.0 -0.998756 -0.049857
vn 0.0 -1.0 0.0
vn 0.0 -0.998756 -0.049857
vn 0.0 -0.995029 -0.099585
vn -0.0 -0.995029 -0.099585
vn 0.0 -0.988835 -0.149017
vn 0.0 -0.980172 -0.198151
vn -0.0 -0.988835 -0.149017
vn 0.0 -0.980172 -0.198151
vn -0.0 -0.969073 -0.246774
vn 0.0 -0.969073 -0.246774
vn 0.0 -0.955572 -0.294758
vn 0.0 -0.955572 -0.294758
vn -0.0 -0.93969 -0.342026
vn 0.0 -0.93969 -0.342026
vn -0.0 -0.921474 -0.388439
vn 0.0 -0.921474 -0.388439
vn -0.0 -0.900972 -0.433878
vn 0.0 -0.900972 -0.433878
vn 0.0 -0.878225 -0.478247
vn 0.0 -0.878225 -0.478247
vn -0.0 -0.853294 -0.521429
vn 0.0 -0.853294 -0.521429
vn 0.0 -0.826231 -0.563331
vn 0.0 -0.826231 -0.563331
vn -0.0 -0.797132 -0.603805
vn 0.0 -0.797132 -0.603805
vn 0.0 -0.766046 -0.642785
vn 0.0 -0.766046 -0.642785
vn 0.0 -0.733049 -0.680176
vn 0.0 -0.733049 -0.680176
vn -0.0 -0.698254 -0.71585
vn 0.0 -0.698254 -0.71585
vn -0.0 -0.661667 -0.749798
vn 0.0 -0.661667 -0.749798
vn -0.0 -0.62351 -0.781815
vn 0.0 -0.62351 -0.781815
vn 0.0 -0.58374 -0.81194
vn 0.0 -0.58374 -0.81194
vn 0.0 -0.542533 -0.840035
vn 0.0 -0.542533 -0.840035
vn -0.0 -0.500016 -0.866016
vn 0.0 -0.500016 -0.866016
vn -0.0 -0.456201 -0.889877
vn 0.0 -0.456201 -0.889877
vn -0.0 -0.411292 -0.911503
vn 0.0 -0.411292 -0.911503
vn -0.0 -0.365326 -0.93088
vn 0.0 -0.365326 -0.93088
vn 0.0 -0.318503 -0.947922
vn 0.0 -0.318503 -0.947922
vn 0.0 -0.270834 -0.962626
vn -0.0 -0.270834 -0.962626
vn 0.0 -0.222523 -0.974927
vn -0.0 -0.222523 -0.974927
vn 0.0 -0.173648 -0.984808
vn 0.0 -0.124343 -0.992239
vn -0.0 -0.173648 -0.984808
vn 0.0 -0.124343 -0.992239
vn -0.0 -0.07472 -0.997204
vn 0.0 -0.07472 -0.997204
vn -0.0 -0.024928 -0.999689
vn 0.0 -0.024928 -0.999689
vn 0.0 0.024928 -0.999689
vn 0.0 0.024928 -0.999689
vn 0.0 0.07472 -0.997204
vn 0.0 0.07472 -0.997204
vn 0.0 0.124343 -0.992239
vn 0.0 0.124343 -0.992239
vn 0.0 0.173648 -0.984808
vn 0.0 0.173648 -0.984808
vn 0.0 0.222523 -0.974927
vn 0.0 0.222523 -0.974927
vn 0.0 0.270834 -0.962626
vn 0.0 0.270834 -0.962626
vn 0.0 0.318503 -0.947922
vn 0.0 0.318503 -0.947922
vn 0.0 0.365326 -0.93088
vn 0.0 0.365326 -0.93088
vn 0.0 0.411292 -0.911503
vn 0.0 0.411292 -0.911503
vn 0.0 0.456201 -0.889877
vn 0.0 0.456201 -0.889877
vn 0.0 0.500016 -0.866016
vn 0.0 0.500016 -0.866016
vn 0.0 0.542533 -0.840035
vn 0.0 0.542533 -0.840035
vn 0.0 0.58374 -0.81194
vn 0.0 0.58374 -0.81194
vn 0.0 0.62351 -0.781815
vn 0.0 0.62351 -0.781815
vn 0.0 0.661667 -0.749798
vn 0.0 0.661667 -0.749798
vn 0.0 0.698254 -0.71585
vn 0.0 0.698254 -0.71585
vn 0.0 0.733049 -0.680176
vn 0.0 0.733049 -0.680176
vn 0.0 0.766046 -0.642785
vn 0.0 0.766046 -0.642785
vn 0.0 0.797132 -0.603805
vn 0.0 0.797132 -0.603805
vn 0.0 0.826231 -0.563331
vn 0.0 0.826231 -0.563331
vn 0.0 0.853294 -0.521429
vn 0.0 0.853294 -0.521429
vn 0.0 0.878225 -0.478247
vn 0.0 0.878225 -0.478247
vn 0.0 0.900972 -0.433878
vn 0.0 0.900972 -0.433878
vn 0.0 0.921474 -0.388439
vn 0.0 0.921474 -0.388439
vn 0.0 0.93969 -0.342026
vn 0.0 0.93969 -0.342026
vn 0.0 0.955572 -0.294758
vn 0.0 0.955572 -0.294758
vn 0.0 0.969073 -0.246774
vn 0.0 0.969073 -0.246774
vn 0.0 0.980172 -0.198151
vn 0.0 0.980172 -0.198151
vn 0.0 0.988835 -0.149017
vn 0.0 0.988835 -0.149017
vn 0.0 0.995029 -0.099585
vn 0.0 0.995029 -0.099585
vn 0.0 0.998756 -0.049857
vn 0.0 0.998756 -0.049857
vn 0.0 1.0 0.0
vn 0.0 1.0 0.0
vn 0.0 0.998756 0.049857
vn 0.0 0.998756 0.049857
vn 0.0 0.995029 0.099585
vn 0.0 0.995029 0.099585
vn 0.0 0.988835 0.149017
vn 0.0 0.988835 0.149017
vn 0.0 0.980172 0.198151
vn 0.0 0.980172 0.198151
vn 0.0 0.969073 0.246774
vn 0.0 0.969073 0.246774
vn 0.0 0.955571 0.294761
vn 0.0 0.955571 0.294761
vn 0.0 0.939692 0.342023
vn 0.0 0.939692 0.342023
vn 0.0 0.921474 0.388439
vn -0.0 0.900974 0.433873
vn 0.0 0.921474 0.388439
vn 0.0 0.900974 0.433873
vn -0.0 0.878223 0.478252
vn 0.0 0.878223 0.478252
vn 0.0 0.853294 0.521429
vn -0.0 0.826228 0.563336
vn 0.0 0.853294 0.521429
vn 0.0 0.826228 0.563336
vn -0.0 0.797136 0.6038
vn 0.0 0.797136 0.6038
vn 0.0 0.766046 0.642785
vn 0.0 0.766046 0.642785
vn 0.0 0.733049 0.680176
vn -0.0 0.698248 0.715856
vn 0.0 0.733049 0.680176
vn -0.0 0.661673 0.749792
vn 0.0 0.698248 0.715856
vn 0.0 0.661673 0.749792
vn -0.0 0.623503 0.781821
vn 0.0 0.623503 0.781821
vn 0.0 0.58374 0.81194
vn 0.0 0.58374 0.81194
vn 0.0 0.542548 0.840025
vn 0.0 0.542548 0.840025
vn -0.0 0.500008 0.866021
vn 0.0 0.500008 0.866021
vn 0.0 0.456201 0.889877
vn 0.0 0.456201 0.889877
vn -0.0 0.411292 0.911503
vn 0.0 0.411292 0.911503
vn -0.0 0.365326 0.93088
vn 0.0 0.365326 0.93088
vn -0.0 0.318493 0.947925
vn 0.0 0.318493 0.947925
vn 0.0 0.270844 0.962623
vn 0.0 0.270844 0.962623
vn 0.0 0.222523 0.974927
vn 0.0 0.222523 0.974927
vn 0.0 0.173648 0.984808
vn 0.0 0.173648 0.984808
vn 0.0 0.124343 0.992239
vn -0.0 0.074731 0.997204
vn 0.0 0.124343 0.992239
vn 0.0 0.074731 0.997204
vn 0.0 0.024928 0.999689
vn 0.0 0.024928 0.999689
vn -0.490383 0.462305 0.738782
vn -0.40439 0.546926 0.733035
vn -0.452037 0.462312 0.762844
vn -0.443671 0.547105 0.709812
vn -0.175182 0.332836 0.92657
vn -0.212205 0.459198 0.862616
vn -0.164167 0.456051 0.874681
vn -0.217231 0.445925 0.868309
vn -0.537858 0.187828 0.821845
vn -0.491363 0.314877 0.812043
vn -0.120916 0.366367 0.92258
vn -0.132627 0.363235 0.922209
vn -0.07881 0.218143 0.97273
vn -0.07547 0.220584 0.972444
vn -0.053541 0.269075 0.96163
vn -0.096495 0.211968 0.972501
vn -0.134472 0.34867 0.927549
vn -0.176479 0.332847 0.926319
vn -0.093049 0.229464 0.968859
vn -0.130883 0.213014 0.968243
vn -0.520086 0.189504 0.832826
vn -0.513683 0.182673 0.838308
vn -0.022628 0.999318 0.029181
vn -0.003258 0.998917 0.046416
vn -0.06782 0.996969 0.038118
vn -0.11296 0.993597 -0.002371
vn -0.566912 -0.010727 0.823709
vn -0.587784 0.029214 0.80849
vn -0.616965 0.017694 0.786792
vn -0.528351 0.211538 0.822251
vn -0.44808 0.31154 0.837954
vn -0.455705 0.305793 0.835957
vn -0.499089 0.1933 0.844716
vn -0.455319 0.31668 0.832105
vn -0.0424 0.992599 0.113794
vn -0.995059 0.098995 0.007656
vn -0.997622 0.057329 0.038259
vn -0.999012 0.019125 0.040104
vn -0.042764 0.000672 0.999085
vn -0.059003 0.046099 0.997193
vn -0.04201 0.001996 0.999115
vn -0.08276 0.086505 0.992808
vn -0.080966 0.006766 0.996694
vn -0.116878 0.014516 0.99304
vn -0.01455 0.11893 0.992796
vn -0.095604 0.073735 0.992685
vn -0.006041 0.083434 0.996495
vn -0.064603 0.035216 0.997289
vn -0.017387 0.042292 0.998954
vn -0.000534 0.022375 0.99975
vn -0.109065 0.958279 0.26421
vn -0.075784 0.933335 0.350917
vn -0.099643 0.944832 0.312031
vn -0.097995 0.956394 0.275151
vn -0.415534 0.90564 0.084542
vn -0.456611 0.886894 0.070188
vn -0.266023 0.9133 0.308409
vn -0.24695 0.929005 0.27562
vn -0.05741 0.91802 0.392356
vn -0.061739 0.931887 0.357457
vn -0.362984 0.899655 0.242617
vn -0.399742 0.86701 0.29749
vn -0.356245 0.836849 0.41566
vn -0.239171 0.882834 0.40423
vn -0.23217 0.890703 0.390826
vn -0.536128 0.843827 0.022853
vn -0.573489 0.81828 0.039096
vn -0.402266 0.828392 0.389807
vn -0.051305 0.841848 0.53727
vn -0.678996 0.733048 0.040067
vn -0.710904 0.700994 0.056765
vn -0.520966 0.752107 0.403645
vn -0.503469 0.806462 0.310062
vn -0.08164 0.725606 0.683251
vn -0.80028 0.599031 0.026734
vn -0.826312 0.562003 0.036898
vn -0.623758 0.732784 0.271943
vn -0.634462 0.704726 0.31752
vn -0.892734 0.443857 0.077567
vn -0.91139 0.402801 0.084379
vn -0.925767 0.359985 0.115614
vn -0.909072 0.407564 0.086482
vn -0.622498 0.623918 0.472465
vn -0.600029 0.672597 0.433104
vn -0.959125 0.109122 0.261099
vn -0.847116 0.366804 0.384511
vn -0.94602 0.09909 0.308588
vn -0.93439 0.076091 0.34803
vn -0.956943 0.096781 0.273668
vn -0.82078 0.38763 0.419598
vn -0.607551 0.609064 0.509826
vn -0.628736 0.547986 0.551726
vn -0.888435 0.238938 0.391907
vn -0.919626 0.056359 0.38873
vn -0.888961 0.224557 0.399153
vn -0.932588 0.059263 0.356044
vn -0.561225 0.219786 0.797948
vn -0.554656 0.308162 0.772912
vn -0.635226 0.293457 0.714402
vn -0.651081 0.369585 0.662948
vn -0.565045 0.649479 0.508823
vn -0.588669 0.589149 0.55351
vn -0.504808 0.175262 0.845253
vn -0.505195 0.166652 0.846762
vn -0.844197 0.049807 0.533714
vn -0.084864 0.037958 0.995669
vn -0.020502 0.015413 0.999671
vn -0.021014 0.014358 0.999676
vn -0.022192 0.013737 0.999659
vn -0.726436 0.08446 0.682025
vn -0.370801 0.651053 0.662296
vn -0.037178 0.04039 0.998492
vn -0.038321 0.038002 0.998543
vn -0.292813 0.63512 0.714761
vn -0.014072 0.022318 0.999652
vn -0.0148 0.021281 0.999664
vn -0.253123 0.597997 0.760479
vn -0.27925 0.513491 0.811385
vn -0.174367 0.500372 0.848071
vn -0.171152 0.511164 0.84227
vn -0.039545 0.086524 0.995465
vn -0.069878 0.980033 0.186154
vn -0.116699 0.99045 0.073414
vn -0.157361 0.984623 0.075862
vn -0.144254 0.978373 0.148245
vn -0.119999 0.98842 0.092881
vn -0.113937 0.97907 0.16864
vn -0.201748 0.976377 0.077364
vn -0.184629 0.97871 0.089654
vn -0.1614 0.971242 0.175039
vn -0.245405 0.964947 0.093024
vn -0.226989 0.956489 0.183315
vn -0.230595 0.967699 0.101906
vn -0.288758 0.95258 0.095967
vn -0.259051 0.961267 0.094116
vn -0.254256 0.950793 0.177052
vn -0.290533 0.94405 0.156076
vn -0.332417 0.940899 0.064864
vn -0.374496 0.924507 0.070985
vn -0.334923 0.939825 0.067494
vn -0.310884 0.93081 0.192207
vn -0.396379 0.908596 0.131672
vn -0.371005 0.925714 0.073549
vn -0.062982 0.892714 0.4462
vn -0.086354 0.924239 0.371921
vn -0.204539 0.853003 0.480156
vn -0.495019 0.863123 0.099871
vn -0.485318 0.836483 0.254485
vn -0.437519 0.894902 0.08791
vn -0.533161 0.823223 0.195048
vn -0.574672 0.814291 0.081742
vn -0.52096 0.839306 0.155455
vn -0.067072 0.8648 0.497616
vn -0.047804 0.852838 0.519983
vn -0.060309 0.89207 0.447854
vn -0.609269 0.790634 0.060739
vn -0.551672 0.832433 0.052082
vn -0.622377 0.766357 0.159197
vn -0.355785 0.788657 0.501435
vn -0.374471 0.755544 0.537517
vn -0.147488 0.846063 0.512273
vn -0.64463 0.762485 0.055392
vn -0.635536 0.770628 0.047185
vn -0.649931 0.751188 0.11535
vn -0.688867 0.722276 0.061478
vn -0.622321 0.766397 0.159226
vn -0.072985 0.801203 0.593925
vn -0.092261 0.849494 0.519469
vn -0.121795 0.818451 0.561519
vn -0.227037 0.794742 0.562885
vn -0.670302 0.729568 0.135739
vn -0.672973 0.734351 0.088526
vn -0.547517 0.665779 0.506915
vn -0.525506 0.710396 0.468168
vn -0.474799 0.74347 0.470976
vn -0.425936 0.696441 0.577537
vn -0.486971 0.721536 0.492184
vn -0.741746 0.66796 0.06035
vn -0.711579 0.700364 0.056091
vn -0.70132 0.696072 0.153731
vn -0.708939 0.703334 0.05222
vn -0.091252 0.758038 0.645795
vn -0.077648 0.802399 0.591715
vn -0.089819 0.756852 0.647385
vn -0.20414 0.693461 0.690969
vn -0.082303 0.724435 0.684412
vn -0.771399 0.633836 0.056526
vn -0.761326 0.646683 0.046726
vn -0.771848 0.615688 0.158677
vn -0.817666 0.572405 0.06145
vn -0.133549 0.740401 0.658765
vn -0.189118 0.634678 0.749279
vn -0.077147 0.688617 0.72101
vn -0.086057 0.726821 0.681414
vn -0.217193 0.669513 0.710338
vn -0.102323 0.699811 0.706962
vn -0.751812 0.627643 0.202099
vn -0.685967 0.709064 0.163331
vn -0.717668 0.640746 0.27276
vn -0.71954 0.617827 0.317101
vn -0.792847 0.581311 0.182953
vn -0.431966 0.597492 0.67558
vn -0.589994 0.588721 0.552553
vn -0.497681 0.616426 0.61019
vn -0.836459 0.485958 0.253338
vn -0.839002 0.521285 0.156006
vn -0.615166 0.505084 0.605359
vn -0.223916 0.565609 0.793693
vn -0.67818 0.593689 0.433134
vn -0.646176 0.662906 0.37817
vn -0.729156 0.571703 0.376147
vn -0.620264 0.620565 0.479763
vn -0.778395 0.558373 0.286916
vn -0.783075 0.537206 0.313373
vn -0.776975 0.486326 0.399746
vn -0.840817 0.463128 0.280249
vn 0.00445 0.557045 0.83047
vn -0.162907 0.55017 0.819008
vn -0.944752 0.31895 0.075597
vn -0.9563 0.275299 0.09849
vn -0.953139 0.273982 0.128293
vn -0.944785 0.287892 0.156523
vn -0.897579 0.367902 0.242901
vn -0.869226 0.40014 0.290404
vn -0.899166 0.361143 0.247134
vn -0.963905 0.248974 0.094333
vn -0.953253 0.244453 0.177628
vn -0.970291 0.220518 0.099535
vn -0.968225 0.231849 0.093732
vn -0.959145 0.217277 0.181193
vn -0.321848 0.466174 0.824072
vn -0.395032 0.454474 0.798375
vn -0.99615 0.077905 0.040197
vn -0.981123 0.188421 0.043526
vn -0.987521 0.143646 0.064564
vn -0.988391 0.075974 0.131572
vn -0.55162 0.39993 0.731964
vn -0.435651 0.414541 0.798977
vn -0.579898 0.330373 0.744695
vn -0.981055 0.17406 0.085057
vn -0.978926 0.141695 0.147062
vn -0.974091 0.153038 0.16651
vn -0.984479 0.137692 0.108824
vn -0.98983 0.106994 0.093751
vn -0.979412 0.076315 0.186892
vn -0.605187 0.495279 0.623256
vn -0.560225 0.430767 0.707522
vn -0.673423 0.390449 0.627734
vn -0.657575 0.475214 0.584609
vn -0.08341 0.459029 0.884497
vn -0.066176 0.500457 0.863229
vn -0.41352 0.362645 0.835159
vn -0.887493 0.301043 0.348897
vn -0.911156 0.345596 0.224407
vn -0.917913 0.267976 0.292615
vn -0.919742 0.249483 0.30304
vn -0.927325 0.240246 0.286967
vn -0.115941 0.472204 0.873831
vn -0.248189 0.385069 0.888889
vn -0.143704 0.370229 0.917758
vn -0.110944 0.452392 0.884892
vn -0.242541 0.367819 0.89771
vn -0.459996 0.341882 0.819463
vn -0.404957 0.354403 0.842857
vn -0.64377 0.556705 0.525014
vn -0.683976 0.597918 0.417936
vn -0.69848 0.560477 0.444963
vn -0.778278 0.452503 0.435343
vn -0.667338 0.546287 0.506192
vn -0.194811 0.283493 0.938978
vn -0.179764 0.383783 0.905757
vn -0.470842 0.255718 0.844344
vn -0.236243 0.297787 0.924939
vn -0.287743 0.260754 0.921527
vn -0.230799 0.205086 0.951142
vn -0.222213 0.272585 0.936119
vn -0.271567 0.238158 0.932487
vn -0.449565 0.204163 0.869603
vn -0.446324 0.23795 0.862655
vn -0.449082 0.237232 0.861421
vn -0.229001 0.152748 0.961367
vn -0.23139 0.205286 0.950955
vn -0.758926 0.369938 0.535888
vn -0.790239 0.353123 0.500825
vn -0.697682 0.423756 0.577643
vn -0.745428 0.47289 0.469799
vn -0.228906 0.152709 0.961396
vn -0.241929 0.143471 0.959628
vn -0.219532 0.11802 0.968441
vn -0.159192 0.091668 0.982983
vn -0.208895 0.112652 0.971428
vn -0.209566 0.124881 0.969787
vn -0.89432 0.06259 0.443028
vn -0.854519 0.199387 0.479627
vn -0.925974 0.084957 0.367906
vn -0.361782 0.133727 0.922622
vn -0.317306 0.099182 0.943122
vn -0.628835 0.548019 0.55158
vn -0.628796 0.548046 0.551599
vn -0.676253 0.451523 0.582072
vn -0.616591 0.495566 0.611744
vn -0.589039 0.588778 0.55351
vn -0.401812 0.122909 0.907436
vn -0.321604 0.063085 0.94477
vn -0.64026 0.38402 0.665279
vn -0.580107 0.499804 0.643173
vn -0.645864 0.422079 0.636167
vn -0.544994 0.498252 0.674334
vn -0.559401 0.643956 0.52191
vn -0.57546 0.60319 0.552275
vn -0.170617 0.035612 0.984694
vn -0.178355 0.029576 0.983522
vn -0.112882 0.058304 0.991896
vn -0.165502 0.090993 0.982003
vn -0.164828 0.099159 0.981325
vn -0.221004 0.052453 0.973861
vn -0.16794 0.040931 0.984947
vn -0.166846 0.042197 0.98508
vn -0.618544 0.279142 0.734495
vn -0.600533 0.248072 0.760145
vn -0.410454 0.095892 0.906825
vn -0.328685 0.055249 0.942822
vn -0.276711 0.069845 0.958411
vn -0.409191 0.114306 0.905261
vn -0.226042 0.045918 0.973035
vn -0.16872 0.0318 0.985151
vn -0.231222 0.033208 0.972334
vn -0.893203 0.058058 0.445889
vn -0.867029 0.065479 0.493936
vn -0.543577 0.228359 0.807698
vn -0.564141 0.221955 0.795287
vn -0.521141 0.154281 0.83941
vn -0.541387 0.463562 0.701434
vn -0.609975 0.383455 0.693465
vn -0.827218 0.056857 0.558997
vn -0.872567 0.074627 0.482761
vn -0.854019 0.146254 0.499261
vn -0.759485 0.186743 0.623145
vn -0.375664 0.105642 0.920715
vn -0.281452 0.036077 0.958897
vn -0.504955 0.614296 0.606351
vn -0.193439 0.038372 0.980362
vn -0.173306 0.022412 0.984613
vn -0.140714 0.042035 0.989158
vn -0.214997 0.024551 0.976306
vn -0.123841 0.042867 0.991376
vn -0.157581 0.009288 0.987462
vn -0.215131 0.022925 0.976316
vn -0.213926 0.025702 0.976512
vn -0.104229 0.021659 0.994318
vn -0.107597 0.042572 0.993283
vn -0.129177 7.7e-05 0.991622
vn -0.560614 0.354193 0.748505
vn -0.556771 0.335213 0.760025
vn -0.444699 0.214739 0.869557
vn -0.851631 0.089366 0.516468
vn -0.821714 0.116082 0.557952
vn -0.803594 0.071947 0.590813
vn -0.496616 0.626305 0.600928
vn -0.494626 0.54848 0.674177
vn -0.464493 0.653146 0.598036
vn -0.381614 0.642952 0.664066
vn -0.494948 0.604201 0.624474
vn -0.469897 0.668854 0.576047
vn -0.461509 0.66043 0.592319
vn -0.391717 0.673242 0.627138
vn -0.483919 0.408178 0.774089
vn -0.48524 0.416826 0.768634
vn -0.395524 0.270053 0.877856
vn -0.460602 0.544976 0.700605
vn -0.381038 0.612771 0.692331
vn -0.804472 0.0753 0.589198
vn -0.760706 0.090126 0.642809
vn -0.517934 0.507024 0.688963
vn -0.486343 0.611767 0.623868
vn -0.43286 0.556762 0.708977
vn -0.758897 0.088017 0.645235
vn -0.72972 0.082239 0.678782
vn -0.409119 0.483021 0.774153
vn -0.410133 0.492911 0.767353
vn -0.743263 0.124828 0.65725
vn -0.025625 0.083944 0.996141
vn -0.122741 0.060385 0.9906
vn -0.049842 0.041146 0.997909
vn -0.047502 0.043963 0.997903
vn -0.704488 0.095354 0.703281
vn -0.673221 0.208747 0.709365
vn -0.726156 0.083441 0.682448
vn -0.691319 0.076498 0.718488
vn -0.34216 0.552374 0.760138
vn -0.279755 0.62002 0.733016
vn -0.299761 0.50493 0.809437
vn -0.343296 0.571553 0.745302
vn -0.047946 0.046893 0.997749
vn -0.050431 0.045646 0.997684
vn -0.063091 0.03083 0.997531
vn -0.050792 0.082784 0.995272
vn -0.085082 0.048714 0.995182
vn -0.385372 0.526731 0.757657
vn -0.453855 0.46282 0.761455
vn -0.37105 0.575272 0.728961
vn -0.337526 0.579615 0.741703
vn -0.043138 0.051379 0.997747
vn -0.06085 0.055998 0.996575
vn -0.038723 0.056545 0.997649
vn -0.571041 0.214028 0.79253
vn -0.038854 0.050791 0.997953
vn -0.044288 0.048141 0.997858
vn -0.0866 -0.002334 0.99624
vn -0.063969 0.121957 0.990472
vn -0.562668 -0.009989 0.826623
vn -0.555438 0.151948 0.817558
vn -0.291561 0.503239 0.813476
vn -0.353643 0.391546 0.849487
vn -0.46453 0.079142 0.882014
vn -0.506003 0.060381 0.860416
vn -0.207807 0.448325 0.86938
vn -0.241288 0.445021 0.862402
vn -0.241239 0.445209 0.862318
vn -0.477202 0.10951 0.871944
vn -0.096841 0.412575 0.905761
vn -0.070517 0.280251 0.957333
vn -0.10632 0.379126 0.919217
vn -0.036346 0.284913 0.957864
vn -0.372856 0.23733 0.897024
vn -0.375002 0.141037 0.916232
vn -0.457069 0.105392 0.883165
vn -0.088077 0.302395 0.949105
vn -0.151838 0.379645 0.912587
vn -0.090725 0.363191 0.927287
vn -0.115113 0.411336 0.904186
vn -0.055999 0.331328 0.941852
vn -0.28721 0.193917 0.938033
vn -0.388498 0.175864 0.904512
vn -0.265665 0.284464 0.921142
vn -0.301536 0.234435 0.924184
vn -0.022337 0.217352 0.975838
vn -0.038497 0.108414 0.99336
vn -0.043103 0.106447 0.993384
vn -0.02367 0.102545 0.994447
vn -0.026233 0.215993 0.976043
vn -0.007242 0.154608 0.987949
vn -0.242673 0.269163 0.93202
vn -0.276 0.221254 0.935345
vn -0.207404 0.231936 0.950363
vn -0.007747 0.154164 0.988015
vn -0.042772 0.139196 0.989341
vn -0.024858 0.217112 0.97583
vn -0.226602 0.212846 0.950446
vn -0.207399 0.231921 0.950367
vn -0.214834 0.248125 0.944606
vn -0.154773 0.230621 0.960656
vn -0.033616 0.231752 0.972194
vn -0.039276 0.196915 0.979634
vn -0.020155 0.172925 0.984729
vn -0.147094 0.24167 0.959145
vn -0.154836 0.230769 0.96061
vn -0.045677 0.227591 0.972685
vn -0.043571 0.166803 0.985027
vn -0.030757 0.168445 0.985231
vn -0.052436 0.222909 0.973428
vn -0.040453 0.169241 0.984744
vn -0.030552 0.178381 0.983487
vn -0.037005 0.170746 0.98462
vn -0.058597 0.114938 0.991643
vn -0.121206 0.219849 0.967975
vn -0.102653 0.167356 0.980538
vn -0.126609 0.212007 0.969032
vn -0.09215 0.167926 0.981483
vn -0.113987 0.211584 0.97069
vn -0.092751 0.162408 0.982355
vn -0.323971 0.817844 0.475578
vn -0.223378 0.855034 0.467994
vn -0.222104 0.839373 0.496107
vn -0.224115 0.836897 0.499376
vn -0.322503 0.79062 0.520492
vn -0.286283 0.781813 0.553904
vn -0.175994 0.821615 0.542194
vn -0.241768 0.809971 0.534317
vn -0.301977 0.718749 0.626267
vn -0.193868 0.790547 0.580905
vn -0.192249 0.749572 0.63339
vn -0.340555 0.72111 0.603343
vn -0.222715 0.747348 0.625995
vn -0.192643 0.73611 0.648869
vn -0.301103 0.70083 0.646664
vn -0.294606 0.698844 0.651786
vn -0.330007 0.633924 0.699454
vn -0.542831 0.547694 0.636684
vn -0.517309 0.604365 0.605916
vn -0.403034 0.639705 0.654478
vn -0.433905 0.671719 0.600433
vn -0.505917 0.592905 0.626508
vn -0.869925 0.491525 0.040409
vn -0.850607 0.523851 0.045252
vn -0.873878 0.485035 0.032837
vn -0.867767 0.465008 0.175353
vn -0.832606 0.553062 0.029839
vn -0.835023 0.531433 0.142529
vn -0.0377 0.667714 0.743463
vn -0.035641 0.674857 0.737087
vn -0.185761 0.642147 0.743733
vn -0.128219 0.628414 0.767239
vn -0.281468 0.581633 0.763203
vn -0.180215 0.661762 0.727732
vn -0.276589 0.60172 0.749287
vn -0.395494 0.55627 0.730855
vn -0.319568 0.618391 0.717962
vn -0.318053 0.620533 0.716785
vn -0.148402 0.602827 0.783949
vn -0.143006 0.564019 0.813285
vn -0.014236 0.637099 0.77065
vn -0.049075 0.638477 0.768075
vn -0.017552 0.663704 0.74779
vn -0.136217 0.597892 0.789918
vn -0.242777 0.54044 0.805595
vn -0.235068 0.574468 0.784047
vn -0.254293 0.552663 0.793661
vn -0.359641 0.507252 0.783169
vn -0.247704 0.514966 0.820641
vn -0.353256 0.47707 0.804745
vn -0.186716 0.51912 0.834057
vn -0.266345 0.513551 0.815675
vn -0.522074 0.527008 0.670598
vn -0.597301 0.504116 0.623778
vn -0.604573 0.473357 0.640644
vn -0.372588 0.531739 0.760547
vn -0.469212 0.447597 0.761247
vn -0.348345 0.504913 0.789759
vn -0.381801 0.516254 0.766622
vn -0.28927 0.48013 0.82813
vn -0.168379 0.503947 0.847163
vn -0.276625 0.476161 0.834715
vn -0.297172 0.44017 0.847313
vn -0.274583 0.415155 0.867324
vn -0.356973 0.402408 0.842994
vn -0.236997 0.41586 0.878005
vn -0.258527 0.432638 0.863706
vn -0.274842 0.414073 0.867759
vn -0.361639 0.373249 0.854343
vn -0.374211 0.31884 0.870808
vn -0.362749 0.373998 0.853544
vn -0.276596 0.37785 0.883586
vn -0.258217 0.311133 0.914615
vn -0.348094 0.293944 0.890184
vn -0.401489 0.290407 0.868602
vn -0.357726 0.227187 0.905769
vn -0.285312 0.292053 0.912854
vn -0.382772 0.239564 0.892241
vn -0.315938 0.309423 0.896906
vn -0.322081 0.097894 0.941637
vn -0.280985 0.240699 0.929038
vn -0.358173 0.165444 0.91888
vn -0.255096 0.181161 0.949793
vn -0.246619 0.181469 0.951971
vn -0.820426 0.319892 0.473889
vn -0.856933 0.220152 0.466046
vn -0.841143 0.21925 0.494376
vn -0.793359 0.319099 0.518417
vn -0.839531 0.220594 0.496513
vn -0.784214 0.282971 0.55221
vn -0.827395 0.2107 0.520599
vn -0.826569 0.180311 0.533171
vn -0.70771 0.320708 0.629518
vn -0.817042 0.239526 0.524471
vn -0.793312 0.236032 0.561199
vn -0.550759 0.53962 0.636769
vn -0.586376 0.535389 0.607883
vn -0.419878 0.19429 0.88654
vn -0.319263 0.185808 0.929272
vn -0.231972 0.107704 0.966741
vn -0.3891 0.147397 0.909327
vn -0.318455 0.181954 0.930311
vn -0.393311 0.098713 0.914091
vn -0.359358 0.124065 0.924916
vn -0.326555 0.289924 0.899614
vn -0.487846 0.316251 0.813629
vn -0.32373 0.273517 0.905752
vn -0.417955 0.352393 0.837337
vn -0.404449 0.350677 0.844658
vn -0.386167 0.226756 0.894124
vn -0.480559 0.283156 0.829991
vn -0.768856 0.186736 0.611548
vn -0.745512 0.202714 0.634917
vn -0.233054 0.094863 0.967826
vn -0.233279 0.087146 0.968497
vn -0.106759 -0.005617 0.994269
vn -0.051565 0.028806 0.998254
vn -0.053105 0.026632 0.998234
vn -0.054398 0.010226 0.998467
vn -0.234349 0.094447 0.967554
vn -0.1144 0.068755 0.991053
vn -0.706677 0.184432 0.683076
vn -0.738769 0.185662 0.647881
vn -0.623022 0.309057 0.718559
vn -0.685644 0.162625 0.709539
vn -0.700359 0.231173 0.67532
vn -0.142725 0.123262 0.982057
vn -0.208904 0.131458 0.96906
vn -0.283681 0.223051 0.932616
vn -0.283715 0.170535 0.943622
vn -0.133559 0.126677 0.982911
vn -0.235498 0.202292 0.950589
vn -0.229457 0.203033 0.951907
vn -0.124451 0.122911 0.984584
vn -0.149115 0.119069 0.981625
vn -0.235672 0.201923 0.950624
vn -0.136188 0.100164 0.985606
vn -0.136377 0.138195 0.980971
vn -0.573525 0.399497 0.715173
vn -0.526684 0.498088 0.688848
vn -0.296816 0.4704 0.831038
vn -0.28958 0.32917 0.898771
vn -0.245239 0.371179 0.895591
vn -0.249925 0.417415 0.873671
vn -0.271042 0.325978 0.90569
vn -0.34837 0.406581 0.844589
vn -0.350305 0.421833 0.836268
vn -0.665657 0.174126 0.725659
vn -0.586435 0.273873 0.762291
vn -0.536457 0.364372 0.761214
vn -0.452904 0.461869 0.762597
vn -0.202012 0.230347 0.951909
vn -0.09694 0.13526 0.986056
vn -0.201508 0.238054 0.950118
vn -0.121722 0.126707 0.984444
vn -0.13626 0.138312 0.980971
vn -0.646026 0.180205 0.741738
vn -0.677621 0.035733 0.734542
vn -0.632143 0.123769 0.764903
vn -0.669939 0.038138 0.741436
vn -0.578991 0.22801 0.782803
vn -0.521529 0.373351 0.767213
vn -0.509766 0.340008 0.790274
vn -0.545235 0.236529 0.804222
vn -0.482606 0.345526 0.8048
vn -0.557089 0.247143 0.792826
vn -0.519344 0.241752 0.819657
vn -0.513756 0.351035 0.782834
vn -0.19968 0.239156 0.950227
vn -0.103262 0.138455 0.984971
vn -0.224331 0.286554 0.93143
vn -0.172875 0.290041 0.941271
vn -0.130572 0.134593 0.98226
vn -0.129231 0.137107 0.98209
vn -0.129743 0.214117 0.968153
vn -0.601646 0.132511 0.787694
vn -0.665664 0.016666 0.746066
vn -0.606253 0.1436 0.7822
vn -0.568192 0.139415 0.811
vn -0.639699 0.014113 0.768496
vn -0.640679 0.037577 0.766889
vn -0.244593 0.549524 0.798873
vn -0.261966 0.591494 0.762567
vn -0.153979 0.524386 0.837442
vn -0.236979 0.595254 0.767798
vn -0.40843 0.471977 0.781296
vn -0.375622 0.438082 0.816696
vn -0.391708 0.430442 0.813194
vn -0.480701 0.321077 0.815988
vn -0.46684 0.167325 0.868368
vn -0.473762 0.312802 0.823228
vn -0.388415 0.241551 0.889262
vn -0.366779 0.37867 0.849754
vn -0.438242 0.247513 0.864107
vn -0.329294 0.37293 0.867461
vn -0.389586 0.243339 0.888262
vn -0.419819 0.264799 0.86812
vn -0.029211 0.0513 0.998256
vn -0.008437 0.0536 0.998527
vn -0.070168 0.115855 0.990784
vn 0.020757 0.110275 0.993684
vn -0.030323 0.059251 0.997782
vn -0.001194 0.068941 0.99762
vn -0.315583 0.2545 0.914132
vn -0.298781 0.341457 0.891144
vn -0.295177 0.396832 0.869135
vn -0.38336 0.271583 0.882767
vn -0.313932 0.311971 0.896728
vn -0.295857 0.281137 0.912924
vn -0.231211 0.354873 0.905873
vn -0.243637 0.379204 0.892662
vn -0.52425 0.518826 0.675264
vn -0.428234 0.576536 0.69586
vn -0.507673 0.502347 0.69994
vn -0.422926 0.588032 0.689458
vn -0.401432 0.548317 0.733622
vn -0.487335 0.505042 0.712346
vn -0.401591 0.546339 0.735009
vn -0.485704 0.531422 0.694034
vn 0.002631 0.581792 0.813333
vn -0.174942 0.55705 0.811844
vn -0.017104 0.591524 0.806106
vn -0.172824 0.527697 0.831666
vn -0.005954 0.615893 0.787807
vn -0.166115 0.525594 0.83436
vn -0.000626 0.584363 0.811492
vn 0.006355 0.573168 0.819414
vn -0.175969 0.513077 0.840111
vn -0.170023 0.504601 0.846445
vn -0.468696 0.48635 0.73742
vn -0.552354 0.439656 0.708243
vn -0.468343 0.486777 0.737362
vn -0.551958 0.400245 0.731537
vn -0.469344 0.447335 0.76132
vn -0.591069 0.451743 0.668256
vn -0.642332 0.485751 0.592837
vn -0.70646 0.343366 0.618881
vn -0.715328 0.338454 0.611355
vn -0.609199 0.421016 0.672029
vn -0.699082 0.310927 0.643902
vn -0.672909 0.312115 0.670655
vn -0.601152 0.425449 0.676468
vn -0.670499 0.298658 0.679143
vn -0.635114 0.432623 0.639896
vn -0.583544 0.387452 0.713692
vn -0.554444 0.380901 0.739937
vn -0.589987 0.272933 0.759883
vn -0.616135 0.303055 0.727005
vn -0.633724 0.281746 0.720426
vn -0.491845 0.461084 0.738573
vn 0.0 0.0 1.0
vn 0.0 0.0 1.0
vn 0.0 0.0 1.0
vn 0.0 0.0 1.0
vn 0.0 0.0 1.0
vn 0.0 0.0 1.0
vn 0.0 0.0 1.0
vn 0.0 0.0 1.0
vn 0.0 0.0 1.0
vn 0.0 0.0 1.0
vn 0.0 0.0 1.0
vn 0.0 0.0 1.0
vn 0.0 0.0 1.0
vn 0.0 0.0 1.0
vn 0.0 0.0 1.0
vn 0.0 0.0 1.0
vn 0.0 0.0 1.0
vn 0.0 0.0 1.0
vn 0.0 0.0 1.0
vn 0.0 0.0 1.0
vn 0.0 0.0 1.0
vn 0.0 0.0 1.0
vn 0.0 0.0 1.0
vn 0.0 0.0 1.0
vn 0.0 0.0 1.0
vn 0.0 0.0 1.0
vn 0.0 0.0 1.0
vn 0.0 0.0 1.0
vn 0.0 0.0 1.0
vn 0.0 0.0 1.0
vn 0.0 0.0 1.0
vn 0.0 0.0 1.0
vn 0.0 0.0 1.0
vn 0.0 0.0 1.0
vn 0.0 0.0 1.0
vn 0.0 0.0 1.0
vn 0.0 0.0 1.0
vn 0.0 0.0 1.0
vn 0.0 0.0 1.0
vn 0.0 0.0 1.0
vn 0.0 0.0 1.0
vn 0.0 0.0 1.0
vn 0.0 0.0 1.0
vn 0.0 0.0 1.0
vn 0.0 0.0 1.0
vn 0.0 0.0 1.0
vn 0.0 0.0 1.0
vn 0.0 0.0 1.0
vn 0.0 0.0 1.0
vn 0.0 0.0 1.0
vn 0.0 0.0 1.0
vn 0.0 0.0 1.0
vn 0.0 0.0 1.0
vn 0.0 0.0 1.0
vn 0.0 0.0 1.0
vn 0.0 0.0 1.0
vn 0.0 0.0 1.0
vn 0.0 0.0 1.0
vn 0.0 0.0 1.0
vn 0.0 0.0 1.0
vn 0.0 0.0 1.0
vn 0.0 0.0 1.0
vn 0.0 0.0 1.0
vn 0.0 0.0 1.0
vn 0.0 0.0 1.0
vn 0.0 0.0 1.0
vn 0.0 0.0 1.0
vn 0.0 0.0 1.0
vn 0.0 0.0 1.0
vn 0.0 0.0 1.0
vn 0.0 0.0 1.0
vn 0.0 0.0 1.0
vn 0.0 0.0 1.0
vn 0.0 0.0 1.0
vn 0.304811 0.514272 0.801632
vn 0.391855 0.462694 0.795213
vn 0.304037 0.517034 0.800148
vn 0.343298 0.470572 0.81284
vn 0.269127 0.473292 0.838788
vn 0.393531 0.455487 0.798539
vn 0.546925 0.404383 0.733039
vn 0.462319 0.452026 0.762846
vn 0.547104 0.44368 0.709807
vn 0.462295 0.490396 0.738779
vn 0.461091 0.491838 0.738573
vn 0.347569 0.414052 0.841283
vn 0.258831 0.462007 0.848267
vn 0.305243 0.465335 0.830837
vn 0.269483 0.481927 0.833742
vn 0.357431 0.43063 0.828734
vn 0.401931 0.344536 0.848379
vn 0.278449 0.424959 0.861322
vn 0.278042 0.434797 0.85653
vn 0.402612 0.376997 0.834133
vn 0.245892 0.418565 0.874266
vn 0.285433 0.083996 0.954711
vn 0.277312 0.092244 0.956341
vn 0.171014 0.076874 0.982265
vn 0.26984 0.052719 0.961461
vn 0.168159 0.050869 0.984446
vn 0.206286 0.137824 0.968737
vn 0.308389 0.153188 0.938845
vn 0.196862 0.078251 0.977304
vn 0.152649 0.105065 0.98268
vn 0.300004 0.115177 0.946959
vn 0.314335 0.146748 0.937901
vn 0.057329 0.997623 0.038235
vn 0.019115 0.999014 0.040081
vn 0.099012 0.995057 0.007619
vn 0.58631 0.280366 0.760023
vn 0.61185 0.310382 0.727531
vn 0.548579 0.388264 0.740481
vn 0.629004 0.289691 0.721411
vn 0.57842 0.395536 0.71343
vn 0.486355 0.468699 0.737415
vn 0.439663 0.552354 0.708238
vn 0.400242 0.551959 0.731538
vn 0.447332 0.469342 0.761322
vn 0.486788 0.468341 0.737356
vn 0.17511 0.32924 0.927867
vn 0.217103 0.44267 0.870005
vn 0.212273 0.455543 0.864535
vn 0.172024 0.452982 0.874766
vn 0.13006 0.301553 0.944537
vn 0.163295 0.329131 0.930058
vn 0.13839 0.293764 0.945807
vn 0.157185 0.518906 0.840255
vn 0.129181 0.392518 0.910627
vn 0.208271 0.422032 0.882333
vn 0.149281 0.519134 0.841555
vn 0.125018 0.399662 0.908097
vn 0.051311 0.167658 0.984509
vn 0.075266 0.169531 0.982646
vn 0.084309 0.281791 0.955764
vn 0.09179 0.273858 0.95738
vn 0.051058 0.267485 0.962208
vn 0.999318 0.022612 0.029191
vn 0.998917 0.003258 0.046412
vn 0.99697 0.067817 0.038115
vn 0.993596 0.112962 -0.002379
vn 0.992599 0.042396 0.113797
vn 0.035215 0.064604 0.997289
vn 0.042291 0.017388 0.998954
vn 0.022375 0.000534 0.99975
vn 0.073734 0.095606 0.992685
vn 0.083433 0.006041 0.996495
vn 0.118929 0.01455 0.992796
vn 0.014513 0.11688 0.99304
vn 0.086508 0.082758 0.992808
vn 0.006765 0.080964 0.996694
vn 0.046099 0.059002 0.997193
vn 0.001996 0.042009 0.999115
vn 0.000672 0.042762 0.999085
vn 0.109125 0.959127 0.261089
vn 0.359983 0.925769 0.115604
vn 0.099086 0.946021 0.308586
vn 0.076093 0.934394 0.348019
vn 0.096778 0.956944 0.273665
vn 0.443881 0.892724 0.077548
vn 0.402796 0.911394 0.084364
vn 0.407565 0.909073 0.08647
vn 0.245099 0.929816 0.274532
vn 0.263079 0.915185 0.305329
vn 0.056352 0.919627 0.388728
vn 0.059256 0.932591 0.356037
vn 0.362697 0.899838 0.242368
vn 0.3985 0.868299 0.295389
vn 0.228658 0.892126 0.38965
vn 0.234829 0.885255 0.40147
vn 0.59902 0.800287 0.02674
vn 0.561999 0.826314 0.036902
vn 0.366803 0.84712 0.384504
vn 0.387634 0.820778 0.419599
vn 0.049826 0.844181 0.533738
vn 0.733049 0.678994 0.040084
vn 0.701002 0.710896 0.056779
vn 0.520759 0.752686 0.402831
vn 0.503317 0.806214 0.310951
vn 0.084453 0.726441 0.68202
vn 0.843827 0.536129 0.022836
vn 0.81828 0.57349 0.039079
vn 0.624012 0.732388 0.272428
vn 0.634749 0.70449 0.31747
vn 0.90564 0.415536 0.084538
vn 0.8869 0.456598 0.070189
vn 0.899651 0.362988 0.242627
vn 0.958278 0.109065 0.264214
vn 0.867015 0.399735 0.297484
vn 0.956393 0.097996 0.275153
vn 0.933337 0.075783 0.350912
vn 0.944835 0.099644 0.312024
vn 0.828393 0.402272 0.389799
vn 0.836852 0.356237 0.41566
vn 0.608494 0.608122 0.509827
vn 0.630269 0.545503 0.552438
vn 0.887129 0.227521 0.401543
vn 0.886429 0.243829 0.393436
vn 0.931889 0.061736 0.357453
vn 0.91802 0.057406 0.392357
vn 0.651052 0.370799 0.662299
vn 0.635119 0.292816 0.71476
vn 0.590168 0.588553 0.552546
vn 0.566961 0.647598 0.50909
vn 0.505506 0.178377 0.844183
vn 0.506029 0.167176 0.84616
vn 0.841851 0.051309 0.537266
vn 0.086524 0.039544 0.995465
vn 0.021281 0.0148 0.999664
vn 0.725603 0.081645 0.683253
vn 0.040391 0.037177 0.998492
vn 0.038002 0.038322 0.998543
vn 0.331492 0.678201 0.655863
vn 0.330556 0.607913 0.721924
vn 0.595489 0.009475 0.803308
vn 0.30816 0.554659 0.772911
vn 0.015414 0.020502 0.999671
vn 0.014358 0.021015 0.999676
vn 0.219778 0.561228 0.797948
vn 0.169711 0.509173 0.843766
vn 0.172179 0.500838 0.848243
vn 0.03796 0.084864 0.995669
vn 0.075975 0.988388 0.131594
vn 0.188422 0.981123 0.043523
vn 0.143658 0.98752 0.064555
vn 0.077907 0.99615 0.040185
vn 0.07632 0.979411 0.186895
vn 0.141693 0.978925 0.147069
vn 0.137675 0.984479 0.108843
vn 0.106991 0.989828 0.093778
vn 0.231836 0.968227 0.093747
vn 0.174049 0.981055 0.085072
vn 0.153031 0.974092 0.166509
vn 0.217312 0.959136 0.181201
vn 0.220554 0.970284 0.099525
vn 0.318943 0.944754 0.075606
vn 0.275301 0.956299 0.098495
vn 0.24443 0.953256 0.177643
vn 0.273993 0.953138 0.128281
vn 0.287907 0.944781 0.15652
vn 0.248951 0.963911 0.094334
vn 0.062575 0.894318 0.443034
vn 0.084942 0.925973 0.367911
vn 0.199379 0.854516 0.479636
vn 0.533172 0.823434 0.194124
vn 0.521284 0.839003 0.156003
vn 0.485954 0.836459 0.253348
vn 0.065478 0.867033 0.49393
vn 0.058058 0.893205 0.445885
vn 0.647611 0.749938 0.134882
vn 0.633837 0.771398 0.056526
vn 0.572399 0.81767 0.061451
vn 0.615681 0.771854 0.158676
vn 0.056864 0.82723 0.558978
vn 0.074632 0.872573 0.482748
vn 0.353124 0.790234 0.500832
vn 0.369934 0.758934 0.535881
vn 0.18675 0.7595 0.623125
vn 0.146263 0.85403 0.499239
vn 0.640377 0.759495 0.114385
vn 0.667965 0.741742 0.060344
vn 0.64669 0.76132 0.046722
vn 0.700355 0.711588 0.056088
vn 0.071953 0.803605 0.590797
vn 0.089361 0.85161 0.516503
vn 0.220785 0.797632 0.561282
vn 0.116068 0.821702 0.557973
vn 0.703337 0.708937 0.052201
vn 0.696075 0.701318 0.153729
vn 0.486341 0.721358 0.493067
vn 0.472887 0.745425 0.469807
vn 0.423758 0.697683 0.57764
vn 0.546291 0.667338 0.506187
vn 0.762478 0.644639 0.055396
vn 0.722284 0.688858 0.06148
vn 0.729559 0.670311 0.135743
vn 0.734345 0.672983 0.088496
vn 0.090127 0.760703 0.642812
vn 0.075297 0.804481 0.589186
vn 0.088004 0.758881 0.645255
vn 0.082231 0.729728 0.678775
vn 0.790634 0.609269 0.060735
vn 0.766364 0.622368 0.159201
vn 0.832445 0.551654 0.052077
vn 0.770629 0.635536 0.047181
vn 0.124849 0.74328 0.657227
vn 0.186568 0.645442 0.740673
vn 0.076487 0.691327 0.718482
vn 0.083429 0.72616 0.682446
vn 0.095352 0.704475 0.703295
vn 0.208724 0.673214 0.709378
vn 0.602941 0.674372 0.426244
vn 0.620565 0.620265 0.479761
vn 0.556709 0.64377 0.525009
vn 0.597918 0.683973 0.417942
vn 0.71794 0.640587 0.272415
vn 0.719896 0.617454 0.317018
vn 0.688692 0.704447 0.171632
vn 0.794101 0.580518 0.180008
vn 0.762324 0.615367 0.200461
vn 0.426053 0.601822 0.675492
vn 0.495567 0.616588 0.611746
vn 0.588778 0.589037 0.553512
vn 0.86312 0.495026 0.09987
vn 0.836482 0.485315 0.254495
vn 0.839302 0.520965 0.15546
vn 0.814284 0.574683 0.08174
vn 0.894906 0.437512 0.087906
vn 0.940901 0.332413 0.064861
vn 0.924504 0.374506 0.070983
vn 0.92571 0.371015 0.073546
vn 0.908592 0.396388 0.131667
vn 0.614294 0.504961 0.606348
vn 0.214009 0.571036 0.792539
vn 0.652254 0.651662 0.387171
vn 0.646673 0.662438 0.378139
vn 0.621155 0.619719 0.479703
vn 0.620717 0.619901 0.480035
vn 0.729659 0.571496 0.375487
vn 0.50703 0.517928 0.688964
vn 0.840688 0.463572 0.279901
vn 0.783292 0.537273 0.312715
vn 0.776469 0.486633 0.400356
vn 0.778674 0.557836 0.287204
vn -0.009978 0.562668 0.826623
vn 0.151937 0.555439 0.817559
vn 0.952583 0.288744 0.09598
vn 0.930809 0.310887 0.192206
vn 0.939824 0.334925 0.067498
vn 0.944051 0.290533 0.15607
vn 0.961278 0.259006 0.094126
vn 0.950801 0.25421 0.177071
vn 0.967695 0.230615 0.101898
vn 0.956484 0.227009 0.183318
vn 0.964945 0.245413 0.093024
vn 0.971242 0.161399 0.17504
vn 0.978711 0.184629 0.089654
vn 0.978373 0.144255 0.148247
vn 0.976377 0.201748 0.077363
vn 0.556771 0.432858 0.708971
vn 0.604197 0.494952 0.624474
vn 0.611772 0.486337 0.623868
vn 0.673243 0.391717 0.627137
vn 0.079142 0.464524 0.882017
vn 0.060377 0.506006 0.860414
vn 0.99045 0.116707 0.073409
vn 0.97907 0.11394 0.168641
vn 0.988419 0.120003 0.092879
vn 0.980032 0.069885 0.186153
vn 0.984622 0.157372 0.075857
vn 0.916111 0.271071 0.2954
vn 0.924572 0.260701 0.277851
vn 0.918074 0.252055 0.305954
vn 0.926452 0.241968 0.288337
vn 0.109514 0.477197 0.871946
vn 0.526728 0.385364 0.757662
vn 0.575285 0.371037 0.728957
vn 0.579625 0.337532 0.741692
vn 0.14103 0.375014 0.916229
vn 0.237329 0.372847 0.897028
vn 0.105394 0.457059 0.88317
vn 0.698658 0.560275 0.444937
vn 0.777882 0.45361 0.434899
vn 0.644463 0.556868 0.52399
vn 0.665783 0.547512 0.506915
vn 0.683979 0.59788 0.417986
vn 0.175853 0.388509 0.904509
vn 0.193911 0.287208 0.938035
vn 0.234428 0.301535 0.924186
vn 0.284469 0.265654 0.921143
vn 0.23194 0.2074 0.950363
vn 0.221256 0.276015 0.93534
vn 0.269178 0.242678 0.932014
vn 0.445018 0.241293 0.862402
vn 0.448323 0.207807 0.869381
vn 0.4452 0.241246 0.862321
vn 0.66043 0.461514 0.592315
vn 0.668853 0.469901 0.576046
vn 0.643956 0.559398 0.521913
vn 0.743464 0.474802 0.470983
vn 0.788653 0.355784 0.501442
vn 0.755541 0.374483 0.537513
vn 0.696441 0.425945 0.57753
vn 0.230625 0.154772 0.960655
vn 0.231927 0.207396 0.950367
vn 0.230761 0.154829 0.960613
vn 0.241663 0.147088 0.959148
vn 0.21985 0.121209 0.967974
vn 0.212007 0.126614 0.969031
vn 0.211584 0.113987 0.97069
vn 0.162407 0.09275 0.982355
vn 0.853005 0.204538 0.480154
vn 0.892711 0.062981 0.446207
vn 0.92424 0.086356 0.371919
vn 0.319153 0.101178 0.942287
vn 0.360413 0.136429 0.922762
vn 0.323414 0.06486 0.944032
vn 0.403076 0.12482 0.906615
vn 0.642949 0.381613 0.664069
vn 0.548479 0.494621 0.674181
vn 0.626311 0.496612 0.600925
vn 0.653143 0.4645 0.598034
vn 0.585069 0.581881 0.564896
vn 0.561878 0.642566 0.520962
vn 0.596802 0.593678 0.53979
vn 0.167357 0.102656 0.980537
vn 0.178385 0.030549 0.983486
vn 0.170746 0.037005 0.98462
vn 0.114937 0.058596 0.991643
vn 0.167927 0.092149 0.981483
vn 0.620024 0.279761 0.73301
vn 0.601759 0.247941 0.759218
vn 0.222908 0.05244 0.973428
vn 0.16924 0.040455 0.984744
vn 0.166803 0.043573 0.985027
vn 0.231754 0.033615 0.972194
vn 0.227592 0.045678 0.972685
vn 0.168445 0.030758 0.985231
vn 0.852841 0.047807 0.519978
vn 0.864802 0.067073 0.497613
vn 0.892068 0.060312 0.447859
vn 0.566771 0.221899 0.79343
vn 0.545844 0.228467 0.806137
vn 0.523757 0.154804 0.837684
vn 0.544977 0.460609 0.700599
vn 0.571561 0.343298 0.745295
vn 0.612776 0.381038 0.692327
vn 0.846067 0.147487 0.512268
vn 0.407288 0.119881 0.905398
vn 0.264562 0.058409 0.962598
vn 0.327448 0.060354 0.94294
vn 0.397026 0.08548 0.913818
vn 0.196914 0.039275 0.979634
vn 0.139198 0.042771 0.98934
vn 0.172925 0.020155 0.984729
vn 0.154165 0.007746 0.988015
vn 0.217112 0.024856 0.97583
vn 0.21735 0.022336 0.975838
vn 0.102544 0.023669 0.994447
vn 0.108414 0.038497 0.99336
vn 0.106446 0.043105 0.993384
vn 0.215991 0.026233 0.976043
vn 0.154608 0.007242 0.987949
vn 0.492902 0.41013 0.76736
vn 0.504923 0.299763 0.809441
vn 0.552364 0.342161 0.760144
vn 0.533427 0.614199 0.581563
vn 0.454994 0.679778 0.575223
vn 0.448026 0.214754 0.867844
vn 0.794738 0.227022 0.562896
vn 0.849493 0.092249 0.519473
vn 0.818446 0.121787 0.561529
vn 0.801206 0.072976 0.593922
vn 0.384022 0.640259 0.665278
vn 0.498245 0.544995 0.674338
vn 0.499796 0.580103 0.643183
vn 0.422067 0.645862 0.636178
vn 0.495274 0.605194 0.623253
vn 0.463411 0.660204 0.591084
vn 0.470891 0.667784 0.576477
vn 0.390453 0.673421 0.627734
vn 0.483027 0.409118 0.774149
vn 0.398989 0.270327 0.876203
vn 0.40818 0.483922 0.774086
vn 0.463563 0.541389 0.701432
vn 0.383457 0.609978 0.693461
vn 0.802405 0.077648 0.591707
vn 0.758032 0.091255 0.645801
vn 0.515813 0.510845 0.687731
vn 0.483755 0.615255 0.622448
vn 0.430768 0.560231 0.707517
vn 0.756844 0.089821 0.647394
vn 0.724435 0.082306 0.684412
vn 0.693457 0.204135 0.690974
vn 0.344845 0.41003 0.844368
vn 0.416831 0.485244 0.768629
vn 0.335216 0.556776 0.76002
vn 0.634677 0.189115 0.74928
vn 0.740399 0.13355 0.658767
vn 0.121958 0.063968 0.990472
vn 0.050792 0.038853 0.997953
vn -0.002335 0.086599 0.996241
vn 0.31826 0.279005 0.906017
vn 0.569865 0.405693 0.71461
vn 0.522163 0.504426 0.687677
vn 0.699811 0.102326 0.706961
vn 0.669515 0.217191 0.710337
vn 0.726819 0.086062 0.681416
vn 0.688618 0.077153 0.721008
vn 0.354184 0.560616 0.748508
vn 0.279141 0.61854 0.734499
vn 0.056545 0.038722 0.997649
vn 0.048141 0.044289 0.997858
vn 0.051378 0.043139 0.997747
vn 0.055998 0.060844 0.996575
vn 0.048713 0.085082 0.995183
vn 0.414538 0.43565 0.798979
vn 0.399926 0.551621 0.731965
vn 0.330369 0.5799 0.744696
vn 0.082782 0.050792 0.995273
vn 0.045646 0.050431 0.997684
vn 0.030831 0.06309 0.997531
vn 0.270054 0.395523 0.877857
vn 0.565606 0.223925 0.793692
vn 0.041146 0.049843 0.997909
vn 0.046893 0.047946 0.997749
vn 0.043962 0.047503 0.997903
vn 0.083945 0.025625 0.996141
vn 0.060387 0.122739 0.9906
vn 0.398774 0.450941 0.798518
vn 0.462126 0.318145 0.827782
vn 0.557045 -0.004438 0.83047
vn 0.595452 -0.009017 0.80334
vn 0.550174 0.162897 0.819008
vn 0.354413 0.404944 0.842859
vn 0.341892 0.459986 0.819465
vn 0.123772 0.216407 0.968426
vn 0.255711 0.470834 0.84435
vn 0.459032 0.083404 0.884496
vn 0.50046 0.066169 0.863227
vn 0.204163 0.449566 0.869602
vn 0.237955 0.446325 0.862654
vn 0.237236 0.449087 0.861417
vn 0.472212 0.115945 0.873826
vn 0.38508 0.248192 0.888884
vn 0.105639 0.37566 0.920717
vn 0.095889 0.410448 0.906828
vn 0.06985 0.276711 0.958411
vn 0.036077 0.281452 0.958897
vn 0.452392 0.110946 0.884891
vn 0.370229 0.143706 0.917758
vn 0.367819 0.24254 0.89771
vn 0.055257 0.328678 0.942824
vn 0.114317 0.409184 0.905263
vn 0.148044 0.379869 0.913117
vn 0.086153 0.300501 0.949882
vn 0.088874 0.363685 0.927273
vn 0.383782 0.179763 0.905757
vn 0.283492 0.194809 0.938979
vn 0.260749 0.287745 0.921528
vn 0.297786 0.23624 0.92494
vn 0.042568 0.107597 0.993283
vn 0.022927 0.215127 0.976317
vn 0.02166 0.10423 0.994317
vn 0.238164 0.271576 0.932483
vn 0.272594 0.222215 0.936116
vn 0.205083 0.230803 0.951142
vn 0.025702 0.213923 0.976512
vn 0.04287 0.123839 0.991376
vn 7.7e-05 0.129175 0.991622
vn 0.024546 0.214999 0.976306
vn 0.009285 0.157586 0.987462
vn 0.042032 0.140718 0.989157
vn 0.20528 0.231387 0.950957
vn 0.22234 0.214322 0.951121
vn 0.210693 0.249992 0.945046
vn 0.152752 0.228999 0.961367
vn 0.033206 0.231224 0.972334
vn 0.038371 0.193436 0.980362
vn 0.022412 0.173305 0.984613
vn 0.143476 0.24193 0.959627
vn 0.152714 0.228908 0.961395
vn 0.045926 0.22604 0.973035
vn 0.031806 0.168715 0.985152
vn 0.042201 0.166842 0.98508
vn 0.052454 0.221008 0.973861
vn 0.040931 0.16794 0.984947
vn 0.035611 0.170618 0.984694
vn 0.029578 0.17835 0.983523
vn 0.058304 0.112883 0.991896
vn 0.124881 0.209564 0.969787
vn 0.09916 0.16483 0.981325
vn 0.090992 0.165504 0.982003
vn 0.091667 0.15919 0.982983
vn 0.112652 0.208893 0.971428
vn 0.11802 0.21953 0.968441
vn 0.491519 0.869929 0.040413
vn 0.523842 0.850612 0.045259
vn 0.485032 0.873879 0.032845
vn 0.553057 0.832608 0.029844
vn 0.465002 0.867769 0.175356
vn 0.531429 0.835026 0.142531
vn 0.220161 0.856932 0.466044
vn 0.31988 0.820433 0.473885
vn 0.220603 0.839529 0.496513
vn 0.210703 0.827395 0.520598
vn 0.180327 0.82657 0.533164
vn 0.219259 0.841141 0.494376
vn 0.319088 0.793368 0.518412
vn 0.282961 0.784222 0.552203
vn 0.189534 0.793445 0.578379
vn 0.188821 0.75285 0.630526
vn 0.296498 0.721511 0.625708
vn 0.336047 0.724225 0.602139
vn 0.288146 0.702254 0.651007
vn 0.217095 0.750935 0.623672
vn 0.296053 0.704768 0.644713
vn 0.15295 0.724907 0.671652
vn 0.20432 0.72718 0.655334
vn 0.32351 0.639409 0.697494
vn 0.503212 0.594936 0.62676
vn 0.514099 0.605999 0.607015
vn 0.539359 0.550483 0.637229
vn 0.397856 0.642546 0.654863
vn 0.42909 0.675281 0.599897
vn 0.038119 0.669949 0.741428
vn 0.035716 0.677626 0.734539
vn 0.180204 0.646029 0.741736
vn 0.273869 0.586435 0.762292
vn 0.123762 0.632144 0.764903
vn 0.174126 0.665654 0.725662
vn 0.268596 0.605968 0.748772
vn 0.311522 0.623246 0.7173
vn 0.387488 0.561542 0.731111
vn 0.310511 0.624662 0.716505
vn 0.143618 0.606272 0.782182
vn 0.13943 0.568189 0.811
vn 0.014098 0.639698 0.768497
vn 0.016651 0.665674 0.746057
vn 0.132502 0.601654 0.78769
vn 0.037587 0.640679 0.766888
vn 0.236529 0.545264 0.804202
vn 0.228018 0.578992 0.7828
vn 0.24173 0.519347 0.819661
vn 0.247119 0.557092 0.792831
vn 0.345525 0.482591 0.804809
vn 0.176956 0.523876 0.833211
vn 0.461873 0.4529 0.762597
vn 0.364388 0.536447 0.761214
vn 0.373359 0.521531 0.767209
vn 0.340005 0.509763 0.790277
vn 0.05087 0.576046 0.815833
vn -0.002519 0.519046 0.854743
vn 0.177419 0.522346 0.834073
vn 0.259527 0.508383 0.821092
vn 0.026987 0.628138 0.777634
vn 0.160597 0.507441 0.846589
vn 0.191091 0.519729 0.832686
vn 0.200917 0.458086 0.865904
vn 0.432266 0.42332 0.796207
vn 0.508935 0.405283 0.759428
vn 0.469913 0.368204 0.802251
vn 0.435941 0.397078 0.807641
vn 0.434265 0.405881 0.804161
vn 0.359731 0.42025 0.833057
vn 0.241556 0.388427 0.889255
vn 0.243332 0.38959 0.888262
vn 0.372945 0.329303 0.867451
vn 0.519556 0.189429 0.833174
vn 0.406717 0.368455 0.835956
vn 0.487432 0.277749 0.827808
vn 0.374618 0.339861 0.862645
vn 0.533386 0.296556 0.792183
vn 0.561345 0.30132 0.770778
vn 0.254508 0.315577 0.914132
vn 0.271592 0.383353 0.882767
vn 0.34146 0.298779 0.891143
vn 0.396829 0.295176 0.869136
vn 0.311964 0.313927 0.896732
vn 0.354878 0.23121 0.905872
vn 0.281142 0.295859 0.912922
vn 0.3792 0.243631 0.892665
vn 0.253961 0.184806 0.949395
vn 0.322408 0.100292 0.941273
vn 0.356846 0.167472 0.919029
vn 0.245422 0.185118 0.951577
vn 0.279084 0.245439 0.92837
vn 0.855036 0.223383 0.467988
vn 0.817855 0.323954 0.47557
vn 0.836896 0.224114 0.499378
vn 0.781817 0.286272 0.553905
vn 0.839367 0.222108 0.496116
vn 0.790622 0.322486 0.520499
vn 0.809973 0.241758 0.534318
vn 0.821615 0.175997 0.542194
vn 0.599859 0.578748 0.552467
vn 0.481503 0.591093 0.64712
vn 0.609308 0.490628 0.622919
vn 0.663629 0.452618 0.595595
vn 0.547899 0.543035 0.636333
vn 0.632653 0.422494 0.649037
vn 0.601905 0.426695 0.675013
vn 0.601859 0.436151 0.668983
vn 0.575272 0.540022 0.61436
vn 0.386899 0.097322 0.916972
vn 0.395621 0.12782 0.909476
vn 0.29392 0.121768 0.948042
vn 0.424027 0.149888 0.89316
vn 0.790546 0.193871 0.580905
vn 0.749577 0.192252 0.633383
vn 0.718745 0.301984 0.626268
vn 0.721106 0.340564 0.603343
vn 0.322797 0.186056 0.928001
vn 0.414717 0.16082 0.895626
vn 0.423607 0.194524 0.884713
vn 0.406579 0.348368 0.84459
vn 0.470401 0.296819 0.831036
vn 0.389296 0.225356 0.89312
vn 0.421838 0.350304 0.836265
vn 0.336958 0.281537 0.898441
vn 0.633924 0.330009 0.699453
vn 0.698838 0.294611 0.65179
vn 0.747354 0.222701 0.625992
vn 0.700824 0.30111 0.646667
vn 0.736118 0.192635 0.648862
vn 0.104014 -0.004757 0.994564
vn 0.039023 0.019971 0.999039
vn 0.03752 0.021365 0.999067
vn 0.10605 0.080102 0.991129
vn 0.040954 0.010449 0.999106
vn 0.033952 0.021407 0.999194
vn 0.167425 0.080169 0.98262
vn 0.035286 0.004951 0.999365
vn 0.214117 0.129742 0.968153
vn 0.286557 0.224332 0.931429
vn 0.134592 0.130574 0.98226
vn 0.13711 0.12923 0.98209
vn 0.290043 0.172873 0.94127
vn 0.230343 0.202015 0.95191
vn 0.238057 0.201511 0.950117
vn 0.12671 0.121712 0.984444
vn 0.13526 0.096939 0.986056
vn 0.239163 0.199677 0.950227
vn 0.138312 0.136264 0.98097
vn 0.138455 0.103257 0.984971
vn 0.358257 0.412345 0.83763
vn 0.289924 0.326555 0.899615
vn 0.283149 0.480562 0.829992
vn 0.316261 0.487852 0.813621
vn 0.273516 0.32373 0.905753
vn 0.226757 0.386166 0.894124
vn 0.661764 0.18021 0.727732
vn 0.581632 0.281479 0.7632
vn 0.531752 0.372579 0.760543
vn 0.447594 0.469211 0.76125
vn 0.203035 0.229453 0.951908
vn 0.202293 0.235499 0.950588
vn 0.100162 0.136189 0.985606
vn 0.12291 0.124451 0.984584
vn 0.138198 0.136378 0.98097
vn 0.674857 0.035644 0.737087
vn 0.64215 0.185756 0.743733
vn 0.628417 0.128217 0.767237
vn 0.667709 0.037705 0.743467
vn 0.516247 0.381803 0.766626
vn 0.540435 0.242775 0.805599
vn 0.504908 0.34835 0.78976
vn 0.574465 0.235066 0.78405
vn 0.170537 0.283715 0.943622
vn 0.223052 0.28368 0.932616
vn 0.119068 0.149115 0.981625
vn 0.12326 0.142728 0.982057
vn 0.131457 0.208903 0.969061
vn 0.126676 0.133558 0.982912
vn 0.201923 0.235675 0.950623
vn 0.552663 0.254295 0.793661
vn 0.507264 0.359646 0.783159
vn 0.514977 0.247709 0.820634
vn 0.477077 0.35326 0.804739
vn 0.60282 0.148404 0.783954
vn 0.564017 0.143008 0.813286
vn 0.597884 0.136218 0.789924
vn 0.663698 0.017548 0.747795
vn 0.637105 0.014234 0.770646
vn 0.638482 0.049071 0.768071
vn 0.236998 0.593898 0.768842
vn 0.244799 0.546691 0.800751
vn 0.262254 0.590124 0.763529
vn 0.46122 0.319161 0.827896
vn 0.514897 0.191458 0.835599
vn 0.46259 0.172719 0.869585
vn 0.519252 0.186829 0.83395
vn 0.40239 0.356987 0.842996
vn 0.466569 0.261667 0.844893
vn 0.411864 0.298026 0.861132
vn 0.096918 0.383278 0.918534
vn 0.41586 0.237004 0.878003
vn 0.373992 0.362761 0.853542
vn 0.31885 0.374207 0.870807
vn 0.373236 0.36164 0.854348
vn 0.41407 0.27485 0.867758
vn 0.432637 0.258533 0.863705
vn 0.020907 0.033776 0.999211
vn 0.078433 0.104724 0.991404
vn 0.078925 0.165599 0.98303
vn 0.006688 0.035553 0.999345
vn 0.020933 0.037472 0.999078
vn 0.0196 0.039083 0.999044
vn -0.002923 0.105413 0.994424
vn 0.010337 0.04147 0.999086
vn 0.077849 0.166338 0.982991
vn 0.377849 0.276592 0.883588
vn 0.311133 0.258215 0.914616
vn 0.293949 0.348085 0.890186
vn 0.290412 0.401494 0.868599
vn 0.309422 0.315943 0.896904
vn 0.239565 0.382774 0.89224
vn 0.292052 0.285314 0.912854
vn 0.227187 0.357727 0.905769
vn 0.478637 0.545194 0.688237
vn 0.394212 0.550716 0.735737
vn 0.389845 0.594789 0.703027
vn 0.481155 0.509543 0.713342
vn 0.404981 0.57943 0.707284
vn 2.3e-05 0.027938 0.99961
vn 0.0 0.02454 0.999699
vn 4e-05 0.08376 0.996486
vn -2.1e-05 0.073565 0.99729
vn 5e-05 0.139384 0.990238
vn -3.6e-05 0.122411 0.992479
vn 5.3e-05 0.194609 0.980881
vn -4.5e-05 0.170962 0.985278
vn 4.9e-05 0.249246 0.96844
vn -4.7e-05 0.2191 0.975702
vn 3.9e-05 0.303108 0.952956
vn -4.1e-05 0.266714 0.963776
vn 2.3e-05 0.356008 0.934483
vn -2.8e-05 0.313682 0.949528
vn -7e-06 0.359896 0.932993
vn -1e-06 0.405239 0.914211
vn 1.9e-05 0.407787 0.913077
vn -2.2e-05 0.449612 0.893224
vn 4e-05 0.458282 0.888807
vn -3.6e-05 0.492899 0.870087
vn 5.3e-05 0.507312 0.861762
vn 5.9e-05 0.554727 0.832032
vn -4.3e-05 0.534997 0.844854
vn 5.9e-05 0.600388 0.799709
vn -4.3e-05 0.575808 0.817585
vn 5e-05 0.644149 0.7649
vn -3.6e-05 0.615232 0.788346
vn 3.5e-05 0.685883 0.727712
vn -2.2e-05 0.653173 0.757209
vn -2e-06 0.689539 0.724248
vn 2.4e-05 0.725477 0.688247
vn 1.1e-05 0.724248 0.689539
vn 4.4e-05 0.762817 0.646614
vn -1.3e-05 0.757208 0.653174
vn 5.7e-05 0.797775 0.602955
vn -3.1e-05 0.788347 0.61523
vn 6.1e-05 0.830244 0.5574
vn -4.2e-05 0.817585 0.575807
vn 5.9e-05 0.860124 0.510085
vn -4.6e-05 0.844853 0.534998
vn 4.9e-05 0.887319 0.461155
vn -4.3e-05 0.870088 0.492897
vn 3.1e-05 0.911742 0.410764
vn -3.2e-05 0.893224 0.449612
vn -1.3e-05 0.914209 0.405242
vn 1.3e-05 0.933313 0.359065
vn 6e-06 0.932993 0.359896
vn 3.5e-05 0.951967 0.306201
vn -2e-05 0.949529 0.313681
vn 5e-05 0.967629 0.252378
vn -3.9e-05 0.963776 0.266714
vn 5.8e-05 0.980248 0.19777
vn -5e-05 0.975702 0.2191
vn 5.9e-05 0.989784 0.142576
vn -5.2e-05 0.985278 0.170962
vn 5.2e-05 0.99621 0.086979
vn -4.6e-05 0.99248 0.12241
vn 1.6e-05 0.999017 0.044334
vn -3.3e-05 0.99729 0.073565
vn 0.0 0.999891 0.014782
vn -4.7e-05 0.999699 0.024543
vn -0.0 0.999699 0.024543
vn 2.4e-05 0.99729 0.073565
vn -2.7e-05 0.999611 0.027906
vn 4.1e-05 0.99248 0.12241
vn -4.6e-05 0.99649 0.083706
vn 5.1e-05 0.985278 0.170962
vn -5.6e-05 0.990248 0.139317
vn 5.2e-05 0.975702 0.2191
vn -5.9e-05 0.980895 0.194539
vn 4.5e-05 0.963776 0.266714
vn -5.5e-05 0.968457 0.249182
vn 3e-05 0.949529 0.313681
vn -4.3e-05 0.952972 0.303059
vn 1e-06 0.914209 0.405242
vn 7e-06 0.932993 0.359896
vn -2.5e-05 0.934494 0.355979
vn 2.3e-05 0.893224 0.449612
vn -2.1e-05 0.913087 0.407765
vn -4.2e-05 0.888832 0.458233
vn 3.8e-05 0.870088 0.492897
vn -5.5e-05 0.861797 0.507253
vn 4.5e-05 0.844853 0.534998
vn -6.2e-05 0.832073 0.554666
vn 4.4e-05 0.817585 0.575807
vn 3.7e-05 0.788347 0.61523
vn -6e-05 0.799756 0.600326
vn -5.1e-05 0.764941 0.6441
vn 2.2e-05 0.757208 0.653174
vn -1.1e-05 0.689539 0.724248
vn 2e-06 0.724248 0.689539
vn -3.5e-05 0.727742 0.685851
vn 1.3e-05 0.653173 0.757209
vn -2.4e-05 0.68827 0.725454
vn 3e-05 0.615232 0.788346
vn -4.3e-05 0.646657 0.762781
vn 4.1e-05 0.575808 0.817585
vn -5.5e-05 0.603011 0.797733
vn 4.4e-05 0.534997 0.844854
vn -5.9e-05 0.557464 0.830201
vn 4.1e-05 0.492899 0.870087
vn -5.6e-05 0.510148 0.860087
vn 3e-05 0.449612 0.893224
vn -4.6e-05 0.461209 0.887292
vn -6e-06 0.359896 0.932993
vn 1.2e-05 0.405239 0.914211
vn -2.9e-05 0.410799 0.911726
vn 1.9e-05 0.313682 0.949528
vn -1.2e-05 0.359082 0.933306
vn 3.5e-05 0.266714 0.963776
vn -3.2e-05 0.306242 0.951954
vn 4.4e-05 0.2191 0.975702
vn -4.5e-05 0.252435 0.967614
vn 4.6e-05 0.170962 0.985278
vn -5.2e-05 0.197838 0.980235
vn 4.1e-05 0.122411 0.992479
vn -5.2e-05 0.142646 0.989774
vn 2.9e-05 0.073565 0.99729
vn -4.6e-05 0.087043 0.996205
vn 4.1e-05 0.02454 0.999699
vn -1.4e-05 0.044349 0.999016
vn 0.0 0.014782 0.999891
vn -0.024532 0.024533 0.999398
vn -0.999397 0.024552 0.024552
vn 0.12098 0.989965 0.073024
vn -0.09481 0.995196 0.024432
vn -0.00399 0.998292 0.058292
vn -0.004652 0.999416 0.033843
vn 0.017873 0.992321 0.12239
vn -0.108816 0.98989 0.090982
vn -0.00698 0.994763 0.101966
vn -0.006951 0.999416 0.033447
vn -0.010472 0.994745 0.101845
vn -0.013917 0.994763 0.101253
vn -0.038299 0.984555 0.170837
vn 0.021164 0.975484 0.219051
vn -0.039888 0.984526 0.170637
vn -0.009211 0.999416 0.032896
vn -0.017395 0.994745 0.100894
vn -0.020797 0.994763 0.100066
vn -0.011618 0.985409 0.169806
vn -0.01736 0.985493 0.168827
vn -0.01144 0.999416 0.032189
vn -0.024243 0.994745 0.099471
vn -0.027558 0.994763 0.09842
vn -0.023174 0.985409 0.168617
vn -0.028835 0.985493 0.167249
vn 0.006966 0.963752 0.266708
vn -0.016134 0.971664 0.235815
vn -0.04792 0.971928 0.230345
vn -0.013613 0.999416 0.031332
vn -0.030974 0.994745 0.097586
vn -0.034227 0.994763 0.096305
vn -0.034625 0.985409 0.166643
vn -0.040186 0.985493 0.164889
vn -0.024266 0.971438 0.236051
vn -0.032183 0.971664 0.234164
vn -0.015712 0.999416 0.030334
vn -0.000979 0.949528 0.313681
vn -0.010931 0.932937 0.359874
vn -0.040098 0.951721 0.304333
vn -0.03755 0.994745 0.095249
vn -0.040728 0.994763 0.093739
vn -0.051343 0.985493 0.161764
vn -0.04593 0.985409 0.163887
vn -0.04032 0.971437 0.233846
vn -0.048085 0.971664 0.231424
vn -0.017758 0.999416 0.029183
vn -0.030867 0.953355 0.300269
vn -0.020702 0.952882 0.302633
vn -0.047008 0.994763 0.090753
vn -0.043974 0.994745 0.092458
vn -0.062246 0.985493 0.157889
vn -0.05699 0.985409 0.160377
vn -0.056184 0.971437 0.230551
vn -0.063785 0.971664 0.227598
vn -0.0197 0.999416 0.02791
vn -0.041301 0.952882 0.300516
vn -0.051289 0.953355 0.297461
vn -0.053131 0.994763 0.087311
vn -0.050189 0.994745 0.089239
vn -0.003789 0.914203 0.405239
vn -0.030459 0.930987 0.363779
vn -0.02497 0.930662 0.365027
vn -0.072895 0.985493 0.153266
vn -0.067814 0.985409 0.156111
vn -0.071786 0.971438 0.226177
vn -0.079145 0.971664 0.222723
vn -0.021553 0.999416 0.026505
vn -0.061715 0.952883 0.296994
vn -0.071467 0.953356 0.293266
vn -0.058937 0.994764 0.083498
vn -0.056135 0.994745 0.085621
vn -0.037635 0.929819 0.366087
vn -0.049816 0.930662 0.362473
vn -0.083195 0.985493 0.147925
vn -0.078296 0.985409 0.151125
vn 0.007117 0.893202 0.4496
vn -0.038853 0.901376 0.431291
vn -0.094174 0.971664 0.216795
vn -0.087047 0.971437 0.220755
vn -0.023327 0.999416 0.024957
vn -0.091314 0.953356 0.287704
vn -0.08184 0.952883 0.292089
vn -0.061862 0.994745 0.081577
vn -0.06448 0.994764 0.079296
vn -0.062536 0.929818 0.362667
vn -0.074439 0.930661 0.358231
vn -0.093055 0.985493 0.141934
vn -0.088448 0.985409 0.145414
vn -0.029412 0.902346 0.430008
vn -0.043786 0.903699 0.425924
vn -0.108733 0.971664 0.209872
vn -0.101917 0.971438 0.214294
vn -0.024964 0.999416 0.023321
vn -0.110726 0.953356 0.280807
vn -0.101583 0.952883 0.285822
vn -0.069789 0.994764 0.074665
vn -0.067288 0.994745 0.077165
vn -0.087129 0.929818 0.357558
vn -0.098714 0.930661 0.352314
vn -0.10255 0.985493 0.13523
vn -0.098136 0.985409 0.139065
vn -0.058685 0.902346 0.426998
vn -0.072756 0.9037 0.421939
vn -0.12283 0.971665 0.201942
vn -0.116293 0.971437 0.206847
vn -0.033331 0.872599 0.487298
vn -0.021843 0.86988 0.492779
vn -0.014422 0.844765 0.534942
vn -0.029489 0.872155 0.48834
vn -0.026498 0.999416 0.021561
vn -0.120851 0.952883 0.278226
vn -0.129642 0.953356 0.272591
vn -0.072403 0.994745 0.072385
vn -0.074685 0.994763 0.06977
vn -0.122529 0.930661 0.344756
vn -0.111333 0.929818 0.350776
vn -0.107413 0.985409 0.132028
vn -0.111542 0.985493 0.127914
vn -0.101369 0.903699 0.415996
vn -0.0877 0.902347 0.421993
vn -0.130146 0.971439 0.198416
vn -0.136282 0.971664 0.19312
vn -0.066504 0.872598 0.483891
vn -0.050318 0.870588 0.489432
vn -0.027901 0.999416 0.019711
vn -0.13956 0.952883 0.269328
vn -0.14793 0.953355 0.263118
vn -0.035582 0.835005 0.549091
vn 0.005437 0.817573 0.575799
vn -0.079277 0.994763 0.064505
vn -0.077163 0.994745 0.06729
vn -0.135012 0.929817 0.342361
vn -0.145769 0.930661 0.335593
vn -0.120024 0.985493 0.119994
vn -0.116187 0.985409 0.124378
vn -0.129529 0.903699 0.408105
vn -0.116281 0.902346 0.415031
vn -0.149169 0.971664 0.183353
vn -0.143385 0.971437 0.189079
vn -0.099385 0.872599 0.478218
vn -0.083592 0.870587 0.484861
vn -0.029197 0.999416 0.017736
vn -0.157603 0.952882 0.259186
vn -0.165554 0.953356 0.252398
vn -0.055883 0.837509 0.543559
vn -0.037584 0.834692 0.549433
vn -0.083475 0.994763 0.058971
vn -0.081573 0.994745 0.061869
vn -0.168336 0.93066 0.32486
vn -0.15806 0.929817 0.332351
vn -0.124383 0.985409 0.116179
vn -0.127911 0.985493 0.111544
vn -0.157076 0.903701 0.398311
vn -0.144331 0.902347 0.406126
vn -0.15595 0.971437 0.178857
vn -0.16135 0.971664 0.172726
vn -0.131772 0.872601 0.470323
vn -0.116489 0.870591 0.478019
vn -0.030332 0.999416 0.015717
vn -0.174933 0.952883 0.247816
vn -0.18239 0.953355 0.240514
vn -0.092835 0.83751 0.538477
vn -0.074984 0.834693 0.545587
vn -0.085606 0.994745 0.056159
vn -0.087349 0.994764 0.053061
vn -0.180373 0.929817 0.320789
vn -0.190098 0.93066 0.312626
vn -0.018793 0.788208 0.615122
vn -0.041075 0.798593 0.600468
vn -0.02495 0.756972 0.652971
vn -0.034744 0.797461 0.602369
vn -0.135225 0.985492 0.102561
vn -0.132036 0.985409 0.107404
vn -0.171719 0.902348 0.395323
vn -0.183891 0.903701 0.386664
vn -0.167785 0.971439 0.167795
vn -0.172733 0.971665 0.161339
vn -0.163563 0.872597 0.460242
vn -0.148852 0.870588 0.468955
vn -0.03133 0.999416 0.013618
vn -0.198372 0.953356 0.22751
vn -0.191428 0.952883 0.235306
vn -0.129374 0.837507 0.53089
vn -0.112052 0.834691 0.539198
vn -0.090745 0.994763 0.047022
vn -0.089251 0.994745 0.050159
vn -0.211005 0.930659 0.298917
vn -0.201847 0.929815 0.307736
vn -0.081949 0.798593 0.596266
vn -0.062059 0.794827 0.603654
vn -0.139057 0.985408 0.09815
vn -0.141912 0.985492 0.093096
vn -0.209848 0.903702 0.37321
vn -0.198287 0.902348 0.382687
vn -0.00083 0.724248 0.689539
vn -0.029431 0.754559 0.655572
vn -0.178875 0.971437 0.155928
vn -0.183364 0.971663 0.149158
vn -0.194602 0.872596 0.448003
vn -0.180499 0.870585 0.457714
vn -0.032189 0.999416 0.011439
vn -0.213441 0.953353 0.213452
vn -0.207068 0.952882 0.221674
vn -0.165313 0.83751 0.520815
vn -0.148578 0.83469 0.530299
vn -0.092454 0.994745 0.043979
vn -0.093733 0.994763 0.040741
vn -0.222353 0.929817 0.293256
vn -0.230897 0.930662 0.283822
vn -0.12246 0.798594 0.589281
vn -0.103108 0.794825 0.598014
vn -0.147951 0.985493 0.083148
vn -0.145411 0.985408 0.088463
vn -0.223948 0.902349 0.368257
vn -0.234829 0.903702 0.35802
vn -0.066937 0.756026 0.65111
vn -0.045047 0.751179 0.65856
vn -0.19311 0.971664 0.136302
vn -0.189081 0.971437 0.143383
vn -0.22471 0.872596 0.433684
vn -0.211312 0.870586 0.444328
vn -0.032899 0.999416 0.009202
vn -0.221681 0.95288 0.207066
vn -0.227534 0.953356 0.198345
vn -0.184431 0.834694 0.518914
vn -0.200457 0.837509 0.508325
vn -0.095247 0.994745 0.037554
vn -0.096305 0.994763 0.034223
vn -0.241862 0.929818 0.277382
vn -0.249755 0.930664 0.267372
vn -0.14368 0.794827 0.589581
vn -0.162378 0.798593 0.579554
vn -0.151128 0.985409 0.078285
vn -0.153262 0.985493 0.072903
vn -0.25869 0.903701 0.34118
vn -0.248547 0.90235 0.352121
vn -0.111214 0.756023 0.645028
vn -0.089889 0.751178 0.653951
vn -0.198414 0.971438 0.130157
vn -0.201934 0.971664 0.12285
vn -0.241138 0.870585 0.428876
vn -0.253792 0.872597 0.417331
vn -0.019625 0.689406 0.724109
vn -0.048056 0.710001 0.702559
vn -0.036209 0.707055 0.706231
vn -0.033445 0.999416 0.006963
vn -0.235295 0.952885 0.191432
vn -0.240509 0.953358 0.182382
vn -0.234678 0.83751 0.49346
vn -0.219403 0.834693 0.505124
vn -0.097591 0.994745 0.030959
vn -0.098428 0.994763 0.027531
vn -0.260239 0.929821 0.260208
vn -0.267381 0.930661 0.249754
vn -0.201562 0.798594 0.567116
vn -0.183577 0.794825 0.578405
vn -0.156111 0.985409 0.067813
vn -0.157888 0.985493 0.062252
vn -0.281393 0.903699 0.322718
vn -0.272007 0.902346 0.334341
vn -0.154976 0.756022 0.635935
vn -0.134303 0.751175 0.646296
vn -0.20988 0.971664 0.108719
vn -0.206843 0.971436 0.116308
vn -0.281668 0.872597 0.399045
vn -0.269843 0.870587 0.411416
vn -0.072632 0.703964 0.706512
vn -0.095895 0.710002 0.69764
vn -0.033845 0.999416 0.004643
vn -0.024432 0.995197 0.094799
vn -0.252394 0.953354 0.165568
vn -0.247835 0.952884 0.1749
vn -0.253369 0.834693 0.488971
vn -0.267803 0.837508 0.4763
vn -0.017233 0.653076 0.757096
vn -0.009855 0.615202 0.788308
vn -0.032917 0.65873 0.751659
vn -0.10006 0.994763 0.020832
vn -0.099472 0.994745 0.024238
vn -0.283817 0.930661 0.230908
vn -0.277375 0.929817 0.241874
vn -0.239781 0.798597 0.552039
vn -0.222615 0.79483 0.564525
vn -0.161766 0.985494 0.051318
vn -0.160366 0.98541 0.057015
vn -0.302781 0.903697 0.302746
vn -0.294205 0.902344 0.314991
vn -0.178086 0.751177 0.635624
vn -0.198008 0.756026 0.623873
vn -0.214297 0.971438 0.101911
vn -0.216796 0.971664 0.094174
vn -0.297284 0.870587 0.392046
vn -0.308247 0.872599 0.378886
vn -0.143274 0.710006 0.689467
vn -0.120673 0.703968 0.699905
vn -0.058291 0.998292 0.004018
vn -0.073028 0.989956 -0.121051
vn -0.259171 0.952882 0.157629
vn -0.263108 0.953355 0.147945
vn -0.299683 0.837509 0.456912
vn -0.286137 0.834691 0.470549
vn -0.051657 0.653416 0.755234
vn -0.076762 0.660727 0.746691
vn -0.100888 0.994745 0.017431
vn -0.101253 0.994764 0.01389
vn -0.298934 0.930663 0.210961
vn -0.29324 0.929817 0.222373
vn -0.260635 0.794828 0.548012
vn -0.276903 0.798594 0.53439
vn -0.16489 0.985493 0.040178
vn -0.163893 0.98541 0.045894
vn -0.322707 0.903699 0.281404
vn -0.314994 0.902347 0.294192
vn -0.240118 0.756024 0.60891
vn -0.221056 0.751178 0.621985
vn -0.222709 0.971664 0.07918
vn -0.220745 0.971438 0.087067
vn -0.333394 0.872603 0.356949
vn -0.323347 0.870589 0.370838
vn -0.189982 0.710007 0.678084
vn -0.168154 0.703971 0.690036
vn -0.272592 0.953357 0.129634
vn -0.269324 0.952883 0.139566
vn -0.317592 0.834691 0.449918
vn -0.330163 0.837506 0.435404
vn -0.103076 0.653417 0.749947
vn -0.127536 0.660727 0.739712
vn -0.122389 0.992321 -0.017897
vn -0.101962 0.994764 0.007028
vn -0.090985 0.989892 0.108789
vn -0.101843 0.994745 0.010459
vn -0.3126 0.930663 0.190125
vn -0.307727 0.929822 0.201829
vn -0.312711 0.798598 0.514249
vn -0.297404 0.79483 0.528957
vn -0.022533 0.575662 0.817377
vn -0.054156 0.608418 0.791767
vn -0.036027 0.602639 0.7972
vn -0.166639 0.98541 0.03463
vn -0.167239 0.985493 0.028895
vn -0.341168 0.903697 0.258718
vn -0.334344 0.902345 0.272007
vn -0.262986 0.751175 0.605453
vn -0.281126 0.756024 0.591097
vn -0.227608 0.971665 0.063736
vn -0.226178 0.971437 0.071789
vn -0.347909 0.870593 0.347889
vn -0.356961 0.872601 0.333386
vn -0.235826 0.709998 0.663543
vn -0.21487 0.703965 0.676952
vn -0.278225 0.952884 0.120844
vn -0.280797 0.953355 0.110753
vn -0.359116 0.8375 0.41186
vn -0.347564 0.834685 0.4272
vn -0.17772 0.660721 0.72929
vn -0.154023 0.653414 0.741166
vn -0.324857 0.93066 0.168344
vn -0.320791 0.929818 0.180365
vn -0.332841 0.794825 0.507414
vn -0.347094 0.798589 0.491713
vn -0.108062 0.608417 0.786226
vn -0.081828 0.599781 0.795969
vn -0.168831 0.985493 0.017339
vn -0.16862 0.985408 0.023181
vn -0.358034 0.903698 0.234824
vn -0.352128 0.902344 0.248558
vn -0.303683 0.751181 0.586092
vn -0.320786 0.756026 0.570544
vn -0.009741 0.534972 0.844814
vn -0.020941 0.492791 0.869896
vn -0.037018 0.55039 0.834086
vn -0.231421 0.971664 0.048093
vn -0.230551 0.971438 0.056164
vn -0.370843 0.870588 0.323343
vn -0.378889 0.872598 0.308247
vn -0.280555 0.710001 0.645901
vn -0.260549 0.703963 0.66072
vn -0.287714 0.953353 0.091321
vn -0.285836 0.952881 0.101568
vn -0.375905 0.834681 0.402495
vn -0.3864 0.837501 0.386378
vn -0.204225 0.653412 0.728934
vn -0.227089 0.66073 0.715449
vn -0.332348 0.929817 0.158069
vn -0.335594 0.930661 0.145762
vn -0.379842 0.798591 0.466875
vn -0.366676 0.794822 0.483535
vn -0.135957 0.59978 0.78853
vn -0.161473 0.608418 0.777016
vn -0.170827 0.984553 0.0384
vn -0.219053 0.975486 -0.021053
vn -0.169811 0.985409 0.011591
vn -0.170642 0.984526 0.039864
vn -0.36826 0.902346 0.223954
vn -0.373217 0.903701 0.209843
vn -0.359003 0.75603 0.547298
vn -0.342975 0.751177 0.564004
vn -0.085184 0.553301 0.828614
vn -0.057292 0.543321 0.837568
vn -0.233839 0.971438 0.04034
vn -0.234159 0.971665 0.032191
vn -0.392028 0.870589 0.297302
vn -0.399035 0.872602 0.281669
vn -0.323973 0.710002 0.625251
vn -0.30503 0.703965 0.641396
vn -0.292105 0.952879 0.081832
vn -0.293283 0.953352 0.071446
vn -0.411855 0.837509 0.359102
vn -0.402479 0.834687 0.375909
vn -0.253507 0.653423 0.713283
vn -0.275364 0.660731 0.69829
vn -0.344762 0.930662 0.122506
vn -0.342364 0.929818 0.135004
vn -0.4108 0.798604 0.439858
vn -0.398789 0.794831 0.457396
vn -0.214105 0.608411 0.764196
vn -0.18946 0.599782 0.77741
vn -0.382675 0.90235 0.198305
vn -0.386654 0.903704 0.183897
vn -0.380671 0.751186 0.539267
vn -0.395494 0.75603 0.521539
vn -0.141533 0.553297 0.820872
vn -0.11432 0.543319 0.831707
vn -0.235808 0.971666 0.016096
vn -0.266719 0.963749 -0.006987
vn -0.236046 0.971439 0.024273
vn -0.230328 0.971932 0.047935
vn -0.41732 0.872603 0.253789
vn -0.411402 0.870592 0.269847
vn -0.365889 0.710001 0.601685
vn -0.348091 0.703964 0.619085
vn -0.026672 0.449452 0.892906
vn -0.034828 0.486258 0.873121
vn -0.059272 0.495621 0.866514
vn -0.29746 0.953354 0.051315
vn -0.296994 0.952882 0.061738
vn -0.427208 0.834691 0.34754
vn -0.43539 0.837504 0.330187
vn -0.301599 0.653416 0.694323
vn -0.32238 0.660722 0.677878
vn -0.352317 0.930662 0.0987
vn -0.350779 0.929819 0.111316
vn -0.43986 0.798592 0.410822
vn -0.429112 0.794833 0.429073
vn -0.265773 0.608414 0.747795
vn -0.242053 0.599773 0.762681
vn -0.395347 0.902346 0.171678
vn -0.398326 0.903695 0.157071
vn -0.430148 0.756019 0.493363
vn -0.416586 0.751181 0.512038
vn -0.170795 0.54332 0.821969
vn -0.19723 0.553308 0.80929
vn -0.433671 0.872597 0.224731
vn -0.42887 0.87059 0.24113
vn -0.406106 0.710006 0.575299
vn -0.389524 0.703965 0.593889
vn -0.11827 0.495623 0.860447
vn -0.089468 0.484316 0.870306
vn -0.300278 0.953352 0.030878
vn -0.300524 0.95288 0.041295
vn -0.456913 0.837503 0.299698
vn -0.449921 0.834686 0.317602
vn -0.367886 0.660729 0.654291
vn -0.348255 0.653415 0.672137
vn -0.006881 0.40523 0.914189
vn -0.03797 0.432758 0.90071
vn -0.358215 0.930665 0.074464
vn -0.357541 0.929821 0.087159
vn -0.457385 0.794822 0.39882
vn -0.46689 0.798592 0.379822
vn -0.316188 0.60842 0.727908
vn -0.293544 0.59978 0.744376
vn -0.406126 0.902344 0.14435
vn -0.40811 0.9037 0.12951
vn -0.462858 0.756018 0.462817
vn -0.450564 0.751165 0.482435
vn -0.226511 0.543329 0.808385
vn -0.251979 0.553301 0.793955
vn -0.448025 0.872595 0.194553
vn -0.444342 0.870582 0.211299
vn -0.429165 0.703968 0.565904
vn -0.444421 0.710001 0.54625
vn -0.148651 0.484321 0.862169
vn -0.176698 0.495623 0.850374
vn -0.304344 0.951719 0.040065
vn -0.302646 0.952878 0.020698
vn -0.313687 0.949526 0.000964
vn -0.359861 0.932942 0.010909
vn -0.470532 0.834689 0.28617
vn -0.476296 0.837512 0.267795
vn -0.411683 0.660715 0.627673
vn -0.393343 0.653413 0.646787
vn -0.092048 0.435636 0.895404
vn -0.061837 0.423067 0.903986
vn -0.362463 0.930667 0.049806
vn -0.362657 0.929821 0.062545
vn -0.483518 0.79483 0.366681
vn -0.491698 0.798598 0.347093
vn -0.3651 0.608417 0.704649
vn -0.343658 0.599787 0.722603
vn -0.415984 0.9037 0.101406
vn -0.41502 0.902349 0.116294
vn -0.493325 0.756039 0.430158
vn -0.482396 0.751185 0.450573
vn -0.305583 0.553298 0.774906
vn -0.281138 0.543318 0.791054
vn -0.460229 0.8726 0.16358
vn -0.457703 0.870591 0.180499
vn -0.466765 0.703968 0.535313
vn -0.480652 0.710005 0.514651
vn -0.207144 0.484313 0.850019
vn -0.23434 0.495621 0.836328
vn -0.488966 0.834697 0.253363
vn -0.493458 0.837517 0.234656
vn -0.453575 0.660725 0.598091
vn -0.436543 0.653406 0.618459
vn -0.152939 0.435634 0.887036
vn -0.12338 0.423064 0.89766
vn -0.365018 0.930666 0.024964
vn -0.36377 0.930991 0.030456
vn -0.366079 0.929823 0.03762
vn -0.405235 0.914205 0.003783
vn -0.50744 0.794825 0.332804
vn -0.514247 0.798582 0.312756
vn -0.412367 0.60842 0.678069
vn -0.392166 0.599777 0.697477
vn -0.063304 0.373602 0.925427
vn -0.032704 0.359703 0.932493
vn -0.031642 0.313524 0.949053
vn -0.033431 0.36056 0.932137
vn -0.421955 0.903691 0.072772
vn -0.42201 0.902342 0.08767
vn -0.521529 0.75603 0.395507
vn -0.512046 0.75119 0.416562
vn -0.334464 0.543319 0.770025
vn -0.357754 0.553303 0.752242
vn -0.468947 0.870591 0.148862
vn -0.470314 0.872603 0.131788
vn -0.514636 0.709993 0.480687
vn -0.502216 0.703967 0.502204
vn -0.290854 0.49562 0.818392
vn -0.264673 0.484319 0.833896
vn -0.505122 0.8347 0.21938
vn -0.508319 0.837513 0.200461
vn -0.493308 0.660735 0.565754
vn -0.477723 0.653423 0.587212
vn -0.213117 0.435638 0.874529
vn -0.184346 0.423065 0.887149
vn -0.5344 0.798586 0.276905
vn -0.528957 0.794815 0.297447
vn -0.45765 0.608425 0.648363
vn -0.438846 0.599792 0.669077
vn -0.126306 0.373604 0.918949
vn -0.095412 0.359863 0.928114
vn -0.425928 0.903698 0.04377
vn -0.427006 0.90234 0.058725
vn -0.539266 0.751184 0.380676
vn -0.547316 0.756039 0.358956
vn -0.386241 0.543322 0.745399
vn -0.40825 0.553298 0.726081
vn -0.007451 0.266707 0.963749
vn -0.035601 0.308398 0.950591
vn -0.478216 0.872605 0.099347
vn -0.478017 0.870592 0.116489
vn -0.535306 0.703953 0.466795
vn -0.546267 0.71 0.444402
vn -0.320955 0.484316 0.813896
vn -0.346022 0.49562 0.796636
vn -0.520809 0.837512 0.165325
vn -0.518909 0.834697 0.184432
vn -0.516678 0.653427 0.553242
vn -0.530769 0.660743 0.530757
vn -0.272306 0.43564 0.857944
vn -0.244464 0.423067 0.872497
vn -0.55207 0.79858 0.23977
vn -0.548047 0.794814 0.260608
vn -0.48349 0.599784 0.63757
vn -0.500837 0.608417 0.615623
vn -0.158527 0.359864 0.919439
vn -0.188718 0.373602 0.908189
vn -0.430007 0.902346 0.029414
vn -0.449594 0.893205 -0.007105
vn -0.431289 0.901377 0.03885
vn -0.570512 0.756038 0.320815
vn -0.563984 0.751198 0.342964
vn -0.436189 0.543322 0.717315
vn -0.456846 0.553308 0.696521
vn -0.065206 0.295019 0.953264
vn -0.097232 0.309797 0.945818
vn -0.48388 0.872601 0.066547
vn -0.484846 0.870596 0.083583
vn -0.565935 0.703961 0.429134
vn -0.575312 0.709988 0.406121
vn -0.375741 0.484318 0.790098
vn -0.399587 0.495629 0.771156
vn -0.530888 0.837508 0.129373
vn -0.530296 0.834691 0.148584
vn -0.553239 0.653433 0.516674
vn -0.565736 0.660733 0.493331
vn -0.330209 0.435644 0.837363
vn -0.303431 0.423074 0.853779
vn -0.564512 0.794825 0.222663
vn -0.567109 0.798599 0.201563
vn -0.525872 0.599778 0.603096
vn -0.541681 0.608411 0.580015
vn -0.2209 0.35986 0.906479
vn -0.250262 0.373602 0.893191
vn -0.586113 0.751177 0.303652
vn -0.591119 0.756021 0.28109
vn -0.484155 0.54332 0.685855
vn -0.503324 0.553294 0.663724
vn -0.13011 0.295018 0.946592
vn -0.161551 0.309794 0.936978
vn -0.488343 0.872153 0.029507
vn -0.492783 0.869877 0.021861
vn -0.534959 0.844755 0.014439
vn -0.489439 0.870585 0.05031
vn -0.487306 0.872595 0.033334
vn -0.593893 0.703949 0.389548
vn -0.601694 0.709989 0.365896
vn -0.451264 0.49562 0.742106
vn -0.428798 0.484325 0.762602
vn -0.066172 0.244501 0.967388
vn -0.030726 0.218997 0.975242
vn -0.037313 0.170843 0.984591
vn -0.038307 0.231279 0.972133
vn -0.538482 0.837508 0.09283
vn -0.539203 0.83469 0.112039
vn -0.587202 0.65342 0.477741
vn -0.598108 0.66074 0.45353
vn -0.386579 0.435626 0.812888
vn -0.361004 0.423067 0.831078
vn -0.578408 0.794827 0.183562
vn -0.579555 0.79859 0.162386
vn -0.580022 0.6084 0.541686
vn -0.565821 0.599766 0.565798
vn -0.310629 0.373603 0.874031
vn -0.282247 0.359863 0.889289
vn -0.605433 0.751186 0.263004
vn -0.608886 0.756028 0.240166
vn -0.529806 0.543319 0.651237
vn -0.547437 0.553304 0.627827
vn -0.194394 0.295019 0.935508
vn -0.225113 0.3098 0.923768
vn -0.625261 0.710011 0.323934
vn -0.619078 0.703958 0.348116
vn -0.50089 0.495612 0.709562
vn -0.47985 0.484304 0.731569
vn -0.132037 0.244499 0.960618
vn -0.099553 0.228848 0.968358
vn -0.545578 0.834696 0.075011
vn -0.543546 0.837518 0.055872
vn -0.627646 0.660737 0.411687
vn -0.618439 0.653434 0.436528
vn -0.441165 0.435641 0.784596
vn -0.416847 0.423058 0.804525
vn -0.010889 0.122404 0.992421
vn -0.029173 0.18013 0.98321
vn -0.589601 0.794817 0.143652
vn -0.589301 0.79858 0.122449
vn -0.615615 0.608407 0.500858
vn -0.603091 0.599771 0.525885
vn -0.369567 0.373602 0.850789
vn -0.342284 0.359858 0.867954
vn -0.622005 0.751167 0.221039
vn -0.623893 0.756012 0.197997
vn -0.589019 0.5533 0.588996
vn -0.573031 0.543319 0.613547
vn -0.287632 0.309786 0.906256
vn -0.257801 0.295015 0.920057
vn -0.645886 0.710006 0.280577
vn -0.641389 0.703981 0.305009
vn -0.548113 0.495626 0.673741
vn -0.52863 0.48432 0.697126
vn -0.197274 0.2445 0.949369
vn -0.165397 0.22885 0.959308
vn -0.549084 0.83501 0.035565
vn -0.575784 0.817584 -0.005441
vn -0.549426 0.834698 0.037559
vn -0.654288 0.660716 0.367916
vn -0.646804 0.653418 0.393306
vn -0.493685 0.435631 0.752663
vn -0.470813 0.423065 0.774178
vn -0.100634 0.178012 0.978869
vn -0.067342 0.161678 0.984543
vn -0.598014 0.794821 0.103142
vn -0.596266 0.79859 0.08198
vn -0.637587 0.599765 0.483493
vn -0.648377 0.608403 0.45766
vn -0.42673 0.373611 0.823599
vn -0.400698 0.359874 0.842575
vn -0.635923 0.75604 0.154937
vn -0.635611 0.751178 0.178131
vn -0.627819 0.553304 0.547447
vn -0.61355 0.543327 0.57302
vn -0.348813 0.309789 0.884511
vn -0.319973 0.295007 0.900326
vn -0.660721 0.703961 0.260549
vn -0.663547 0.710002 0.235801
vn -0.592828 0.495635 0.634745
vn -0.574974 0.484321 0.659423
vn -0.230482 0.228845 0.945784
vn -0.261621 0.244501 0.933688
vn -0.677892 0.660713 0.322367
vn -0.672143 0.653398 0.348275
vn -0.522528 0.423065 0.740257
vn -0.543877 0.435631 0.717233
vn -0.134375 0.161683 0.977651
vn -0.167193 0.178014 0.96972
vn -0.602368 0.797461 0.034759
vn -0.603669 0.794817 0.062048
vn -0.615137 0.788196 0.018788
vn -0.652962 0.75698 0.02494
vn -0.600479 0.798586 0.041049
vn -0.678102 0.608404 0.412338
vn -0.669101 0.599765 0.438846
vn -0.457292 0.359854 0.813258
vn -0.481981 0.373596 0.792541
vn -0.067821 0.110622 0.991546
vn -0.029842 0.073532 0.996846
vn -0.073536 0.029945 0.996843
vn -0.039506 0.039507 0.998438
vn -0.04004 0.096836 0.994495
vn -0.646286 0.751191 0.13426
vn -0.645023 0.756022 0.11125
vn -0.663723 0.553307 0.503312
vn -0.651223 0.543322 0.52982
vn -0.380671 0.295013 0.876389
vn -0.408345 0.309785 0.858655
vn -0.676935 0.703978 0.21488
vn -0.678065 0.710012 0.190029
vn -0.63475 0.495638 0.59282
vn -0.618636 0.484335 0.618634
vn -0.29449 0.228854 0.927848
vn -0.324713 0.244502 0.913663
vn -0.698295 0.660726 0.275366
vn -0.694328 0.653412 0.301599
vn -0.571817 0.423061 0.702883
vn -0.591557 0.435635 0.678442
vn -0.200781 0.161679 0.966202
vn -0.232983 0.17801 0.95605
vn -0.704629 0.608436 0.365107
vn -0.697448 0.599787 0.392201
vn -0.534922 0.373597 0.757815
vn -0.511716 0.359861 0.780158
vn -0.13533 0.110622 0.984606
vn -0.122351 0.031137 0.991998
vn -0.10181 0.093823 0.99037
vn -0.102169 0.042512 0.993858
vn -0.653956 0.751172 0.089905
vn -0.651112 0.756026 0.066924
vn -0.696521 0.553323 0.456829
vn -0.685853 0.543333 0.484144
vn -0.43958 0.295006 0.848376
vn -0.466013 0.309797 0.828769
vn -0.689477 0.710004 0.143232
vn -0.690048 0.703961 0.168144
vn -0.673722 0.495638 0.548125
vn -0.659408 0.484335 0.574979
vn -0.357109 0.228854 0.905593
vn -0.386309 0.244511 0.88937
vn -0.715449 0.660724 0.227105
vn -0.713284 0.65342 0.253511
vn -0.636483 0.435638 0.636481
vn -0.618455 0.423063 0.662217
vn -0.266239 0.161683 0.95025
vn -0.297686 0.178022 0.937919
vn -0.722613 0.599792 0.343628
vn -0.727912 0.608416 0.316187
vn -0.585374 0.373616 0.719548
vn -0.56373 0.359868 0.74344
vn -0.169786 0.038614 0.984724
vn -0.169163 0.093823 0.981112
vn -0.20221 0.11062 0.973075
vn -0.170831 0.037726 0.984578
vn -0.218992 0.031612 0.975214
vn -0.65556 0.75457 0.029416
vn -0.689525 0.724261 0.000813
vn -0.658553 0.751184 0.045059
vn -0.726058 0.5533 0.408289
vn -0.717307 0.543341 0.436178
vn -0.496451 0.295029 0.816391
vn -0.521474 0.309815 0.795035
vn -0.697624 0.710016 0.095908
vn -0.699889 0.703982 0.120687
vn -0.709559 0.495628 0.500878
vn -0.697116 0.484329 0.528635
vn -0.446089 0.244515 0.860939
vn -0.418078 0.228865 0.879109
vn -0.72894 0.653403 0.204231
vn -0.729297 0.660716 0.177708
vn -0.678432 0.435634 0.591568
vn -0.662212 0.423067 0.618458
vn -0.330476 0.161692 0.929861
vn -0.360986 0.178019 0.915423
vn -0.74779 0.608419 0.265775
vn -0.74437 0.599781 0.293557
vn -0.613183 0.359863 0.703211
vn -0.633124 0.373595 0.677924
vn -0.236543 0.042349 0.970698
vn -0.235711 0.093827 0.967283
vn -0.268133 0.110627 0.957009
vn -0.266607 0.029803 0.963344
vn -0.745418 0.543301 0.386233
vn -0.752265 0.553288 0.357728
vn -0.551017 0.295038 0.780598
vn -0.574485 0.309799 0.757623
vn -0.706241 0.707044 0.036243
vn -0.702574 0.709985 0.048071
vn -0.724112 0.689402 0.019666
vn -0.706517 0.703963 0.072589
vn -0.731587 0.484309 0.479819
vn -0.742112 0.495612 0.451262
vn -0.477107 0.228856 0.848524
vn -0.503809 0.244503 0.82849
vn -0.739719 0.660716 0.127555
vn -0.741171 0.65341 0.154017
vn -0.717227 0.43563 0.543886
vn -0.702877 0.42306 0.571826
vn -0.393159 0.161683 0.905144
vn -0.422617 0.178012 0.888654
vn -0.762669 0.599783 0.242069
vn -0.764185 0.608424 0.214106
vn -0.677923 0.373583 0.633132
vn -0.659746 0.359846 0.659732
vn -0.301185 0.093822 0.948939
vn -0.332827 0.110619 0.936477
vn -0.302259 0.041437 0.952325
vn -0.313512 0.033389 0.948997
vn -0.359663 0.034915 0.932429
vn -0.770027 0.543316 0.334464
vn -0.774906 0.55329 0.305599
vn -0.603007 0.295003 0.741186
vn -0.624883 0.309784 0.716628
vn -0.771171 0.495613 0.399577
vn -0.762619 0.484311 0.428783
vn -0.533909 0.228842 0.813986
vn -0.559187 0.244491 0.792171
vn -0.746689 0.660734 0.076716
vn -0.749954 0.653407 0.103096
vn -0.752676 0.435646 0.493651
vn -0.740253 0.423063 0.522535
vn -0.482287 0.178012 0.857736
vn -0.454011 0.161677 0.876205
vn -0.77702 0.608415 0.161467
vn -0.777415 0.599785 0.189432
vn -0.70321 0.359851 0.613191
vn -0.719545 0.373602 0.585386
vn -0.365236 0.093822 0.926175
vn -0.395955 0.11062 0.911582
vn -0.366553 0.040511 0.929515
vn -0.405052 0.030139 0.913797
vn -0.791051 0.543311 0.281161
vn -0.793953 0.553295 0.251998
vn -0.652166 0.295015 0.698316
vn -0.672325 0.309803 0.67231
vn -0.790088 0.484317 0.375763
vn -0.796632 0.495629 0.34602
vn -0.611941 0.244487 0.752167
vn -0.588211 0.228838 0.775655
vn -0.755225 0.653429 0.051629
vn -0.751664 0.658722 0.03296
vn -0.757102 0.653068 0.017278
vn -0.788307 0.615203 0.009904
vn -0.774196 0.423077 0.470773
vn -0.784605 0.435644 0.441145
vn -0.512758 0.161677 0.843172
vn -0.539704 0.178009 0.82282
vn -0.786221 0.60842 0.108082
vn -0.788525 0.599784 0.135972
vn -0.74343 0.359859 0.563749
vn -0.757812 0.373593 0.53493
vn -0.457241 0.110616 0.882437
vn -0.449393 0.030747 0.892805
vn -0.427592 0.09382 0.89909
vn -0.429096 0.042613 0.902253
vn -0.808406 0.543307 0.22649
vn -0.80931 0.553289 0.197203
vn -0.69832 0.295021 0.652159
vn -0.716624 0.309782 0.624888
vn -0.813871 0.484339 0.320982
vn -0.818369 0.495647 0.29087
vn -0.639738 0.228853 0.733731
vn -0.661826 0.244515 0.70866
vn -0.804515 0.423074 0.41685
vn -0.812874 0.435633 0.3866
vn -0.594594 0.178008 0.784073
vn -0.569103 0.161677 0.806214
vn -0.797192 0.602648 0.036057
vn -0.79598 0.59977 0.081804
vn -0.817368 0.575674 0.022565
vn -0.791777 0.608407 0.054128
vn -0.792567 0.373586 0.481945
vn -0.780178 0.359842 0.511699
vn -0.489735 0.039325 0.870984
vn -0.487952 0.093814 0.867814
vn -0.49257 0.036731 0.869497
vn -0.534736 0.032144 0.844407
vn -0.516406 0.110616 0.84917
vn -0.821961 0.543322 0.170826
vn -0.820865 0.553304 0.141549
vn -0.741173 0.295006 0.603021
vn -0.75761 0.3098 0.574502
vn -0.833912 0.484319 0.264626
vn -0.83634 0.495612 0.234317
vn -0.708667 0.244508 0.661821
vn -0.688349 0.228853 0.688332
vn -0.837361 0.43562 0.330246
vn -0.831085 0.423059 0.360997
vn -0.622777 0.161686 0.76551
vn -0.646683 0.178007 0.741697
vn -0.823589 0.37363 0.426733
vn -0.813245 0.359869 0.457303
vn -0.547955 0.042101 0.835448
vn -0.546022 0.09383 0.8325
vn -0.57554 0.029732 0.817233
vn -0.57315 0.110641 0.811947
vn -0.831718 0.543307 0.114288
vn -0.828627 0.553287 0.085159
vn -0.780626 0.295012 0.55099
vn -0.795057 0.309784 0.521458
vn -0.850373 0.495614 0.17673
vn -0.850017 0.484314 0.20715
vn -0.7337 0.228872 0.639768
vn -0.752149 0.244517 0.611951
vn -0.853796 0.423035 0.303438
vn -0.857967 0.435624 0.272259
vn -0.673574 0.161659 0.721224
vn -0.695824 0.177997 0.695806
vn -0.850793 0.373601 0.369557
vn -0.842584 0.35988 0.400672
vn -0.627207 0.110631 0.770955
vn -0.601581 0.093843 0.79328
vn -0.614916 0.032732 0.787913
vn -0.652745 0.035787 0.756732
vn -0.603719 0.041813 0.7961
vn -0.834091 0.55038 0.037064
vn -0.844836 0.534937 0.009743
vn -0.869895 0.492793 0.020933
vn -0.837567 0.543321 0.057308
vn -0.828761 0.309795 0.466028
vn -0.816379 0.295022 0.496476
vn -0.862167 0.484314 0.148687
vn -0.860441 0.495643 0.118235
vn -0.775674 0.228844 0.588184
vn -0.792192 0.244499 0.559153
vn -0.874516 0.435662 0.21312
vn -0.872483 0.423083 0.244487
vn -0.721215 0.161675 0.67358
vn -0.741668 0.178007 0.646716
vn -0.874023 0.373623 0.310627
vn -0.867942 0.35987 0.342302
vn -0.656675 0.039949 0.753115
vn -0.6543 0.093831 0.750392
vn -0.678362 0.110632 0.726351
vn -0.689208 0.030411 0.723925
vn -0.848362 0.295008 0.439603
vn -0.858659 0.309812 0.408316
vn -0.873119 0.486262 0.034817
vn -0.866505 0.495636 0.059288
vn -0.870293 0.484344 0.089453
vn -0.892907 0.449452 0.02666
vn -0.813984 0.228866 0.533902
vn -0.828474 0.244511 0.503831
vn -0.887143 0.423082 0.184333
vn -0.887031 0.435632 0.152975
vn -0.784093 0.178007 0.594569
vn -0.76551 0.161667 0.622783
vn -0.889288 0.359877 0.282231
vn -0.893185 0.373599 0.250288
vn -0.704003 0.093822 0.703973
vn -0.706478 0.042668 0.706448
vn -0.723915 0.030439 0.689217
vn -0.726345 0.110605 0.678372
vn -0.884507 0.309778 0.348835
vn -0.876401 0.295033 0.380628
vn -0.848539 0.228841 0.477089
vn -0.860935 0.244476 0.446119
vn -0.895402 0.435644 0.092034
vn -0.89766 0.423057 0.123405
vn -0.822824 0.178 0.5397
vn -0.806229 0.161679 0.569082
vn -0.906491 0.359838 0.220887
vn -0.908201 0.373579 0.188708
vn -0.770953 0.110628 0.627211
vn -0.753093 0.039974 0.656698
vn -0.750372 0.093814 0.654325
vn -0.75673 0.03579 0.652748
vn -0.787924 0.032733 0.614902
vn -0.906265 0.309773 0.287619
vn -0.900331 0.294987 0.319979
vn -0.889392 0.244495 0.38627
vn -0.879112 0.22882 0.418095
vn -0.903986 0.42307 0.061812
vn -0.900711 0.432757 0.037959
vn -0.914192 0.405224 0.006864
vn -0.857747 0.178013 0.482266
vn -0.843175 0.161668 0.512757
vn -0.918952 0.373587 0.126332
vn -0.919441 0.359851 0.158541
vn -0.811964 0.110616 0.57313
vn -0.793303 0.093822 0.601554
vn -0.796121 0.041826 0.603691
vn -0.817213 0.029769 0.575567
vn -0.923764 0.309826 0.225096
vn -0.920047 0.29502 0.257829
vn -0.913662 0.244502 0.324716
vn -0.905594 0.228858 0.357105
vn -0.876211 0.161682 0.453996
vn -0.88865 0.178001 0.422631
vn -0.928121 0.359841 0.095424
vn -0.932484 0.359726 0.032709
vn -0.925431 0.373596 0.063279
vn -0.949053 0.313522 0.031646
vn -0.932139 0.360555 0.033412
vn -0.849168 0.110652 0.516401
vn -0.832474 0.093841 0.546059
vn -0.835421 0.042134 0.547993
vn -0.844441 0.03211 0.534686
vn -0.8695 0.036691 0.492569
vn -0.936977 0.30979 0.161565
vn -0.935509 0.295038 0.194358
vn -0.933681 0.244498 0.26165
vn -0.927843 0.228859 0.294502
vn -0.905143 0.161669 0.393166
vn -0.915426 0.17801 0.360982
vn -0.870997 0.039303 0.489714
vn -0.867824 0.09384 0.48793
vn -0.882443 0.110637 0.457225
vn -0.892802 0.030731 0.449399
vn -0.946596 0.295006 0.130108
vn -0.945822 0.309781 0.097244
vn -0.94937 0.244529 0.197238
vn -0.945777 0.228842 0.230514
vn -0.929851 0.1617 0.330501
vn -0.937912 0.178038 0.297698
vn -0.899083 0.093855 0.4276
vn -0.902249 0.042595 0.429106
vn -0.913798 0.030115 0.40505
vn -0.911576 0.110657 0.39596
vn -0.953262 0.295017 0.065248
vn -0.963743 0.266727 0.007429
vn -0.950583 0.308424 0.035583
vn -0.960615 0.24451 0.132035
vn -0.959307 0.228879 0.16536
vn -0.956044 0.177998 0.233016
vn -0.950251 0.16169 0.266231
vn -0.926178 0.093849 0.36522
vn -0.936468 0.110624 0.332852
vn -0.929521 0.040489 0.366539
vn -0.932414 0.034934 0.359699
vn -0.948999 0.033404 0.313504
vn -0.967391 0.244478 0.066215
vn -0.968359 0.228853 0.099538
vn -0.97214 0.231246 0.038331
vn -0.975242 0.218989 0.030767
vn -0.984599 0.170789 0.03736
vn -0.966206 0.161652 0.200785
vn -0.969728 0.178006 0.167156
vn -0.948947 0.093803 0.301164
vn -0.95233 0.041461 0.302238
vn -0.957014 0.110601 0.268125
vn -0.963341 0.029836 0.266616
vn -0.978864 0.178051 0.100618
vn -0.977645 0.161704 0.134394
vn -0.973077 0.110598 0.202213
vn -0.967285 0.093807 0.235713
vn -0.970696 0.042385 0.236544
vn -0.975215 0.031644 0.218983
vn -0.984584 0.037765 0.170786
vn -0.9832 0.180198 0.029113
vn -0.984536 0.161721 0.067336
vn -0.992412 0.122478 0.010831
vn -0.984603 0.110626 0.13535
vn -0.984719 0.038583 0.169824
vn -0.981106 0.093817 0.169201
vn -0.99199 0.03111 0.122427
vn -0.990372 0.093811 0.1018
vn -0.991548 0.110607 0.067815
vn -0.994494 0.096837 0.040065
vn -0.993858 0.042533 0.102158
vn -0.996849 0.073491 0.02985
vn -0.998438 0.039503 0.039503
vn -0.996846 0.029951 0.073491
vn 0.999398 0.024535 0.024535
vn 0.024535 0.999398 0.024535
vn 0.073025 -0.120974 0.989966
vn 0.02443 0.094811 0.995196
vn 0.0583 0.003986 0.998291
vn 0.033843 0.004653 0.999416
vn 0.122392 -0.017871 0.992321
vn 0.090977 0.108849 0.989886
vn 0.101967 0.006971 0.994763
vn 0.033447 0.006949 0.999416
vn 0.101846 0.01047 0.994745
vn 0.101252 0.013921 0.994763
vn 0.170837 0.038284 0.984555
vn 0.219051 -0.021182 0.975483
vn 0.170635 0.039887 0.984527
vn 0.032895 0.009217 0.999416
vn 0.100893 0.017396 0.994745
vn 0.100067 0.020792 0.994763
vn 0.169804 0.011616 0.985409
vn 0.168826 0.017356 0.985493
vn 0.032189 0.01144 0.999416
vn 0.099471 0.024242 0.994745
vn 0.098415 0.027575 0.994763
vn 0.168616 0.023175 0.985409
vn 0.167248 0.028836 0.985493
vn 0.266708 -0.006969 0.963752
vn 0.235815 0.016132 0.971664
vn 0.230345 0.047909 0.971929
vn 0.031333 0.01361 0.999416
vn 0.097586 0.030971 0.994745
vn 0.096303 0.034226 0.994763
vn 0.166641 0.034628 0.985409
vn 0.164889 0.040185 0.985493
vn 0.236052 0.024265 0.971438
vn 0.234164 0.032184 0.971664
vn 0.030332 0.015716 0.999416
vn 0.313681 0.000966 0.949528
vn 0.359874 0.010917 0.932937
vn 0.304332 0.040089 0.951722
vn 0.095243 0.037561 0.994745
vn 0.093743 0.040719 0.994763
vn 0.161764 0.051339 0.985493
vn 0.163889 0.04592 0.985409
vn 0.233845 0.040319 0.971438
vn 0.231422 0.048089 0.971664
vn 0.029188 0.01775 0.999416
vn 0.300269 0.030866 0.953355
vn 0.302633 0.020701 0.952882
vn 0.090747 0.047018 0.994763
vn 0.09246 0.043969 0.994745
vn 0.157881 0.062264 0.985493
vn 0.160374 0.056997 0.985409
vn 0.230548 0.056185 0.971437
vn 0.227601 0.063771 0.971664
vn 0.027909 0.019701 0.999416
vn 0.300516 0.041306 0.952882
vn 0.297463 0.051288 0.953355
vn 0.087325 0.053104 0.994763
vn 0.089243 0.050178 0.994745
vn 0.405236 0.003789 0.914204
vn 0.363781 0.030455 0.930986
vn 0.365028 0.024969 0.930662
vn 0.153267 0.072887 0.985493
vn 0.156109 0.06781 0.985409
vn 0.226178 0.071785 0.971437
vn 0.222718 0.079155 0.971664
vn 0.0265 0.021558 0.999416
vn 0.296997 0.061716 0.952882
vn 0.293268 0.07147 0.953355
vn 0.083498 0.05894 0.994763
vn 0.085609 0.056153 0.994745
vn 0.36609 0.037637 0.929818
vn 0.362474 0.049823 0.930661
vn 0.147935 0.083178 0.985493
vn 0.15112 0.078303 0.985409
vn 0.4496 -0.007106 0.893202
vn 0.431291 0.038857 0.901376
vn 0.216796 0.09417 0.971664
vn 0.220751 0.087052 0.971437
vn 0.024967 0.023317 0.999416
vn 0.287708 0.091314 0.953355
vn 0.292092 0.081841 0.952882
vn 0.081578 0.061864 0.994745
vn 0.079282 0.064499 0.994763
vn 0.362668 0.06253 0.929818
vn 0.358229 0.074441 0.930661
vn 0.141911 0.093083 0.985493
vn 0.145423 0.088434 0.985409
vn 0.430008 0.029411 0.902346
vn 0.425923 0.043789 0.903699
vn 0.209866 0.108742 0.971664
vn 0.214295 0.101915 0.971438
vn 0.023317 0.024967 0.999416
vn 0.280806 0.110735 0.953355
vn 0.285827 0.101581 0.952882
vn 0.074696 0.069759 0.994763
vn 0.077169 0.067284 0.994745
vn 0.357555 0.087134 0.929818
vn 0.352314 0.098714 0.930661
vn 0.135228 0.102549 0.985493
vn 0.13905 0.09815 0.985409
vn 0.426997 0.058691 0.902346
vn 0.421942 0.07275 0.903699
vn 0.201956 0.122811 0.971664
vn 0.206841 0.116301 0.971438
vn 0.487299 0.03333 0.872599
vn 0.492781 0.021844 0.869879
vn 0.534942 0.014424 0.844766
vn 0.488339 0.029495 0.872155
vn 0.021558 0.0265 0.999416
vn 0.278228 0.12085 0.952882
vn 0.272594 0.12964 0.953355
vn 0.072395 0.072395 0.994745
vn 0.069759 0.074696 0.994763
vn 0.344757 0.122525 0.930661
vn 0.350776 0.11133 0.929818
vn 0.132026 0.107412 0.985409
vn 0.127919 0.111534 0.985493
vn 0.415993 0.101375 0.9037
vn 0.421997 0.08769 0.902346
vn 0.198423 0.130144 0.971438
vn 0.193105 0.136306 0.971664
vn 0.483888 0.066511 0.872599
vn 0.489433 0.050313 0.870588
vn 0.019701 0.027909 0.999416
vn 0.269331 0.139557 0.952882
vn 0.263112 0.14794 0.953355
vn 0.549091 0.035586 0.835004
vn 0.575799 -0.005433 0.817573
vn 0.064499 0.079282 0.994763
vn 0.067284 0.077169 0.994745
vn 0.342361 0.135009 0.929818
vn 0.335591 0.145767 0.930661
vn 0.120007 0.120007 0.985493
vn 0.124388 0.116172 0.985409
vn 0.408106 0.129526 0.903699
vn 0.415028 0.116286 0.902347
vn 0.183352 0.149168 0.971664
vn 0.189078 0.143384 0.971437
vn 0.478222 0.099374 0.872599
vn 0.484857 0.083598 0.870589
vn 0.01775 0.029188 0.999416
vn 0.25918 0.157612 0.952882
vn 0.252404 0.16555 0.953355
vn 0.543559 0.055877 0.837509
vn 0.549433 0.037583 0.834692
vn 0.05894 0.083498 0.994763
vn 0.061864 0.081578 0.994745
vn 0.32486 0.16833 0.930662
vn 0.33235 0.158057 0.929818
vn 0.116172 0.124388 0.985409
vn 0.111534 0.127919 0.985493
vn 0.398315 0.157075 0.903699
vn 0.406125 0.144337 0.902346
vn 0.178854 0.15595 0.971437
vn 0.172744 0.161333 0.971664
vn 0.470324 0.13178 0.872599
vn 0.478023 0.11649 0.870588
vn 0.015716 0.030332 0.999416
vn 0.247821 0.17493 0.952882
vn 0.240516 0.182391 0.953355
vn 0.538478 0.092844 0.837509
vn 0.545588 0.074989 0.834692
vn 0.056153 0.085609 0.994745
vn 0.053104 0.087325 0.994763
vn 0.320787 0.18037 0.929818
vn 0.312615 0.190107 0.930662
vn 0.615123 0.018792 0.788207
vn 0.600468 0.041073 0.798593
vn 0.65297 0.024949 0.756973
vn 0.602369 0.034745 0.797461
vn 0.102549 0.135228 0.985493
vn 0.107412 0.132026 0.985409
vn 0.395329 0.171716 0.902346
vn 0.386669 0.183889 0.903699
vn 0.167793 0.167793 0.971438
vn 0.161333 0.172744 0.971664
vn 0.460236 0.163568 0.872599
vn 0.468958 0.148843 0.870588
vn 0.01361 0.031333 0.999416
vn 0.227511 0.198377 0.953355
vn 0.235304 0.191436 0.952882
vn 0.530887 0.129373 0.837509
vn 0.539199 0.112044 0.834692
vn 0.047018 0.090747 0.994763
vn 0.050178 0.089243 0.994745
vn 0.298915 0.210996 0.930661
vn 0.307729 0.201843 0.929818
vn 0.596267 0.081955 0.798592
vn 0.603656 0.06206 0.794826
vn 0.09815 0.13905 0.985409
vn 0.093083 0.141911 0.985493
vn 0.373217 0.20985 0.903699
vn 0.38269 0.198293 0.902346
vn 0.689539 0.000833 0.724248
vn 0.655574 0.029434 0.754557
vn 0.15595 0.178854 0.971437
vn 0.149168 0.183352 0.971664
vn 0.448 0.194594 0.872599
vn 0.457709 0.180495 0.870588
vn 0.01144 0.032189 0.999416
vn 0.213441 0.213441 0.953355
vn 0.221695 0.207044 0.952882
vn 0.52082 0.165303 0.837509
vn 0.530295 0.148583 0.834692
vn 0.043969 0.09246 0.994745
vn 0.040719 0.093743 0.994763
vn 0.29324 0.222371 0.929818
vn 0.283818 0.230905 0.930661
vn 0.589283 0.122452 0.798593
vn 0.598015 0.103105 0.794826
vn 0.083178 0.147935 0.985493
vn 0.088434 0.145423 0.985409
vn 0.368265 0.223948 0.902346
vn 0.358025 0.234832 0.903699
vn 0.65111 0.066939 0.756026
vn 0.658561 0.045047 0.751178
vn 0.136306 0.193105 0.971664
vn 0.143384 0.189078 0.971437
vn 0.433677 0.224712 0.872599
vn 0.444323 0.211312 0.870589
vn 0.009217 0.032895 0.999416
vn 0.207044 0.221695 0.952882
vn 0.198377 0.227511 0.953355
vn 0.518919 0.184422 0.834693
vn 0.508326 0.200456 0.83751
vn 0.037561 0.095243 0.994745
vn 0.034226 0.096303 0.994763
vn 0.277382 0.241861 0.929818
vn 0.267401 0.249731 0.930662
vn 0.589584 0.143681 0.794825
vn 0.579554 0.162385 0.798592
vn 0.078303 0.15112 0.985409
vn 0.072887 0.153267 0.985493
vn 0.341165 0.258715 0.9037
vn 0.352124 0.248556 0.902347
vn 0.645025 0.11121 0.756025
vn 0.65395 0.089883 0.751179
vn 0.130144 0.198423 0.971438
vn 0.122811 0.201956 0.971664
vn 0.428868 0.241141 0.870588
vn 0.417331 0.253785 0.872599
vn 0.724109 0.019623 0.689406
vn 0.702556 0.048056 0.710004
vn 0.706229 0.036209 0.707057
vn 0.006949 0.033447 0.999416
vn 0.191436 0.235304 0.952882
vn 0.182391 0.240516 0.953355
vn 0.493461 0.23468 0.837509
vn 0.505123 0.219407 0.834692
vn 0.030971 0.097586 0.994745
vn 0.027575 0.098415 0.994763
vn 0.260229 0.260229 0.929818
vn 0.249731 0.267401 0.930662
vn 0.567121 0.201553 0.798593
vn 0.578405 0.183574 0.794826
vn 0.06781 0.156109 0.985409
vn 0.062264 0.157881 0.985493
vn 0.322717 0.281391 0.903699
vn 0.33434 0.272005 0.902347
vn 0.635931 0.154976 0.756025
vn 0.646293 0.134302 0.751178
vn 0.108742 0.209866 0.971664
vn 0.116301 0.206841 0.971438
vn 0.399039 0.281672 0.872599
vn 0.411413 0.269843 0.870588
vn 0.706509 0.072632 0.703967
vn 0.697639 0.095889 0.710003
vn 0.004653 0.033843 0.999416
vn 0.094811 0.02443 0.995196
vn 0.16555 0.252404 0.953355
vn 0.17493 0.247821 0.952882
vn 0.488973 0.253366 0.834692
vn 0.476295 0.267808 0.837509
vn 0.757095 0.017232 0.653077
vn 0.788309 0.009854 0.615201
vn 0.751658 0.032914 0.658731
vn 0.020792 0.100067 0.994763
vn 0.024242 0.099471 0.994745
vn 0.230905 0.283818 0.930661
vn 0.241861 0.277382 0.929818
vn 0.552044 0.239788 0.798592
vn 0.564528 0.222623 0.794825
vn 0.051339 0.161764 0.985493
vn 0.056997 0.160374 0.985409
vn 0.302761 0.302761 0.903699
vn 0.314998 0.29419 0.902346
vn 0.63562 0.178092 0.751179
vn 0.623875 0.198005 0.756025
vn 0.101915 0.214295 0.971438
vn 0.09417 0.216796 0.971664
vn 0.392037 0.297293 0.870588
vn 0.378887 0.308247 0.872599
vn 0.68947 0.143274 0.710003
vn 0.699906 0.120677 0.703967
vn 0.003986 0.0583 0.998291
vn -0.120974 0.073025 0.989966
vn 0.157612 0.25918 0.952882
vn 0.14794 0.263112 0.953355
vn 0.456911 0.299685 0.837509
vn 0.470543 0.286144 0.834692
vn 0.755234 0.05166 0.653416
vn 0.746692 0.076763 0.660726
vn 0.017396 0.100893 0.994745
vn 0.013921 0.101252 0.994763
vn 0.210996 0.298915 0.930661
vn 0.222371 0.29324 0.929818
vn 0.548021 0.260626 0.794826
vn 0.534393 0.276901 0.798593
vn 0.040185 0.164889 0.985493
vn 0.04592 0.163889 0.985409
vn 0.281391 0.322717 0.903699
vn 0.29419 0.314998 0.902346
vn 0.608906 0.240123 0.756026
vn 0.621987 0.221052 0.751178
vn 0.079155 0.222718 0.971664
vn 0.087052 0.220751 0.971437
vn 0.356966 0.333386 0.872599
vn 0.370837 0.323351 0.870588
vn 0.678084 0.18999 0.710005
vn 0.690039 0.168155 0.703968
vn 0.12964 0.272594 0.953355
vn 0.139557 0.269331 0.952882
vn 0.44992 0.317588 0.834692
vn 0.435392 0.33017 0.837509
vn 0.749948 0.103078 0.653416
vn 0.739712 0.12754 0.660726
vn -0.017871 0.122392 0.992321
vn 0.006971 0.101967 0.994763
vn 0.108849 0.090977 0.989886
vn 0.01047 0.101846 0.994745
vn 0.190107 0.312615 0.930662
vn 0.201843 0.307729 0.929818
vn 0.514252 0.312724 0.798592
vn 0.528955 0.29742 0.794825
vn 0.817378 0.022533 0.575661
vn 0.791768 0.054159 0.608416
vn 0.797202 0.036026 0.602637
vn 0.034628 0.166641 0.985409
vn 0.028836 0.167248 0.985493
vn 0.258715 0.341165 0.9037
vn 0.272005 0.33434 0.902347
vn 0.605449 0.262985 0.751179
vn 0.591101 0.281114 0.756025
vn 0.063771 0.227601 0.971664
vn 0.071785 0.226178 0.971437
vn 0.347904 0.347904 0.870589
vn 0.333386 0.356966 0.872599
vn 0.663539 0.23582 0.710004
vn 0.676953 0.214856 0.703968
vn 0.12085 0.278228 0.952882
vn 0.110735 0.280806 0.953355
vn 0.411848 0.35911 0.837509
vn 0.427197 0.347551 0.834692
vn 0.729286 0.177719 0.660725
vn 0.741165 0.154016 0.653417
vn 0.16833 0.32486 0.930662
vn 0.18037 0.320787 0.929818
vn 0.507428 0.332821 0.794825
vn 0.491712 0.347088 0.798592
vn 0.786226 0.108064 0.608416
vn 0.79597 0.081828 0.59978
vn 0.017356 0.168826 0.985493
vn 0.023175 0.168616 0.985409
vn 0.234832 0.358025 0.903699
vn 0.248556 0.352124 0.902346
vn 0.586093 0.303688 0.751178
vn 0.570537 0.3208 0.756026
vn 0.844813 0.009741 0.534973
vn 0.869897 0.020941 0.492789
vn 0.834086 0.037017 0.550391
vn 0.048089 0.231422 0.971664
vn 0.056185 0.230548 0.971437
vn 0.323351 0.370837 0.870588
vn 0.308247 0.378887 0.872599
vn 0.645898 0.280554 0.710004
vn 0.660714 0.260552 0.703967
vn 0.091314 0.287708 0.953355
vn 0.101581 0.285827 0.952882
vn 0.402484 0.375895 0.834692
vn 0.38638 0.38638 0.837509
vn 0.728929 0.204235 0.653415
vn 0.715457 0.227077 0.660726
vn 0.158057 0.33235 0.929818
vn 0.145767 0.335592 0.930661
vn 0.466879 0.379834 0.798593
vn 0.483533 0.366672 0.794826
vn 0.78853 0.135956 0.59978
vn 0.777018 0.161467 0.608417
vn 0.038284 0.170837 0.984555
vn -0.021182 0.219051 0.975483
vn 0.011616 0.169804 0.985409
vn 0.039887 0.170635 0.984527
vn 0.223948 0.368265 0.902346
vn 0.20985 0.373217 0.903699
vn 0.547316 0.358984 0.756027
vn 0.564001 0.342975 0.75118
vn 0.828614 0.085184 0.553301
vn 0.837568 0.057293 0.543321
vn 0.040319 0.233845 0.971438
vn 0.032184 0.234164 0.971664
vn 0.297293 0.392037 0.870588
vn 0.281672 0.399039 0.872599
vn 0.625248 0.323977 0.710003
vn 0.641392 0.305035 0.703967
vn 0.081841 0.292092 0.952882
vn 0.07147 0.293268 0.953355
vn 0.35911 0.411848 0.837509
vn 0.375895 0.402484 0.834692
vn 0.713291 0.253504 0.653416
vn 0.698293 0.275371 0.660726
vn 0.122525 0.344757 0.930661
vn 0.135009 0.342361 0.929818
vn 0.439869 0.41081 0.798593
vn 0.457381 0.398816 0.794826
vn 0.764188 0.214114 0.608418
vn 0.777413 0.189448 0.599781
vn 0.198293 0.38269 0.902346
vn 0.183889 0.386669 0.903699
vn 0.53928 0.380665 0.75118
vn 0.521543 0.395496 0.756026
vn 0.820869 0.141532 0.553302
vn 0.831706 0.114314 0.543321
vn 0.016132 0.235815 0.971664
vn -0.006969 0.266708 0.963752
vn 0.024265 0.236052 0.971438
vn 0.047909 0.230345 0.971929
vn 0.253785 0.417331 0.872599
vn 0.269843 0.411413 0.870588
vn 0.601681 0.365889 0.710004
vn 0.619083 0.34809 0.703967
vn 0.892906 0.02667 0.449452
vn 0.873121 0.034825 0.486258
vn 0.866513 0.059273 0.495623
vn 0.051288 0.297463 0.953355
vn 0.061716 0.296997 0.952882
vn 0.347551 0.427197 0.834692
vn 0.33017 0.435392 0.837509
vn 0.694328 0.301588 0.653416
vn 0.677871 0.322383 0.660727
vn 0.098714 0.352314 0.930661
vn 0.11133 0.350776 0.929818
vn 0.41081 0.439869 0.798593
vn 0.429099 0.429099 0.794826
vn 0.747795 0.265767 0.608416
vn 0.762672 0.242063 0.59978
vn 0.171716 0.395329 0.902346
vn 0.157075 0.398315 0.903699
vn 0.493337 0.430168 0.756025
vn 0.512046 0.416581 0.751179
vn 0.821965 0.170808 0.543321
vn 0.809298 0.197219 0.5533
vn 0.224712 0.433677 0.872599
vn 0.241141 0.428868 0.870588
vn 0.575309 0.406098 0.710003
vn 0.593883 0.389529 0.703967
vn 0.860449 0.118264 0.495623
vn 0.870305 0.08947 0.484319
vn 0.030866 0.300269 0.953355
vn 0.041306 0.300516 0.952882
vn 0.299685 0.456911 0.837509
vn 0.317588 0.44992 0.834692
vn 0.654294 0.367888 0.660725
vn 0.672127 0.34827 0.653417
vn 0.914188 0.006883 0.405233
vn 0.900711 0.037968 0.432757
vn 0.074441 0.358229 0.930661
vn 0.087134 0.357555 0.929818
vn 0.398816 0.457381 0.794826
vn 0.379834 0.466879 0.798593
vn 0.727917 0.316178 0.608415
vn 0.744376 0.293545 0.599779
vn 0.144337 0.406125 0.902346
vn 0.129526 0.408106 0.903699
vn 0.462831 0.462831 0.756025
vn 0.482423 0.450553 0.751179
vn 0.808394 0.226501 0.543319
vn 0.793952 0.251991 0.5533
vn 0.194594 0.448 0.872599
vn 0.211312 0.444323 0.870589
vn 0.565917 0.429149 0.703966
vn 0.546255 0.444412 0.710003
vn 0.862171 0.148654 0.484317
vn 0.850372 0.176711 0.495622
vn 0.040089 0.304332 0.951722
vn 0.020701 0.302633 0.952882
vn 0.000966 0.313681 0.949528
vn 0.010917 0.359874 0.932937
vn 0.286144 0.470543 0.834692
vn 0.267808 0.476295 0.837509
vn 0.627661 0.411684 0.660726
vn 0.646796 0.393324 0.653415
vn 0.895403 0.09205 0.435637
vn 0.903987 0.061833 0.423066
vn 0.049823 0.362474 0.930661
vn 0.06253 0.362668 0.929818
vn 0.366672 0.483533 0.794826
vn 0.347088 0.491712 0.798592
vn 0.704641 0.365118 0.608416
vn 0.72261 0.343657 0.599779
vn 0.101375 0.415993 0.9037
vn 0.116286 0.415028 0.902347
vn 0.430168 0.493337 0.756025
vn 0.450553 0.482423 0.751179
vn 0.774904 0.305584 0.553302
vn 0.791052 0.281139 0.543321
vn 0.163568 0.460236 0.872599
vn 0.180495 0.457709 0.870588
vn 0.535313 0.466766 0.703967
vn 0.514652 0.480653 0.710004
vn 0.850016 0.207143 0.484318
vn 0.83633 0.234328 0.495623
vn 0.253366 0.488973 0.834692
vn 0.23468 0.493461 0.837509
vn 0.598103 0.453557 0.660726
vn 0.618445 0.436546 0.653416
vn 0.887035 0.152941 0.435636
vn 0.897659 0.123382 0.423066
vn 0.024969 0.365028 0.930661
vn 0.030455 0.363781 0.930986
vn 0.037637 0.36609 0.929818
vn 0.003789 0.405236 0.914204
vn 0.332821 0.507428 0.794825
vn 0.312724 0.514252 0.798592
vn 0.678084 0.41235 0.608416
vn 0.697472 0.392169 0.59978
vn 0.925427 0.0633 0.373601
vn 0.932493 0.032706 0.359703
vn 0.949053 0.031643 0.313524
vn 0.932136 0.033433 0.360561
vn 0.07275 0.421942 0.903699
vn 0.08769 0.421997 0.902346
vn 0.395496 0.521543 0.756026
vn 0.416581 0.512046 0.751179
vn 0.770021 0.334468 0.543322
vn 0.752245 0.35775 0.553301
vn 0.148843 0.468958 0.870588
vn 0.13178 0.470324 0.872599
vn 0.480653 0.514652 0.710004
vn 0.50221 0.50221 0.703968
vn 0.818389 0.290855 0.495623
vn 0.833899 0.264667 0.484318
vn 0.219407 0.505123 0.834692
vn 0.200456 0.508326 0.83751
vn 0.565759 0.493314 0.660725
vn 0.587212 0.477734 0.653416
vn 0.87453 0.213117 0.435636
vn 0.887147 0.184352 0.423065
vn 0.276901 0.534393 0.798593
vn 0.29742 0.528955 0.794825
vn 0.648363 0.457664 0.608415
vn 0.669084 0.438853 0.599779
vn 0.91895 0.126308 0.373601
vn 0.928115 0.095413 0.35986
vn 0.043789 0.425923 0.903699
vn 0.058691 0.426997 0.902346
vn 0.380665 0.53928 0.75118
vn 0.358984 0.547315 0.756027
vn 0.745402 0.386236 0.543321
vn 0.726076 0.408253 0.553302
vn 0.963749 0.007453 0.266707
vn 0.950591 0.035602 0.308397
vn 0.099374 0.478222 0.872599
vn 0.11649 0.478023 0.870588
vn 0.466766 0.535313 0.703967
vn 0.444412 0.546255 0.710003
vn 0.813893 0.320958 0.484318
vn 0.796632 0.346027 0.495623
vn 0.165303 0.52082 0.837509
vn 0.184422 0.518919 0.834693
vn 0.553242 0.516694 0.653414
vn 0.530775 0.530775 0.660724
vn 0.857948 0.272299 0.435636
vn 0.872499 0.244461 0.423065
vn 0.239788 0.552044 0.798592
vn 0.260626 0.548021 0.794826
vn 0.637576 0.483488 0.599779
vn 0.615618 0.500844 0.608416
vn 0.91944 0.158527 0.359861
vn 0.908188 0.188724 0.373602
vn 0.029411 0.430008 0.902346
vn -0.007106 0.4496 0.893202
vn 0.038857 0.431291 0.901376
vn 0.3208 0.570537 0.756026
vn 0.342975 0.564001 0.75118
vn 0.717306 0.436204 0.543321
vn 0.696524 0.45685 0.553301
vn 0.953264 0.065205 0.295018
vn 0.945818 0.097233 0.309797
vn 0.066511 0.483888 0.872599
vn 0.083598 0.484857 0.870589
vn 0.429149 0.565917 0.703966
vn 0.406098 0.575309 0.710003
vn 0.790093 0.375752 0.484319
vn 0.771162 0.399583 0.495623
vn 0.129373 0.530887 0.837509
vn 0.148583 0.530295 0.834692
vn 0.516694 0.553242 0.653414
vn 0.493314 0.565759 0.660725
vn 0.837365 0.330214 0.435636
vn 0.853782 0.303435 0.423065
vn 0.222623 0.564528 0.794825
vn 0.201553 0.567121 0.798593
vn 0.603094 0.525871 0.59978
vn 0.580003 0.541687 0.608417
vn 0.906478 0.220902 0.359862
vn 0.893192 0.250259 0.373602
vn 0.303688 0.586093 0.751178
vn 0.281114 0.591101 0.756025
vn 0.685867 0.484136 0.543322
vn 0.663724 0.503316 0.553302
vn 0.946592 0.130106 0.295018
vn 0.936978 0.161551 0.309796
vn 0.029495 0.488339 0.872155
vn 0.021844 0.492781 0.869879
vn 0.014424 0.534942 0.844766
vn 0.050313 0.489433 0.870588
vn 0.03333 0.487299 0.872599
vn 0.389529 0.593883 0.703967
vn 0.365889 0.601681 0.710004
vn 0.742095 0.451279 0.495622
vn 0.762608 0.428794 0.484318
vn 0.967389 0.066171 0.244501
vn 0.975242 0.030728 0.218997
vn 0.984591 0.037314 0.170843
vn 0.972133 0.038309 0.23128
vn 0.092844 0.538478 0.837509
vn 0.112044 0.539199 0.834692
vn 0.477734 0.587212 0.653416
vn 0.453557 0.598103 0.660726
vn 0.812878 0.386588 0.435636
vn 0.831085 0.360991 0.423065
vn 0.183574 0.578405 0.794826
vn 0.162385 0.579554 0.798592
vn 0.541687 0.580003 0.608417
vn 0.565801 0.565801 0.599781
vn 0.87403 0.310631 0.373602
vn 0.88929 0.282247 0.359861
vn 0.262985 0.605449 0.751179
vn 0.240123 0.608906 0.756026
vn 0.651228 0.529815 0.543321
vn 0.627829 0.547439 0.553301
vn 0.935507 0.194401 0.295018
vn 0.923769 0.225116 0.309795
vn 0.323977 0.625248 0.710003
vn 0.34809 0.619083 0.703967
vn 0.70957 0.500868 0.495622
vn 0.731569 0.479836 0.484318
vn 0.960618 0.132034 0.244501
vn 0.968358 0.09955 0.22885
vn 0.074989 0.545588 0.834692
vn 0.055877 0.543559 0.837509
vn 0.411684 0.627661 0.660726
vn 0.436546 0.618445 0.653416
vn 0.7846 0.44116 0.435638
vn 0.804513 0.416863 0.423066
vn 0.992421 0.010887 0.122402
vn 0.98321 0.029172 0.180132
vn 0.143681 0.589584 0.794825
vn 0.122452 0.589283 0.798593
vn 0.500844 0.615618 0.608416
vn 0.525871 0.603094 0.59978
vn 0.850795 0.369552 0.373602
vn 0.867955 0.342278 0.359862
vn 0.221052 0.621987 0.751178
vn 0.198005 0.623875 0.756025
vn 0.589006 0.589006 0.553302
vn 0.613557 0.573018 0.543321
vn 0.906253 0.287631 0.309795
vn 0.92006 0.257788 0.295017
vn 0.280554 0.645898 0.710004
vn 0.305035 0.641392 0.703967
vn 0.673733 0.548124 0.495625
vn 0.69712 0.528639 0.484318
vn 0.949367 0.197282 0.244503
vn 0.959307 0.1654 0.228851
vn 0.035586 0.549091 0.835004
vn -0.005433 0.575799 0.817573
vn 0.037583 0.549433 0.834692
vn 0.367888 0.654294 0.660725
vn 0.393324 0.646796 0.653415
vn 0.752666 0.493674 0.435637
vn 0.774187 0.470796 0.423067
vn 0.978869 0.10063 0.178011
vn 0.984543 0.067345 0.16168
vn 0.103105 0.598015 0.794826
vn 0.081955 0.596267 0.798592
vn 0.483488 0.637576 0.599779
vn 0.457664 0.648363 0.608415
vn 0.823594 0.42675 0.373601
vn 0.842574 0.40071 0.359861
vn 0.154976 0.635931 0.756025
vn 0.178092 0.63562 0.751179
vn 0.547439 0.627829 0.553301
vn 0.573018 0.613557 0.543321
vn 0.884511 0.348807 0.309796
vn 0.900323 0.319974 0.295017
vn 0.260552 0.660714 0.703967
vn 0.23582 0.663539 0.710004
vn 0.634761 0.592821 0.495622
vn 0.659415 0.574984 0.48432
vn 0.945783 0.230482 0.228851
vn 0.933692 0.261608 0.244502
vn 0.322383 0.677871 0.660727
vn 0.34827 0.672127 0.653417
vn 0.740255 0.522531 0.423065
vn 0.717225 0.543885 0.435634
vn 0.977652 0.134376 0.161679
vn 0.96972 0.167196 0.17801
vn 0.034745 0.602369 0.797461
vn 0.06206 0.603656 0.794826
vn 0.018792 0.615123 0.788207
vn 0.024949 0.65297 0.756973
vn 0.041073 0.600468 0.798593
vn 0.41235 0.678084 0.608416
vn 0.438853 0.669084 0.599779
vn 0.813265 0.457276 0.359859
vn 0.79255 0.481962 0.373601
vn 0.991545 0.067824 0.110623
vn 0.996846 0.02984 0.073532
vn 0.996843 0.073532 0.029941
vn 0.998438 0.039504 0.039504
vn 0.994495 0.040036 0.096835
vn 0.134302 0.646293 0.751178
vn 0.11121 0.645025 0.756025
vn 0.503316 0.663724 0.553302
vn 0.529815 0.651228 0.543321
vn 0.876388 0.380669 0.295018
vn 0.858646 0.408354 0.309797
vn 0.214856 0.676953 0.703968
vn 0.18999 0.678084 0.710005
vn 0.592821 0.634761 0.495622
vn 0.618643 0.618643 0.484317
vn 0.927849 0.294487 0.22885
vn 0.913663 0.324715 0.244501
vn 0.275371 0.698293 0.660726
vn 0.301588 0.694328 0.653416
vn 0.702873 0.571828 0.423063
vn 0.678433 0.591567 0.435635
vn 0.966203 0.200778 0.161679
vn 0.95605 0.232983 0.178011
vn 0.365118 0.704641 0.608416
vn 0.392169 0.697472 0.59978
vn 0.757811 0.534923 0.373603
vn 0.780163 0.511708 0.359861
vn 0.984605 0.135331 0.110623
vn 0.991998 0.12235 0.03114
vn 0.990369 0.101814 0.093825
vn 0.993858 0.102172 0.042511
vn 0.089883 0.65395 0.751179
vn 0.066939 0.65111 0.756026
vn 0.45685 0.696524 0.553301
vn 0.484136 0.685867 0.543322
vn 0.848367 0.439589 0.295018
vn 0.828777 0.465998 0.309796
vn 0.143274 0.68947 0.710003
vn 0.168155 0.690039 0.703968
vn 0.548124 0.673733 0.495625
vn 0.574984 0.659415 0.48432
vn 0.905591 0.357118 0.228849
vn 0.889373 0.386309 0.244501
vn 0.227077 0.715457 0.660726
vn 0.253504 0.713291 0.653416
vn 0.636483 0.636483 0.435636
vn 0.66221 0.618461 0.423065
vn 0.950248 0.266248 0.161679
vn 0.937921 0.297684 0.178011
vn 0.343657 0.72261 0.599779
vn 0.316178 0.727917 0.608415
vn 0.719541 0.585389 0.373604
vn 0.743424 0.563755 0.359863
vn 0.984724 0.169784 0.038618
vn 0.981112 0.169162 0.093825
vn 0.973075 0.202206 0.110622
vn 0.984576 0.170841 0.03772
vn 0.975215 0.218991 0.031606
vn 0.029434 0.655574 0.754557
vn 0.000833 0.689539 0.724248
vn 0.045047 0.658561 0.751178
vn 0.408253 0.726076 0.553301
vn 0.436204 0.717306 0.543321
vn 0.816392 0.496456 0.295018
vn 0.795045 0.521469 0.309797
vn 0.095889 0.697639 0.710003
vn 0.120677 0.699906 0.703967
vn 0.500868 0.70957 0.495622
vn 0.528639 0.69712 0.484318
vn 0.860937 0.446102 0.244501
vn 0.879109 0.418086 0.228849
vn 0.204235 0.728929 0.653415
vn 0.177719 0.729286 0.660725
vn 0.591567 0.678433 0.435635
vn 0.618461 0.66221 0.423065
vn 0.929864 0.330474 0.161679
vn 0.915421 0.360994 0.17801
vn 0.265767 0.747795 0.608416
vn 0.293545 0.744376 0.599779
vn 0.703218 0.613174 0.359863
vn 0.677915 0.633129 0.373604
vn 0.970696 0.236551 0.042347
vn 0.967282 0.235719 0.093824
vn 0.957007 0.268142 0.110623
vn 0.963347 0.266596 0.02981
vn 0.386236 0.745402 0.543321
vn 0.35775 0.752245 0.553301
vn 0.780607 0.551014 0.295018
vn 0.757606 0.574509 0.309795
vn 0.036209 0.706229 0.707057
vn 0.048056 0.702556 0.710004
vn 0.019623 0.724109 0.689406
vn 0.072632 0.706509 0.703967
vn 0.479836 0.731569 0.484318
vn 0.451279 0.742095 0.495622
vn 0.848529 0.477102 0.228851
vn 0.828488 0.503812 0.244502
vn 0.12754 0.739712 0.660726
vn 0.154016 0.741165 0.653417
vn 0.543885 0.717225 0.435634
vn 0.571828 0.702873 0.423063
vn 0.905145 0.393157 0.161679
vn 0.888651 0.422624 0.178012
vn 0.242063 0.762672 0.59978
vn 0.214114 0.764188 0.608418
vn 0.633129 0.677915 0.373604
vn 0.659734 0.659734 0.359863
vn 0.94894 0.301181 0.093824
vn 0.936478 0.332825 0.110622
vn 0.952325 0.302256 0.041447
vn 0.948999 0.313507 0.033401
vn 0.932423 0.359676 0.03493
vn 0.334468 0.770021 0.543322
vn 0.305584 0.774904 0.553302
vn 0.741186 0.602999 0.295017
vn 0.716633 0.624871 0.309795
vn 0.399583 0.771162 0.495623
vn 0.428794 0.762608 0.484318
vn 0.813991 0.533897 0.22885
vn 0.792173 0.559178 0.244502
vn 0.076763 0.746692 0.660726
vn 0.103078 0.749948 0.653416
vn 0.493674 0.752666 0.435637
vn 0.522531 0.740255 0.423065
vn 0.85774 0.482281 0.17801
vn 0.876203 0.454014 0.16168
vn 0.161467 0.777018 0.608417
vn 0.189448 0.777413 0.599781
vn 0.613174 0.703218 0.359863
vn 0.585389 0.719541 0.373604
vn 0.926175 0.365234 0.093825
vn 0.911583 0.395954 0.110624
vn 0.929515 0.366551 0.040514
vn 0.913794 0.405057 0.030141
vn 0.281139 0.791052 0.543321
vn 0.251991 0.793952 0.5533
vn 0.698308 0.652175 0.295017
vn 0.67232 0.67232 0.309795
vn 0.375752 0.790093 0.484319
vn 0.346027 0.796632 0.495623
vn 0.752168 0.611933 0.244501
vn 0.775658 0.588202 0.22885
vn 0.05166 0.755234 0.653416
vn 0.032914 0.751658 0.658731
vn 0.017232 0.757095 0.653077
vn 0.009854 0.788309 0.615201
vn 0.470796 0.774187 0.423067
vn 0.44116 0.7846 0.435638
vn 0.843179 0.512747 0.161678
vn 0.822827 0.539692 0.17801
vn 0.108064 0.786226 0.608416
vn 0.135956 0.78853 0.59978
vn 0.563755 0.743424 0.359863
vn 0.534923 0.757811 0.373603
vn 0.882435 0.457243 0.110622
vn 0.892802 0.449399 0.03074
vn 0.899091 0.42759 0.093824
vn 0.902254 0.429095 0.042611
vn 0.226501 0.808394 0.543319
vn 0.197219 0.809298 0.5533
vn 0.652175 0.698308 0.295017
vn 0.624871 0.716633 0.309795
vn 0.320958 0.813893 0.484318
vn 0.290855 0.818389 0.495623
vn 0.73371 0.639764 0.228848
vn 0.708654 0.661838 0.244499
vn 0.416863 0.804513 0.423066
vn 0.386588 0.812878 0.435636
vn 0.784078 0.594587 0.178012
vn 0.806222 0.569092 0.161679
vn 0.036026 0.797202 0.602637
vn 0.081828 0.79597 0.59978
vn 0.022533 0.817378 0.575661
vn 0.054159 0.791768 0.608416
vn 0.481962 0.79255 0.373601
vn 0.511708 0.780163 0.359861
vn 0.870986 0.489732 0.039316
vn 0.867815 0.487949 0.093825
vn 0.869501 0.492564 0.036724
vn 0.844416 0.534723 0.032138
vn 0.849176 0.516394 0.110622
vn 0.170808 0.821966 0.543321
vn 0.141532 0.820869 0.553302
vn 0.602999 0.741186 0.295017
vn 0.574509 0.757606 0.309795
vn 0.264667 0.833899 0.484318
vn 0.234328 0.83633 0.495623
vn 0.661838 0.708654 0.244499
vn 0.688342 0.688342 0.228848
vn 0.330214 0.837365 0.435636
vn 0.360991 0.831085 0.423065
vn 0.765506 0.622785 0.16168
vn 0.741674 0.646708 0.178013
vn 0.42675 0.823594 0.373601
vn 0.457276 0.813265 0.359859
vn 0.835441 0.547964 0.042112
vn 0.832494 0.546031 0.093824
vn 0.817224 0.575552 0.029743
vn 0.811956 0.57314 0.110622
vn 0.114314 0.831706 0.543321
vn 0.085184 0.828614 0.553301
vn 0.551014 0.780607 0.295018
vn 0.521469 0.795045 0.309797
vn 0.176711 0.850372 0.495622
vn 0.207143 0.850016 0.484318
vn 0.639764 0.73371 0.228848
vn 0.611933 0.752168 0.244501
vn 0.303435 0.853782 0.423065
vn 0.272299 0.857948 0.435636
vn 0.72122 0.673573 0.161682
vn 0.695813 0.695813 0.178014
vn 0.369552 0.850795 0.373602
vn 0.40071 0.842574 0.359861
vn 0.770951 0.627214 0.110622
vn 0.79329 0.601571 0.093824
vn 0.787924 0.614902 0.032735
vn 0.756722 0.652756 0.035793
vn 0.796108 0.603708 0.041813
vn 0.037017 0.834086 0.550391
vn 0.009741 0.844813 0.534973
vn 0.020941 0.869897 0.492789
vn 0.057293 0.837568 0.543321
vn 0.465998 0.828777 0.309796
vn 0.496456 0.816392 0.295018
vn 0.148654 0.862171 0.484317
vn 0.118264 0.860449 0.495623
vn 0.588202 0.775658 0.22885
vn 0.559178 0.792173 0.244502
vn 0.213117 0.87453 0.435636
vn 0.244461 0.872499 0.423065
vn 0.673573 0.72122 0.161682
vn 0.646708 0.741674 0.178013
vn 0.310631 0.87403 0.373602
vn 0.342278 0.867955 0.359862
vn 0.753111 0.65668 0.039948
vn 0.750388 0.654306 0.093823
vn 0.72635 0.678365 0.110621
vn 0.723915 0.689219 0.030408
vn 0.439589 0.848367 0.295018
vn 0.408354 0.858646 0.309797
vn 0.034825 0.873121 0.486258
vn 0.059273 0.866513 0.495623
vn 0.08947 0.870305 0.484318
vn 0.02667 0.892906 0.449452
vn 0.533897 0.813991 0.22885
vn 0.503812 0.828488 0.244502
vn 0.184352 0.887147 0.423065
vn 0.152941 0.887035 0.435636
vn 0.594587 0.784078 0.178012
vn 0.622785 0.765506 0.16168
vn 0.282247 0.88929 0.359861
vn 0.250259 0.893192 0.373602
vn 0.703988 0.703988 0.093823
vn 0.706463 0.706463 0.042648
vn 0.689219 0.723915 0.030408
vn 0.678365 0.72635 0.110621
vn 0.348807 0.884511 0.309796
vn 0.380669 0.876388 0.295018
vn 0.477102 0.848529 0.228851
vn 0.446102 0.860937 0.244501
vn 0.09205 0.895403 0.435637
vn 0.123382 0.897659 0.423066
vn 0.539692 0.822827 0.17801
vn 0.569092 0.806222 0.161679
vn 0.220902 0.906478 0.359862
vn 0.188724 0.908188 0.373602
vn 0.627214 0.770951 0.110622
vn 0.65668 0.753111 0.039948
vn 0.654306 0.750388 0.093823
vn 0.652756 0.756722 0.035793
vn 0.614902 0.787924 0.032735
vn 0.287631 0.906253 0.309795
vn 0.319974 0.900323 0.295017
vn 0.386309 0.889373 0.244501
vn 0.418086 0.879109 0.228849
vn 0.061833 0.903987 0.423066
vn 0.037968 0.900711 0.432757
vn 0.006883 0.914188 0.405233
vn 0.482281 0.85774 0.17801
vn 0.512747 0.843179 0.161678
vn 0.126308 0.91895 0.373601
vn 0.158527 0.91944 0.359861
vn 0.57314 0.811956 0.110622
vn 0.601571 0.79329 0.093824
vn 0.603708 0.796108 0.041813
vn 0.575552 0.817224 0.029743
vn 0.225116 0.923769 0.309795
vn 0.257788 0.92006 0.295017
vn 0.324715 0.913663 0.244501
vn 0.357118 0.905591 0.228849
vn 0.454014 0.876203 0.16168
vn 0.422624 0.888651 0.178012
vn 0.095413 0.928115 0.35986
vn 0.032706 0.932493 0.359703
vn 0.0633 0.925427 0.373601
vn 0.031643 0.949053 0.313524
vn 0.033433 0.932136 0.360561
vn 0.516394 0.849176 0.110622
vn 0.546031 0.832494 0.093824
vn 0.547964 0.835441 0.042112
vn 0.534723 0.844416 0.032138
vn 0.492564 0.869501 0.036724
vn 0.161551 0.936978 0.309796
vn 0.194401 0.935507 0.295018
vn 0.261608 0.933692 0.244502
vn 0.294487 0.927849 0.22885
vn 0.393157 0.905145 0.161679
vn 0.360994 0.915421 0.17801
vn 0.489732 0.870986 0.039316
vn 0.487949 0.867815 0.093825
vn 0.457243 0.882435 0.110622
vn 0.449399 0.892802 0.03074
vn 0.130106 0.946592 0.295018
vn 0.097233 0.945818 0.309797
vn 0.197282 0.949367 0.244503
vn 0.230482 0.945783 0.228851
vn 0.330474 0.929864 0.161679
vn 0.297684 0.937921 0.178011
vn 0.42759 0.899091 0.093824
vn 0.429095 0.902254 0.042611
vn 0.405057 0.913794 0.030141
vn 0.395954 0.911583 0.110624
vn 0.065205 0.953264 0.295018
vn 0.007453 0.963749 0.266707
vn 0.035602 0.950591 0.308397
vn 0.132034 0.960618 0.244501
vn 0.1654 0.959307 0.228851
vn 0.232983 0.95605 0.178011
vn 0.266248 0.950248 0.161679
vn 0.365234 0.926175 0.093825
vn 0.332825 0.936478 0.110622
vn 0.366551 0.929515 0.040514
vn 0.359676 0.932423 0.03493
vn 0.313507 0.948999 0.033401
vn 0.066171 0.967389 0.244501
vn 0.09955 0.968358 0.22885
vn 0.038309 0.972133 0.23128
vn 0.030728 0.975242 0.218997
vn 0.037314 0.984591 0.170843
vn 0.200778 0.966203 0.161679
vn 0.167196 0.96972 0.17801
vn 0.301181 0.94894 0.093824
vn 0.302256 0.952325 0.041447
vn 0.268142 0.957007 0.110623
vn 0.266596 0.963347 0.02981
vn 0.100631 0.978869 0.178011
vn 0.134376 0.977652 0.161679
vn 0.202206 0.973075 0.110622
vn 0.235719 0.967282 0.093824
vn 0.236551 0.970696 0.042347
vn 0.218991 0.975215 0.031606
vn 0.170841 0.984576 0.03772
vn 0.029172 0.98321 0.180132
vn 0.067345 0.984543 0.16168
vn 0.010887 0.992421 0.122402
vn 0.135331 0.984605 0.110623
vn 0.169784 0.984724 0.038618
vn 0.169162 0.981112 0.093825
vn 0.12235 0.991998 0.03114
vn 0.101814 0.990369 0.093825
vn 0.067824 0.991545 0.110623
vn 0.040036 0.994495 0.096835
vn 0.102172 0.993858 0.042511
vn 0.02984 0.996846 0.073532
vn 0.039504 0.998438 0.039504
vn 0.073532 0.996843 0.029941
vn -0.02454 0.0 0.999699
vn -0.073569 0.0 0.99729
vn -0.02454 0.0 0.999699
vn -0.122411 0.0 0.99248
vn -0.073569 0.0 0.99729
vn -0.170953 0.0 0.985279
vn -0.122411 0.0 0.99248
vn -0.219101 0.0 0.975702
vn -0.170953 0.0 0.985279
vn -0.266726 0.0 0.963773
vn -0.219101 0.0 0.975702
vn -0.313687 0.0 0.949526
vn -0.266726 0.0 0.963773
vn -0.359883 0.0 0.932998
vn -0.313687 0.0 0.949526
vn -0.359883 0.0 0.932998
vn -0.405236 0.0 0.914212
vn -0.405236 0.0 0.914212
vn -0.449606 0.0 0.893227
vn -0.492903 0.0 0.870084
vn -0.449606 0.0 0.893227
vn -0.535013 0.0 0.844844
vn -0.492903 0.0 0.870084
vn -0.575794 0.0 0.817595
vn -0.535013 0.0 0.844844
vn -0.615246 0.0 0.788335
vn -0.575794 0.0 0.817595
vn -0.653163 0.0 0.757217
vn -0.615246 0.0 0.788335
vn -0.689527 0.0 0.72426
vn -0.653163 0.0 0.757217
vn -0.724251 0.0 0.689537
vn -0.689527 0.0 0.72426
vn -0.757215 0.0 0.653166
vn -0.724251 0.0 0.689537
vn -0.788346 0.0 0.615232
vn -0.757215 0.0 0.653166
vn -0.817575 0.0 0.575822
vn -0.788346 0.0 0.615232
vn -0.844876 0.0 0.534962
vn -0.817575 0.0 0.575822
vn -0.870086 0.0 0.492901
vn -0.844876 0.0 0.534962
vn -0.893224 0.0 0.449612
vn -0.870086 0.0 0.492901
vn -0.914213 0.0 0.405234
vn -0.893224 0.0 0.449612
vn -0.914213 0.0 0.405234
vn -0.932984 0.0 0.359919
vn -0.932984 0.0 0.359919
vn -0.949529 0.0 0.313679
vn -0.96377 0.0 0.266735
vn -0.949529 0.0 0.313679
vn -0.96377 0.0 0.266735
vn -0.975704 0.0 0.219093
vn -0.985287 0.0 0.170908
vn -0.975704 0.0 0.219093
vn -0.985287 0.0 0.170908
vn -0.99247 0.0 0.122486
vn -0.997293 0.0 0.073523
vn -0.99247 0.0 0.122486
vn -0.999698 0.0 0.02456
vn -0.997293 0.0 0.073523
vn -0.999698 0.0 0.02456
vn 0.99729 0.0 0.073565
vn 0.999699 0.0 0.024543
vn 0.999699 0.0 0.024543
vn 0.99729 0.0 0.073565
vn 0.99248 0.0 0.12241
vn 0.99248 0.0 0.12241
vn 0.985278 0.0 0.170962
vn 0.985278 0.0 0.170962
vn 0.975702 0.0 0.2191
vn 0.975702 0.0 0.2191
vn 0.949528 0.0 0.313681
vn 0.963776 0.0 0.266714
vn 0.963776 0.0 0.266714
vn 0.949528 0.0 0.313681
vn 0.932993 0.0 0.359896
vn 0.932993 0.0 0.359896
vn 0.914209 0.0 0.405242
vn 0.914209 0.0 0.405242
vn 0.893224 0.0 0.449612
vn 0.893224 0.0 0.449612
vn 0.870088 0.0 0.492897
vn 0.870088 0.0 0.492897
vn 0.844853 0.0 0.534998
vn 0.844853 0.0 0.534998
vn 0.817585 0.0 0.575807
vn 0.817585 0.0 0.575807
vn 0.788347 0.0 0.61523
vn 0.788347 0.0 0.61523
vn 0.757208 0.0 0.653174
vn 0.757208 0.0 0.653174
vn 0.724249 0.0 0.689539
vn 0.724249 0.0 0.689539
vn 0.689539 0.0 0.724248
vn 0.689539 0.0 0.724248
vn 0.653173 0.0 0.757209
vn 0.653173 0.0 0.757209
vn 0.615232 0.0 0.788346
vn 0.615232 0.0 0.788346
vn 0.575808 0.0 0.817585
vn 0.575808 0.0 0.817585
vn 0.534997 0.0 0.844854
vn 0.534997 0.0 0.844854
vn 0.492899 0.0 0.870087
vn 0.492899 0.0 0.870087
vn 0.405239 0.0 0.914211
vn 0.449612 0.0 0.893224
vn 0.449612 0.0 0.893224
vn 0.405239 0.0 0.914211
vn 0.359896 0.0 0.932993
vn 0.359896 0.0 0.932993
vn 0.266714 0.0 0.963776
vn 0.313682 0.0 0.949528
vn 0.313682 0.0 0.949528
vn 0.266714 0.0 0.963776
vn 0.2191 0.0 0.975702
vn 0.2191 0.0 0.975702
vn 0.122411 0.0 0.99248
vn 0.170962 0.0 0.985278
vn 0.170962 0.0 0.985278
vn 0.122411 0.0 0.99248
vn 0.073565 0.0 0.99729
vn 0.073565 0.0 0.99729
vn 0.02454 0.0 0.999699
vn 0.02454 0.0 0.999699
vn -0.024552 -0.999397 0.024552
vn -0.024532 -0.024532 0.999398
vn -0.989933 -0.072985 -0.121269
vn -0.998296 -0.058223 0.004013
vn -0.995218 -0.024449 0.094568
vn -0.999416 -0.033838 0.004642
vn -0.992311 -0.122465 -0.017933
vn -0.989862 -0.090981 0.109071
vn -0.994761 -0.101989 0.00703
vn -0.999416 -0.033438 0.006962
vn -0.994743 -0.101871 0.010462
vn -0.994761 -0.101281 0.013893
vn -0.984559 -0.170772 0.038483
vn -0.975488 -0.219046 -0.021028
vn -0.984537 -0.170618 0.039707
vn -0.999417 -0.032893 0.0092
vn -0.994742 -0.100915 0.017436
vn -0.99476 -0.100087 0.020838
vn -0.985412 -0.169791 0.011589
vn -0.985496 -0.168811 0.017337
vn -0.999417 -0.032183 0.011437
vn -0.99476 -0.098455 0.027538
vn -0.994742 -0.099498 0.024244
vn -0.985412 -0.1686 0.023179
vn -0.985496 -0.167219 0.028892
vn -0.963743 -0.266739 -0.007
vn -0.971667 -0.235806 0.016096
vn -0.971932 -0.230322 0.047963
vn -0.999417 -0.031324 0.013615
vn -0.994742 -0.097617 0.030968
vn -0.99476 -0.096331 0.034233
vn -0.985413 -0.166619 0.034626
vn -0.985497 -0.16487 0.040173
vn -0.971439 -0.236045 0.024273
vn -0.971666 -0.234157 0.032191
vn -0.999417 -0.030326 0.015714
vn -0.949527 -0.313685 0.000934
vn -0.932933 -0.359885 0.010884
vn -0.951721 -0.304344 0.040028
vn -0.994742 -0.095273 0.037564
vn -0.994761 -0.093758 0.040752
vn -0.985497 -0.161747 0.051312
vn -0.985413 -0.163873 0.045889
vn -0.971438 -0.233838 0.04034
vn -0.971665 -0.23142 0.048093
vn -0.999417 -0.029191 0.017732
vn -0.953351 -0.300281 0.030879
vn -0.952877 -0.302649 0.020698
vn -0.994761 -0.090769 0.047035
vn -0.994742 -0.092479 0.04399
vn -0.985496 -0.157869 0.062244
vn -0.985413 -0.160347 0.057008
vn -0.971439 -0.230549 0.056163
vn -0.971665 -0.227607 0.063736
vn -0.999417 -0.027896 0.019707
vn -0.952879 -0.300528 0.041295
vn -0.953353 -0.297463 0.051316
vn -0.994761 -0.087373 0.053076
vn -0.994743 -0.089275 0.050173
vn -0.914208 -0.405227 0.003784
vn -0.930982 -0.363794 0.030437
vn -0.930658 -0.365038 0.024965
vn -0.985496 -0.153243 0.072895
vn -0.985412 -0.156093 0.067805
vn -0.971437 -0.226177 0.071789
vn -0.971665 -0.222707 0.079179
vn -0.999416 -0.026493 0.021556
vn -0.953351 -0.293286 0.071446
vn -0.952881 -0.296997 0.061739
vn -0.994761 -0.083498 0.058987
vn -0.994742 -0.085629 0.056174
vn -0.929815 -0.366098 0.037622
vn -0.930659 -0.362482 0.049809
vn -0.985497 -0.147934 0.083138
vn -0.985413 -0.15111 0.078276
vn -0.893204 -0.449594 -0.007227
vn -0.901395 -0.431255 0.038815
vn -0.971664 -0.216794 0.094173
vn -0.971438 -0.220743 0.087066
vn -0.999417 -0.024959 0.023316
vn -0.953352 -0.287717 0.091322
vn -0.952878 -0.292108 0.081833
vn -0.994742 -0.081595 0.061886
vn -0.994761 -0.079298 0.064522
vn -0.929814 -0.362677 0.062549
vn -0.930657 -0.358234 0.074468
vn -0.985495 -0.141895 0.093085
vn -0.985412 -0.145394 0.088452
vn -0.902361 -0.429977 0.029412
vn -0.903712 -0.425898 0.043767
vn -0.971438 -0.214295 0.10191
vn -0.971664 -0.209879 0.108718
vn -0.999417 -0.023323 0.024952
vn -0.953354 -0.2808 0.110754
vn -0.95288 -0.285839 0.101569
vn -0.994761 -0.074705 0.069789
vn -0.994742 -0.077184 0.067308
vn -0.929814 -0.35756 0.087164
vn -0.930654 -0.352336 0.098705
vn -0.985496 -0.135209 0.102549
vn -0.985412 -0.139041 0.098138
vn -0.902354 -0.426976 0.058721
vn -0.903705 -0.421926 0.072767
vn -0.971664 -0.201933 0.122849
vn -0.971437 -0.206842 0.116307
vn -0.872592 -0.487311 0.033334
vn -0.869876 -0.492787 0.021813
vn -0.844778 -0.534923 0.0144
vn -0.872139 -0.488373 0.029416
vn -0.999417 -0.021548 0.026499
vn -0.953355 -0.272595 0.129635
vn -0.952883 -0.278228 0.120846
vn -0.994743 -0.072422 0.072404
vn -0.994761 -0.069808 0.074686
vn -0.930654 -0.344781 0.122513
vn -0.929811 -0.350798 0.111322
vn -0.985413 -0.13202 0.107392
vn -0.985497 -0.127896 0.111531
vn -0.903715 -0.415955 0.101399
vn -0.902357 -0.421981 0.087664
vn -0.971664 -0.193109 0.136301
vn -0.971438 -0.198412 0.130156
vn -0.870582 -0.489444 0.050311
vn -0.872598 -0.483885 0.066547
vn -0.999417 -0.019696 0.027904
vn -0.953354 -0.263111 0.147947
vn -0.952882 -0.269327 0.139567
vn -0.835013 -0.54908 0.035572
vn -0.817573 -0.575799 -0.005464
vn -0.994761 -0.064498 0.079317
vn -0.994742 -0.067306 0.077186
vn -0.92981 -0.342382 0.135011
vn -0.930653 -0.335613 0.14577
vn -0.985496 -0.12001 0.119979
vn -0.985413 -0.124368 0.116165
vn -0.903714 -0.408082 0.129501
vn -0.902364 -0.414991 0.116286
vn -0.971664 -0.183363 0.149157
vn -0.971437 -0.18908 0.143382
vn -0.872602 -0.478221 0.099348
vn -0.870593 -0.484852 0.083584
vn -0.999417 -0.017755 0.029177
vn -0.953353 -0.252397 0.165569
vn -0.952881 -0.259174 0.157631
vn -0.837522 -0.54354 0.055872
vn -0.834702 -0.549419 0.037558
vn -0.994761 -0.058953 0.08352
vn -0.994743 -0.061879 0.081599
vn -0.930652 -0.324875 0.168353
vn -0.929809 -0.332366 0.158077
vn -0.985412 -0.116173 0.124363
vn -0.985496 -0.111529 0.127899
vn -0.903709 -0.398298 0.15706
vn -0.902358 -0.406098 0.14434
vn -0.971438 -0.178873 0.155927
vn -0.971666 -0.172731 0.161338
vn -0.8726 -0.470319 0.131789
vn -0.870589 -0.478023 0.11649
vn -0.999417 -0.015709 0.030327
vn -0.953357 -0.240512 0.182384
vn -0.952883 -0.247838 0.174902
vn -0.837512 -0.538476 0.092829
vn -0.8347 -0.545572 0.07501
vn -0.994742 -0.05615 0.085644
vn -0.99476 -0.053145 0.087335
vn -0.92981 -0.320808 0.180375
vn -0.930655 -0.312616 0.190135
vn -0.788195 -0.615139 0.018788
vn -0.798578 -0.60049 0.04105
vn -0.756988 -0.652953 0.024939
vn -0.797449 -0.602385 0.03474
vn -0.985496 -0.102538 0.135214
vn -0.985413 -0.1074 0.132012
vn -0.903718 -0.386627 0.183885
vn -0.90236 -0.395319 0.171666
vn -0.971665 -0.161349 0.172725
vn -0.971439 -0.167784 0.167794
vn -0.872597 -0.460234 0.163582
vn -0.870588 -0.468952 0.148864
vn -0.999417 -0.01361 0.031325
vn -0.952884 -0.235298 0.191434
vn -0.953355 -0.227536 0.198347
vn -0.837512 -0.530882 0.129372
vn -0.834694 -0.539197 0.112038
vn -0.994761 -0.04702 0.090778
vn -0.994742 -0.050203 0.089263
vn -0.930656 -0.29895 0.210972
vn -0.929814 -0.307743 0.20184
vn -0.798582 -0.596277 0.081981
vn -0.794808 -0.60368 0.062049
vn -0.985412 -0.098124 0.139048
vn -0.985496 -0.093044 0.141917
vn -0.902364 -0.382648 0.198291
vn -0.903715 -0.373191 0.209828
vn -0.724263 -0.689523 0.00086
vn -0.754558 -0.655573 0.029451
vn -0.971437 -0.155949 0.178856
vn -0.971664 -0.149168 0.183352
vn -0.872592 -0.44803 0.194555
vn -0.870588 -0.457708 0.180501
vn -0.999417 -0.011437 0.032182
vn -0.952879 -0.221683 0.207068
vn -0.953352 -0.213443 0.213455
vn -0.834695 -0.53029 0.148582
vn -0.837516 -0.520803 0.165323
vn -0.994742 -0.043985 0.092483
vn -0.994761 -0.040739 0.093764
vn -0.930653 -0.283832 0.23092
vn -0.92981 -0.293256 0.222385
vn -0.798572 -0.589312 0.122451
vn -0.794813 -0.598025 0.103144
vn -0.985413 -0.088437 0.145397
vn -0.985497 -0.083185 0.147907
vn -0.902361 -0.368235 0.223938
vn -0.903712 -0.358009 0.234807
vn -0.75602 -0.651118 0.066925
vn -0.751179 -0.658559 0.04506
vn -0.971665 -0.136281 0.193119
vn -0.971437 -0.143384 0.189078
vn -0.872594 -0.433675 0.224734
vn -0.870579 -0.444347 0.211302
vn -0.999417 -0.009209 0.03289
vn -0.952881 -0.20707 0.221676
vn -0.953355 -0.198374 0.227512
vn -0.834701 -0.518903 0.18443
vn -0.837517 -0.508313 0.200458
vn -0.994742 -0.037561 0.095274
vn -0.99476 -0.034236 0.096331
vn -0.929809 -0.27739 0.241887
vn -0.930653 -0.267396 0.249767
vn -0.794809 -0.589612 0.143654
vn -0.798582 -0.579566 0.162389
vn -0.985413 -0.078287 0.151107
vn -0.985496 -0.072886 0.153248
vn -0.902359 -0.352103 0.248541
vn -0.903711 -0.341145 0.2587
vn -0.751166 -0.653962 0.089905
vn -0.756016 -0.645029 0.111251
vn -0.971665 -0.122829 0.20194
vn -0.971439 -0.130145 0.198415
vn -0.8726 -0.417325 0.253791
vn -0.870587 -0.428875 0.241133
vn -0.68939 -0.724123 0.019675
vn -0.709987 -0.702572 0.048071
vn -0.707053 -0.70623 0.036273
vn -0.999417 -0.00695 0.03344
vn -0.952882 -0.19143 0.235309
vn -0.953354 -0.182392 0.240517
vn -0.834704 -0.505117 0.219378
vn -0.837521 -0.493453 0.234653
vn -0.994742 -0.030982 0.097613
vn -0.99476 -0.027565 0.098446
vn -0.930656 -0.249768 0.267386
vn -0.929813 -0.260253 0.260222
vn -0.79859 -0.567119 0.201567
vn -0.794818 -0.578418 0.183565
vn -0.985412 -0.067805 0.156092
vn -0.985496 -0.062238 0.15787
vn -0.903713 -0.322684 0.281384
vn -0.902359 -0.334321 0.271988
vn -0.751186 -0.646292 0.134261
vn -0.756035 -0.635929 0.154939
vn -0.971438 -0.116292 0.206846
vn -0.971664 -0.108732 0.209871
vn -0.870589 -0.411407 0.26985
vn -0.872599 -0.399039 0.281672
vn -0.710018 -0.697622 0.095908
vn -0.703965 -0.706515 0.072589
vn -0.999417 -0.004651 0.033836
vn -0.995217 -0.09458 0.024449
vn -0.952882 -0.174935 0.247819
vn -0.953355 -0.165556 0.252401
vn -0.837517 -0.476291 0.267792
vn -0.834701 -0.488961 0.25336
vn -0.653059 -0.757111 0.017229
vn -0.615217 -0.788296 0.009863
vn -0.658731 -0.751657 0.03296
vn -0.994761 -0.020802 0.100093
vn -0.994742 -0.024249 0.099497
vn -0.92981 -0.241875 0.277397
vn -0.930654 -0.23091 0.283837
vn -0.798571 -0.55208 0.239774
vn -0.794817 -0.564522 0.222667
vn -0.985413 -0.056983 0.160358
vn -0.985496 -0.051337 0.161745
vn -0.903711 -0.30276 0.302725
vn -0.902361 -0.314973 0.294171
vn -0.751173 -0.635617 0.178132
vn -0.756007 -0.623899 0.197999
vn -0.971438 -0.101916 0.214292
vn -0.971665 -0.094173 0.216793
vn -0.870586 -0.392032 0.297305
vn -0.872595 -0.378894 0.30825
vn -0.710006 -0.689476 0.143232
vn -0.703983 -0.699887 0.120687
vn -0.998296 -0.003986 0.058225
vn -0.989942 0.121197 0.072982
vn -0.952881 -0.157604 0.259188
vn -0.953354 -0.147931 0.263121
vn -0.837507 -0.456908 0.299694
vn -0.834693 -0.470527 0.286166
vn -0.653438 -0.755218 0.051628
vn -0.660743 -0.746682 0.076715
vn -0.994742 -0.0174 0.100921
vn -0.994761 -0.013921 0.10128
vn -0.92981 -0.222365 0.293272
vn -0.930651 -0.211016 0.298933
vn -0.794805 -0.548057 0.260613
vn -0.798578 -0.53441 0.27691
vn -0.985497 -0.040182 0.164869
vn -0.985413 -0.045924 0.163868
vn -0.902358 -0.294184 0.314969
vn -0.903713 -0.281373 0.322695
vn -0.751161 -0.622011 0.221041
vn -0.756023 -0.608891 0.240168
vn -0.971438 -0.087046 0.220753
vn -0.971664 -0.079144 0.222721
vn -0.872598 -0.356964 0.33339
vn -0.870585 -0.370847 0.323347
vn -0.710014 -0.678063 0.190028
vn -0.703963 -0.690046 0.168144
vn -0.952882 -0.139561 0.26933
vn -0.953355 -0.129644 0.272594
vn -0.837508 -0.435385 0.330183
vn -0.83469 -0.449916 0.317599
vn -0.653416 -0.749946 0.103095
vn -0.660725 -0.739711 0.127554
vn -0.992311 0.017909 0.122467
vn -0.994761 -0.006982 0.101994
vn -0.989859 -0.109098 0.090978
vn -0.994742 -0.010475 0.101873
vn -0.930652 -0.190109 0.312643
vn -0.929808 -0.201858 0.307752
vn -0.798574 -0.514256 0.312762
vn -0.794806 -0.528966 0.297453
vn -0.60264 -0.797198 0.036064
vn -0.57566 -0.817377 0.022568
vn -0.608397 -0.791784 0.054128
vn -0.985413 -0.034621 0.166623
vn -0.985496 -0.028832 0.167229
vn -0.90236 -0.271988 0.334318
vn -0.903715 -0.258672 0.341156
vn -0.751181 -0.605438 0.263006
vn -0.756015 -0.591124 0.281092
vn -0.971664 -0.063784 0.227596
vn -0.971438 -0.071785 0.226175
vn -0.87059 -0.347913 0.347893
vn -0.8726 -0.333398 0.356953
vn -0.70398 -0.676933 0.214879
vn -0.710004 -0.663546 0.235801
vn -0.953355 -0.110727 0.28081
vn -0.952882 -0.120852 0.278229
vn -0.837513 -0.411851 0.359098
vn -0.834695 -0.427203 0.347536
vn -0.660724 -0.72929 0.177706
vn -0.653419 -0.741163 0.154016
vn -0.92981 -0.180382 0.320806
vn -0.930653 -0.168345 0.324878
vn -0.794817 -0.507449 0.33281
vn -0.79859 -0.491708 0.3471
vn -0.60841 -0.786229 0.108083
vn -0.59976 -0.795988 0.081805
vn -0.985413 -0.023172 0.168597
vn -0.985496 -0.017358 0.168807
vn -0.903716 -0.234812 0.357995
vn -0.902364 -0.248529 0.352096
vn -0.751172 -0.586118 0.303655
vn -0.756033 -0.570517 0.320818
vn -0.550396 -0.834081 0.03705
vn -0.534953 -0.844826 0.009731
vn -0.492797 -0.869893 0.020924
vn -0.971437 -0.056183 0.230549
vn -0.971664 -0.048085 0.231423
vn -0.872596 -0.30825 0.37889
vn -0.870586 -0.323351 0.370842
vn -0.710007 -0.645884 0.280576
vn -0.703963 -0.66072 0.260548
vn -0.953355 -0.091315 0.287707
vn -0.952882 -0.101584 0.285825
vn -0.834692 -0.402475 0.375905
vn -0.837505 -0.386396 0.386374
vn -0.653412 -0.728933 0.204229
vn -0.660733 -0.715441 0.227103
vn -0.930653 -0.145777 0.335611
vn -0.929809 -0.158069 0.332369
vn -0.794822 -0.483527 0.366688
vn -0.798583 -0.466898 0.379829
vn -0.608405 -0.777028 0.161468
vn -0.599774 -0.788532 0.135973
vn -0.984561 -0.038382 0.170782
vn -0.975486 0.021138 0.219044
vn -0.985413 -0.011616 0.169786
vn -0.984537 -0.039731 0.170612
vn -0.902364 -0.223933 0.368231
vn -0.903716 -0.209834 0.373184
vn -0.756034 -0.547321 0.35896
vn -0.751193 -0.563989 0.342967
vn -0.553298 -0.828619 0.085158
vn -0.543332 -0.837559 0.057307
vn -0.971438 -0.04032 0.233844
vn -0.971665 -0.032183 0.234163
vn -0.872594 -0.281671 0.399049
vn -0.870584 -0.297288 0.39205
vn -0.710013 -0.625259 0.323933
vn -0.703983 -0.641388 0.305008
vn -0.953355 -0.071468 0.293269
vn -0.952882 -0.081841 0.292092
vn -0.834685 -0.375901 0.40249
vn -0.837504 -0.359112 0.411856
vn -0.653429 -0.713277 0.253509
vn -0.660734 -0.698287 0.275363
vn -0.930653 -0.122536 0.344775
vn -0.92981 -0.135019 0.342379
vn -0.798583 -0.439868 0.410829
vn -0.794814 -0.457393 0.398827
vn -0.599774 -0.777422 0.189434
vn -0.608414 -0.764193 0.214108
vn -0.903715 -0.183878 0.386637
vn -0.902363 -0.198273 0.382661
vn -0.756025 -0.521534 0.395511
vn -0.751179 -0.539271 0.38068
vn -0.543318 -0.831711 0.114287
vn -0.553315 -0.820857 0.141547
vn -0.971664 -0.016134 0.235813
vn -0.963747 0.006978 0.266728
vn -0.971929 -0.047948 0.230338
vn -0.971438 -0.024266 0.23605
vn -0.870584 -0.269846 0.41142
vn -0.872594 -0.253795 0.417335
vn -0.70396 -0.619077 0.348116
vn -0.709991 -0.601693 0.365895
vn -0.449446 -0.892909 0.026672
vn -0.486256 -0.873122 0.034829
vn -0.495625 -0.866511 0.059288
vn -0.953354 -0.05129 0.297464
vn -0.952882 -0.061715 0.296997
vn -0.83751 -0.330159 0.435399
vn -0.834689 -0.34756 0.427196
vn -0.660722 -0.677885 0.322364
vn -0.65342 -0.694321 0.301596
vn -0.930653 -0.09872 0.352333
vn -0.92981 -0.111339 0.350795
vn -0.794824 -0.42912 0.429081
vn -0.798596 -0.410807 0.439866
vn -0.608409 -0.747797 0.265777
vn -0.599773 -0.762676 0.242071
vn -0.902362 -0.171707 0.395296
vn -0.903715 -0.157065 0.398283
vn -0.756034 -0.493329 0.430162
vn -0.751184 -0.51205 0.416565
vn -0.543333 -0.821954 0.170824
vn -0.5533 -0.809302 0.197202
vn -0.870582 -0.241141 0.42888
vn -0.872593 -0.224713 0.433689
vn -0.703951 -0.593891 0.389547
vn -0.709989 -0.57531 0.40612
vn -0.484333 -0.870298 0.089454
vn -0.495632 -0.860447 0.118236
vn -0.953354 -0.030868 0.300272
vn -0.952881 -0.041301 0.300519
vn -0.837513 -0.29968 0.456906
vn -0.834695 -0.317588 0.449913
vn -0.653406 -0.672136 0.348271
vn -0.660724 -0.654282 0.367912
vn -0.40522 -0.914193 0.006882
vn -0.432747 -0.900715 0.037972
vn -0.92981 -0.087133 0.357577
vn -0.930653 -0.074443 0.35825
vn -0.794823 -0.398796 0.457404
vn -0.798583 -0.379849 0.466884
vn -0.599771 -0.744377 0.29356
vn -0.608406 -0.727919 0.31619
vn -0.903713 -0.12952 0.408077
vn -0.902362 -0.144321 0.406098
vn -0.751179 -0.4824 0.450577
vn -0.756012 -0.462863 0.462821
vn -0.553307 -0.793946 0.251996
vn -0.543318 -0.808399 0.226488
vn -0.872593 -0.194604 0.448008
vn -0.870583 -0.211315 0.444333
vn -0.703963 -0.565934 0.429133
vn -0.710001 -0.546266 0.444401
vn -0.484304 -0.862173 0.148688
vn -0.495603 -0.850378 0.176731
vn -0.951723 -0.040061 0.304333
vn -0.949529 -0.000949 0.313678
vn -0.932928 -0.010906 0.359898
vn -0.952881 -0.020702 0.302636
vn -0.837512 -0.2678 0.476294
vn -0.834695 -0.286134 0.470543
vn -0.653427 -0.646797 0.393302
vn -0.660746 -0.62764 0.411683
vn -0.43564 -0.895404 0.092035
vn -0.423066 -0.903988 0.061813
vn -0.92981 -0.062539 0.362686
vn -0.930654 -0.049819 0.362492
vn -0.794814 -0.366682 0.483544
vn -0.79858 -0.347101 0.491722
vn -0.599782 -0.72262 0.343631
vn -0.608426 -0.704636 0.365111
vn -0.90236 -0.116273 0.415002
vn -0.903713 -0.101362 0.415967
vn -0.756014 -0.430152 0.493368
vn -0.75116 -0.450568 0.482439
vn -0.553301 -0.774899 0.305597
vn -0.543322 -0.791044 0.281158
vn -0.872594 -0.163564 0.460247
vn -0.870582 -0.180501 0.457719
vn -0.703955 -0.535304 0.466794
vn -0.709994 -0.514635 0.480686
vn -0.484304 -0.850022 0.207151
vn -0.495601 -0.836346 0.234318
vn -0.834697 -0.253366 0.488966
vn -0.837514 -0.234676 0.493454
vn -0.653443 -0.618433 0.436524
vn -0.660749 -0.598102 0.453526
vn -0.423053 -0.897662 0.123405
vn -0.435628 -0.887033 0.152975
vn -0.930978 -0.030439 0.363803
vn -0.930654 -0.024971 0.365046
vn -0.929811 -0.037637 0.366107
vn -0.914206 -0.00379 0.405231
vn -0.79859 -0.312717 0.514259
vn -0.794817 -0.332847 0.507424
vn -0.608394 -0.678109 0.412342
vn -0.599777 -0.697455 0.392205
vn -0.373591 -0.925433 0.063279
vn -0.359713 -0.932489 0.03271
vn -0.313528 -0.949051 0.031647
vn -0.360556 -0.932138 0.033425
vn -0.903714 -0.072751 0.42191
vn -0.902362 -0.087694 0.421964
vn -0.756025 -0.395498 0.521543
vn -0.751176 -0.41659 0.512042
vn -0.543327 -0.77002 0.334461
vn -0.5533 -0.752258 0.357725
vn -0.870585 -0.148853 0.468961
vn -0.872598 -0.131774 0.470328
vn -0.703969 -0.502215 0.502203
vn -0.710007 -0.480651 0.51465
vn -0.484308 -0.833917 0.264627
vn -0.495637 -0.818375 0.290872
vn -0.834697 -0.2194 0.505118
vn -0.837513 -0.200455 0.50832
vn -0.660741 -0.56573 0.493326
vn -0.653428 -0.587196 0.477737
vn -0.423078 -0.887145 0.184333
vn -0.435658 -0.874518 0.213121
vn -0.794822 -0.297409 0.528967
vn -0.798586 -0.276908 0.534399
vn -0.599755 -0.669107 0.43885
vn -0.608393 -0.648383 0.457665
vn -0.373583 -0.918954 0.126332
vn -0.359836 -0.928123 0.095424
vn -0.903713 -0.043783 0.425894
vn -0.90236 -0.058681 0.426968
vn -0.756025 -0.359007 0.547303
vn -0.751181 -0.380674 0.539272
vn -0.553311 -0.726051 0.408285
vn -0.543313 -0.745411 0.38623
vn -0.266738 -0.96374 0.007443
vn -0.308423 -0.950583 0.03559
vn -0.872597 -0.099386 0.478224
vn -0.870588 -0.116491 0.478024
vn -0.70397 -0.466764 0.535311
vn -0.710003 -0.444419 0.546248
vn -0.484328 -0.813877 0.320984
vn -0.495618 -0.796637 0.346022
vn -0.837514 -0.165311 0.52081
vn -0.834698 -0.184429 0.518909
vn -0.653442 -0.553233 0.516669
vn -0.660752 -0.530764 0.530751
vn -0.435619 -0.857969 0.27226
vn -0.423078 -0.872485 0.244487
vn -0.798589 -0.239785 0.55205
vn -0.79482 -0.260639 0.548022
vn -0.608397 -0.615621 0.500863
vn -0.599755 -0.637593 0.483497
vn -0.359846 -0.919443 0.158542
vn -0.373574 -0.908202 0.188709
vn -0.90236 -0.02941 0.429978
vn -0.893201 0.007239 0.4496
vn -0.901394 -0.038818 0.431257
vn -0.756021 -0.320789 0.570549
vn -0.751172 -0.342978 0.564009
vn -0.553334 -0.696514 0.456825
vn -0.543352 -0.7173 0.436174
vn -0.295019 -0.953261 0.065248
vn -0.309783 -0.945822 0.097244
vn -0.872595 -0.066505 0.483896
vn -0.870584 -0.083593 0.484867
vn -0.703969 -0.429164 0.565902
vn -0.710008 -0.406105 0.575298
vn -0.495603 -0.771177 0.39958
vn -0.484307 -0.790093 0.375766
vn -0.834694 -0.148576 0.530293
vn -0.837511 -0.129372 0.530884
vn -0.653436 -0.516673 0.553236
vn -0.660743 -0.493303 0.565748
vn -0.435616 -0.837363 0.330247
vn -0.423031 -0.853797 0.303439
vn -0.798586 -0.201566 0.567126
vn -0.794821 -0.222619 0.564535
vn -0.599761 -0.603097 0.52589
vn -0.60839 -0.580027 0.541692
vn -0.359833 -0.906493 0.220888
vn -0.373594 -0.893187 0.250289
vn -0.756019 -0.281128 0.591103
vn -0.751176 -0.303686 0.586098
vn -0.543344 -0.685847 0.48414
vn -0.553318 -0.663717 0.503308
vn -0.295008 -0.946595 0.130108
vn -0.309792 -0.936977 0.161565
vn -0.870585 -0.050319 0.489437
vn -0.872141 -0.029397 0.48837
vn -0.869879 -0.021796 0.492783
vn -0.844789 -0.014383 0.534906
vn -0.872596 -0.033331 0.487304
vn -0.703967 -0.389523 0.593888
vn -0.710002 -0.365888 0.601683
vn -0.4843 -0.762624 0.428786
vn -0.495602 -0.742118 0.451265
vn -0.244489 -0.967389 0.066215
vn -0.21899 -0.975242 0.030767
vn -0.170779 -0.984601 0.037361
vn -0.23126 -0.972136 0.038339
vn -0.837514 -0.092834 0.538471
vn -0.834695 -0.112051 0.539192
vn -0.653432 -0.477719 0.587207
vn -0.660733 -0.45357 0.598085
vn -0.423055 -0.831087 0.360998
vn -0.435629 -0.812876 0.386601
vn -0.798585 -0.162381 0.579564
vn -0.794817 -0.18358 0.578415
vn -0.608401 -0.541687 0.580021
vn -0.599756 -0.565826 0.565804
vn -0.373619 -0.874025 0.310628
vn -0.359872 -0.88929 0.282232
vn -0.75117 -0.262989 0.605459
vn -0.756019 -0.24012 0.608916
vn -0.553315 -0.627813 0.547442
vn -0.543333 -0.651218 0.529816
vn -0.29504 -0.935509 0.194358
vn -0.309828 -0.923763 0.225096
vn -0.703966 -0.34809 0.619084
vn -0.710003 -0.323972 0.62525
vn -0.495617 -0.709564 0.500881
vn -0.484298 -0.731591 0.479822
vn -0.228863 -0.968356 0.099538
vn -0.244521 -0.960612 0.132035
vn -0.834697 -0.074983 0.545581
vn -0.837513 -0.055883 0.543553
vn -0.653414 -0.436538 0.618453
vn -0.660724 -0.411678 0.627666
vn -0.42307 -0.804517 0.416851
vn -0.43564 -0.784607 0.441146
vn -0.180195 -0.9832 0.029107
vn -0.122478 -0.992412 0.010827
vn -0.798585 -0.122462 0.589292
vn -0.794819 -0.143683 0.589591
vn -0.608407 -0.500841 0.615629
vn -0.599768 -0.525877 0.603101
vn -0.373596 -0.850795 0.369558
vn -0.359865 -0.867943 0.342303
vn -0.756021 -0.19801 0.623879
vn -0.751173 -0.221058 0.621991
vn -0.543338 -0.613544 0.573016
vn -0.553311 -0.589013 0.58899
vn -0.309775 -0.906264 0.287619
vn -0.295022 -0.920047 0.257829
vn -0.710002 -0.280555 0.645899
vn -0.703967 -0.305029 0.641395
vn -0.495627 -0.673727 0.548129
vn -0.484319 -0.69712 0.528638
vn -0.228889 -0.959305 0.165359
vn -0.24454 -0.949367 0.197237
vn -0.834696 -0.037584 0.549427
vn -0.817563 0.00546 0.575813
vn -0.835008 -0.035589 0.549086
vn -0.653422 -0.393339 0.64678
vn -0.660738 -0.367883 0.654284
vn -0.423073 -0.774197 0.470774
vn -0.435642 -0.752678 0.493652
vn -0.178046 -0.978865 0.100618
vn -0.161717 -0.984537 0.067336
vn -0.798585 -0.08195 0.596277
vn -0.794817 -0.10311 0.598025
vn -0.599774 -0.483495 0.637576
vn -0.608415 -0.457655 0.648369
vn -0.373625 -0.823591 0.426734
vn -0.359875 -0.842586 0.400673
vn -0.756017 -0.154978 0.63594
vn -0.751172 -0.178087 0.63563
vn -0.54333 -0.573026 0.613542
vn -0.553315 -0.547432 0.627822
vn -0.294989 -0.900331 0.319978
vn -0.30978 -0.884506 0.348834
vn -0.703964 -0.260548 0.660718
vn -0.71 -0.235825 0.663541
vn -0.495628 -0.634754 0.592824
vn -0.484324 -0.659412 0.574983
vn -0.228853 -0.945775 0.230513
vn -0.244509 -0.933678 0.261649
vn -0.66073 -0.322376 0.677871
vn -0.653424 -0.348251 0.67213
vn -0.423059 -0.740255 0.522536
vn -0.435625 -0.717229 0.543887
vn -0.178001 -0.969729 0.167156
vn -0.161699 -0.977646 0.134394
vn -0.794819 -0.06206 0.603665
vn -0.788207 -0.018794 0.615123
vn -0.756979 -0.024949 0.652963
vn -0.797449 -0.034725 0.602386
vn -0.798585 -0.041076 0.600479
vn -0.60841 -0.412371 0.678076
vn -0.599782 -0.43885 0.669083
vn -0.373581 -0.792569 0.481946
vn -0.359864 -0.813247 0.457304
vn -0.096836 -0.994494 0.040063
vn -0.073495 -0.996849 0.02985
vn -0.110607 -0.991548 0.067815
vn -0.029952 -0.996846 0.073491
vn -0.039503 -0.998438 0.039504
vn -0.756018 -0.111215 0.645034
vn -0.75117 -0.134304 0.646302
vn -0.553306 -0.50332 0.663719
vn -0.543331 -0.529801 0.651231
vn -0.309814 -0.858658 0.408316
vn -0.295035 -0.8764 0.380628
vn -0.703967 -0.214869 0.676951
vn -0.710009 -0.189981 0.678082
vn -0.495624 -0.592832 0.634749
vn -0.484325 -0.61864 0.618639
vn -0.228869 -0.927841 0.294501
vn -0.244513 -0.913659 0.324715
vn -0.660739 -0.275361 0.698283
vn -0.653425 -0.301596 0.694316
vn -0.43563 -0.678434 0.591569
vn -0.423056 -0.702878 0.571827
vn -0.177993 -0.956045 0.233017
vn -0.161647 -0.966207 0.200785
vn -0.599766 -0.39217 0.697483
vn -0.608407 -0.365104 0.704656
vn -0.373588 -0.757813 0.534931
vn -0.359838 -0.780179 0.511701
vn -0.042534 -0.993858 0.102158
vn -0.110625 -0.984603 0.13535
vn -0.031111 -0.99199 0.122427
vn -0.093811 -0.990372 0.1018
vn -0.751173 -0.08989 0.653956
vn -0.756021 -0.066938 0.651116
vn -0.543331 -0.484151 0.685849
vn -0.553319 -0.456842 0.696515
vn -0.309797 -0.828761 0.466028
vn -0.29501 -0.848362 0.439603
vn -0.703973 -0.168153 0.690034
vn -0.710007 -0.143274 0.689465
vn -0.495616 -0.548117 0.673745
vn -0.484311 -0.574977 0.659427
vn -0.244506 -0.889389 0.386269
vn -0.228868 -0.905591 0.357104
vn -0.660739 -0.227086 0.715441
vn -0.653432 -0.253504 0.713275
vn -0.435634 -0.636485 0.636483
vn -0.423063 -0.662213 0.618459
vn -0.161686 -0.950252 0.266231
vn -0.178033 -0.937913 0.297698
vn -0.60841 -0.316191 0.727915
vn -0.599777 -0.343662 0.72261
vn -0.359855 -0.743431 0.56375
vn -0.373597 -0.719546 0.585387
vn -0.110598 -0.973077 0.202213
vn -0.093817 -0.981106 0.169201
vn -0.038583 -0.984719 0.169824
vn -0.037765 -0.984584 0.170786
vn -0.031645 -0.975215 0.218983
vn -0.754546 -0.029466 0.655585
vn -0.724251 -0.000876 0.689536
vn -0.751174 -0.045047 0.658566
vn -0.543333 -0.436185 0.717308
vn -0.55331 -0.408246 0.726074
vn -0.309786 -0.795056 0.521458
vn -0.295024 -0.816378 0.496475
vn -0.710003 -0.095894 0.697639
vn -0.703969 -0.120673 0.699904
vn -0.48431 -0.528633 0.697131
vn -0.495601 -0.500893 0.709567
vn -0.244487 -0.860933 0.446117
vn -0.22883 -0.87911 0.418094
vn -0.660729 -0.177718 0.729282
vn -0.653421 -0.204223 0.728926
vn -0.435631 -0.591558 0.678443
vn -0.423059 -0.618456 0.662218
vn -0.161695 -0.929851 0.330501
vn -0.178006 -0.915426 0.360982
vn -0.59977 -0.293547 0.744383
vn -0.608404 -0.265775 0.747802
vn -0.359846 -0.703211 0.613192
vn -0.373578 -0.677925 0.633133
vn -0.042386 -0.970696 0.236544
vn -0.1106 -0.957014 0.268125
vn -0.093806 -0.967285 0.235713
vn -0.029837 -0.963341 0.266616
vn -0.543333 -0.386238 0.745392
vn -0.553314 -0.357751 0.752235
vn -0.309802 -0.757609 0.574501
vn -0.295014 -0.780626 0.55099
vn -0.707064 -0.036239 0.70622
vn -0.710003 -0.048056 0.702557
vn -0.689394 -0.019634 0.72412
vn -0.703966 -0.072632 0.70651
vn -0.484294 -0.479853 0.731574
vn -0.49561 -0.451267 0.742111
vn -0.244522 -0.828471 0.50383
vn -0.228851 -0.848537 0.477088
vn -0.660736 -0.127535 0.739705
vn -0.653423 -0.154022 0.741158
vn -0.423057 -0.571818 0.702885
vn -0.435627 -0.543878 0.717235
vn -0.177996 -0.88865 0.422632
vn -0.161664 -0.905144 0.393166
vn -0.608401 -0.214107 0.764203
vn -0.599763 -0.242056 0.762688
vn -0.359841 -0.659747 0.659733
vn -0.37359 -0.633125 0.677925
vn -0.093802 -0.948947 0.301164
vn -0.110624 -0.936468 0.332852
vn -0.041462 -0.95233 0.302238
vn -0.033405 -0.948999 0.313504
vn -0.034934 -0.932414 0.359699
vn -0.55331 -0.30558 0.774899
vn -0.543331 -0.334461 0.770018
vn -0.309784 -0.716623 0.624888
vn -0.295008 -0.741173 0.60302
vn -0.484314 -0.428801 0.762607
vn -0.495619 -0.39959 0.771161
vn -0.228876 -0.813982 0.5339
vn -0.244509 -0.79219 0.559152
vn -0.653426 -0.103075 0.74994
vn -0.660735 -0.076762 0.746684
vn -0.435627 -0.493686 0.752664
vn -0.423061 -0.522529 0.740259
vn -0.161677 -0.876212 0.453997
vn -0.178008 -0.857748 0.482267
vn -0.599772 -0.189462 0.777417
vn -0.608408 -0.161475 0.777023
vn -0.373611 -0.585375 0.719549
vn -0.359859 -0.613184 0.703212
vn -0.093848 -0.926178 0.36522
vn -0.110657 -0.911576 0.39596
vn -0.04049 -0.929521 0.366539
vn -0.030115 -0.913798 0.40505
vn -0.543329 -0.281136 0.791048
vn -0.553313 -0.251977 0.793948
vn -0.309805 -0.672324 0.67231
vn -0.295023 -0.69832 0.652158
vn -0.49561 -0.346025 0.796642
vn -0.484308 -0.375744 0.790103
vn -0.244528 -0.752147 0.611949
vn -0.228854 -0.775672 0.588183
vn -0.658738 -0.032916 0.751652
vn -0.653067 -0.017184 0.757105
vn -0.615216 -0.009813 0.788297
vn -0.653425 -0.051657 0.755227
vn -0.435637 -0.441166 0.784597
vn -0.423061 -0.470814 0.774179
vn -0.161664 -0.843176 0.512757
vn -0.177995 -0.822825 0.539701
vn -0.608407 -0.108064 0.786234
vn -0.59977 -0.135958 0.788538
vn -0.359864 -0.563731 0.743441
vn -0.373592 -0.534923 0.757817
vn -0.093855 -0.899082 0.4276
vn -0.110637 -0.882443 0.457225
vn -0.030731 -0.892802 0.449399
vn -0.042596 -0.902249 0.429106
vn -0.54334 -0.226509 0.808378
vn -0.553319 -0.197228 0.809283
vn -0.309786 -0.624882 0.716628
vn -0.295017 -0.652166 0.698316
vn -0.484306 -0.320957 0.813901
vn -0.49561 -0.290856 0.818397
vn -0.228882 -0.733698 0.639766
vn -0.244519 -0.708665 0.661819
vn -0.423054 -0.416848 0.804527
vn -0.435622 -0.38658 0.81289
vn -0.178002 -0.784094 0.594569
vn -0.161674 -0.80623 0.569082
vn -0.602631 -0.036033 0.797206
vn -0.608407 -0.054157 0.791775
vn -0.599771 -0.081828 0.795977
vn -0.575648 -0.022536 0.817387
vn -0.373591 -0.481982 0.792542
vn -0.359857 -0.511717 0.78016
vn -0.039304 -0.870997 0.489714
vn -0.09384 -0.867824 0.48793
vn -0.036692 -0.8695 0.492569
vn -0.032111 -0.844441 0.534686
vn -0.110652 -0.849168 0.516401
vn -0.543331 -0.170794 0.821962
vn -0.553308 -0.141532 0.820865
vn -0.309801 -0.574484 0.757622
vn -0.295005 -0.603006 0.741185
vn -0.495611 -0.234342 0.836334
vn -0.484309 -0.264675 0.833902
vn -0.244526 -0.661824 0.708658
vn -0.228863 -0.688348 0.68833
vn -0.43564 -0.33021 0.837364
vn -0.423063 -0.361005 0.83108
vn -0.178002 -0.741669 0.646717
vn -0.161662 -0.765511 0.622783
vn -0.373606 -0.426731 0.823601
vn -0.359849 -0.457293 0.81326
vn -0.093841 -0.832474 0.546059
vn -0.110616 -0.811964 0.57313
vn -0.042134 -0.835421 0.547993
vn -0.02977 -0.817213 0.575567
vn -0.553312 -0.085183 0.828607
vn -0.54333 -0.114319 0.8317
vn -0.309817 -0.521473 0.795034
vn -0.29504 -0.551017 0.780597
vn -0.484302 -0.207146 0.850025
vn -0.495612 -0.176699 0.85038
vn -0.228863 -0.639736 0.73373
vn -0.244498 -0.611939 0.752165
vn -0.435636 -0.272306 0.857945
vn -0.42307 -0.303432 0.853781
vn -0.161671 -0.721215 0.673581
vn -0.177992 -0.695824 0.695807
vn -0.373597 -0.369567 0.850791
vn -0.359869 -0.400699 0.842577
vn -0.093821 -0.793303 0.601554
vn -0.110628 -0.770953 0.627211
vn -0.032734 -0.787924 0.614902
vn -0.035791 -0.75673 0.652748
vn -0.041826 -0.796121 0.603691
vn -0.543332 -0.057291 0.837561
vn -0.550406 -0.037004 0.834077
vn -0.534988 -0.009728 0.844804
vn -0.492795 -0.020931 0.869894
vn -0.295031 -0.496451 0.81639
vn -0.309799 -0.466013 0.828768
vn -0.495613 -0.118271 0.860453
vn -0.484311 -0.148652 0.862175
vn -0.244501 -0.559185 0.792169
vn -0.228849 -0.588209 0.775653
vn -0.435634 -0.213118 0.874531
vn -0.423063 -0.244464 0.872499
vn -0.178002 -0.646684 0.741698
vn -0.161654 -0.673575 0.721225
vn -0.359853 -0.342285 0.867955
vn -0.373598 -0.310629 0.874033
vn -0.039975 -0.753093 0.656698
vn -0.110605 -0.726345 0.678372
vn -0.093814 -0.750372 0.654325
vn -0.03044 -0.723915 0.689217
vn -0.295008 -0.439579 0.848375
vn -0.309787 -0.408344 0.858654
vn -0.449446 -0.026683 0.892909
vn -0.484306 -0.089469 0.870312
vn -0.49561 -0.059272 0.86652
vn -0.486252 -0.03484 0.873124
vn -0.244513 -0.503807 0.828487
vn -0.228852 -0.533908 0.813984
vn -0.43563 -0.152939 0.887038
vn -0.423061 -0.184346 0.887151
vn -0.161681 -0.622778 0.765511
vn -0.178003 -0.594595 0.784074
vn -0.373598 -0.250262 0.893193
vn -0.359858 -0.282248 0.889291
vn -0.042669 -0.706478 0.706448
vn -0.030411 -0.689208 0.723925
vn -0.093822 -0.704003 0.703973
vn -0.110631 -0.678362 0.726351
vn -0.309791 -0.348813 0.88451
vn -0.295015 -0.38067 0.876388
vn -0.244526 -0.446088 0.860937
vn -0.228867 -0.477106 0.848522
vn -0.42306 -0.12338 0.897662
vn -0.435631 -0.092049 0.895406
vn -0.178004 -0.539704 0.822821
vn -0.161673 -0.569104 0.806215
vn -0.359855 -0.2209 0.906481
vn -0.373597 -0.188718 0.908191
vn -0.03995 -0.656675 0.753115
vn -0.093831 -0.6543 0.750392
vn -0.035788 -0.652745 0.756732
vn -0.032733 -0.614916 0.787913
vn -0.11063 -0.627207 0.770956
vn -0.295009 -0.319973 0.900326
vn -0.309788 -0.287632 0.906256
vn -0.244522 -0.386308 0.889368
vn -0.228875 -0.418077 0.879106
vn -0.423063 -0.061837 0.903988
vn -0.405226 -0.006899 0.91419
vn -0.432748 -0.037983 0.900714
vn -0.178007 -0.482287 0.857737
vn -0.161672 -0.512759 0.843173
vn -0.359859 -0.158528 0.91944
vn -0.373599 -0.126306 0.918951
vn -0.093843 -0.601581 0.793281
vn -0.110641 -0.57315 0.811947
vn -0.041813 -0.603719 0.7961
vn -0.029733 -0.57554 0.817233
vn -0.309802 -0.225113 0.923768
vn -0.295017 -0.257801 0.920056
vn -0.244513 -0.324712 0.91366
vn -0.228864 -0.357109 0.905591
vn -0.178007 -0.422618 0.888655
vn -0.161672 -0.454011 0.876205
vn -0.35969 -0.032705 0.932498
vn -0.373597 -0.063304 0.925429
vn -0.31353 -0.031643 0.949051
vn -0.359858 -0.095412 0.928116
vn -0.360561 -0.033444 0.932136
vn -0.093829 -0.546022 0.8325
vn -0.110615 -0.516406 0.84917
vn -0.042102 -0.547955 0.835448
vn -0.032145 -0.534736 0.844407
vn -0.036731 -0.49257 0.869497
vn -0.309796 -0.161551 0.936978
vn -0.295021 -0.194394 0.935507
vn -0.244512 -0.26162 0.933686
vn -0.228864 -0.294489 0.927845
vn -0.178014 -0.360986 0.915424
vn -0.161678 -0.393159 0.905144
vn -0.039326 -0.489735 0.870984
vn -0.110615 -0.457241 0.882437
vn -0.093814 -0.487952 0.867814
vn -0.030747 -0.449393 0.892805
vn -0.29502 -0.13011 0.946591
vn -0.309799 -0.097232 0.945817
vn -0.228855 -0.230481 0.945782
vn -0.244511 -0.197274 0.949367
vn -0.178017 -0.297687 0.937919
vn -0.161687 -0.330476 0.929862
vn -0.09382 -0.427592 0.89909
vn -0.042614 -0.429096 0.902253
vn -0.03014 -0.405052 0.913797
vn -0.11062 -0.395956 0.911582
vn -0.295021 -0.065206 0.953263
vn -0.266718 -0.007464 0.963746
vn -0.308397 -0.035607 0.950591
vn -0.244509 -0.132037 0.960615
vn -0.22886 -0.165397 0.959305
vn -0.161678 -0.266239 0.950251
vn -0.178005 -0.232984 0.956051
vn -0.110618 -0.332827 0.936477
vn -0.093822 -0.365236 0.926175
vn -0.040512 -0.366553 0.929515
vn -0.034916 -0.359663 0.932429
vn -0.033389 -0.313512 0.948997
vn -0.228859 -0.099553 0.968356
vn -0.244512 -0.066172 0.967386
vn -0.218998 -0.030726 0.975241
vn -0.170834 -0.037314 0.984593
vn -0.231293 -0.038315 0.972129
vn -0.178009 -0.167193 0.969721
vn -0.161675 -0.200782 0.966203
vn -0.093822 -0.301185 0.948939
vn -0.041437 -0.302259 0.952325
vn -0.029804 -0.266607 0.963344
vn -0.110626 -0.268133 0.957009
vn -0.161678 -0.134375 0.977652
vn -0.178007 -0.100634 0.97887
vn -0.093827 -0.235711 0.967283
vn -0.11062 -0.20221 0.973075
vn -0.042349 -0.236543 0.970698
vn -0.031613 -0.218992 0.975214
vn -0.037727 -0.170831 0.984578
vn -0.180128 -0.029167 0.983211
vn -0.161674 -0.067342 0.984544
vn -0.122404 -0.010885 0.992421
vn -0.093822 -0.169164 0.981112
vn -0.038615 -0.169786 0.984724
vn -0.110622 -0.13533 0.984606
vn -0.031137 -0.122351 0.991998
vn -0.093823 -0.10181 0.99037
vn -0.110621 -0.067821 0.991546
vn -0.096835 -0.040038 0.994495
vn -0.042513 -0.102169 0.993858
vn -0.073536 -0.029843 0.996846
vn -0.039507 -0.039507 0.998438
vn -0.029946 -0.073536 0.996843
vn 0.999398 -0.024535 0.024535
vn 0.024552 -0.999397 0.024552
vn 0.073025 0.120925 0.989972
vn 0.02443 -0.094834 0.995193
vn 0.058299 -0.003988 0.998291
vn 0.033843 -0.004653 0.999416
vn 0.122392 0.017871 0.992321
vn 0.09098 -0.108836 0.989888
vn 0.101966 -0.006975 0.994763
vn 0.033447 -0.00695 0.999416
vn 0.101845 -0.010472 0.994745
vn 0.101252 -0.013922 0.994763
vn 0.170837 -0.038282 0.984555
vn 0.219051 0.021181 0.975484
vn 0.170635 -0.039886 0.984527
vn 0.032896 -0.009211 0.999416
vn 0.100893 -0.017395 0.994745
vn 0.100067 -0.020792 0.994763
vn 0.169804 -0.011618 0.985409
vn 0.168825 -0.01736 0.985493
vn 0.032189 -0.01144 0.999416
vn 0.099471 -0.024243 0.994745
vn 0.09842 -0.027558 0.994763
vn 0.168616 -0.023174 0.985409
vn 0.167247 -0.028835 0.985493
vn 0.266708 0.00697 0.963752
vn 0.235815 -0.016134 0.971664
vn 0.230346 -0.047913 0.971928
vn 0.031331 -0.013615 0.999416
vn 0.097586 -0.030974 0.994745
vn 0.096305 -0.034227 0.994763
vn 0.166641 -0.034624 0.985409
vn 0.164887 -0.040186 0.985493
vn 0.236052 -0.024264 0.971438
vn 0.234164 -0.032183 0.971664
vn 0.030334 -0.015711 0.999416
vn 0.313681 -0.000966 0.949528
vn 0.359874 -0.010917 0.932937
vn 0.304332 -0.040093 0.951722
vn 0.095248 -0.037553 0.994745
vn 0.093737 -0.040733 0.994763
vn 0.161763 -0.051343 0.985493
vn 0.163886 -0.045929 0.98541
vn 0.233846 -0.04032 0.971437
vn 0.231424 -0.048085 0.971664
vn 0.029183 -0.017758 0.999416
vn 0.300269 -0.030865 0.953355
vn 0.302633 -0.020702 0.952882
vn 0.090755 -0.047004 0.994763
vn 0.092459 -0.043971 0.994745
vn 0.157886 -0.062249 0.985493
vn 0.160375 -0.056989 0.98541
vn 0.230551 -0.056185 0.971437
vn 0.227598 -0.063785 0.971664
vn 0.02791 -0.0197 0.999416
vn 0.300516 -0.041303 0.952882
vn 0.297461 -0.051289 0.953355
vn 0.087311 -0.053131 0.994763
vn 0.089239 -0.050189 0.994745
vn 0.405236 -0.003789 0.914204
vn 0.363781 -0.030456 0.930986
vn 0.365028 -0.02497 0.930662
vn 0.153267 -0.072891 0.985493
vn 0.156108 -0.067815 0.985409
vn 0.226177 -0.071786 0.971437
vn 0.222723 -0.079145 0.971664
vn 0.026505 -0.021553 0.999416
vn 0.296995 -0.061715 0.952883
vn 0.293266 -0.071469 0.953356
vn 0.083498 -0.058937 0.994764
vn 0.085621 -0.056135 0.994745
vn 0.366089 -0.037636 0.929818
vn 0.362474 -0.049818 0.930661
vn 0.147923 -0.083194 0.985493
vn 0.151125 -0.078293 0.985409
vn 0.4496 0.007107 0.893202
vn 0.431292 -0.038859 0.901375
vn 0.216793 -0.094177 0.971664
vn 0.220755 -0.087046 0.971437
vn 0.024957 -0.023327 0.999416
vn 0.287704 -0.091314 0.953356
vn 0.292089 -0.08184 0.952883
vn 0.081575 -0.061864 0.994745
vn 0.079296 -0.06448 0.994763
vn 0.362669 -0.062536 0.929818
vn 0.358232 -0.07444 0.93066
vn 0.141932 -0.093054 0.985493
vn 0.145413 -0.088447 0.98541
vn 0.430008 -0.029411 0.902346
vn 0.425923 -0.043788 0.903699
vn 0.209874 -0.10873 0.971664
vn 0.214292 -0.101919 0.971438
vn 0.023321 -0.024964 0.999416
vn 0.280807 -0.110724 0.953356
vn 0.285822 -0.101582 0.952883
vn 0.074665 -0.069789 0.994764
vn 0.077166 -0.067287 0.994745
vn 0.35756 -0.087129 0.929817
vn 0.352316 -0.098715 0.930661
vn 0.135227 -0.102552 0.985493
vn 0.139063 -0.098135 0.985409
vn 0.426998 -0.058687 0.902346
vn 0.421939 -0.072756 0.9037
vn 0.201942 -0.12283 0.971665
vn 0.206849 -0.116291 0.971437
vn 0.487299 -0.033329 0.872599
vn 0.492781 -0.021844 0.869879
vn 0.534942 -0.014424 0.844766
vn 0.488338 -0.029497 0.872156
vn 0.021561 -0.026498 0.999416
vn 0.278226 -0.120851 0.952883
vn 0.272589 -0.129645 0.953356
vn 0.072385 -0.072403 0.994745
vn 0.06977 -0.074685 0.994763
vn 0.344759 -0.122528 0.93066
vn 0.350778 -0.111334 0.929817
vn 0.132026 -0.107412 0.985409
vn 0.127915 -0.111538 0.985493
vn 0.415995 -0.101369 0.903699
vn 0.421993 -0.087698 0.902347
vn 0.198416 -0.130146 0.971439
vn 0.19312 -0.136282 0.971664
vn 0.48389 -0.066506 0.872598
vn 0.489433 -0.050317 0.870588
vn 0.019711 -0.027901 0.999416
vn 0.269327 -0.13956 0.952883
vn 0.263119 -0.147927 0.953355
vn 0.549092 -0.035586 0.835004
vn 0.575799 0.005433 0.817573
vn 0.064505 -0.079277 0.994763
vn 0.067288 -0.077164 0.994745
vn 0.342363 -0.135011 0.929817
vn 0.335594 -0.14577 0.93066
vn 0.119993 -0.120023 0.985493
vn 0.124377 -0.116186 0.985409
vn 0.408105 -0.129529 0.903699
vn 0.415031 -0.116282 0.902346
vn 0.183353 -0.149169 0.971664
vn 0.189079 -0.143385 0.971437
vn 0.478218 -0.099383 0.8726
vn 0.484861 -0.083592 0.870587
vn 0.017736 -0.029197 0.999416
vn 0.259185 -0.157604 0.952882
vn 0.252399 -0.165555 0.953355
vn 0.543559 -0.055881 0.837508
vn 0.549433 -0.037584 0.834692
vn 0.058971 -0.083475 0.994763
vn 0.06187 -0.081572 0.994745
vn 0.324861 -0.168336 0.93066
vn 0.332352 -0.158061 0.929817
vn 0.116177 -0.124382 0.985409
vn 0.111541 -0.127912 0.985493
vn 0.398311 -0.157074 0.903701
vn 0.406126 -0.144329 0.902347
vn 0.178857 -0.15595 0.971437
vn 0.172726 -0.16135 0.971664
vn 0.470323 -0.131774 0.872601
vn 0.478019 -0.116489 0.870591
vn 0.015717 -0.030332 0.999416
vn 0.247817 -0.174932 0.952883
vn 0.240514 -0.18239 0.953355
vn 0.538478 -0.092836 0.83751
vn 0.545588 -0.074984 0.834693
vn 0.056159 -0.085606 0.994745
vn 0.053061 -0.087349 0.994764
vn 0.32079 -0.180373 0.929817
vn 0.312626 -0.1901 0.930659
vn 0.615123 -0.018792 0.788207
vn 0.600467 -0.041075 0.798594
vn 0.65297 -0.024948 0.756973
vn 0.602368 -0.034745 0.797462
vn 0.102562 -0.135222 0.985493
vn 0.107403 -0.132034 0.985409
vn 0.395323 -0.171721 0.902348
vn 0.386665 -0.183891 0.9037
vn 0.167795 -0.167785 0.971439
vn 0.161339 -0.172733 0.971665
vn 0.460243 -0.163561 0.872596
vn 0.468955 -0.148853 0.870588
vn 0.013618 -0.03133 0.999416
vn 0.22751 -0.198372 0.953356
vn 0.235306 -0.191429 0.952883
vn 0.53089 -0.129374 0.837507
vn 0.539199 -0.112051 0.834691
vn 0.047022 -0.090745 0.994763
vn 0.050159 -0.089251 0.994745
vn 0.298919 -0.211004 0.930658
vn 0.307737 -0.201847 0.929815
vn 0.596266 -0.081949 0.798593
vn 0.603654 -0.06206 0.794828
vn 0.098149 -0.139056 0.985409
vn 0.093095 -0.14191 0.985492
vn 0.37321 -0.209848 0.903702
vn 0.382688 -0.198285 0.902348
vn 0.689539 -0.000833 0.724248
vn 0.655573 -0.029433 0.754558
vn 0.155928 -0.178875 0.971437
vn 0.149158 -0.183364 0.971663
vn 0.448002 -0.194603 0.872596
vn 0.457715 -0.180498 0.870585
vn 0.011438 -0.03219 0.999416
vn 0.213452 -0.213441 0.953353
vn 0.221675 -0.207068 0.952882
vn 0.520815 -0.165314 0.83751
vn 0.530299 -0.14858 0.83469
vn 0.043978 -0.092455 0.994745
vn 0.040741 -0.093733 0.994763
vn 0.293257 -0.222355 0.929817
vn 0.283823 -0.2309 0.930661
vn 0.589281 -0.122458 0.798594
vn 0.598014 -0.103106 0.794826
vn 0.083148 -0.14795 0.985493
vn 0.088461 -0.145411 0.985409
vn 0.368257 -0.223948 0.902349
vn 0.35802 -0.234829 0.903702
vn 0.65111 -0.066939 0.756026
vn 0.658561 -0.045047 0.751178
vn 0.136302 -0.19311 0.971664
vn 0.143383 -0.189081 0.971437
vn 0.433685 -0.224709 0.872596
vn 0.444327 -0.211312 0.870586
vn 0.009203 -0.032899 0.999416
vn 0.207065 -0.221683 0.95288
vn 0.198345 -0.227534 0.953356
vn 0.518914 -0.184429 0.834694
vn 0.508326 -0.200456 0.83751
vn 0.037555 -0.095247 0.994745
vn 0.034222 -0.096306 0.994763
vn 0.277383 -0.241862 0.929818
vn 0.267374 -0.249755 0.930663
vn 0.589581 -0.143682 0.794827
vn 0.579553 -0.16238 0.798593
vn 0.078285 -0.151126 0.98541
vn 0.072901 -0.153261 0.985493
vn 0.341179 -0.258691 0.903701
vn 0.352121 -0.248547 0.90235
vn 0.645028 -0.111212 0.756023
vn 0.653951 -0.089889 0.751178
vn 0.130157 -0.198414 0.971438
vn 0.122848 -0.201935 0.971664
vn 0.428875 -0.24114 0.870585
vn 0.417331 -0.253792 0.872596
vn 0.724109 -0.019624 0.689406
vn 0.702557 -0.048056 0.710003
vn 0.706229 -0.036209 0.707056
vn 0.006963 -0.033445 0.999416
vn 0.191432 -0.235296 0.952885
vn 0.182382 -0.24051 0.953358
vn 0.49346 -0.234679 0.83751
vn 0.505124 -0.219404 0.834692
vn 0.030959 -0.097591 0.994745
vn 0.027532 -0.098428 0.994763
vn 0.26021 -0.260239 0.929821
vn 0.249752 -0.267384 0.930661
vn 0.567116 -0.20156 0.798594
vn 0.578405 -0.183575 0.794826
vn 0.067813 -0.15611 0.985409
vn 0.062253 -0.157886 0.985493
vn 0.322719 -0.281392 0.903699
vn 0.33434 -0.272008 0.902346
vn 0.635935 -0.154978 0.756022
vn 0.646297 -0.134303 0.751175
vn 0.108721 -0.209879 0.971664
vn 0.116308 -0.206843 0.971436
vn 0.399045 -0.281668 0.872597
vn 0.411417 -0.269842 0.870587
vn 0.70651 -0.072633 0.703966
vn 0.697639 -0.095894 0.710002
vn 0.004643 -0.033845 0.999416
vn 0.094822 -0.024429 0.995194
vn 0.165568 -0.252394 0.953354
vn 0.174902 -0.247834 0.952884
vn 0.488972 -0.253369 0.834692
vn 0.476299 -0.267805 0.837508
vn 0.757095 -0.017233 0.653077
vn 0.788309 -0.009855 0.615201
vn 0.751659 -0.032915 0.65873
vn 0.020832 -0.10006 0.994763
vn 0.024237 -0.099472 0.994745
vn 0.230909 -0.283818 0.93066
vn 0.241873 -0.277377 0.929817
vn 0.552038 -0.239782 0.798598
vn 0.564525 -0.222615 0.79483
vn 0.051318 -0.161764 0.985494
vn 0.057014 -0.160365 0.98541
vn 0.302747 -0.302781 0.903697
vn 0.314991 -0.294205 0.902344
vn 0.635624 -0.178086 0.751177
vn 0.623874 -0.198006 0.756025
vn 0.10191 -0.214298 0.971438
vn 0.094174 -0.216796 0.971664
vn 0.392046 -0.297284 0.870587
vn 0.378885 -0.308248 0.872599
vn 0.689466 -0.143274 0.710006
vn 0.699905 -0.120673 0.703968
vn 0.004018 -0.058297 0.998291
vn -0.121001 -0.073029 0.989962
vn 0.157629 -0.259171 0.952882
vn 0.147945 -0.263108 0.953355
vn 0.456913 -0.299682 0.837509
vn 0.470548 -0.286137 0.834691
vn 0.755235 -0.051659 0.653415
vn 0.746692 -0.076764 0.660726
vn 0.017432 -0.100888 0.994745
vn 0.01389 -0.101253 0.994764
vn 0.210964 -0.298934 0.930662
vn 0.222373 -0.293242 0.929817
vn 0.548012 -0.260633 0.794829
vn 0.534388 -0.276902 0.798595
vn 0.040177 -0.164888 0.985494
vn 0.045894 -0.163891 0.98541
vn 0.281402 -0.322709 0.903699
vn 0.294193 -0.314994 0.902346
vn 0.60891 -0.240118 0.756024
vn 0.621986 -0.221054 0.751178
vn 0.07918 -0.222709 0.971664
vn 0.087068 -0.220744 0.971438
vn 0.356948 -0.333393 0.872603
vn 0.370838 -0.323346 0.87059
vn 0.678082 -0.189981 0.710008
vn 0.690035 -0.168152 0.703972
vn 0.129632 -0.272593 0.953357
vn 0.139566 -0.269324 0.952883
vn 0.449919 -0.317592 0.83469
vn 0.435405 -0.330163 0.837505
vn 0.749947 -0.103076 0.653417
vn 0.739712 -0.127536 0.660727
vn -0.017894 -0.122391 0.992321
vn 0.007028 -0.101962 0.994764
vn 0.10881 -0.090983 0.98989
vn 0.010459 -0.101843 0.994745
vn 0.190126 -0.312601 0.930663
vn 0.201832 -0.307728 0.929821
vn 0.514249 -0.312711 0.798598
vn 0.528955 -0.297406 0.794831
vn 0.817378 -0.022533 0.575661
vn 0.791767 -0.054158 0.608417
vn 0.797201 -0.036027 0.602638
vn 0.03463 -0.166637 0.98541
vn 0.028896 -0.167237 0.985493
vn 0.258717 -0.341169 0.903697
vn 0.272006 -0.334345 0.902345
vn 0.605453 -0.262988 0.751175
vn 0.591099 -0.281125 0.756023
vn 0.063736 -0.227609 0.971665
vn 0.071788 -0.226178 0.971437
vn 0.347887 -0.34791 0.870593
vn 0.333387 -0.35696 0.872601
vn 0.663542 -0.235824 0.709999
vn 0.676951 -0.214869 0.703967
vn 0.120843 -0.278226 0.952884
vn 0.110755 -0.280797 0.953355
vn 0.411862 -0.359116 0.8375
vn 0.427201 -0.347564 0.834685
vn 0.729291 -0.177718 0.66072
vn 0.741166 -0.154023 0.653414
vn 0.168344 -0.324859 0.930659
vn 0.180366 -0.320792 0.929817
vn 0.507414 -0.332841 0.794825
vn 0.491713 -0.347094 0.798589
vn 0.786226 -0.108062 0.608417
vn 0.795969 -0.081828 0.599781
vn 0.017339 -0.168829 0.985493
vn 0.023181 -0.168619 0.985409
vn 0.234826 -0.358032 0.903698
vn 0.248558 -0.352127 0.902344
vn 0.586094 -0.303684 0.751179
vn 0.570543 -0.320789 0.756025
vn 0.844813 -0.009741 0.534973
vn 0.869897 -0.020941 0.492789
vn 0.834086 -0.037017 0.550391
vn 0.048093 -0.231421 0.971664
vn 0.056164 -0.230551 0.971438
vn 0.323343 -0.370844 0.870588
vn 0.308246 -0.37889 0.872598
vn 0.645899 -0.280556 0.710002
vn 0.660719 -0.260548 0.703964
vn 0.09132 -0.287714 0.953353
vn 0.101569 -0.285836 0.952881
vn 0.402496 -0.375906 0.834681
vn 0.386377 -0.386402 0.8375
vn 0.728934 -0.204224 0.653412
vn 0.715449 -0.227089 0.66073
vn 0.158069 -0.33235 0.929816
vn 0.145761 -0.335596 0.93066
vn 0.466875 -0.379842 0.798591
vn 0.483536 -0.366674 0.794823
vn 0.78853 -0.135955 0.599781
vn 0.777015 -0.161473 0.608419
vn 0.038384 -0.170827 0.984553
vn -0.021071 -0.219053 0.975486
vn 0.011591 -0.169809 0.985409
vn 0.039862 -0.170641 0.984527
vn 0.223954 -0.36826 0.902346
vn 0.209843 -0.373217 0.903701
vn 0.547298 -0.359003 0.75603
vn 0.564005 -0.342974 0.751177
vn 0.828615 -0.085184 0.5533
vn 0.837568 -0.057294 0.543321
vn 0.04034 -0.233839 0.971438
vn 0.032191 -0.234159 0.971665
vn 0.297302 -0.392028 0.870589
vn 0.281669 -0.399035 0.872602
vn 0.625251 -0.323973 0.710002
vn 0.641395 -0.305031 0.703967
vn 0.081832 -0.292105 0.952879
vn 0.071446 -0.293283 0.953352
vn 0.359102 -0.411855 0.837509
vn 0.375909 -0.402478 0.834688
vn 0.713283 -0.253507 0.653423
vn 0.69829 -0.275364 0.660731
vn 0.122508 -0.344763 0.930661
vn 0.135004 -0.342365 0.929817
vn 0.439858 -0.4108 0.798604
vn 0.457394 -0.39879 0.794831
vn 0.764195 -0.214103 0.608413
vn 0.777409 -0.189458 0.599784
vn 0.198305 -0.382675 0.90235
vn 0.183897 -0.386654 0.903704
vn 0.539267 -0.38067 0.751187
vn 0.521539 -0.395493 0.756031
vn 0.820872 -0.141532 0.553297
vn 0.831707 -0.114318 0.543318
vn 0.016095 -0.235808 0.971666
vn -0.006994 -0.266719 0.963749
vn 0.024273 -0.236046 0.971439
vn 0.047927 -0.23033 0.971932
vn 0.25379 -0.41732 0.872603
vn 0.269847 -0.411402 0.870592
vn 0.601684 -0.365887 0.710002
vn 0.619085 -0.348089 0.703966
vn 0.892906 -0.026671 0.449452
vn 0.873122 -0.034826 0.486257
vn 0.866514 -0.059274 0.495621
vn 0.051315 -0.29746 0.953354
vn 0.061738 -0.296994 0.952882
vn 0.347539 -0.427208 0.834691
vn 0.330187 -0.43539 0.837504
vn 0.694323 -0.301599 0.653416
vn 0.677877 -0.322381 0.660722
vn 0.098701 -0.352319 0.930661
vn 0.111316 -0.350781 0.929818
vn 0.410822 -0.439859 0.798592
vn 0.429074 -0.429111 0.794833
vn 0.747795 -0.265773 0.608414
vn 0.76268 -0.242055 0.599774
vn 0.171678 -0.395347 0.902346
vn 0.157071 -0.398326 0.903695
vn 0.493362 -0.430149 0.756019
vn 0.512037 -0.416587 0.751181
vn 0.821969 -0.170797 0.543318
vn 0.809292 -0.197228 0.553305
vn 0.224732 -0.433671 0.872597
vn 0.24113 -0.428871 0.87059
vn 0.575299 -0.406105 0.710007
vn 0.593888 -0.389524 0.703966
vn 0.860448 -0.118268 0.495623
vn 0.870306 -0.089468 0.484317
vn 0.030878 -0.300278 0.953352
vn 0.041295 -0.300524 0.95288
vn 0.299698 -0.456913 0.837503
vn 0.317602 -0.449921 0.834686
vn 0.654292 -0.367885 0.660729
vn 0.672136 -0.348256 0.653415
vn 0.914188 -0.006883 0.405233
vn 0.90071 -0.037969 0.432758
vn 0.074465 -0.358216 0.930664
vn 0.08716 -0.357543 0.929821
vn 0.39882 -0.457385 0.794822
vn 0.379821 -0.46689 0.798592
vn 0.727909 -0.316188 0.608419
vn 0.744376 -0.293545 0.599779
vn 0.14435 -0.406126 0.902344
vn 0.129509 -0.408111 0.9037
vn 0.462818 -0.462858 0.756017
vn 0.482435 -0.450564 0.751165
vn 0.808387 -0.226511 0.543325
vn 0.793956 -0.251981 0.553299
vn 0.194553 -0.448025 0.872595
vn 0.211301 -0.444342 0.870582
vn 0.565903 -0.429164 0.703969
vn 0.546248 -0.444421 0.710002
vn 0.862169 -0.148652 0.484321
vn 0.850374 -0.176699 0.495623
vn 0.040058 -0.304343 0.95172
vn 0.020698 -0.302646 0.952878
vn 0.000954 -0.313687 0.949526
vn 0.010899 -0.359861 0.932942
vn 0.28617 -0.470532 0.834689
vn 0.267794 -0.476296 0.837513
vn 0.627673 -0.411683 0.660715
vn 0.646788 -0.393342 0.653412
vn 0.895404 -0.092048 0.435637
vn 0.903986 -0.061835 0.423067
vn 0.049806 -0.362464 0.930666
vn 0.062545 -0.362659 0.929821
vn 0.366681 -0.483518 0.794831
vn 0.347093 -0.491698 0.798598
vn 0.704649 -0.365102 0.608417
vn 0.722603 -0.343659 0.599786
vn 0.101407 -0.415983 0.903701
vn 0.116294 -0.41502 0.902349
vn 0.430158 -0.493325 0.756039
vn 0.450574 -0.482395 0.751184
vn 0.774906 -0.305585 0.553298
vn 0.791056 -0.281137 0.543316
vn 0.16358 -0.460229 0.8726
vn 0.180499 -0.457703 0.870591
vn 0.535312 -0.466763 0.70397
vn 0.51465 -0.480651 0.710008
vn 0.850019 -0.207144 0.484314
vn 0.836327 -0.23434 0.495622
vn 0.253362 -0.488965 0.834698
vn 0.234657 -0.493457 0.837518
vn 0.598091 -0.453575 0.660724
vn 0.618459 -0.436544 0.653405
vn 0.887036 -0.152939 0.435634
vn 0.89766 -0.123382 0.423065
vn 0.024964 -0.36502 0.930665
vn 0.030455 -0.363772 0.93099
vn 0.03762 -0.36608 0.929823
vn 0.003784 -0.405233 0.914206
vn 0.332803 -0.50744 0.794825
vn 0.312757 -0.514246 0.798582
vn 0.67807 -0.412366 0.60842
vn 0.697477 -0.392166 0.599777
vn 0.925427 -0.063302 0.3736
vn 0.932493 -0.032707 0.359703
vn 0.949053 -0.031644 0.313524
vn 0.932137 -0.033434 0.36056
vn 0.072771 -0.421955 0.903691
vn 0.08767 -0.42201 0.902342
vn 0.395507 -0.52153 0.75603
vn 0.416561 -0.512046 0.751189
vn 0.770024 -0.334464 0.54332
vn 0.752242 -0.357754 0.553303
vn 0.148862 -0.468947 0.870591
vn 0.131788 -0.470314 0.872603
vn 0.480687 -0.514635 0.709994
vn 0.502202 -0.502216 0.703969
vn 0.818391 -0.290852 0.495622
vn 0.833896 -0.264671 0.48432
vn 0.21938 -0.505122 0.8347
vn 0.200461 -0.508319 0.837513
vn 0.565755 -0.493307 0.660734
vn 0.587213 -0.477724 0.653423
vn 0.874529 -0.213117 0.435638
vn 0.887149 -0.184346 0.423065
vn 0.276905 -0.5344 0.798586
vn 0.297447 -0.528957 0.794814
vn 0.648363 -0.457652 0.608425
vn 0.669078 -0.438846 0.599791
vn 0.918949 -0.126308 0.373603
vn 0.928115 -0.095412 0.359861
vn 0.04377 -0.425928 0.903698
vn 0.058725 -0.427006 0.90234
vn 0.380676 -0.539267 0.751184
vn 0.358956 -0.547317 0.756039
vn 0.745399 -0.386241 0.543322
vn 0.726081 -0.408249 0.553299
vn 0.963749 -0.007453 0.266707
vn 0.950591 -0.035603 0.308398
vn 0.099347 -0.478216 0.872605
vn 0.116489 -0.478017 0.870592
vn 0.466794 -0.535306 0.703954
vn 0.4444 -0.546267 0.71
vn 0.813895 -0.320956 0.484316
vn 0.796636 -0.346023 0.49562
vn 0.165325 -0.520809 0.837512
vn 0.184432 -0.518909 0.834697
vn 0.553243 -0.516679 0.653426
vn 0.530757 -0.530771 0.660742
vn 0.857944 -0.272304 0.435641
vn 0.872497 -0.244462 0.423068
vn 0.23977 -0.55207 0.798579
vn 0.260608 -0.548047 0.794813
vn 0.637571 -0.483489 0.599785
vn 0.615622 -0.500836 0.608418
vn 0.919439 -0.158527 0.359863
vn 0.908189 -0.188718 0.373601
vn 0.029414 -0.430007 0.902346
vn -0.007098 -0.449594 0.893205
vn 0.038855 -0.43129 0.901376
vn 0.320815 -0.570511 0.756039
vn 0.342964 -0.563983 0.751198
vn 0.717314 -0.43619 0.543322
vn 0.696522 -0.456847 0.553307
vn 0.953264 -0.065204 0.29502
vn 0.945817 -0.097232 0.309799
vn 0.066547 -0.48388 0.872601
vn 0.083583 -0.484846 0.870596
vn 0.429135 -0.565933 0.703962
vn 0.40612 -0.575311 0.709989
vn 0.790098 -0.375741 0.484317
vn 0.771156 -0.399587 0.495629
vn 0.129373 -0.530888 0.837509
vn 0.148584 -0.530296 0.834691
vn 0.516674 -0.553239 0.653433
vn 0.49333 -0.565737 0.660733
vn 0.837362 -0.330211 0.435644
vn 0.853779 -0.303433 0.423073
vn 0.222664 -0.564512 0.794825
vn 0.201563 -0.567109 0.798599
vn 0.603095 -0.525872 0.599779
vn 0.580014 -0.541681 0.608412
vn 0.906479 -0.220898 0.35986
vn 0.893192 -0.25026 0.373602
vn 0.303652 -0.586113 0.751177
vn 0.28109 -0.591119 0.756021
vn 0.685856 -0.484155 0.543319
vn 0.663726 -0.503323 0.553293
vn 0.946591 -0.13011 0.29502
vn 0.936978 -0.161551 0.309796
vn 0.029513 -0.488342 0.872153
vn 0.02186 -0.492785 0.869876
vn 0.014439 -0.534957 0.844756
vn 0.05031 -0.489439 0.870585
vn 0.033334 -0.487306 0.872595
vn 0.389548 -0.593891 0.703951
vn 0.365896 -0.601692 0.70999
vn 0.742105 -0.451265 0.49562
vn 0.762602 -0.428798 0.484324
vn 0.967389 -0.06617 0.2445
vn 0.975242 -0.030728 0.218997
vn 0.984591 -0.037314 0.170843
vn 0.972133 -0.038309 0.23128
vn 0.09283 -0.538482 0.837508
vn 0.112039 -0.539203 0.83469
vn 0.477742 -0.587201 0.65342
vn 0.453531 -0.598107 0.66074
vn 0.812888 -0.386579 0.435626
vn 0.831078 -0.361004 0.423067
vn 0.183562 -0.578408 0.794827
vn 0.162386 -0.579555 0.79859
vn 0.541686 -0.580022 0.6084
vn 0.565797 -0.565821 0.599766
vn 0.874031 -0.31063 0.373603
vn 0.88929 -0.282247 0.359862
vn 0.263004 -0.605432 0.751186
vn 0.240166 -0.608885 0.756028
vn 0.651238 -0.529807 0.543318
vn 0.627828 -0.547438 0.553302
vn 0.935507 -0.194395 0.29502
vn 0.923769 -0.225111 0.3098
vn 0.323933 -0.62526 0.710012
vn 0.348115 -0.619078 0.703959
vn 0.709562 -0.50089 0.495612
vn 0.731569 -0.47985 0.484305
vn 0.960618 -0.132038 0.244497
vn 0.968359 -0.099553 0.228846
vn 0.075011 -0.545578 0.834696
vn 0.055872 -0.543546 0.837518
vn 0.411688 -0.627646 0.660737
vn 0.436528 -0.618439 0.653434
vn 0.784595 -0.441165 0.435642
vn 0.804525 -0.416846 0.423059
vn 0.992421 -0.010888 0.122402
vn 0.98321 -0.029173 0.180131
vn 0.143652 -0.589601 0.794817
vn 0.122448 -0.589301 0.798581
vn 0.500859 -0.615614 0.608407
vn 0.525885 -0.603091 0.599771
vn 0.850789 -0.369566 0.373603
vn 0.867953 -0.342284 0.359859
vn 0.221039 -0.622005 0.751167
vn 0.197997 -0.623893 0.756012
vn 0.588995 -0.58902 0.5533
vn 0.613549 -0.57303 0.543318
vn 0.906257 -0.287632 0.309785
vn 0.920057 -0.257801 0.295014
vn 0.280577 -0.645885 0.710007
vn 0.305009 -0.641388 0.703982
vn 0.67374 -0.548113 0.495628
vn 0.697126 -0.528628 0.484322
vn 0.949369 -0.197276 0.244501
vn 0.959308 -0.165396 0.228849
vn 0.035569 -0.549085 0.835009
vn -0.005439 -0.575786 0.817583
vn 0.037559 -0.549426 0.834698
vn 0.367914 -0.654289 0.660715
vn 0.393305 -0.646805 0.653418
vn 0.752663 -0.493685 0.435631
vn 0.774177 -0.470814 0.423065
vn 0.978869 -0.100634 0.178012
vn 0.984543 -0.067344 0.161679
vn 0.103142 -0.598014 0.794821
vn 0.08198 -0.596266 0.79859
vn 0.483493 -0.637587 0.599764
vn 0.45766 -0.648377 0.608403
vn 0.8236 -0.426729 0.373611
vn 0.842575 -0.400698 0.359874
vn 0.154938 -0.635924 0.756039
vn 0.17813 -0.635612 0.751178
vn 0.547448 -0.627819 0.553303
vn 0.57302 -0.613551 0.543327
vn 0.884511 -0.348813 0.30979
vn 0.900327 -0.319972 0.295007
vn 0.260548 -0.660721 0.703962
vn 0.235801 -0.663547 0.710002
vn 0.634746 -0.592827 0.495635
vn 0.659421 -0.574974 0.484322
vn 0.945784 -0.230483 0.228845
vn 0.933688 -0.261621 0.2445
vn 0.322368 -0.677891 0.660714
vn 0.348275 -0.672142 0.653398
vn 0.740257 -0.522528 0.423065
vn 0.717234 -0.543876 0.435631
vn 0.977651 -0.134375 0.161683
vn 0.969721 -0.167191 0.178013
vn 0.034759 -0.602368 0.797461
vn 0.062048 -0.603669 0.794817
vn 0.018788 -0.615137 0.788196
vn 0.02494 -0.65296 0.756982
vn 0.041049 -0.600479 0.798586
vn 0.412337 -0.678103 0.608404
vn 0.438846 -0.669101 0.599765
vn 0.813259 -0.457292 0.359854
vn 0.79254 -0.481982 0.373596
vn 0.991546 -0.067823 0.110622
vn 0.996846 -0.029841 0.073532
vn 0.996843 -0.073536 0.029944
vn 0.998438 -0.039505 0.039505
vn 0.994495 -0.040038 0.096835
vn 0.13426 -0.646286 0.751191
vn 0.11125 -0.645023 0.756022
vn 0.503312 -0.663723 0.553307
vn 0.529821 -0.651223 0.543322
vn 0.876388 -0.380671 0.295014
vn 0.858654 -0.408345 0.309786
vn 0.214881 -0.676934 0.703979
vn 0.190027 -0.678064 0.710013
vn 0.592819 -0.63475 0.49564
vn 0.618635 -0.618635 0.484336
vn 0.927848 -0.29449 0.228854
vn 0.913664 -0.324711 0.244501
vn 0.275365 -0.698295 0.660726
vn 0.301598 -0.694328 0.653411
vn 0.702884 -0.571817 0.42306
vn 0.678441 -0.591558 0.435634
vn 0.966203 -0.20078 0.161679
vn 0.956049 -0.232985 0.178011
vn 0.365108 -0.704628 0.608436
vn 0.392201 -0.697448 0.599787
vn 0.757815 -0.534921 0.373598
vn 0.780158 -0.511716 0.359862
vn 0.984606 -0.13533 0.110624
vn 0.991999 -0.122349 0.031137
vn 0.990369 -0.10181 0.093825
vn 0.993858 -0.102169 0.04251
vn 0.089905 -0.653956 0.751172
vn 0.066924 -0.651112 0.756026
vn 0.45683 -0.69652 0.553322
vn 0.484144 -0.685853 0.543333
vn 0.848375 -0.439581 0.295005
vn 0.828769 -0.466013 0.309796
vn 0.143233 -0.689477 0.710005
vn 0.168143 -0.690047 0.703963
vn 0.548125 -0.673721 0.49564
vn 0.574979 -0.659406 0.484337
vn 0.905594 -0.357108 0.228853
vn 0.88937 -0.38631 0.244511
vn 0.227106 -0.715448 0.660725
vn 0.253511 -0.713284 0.653421
vn 0.636482 -0.636482 0.435638
vn 0.662217 -0.618455 0.423063
vn 0.95025 -0.26624 0.161684
vn 0.937919 -0.297686 0.178022
vn 0.343628 -0.722613 0.599792
vn 0.316186 -0.727912 0.608416
vn 0.719547 -0.585374 0.373616
vn 0.74344 -0.56373 0.359869
vn 0.984724 -0.169788 0.038614
vn 0.981112 -0.169165 0.093824
vn 0.973075 -0.202208 0.110619
vn 0.984578 -0.170831 0.037728
vn 0.975214 -0.218992 0.031614
vn 0.029419 -0.65556 0.75457
vn 0.000816 -0.689527 0.72426
vn 0.045059 -0.658553 0.751184
vn 0.408289 -0.726058 0.553298
vn 0.436178 -0.717308 0.54334
vn 0.816392 -0.49645 0.295029
vn 0.795034 -0.521474 0.309815
vn 0.095908 -0.697623 0.710017
vn 0.120688 -0.699888 0.703982
vn 0.500878 -0.709559 0.495628
vn 0.528633 -0.697117 0.48433
vn 0.860939 -0.446091 0.244514
vn 0.879108 -0.418079 0.228864
vn 0.204231 -0.72894 0.653403
vn 0.177707 -0.729297 0.660716
vn 0.591569 -0.678432 0.435634
vn 0.618459 -0.662211 0.423066
vn 0.929861 -0.330476 0.161692
vn 0.915423 -0.360984 0.178018
vn 0.265775 -0.74779 0.608419
vn 0.293557 -0.74437 0.599782
vn 0.70321 -0.613183 0.359864
vn 0.677924 -0.633124 0.373596
vn 0.970698 -0.236542 0.042349
vn 0.967284 -0.23571 0.093827
vn 0.957009 -0.268134 0.110628
vn 0.963344 -0.266607 0.029803
vn 0.386234 -0.745418 0.5433
vn 0.357728 -0.752266 0.553287
vn 0.780598 -0.551017 0.295038
vn 0.757623 -0.574485 0.309799
vn 0.036242 -0.70624 0.707044
vn 0.048071 -0.702573 0.709986
vn 0.019666 -0.724111 0.689403
vn 0.072589 -0.706516 0.703964
vn 0.47982 -0.731586 0.484309
vn 0.451261 -0.742112 0.495613
vn 0.848525 -0.477106 0.228857
vn 0.82849 -0.503807 0.244503
vn 0.127556 -0.739718 0.660717
vn 0.154017 -0.74117 0.653411
vn 0.543884 -0.717229 0.435629
vn 0.571825 -0.702878 0.423058
vn 0.905144 -0.393157 0.161682
vn 0.888654 -0.422619 0.178012
vn 0.242069 -0.762669 0.599783
vn 0.214106 -0.764185 0.608424
vn 0.633133 -0.677923 0.373583
vn 0.659732 -0.659746 0.359846
vn 0.948938 -0.301186 0.093823
vn 0.936477 -0.332827 0.110619
vn 0.952324 -0.302261 0.041437
vn 0.948997 -0.313512 0.03339
vn 0.932429 -0.359663 0.034917
vn 0.334464 -0.770028 0.543315
vn 0.3056 -0.774907 0.553288
vn 0.741185 -0.603007 0.295004
vn 0.716628 -0.624883 0.309784
vn 0.399577 -0.771171 0.495615
vn 0.428783 -0.762619 0.484312
vn 0.813986 -0.533909 0.228842
vn 0.792171 -0.559187 0.24449
vn 0.076716 -0.746689 0.660735
vn 0.103096 -0.749954 0.653407
vn 0.493652 -0.752676 0.435646
vn 0.522536 -0.740252 0.423063
vn 0.857737 -0.482286 0.178012
vn 0.876204 -0.454011 0.161678
vn 0.161467 -0.77702 0.608415
vn 0.189432 -0.777415 0.599785
vn 0.613191 -0.70321 0.35985
vn 0.585385 -0.719546 0.373602
vn 0.926176 -0.365234 0.093823
vn 0.911583 -0.395954 0.110621
vn 0.929515 -0.366551 0.040512
vn 0.913796 -0.405054 0.030139
vn 0.281162 -0.791052 0.54331
vn 0.251998 -0.793953 0.553295
vn 0.698316 -0.652166 0.295016
vn 0.67231 -0.672325 0.309804
vn 0.375763 -0.790087 0.484319
vn 0.346019 -0.796631 0.49563
vn 0.752167 -0.611941 0.244485
vn 0.775655 -0.588212 0.228837
vn 0.051629 -0.755225 0.653429
vn 0.03296 -0.751664 0.658722
vn 0.017278 -0.757102 0.653068
vn 0.009904 -0.788307 0.615202
vn 0.470773 -0.774196 0.423077
vn 0.441145 -0.784605 0.435644
vn 0.843172 -0.51276 0.161676
vn 0.82282 -0.539704 0.178007
vn 0.108082 -0.786221 0.60842
vn 0.135972 -0.788525 0.599784
vn 0.563749 -0.74343 0.35986
vn 0.53493 -0.757811 0.373593
vn 0.882437 -0.457241 0.110614
vn 0.892805 -0.449393 0.030747
vn 0.89909 -0.427593 0.093819
vn 0.902253 -0.429097 0.042613
vn 0.226491 -0.808406 0.543306
vn 0.197204 -0.80931 0.553288
vn 0.652159 -0.69832 0.295022
vn 0.624888 -0.716624 0.309782
vn 0.320982 -0.813871 0.48434
vn 0.290871 -0.818368 0.495648
vn 0.733732 -0.639738 0.228852
vn 0.70866 -0.661826 0.244514
vn 0.41685 -0.804515 0.423074
vn 0.3866 -0.812874 0.435633
vn 0.784072 -0.594596 0.178009
vn 0.806215 -0.569102 0.161677
vn 0.036056 -0.797192 0.602648
vn 0.081804 -0.79598 0.59977
vn 0.022564 -0.817367 0.575675
vn 0.054128 -0.791777 0.608407
vn 0.481945 -0.792568 0.373584
vn 0.511699 -0.780178 0.359841
vn 0.870984 -0.489735 0.039325
vn 0.867814 -0.487952 0.093813
vn 0.869498 -0.492568 0.036733
vn 0.844406 -0.534738 0.032146
vn 0.849169 -0.516407 0.110615
vn 0.170826 -0.821961 0.543321
vn 0.141549 -0.820865 0.553303
vn 0.60302 -0.741174 0.295006
vn 0.574502 -0.75761 0.309799
vn 0.264624 -0.833912 0.484319
vn 0.234317 -0.83634 0.495612
vn 0.661821 -0.708667 0.244506
vn 0.688332 -0.68835 0.228852
vn 0.330246 -0.837361 0.435619
vn 0.360996 -0.831085 0.423059
vn 0.76551 -0.622777 0.161687
vn 0.741697 -0.646683 0.178008
vn 0.426733 -0.82359 0.373629
vn 0.457303 -0.813246 0.359867
vn 0.835448 -0.547955 0.042101
vn 0.8325 -0.546022 0.09383
vn 0.817234 -0.575538 0.029733
vn 0.811948 -0.573149 0.11064
vn 0.114288 -0.831719 0.543306
vn 0.085159 -0.828627 0.553286
vn 0.550991 -0.780626 0.295012
vn 0.521457 -0.795057 0.309785
vn 0.17673 -0.850372 0.495614
vn 0.20715 -0.850017 0.484314
vn 0.639769 -0.733699 0.228871
vn 0.61195 -0.752149 0.244517
vn 0.303438 -0.853796 0.423034
vn 0.272258 -0.857967 0.435624
vn 0.721224 -0.673574 0.16166
vn 0.695806 -0.695824 0.177998
vn 0.369557 -0.850794 0.3736
vn 0.400672 -0.842585 0.359879
vn 0.770955 -0.627207 0.110631
vn 0.793281 -0.60158 0.093843
vn 0.787913 -0.614916 0.032732
vn 0.756731 -0.652746 0.035787
vn 0.796101 -0.603718 0.041814
vn 0.037064 -0.834091 0.550379
vn 0.009744 -0.844836 0.534936
vn 0.020933 -0.869895 0.492793
vn 0.057308 -0.837567 0.54332
vn 0.466028 -0.828761 0.309796
vn 0.496475 -0.816379 0.295023
vn 0.148687 -0.862167 0.484315
vn 0.118235 -0.860441 0.495643
vn 0.588185 -0.775673 0.228845
vn 0.559154 -0.792191 0.2445
vn 0.21312 -0.874516 0.435662
vn 0.244486 -0.872483 0.423083
vn 0.673581 -0.721214 0.161677
vn 0.646717 -0.741667 0.178008
vn 0.310627 -0.874023 0.373623
vn 0.342302 -0.867942 0.35987
vn 0.753115 -0.656675 0.039948
vn 0.750392 -0.6543 0.093831
vn 0.726351 -0.678362 0.110632
vn 0.723926 -0.689207 0.03041
vn 0.439604 -0.848362 0.295009
vn 0.408316 -0.858658 0.309813
vn 0.034816 -0.873119 0.486262
vn 0.059288 -0.866504 0.495636
vn 0.089453 -0.870292 0.484345
vn 0.02666 -0.892907 0.449452
vn 0.533901 -0.813984 0.228866
vn 0.50383 -0.828474 0.244511
vn 0.184333 -0.887143 0.423082
vn 0.152975 -0.887031 0.435632
vn 0.59457 -0.784092 0.178006
vn 0.622782 -0.765511 0.161667
vn 0.282231 -0.889289 0.359876
vn 0.250288 -0.893186 0.373598
vn 0.703972 -0.704003 0.093822
vn 0.706447 -0.706479 0.042669
vn 0.689216 -0.723916 0.03044
vn 0.678373 -0.726345 0.110603
vn 0.348835 -0.884506 0.309779
vn 0.380628 -0.8764 0.295034
vn 0.477089 -0.848539 0.228842
vn 0.446119 -0.860935 0.244476
vn 0.092034 -0.895402 0.435643
vn 0.123404 -0.897661 0.423057
vn 0.539699 -0.822825 0.177999
vn 0.569082 -0.806229 0.161678
vn 0.220888 -0.906491 0.359838
vn 0.188709 -0.908201 0.373578
vn 0.62721 -0.770954 0.110627
vn 0.656699 -0.753093 0.039974
vn 0.654326 -0.750371 0.093813
vn 0.652748 -0.75673 0.035789
vn 0.614903 -0.787923 0.032733
vn 0.287619 -0.906265 0.309774
vn 0.319979 -0.900331 0.294988
vn 0.38627 -0.889392 0.244494
vn 0.418095 -0.879112 0.22882
vn 0.061813 -0.903986 0.42307
vn 0.037958 -0.900711 0.432757
vn 0.006863 -0.914191 0.405225
vn 0.482266 -0.857747 0.178012
vn 0.512756 -0.843176 0.161668
vn 0.126331 -0.918952 0.373587
vn 0.158542 -0.919441 0.359851
vn 0.57313 -0.811964 0.110616
vn 0.601554 -0.793303 0.093822
vn 0.603691 -0.796121 0.041826
vn 0.575566 -0.817214 0.029769
vn 0.225097 -0.923764 0.309826
vn 0.257828 -0.920047 0.295021
vn 0.324716 -0.913662 0.244501
vn 0.357105 -0.905594 0.228857
vn 0.453997 -0.876211 0.161681
vn 0.422631 -0.88865 0.178002
vn 0.095424 -0.928121 0.35984
vn 0.03271 -0.932484 0.359726
vn 0.063279 -0.925431 0.373595
vn 0.031647 -0.949054 0.313522
vn 0.033412 -0.932139 0.360555
vn 0.5164 -0.849168 0.110652
vn 0.546059 -0.832475 0.093841
vn 0.547992 -0.835422 0.042133
vn 0.534687 -0.84444 0.032111
vn 0.492569 -0.8695 0.036692
vn 0.161565 -0.936977 0.30979
vn 0.194358 -0.935509 0.295037
vn 0.261649 -0.933681 0.244498
vn 0.294502 -0.927843 0.228858
vn 0.393165 -0.905143 0.161669
vn 0.360982 -0.915426 0.17801
vn 0.489715 -0.870996 0.039303
vn 0.487931 -0.867823 0.093841
vn 0.457226 -0.882442 0.110637
vn 0.449399 -0.892802 0.030731
vn 0.130109 -0.946595 0.295006
vn 0.097244 -0.945822 0.309781
vn 0.197238 -0.94937 0.244529
vn 0.230513 -0.945777 0.228843
vn 0.330501 -0.929851 0.1617
vn 0.297698 -0.937912 0.178038
vn 0.4276 -0.899082 0.093855
vn 0.429106 -0.902249 0.042595
vn 0.405049 -0.913799 0.030114
vn 0.39596 -0.911576 0.110658
vn 0.065248 -0.953261 0.295017
vn 0.007428 -0.963743 0.266727
vn 0.035583 -0.950583 0.308425
vn 0.132035 -0.960615 0.24451
vn 0.16536 -0.959307 0.228879
vn 0.233016 -0.956044 0.177997
vn 0.26623 -0.950252 0.16169
vn 0.36522 -0.926179 0.093849
vn 0.332853 -0.936467 0.110624
vn 0.366538 -0.929522 0.040489
vn 0.359699 -0.932414 0.034934
vn 0.313504 -0.948999 0.033404
vn 0.066215 -0.967392 0.244477
vn 0.099538 -0.968359 0.228852
vn 0.038331 -0.97214 0.231246
vn 0.030767 -0.975242 0.218989
vn 0.03736 -0.984599 0.170789
vn 0.200786 -0.966206 0.161652
vn 0.167157 -0.969728 0.178006
vn 0.301164 -0.948947 0.093802
vn 0.302238 -0.95233 0.041461
vn 0.268124 -0.957015 0.110601
vn 0.266616 -0.963341 0.029836
vn 0.100618 -0.978864 0.178051
vn 0.134394 -0.977645 0.161704
vn 0.202214 -0.973076 0.110599
vn 0.235713 -0.967285 0.093807
vn 0.236544 -0.970696 0.042385
vn 0.218983 -0.975215 0.031644
vn 0.170786 -0.984584 0.037765
vn 0.029113 -0.983199 0.180198
vn 0.067336 -0.984536 0.161721
vn 0.010831 -0.992412 0.122479
vn 0.13535 -0.984603 0.110626
vn 0.169824 -0.984719 0.038583
vn 0.169201 -0.981106 0.093817
vn 0.122426 -0.99199 0.03111
vn 0.1018 -0.990372 0.093811
vn 0.067815 -0.991548 0.110607
vn 0.040065 -0.994493 0.096837
vn 0.102158 -0.993858 0.042533
vn 0.02985 -0.996849 0.073491
vn 0.039503 -0.998438 0.039503
vn 0.073491 -0.996846 0.029951
vn 0.0 -0.999698 0.02456
vn 0.0 -0.999698 0.02456
vn 0.0 -0.997293 0.073523
vn 0.0 -0.997293 0.073523
vn 0.0 -0.99247 0.122486
vn 0.0 -0.99247 0.122486
vn 0.0 -0.985287 0.170908
vn 0.0 -0.985287 0.170908
vn 0.0 -0.975704 0.219093
vn 0.0 -0.975704 0.219093
vn 0.0 -0.96377 0.266735
vn 0.0 -0.96377 0.266735
vn 0.0 -0.949529 0.313679
vn 0.0 -0.949529 0.313679
vn 0.0 -0.932984 0.359919
vn 0.0 -0.932984 0.359919
vn 0.0 -0.914213 0.405234
vn 0.0 -0.914213 0.405234
vn 0.0 -0.893224 0.449612
vn 0.0 -0.893224 0.449612
vn 0.0 -0.870086 0.492901
vn 0.0 -0.870086 0.492901
vn 0.0 -0.844876 0.534962
vn 0.0 -0.844876 0.534962
vn 0.0 -0.817575 0.575822
vn 0.0 -0.817575 0.575822
vn 0.0 -0.788346 0.615232
vn 0.0 -0.788346 0.615232
vn 0.0 -0.757215 0.653166
vn 0.0 -0.757215 0.653166
vn 0.0 -0.724251 0.689537
vn 0.0 -0.724251 0.689537
vn 0.0 -0.689527 0.72426
vn 0.0 -0.689527 0.72426
vn 0.0 -0.653163 0.757217
vn 0.0 -0.653163 0.757217
vn 0.0 -0.615246 0.788335
vn 0.0 -0.615246 0.788335
vn 0.0 -0.575794 0.817595
vn 0.0 -0.575794 0.817595
vn 0.0 -0.535013 0.844844
vn 0.0 -0.535013 0.844844
vn 0.0 -0.492903 0.870084
vn 0.0 -0.492903 0.870084
vn 0.0 -0.449606 0.893227
vn 0.0 -0.449606 0.893227
vn 0.0 -0.405236 0.914212
vn 0.0 -0.405236 0.914212
vn 0.0 -0.359883 0.932998
vn 0.0 -0.359883 0.932998
vn 0.0 -0.313687 0.949526
vn 0.0 -0.313687 0.949526
vn 0.0 -0.266726 0.963773
vn 0.0 -0.266726 0.963773
vn 0.0 -0.219101 0.975702
vn 0.0 -0.219101 0.975702
vn 0.0 -0.170953 0.985279
vn 0.0 -0.170953 0.985279
vn 0.0 -0.122411 0.99248
vn 0.0 -0.122411 0.99248
vn 0.0 -0.02454 0.999699
vn 0.0 -0.073569 0.99729
vn 0.0 -0.073569 0.99729
vn 0.0 -0.02454 0.999699
vn 0.0 0.0 1.0
vn 0.0 0.0 1.0
vn 0.0 0.0 1.0
vn 0.0 0.0 1.0
vn 0.0 0.0 1.0
vn 0.0 0.0 1.0
vn 0.0 0.0 1.0
vn 0.0 0.0 1.0
vn 0.0 0.0 1.0
vn 0.0 0.0 1.0
vn 0.0 0.0 1.0
vn 0.0 0.0 1.0
vn 0.0 0.0 1.0
vn 0.0 0.0 1.0
vn 0.0 0.0 1.0
vn 0.0 0.0 1.0
vn 0.0 0.0 1.0
vn 0.0 0.0 1.0
vn 0.0 0.0 1.0
vn 0.0 0.0 1.0
vn 0.0 0.0 1.0
vn 0.0 0.0 1.0
vn 0.0 0.0 1.0
vn 0.0 0.0 1.0
vn 0.0 0.0 1.0
vn 0.0 0.0 1.0
vn 0.0 0.0 1.0
vn 0.0 0.0 1.0
vn 0.0 0.0 1.0
vn 0.0 0.0 1.0
vn 0.0 0.0 1.0
vn 0.0 0.0 1.0
vn 0.0 0.0 1.0
vn 0.0 0.0 1.0
vn 0.0 0.0 1.0
vn 0.0 0.0 1.0
vn 0.0 0.0 1.0
vn 0.0 0.0 1.0
vn 0.0 0.0 1.0
vn 0.0 0.0 1.0
vn 0.0 0.0 1.0
vn 0.0 0.0 1.0
vn 0.0 0.0 1.0
vn 0.0 0.0 1.0
vn 0.0 0.0 1.0
vn 0.0 0.0 1.0
vn 0.0 0.0 1.0
vn 0.0 0.0 1.0
vn 0.0 0.0 1.0
vn 0.0 0.0 1.0
vn 0.0 0.0 1.0
vn 0.0 0.0 1.0
vn 0.0 0.0 1.0
vn 0.0 0.0 1.0
vn 0.0 0.0 1.0
vn 0.0 0.0 1.0
vn 0.0 0.0 1.0
vn 0.0 0.0 1.0
vn 0.0 0.0 1.0
vn 0.0 0.0 1.0
vn 0.0 0.0 1.0
vn 0.0 0.0 1.0
vn 0.0 0.0 1.0
vn 0.0 0.0 1.0
vn 0.0 0.0 1.0
vn 0.0 0.0 1.0
vn 0.0 0.0 1.0
vn 0.0 0.0 1.0
vn 0.0 0.0 1.0
vn 0.0 0.0 1.0
vn 0.0 0.0 1.0
vn 0.0 0.0 1.0
vn 0.0 0.0 1.0
vn 0.0 0.0 1.0
vn 0.0 0.0 1.0
vn 0.0 0.0 1.0
vn 0.0 0.0 1.0
vn 0.0 0.0 1.0
vn 0.0 0.0 1.0
vn 0.0 0.0 1.0
vn 0.0 0.0 1.0
vn 0.0 0.0 1.0
vn 0.0 0.0 1.0
vn 0.0 0.0 1.0
vn 0.0 0.0 1.0
vn 0.0 0.0 1.0
vn 0.0 0.0 1.0
vn 0.0 0.0 1.0
vn 0.0 0.0 1.0
vn 0.0 0.0 1.0
vn 0.0 0.0 1.0
vn 0.0 0.0 1.0
vn 0.0 0.0 1.0
vn 0.0 0.0 1.0
vn 0.0 0.0 1.0
vn 0.0 0.0 1.0
vn 0.0 0.0 1.0
vn 0.0 0.0 1.0
vn 0.0 0.0 1.0
vn 0.0 0.0 1.0
vn 0.0 0.0 1.0
vn 0.0 0.0 1.0
vn 0.0 0.0 1.0
vn 0.0 0.0 1.0
vn 0.0 0.0 1.0
vn 0.0 0.0 1.0
vn 0.0 0.0 1.0
vn 0.0 0.0 1.0
vn 0.0 0.0 1.0
vn 0.0 0.0 1.0
vn 0.0 0.0 1.0
vn 0.0 0.0 1.0
vn 0.0 0.0 1.0
vn 0.0 0.0 1.0
vn 0.0 0.0 1.0
vn 0.0 0.0 1.0
vn 0.0 0.0 1.0
vn 0.0 0.0 1.0
vn 0.0 0.0 1.0
vn 0.0 0.0 1.0
vn 0.0 0.0 1.0
vn 0.0 0.0 1.0
vn 0.0 0.0 1.0
vn 0.0 0.0 1.0
vn 0.0 0.0 1.0
vn 0.0 0.0 1.0
vn 0.0 0.0 1.0
vn 0.0 0.0 1.0
vn 0.0 0.0 1.0
vn 0.0 0.0 1.0
vn 0.0 0.0 1.0
vn 0.0 0.0 1.0
vn 0.0 0.0 1.0
vn 0.0 0.0 1.0
vn 0.0 0.0 1.0
vn 0.0 0.0 1.0
vn 0.0 0.0 1.0
vn 0.0 0.0 1.0
vn 0.0 0.0 1.0
vn 0.0 0.0 1.0
vn 0.0 0.0 1.0
vn 0.0 0.0 1.0
vn 0.0 0.0 1.0
vn 0.0 0.0 1.0
vn 0.0 0.0 1.0
vn 0.0 0.0 1.0
vn 0.0 0.0 1.0
vn 0.0 0.0 1.0
vn 0.0 0.0 1.0
vn 0.0 0.0 1.0
vn 0.0 0.0 1.0
vn 0.0 0.0 1.0
vn 0.0 0.0 1.0
vn 0.0 0.0 1.0
vn 0.0 0.0 1.0
vn 0.0 0.0 1.0
vn 0.0 0.0 1.0
vn 0.0 0.0 1.0
vn 0.0 0.0 1.0
vn 0.0 0.0 1.0
vn 0.0 0.0 1.0
vn 0.0 0.0 1.0
vn 0.0 0.0 1.0
vn 0.0 0.0 1.0
vn 0.0 0.0 1.0
vn 0.0 0.0 1.0
vn 0.0 0.0 1.0
vn 0.0 0.0 1.0
vn 0.0 0.0 1.0
vn 0.0 0.0 1.0
vn 0.0 0.0 1.0
vn 0.0 0.0 1.0
vn 0.0 0.0 1.0
vn 0.0 0.0 1.0
vn 0.0 0.0 1.0
vn 0.0 0.0 1.0
vn 0.0 0.0 1.0
vn 0.0 0.0 1.0
vn 0.0 0.0 1.0
vn 0.0 0.0 1.0
vn 0.0 0.0 1.0
vn 0.0 0.0 1.0
vn 0.0 0.0 1.0
vn 0.0 0.0 1.0
vn 0.0 0.0 1.0
vn 0.0 0.0 1.0
vn 0.0 0.0 1.0
vn 0.0 0.0 1.0
vn 0.0 0.0 1.0
vn 0.0 0.0 1.0
vn 0.0 0.0 1.0
vn 0.0 0.0 1.0
vn 0.0 0.0 1.0
vn 0.0 0.0 1.0
vn 0.0 0.0 1.0
vn 0.0 0.0 1.0
vn 0.0 0.0 1.0
vn 0.0 0.0 1.0
vn 0.0 0.0 1.0
vn 0.0 0.0 1.0
vn 0.0 0.0 1.0
vn 0.0 0.0 1.0
vn 0.0 0.0 1.0
vn 0.0 0.0 1.0
vn 0.0 0.0 1.0
vn 0.0 0.0 1.0
vn 0.0 0.0 1.0
vn 0.0 0.0 1.0
vn 0.0 0.0 1.0
vn 0.0 0.0 1.0
vn 0.0 0.0 1.0
vn 0.0 0.0 1.0
vn 0.0 0.0 1.0
vn 0.0 0.0 1.0
vn 0.0 0.0 1.0
vn 0.0 0.0 1.0
vn 0.0 0.0 1.0
vn 0.0 0.0 1.0
vn 0.0 0.0 1.0
vn 0.0 0.0 1.0
vn 0.0 0.0 1.0
vn 0.0 0.0 1.0
vn 0.0 0.0 1.0
vn 0.0 0.0 1.0
vn 0.0 0.0 1.0
vn 0.0 0.0 1.0
vn 0.0 0.0 1.0
vn 0.0 0.0 1.0
vn 0.0 0.0 1.0
vn 0.0 0.0 1.0
vn 0.0 0.0 1.0
vn 0.0 0.0 1.0
vn 0.0 0.0 1.0
vn 0.0 0.0 1.0
vn 0.0 0.0 1.0
vn 0.0 0.0 1.0
vn 0.0 0.0 1.0
vn 0.0 0.0 1.0
vn 0.0 0.0 1.0
vn 0.0 0.0 1.0
vn 0.0 0.0 1.0
vn 0.0 0.0 1.0
vn 0.0 0.0 1.0
vn 0.0 0.0 1.0
vn 0.0 0.0 1.0
vn 0.0 0.0 1.0
vn 0.0 0.0 1.0
vn 0.0 0.0 1.0
vn 0.0 0.0 1.0
vn 0.0 0.0 1.0
vn 0.0 0.0 1.0
vn 0.0 0.0 1.0
vn 0.0 0.0 1.0
vn 0.0 0.0 1.0
vn 0.0 0.0 1.0
vn 0.0 0.0 1.0
vn 0.0 0.0 1.0
vn 0.0 0.0 1.0
vn 0.0 0.0 1.0
vn 0.0 0.0 1.0
vn 0.0 0.0 1.0
vn 0.0 0.0 1.0
vn 0.0 0.0 1.0
vn 0.0 0.0 1.0
vn 0.0 0.0 1.0
vn 0.0 0.0 1.0
vn 0.0 0.0 1.0
vn 0.0 0.0 1.0
vn 0.0 0.0 1.0
vn 0.0 0.0 1.0
vn 0.0 0.0 1.0
vn 0.0 0.0 1.0
vn 0.0 0.0 1.0
vn 0.0 0.0 1.0
vn 0.0 0.0 1.0
vn 0.0 0.0 1.0
vn 0.0 0.0 1.0
vn 0.0 0.0 1.0
vn 0.0 0.0 1.0
vn 0.0 0.0 1.0
vn 0.0 0.0 1.0
vn 0.0 0.0 1.0
vn 0.0 0.0 1.0
vn 0.0 0.0 1.0
vn 0.0 0.0 1.0
vn 0.0 0.0 1.0
vn 0.0 0.0 1.0
vn 0.0 0.0 1.0
vn 0.0 0.0 1.0
vn 0.0 0.0 1.0
vn 0.0 0.0 1.0
vn 0.0 0.0 1.0
vn 0.0 0.0 1.0
vn 0.0 0.0 1.0
vn 0.0 0.0 1.0
vn 0.0 0.0 1.0
vn 0.0 0.0 1.0
vn 0.0 0.0 1.0
vn 0.0 0.0 1.0
vn 0.0 0.0 1.0
vn 0.0 0.0 1.0
vn 0.0 0.0 1.0
vn 0.0 0.0 1.0
vn 0.0 0.0 1.0
vn 0.0 0.0 1.0
vn 0.0 0.0 1.0
vn 0.0 0.0 1.0
vn 0.0 0.0 1.0
vn 0.0 0.0 1.0
vn 0.0 0.0 1.0
vn 0.0 0.0 1.0
vn 0.0 0.0 1.0
vn 0.0 0.0 1.0
vn 0.0 0.0 1.0
vn 0.0 0.0 1.0
vn 0.0 0.0 1.0
vn 0.0 0.0 1.0
vn 0.0 0.0 1.0
vn 0.0 0.0 1.0
vn 0.0 0.0 1.0
vn 0.0 0.0 1.0
vn 0.0 0.0 1.0
vn 0.0 0.0 1.0
vn 0.0 0.0 1.0
vn 0.0 0.0 1.0
vn 0.0 0.0 1.0
vn 0.0 0.0 1.0
vn 0.0 0.0 1.0
vn 0.0 0.0 1.0
vn 0.0 0.0 1.0
vn 0.0 0.0 1.0
vn 0.0 0.0 1.0
vn 0.0 0.0 1.0
vn 0.0 0.0 1.0
vn 0.0 0.0 1.0
vn 0.0 0.0 1.0
vn 0.0 0.0 1.0
vn 0.0 0.0 1.0
vn 0.0 0.0 1.0
vn 0.0 0.0 1.0
vn 0.0 0.0 1.0
vn 0.0 0.0 1.0
vn 0.0 0.0 1.0
vn 0.0 0.0 1.0
vn 0.0 0.0 1.0
vn 0.0 0.0 1.0
vn 0.0 0.0 1.0
vn 0.0 0.0 1.0
vn 0.0 0.0 1.0
vn 0.0 0.0 1.0
vn 0.0 0.0 1.0
vn 0.0 0.0 1.0
vn 0.0 0.0 1.0
vn 0.0 0.0 1.0
vn 0.0 0.0 1.0
vn 0.0 0.0 1.0
vn 0.0 0.0 1.0
vn 0.0 0.0 1.0
vn 0.0 0.0 1.0
vn 0.0 0.0 1.0
vn 0.0 0.0 1.0
vn 0.0 0.0 1.0
vn 0.0 0.0 1.0
vn 0.0 0.0 1.0
vn 0.0 0.0 1.0
vn 0.0 0.0 1.0
vn 0.0 0.0 1.0
vn 0.0 0.0 1.0
vn 0.0 0.0 1.0
vn 0.0 0.0 1.0
vn 0.0 0.0 1.0
vn 0.0 0.0 1.0
vn 0.0 0.0 1.0
vn 0.0 0.0 1.0
vn 0.0 0.0 1.0
vn 0.0 0.0 1.0
vn 0.0 0.0 1.0
vn 0.0 0.0 1.0
vn 0.0 0.0 1.0
vn 0.0 0.0 1.0
vn 0.0 0.0 1.0
vn 0.0 0.0 1.0
vn 0.0 0.0 1.0
vn 0.0 0.0 1.0
vn 0.0 0.0 1.0
vn 0.0 0.0 1.0
vn 0.0 0.0 1.0
vn 0.0 0.0 1.0
vn 0.0 0.0 1.0
vn 0.0 0.0 1.0
vn 0.0 0.0 1.0
vn 0.0 0.0 1.0
vn 0.0 0.0 1.0
vn 0.0 0.0 1.0
vn 0.0 0.0 1.0
vn 0.0 0.0 1.0
vn 0.0 0.0 1.0
vn 0.0 0.0 1.0
vn 0.0 0.0 1.0
vn 0.0 0.0 1.0
vn 0.0 0.0 1.0
vn 0.0 0.0 1.0
vn 0.0 0.0 1.0
vn 0.0 0.0 1.0
vn 0.0 0.0 1.0
vn 0.0 0.0 1.0
vn 0.0 0.0 1.0
vn 0.0 0.0 1.0
vn 0.0 0.0 1.0
vn 0.0 0.0 1.0
vn 0.0 0.0 1.0
vn 0.0 0.0 1.0
vn 0.0 0.0 1.0
vn 0.0 0.0 1.0
vn 0.0 0.0 1.0
vn 0.0 0.0 1.0
vn 0.0 0.0 1.0
vn 0.0 0.0 1.0
vn 0.0 0.0 1.0
vn 0.0 0.0 1.0
vn 0.0 0.0 1.0
vn 0.0 0.0 1.0
vn 0.0 0.0 1.0
vn 0.0 0.0 1.0
vn 0.0 0.0 1.0
vn 0.0 0.0 1.0
vn 0.0 0.0 1.0
vn 0.0 0.0 1.0
vn 0.0 0.0 1.0
vn 0.0 0.0 1.0
vn 0.0 0.0 1.0
vn 0.0 0.0 1.0
vn 0.0 0.0 1.0
vn 0.0 0.0 1.0
vn 0.0 0.0 1.0
vn 0.0 0.0 1.0
vn 0.0 0.0 1.0
vn 0.0 0.0 1.0
vn 0.0 0.0 1.0
vn 0.0 0.0 1.0
vn 0.0 0.0 1.0
vn 0.0 0.0 1.0
vn 0.0 0.0 1.0
vn 0.0 0.0 1.0
vn 0.0 0.0 1.0
vn 0.0 0.0 1.0
vn 0.0 0.0 1.0
vn 0.0 0.0 1.0
vn 0.0 0.0 1.0
vn 0.0 0.0 1.0
vn 0.0 0.0 1.0
vn 0.0 0.0 1.0
vn 0.0 0.0 1.0
vn 0.0 0.0 1.0
vn 0.0 0.0 1.0
vn 0.0 0.0 1.0
vn 0.0 0.0 1.0
vn 0.0 0.0 1.0
vn 0.0 0.0 1.0
vn 0.0 0.0 1.0
vn 0.0 0.0 1.0
vn 0.0 0.0 1.0
vn 0.0 0.0 1.0
vn 0.0 0.0 1.0
vn 0.0 0.0 1.0
vn 0.0 0.0 1.0
vn 0.0 0.0 1.0
vn 0.0 0.0 1.0
vn 0.0 0.0 1.0
vn 0.0 0.0 1.0
vn 0.0 0.0 1.0
vn 0.0 0.0 1.0
vn 0.0 0.0 1.0
vn 0.0 0.0 1.0
vn 0.0 0.0 1.0
vn 0.0 0.0 1.0
vn 0.0 0.0 1.0
vn 0.0 0.0 1.0
vn 0.0 0.0 1.0
vn 0.0 0.0 1.0
vn 0.0 0.0 1.0
vn 0.0 0.0 1.0
vn 0.0 0.0 1.0
vn 0.0 0.0 1.0
vn 0.0 0.0 1.0
vn 0.0 0.0 1.0
vn 0.0 0.0 1.0
vn 0.0 0.0 1.0
vn 0.0 0.0 1.0
vn 0.0 0.0 1.0
vn 0.0 0.0 1.0
vn 0.0 0.0 1.0
vn 0.0 0.0 1.0
vn 0.0 0.0 1.0
vn 0.0 0.0 1.0
vn 0.0 0.0 1.0
vn 0.0 0.0 -1.0
vn 0.0 0.0 -1.0
vn 0.0 0.0 -1.0
vn 0.0 0.0 -1.0
vn 0.0 0.0 -1.0
vn 0.0 0.0 -1.0
vn 0.0 0.0 -1.0
vn 0.0 0.0 -1.0
vn 0.0 0.0 -1.0
vn 0.0 -0.0 -1.0
vn 0.0 -0.0 -1.0
vn 0.0 0.0 -1.0
vn 0.0 0.0 -1.0
vn 0.0 0.0 -1.0
vn 0.0 0.0 -1.0
vn 0.0 0.0 -1.0
vn 0.0 0.0 -1.0
vn 0.0 0.0 -1.0
vn 0.0 0.0 -1.0
vn 0.0 0.0 -1.0
vn 0.0 0.0 -1.0
vn 0.0 0.0 -1.0
vn 0.0 0.0 -1.0
vn 0.0 0.0 -1.0
vn 0.0 0.0 -1.0
vn 0.0 0.0 -1.0
vn 0.0 0.0 -1.0
vn 0.0 -0.0 -1.0
vn 0.0 -0.0 -1.0
vn 0.0 -0.0 -1.0
vn 0.0 0.0 -1.0
vn 0.0 0.0 -1.0
vn 0.0 0.0 -1.0
vn 0.0 0.0 -1.0
vn 0.0 0.0 -1.0
vn 0.0 -0.0 -1.0
vn 0.0 -0.0 -1.0
vn 0.0 -0.0 -1.0
vn 0.0 0.0 -1.0
vn 0.0 0.0 -1.0
vn 0.0 -0.0 -1.0
vn 0.0 0.0 -1.0
vn 0.0 0.0 -1.0
vn 0.0 0.0 -1.0
vn 0.0 0.0 -1.0
vn 0.0 0.0 -1.0
vn 0.0 0.0 -1.0
vn 0.0 -0.0 -1.0
vn 0.0 -0.0 -1.0
vn 0.0 0.0 -1.0
vn 0.0 0.0 -1.0
vn 0.0 0.0 -1.0
vn 0.0 0.0 -1.0
vn 0.0 -0.0 -1.0
vn 0.0 -0.0 -1.0
vn 0.0 -0.0 -1.0
vn 0.0 -0.0 -1.0
vn 0.0 -0.0 -1.0
vn 0.0 0.0 -1.0
vn 0.0 0.0 -1.0
vn 0.0 -0.0 -1.0
vn 0.0 -0.0 -1.0
vn 0.0 0.0 -1.0
vn 0.0 0.0 -1.0
vn 0.0 -0.0 -1.0
vn 0.0 -0.0 -1.0
vn 0.0 0.0 -1.0
vn 0.0 -0.0 -1.0
vn 0.0 0.0 -1.0
vn 0.0 -0.0 -1.0
vn 0.0 0.0 -1.0
vn 0.0 0.0 -1.0
vn 0.0 0.0 -1.0
vn 0.0 0.0 -1.0
vn 0.0 -0.0 -1.0
vn 0.0 -0.0 -1.0
vn 0.0 0.0 -1.0
vn 0.0 0.0 -1.0
vn -0.0 -0.0 -1.0
vn -0.0 -0.0 -1.0
vn -0.0 -0.0 -1.0
vn 0.0 0.0 -1.0
vn -0.0 -0.0 -1.0
vn 0.0 -0.0 -1.0
vn -0.0 -0.0 -1.0
vn 0.0 0.0 -1.0
vn 0.0 0.0 -1.0
vn 0.0 -0.0 -1.0
vn 0.0 0.0 -1.0
vn 0.0 -0.0 -1.0
vn 0.0 0.0 -1.0
vn 0.0 0.0 -1.0
vn 0.0 -0.0 -1.0
vn 0.0 0.0 -1.0
vn 0.0 0.0 -1.0
vn 0.0 -0.0 -1.0
vn 0.0 -0.0 -1.0
vn 0.0 0.0 -1.0
vn 0.0 0.0 -1.0
vn 0.0 0.0 -1.0
vn 0.0 0.0 -1.0
vn 0.0 0.0 -1.0
vn 0.0 0.0 -1.0
vn -0.0 -0.0 -1.0
vn -0.0 -0.0 -1.0
vn -0.0 -0.0 -1.0
vn 0.0 0.0 -1.0
vn 0.0 0.0 -1.0
vn 0.0 0.0 -1.0
vn 0.0 0.0 -1.0
vn -0.0 -0.0 -1.0
vn -0.0 -0.0 -1.0
vn -0.0 -0.0 -1.0
vn -0.0 -0.0 -1.0
vn 0.0 0.0 -1.0
vn 0.0 0.0 -1.0
vn 0.0 0.0 -1.0
vn 0.0 -0.0 -1.0
vn 0.0 0.0 -1.0
vn 0.0 0.0 -1.0
vn -0.0 -0.0 -1.0
vn -0.0 -0.0 -1.0
vn 0.0 0.0 -1.0
vn 0.0 0.0 -1.0
vn 0.0 0.0 -1.0
vn 0.0 0.0 -1.0
vn 0.0 0.0 -1.0
vn 0.0 0.0 -1.0
vn 0.0 0.0 -1.0
vn 0.0 0.0 -1.0
vn 0.0 0.0 -1.0
vn 0.0 0.0 -1.0
vn 0.0 0.0 -1.0
vn 0.0 0.0 -1.0
vn 0.0 0.0 -1.0
vn 0.0 -0.0 -1.0
vn 0.0 -0.0 -1.0
vn 0.0 0.0 -1.0
vn 0.0 0.0 -1.0
vn 0.0 0.0 -1.0
vn 0.0 0.0 -1.0
vn 0.0 0.0 -1.0
vn 0.0 -0.0 -1.0
vn 0.0 -0.0 -1.0
vn 0.0 0.0 -1.0
vn 0.0 0.0 -1.0
vn 0.0 0.0 -1.0
vn 0.0 -0.0 -1.0
vn 0.0 -0.0 -1.0
vn 0.0 -0.0 -1.0
vn 0.0 -0.0 -1.0
vn 0.0 0.0 -1.0
vn 0.0 0.0 -1.0
vn 0.0 0.0 -1.0
vn 0.0 0.0 -1.0
vn 0.0 0.0 -1.0
vn 0.0 -0.0 -1.0
vn 0.0 0.0 -1.0
vn 0.0 0.0 -1.0
vn 0.0 0.0 -1.0
vn 0.0 0.0 -1.0
vn 0.0 0.0 -1.0
vn 0.0 -0.0 -1.0
vn 0.0 -0.0 -1.0
vn 0.0 -0.0 -1.0
vn 0.0 0.0 -1.0
vn 0.0 0.0 -1.0
vn 0.0 0.0 -1.0
vn 0.0 0.0 -1.0
vn 0.0 -0.0 -1.0
vn 0.0 -0.0 -1.0
vn 0.0 -0.0 -1.0
vn 0.0 -0.0 -1.0
vn 0.0 0.0 -1.0
vn 0.0 0.0 -1.0
vn 0.0 -0.0 -1.0
vn 0.0 -0.0 -1.0
vn 0.0 -0.0 -1.0
vn 0.0 0.0 -1.0
vn 0.0 0.0 -1.0
vn 0.0 -0.0 -1.0
vn 0.0 -0.0 -1.0
vn 0.0 0.0 -1.0
vn 0.0 0.0 -1.0
vn 0.0 0.0 -1.0
vn 0.0 0.0 -1.0
vn 0.0 0.0 -1.0
vn 0.0 0.0 -1.0
vn 0.0 0.0 -1.0
vn 0.0 0.0 -1.0
vn 0.0 0.0 -1.0
vn 0.0 0.0 -1.0
vn 0.0 0.0 -1.0
vn 0.0 0.0 -1.0
vn 0.0 0.0 -1.0
vn 0.0 0.0 -1.0
vn 0.0 0.0 -1.0
vn 0.0 -0.0 -1.0
vn 0.0 0.0 -1.0
vn 0.0 0.0 -1.0
vn 0.0 0.0 -1.0
vn -0.0 -0.0 -1.0
vn -0.0 -0.0 -1.0
vn 0.0 0.0 -1.0
vn 0.0 0.0 -1.0
vn 0.0 0.0 -1.0
vn 0.0 0.0 -1.0
vn 0.0 0.0 -1.0
vn 0.0 0.0 -1.0
vn 0.0 0.0 -1.0
vn 0.0 0.0 -1.0
vn 0.0 0.0 -1.0
vn 0.0 0.0 -1.0
vn 0.0 -0.0 -1.0
vn -0.0 -0.0 -1.0
vn -0.0 -0.0 -1.0
vn 0.0 -0.0 -1.0
vn 0.0 -0.0 -1.0
vn 0.0 -0.0 -1.0
vn 0.0 -0.0 -1.0
vn 0.0 -0.0 -1.0
vn 0.0 -0.0 -1.0
vn 0.0 -0.0 -1.0
vn 0.0 0.0 -1.0
vn 0.0 0.0 -1.0
vn 0.0 0.0 -1.0
vn -0.0 -0.0 -1.0
vn -0.0 -0.0 -1.0
vn 0.0 0.0 -1.0
vn 0.0 0.0 -1.0
vn 0.0 -0.0 -1.0
vn -0.0 -0.0 -1.0
vn 0.0 0.0 -1.0
vn 0.0 0.0 -1.0
vn 0.0 0.0 -1.0
vn 0.0 0.0 -1.0
vn 0.0 0.0 -1.0
vn -0.0 -0.0 -1.0
vn -0.0 -0.0 -1.0
vn -0.0 -0.0 -1.0
vn -0.0 -0.0 -1.0
vn 0.0 0.0 -1.0
vn 0.0 0.0 -1.0
vn 0.0 -0.0 -1.0
vn -0.0 -0.0 -1.0
vn 0.0 0.0 -1.0
vn -0.0 -0.0 -1.0
vn 0.0 -0.0 -1.0
vn 0.0 0.0 -1.0
vn 0.0 0.0 -1.0
vn 0.0 0.0 -1.0
vn 0.0 0.0 -1.0
vn 0.0 0.0 -1.0
vn 0.0 0.0 -1.0
vn 0.0 0.0 -1.0
vn 0.0 0.0 -1.0
vn 0.0 0.0 -1.0
vn 0.0 0.0 -1.0
vn 0.0 0.0 -1.0
vn 0.0 0.0 -1.0
vn 0.0 -0.0 -1.0
vn 0.0 -0.0 -1.0
vn 0.0 -0.0 -1.0
vn 0.0 0.0 -1.0
vn 0.0 0.0 -1.0
vn 0.0 0.0 -1.0
vn 0.0 0.0 -1.0
vn 0.0 0.0 -1.0
vn 0.0 0.0 -1.0
vn 0.0 -0.0 -1.0
vn 0.0 -0.0 -1.0
vn 0.0 -0.0 -1.0
vn 0.0 0.0 -1.0
vn 0.0 0.0 -1.0
vn 0.0 0.0 -1.0
vn 0.0 -0.0 -1.0
vn 0.0 -0.0 -1.0
vn 0.0 -0.0 -1.0
vn 0.0 0.0 -1.0
vn 0.0 0.0 -1.0
vn 0.0 0.0 -1.0
vn 0.0 0.0 -1.0
vn 0.0 -0.0 -1.0
vn 0.0 0.0 -1.0
vn 0.0 -0.0 -1.0
vn 0.0 0.0 -1.0
vn 0.0 0.0 -1.0
vn 0.0 -0.0 -1.0
vn 0.0 -0.0 -1.0
vn 0.0 -0.0 -1.0
vn 0.0 0.0 -1.0
vn 0.0 0.0 -1.0
vn 0.0 0.0 -1.0
vn 0.0 0.0 -1.0
vn 0.0 0.0 -1.0
vn 0.0 0.0 -1.0
vn 0.0 -0.0 -1.0
vn 0.0 -0.0 -1.0
vn 0.0 -0.0 -1.0
vn 0.0 0.0 -1.0
vn 0.0 -0.0 -1.0
vn 0.0 -0.0 -1.0
vn 0.0 0.0 -1.0
vn 0.0 0.0 -1.0
vn 0.0 0.0 -1.0
vn 0.0 0.0 -1.0
vn 0.0 -0.0 -1.0
vn 0.0 -0.0 -1.0
vn 0.0 0.0 -1.0
vn 0.0 0.0 -1.0
vn 0.0 0.0 -1.0
vn 0.0 0.0 -1.0
vn 0.0 0.0 -1.0
vn 0.0 0.0 -1.0
vn 0.0 0.0 -1.0
vn 0.0 0.0 -1.0
vn 0.0 0.0 -1.0
vn 0.0 0.0 -1.0
vn 0.0 0.0 -1.0
vn 0.0 0.0 -1.0
vn 0.0 -0.0 -1.0
vn 0.0 -0.0 -1.0
vn 0.0 -0.0 -1.0
vn 0.0 0.0 -1.0
vn 0.0 0.0 -1.0
vn 0.0 0.0 -1.0
vn 0.0 0.0 -1.0
vn -0.0 -0.0 -1.0
vn -0.0 -0.0 -1.0
vn 0.0 -0.0 -1.0
vn 0.0 0.0 -1.0
vn 0.0 0.0 -1.0
vn 0.0 0.0 -1.0
vn 0.0 0.0 -1.0
vn 0.0 0.0 -1.0
vn 0.0 0.0 -1.0
vn 0.0 0.0 -1.0
vn 0.0 0.0 -1.0
vn 0.0 0.0 -1.0
vn 0.0 0.0 -1.0
vn 0.0 0.0 -1.0
vn -0.0 -0.0 -1.0
vn -0.0 -0.0 -1.0
vn -0.0 -0.0 -1.0
vn 0.0 0.0 -1.0
vn 0.0 0.0 -1.0
vn 0.0 0.0 -1.0
vn -0.0 -0.0 -1.0
vn -0.0 -0.0 -1.0
vn -0.0 -0.0 -1.0
vn -0.0 -0.0 -1.0
vn 0.0 -0.0 -1.0
vn 0.0 0.0 -1.0
vn 0.0 0.0 -1.0
vn 0.0 0.0 -1.0
vn -0.0 -0.0 -1.0
vn -0.0 -0.0 -1.0
vn 0.0 0.0 -1.0
vn 0.0 0.0 -1.0
vn -0.0 -0.0 -1.0
vn -0.0 -0.0 -1.0
vn 0.0 0.0 -1.0
vn 0.0 -0.0 -1.0
vn 0.0 0.0 -1.0
vn 0.0 0.0 -1.0
vn 0.0 -0.0 -1.0
vn 0.0 -0.0 -1.0
vn -0.0 -0.0 -1.0
vn 0.0 0.0 -1.0
vn 0.0 -0.0 -1.0
vn -0.0 -0.0 -1.0
vn 0.0 -0.0 -1.0
vn 0.0 0.0 -1.0
vn 0.0 0.0 -1.0
vn 0.0 0.0 -1.0
vn 0.0 0.0 -1.0
vn 0.0 0.0 -1.0
vn 0.0 0.0 -1.0
vn 0.0 0.0 -1.0
vn 0.0 -0.0 -1.0
vn 0.0 -0.0 -1.0
vn 0.0 0.0 -1.0
vn 0.0 0.0 -1.0
vn 0.0 0.0 -1.0
vn 0.0 0.0 -1.0
vn 0.0 0.0 -1.0
vn 0.0 0.0 -1.0
vn 0.0 0.0 -1.0
vn 0.0 0.0 -1.0
vn 0.0 0.0 -1.0
vn 0.0 0.0 -1.0
vn 0.0 0.0 -1.0
vn 0.0 0.0 -1.0
vn 0.0 -0.0 -1.0
vn 0.0 -0.0 -1.0
vn 0.0 -0.0 -1.0
vn 0.0 0.0 -1.0
vn 0.0 -0.0 -1.0
vn 0.0 0.0 -1.0
vn 0.0 0.0 -1.0
vn 0.0 0.0 -1.0
vn 0.0 0.0 -1.0
vn 0.0 -0.0 -1.0
vn 0.0 -0.0 -1.0
vn 0.0 0.0 -1.0
vn 0.0 0.0 -1.0
vn 0.0 0.0 -1.0
vn 0.0 -0.0 -1.0
vn 0.0 -0.0 -1.0
vn 0.0 -0.0 -1.0
vn 0.0 -0.0 -1.0
vn 0.0 -0.0 -1.0
vn 0.0 -0.0 -1.0
vn 0.0 0.0 -1.0
vn 0.0 0.0 -1.0
vn 0.0 0.0 -1.0
vn 0.0 0.0 -1.0
vn 0.0 0.0 -1.0
vn 0.0 -0.0 -1.0
vn 0.0 0.0 -1.0
vn 0.0 -0.0 -1.0
vn 0.0 0.0 -1.0
vn 0.0 0.0 -1.0
vn 0.0 -0.0 -1.0
vn 0.0 0.0 -1.0
vn 0.0 0.0 -1.0
vn 0.0 0.0 -1.0
vn 0.0 0.0 -1.0
vn 0.0 0.0 -1.0
vn 0.0 0.0 -1.0
vn 0.0 0.0 -1.0
vn 0.0 0.0 -1.0
vn 0.0 0.0 -1.0
vn 0.0 0.0 -1.0
vn 0.0 -0.0 -1.0
vn 0.0 -0.0 -1.0
vn 0.0 -0.0 -1.0
vn 0.0 0.0 -1.0
vn 0.0 0.0 -1.0
vn 0.0 -0.0 -1.0
vn 0.0 0.0 -1.0
vn 0.0 0.0 -1.0
vn 0.0 0.0 -1.0
vn 0.0 0.0 -1.0
vn 0.0 0.0 -1.0
vn 0.0 0.0 -1.0
vn 0.0 0.0 -1.0
vn 0.0 0.0 -1.0
vn 0.0 0.0 -1.0
vn 0.0 0.0 -1.0
vn 0.0 0.0 -1.0
vn 0.0 0.0 -1.0
vn 0.0 0.0 -1.0
vn 0.0 0.0 -1.0
vn 0.0 0.0 -1.0
vn 0.0 0.0 -1.0
vn -0.0 -0.0 -1.0
vn -0.0 -0.0 -1.0
vn -0.0 -0.0 -1.0
vn 0.0 0.0 -1.0
vn 0.0 0.0 -1.0
vn -0.0 -0.0 -1.0
vn -0.0 -0.0 -1.0
vn 0.0 0.0 -1.0
vn 0.0 0.0 -1.0
vn 0.0 0.0 -1.0
vn 0.0 -0.0 -1.0
vn 0.0 0.0 -1.0
vn 0.0 -0.0 -1.0
vn 0.0 -0.0 -1.0
vn 0.0 0.0 -1.0
vn 0.0 -0.0 -1.0
vn 0.0 0.0 -1.0
vn -0.0 -0.0 -1.0
vn -0.0 -0.0 -1.0
vn -0.0 -0.0 -1.0
vn 0.0 -0.0 -1.0
vn -0.0 -0.0 -1.0
vn -0.0 -0.0 -1.0
vn 0.0 -0.0 -1.0
vn -0.0 -0.0 -1.0
vn 0.0 -0.0 -1.0
vn 0.0 0.0 -1.0
vn 0.0 0.0 -1.0
vn 0.0 0.0 -1.0
vn 0.0 0.0 -1.0
vn -0.0 -0.0 -1.0
vn -0.0 -0.0 -1.0
vn -0.0 -0.0 -1.0
vn 0.0 -0.0 -1.0
vn 0.0 0.0 -1.0
vn 0.0 0.0 -1.0
vn 0.0 0.0 -1.0
vn 0.0 -0.0 -1.0
vn -0.0 -0.0 -1.0
vn 0.0 -0.0 -1.0
vn 0.0 1.0 0.0
vn 0.0 1.0 0.0
vn 0.0 1.0 0.0
vn 0.0 1.0 0.0
vn 0.0 1.0 0.0
vn 0.0 1.0 0.0
vn 0.0 1.0 0.0
vn 0.0 1.0 0.0
vn 0.0 1.0 0.0
vn 0.0 1.0 0.0
vn 0.0 1.0 0.0
vn 0.0 1.0 0.0
vn 0.0 1.0 0.0
vn 0.0 1.0 0.0
vn 0.0 1.0 0.0
vn 0.0 1.0 0.0
vn 0.0 1.0 0.0
vn 0.0 1.0 0.0
vn 0.0 1.0 0.0
vn 0.0 1.0 0.0
vn 0.0 1.0 0.0
vn 0.0 1.0 0.0
vn 0.0 1.0 0.0
vn 0.0 1.0 0.0
vn 0.0 1.0 0.0
vn 0.0 1.0 0.0
vn 0.0 1.0 0.0
vn 0.0 1.0 0.0
vn 0.0 1.0 0.0
vn 0.0 1.0 0.0
vn 0.0 1.0 0.0
vn 0.0 1.0 0.0
vn 0.0 1.0 0.0
vn 0.0 1.0 0.0
vn 0.0 1.0 0.0
vn 0.0 1.0 0.0
vn 0.0 1.0 0.0
vn 0.0 1.0 0.0
vn 0.0 1.0 0.0
vn 0.0 1.0 0.0
vn 0.0 1.0 0.0
vn 0.0 1.0 0.0
vn 0.0 1.0 0.0
vn 0.0 1.0 0.0
vn 0.0 1.0 0.0
vn 0.0 1.0 0.0
vn 0.0 1.0 0.0
vn 0.0 1.0 0.0
vn 0.0 1.0 0.0
vn 0.0 1.0 0.0
vn 0.0 1.0 0.0
vn 0.0 1.0 0.0
vn 0.0 1.0 0.0
vn 0.0 1.0 0.0
vn 0.0 1.0 0.0
vn 0.0 1.0 0.0
vn 0.0 1.0 0.0
vn 0.0 1.0 0.0
vn 0.0 1.0 0.0
vn 0.0 1.0 0.0
vn 0.0 1.0 0.0
vn 0.0 1.0 0.0
vn 0.0 1.0 0.0
vn 0.0 1.0 0.0
vn 0.0 1.0 0.0
vn 0.0 1.0 0.0
vn 0.0 1.0 0.0
vn 0.0 1.0 0.0
vn 0.0 1.0 0.0
vn 0.0 1.0 0.0
vn 0.0 1.0 0.0
vn 0.0 1.0 0.0
vn 0.0 1.0 0.0
vn 0.0 1.0 0.0
vn 0.0 1.0 0.0
vn 0.0 1.0 0.0
vn 0.0 1.0 0.0
vn 0.0 1.0 0.0
vn 0.0 1.0 0.0
vn 0.0 1.0 0.0
vn 0.0 1.0 0.0
vn 0.0 1.0 0.0
vn 0.0 1.0 0.0
vn 0.0 1.0 0.0
vn 0.0 1.0 0.0
vn 0.0 1.0 0.0
vn 0.0 1.0 0.0
vn 0.0 1.0 -0.0
vn 0.0 1.0 0.0
vn 0.0 1.0 0.0
vn 0.0 1.0 0.0
vn 0.0 1.0 0.0
vn 0.0 1.0 0.0
vn 0.0 1.0 0.0
vn 0.0 1.0 0.0
vn 0.0 1.0 0.0
vn 0.0 1.0 0.0
vn 0.0 1.0 0.0
vn 0.0 1.0 0.0
vn 0.0 1.0 0.0
vn 0.0 1.0 0.0
vn 0.0 1.0 0.0
vn 0.0 1.0 0.0
vn 0.0 1.0 0.0
vn 0.0 1.0 0.0
vn 0.0 1.0 0.0
vn 0.0 1.0 0.0
vn 0.0 1.0 0.0
vn 0.0 1.0 0.0
vn 0.0 1.0 0.0
vn 0.0 1.0 0.0
vn 0.0 1.0 0.0
vn 0.0 1.0 0.0
vn 0.0 1.0 -0.0
vn 0.0 1.0 0.0
vn 0.0 1.0 0.0
vn 0.0 1.0 0.0
vn 0.0 1.0 0.0
vn 0.0 1.0 0.0
vn 0.0 1.0 0.0
vn 0.0 1.0 0.0
vn 0.0 1.0 0.0
vn 0.0 1.0 0.0
vn 0.0 1.0 0.0
vn 1.0 0.0 0.0
vn 1.0 0.0 0.0
vn 1.0 0.0 0.0
vn 1.0 0.0 0.0
vn 1.0 0.0 0.0
vn 1.0 0.0 0.0
vn 1.0 0.0 0.0
vn 1.0 0.0 0.0
vn 1.0 0.0 0.0
vn 1.0 0.0 0.0
vn 1.0 0.0 0.0
vn 1.0 0.0 0.0
vn 1.0 0.0 0.0
vn 1.0 0.0 0.0
vn 1.0 0.0 0.0
vn 1.0 0.0 0.0
vn 1.0 0.0 0.0
vn 1.0 0.0 0.0
vn 1.0 0.0 0.0
vn 1.0 0.0 0.0
vn 1.0 0.0 0.0
vn 1.0 0.0 0.0
vn 1.0 0.0 0.0
vn 1.0 0.0 0.0
vn 1.0 0.0 -0.0
vn 1.0 0.0 0.0
vn 1.0 0.0 0.0
vn 1.0 0.0 0.0
vn 1.0 0.0 0.0
vn 1.0 0.0 0.0
vn 1.0 0.0 0.0
vn 1.0 0.0 0.0
vn 1.0 0.0 0.0
vn 1.0 0.0 0.0
vn 1.0 0.0 0.0
vn 1.0 0.0 0.0
vn 1.0 0.0 0.0
vn 1.0 0.0 0.0
vn 1.0 0.0 0.0
vn 1.0 0.0 0.0
vn 1.0 0.0 0.0
vn 1.0 0.0 0.0
vn 1.0 0.0 0.0
vn 1.0 0.0 0.0
vn 1.0 0.0 0.0
vn 1.0 0.0 0.0
vn 1.0 0.0 0.0
vn 1.0 0.0 0.0
vn 1.0 0.0 0.0
vn 1.0 0.0 0.0
vn 1.0 0.0 0.0
vn 1.0 0.0 0.0
vn 1.0 0.0 0.0
vn 1.0 0.0 0.0
vn 1.0 0.0 0.0
vn 1.0 0.0 0.0
vn 1.0 0.0 0.0
vn 1.0 0.0 0.0
vn 1.0 0.0 0.0
vn 1.0 0.0 0.0
vn 1.0 0.0 0.0
vn 1.0 0.0 0.0
vn 1.0 0.0 0.0
vn 1.0 0.0 0.0
vn 1.0 0.0 0.0
vn 1.0 0.0 0.0
vn 1.0 0.0 0.0
vn 1.0 0.0 0.0
vn 1.0 0.0 0.0
vn 1.0 0.0 0.0
vn 1.0 0.0 0.0
vn 1.0 0.0 0.0
vn 1.0 0.0 0.0
vn 1.0 0.0 0.0
vn 1.0 0.0 0.0
vn 1.0 0.0 0.0
vn 1.0 0.0 0.0
vn 1.0 0.0 0.0
vn 1.0 0.0 0.0
vn 1.0 0.0 0.0
vn 1.0 0.0 0.0
vn 1.0 0.0 0.0
vn 1.0 0.0 0.0
vn 1.0 0.0 0.0
vn 1.0 0.0 0.0
vn 1.0 0.0 0.0
vn 1.0 0.0 0.0
vn 1.0 0.0 0.0
vn 1.0 0.0 0.0
vn 1.0 0.0 0.0
vn 1.0 0.0 0.0
vn 1.0 0.0 0.0
vn 1.0 0.0 0.0
vn 1.0 0.0 0.0
vn 1.0 0.0 0.0
vn 1.0 0.0 0.0
vn 1.0 0.0 0.0
vn 1.0 0.0 0.0
vn 1.0 0.0 0.0
vn 1.0 0.0 0.0
vn 1.0 0.0 0.0
vn 1.0 0.0 0.0
vn 1.0 0.0 0.0
vn 1.0 0.0 0.0
vn 1.0 0.0 0.0
vn 1.0 0.0 0.0
vn 1.0 0.0 0.0
vn 1.0 0.0 0.0
vn 1.0 0.0 0.0
vn 1.0 0.0 0.0
vn 1.0 0.0 0.0
vn 1.0 0.0 0.0
vn 1.0 0.0 0.0
vn 1.0 0.0 0.0
vn 1.0 0.0 0.0
vn 1.0 0.0 0.0
vn 1.0 0.0 0.0
vn 1.0 0.0 -0.0
vn 1.0 0.0 0.0
vn 1.0 0.0 0.0
vn 1.0 0.0 0.0
vn 1.0 0.0 0.0
vn 1.0 0.0 0.0
vn 1.0 0.0 0.0
vn 0.0 0.0 1.0
vn 0.0 0.0 1.0
vn 0.0 0.0 1.0
vn 0.0 0.0 1.0
vn 0.0 0.0 1.0
vn 0.0 0.0 1.0
vn 0.0 0.0 1.0
vn 0.0 0.0 1.0
vn 0.0 0.0 1.0
vn 0.0 0.0 1.0
vn 0.0 0.0 1.0
vn 0.0 0.0 1.0
vn 0.0 0.0 1.0
vn 0.0 0.0 1.0
vn 0.0 0.0 1.0
vn 0.0 0.0 1.0
vn 0.0 0.0 1.0
vn 0.0 0.0 1.0
vn 0.0 -1.0 0.0
vn 0.0 -1.0 0.0
vn -1.0 0.0 0.0
vn -1.0 0.0 0.0
vn 1.0 0.0 0.0
vn 1.0 -0.0 0.0
vn 0.0 1.0 0.0
vn 0.0 1.0 0.0
vn 0.0 -1.0 0.0
vn 0.0 -1.0 0.0
vn 1.0 0.0 0.0
vn 1.0 -0.0 0.0
vn 0.0 1.0 0.0
vn 0.0 1.0 0.0
vn -1.0 0.0 0.0
vn -1.0 0.0 0.0
vn 0.0 0.0 1.0
vn 0.0 0.0 1.0
vn 0.0 0.0 1.0
vn 0.0 0.0 1.0
f 1//1 2//1 3//1 
f 3//2 4//2 1//2 
f 1//3 5//3 2//3 
f 4//4 6//4 1//4 
f 1//5 7//5 5//5 
f 6//6 8//6 1//6 
f 1//7 9//7 7//7 
f 8//8 10//8 1//8 
f 1//9 11//9 9//9 
f 10//10 12//10 1//10 
f 1//11 13//11 11//11 
f 12//12 14//12 1//12 
f 1//13 15//13 13//13 
f 14//14 16//14 1//14 
f 1//15 17//15 15//15 
f 16//16 18//16 1//16 
f 1//17 19//17 17//17 
f 18//18 20//18 1//18 
f 1//19 21//19 19//19 
f 20//20 22//20 1//20 
f 1//21 23//21 21//21 
f 22//22 24//22 1//22 
f 1//23 25//23 23//23 
f 24//24 26//24 1//24 
f 1//25 27//25 25//25 
f 26//26 28//26 1//26 
f 1//27 29//27 27//27 
f 28//28 30//28 1//28 
f 1//29 31//29 29//29 
f 30//30 32//30 1//30 
f 1//31 33//31 31//31 
f 1//32 34//32 35//32 
f 32//33 34//33 1//33 
f 34//34 36//34 35//34 
f 36//35 37//35 35//35 
f 37//36 38//36 35//36 
f 38//37 39//37 35//37 
f 39//38 40//38 35//38 
f 40//39 41//39 35//39 
f 41//40 42//40 35//40 
f 42//41 43//41 35//41 
f 43//42 44//42 35//42 
f 44//43 45//43 35//43 
f 45//44 46//44 35//44 
f 46//45 47//45 35//45 
f 47//46 48//46 35//46 
f 48//47 49//47 35//47 
f 49//48 50//48 35//48 
f 50//49 51//49 35//49 
f 51//50 52//50 35//50 
f 52//51 53//51 35//51 
f 53//52 54//52 35//52 
f 54//53 55//53 35//53 
f 55//54 56//54 35//54 
f 56//55 57//55 35//55 
f 57//56 58//56 35//56 
f 58//57 59//57 35//57 
f 59//58 60//58 35//58 
f 60//59 61//59 35//59 
f 61//60 62//60 35//60 
f 62//61 63//61 35//61 
f 63//62 64//62 35//62 
f 64//63 65//63 35//63 
f 65//64 66//64 35//64 
f 33//65 67//65 68//65 
f 68//66 67//66 69//66 
f 69//67 67//67 70//67 
f 70//68 67//68 71//68 
f 71//69 67//69 72//69 
f 72//70 67//70 73//70 
f 73//71 67//71 74//71 
f 74//72 67//72 75//72 
f 75//73 67//73 76//73 
f 76//74 67//74 77//74 
f 77//75 67//75 78//75 
f 78//76 67//76 79//76 
f 79//77 67//77 80//77 
f 80//78 67//78 81//78 
f 81//79 67//79 82//79 
f 82//80 67//80 83//80 
f 83//81 67//81 84//81 
f 84//82 67//82 85//82 
f 85//83 67//83 86//83 
f 86//84 67//84 87//84 
f 87//85 67//85 88//85 
f 88//86 67//86 89//86 
f 89//87 67//87 90//87 
f 90//88 67//88 91//88 
f 91//89 67//89 92//89 
f 92//90 67//90 93//90 
f 93//91 67//91 94//91 
f 94//92 67//92 95//92 
f 95//93 67//93 96//93 
f 96//94 67//94 97//94 
f 1//95 67//95 33//95 
f 97//96 67//96 98//96 
f 98//97 67//97 99//97 
f 100//98 101//98 102//98 
f 102//99 101//99 103//99 
f 103//100 101//100 104//100 
f 104//101 101//101 105//101 
f 105//102 101//102 106//102 
f 106//103 101//103 107//103 
f 107//104 101//104 108//104 
f 108//105 101//105 109//105 
f 109//106 101//106 110//106 
f 110//107 101//107 111//107 
f 111//108 101//108 112//108 
f 112//109 101//109 113//109 
f 113//110 101//110 114//110 
f 114//111 101//111 115//111 
f 115//112 101//112 116//112 
f 116//113 101//113 117//113 
f 117//114 101//114 118//114 
f 118//115 101//115 119//115 
f 66//116 101//116 35//116 
f 119//117 101//117 120//117 
f 120//118 101//118 121//118 
f 121//119 101//119 122//119 
f 122//120 101//120 123//120 
f 123//121 101//121 124//121 
f 124//122 101//122 125//122 
f 125//123 101//123 126//123 
f 126//124 101//124 127//124 
f 127//125 101//125 128//125 
f 128//126 101//126 129//126 
f 129//127 101//127 130//127 
f 130//128 101//128 66//128 
f 67//129 101//129 99//129 
f 99//130 101//130 100//130 
f 131//131 132//131 67//131 
f 67//132 133//132 131//132 
f 132//133 134//133 67//133 
f 67//134 135//134 133//134 
f 134//135 136//135 67//135 
f 67//136 137//136 135//136 
f 136//137 138//137 67//137 
f 67//138 139//138 137//138 
f 138//139 140//139 67//139 
f 67//140 141//140 139//140 
f 140//141 142//141 67//141 
f 67//142 143//142 141//142 
f 142//143 144//143 67//143 
f 67//144 145//144 143//144 
f 144//145 146//145 67//145 
f 67//146 147//146 145//146 
f 146//147 148//147 67//147 
f 67//148 149//148 147//148 
f 148//149 150//149 67//149 
f 67//150 151//150 149//150 
f 150//151 152//151 67//151 
f 67//152 153//152 151//152 
f 152//153 154//153 67//153 
f 67//154 155//154 153//154 
f 154//155 156//155 67//155 
f 67//156 157//156 155//156 
f 156//157 158//157 67//157 
f 67//158 159//158 157//158 
f 158//159 160//159 67//159 
f 67//160 161//160 159//160 
f 160//161 162//161 67//161 
f 162//162 101//162 67//162 
f 162//163 163//163 101//163 
f 164//164 165//164 166//164 
f 167//165 165//165 164//165 
f 168//166 165//166 167//166 
f 169//167 165//167 168//167 
f 170//168 165//168 169//168 
f 171//169 165//169 170//169 
f 172//170 165//170 171//170 
f 173//171 165//171 172//171 
f 174//172 165//172 173//172 
f 175//173 165//173 174//173 
f 176//174 165//174 175//174 
f 177//175 165//175 176//175 
f 178//176 165//176 177//176 
f 179//177 165//177 178//177 
f 180//178 165//178 179//178 
f 181//179 165//179 180//179 
f 182//180 165//180 181//180 
f 183//181 165//181 182//181 
f 184//182 165//182 183//182 
f 185//183 165//183 184//183 
f 186//184 165//184 185//184 
f 187//185 165//185 186//185 
f 188//186 165//186 187//186 
f 189//187 165//187 188//187 
f 190//188 165//188 189//188 
f 191//189 165//189 190//189 
f 192//190 165//190 191//190 
f 193//191 165//191 192//191 
f 194//192 165//192 193//192 
f 195//193 165//193 194//193 
f 196//194 165//194 195//194 
f 197//195 165//195 196//195 
f 165//196 198//196 166//196 
f 166//197 198//197 199//197 
f 67//198 165//198 200//198 
f 67//199 200//199 161//199 
f 200//200 165//200 197//200 
f 201//201 101//201 202//201 
f 203//202 202//202 101//202 
f 204//203 101//203 201//203 
f 205//204 203//204 101//204 
f 206//205 101//205 204//205 
f 207//206 205//206 101//206 
f 208//207 101//207 206//207 
f 209//208 207//208 101//208 
f 210//209 101//209 208//209 
f 211//210 209//210 101//210 
f 212//211 101//211 210//211 
f 213//212 211//212 101//212 
f 214//213 101//213 212//213 
f 215//214 213//214 101//214 
f 216//215 101//215 214//215 
f 217//216 215//216 101//216 
f 218//217 101//217 216//217 
f 219//218 217//218 101//218 
f 220//219 101//219 218//219 
f 221//220 219//220 101//220 
f 222//221 101//221 220//221 
f 223//222 221//222 101//222 
f 224//223 101//223 222//223 
f 225//224 223//224 101//224 
f 226//225 101//225 224//225 
f 227//226 225//226 101//226 
f 228//227 101//227 226//227 
f 229//228 227//228 101//228 
f 230//229 101//229 228//229 
f 231//230 229//230 101//230 
f 232//231 101//231 230//231 
f 233//232 231//232 101//232 
f 234//233 101//233 232//233 
f 235//234 233//234 101//234 
f 236//235 101//235 234//235 
f 237//236 235//236 101//236 
f 238//237 101//237 236//237 
f 239//238 237//238 101//238 
f 240//239 101//239 238//239 
f 241//240 239//240 101//240 
f 242//241 101//241 240//241 
f 243//242 244//242 245//242 
f 246//243 247//243 244//243 
f 246//244 244//244 243//244 
f 248//245 245//245 249//245 
f 248//246 243//246 245//246 
f 250//247 251//247 247//247 
f 250//248 247//248 246//248 
f 252//249 249//249 253//249 
f 252//250 248//250 249//250 
f 254//251 255//251 251//251 
f 254//252 256//252 255//252 
f 254//253 251//253 250//253 
f 257//254 253//254 258//254 
f 257//255 252//255 253//255 
f 259//256 260//256 256//256 
f 259//257 256//257 254//257 
f 261//258 258//258 262//258 
f 261//259 257//259 258//259 
f 263//260 264//260 260//260 
f 263//261 260//261 259//261 
f 265//262 262//262 266//262 
f 265//263 261//263 262//263 
f 267//264 268//264 264//264 
f 267//265 264//265 263//265 
f 269//266 266//266 270//266 
f 269//267 265//267 266//267 
f 271//268 272//268 268//268 
f 271//269 268//269 267//269 
f 273//270 270//270 274//270 
f 273//271 269//271 270//271 
f 275//272 276//272 272//272 
f 275//273 272//273 271//273 
f 277//274 274//274 278//274 
f 277//275 273//275 274//275 
f 279//276 278//276 280//276 
f 279//277 277//277 278//277 
f 281//278 282//278 276//278 
f 281//279 276//279 275//279 
f 283//280 284//280 282//280 
f 283//281 282//281 281//281 
f 285//282 286//282 287//282 
f 285//283 280//283 286//283 
f 285//284 279//284 280//284 
f 288//285 289//285 284//285 
f 288//286 284//286 283//286 
f 290//287 287//287 291//287 
f 290//288 285//288 287//288 
f 292//289 293//289 289//289 
f 292//290 289//290 288//290 
f 294//291 291//291 295//291 
f 294//292 290//292 291//292 
f 296//293 293//293 292//293 
f 296//294 297//294 293//294 
f 298//295 295//295 299//295 
f 298//296 294//296 295//296 
f 300//297 301//297 297//297 
f 300//298 297//298 296//298 
f 302//299 299//299 303//299 
f 302//300 298//300 299//300 
f 304//301 301//301 300//301 
f 304//302 305//302 301//302 
f 306//303 303//303 307//303 
f 306//304 302//304 303//304 
f 308//305 305//305 304//305 
f 308//306 309//306 305//306 
f 308//307 310//307 309//307 
f 308//308 311//308 310//308 
f 308//309 312//309 311//309 
f 308//310 313//310 312//310 
f 308//311 314//311 313//311 
f 308//312 315//312 314//312 
f 308//313 316//313 315//313 
f 308//314 317//314 316//314 
f 308//315 318//315 317//315 
f 308//316 319//316 318//316 
f 308//317 320//317 319//317 
f 321//318 306//318 307//318 
f 321//319 322//319 323//319 
f 321//320 324//320 322//320 
f 321//321 325//321 324//321 
f 321//322 326//322 325//322 
f 321//323 327//323 326//323 
f 321//324 328//324 327//324 
f 321//325 329//325 328//325 
f 321//326 330//326 329//326 
f 321//327 307//327 330//327 
f 163//328 331//328 241//328 
f 163//329 332//329 331//329 
f 163//330 321//330 323//330 
f 163//331 333//331 332//331 
f 163//332 334//332 333//332 
f 163//333 335//333 334//333 
f 163//334 336//334 335//334 
f 163//335 337//335 336//335 
f 163//336 338//336 337//336 
f 163//337 339//337 338//337 
f 163//338 340//338 339//338 
f 163//339 341//339 340//339 
f 163//340 342//340 341//340 
f 163//341 343//341 342//341 
f 163//342 344//342 343//342 
f 163//343 345//343 344//343 
f 163//344 346//344 345//344 
f 163//345 323//345 346//345 
f 163//346 241//346 101//346 
f 347//347 321//347 163//347 
f 348//348 347//348 163//348 
f 349//349 348//349 350//349 
f 351//350 352//350 353//350 
f 354//351 353//351 347//351 
f 354//352 351//352 353//352 
f 355//353 356//353 357//353 
f 355//354 349//354 356//354 
f 358//355 359//355 354//355 
f 358//356 354//356 347//356 
f 360//357 349//357 355//357 
f 361//358 358//358 347//358 
f 362//359 360//359 363//359 
f 362//360 349//360 360//360 
f 364//361 365//361 361//361 
f 364//362 366//362 365//362 
f 364//363 361//363 347//363 
f 367//364 368//364 369//364 
f 370//365 362//365 368//365 
f 370//366 349//366 362//366 
f 370//367 368//367 367//367 
f 371//368 372//368 364//368 
f 371//369 373//369 372//369 
f 371//370 364//370 347//370 
f 374//371 349//371 370//371 
f 375//372 371//372 347//372 
f 376//373 374//373 377//373 
f 376//374 349//374 374//374 
f 378//375 379//375 375//375 
f 378//376 347//376 348//376 
f 378//377 348//377 349//377 
f 378//378 375//378 347//378 
f 378//379 349//379 376//379 
f 380//380 381//380 382//380 
f 383//381 384//381 380//381 
f 383//382 380//382 382//382 
f 385//383 383//383 382//383 
f 385//384 386//384 383//384 
f 387//385 385//385 382//385 
f 388//386 387//386 382//386 
f 389//387 388//387 382//387 
f 389//388 390//388 388//388 
f 391//389 389//389 382//389 
f 391//390 392//390 389//390 
f 393//391 394//391 391//391 
f 395//392 393//392 391//392 
f 396//393 395//393 391//393 
f 396//394 397//394 395//394 
f 396//395 398//395 397//395 
f 399//396 396//396 391//396 
f 399//397 391//397 382//397 
f 400//398 399//398 382//398 
f 401//399 400//399 382//399 
f 401//400 402//400 400//400 
f 403//401 401//401 382//401 
f 403//402 404//402 401//402 
f 405//403 403//403 382//403 
f 406//404 405//404 382//404 
f 407//405 406//405 382//405 
f 407//406 408//406 406//406 
f 409//407 407//407 382//407 
f 410//408 411//408 409//408 
f 412//409 382//409 199//409 
f 412//410 410//410 409//410 
f 412//411 409//411 382//411 
f 413//412 199//412 414//412 
f 415//413 414//413 199//413 
f 416//414 199//414 413//414 
f 417//415 415//415 199//415 
f 418//416 199//416 416//416 
f 419//417 417//417 199//417 
f 420//418 199//418 418//418 
f 421//419 419//419 199//419 
f 422//420 199//420 420//420 
f 423//421 421//421 199//421 
f 424//422 199//422 422//422 
f 425//423 423//423 199//423 
f 426//424 425//424 199//424 
f 427//425 426//425 199//425 
f 428//426 427//426 199//426 
f 429//427 428//427 199//427 
f 430//428 429//428 199//428 
f 431//429 412//429 199//429 
f 431//430 199//430 424//430 
f 431//431 432//431 433//431 
f 431//432 434//432 432//432 
f 431//433 435//433 434//433 
f 431//434 436//434 435//434 
f 431//435 437//435 436//435 
f 431//436 438//436 437//436 
f 431//437 424//437 438//437 
f 439//438 431//438 433//438 
f 440//439 431//439 439//439 
f 440//440 441//440 431//440 
f 442//441 441//441 440//441 
f 443//442 441//442 442//442 
f 444//443 443//443 442//443 
f 445//444 443//444 444//444 
f 446//445 445//445 444//445 
f 447//446 445//446 446//446 
f 448//447 447//447 446//447 
f 449//448 447//448 448//448 
f 450//449 449//449 448//449 
f 451//450 449//450 450//450 
f 452//451 451//451 450//451 
f 453//452 454//452 451//452 
f 453//453 451//453 452//453 
f 455//454 456//454 454//454 
f 455//455 454//455 453//455 
f 457//456 456//456 455//456 
f 458//457 456//457 457//457 
f 459//458 458//458 457//458 
f 460//459 458//459 459//459 
f 461//460 460//460 459//460 
f 462//461 460//461 461//461 
f 463//462 462//462 461//462 
f 464//463 462//463 463//463 
f 465//464 464//464 463//464 
f 466//465 464//465 465//465 
f 467//466 466//466 465//466 
f 468//467 466//467 467//467 
f 469//468 468//468 467//468 
f 470//469 468//469 469//469 
f 471//470 470//470 469//470 
f 472//471 470//471 471//471 
f 198//472 430//472 199//472 
f 198//473 473//473 430//473 
f 198//474 474//474 473//474 
f 198//475 475//475 474//475 
f 198//476 476//476 475//476 
f 198//477 477//477 476//477 
f 198//478 478//478 477//478 
f 198//479 479//479 478//479 
f 198//480 480//480 479//480 
f 198//481 481//481 480//481 
f 198//482 482//482 481//482 
f 198//483 483//483 482//483 
f 198//484 484//484 483//484 
f 198//485 485//485 484//485 
f 198//486 486//486 485//486 
f 198//487 487//487 486//487 
f 198//488 488//488 487//488 
f 198//489 489//489 488//489 
f 198//490 490//490 489//490 
f 198//491 491//491 490//491 
f 198//492 492//492 491//492 
f 493//493 472//493 471//493 
f 494//494 492//494 198//494 
f 495//495 472//495 493//495 
f 496//496 495//496 493//496 
f 497//497 494//497 198//497 
f 498//498 495//498 496//498 
f 499//499 498//499 496//499 
f 500//500 497//500 198//500 
f 501//501 498//501 499//501 
f 501//502 499//502 502//502 
f 503//503 500//503 198//503 
f 504//504 501//504 502//504 
f 505//505 501//505 504//505 
f 506//506 503//506 198//506 
f 507//507 505//507 504//507 
f 508//508 505//508 507//508 
f 509//509 506//509 198//509 
f 510//510 508//510 507//510 
f 511//511 508//511 510//511 
f 512//512 509//512 198//512 
f 513//513 511//513 510//513 
f 514//514 511//514 513//514 
f 515//515 512//515 198//515 
f 516//516 514//516 513//516 
f 517//517 515//517 198//517 
f 518//518 514//518 516//518 
f 519//519 518//519 516//519 
f 520//520 517//520 198//520 
f 521//521 518//521 519//521 
f 522//522 521//522 519//522 
f 523//523 520//523 198//523 
f 524//524 521//524 522//524 
f 525//525 524//525 522//525 
f 526//526 523//526 198//526 
f 527//527 524//527 525//527 
f 528//528 527//528 525//528 
f 529//529 526//529 198//529 
f 530//530 528//530 531//530 
f 530//531 527//531 528//531 
f 532//532 529//532 198//532 
f 533//533 531//533 534//533 
f 533//534 530//534 531//534 
f 535//535 532//535 198//535 
f 536//536 533//536 534//536 
f 536//537 534//537 537//537 
f 538//538 535//538 198//538 
f 539//539 538//539 198//539 
f 540//540 537//540 541//540 
f 540//541 536//541 537//541 
f 542//542 539//542 198//542 
f 543//543 540//543 541//543 
f 543//544 541//544 544//544 
f 545//545 543//545 544//545 
f 546//546 542//546 198//546 
f 547//547 543//547 545//547 
f 548//548 546//548 198//548 
f 549//549 543//549 547//549 
f 550//550 548//550 198//550 
f 551//551 543//551 549//551 
f 552//552 543//552 551//552 
f 553//553 543//553 552//553 
f 554//554 543//554 553//554 
f 555//555 543//555 554//555 
f 556//556 543//556 555//556 
f 557//557 543//557 556//557 
f 558//558 543//558 557//558 
f 559//559 560//559 561//559 
f 562//560 560//560 559//560 
f 562//561 563//561 560//561 
f 564//562 559//562 561//562 
f 565//563 563//563 562//563 
f 565//564 566//564 563//564 
f 567//565 564//565 561//565 
f 567//566 561//566 568//566 
f 569//567 566//567 565//567 
f 569//568 570//568 566//568 
f 571//569 567//569 568//569 
f 571//570 568//570 320//570 
f 572//571 570//571 569//571 
f 572//572 573//572 570//572 
f 574//573 575//573 573//573 
f 574//574 573//574 572//574 
f 576//575 575//575 574//575 
f 576//576 577//576 575//576 
f 578//577 579//577 577//577 
f 578//578 580//578 579//578 
f 578//579 577//579 576//579 
f 581//580 580//580 578//580 
f 582//581 580//581 581//581 
f 582//582 583//582 580//582 
f 584//583 320//583 308//583 
f 584//584 571//584 320//584 
f 584//585 585//585 571//585 
f 584//586 586//586 585//586 
f 584//587 587//587 586//587 
f 584//588 588//588 587//588 
f 584//589 589//589 588//589 
f 584//590 590//590 589//590 
f 584//591 591//591 590//591 
f 584//592 592//592 591//592 
f 584//593 593//593 592//593 
f 584//594 594//594 593//594 
f 595//595 594//595 584//595 
f 596//596 584//596 597//596 
f 596//597 595//597 584//597 
f 598//598 597//598 599//598 
f 598//599 596//599 597//599 
f 600//600 598//600 599//600 
f 600//601 599//601 601//601 
f 602//602 600//602 601//602 
f 602//603 601//603 603//603 
f 604//604 602//604 603//604 
f 605//605 604//605 603//605 
f 606//606 604//606 605//606 
f 607//607 606//607 605//607 
f 608//608 606//608 607//608 
f 609//609 608//609 607//609 
f 610//610 608//610 609//610 
f 611//611 610//611 609//611 
f 612//612 610//612 611//612 
f 613//613 612//613 611//613 
f 614//614 612//614 613//614 
f 615//615 614//615 613//615 
f 616//616 614//616 615//616 
f 617//617 616//617 615//617 
f 618//618 616//618 617//618 
f 619//619 618//619 617//619 
f 620//620 618//620 619//620 
f 621//621 620//621 619//621 
f 622//622 620//622 621//622 
f 623//623 622//623 621//623 
f 624//624 623//624 621//624 
f 625//625 623//625 624//625 
f 626//626 625//626 624//626 
f 627//627 625//627 626//627 
f 35//628 628//628 629//628 
f 35//629 630//629 628//629 
f 35//630 631//630 630//630 
f 35//631 632//631 631//631 
f 35//632 633//632 632//632 
f 35//633 634//633 633//633 
f 35//634 635//634 634//634 
f 35//635 636//635 635//635 
f 35//636 637//636 636//636 
f 35//637 638//637 637//637 
f 35//638 639//638 638//638 
f 35//639 640//639 639//639 
f 35//640 641//640 640//640 
f 35//641 642//641 641//641 
f 35//642 643//642 642//642 
f 35//643 644//643 643//643 
f 35//644 645//644 644//644 
f 35//645 646//645 645//645 
f 35//646 647//646 646//646 
f 35//647 648//647 647//647 
f 649//648 627//648 626//648 
f 650//649 35//649 629//649 
f 651//650 627//650 649//650 
f 652//651 651//651 649//651 
f 653//652 35//652 650//652 
f 654//653 651//653 652//653 
f 655//654 654//654 652//654 
f 656//655 35//655 653//655 
f 657//656 654//656 655//656 
f 658//657 35//657 656//657 
f 659//658 657//658 655//658 
f 660//659 657//659 659//659 
f 661//660 35//660 658//660 
f 662//661 660//661 659//661 
f 663//662 660//662 662//662 
f 664//663 35//663 661//663 
f 665//664 663//664 662//664 
f 666//665 663//665 665//665 
f 667//666 35//666 664//666 
f 668//667 666//667 665//667 
f 669//668 666//668 668//668 
f 670//669 35//669 667//669 
f 671//670 669//670 668//670 
f 672//671 669//671 671//671 
f 673//672 35//672 670//672 
f 674//673 672//673 671//673 
f 674//674 675//674 672//674 
f 676//675 35//675 673//675 
f 677//676 675//676 674//676 
f 677//677 678//677 675//677 
f 679//678 35//678 676//678 
f 680//679 681//679 678//679 
f 680//680 678//680 677//680 
f 682//681 35//681 679//681 
f 683//682 681//682 680//682 
f 684//683 683//683 680//683 
f 685//684 35//684 682//684 
f 686//685 683//685 684//685 
f 687//686 35//686 685//686 
f 688//687 686//687 684//687 
f 689//688 686//688 688//688 
f 690//689 35//689 687//689 
f 691//690 689//690 688//690 
f 692//691 689//691 691//691 
f 693//692 35//692 690//692 
f 694//693 692//693 691//693 
f 695//694 692//694 694//694 
f 696//695 35//695 693//695 
f 697//696 695//696 694//696 
f 697//697 698//697 695//697 
f 699//698 35//698 696//698 
f 700//699 698//699 697//699 
f 700//700 701//700 698//700 
f 702//701 35//701 699//701 
f 703//702 701//702 700//702 
f 704//703 35//703 702//703 
f 705//704 703//704 700//704 
f 706//705 35//705 704//705 
f 707//706 705//706 700//706 
f 708//707 707//707 700//707 
f 709//708 708//708 700//708 
f 710//709 709//709 700//709 
f 711//710 710//710 700//710 
f 712//711 711//711 700//711 
f 713//712 712//712 700//712 
f 714//713 713//713 700//713 
f 715//714 714//714 700//714 
f 716//715 543//715 558//715 
f 717//716 718//716 719//716 
f 720//717 721//717 718//717 
f 720//718 718//718 717//718 
f 722//719 719//719 723//719 
f 722//720 717//720 719//720 
f 724//721 725//721 721//721 
f 724//722 721//722 720//722 
f 726//723 722//723 723//723 
f 726//724 723//724 727//724 
f 728//725 729//725 725//725 
f 728//726 725//726 724//726 
f 730//727 726//727 727//727 
f 731//728 732//728 729//728 
f 731//729 729//729 728//729 
f 733//730 727//730 734//730 
f 733//731 730//731 727//731 
f 735//732 736//732 732//732 
f 735//733 732//733 731//733 
f 737//734 734//734 738//734 
f 737//735 733//735 734//735 
f 739//736 736//736 735//736 
f 739//737 740//737 736//737 
f 741//738 738//738 742//738 
f 741//739 737//739 738//739 
f 743//740 744//740 740//740 
f 743//741 740//741 739//741 
f 745//742 742//742 746//742 
f 745//743 741//743 742//743 
f 747//744 748//744 744//744 
f 747//745 744//745 743//745 
f 749//746 746//746 750//746 
f 749//747 745//747 746//747 
f 751//748 752//748 748//748 
f 751//749 748//749 747//749 
f 753//750 750//750 754//750 
f 753//751 749//751 750//751 
f 755//752 756//752 752//752 
f 755//753 752//753 751//753 
f 757//754 754//754 758//754 
f 757//755 753//755 754//755 
f 759//756 756//756 755//756 
f 760//757 758//757 761//757 
f 760//758 757//758 758//758 
f 762//759 763//759 756//759 
f 762//760 756//760 759//760 
f 764//761 761//761 765//761 
f 764//762 760//762 761//762 
f 766//763 763//763 762//763 
f 766//764 767//764 763//764 
f 768//765 765//765 769//765 
f 768//766 764//766 765//766 
f 770//767 767//767 766//767 
f 770//768 771//768 767//768 
f 772//769 769//769 773//769 
f 772//770 768//770 769//770 
f 774//771 771//771 770//771 
f 774//772 775//772 771//772 
f 776//773 773//773 777//773 
f 776//774 772//774 773//774 
f 778//775 775//775 774//775 
f 778//776 779//776 775//776 
f 780//777 777//777 716//777 
f 780//778 776//778 777//778 
f 781//779 715//779 779//779 
f 781//780 779//780 778//780 
f 782//781 780//781 716//781 
f 783//782 715//782 781//782 
f 784//783 782//783 716//783 
f 785//784 715//784 783//784 
f 786//785 784//785 716//785 
f 787//786 715//786 785//786 
f 788//787 786//787 716//787 
f 789//788 715//788 787//788 
f 790//789 788//789 716//789 
f 791//790 715//790 789//790 
f 792//791 790//791 716//791 
f 793//792 715//792 791//792 
f 794//793 792//793 716//793 
f 795//794 715//794 793//794 
f 796//795 794//795 716//795 
f 797//796 715//796 795//796 
f 798//797 796//797 716//797 
f 799//798 715//798 797//798 
f 800//799 798//799 716//799 
f 801//800 715//800 799//800 
f 802//801 800//801 716//801 
f 803//802 714//802 715//802 
f 803//803 715//803 801//803 
f 804//804 802//804 716//804 
f 804//805 716//805 558//805 
f 805//806 714//806 803//806 
f 805//807 806//807 714//807 
f 807//808 558//808 808//808 
f 807//809 804//809 558//809 
f 809//810 806//810 805//810 
f 809//811 810//811 806//811 
f 809//812 811//812 810//812 
f 812//813 813//813 814//813 
f 812//814 808//814 813//814 
f 812//815 807//815 808//815 
f 815//816 811//816 809//816 
f 816//817 812//817 814//817 
f 817//818 818//818 811//818 
f 817//819 811//819 815//819 
f 819//820 820//820 821//820 
f 819//821 814//821 820//821 
f 819//822 816//822 814//822 
f 822//823 823//823 818//823 
f 822//824 818//824 817//824 
f 824//825 819//825 821//825 
f 825//826 823//826 822//826 
f 825//827 826//827 823//827 
f 827//828 824//828 821//828 
f 827//829 828//829 829//829 
f 827//830 821//830 828//830 
f 830//831 826//831 825//831 
f 830//832 831//832 826//832 
f 832//833 827//833 829//833 
f 833//834 829//834 834//834 
f 833//835 832//835 829//835 
f 835//836 833//836 834//836 
f 835//837 834//837 836//837 
f 837//838 835//838 836//838 
f 837//839 838//839 839//839 
f 837//840 836//840 838//840 
f 840//841 837//841 839//841 
f 841//842 840//842 839//842 
f 841//843 839//843 842//843 
f 843//844 844//844 845//844 
f 843//845 846//845 847//845 
f 843//846 848//846 844//846 
f 843//847 849//847 846//847 
f 843//848 850//848 849//848 
f 843//849 851//849 850//849 
f 843//850 852//850 851//850 
f 843//851 853//851 852//851 
f 843//852 854//852 853//852 
f 843//853 855//853 854//853 
f 843//854 856//854 855//854 
f 843//855 857//855 856//855 
f 843//856 858//856 857//856 
f 843//857 859//857 858//857 
f 843//858 860//858 859//858 
f 843//859 861//859 848//859 
f 843//860 862//860 861//860 
f 843//861 863//861 862//861 
f 843//862 864//862 863//862 
f 843//863 865//863 864//863 
f 843//864 866//864 865//864 
f 843//865 867//865 866//865 
f 843//866 868//866 867//866 
f 843//867 869//867 868//867 
f 843//868 870//868 869//868 
f 843//869 871//869 870//869 
f 843//870 872//870 871//870 
f 843//871 873//871 872//871 
f 843//872 874//872 873//872 
f 843//873 875//873 874//873 
f 843//874 876//874 875//874 
f 843//875 877//875 876//875 
f 843//876 878//876 877//876 
f 843//877 879//877 878//877 
f 843//878 880//878 879//878 
f 843//879 881//879 882//879 
f 843//880 883//880 880//880 
f 843//881 884//881 881//881 
f 843//882 885//882 883//882 
f 843//883 845//883 884//883 
f 843//884 847//884 885//884 
f 843//885 35//885 706//885 
f 843//886 706//886 886//886 
f 843//887 886//887 887//887 
f 843//888 887//888 888//888 
f 843//889 888//889 889//889 
f 843//890 889//890 890//890 
f 843//891 890//891 891//891 
f 843//892 891//892 892//892 
f 843//893 892//893 831//893 
f 843//894 831//894 860//894 
f 860//895 831//895 893//895 
f 893//896 831//896 894//896 
f 894//897 831//897 895//897 
f 895//898 831//898 896//898 
f 896//899 831//899 897//899 
f 897//900 831//900 898//900 
f 898//901 831//901 899//901 
f 899//902 831//902 830//902 
f 35//903 101//903 242//903 
f 35//904 242//904 900//904 
f 35//905 900//905 583//905 
f 35//906 583//906 648//906 
f 648//907 583//907 901//907 
f 901//908 583//908 582//908 
f 198//909 843//909 882//909 
f 198//910 882//910 902//910 
f 198//911 902//911 841//911 
f 198//912 841//912 550//912 
f 550//913 841//913 903//913 
f 903//914 841//914 842//914 
f 67//915 904//915 905//915 
f 905//916 906//916 67//916 
f 67//917 907//917 904//917 
f 906//918 908//918 67//918 
f 67//919 909//919 907//919 
f 908//920 910//920 67//920 
f 67//921 911//921 909//921 
f 910//922 912//922 67//922 
f 67//923 913//923 911//923 
f 912//924 914//924 67//924 
f 67//925 915//925 913//925 
f 914//926 916//926 67//926 
f 67//927 917//927 915//927 
f 916//928 918//928 67//928 
f 67//929 919//929 917//929 
f 918//930 920//930 67//930 
f 67//931 921//931 919//931 
f 920//932 922//932 67//932 
f 67//933 923//933 921//933 
f 922//934 924//934 67//934 
f 67//935 925//935 923//935 
f 924//936 926//936 67//936 
f 67//937 927//937 925//937 
f 926//938 928//938 67//938 
f 67//939 929//939 927//939 
f 928//940 930//940 67//940 
f 67//941 931//941 929//941 
f 930//942 932//942 67//942 
f 67//943 933//943 931//943 
f 932//944 934//944 67//944 
f 67//945 935//945 933//945 
f 934//946 936//946 67//946 
f 67//947 937//947 935//947 
f 936//948 938//948 67//948 
f 67//949 939//949 937//949 
f 938//950 940//950 67//950 
f 67//951 941//951 939//951 
f 940//952 942//952 67//952 
f 67//953 943//953 941//953 
f 942//954 944//954 67//954 
f 67//955 945//955 943//955 
f 944//956 946//956 67//956 
f 947//957 948//957 949//957 
f 949//958 948//958 950//958 
f 949//959 951//959 952//959 
f 950//960 951//960 949//960 
f 953//961 954//961 947//961 
f 947//962 954//962 948//962 
f 952//963 955//963 956//963 
f 951//964 955//964 952//964 
f 957//965 958//965 953//965 
f 953//966 958//966 954//966 
f 956//967 959//967 960//967 
f 955//968 959//968 956//968 
f 961//969 962//969 957//969 
f 957//970 962//970 958//970 
f 960//971 963//971 964//971 
f 959//972 963//972 960//972 
f 965//973 966//973 961//973 
f 961//974 966//974 962//974 
f 964//975 967//975 968//975 
f 963//976 967//976 964//976 
f 969//977 970//977 965//977 
f 971//978 970//978 969//978 
f 965//979 970//979 966//979 
f 968//980 972//980 973//980 
f 967//981 972//981 968//981 
f 971//982 974//982 970//982 
f 973//983 975//983 976//983 
f 972//984 975//984 973//984 
f 977//985 978//985 971//985 
f 971//986 978//986 974//986 
f 979//987 980//987 981//987 
f 976//988 980//988 979//988 
f 975//989 980//989 976//989 
f 982//990 983//990 977//990 
f 984//991 983//991 982//991 
f 977//992 983//992 978//992 
f 980//993 985//993 981//993 
f 984//994 986//994 983//994 
f 981//995 987//995 946//995 
f 985//996 987//996 981//996 
f 988//997 989//997 984//997 
f 984//998 989//998 986//998 
f 988//999 990//999 989//999 
f 991//1000 990//1000 988//1000 
f 992//1001 993//1001 991//1001 
f 991//1002 993//1002 990//1002 
f 994//1003 995//1003 992//1003 
f 992//1004 995//1004 993//1004 
f 994//1005 996//1005 995//1005 
f 997//1006 996//1006 994//1006 
f 998//1007 999//1007 1000//1007 
f 997//1008 999//1008 996//1008 
f 1000//1009 999//1009 997//1009 
f 998//1010 1001//1010 999//1010 
f 1002//1011 1003//1011 998//1011 
f 1004//1012 1003//1012 1002//1012 
f 998//1013 1003//1013 1001//1013 
f 1004//1014 1005//1014 1003//1014 
f 1006//1015 1007//1015 1004//1015 
f 1004//1016 1007//1016 1005//1016 
f 1008//1017 1009//1017 1006//1017 
f 1010//1018 1009//1018 1008//1018 
f 1006//1019 1009//1019 1007//1019 
f 1010//1020 1011//1020 1009//1020 
f 1012//1021 1013//1021 1010//1021 
f 1010//1022 1013//1022 1011//1022 
f 1014//1023 1015//1023 1012//1023 
f 1012//1024 1015//1024 1013//1024 
f 1016//1025 1017//1025 1014//1025 
f 1018//1026 1017//1026 1016//1026 
f 1014//1027 1017//1027 1015//1027 
f 1018//1028 1019//1028 1017//1028 
f 1020//1029 1021//1029 1018//1029 
f 1018//1030 1021//1030 1019//1030 
f 1022//1031 1023//1031 1020//1031 
f 1024//1032 1023//1032 1022//1032 
f 1020//1033 1023//1033 1021//1033 
f 1024//1034 1025//1034 1023//1034 
f 1026//1035 1027//1035 1024//1035 
f 1028//1036 1027//1036 1026//1036 
f 1024//1037 1027//1037 1025//1037 
f 1028//1038 1029//1038 1027//1038 
f 946//1039 165//1039 67//1039 
f 1030//1040 165//1040 987//1040 
f 1031//1041 165//1041 1030//1041 
f 1032//1042 165//1042 1031//1042 
f 1033//1043 165//1043 1032//1043 
f 1034//1044 165//1044 1033//1044 
f 1035//1045 165//1045 1034//1045 
f 1036//1046 165//1046 1035//1046 
f 1037//1047 165//1047 1036//1047 
f 1038//1048 165//1048 1037//1048 
f 1039//1049 165//1049 1038//1049 
f 1040//1050 165//1050 1039//1050 
f 1041//1051 165//1051 1040//1051 
f 1042//1052 165//1052 1041//1052 
f 1043//1053 165//1053 1042//1053 
f 1044//1054 165//1054 1043//1054 
f 1045//1055 165//1055 1044//1055 
f 1046//1056 165//1056 1045//1056 
f 1047//1057 165//1057 1046//1057 
f 1048//1058 165//1058 1047//1058 
f 1049//1059 165//1059 1048//1059 
f 1050//1060 165//1060 1049//1060 
f 987//1061 165//1061 946//1061 
f 1051//1062 1052//1062 1028//1062 
f 1028//1063 1052//1063 1029//1063 
f 1050//1064 1053//1064 165//1064 
f 1054//1065 1055//1065 1051//1065 
f 1051//1066 1055//1066 1052//1066 
f 1053//1067 1056//1067 165//1067 
f 1057//1068 1058//1068 1054//1068 
f 1059//1069 1058//1069 1057//1069 
f 1054//1070 1058//1070 1055//1070 
f 1056//1071 1060//1071 165//1071 
f 1059//1072 1061//1072 1058//1072 
f 1060//1073 1062//1073 165//1073 
f 1062//1074 1063//1074 165//1074 
f 1063//1075 1064//1075 165//1075 
f 1064//1076 1065//1076 165//1076 
f 1065//1077 1066//1077 165//1077 
f 1066//1078 1067//1078 165//1078 
f 1067//1079 1068//1079 165//1079 
f 1068//1080 1069//1080 165//1080 
f 1069//1081 1070//1081 165//1081 
f 1070//1082 1071//1082 165//1082 
f 1071//1083 1072//1083 165//1083 
f 1072//1084 1073//1084 165//1084 
f 1073//1085 1074//1085 165//1085 
f 1074//1086 1075//1086 165//1086 
f 1075//1087 1076//1087 165//1087 
f 1076//1088 1077//1088 165//1088 
f 1077//1089 1078//1089 165//1089 
f 1078//1090 1079//1090 165//1090 
f 1080//1091 1081//1091 1082//1091 
f 1080//1092 1083//1092 1081//1092 
f 1084//1093 1083//1093 1080//1093 
f 1081//1094 1085//1094 1082//1094 
f 1086//1095 1087//1095 1084//1095 
f 1084//1096 1087//1096 1083//1096 
f 1085//1097 1088//1097 1082//1097 
f 1082//1098 1088//1098 1089//1098 
f 1086//1099 1090//1099 1087//1099 
f 1091//1100 1090//1100 1086//1100 
f 1088//1101 1092//1101 1089//1101 
f 1093//1102 1092//1102 1094//1102 
f 1089//1103 1092//1103 1093//1103 
f 1095//1104 1096//1104 1091//1104 
f 1091//1105 1096//1105 1090//1105 
f 1092//1106 1097//1106 1094//1106 
f 1095//1107 1098//1107 1096//1107 
f 1099//1108 1098//1108 1095//1108 
f 1094//1109 1100//1109 1101//1109 
f 1097//1110 1100//1110 1094//1110 
f 1099//1111 1102//1111 1098//1111 
f 1103//1112 1102//1112 1099//1112 
f 1100//1113 1104//1113 1101//1113 
f 1101//1114 1104//1114 1105//1114 
f 1106//1115 1107//1115 1103//1115 
f 1103//1116 1107//1116 1102//1116 
f 1104//1117 1108//1117 1105//1117 
f 1105//1118 1108//1118 1109//1118 
f 1110//1119 1111//1119 1106//1119 
f 1106//1120 1111//1120 1107//1120 
f 1108//1121 1112//1121 1109//1121 
f 1109//1122 1112//1122 1113//1122 
f 1110//1123 1114//1123 1111//1123 
f 1115//1124 1114//1124 1110//1124 
f 1113//1125 1116//1125 1117//1125 
f 1112//1126 1116//1126 1113//1126 
f 1117//1127 1118//1127 1119//1127 
f 1116//1128 1118//1128 1117//1128 
f 1120//1129 1121//1129 1122//1129 
f 1119//1130 1121//1130 1120//1130 
f 1118//1131 1121//1131 1119//1131 
f 1121//1132 1123//1132 1122//1132 
f 1124//1133 1125//1133 1126//1133 
f 1122//1134 1125//1134 1124//1134 
f 1123//1135 1125//1135 1122//1135 
f 1125//1136 1127//1136 1126//1136 
f 1128//1137 1129//1137 1130//1137 
f 1126//1138 1129//1138 1128//1138 
f 1127//1139 1129//1139 1126//1139 
f 1129//1140 1131//1140 1130//1140 
f 1132//1141 1133//1141 1134//1141 
f 1130//1142 1133//1142 1132//1142 
f 1131//1143 1133//1143 1130//1143 
f 1133//1144 1135//1144 1134//1144 
f 1134//1145 1136//1145 1137//1145 
f 1135//1146 1136//1146 1134//1146 
f 1136//1147 1138//1147 1137//1147 
f 1137//1148 1138//1148 1139//1148 
f 1138//1149 1140//1149 1139//1149 
f 1139//1150 1140//1150 1141//1150 
f 1140//1151 1142//1151 1141//1151 
f 1143//1152 1142//1152 1144//1152 
f 1141//1153 1142//1153 1143//1153 
f 1142//1154 1145//1154 1144//1154 
f 1144//1155 1146//1155 1147//1155 
f 1145//1156 1146//1156 1144//1156 
f 1147//1157 1148//1157 1149//1157 
f 1146//1158 1148//1158 1147//1158 
f 1149//1159 1150//1159 1151//1159 
f 1148//1160 1150//1160 1149//1160 
f 1150//1161 1152//1161 1151//1161 
f 1151//1162 1152//1162 1153//1162 
f 1153//1163 1154//1163 1059//1163 
f 1152//1164 1154//1164 1153//1164 
f 1155//1165 1//1165 1156//1165 
f 1157//1166 1//1166 1155//1166 
f 1158//1167 1//1167 1157//1167 
f 1159//1168 1//1168 1158//1168 
f 1160//1169 1//1169 1159//1169 
f 1161//1170 1//1170 1160//1170 
f 1162//1171 1//1171 1161//1171 
f 1163//1172 1//1172 1162//1172 
f 1164//1173 1//1173 1163//1173 
f 1165//1174 1//1174 1164//1174 
f 1166//1175 1//1175 1165//1175 
f 1167//1176 1//1176 1166//1176 
f 1168//1177 1//1177 1167//1177 
f 1169//1178 1//1178 1168//1178 
f 1170//1179 1//1179 1169//1179 
f 1171//1180 1//1180 1170//1180 
f 1172//1181 1//1181 1171//1181 
f 1173//1182 1//1182 1172//1182 
f 1174//1183 1//1183 1173//1183 
f 1175//1184 1//1184 1174//1184 
f 1//1185 1176//1185 1156//1185 
f 1//1186 1177//1186 1176//1186 
f 1//1187 1178//1187 1177//1187 
f 1//1188 1179//1188 1178//1188 
f 1//1189 1180//1189 1179//1189 
f 1//1190 1181//1190 1180//1190 
f 1//1191 1182//1191 1181//1191 
f 1//1192 1183//1192 1182//1192 
f 1//1193 1184//1193 1183//1193 
f 1//1194 1185//1194 1184//1194 
f 1//1195 1186//1195 1185//1195 
f 1//1196 1187//1196 1186//1196 
f 1//1197 1188//1197 1187//1197 
f 1//1198 1189//1198 1188//1198 
f 1//1199 1190//1199 1189//1199 
f 1//1200 1191//1200 1190//1200 
f 1//1201 1192//1201 1191//1201 
f 1//1202 1193//1202 1192//1202 
f 1//1203 1194//1203 1193//1203 
f 1//1204 1195//1204 1194//1204 
f 1//1205 1196//1205 1195//1205 
f 1197//1206 1198//1206 1199//1206 
f 1200//1207 1198//1207 1197//1207 
f 1201//1208 1198//1208 1200//1208 
f 1199//1209 1202//1209 1197//1209 
f 1203//1210 1202//1210 1204//1210 
f 1197//1211 1202//1211 1203//1211 
f 1201//1212 1205//1212 1198//1212 
f 1202//1213 1206//1213 1204//1213 
f 1201//1214 1207//1214 1205//1214 
f 1208//1215 1207//1215 1201//1215 
f 1154//1216 1209//1216 1059//1216 
f 1206//1217 1209//1217 1204//1217 
f 1204//1218 1209//1218 1154//1218 
f 1059//1219 1209//1219 1061//1219 
f 1208//1220 1210//1220 1207//1220 
f 1211//1221 1210//1221 1208//1221 
f 1061//1222 1212//1222 1213//1222 
f 1209//1223 1212//1223 1061//1223 
f 1214//1224 1215//1224 1211//1224 
f 1211//1225 1215//1225 1210//1225 
f 1216//1226 1217//1226 1218//1226 
f 1213//1227 1217//1227 1216//1227 
f 1212//1228 1217//1228 1213//1228 
f 1214//1229 1219//1229 1215//1229 
f 1220//1230 1219//1230 1214//1230 
f 1218//1231 1221//1231 1222//1231 
f 1217//1232 1221//1232 1218//1232 
f 1220//1233 1223//1233 1219//1233 
f 1224//1234 1223//1234 1220//1234 
f 1221//1235 1225//1235 1222//1235 
f 1226//1236 1227//1236 1224//1236 
f 1224//1237 1227//1237 1223//1237 
f 1222//1238 1228//1238 1229//1238 
f 1225//1239 1228//1239 1222//1239 
f 1230//1240 1231//1240 1226//1240 
f 1226//1241 1231//1241 1227//1241 
f 1229//1242 1232//1242 1233//1242 
f 1228//1243 1232//1243 1229//1243 
f 1234//1244 1235//1244 1230//1244 
f 1230//1245 1235//1245 1231//1245 
f 1232//1246 1236//1246 1233//1246 
f 1237//1247 1236//1247 1238//1247 
f 1233//1248 1236//1248 1237//1248 
f 1239//1249 1240//1249 1234//1249 
f 1241//1250 1240//1250 1239//1250 
f 1234//1251 1240//1251 1235//1251 
f 1236//1252 1242//1252 1238//1252 
f 1241//1253 1243//1253 1240//1253 
f 1238//1254 1244//1254 1245//1254 
f 1242//1255 1244//1255 1238//1255 
f 1241//1256 1246//1256 1243//1256 
f 1247//1257 1246//1257 1241//1257 
f 1245//1258 1248//1258 1249//1258 
f 1244//1259 1248//1259 1245//1259 
f 1247//1260 1250//1260 1246//1260 
f 1251//1261 1250//1261 1247//1261 
f 1248//1262 1252//1262 1249//1262 
f 1249//1263 1252//1263 1253//1263 
f 1251//1264 1254//1264 1250//1264 
f 1255//1265 1254//1265 1251//1265 
f 1252//1266 1256//1266 1253//1266 
f 1253//1267 1256//1267 1257//1267 
f 1255//1268 1258//1268 1254//1268 
f 1259//1269 1258//1269 1260//1269 
f 1260//1270 1258//1270 1255//1270 
f 1256//1271 1261//1271 1257//1271 
f 1262//1272 1261//1272 1263//1272 
f 1257//1273 1261//1273 1262//1273 
f 1259//1274 1264//1274 1258//1274 
f 1265//1275 1264//1275 1259//1275 
f 1261//1276 1266//1276 1263//1276 
f 1265//1277 1267//1277 1264//1277 
f 1266//1278 1268//1278 1263//1278 
f 1269//1279 1268//1279 1270//1279 
f 1263//1280 1268//1280 1269//1280 
f 1265//1281 1271//1281 1267//1281 
f 1272//1282 1271//1282 1265//1282 
f 1268//1283 1273//1283 1270//1283 
f 1270//1284 1273//1284 1274//1284 
f 1275//1285 1276//1285 1272//1285 
f 1272//1286 1276//1286 1271//1286 
f 1273//1287 1277//1287 1274//1287 
f 1274//1288 1277//1288 1278//1288 
f 1275//1289 1279//1289 1276//1289 
f 1280//1290 1279//1290 1275//1290 
f 1277//1291 1281//1291 1278//1291 
f 1278//1292 1281//1292 1282//1292 
f 1280//1293 1283//1293 1279//1293 
f 1284//1294 1283//1294 1280//1294 
f 1281//1295 1285//1295 1282//1295 
f 1282//1296 1285//1296 1286//1296 
f 1284//1297 1287//1297 1283//1297 
f 1288//1298 1287//1298 1284//1298 
f 1285//1299 1289//1299 1286//1299 
f 1288//1300 1290//1300 1287//1300 
f 1291//1301 1290//1301 1288//1301 
f 1286//1302 1292//1302 1293//1302 
f 1289//1303 1292//1303 1286//1303 
f 1291//1304 1294//1304 1290//1304 
f 1295//1305 1294//1305 1291//1305 
f 1296//1306 1294//1306 1295//1306 
f 1293//1307 1297//1307 1298//1307 
f 1292//1308 1297//1308 1293//1308 
f 1296//1309 1299//1309 1294//1309 
f 1300//1310 1301//1310 1302//1310 
f 1298//1311 1301//1311 1300//1311 
f 1297//1312 1301//1312 1298//1312 
f 1296//1313 1303//1313 1299//1313 
f 1304//1314 1303//1314 1296//1314 
f 1301//1315 1305//1315 1302//1315 
f 1306//1316 1307//1316 1304//1316 
f 1304//1317 1307//1317 1303//1317 
f 1302//1318 1308//1318 1309//1318 
f 1305//1319 1308//1319 1302//1319 
f 1310//1320 1311//1320 1306//1320 
f 1306//1321 1311//1321 1307//1321 
f 1308//1322 1312//1322 1309//1322 
f 1309//1323 1312//1323 1313//1323 
f 1314//1324 1315//1324 1310//1324 
f 1310//1325 1315//1325 1311//1325 
f 1312//1326 1316//1326 1313//1326 
f 1313//1327 1316//1327 1317//1327 
f 1318//1328 1319//1328 1314//1328 
f 1314//1329 1319//1329 1315//1329 
f 1317//1330 1320//1330 1321//1330 
f 1316//1331 1320//1331 1317//1331 
f 1322//1332 1323//1332 1318//1332 
f 1318//1333 1323//1333 1319//1333 
f 1320//1334 1324//1334 1321//1334 
f 1325//1335 1324//1335 1326//1335 
f 1321//1336 1324//1336 1325//1336 
f 1327//1337 1328//1337 1322//1337 
f 1322//1338 1328//1338 1323//1338 
f 1324//1339 1329//1339 1326//1339 
f 1327//1340 1330//1340 1328//1340 
f 1331//1341 1330//1341 1327//1341 
f 1326//1342 1332//1342 1333//1342 
f 1329//1343 1332//1343 1326//1343 
f 1334//1344 1335//1344 1331//1344 
f 1331//1345 1335//1345 1330//1345 
f 1336//1346 1337//1346 1338//1346 
f 1333//1347 1337//1347 1336//1347 
f 1332//1348 1337//1348 1333//1348 
f 1337//1349 1339//1349 1338//1349 
f 1338//1350 1340//1350 1341//1350 
f 1339//1351 1340//1351 1338//1351 
f 1340//1352 1342//1352 1341//1352 
f 1341//1353 1342//1353 1343//1353 
f 1342//1354 1344//1354 1343//1354 
f 1343//1355 1344//1355 1345//1355 
f 1344//1356 1346//1356 1345//1356 
f 1345//1357 1346//1357 1347//1357 
f 1348//1358 1349//1358 1350//1358 
f 1351//1359 1349//1359 1352//1359 
f 1353//1360 1349//1360 1348//1360 
f 1354//1361 1349//1361 1351//1361 
f 1355//1362 1349//1362 1353//1362 
f 1356//1363 1349//1363 1354//1363 
f 1357//1364 1349//1364 1355//1364 
f 1358//1365 1349//1365 1356//1365 
f 1359//1366 1349//1366 1358//1366 
f 1360//1367 1349//1367 1359//1367 
f 1361//1368 1349//1368 1360//1368 
f 1362//1369 1349//1369 1361//1369 
f 1363//1370 1349//1370 1362//1370 
f 1364//1371 1349//1371 1363//1371 
f 1365//1372 1349//1372 1364//1372 
f 1366//1373 1349//1373 1365//1373 
f 1367//1374 1349//1374 1366//1374 
f 1368//1375 1349//1375 1367//1375 
f 1369//1376 1349//1376 1368//1376 
f 1370//1377 1349//1377 1357//1377 
f 1371//1378 1349//1378 1370//1378 
f 1372//1379 1349//1379 1371//1379 
f 1373//1380 1349//1380 1372//1380 
f 1374//1381 1349//1381 1373//1381 
f 1375//1382 1349//1382 1374//1382 
f 1376//1383 1349//1383 1375//1383 
f 1377//1384 1349//1384 1376//1384 
f 1378//1385 1349//1385 1377//1385 
f 1379//1386 1349//1386 1378//1386 
f 1380//1387 1349//1387 1379//1387 
f 1381//1388 1349//1388 1380//1388 
f 1382//1389 1349//1389 1381//1389 
f 1383//1390 1349//1390 1382//1390 
f 1384//1391 1349//1391 1383//1391 
f 1385//1392 1349//1392 1384//1392 
f 1386//1393 1349//1393 1385//1393 
f 1387//1394 1349//1394 1386//1394 
f 1388//1395 1349//1395 1387//1395 
f 1389//1396 1349//1396 1388//1396 
f 1350//1397 1349//1397 1390//1397 
f 1352//1398 1349//1398 1389//1398 
f 67//1399 1//1399 945//1399 
f 945//1400 1//1400 1391//1400 
f 1391//1401 1//1401 1115//1401 
f 1115//1402 1//1402 1175//1402 
f 1115//1403 1175//1403 1392//1403 
f 1115//1404 1392//1404 1114//1404 
f 1349//1405 165//1405 1390//1405 
f 1390//1406 165//1406 1393//1406 
f 1393//1407 165//1407 1346//1407 
f 1346//1408 165//1408 1079//1408 
f 1346//1409 1079//1409 1394//1409 
f 1346//1410 1394//1410 1347//1410 
f 1//1411 1349//1411 1196//1411 
f 1196//1412 1349//1412 1395//1412 
f 1395//1413 1349//1413 1396//1413 
f 1396//1414 1349//1414 1397//1414 
f 1397//1415 1349//1415 1398//1415 
f 1398//1416 1349//1416 1399//1416 
f 1399//1417 1349//1417 1400//1417 
f 1400//1418 1349//1418 1401//1418 
f 1401//1419 1349//1419 1334//1419 
f 1334//1420 1349//1420 1369//1420 
f 1334//1421 1369//1421 1402//1421 
f 1334//1422 1402//1422 1403//1422 
f 1334//1423 1403//1423 1404//1423 
f 1334//1424 1404//1424 1405//1424 
f 1334//1425 1405//1425 1406//1425 
f 1334//1426 1406//1426 1407//1426 
f 1334//1427 1407//1427 1408//1427 
f 1334//1428 1408//1428 1335//1428 
f 1409//1429 1410//1429 1//1429 
f 1411//1430 1//1430 1410//1430 
f 1412//1431 1409//1431 1//1431 
f 1413//1432 1//1432 1411//1432 
f 1414//1433 1412//1433 1//1433 
f 1415//1434 1//1434 1413//1434 
f 1416//1435 1414//1435 1//1435 
f 1417//1436 1//1436 1415//1436 
f 1418//1437 1416//1437 1//1437 
f 1419//1438 1//1438 1417//1438 
f 1420//1439 1418//1439 1//1439 
f 1421//1440 1//1440 1419//1440 
f 1422//1441 1420//1441 1//1441 
f 1423//1442 1//1442 1421//1442 
f 1424//1443 1422//1443 1//1443 
f 1425//1444 1//1444 1423//1444 
f 1426//1445 1424//1445 1//1445 
f 1427//1446 1//1446 1425//1446 
f 1428//1447 1426//1447 1//1447 
f 1429//1448 1//1448 1427//1448 
f 1430//1449 1428//1449 1//1449 
f 1431//1450 1//1450 1429//1450 
f 1432//1451 1430//1451 1//1451 
f 1433//1452 1//1452 1431//1452 
f 1434//1453 1432//1453 1//1453 
f 1435//1454 1//1454 1433//1454 
f 1436//1455 1434//1455 1//1455 
f 1437//1456 1//1456 1435//1456 
f 1438//1457 1436//1457 1//1457 
f 1439//1458 1//1458 1437//1458 
f 1440//1459 1//1459 35//1459 
f 1440//1460 1438//1460 1//1460 
f 1441//1461 1//1461 1439//1461 
f 1442//1462 1440//1462 35//1462 
f 1443//1463 1442//1463 35//1463 
f 1444//1464 1443//1464 35//1464 
f 1445//1465 1444//1465 35//1465 
f 1446//1466 1445//1466 35//1466 
f 1447//1467 1446//1467 35//1467 
f 1448//1468 1447//1468 35//1468 
f 1449//1469 1448//1469 35//1469 
f 1450//1470 1449//1470 35//1470 
f 1451//1471 1450//1471 35//1471 
f 1452//1472 1451//1472 35//1472 
f 1453//1473 1452//1473 35//1473 
f 1454//1474 1453//1474 35//1474 
f 1455//1475 1454//1475 35//1475 
f 1456//1476 1455//1476 35//1476 
f 1457//1477 1456//1477 35//1477 
f 1458//1478 1457//1478 35//1478 
f 1459//1479 1458//1479 35//1479 
f 1460//1480 1459//1480 35//1480 
f 1461//1481 1460//1481 35//1481 
f 1462//1482 1461//1482 35//1482 
f 1463//1483 1462//1483 35//1483 
f 1464//1484 1463//1484 35//1484 
f 1465//1485 1464//1485 35//1485 
f 1466//1486 1465//1486 35//1486 
f 1467//1487 1466//1487 35//1487 
f 1468//1488 1467//1488 35//1488 
f 1469//1489 1468//1489 35//1489 
f 1470//1490 1469//1490 35//1490 
f 1471//1491 1470//1491 35//1491 
f 1472//1492 1471//1492 35//1492 
f 1349//1493 1473//1493 1474//1493 
f 1349//1494 1475//1494 1473//1494 
f 1349//1495 1476//1495 1475//1495 
f 1349//1496 1477//1496 1476//1496 
f 1349//1497 1478//1497 1477//1497 
f 1349//1498 1479//1498 1478//1498 
f 1349//1499 1480//1499 1479//1499 
f 1349//1500 1481//1500 1480//1500 
f 1349//1501 1482//1501 1481//1501 
f 1349//1502 1483//1502 1482//1502 
f 1349//1503 1484//1503 1483//1503 
f 1349//1504 1485//1504 1484//1504 
f 1349//1505 1486//1505 1485//1505 
f 1349//1506 1487//1506 1486//1506 
f 1349//1507 1488//1507 1487//1507 
f 1349//1508 1489//1508 1488//1508 
f 1349//1509 1490//1509 1489//1509 
f 1349//1510 1491//1510 1490//1510 
f 1349//1511 1492//1511 1491//1511 
f 1349//1512 1493//1512 1492//1512 
f 1349//1513 1494//1513 1493//1513 
f 1349//1514 1495//1514 1494//1514 
f 1349//1515 1496//1515 1495//1515 
f 1349//1516 1497//1516 1496//1516 
f 1349//1517 1498//1517 1497//1517 
f 1349//1518 1499//1518 1498//1518 
f 1349//1519 1500//1519 1499//1519 
f 1349//1520 1501//1520 1500//1520 
f 1349//1521 1502//1521 1501//1521 
f 1349//1522 1503//1522 1502//1522 
f 1349//1523 1441//1523 1503//1523 
f 1349//1524 1//1524 1441//1524 
f 843//1525 1504//1525 1505//1525 
f 843//1526 1506//1526 1504//1526 
f 843//1527 1507//1527 1506//1527 
f 843//1528 1508//1528 1507//1528 
f 843//1529 1509//1529 1508//1529 
f 843//1530 1510//1530 1509//1530 
f 843//1531 1511//1531 1510//1531 
f 843//1532 1512//1532 1511//1532 
f 843//1533 1513//1533 1512//1533 
f 843//1534 1514//1534 1513//1534 
f 843//1535 1515//1535 1514//1535 
f 843//1536 1516//1536 1515//1536 
f 843//1537 1517//1537 1516//1537 
f 843//1538 1472//1538 35//1538 
f 843//1539 1518//1539 1517//1539 
f 843//1540 1519//1540 1518//1540 
f 843//1541 1520//1541 1519//1541 
f 843//1542 1521//1542 1520//1542 
f 843//1543 1522//1543 1521//1543 
f 843//1544 1523//1544 1522//1544 
f 843//1545 1524//1545 1523//1545 
f 843//1546 1525//1546 1524//1546 
f 843//1547 1526//1547 1525//1547 
f 843//1548 1527//1548 1526//1548 
f 843//1549 1528//1549 1527//1549 
f 843//1550 1529//1550 1528//1550 
f 843//1551 1530//1551 1529//1551 
f 843//1552 1531//1552 1530//1552 
f 843//1553 1532//1553 1531//1553 
f 843//1554 1533//1554 1532//1554 
f 843//1555 1474//1555 1533//1555 
f 843//1556 1349//1556 1474//1556 
f 843//1557 1534//1557 1472//1557 
f 843//1558 1505//1558 1534//1558 
f 66//1559 65//1559 1535//1559 
f 1535//1560 65//1560 1536//1560 
f 1536//1561 64//1561 1537//1561 
f 65//1562 64//1562 1536//1562 
f 1537//1563 63//1563 1538//1563 
f 64//1564 63//1564 1537//1564 
f 1538//1565 62//1565 1539//1565 
f 63//1566 62//1566 1538//1566 
f 1539//1567 61//1567 1540//1567 
f 62//1568 61//1568 1539//1568 
f 1540//1569 60//1569 1541//1569 
f 61//1570 60//1570 1540//1570 
f 1541//1571 59//1571 1542//1571 
f 60//1572 59//1572 1541//1572 
f 1542//1573 58//1573 1543//1573 
f 1543//1574 58//1574 1544//1574 
f 59//1575 58//1575 1542//1575 
f 58//1576 57//1576 1544//1576 
f 1544//1577 56//1577 1545//1577 
f 57//1578 56//1578 1544//1578 
f 56//1579 55//1579 1545//1579 
f 1545//1580 55//1580 1546//1580 
f 55//1581 54//1581 1546//1581 
f 1546//1582 54//1582 1547//1582 
f 54//1583 53//1583 1547//1583 
f 1547//1584 53//1584 1548//1584 
f 53//1585 52//1585 1548//1585 
f 1548//1586 52//1586 1549//1586 
f 52//1587 51//1587 1549//1587 
f 1549//1588 51//1588 1550//1588 
f 51//1589 50//1589 1550//1589 
f 1550//1590 50//1590 1551//1590 
f 50//1591 49//1591 1551//1591 
f 1551//1592 49//1592 1552//1592 
f 49//1593 48//1593 1552//1593 
f 1552//1594 48//1594 1553//1594 
f 48//1595 47//1595 1553//1595 
f 1553//1596 47//1596 1554//1596 
f 47//1597 46//1597 1554//1597 
f 1554//1598 46//1598 1555//1598 
f 1555//1599 46//1599 1556//1599 
f 46//1600 45//1600 1556//1600 
f 45//1601 44//1601 1556//1601 
f 1556//1602 44//1602 1557//1602 
f 1557//1603 43//1603 1558//1603 
f 44//1604 43//1604 1557//1604 
f 1558//1605 42//1605 1559//1605 
f 43//1606 42//1606 1558//1606 
f 1559//1607 42//1607 1560//1607 
f 42//1608 41//1608 1560//1608 
f 1560//1609 40//1609 1561//1609 
f 41//1610 40//1610 1560//1610 
f 1561//1611 39//1611 1562//1611 
f 40//1612 39//1612 1561//1612 
f 1562//1613 38//1613 1563//1613 
f 39//1614 38//1614 1562//1614 
f 1563//1615 37//1615 1564//1615 
f 38//1616 37//1616 1563//1616 
f 1564//1617 36//1617 1565//1617 
f 37//1618 36//1618 1564//1618 
f 1565//1619 34//1619 1566//1619 
f 36//1620 34//1620 1565//1620 
f 1566//1621 32//1621 1567//1621 
f 34//1622 32//1622 1566//1622 
f 1567//1623 30//1623 1568//1623 
f 1568//1624 30//1624 1569//1624 
f 32//1625 30//1625 1567//1625 
f 30//1626 28//1626 1569//1626 
f 1569//1627 26//1627 1570//1627 
f 28//1628 26//1628 1569//1628 
f 1570//1629 24//1629 1571//1629 
f 26//1630 24//1630 1570//1630 
f 24//1631 22//1631 1571//1631 
f 1571//1632 22//1632 1572//1632 
f 22//1633 20//1633 1572//1633 
f 1572//1634 20//1634 1573//1634 
f 20//1635 18//1635 1573//1635 
f 1573//1636 18//1636 1574//1636 
f 18//1637 16//1637 1574//1637 
f 1574//1638 16//1638 1575//1638 
f 16//1639 14//1639 1575//1639 
f 1575//1640 14//1640 1576//1640 
f 1576//1641 14//1641 1577//1641 
f 14//1642 12//1642 1577//1642 
f 12//1643 10//1643 1577//1643 
f 1577//1644 10//1644 1578//1644 
f 1578//1645 10//1645 1579//1645 
f 10//1646 8//1646 1579//1646 
f 8//1647 6//1647 1579//1647 
f 1579//1648 6//1648 1580//1648 
f 1580//1649 6//1649 1581//1649 
f 6//1650 4//1650 1581//1650 
f 4//1651 3//1651 1581//1651 
f 1581//1652 3//1652 1582//1652 
f 3//1653 2//1653 1582//1653 
f 1582//1654 2//1654 1583//1654 
f 1583//1655 2//1655 1584//1655 
f 2//1656 5//1656 1584//1656 
f 5//1657 7//1657 1584//1657 
f 1584//1658 7//1658 1585//1658 
f 1585//1659 7//1659 1586//1659 
f 7//1660 9//1660 1586//1660 
f 9//1661 11//1661 1586//1661 
f 1586//1662 11//1662 1587//1662 
f 1587//1663 11//1663 1588//1663 
f 11//1664 13//1664 1588//1664 
f 13//1665 15//1665 1588//1665 
f 1588//1666 15//1666 1589//1666 
f 15//1667 17//1667 1589//1667 
f 1589//1668 17//1668 1590//1668 
f 1590//1669 17//1669 1591//1669 
f 17//1670 19//1670 1591//1670 
f 19//1671 21//1671 1591//1671 
f 1591//1672 21//1672 1592//1672 
f 1592//1673 21//1673 1593//1673 
f 21//1674 23//1674 1593//1674 
f 1593//1675 25//1675 1594//1675 
f 23//1676 25//1676 1593//1676 
f 1594//1677 27//1677 1595//1677 
f 1595//1678 27//1678 3179//1678 
f 25//1679 27//1679 1594//1679 
f 27//1680 29//1680 3179//1680 
f 29//1681 31//1681 3179//1681 
f 3179//1682 31//1682 3180//1682 
f 3180//1683 31//1683 3181//1683 
f 31//1684 33//1684 3181//1684 
f 3181//1685 33//1685 3182//1685 
f 33//1686 68//1686 3182//1686 
f 3182//1687 68//1687 1596//1687 
f 68//1688 69//1688 1596//1688 
f 69//1689 70//1689 1596//1689 
f 1596//1690 70//1690 1597//1690 
f 70//1691 71//1691 1597//1691 
f 1597//1692 71//1692 1598//1692 
f 1598//1693 71//1693 1599//1693 
f 71//1694 72//1694 1599//1694 
f 72//1695 73//1695 1599//1695 
f 1599//1696 73//1696 1600//1696 
f 73//1697 74//1697 1600//1697 
f 1600//1698 74//1698 1601//1698 
f 1601//1699 74//1699 1602//1699 
f 74//1700 75//1700 1602//1700 
f 75//1701 76//1701 1602//1701 
f 1602//1702 76//1702 1603//1702 
f 76//1703 77//1703 1603//1703 
f 1603//1704 77//1704 1604//1704 
f 77//1705 78//1705 1604//1705 
f 1604//1706 78//1706 1605//1706 
f 1605//1707 79//1707 1606//1707 
f 78//1708 79//1708 1605//1708 
f 1606//1709 80//1709 1607//1709 
f 79//1710 80//1710 1606//1710 
f 1607//1711 81//1711 1608//1711 
f 80//1712 81//1712 1607//1712 
f 1608//1713 82//1713 1609//1713 
f 81//1714 82//1714 1608//1714 
f 1609//1715 83//1715 1610//1715 
f 82//1716 83//1716 1609//1716 
f 1610//1717 84//1717 1611//1717 
f 83//1718 84//1718 1610//1718 
f 1611//1719 85//1719 1612//1719 
f 84//1720 85//1720 1611//1720 
f 1612//1721 86//1721 1613//1721 
f 85//1722 86//1722 1612//1722 
f 1613//1723 87//1723 1614//1723 
f 86//1724 87//1724 1613//1724 
f 1614//1725 88//1725 1615//1725 
f 87//1726 88//1726 1614//1726 
f 1615//1727 89//1727 1616//1727 
f 88//1728 89//1728 1615//1728 
f 1616//1729 90//1729 1617//1729 
f 89//1730 90//1730 1616//1730 
f 1617//1731 91//1731 1618//1731 
f 90//1732 91//1732 1617//1732 
f 91//1733 92//1733 1618//1733 
f 1618//1734 92//1734 1619//1734 
f 92//1735 93//1735 1619//1735 
f 1619//1736 93//1736 1620//1736 
f 93//1737 94//1737 1620//1737 
f 1620//1738 94//1738 1621//1738 
f 94//1739 95//1739 1621//1739 
f 1621//1740 95//1740 1622//1740 
f 1622//1741 96//1741 1623//1741 
f 95//1742 96//1742 1622//1742 
f 1623//1743 97//1743 1624//1743 
f 96//1744 97//1744 1623//1744 
f 1624//1745 98//1745 1625//1745 
f 97//1746 98//1746 1624//1746 
f 1625//1747 99//1747 1626//1747 
f 98//1748 99//1748 1625//1748 
f 1626//1749 100//1749 1627//1749 
f 1627//1750 100//1750 1628//1750 
f 99//1751 100//1751 1626//1751 
f 100//1752 102//1752 1628//1752 
f 1628//1753 103//1753 1629//1753 
f 102//1754 103//1754 1628//1754 
f 1629//1755 104//1755 1630//1755 
f 103//1756 104//1756 1629//1756 
f 1630//1757 105//1757 1631//1757 
f 104//1758 105//1758 1630//1758 
f 1631//1759 106//1759 1632//1759 
f 1632//1760 106//1760 1633//1760 
f 105//1761 106//1761 1631//1761 
f 106//1762 107//1762 1633//1762 
f 1633//1763 108//1763 1634//1763 
f 107//1764 108//1764 1633//1764 
f 1634//1765 109//1765 1635//1765 
f 1635//1766 109//1766 1636//1766 
f 108//1767 109//1767 1634//1767 
f 1636//1768 110//1768 1637//1768 
f 109//1769 110//1769 1636//1769 
f 110//1770 111//1770 1637//1770 
f 1637//1771 112//1771 1638//1771 
f 1638//1772 112//1772 1639//1772 
f 111//1773 112//1773 1637//1773 
f 112//1774 113//1774 1639//1774 
f 1639//1775 113//1775 1640//1775 
f 113//1776 114//1776 1640//1776 
f 1640//1777 115//1777 1641//1777 
f 1641//1778 115//1778 1642//1778 
f 114//1779 115//1779 1640//1779 
f 115//1780 116//1780 1642//1780 
f 116//1781 117//1781 1642//1781 
f 1642//1782 117//1782 1643//1782 
f 117//1783 118//1783 1643//1783 
f 1643//1784 118//1784 1644//1784 
f 118//1785 119//1785 1644//1785 
f 1644//1786 119//1786 1645//1786 
f 1645//1787 119//1787 1646//1787 
f 119//1788 120//1788 1646//1788 
f 120//1789 121//1789 1646//1789 
f 1646//1790 121//1790 1647//1790 
f 121//1791 122//1791 1647//1791 
f 1647//1792 122//1792 1648//1792 
f 122//1793 123//1793 1648//1793 
f 1648//1794 123//1794 1649//1794 
f 1649//1795 123//1795 1650//1795 
f 123//1796 124//1796 1650//1796 
f 124//1797 125//1797 1650//1797 
f 1650//1798 125//1798 1651//1798 
f 125//1799 126//1799 1651//1799 
f 1651//1800 126//1800 1652//1800 
f 126//1801 127//1801 1652//1801 
f 1652//1802 127//1802 1653//1802 
f 127//1803 128//1803 1653//1803 
f 1653//1804 128//1804 1654//1804 
f 1654//1805 128//1805 1655//1805 
f 1655//1806 129//1806 1656//1806 
f 128//1807 129//1807 1655//1807 
f 129//1808 130//1808 1656//1808 
f 1656//1809 66//1809 1535//1809 
f 130//1810 66//1810 1656//1810 
f 1657//1811 1349//1811 1658//1811 
f 1659//1812 1658//1812 1349//1812 
f 1660//1813 1349//1813 1657//1813 
f 1661//1814 1659//1814 1349//1814 
f 1662//1815 1349//1815 1660//1815 
f 1663//1816 1661//1816 1349//1816 
f 1664//1817 1349//1817 1662//1817 
f 1665//1818 1663//1818 1349//1818 
f 1666//1819 1349//1819 1664//1819 
f 1667//1820 1665//1820 1349//1820 
f 1668//1821 1349//1821 1666//1821 
f 1669//1822 1667//1822 1349//1822 
f 1670//1823 1349//1823 1668//1823 
f 1671//1824 1669//1824 1349//1824 
f 1672//1825 1349//1825 1670//1825 
f 1673//1826 1671//1826 1349//1826 
f 1674//1827 1349//1827 1672//1827 
f 1675//1828 1673//1828 1349//1828 
f 1676//1829 1349//1829 1674//1829 
f 1677//1830 1675//1830 1349//1830 
f 1678//1831 1349//1831 1676//1831 
f 1679//1832 1677//1832 1349//1832 
f 1680//1833 1349//1833 1678//1833 
f 1681//1834 1679//1834 1349//1834 
f 1682//1835 1349//1835 1680//1835 
f 1683//1836 1681//1836 1349//1836 
f 1684//1837 1349//1837 1682//1837 
f 1685//1838 1683//1838 1349//1838 
f 1686//1839 1349//1839 1684//1839 
f 1687//1840 1685//1840 1349//1840 
f 1688//1841 1349//1841 1686//1841 
f 1689//1842 1349//1842 843//1842 
f 1689//1843 1687//1843 1349//1843 
f 1690//1844 1689//1844 843//1844 
f 1691//1845 1690//1845 843//1845 
f 1692//1846 1691//1846 843//1846 
f 1693//1847 1692//1847 843//1847 
f 1694//1848 1693//1848 843//1848 
f 1695//1849 1694//1849 843//1849 
f 1696//1850 1695//1850 843//1850 
f 1697//1851 1696//1851 843//1851 
f 1698//1852 1697//1852 843//1852 
f 1699//1853 1698//1853 843//1853 
f 1700//1854 1699//1854 843//1854 
f 1701//1855 1700//1855 843//1855 
f 1702//1856 1701//1856 843//1856 
f 1703//1857 1702//1857 843//1857 
f 1704//1858 1703//1858 843//1858 
f 1705//1859 1704//1859 843//1859 
f 1706//1860 1705//1860 843//1860 
f 1707//1861 1706//1861 843//1861 
f 1708//1862 1707//1862 843//1862 
f 1709//1863 1708//1863 843//1863 
f 1710//1864 1709//1864 843//1864 
f 1711//1865 1710//1865 843//1865 
f 1712//1866 1711//1866 843//1866 
f 1713//1867 1712//1867 843//1867 
f 1714//1868 1713//1868 843//1868 
f 1715//1869 1714//1869 843//1869 
f 1716//1870 1715//1870 843//1870 
f 1717//1871 1716//1871 843//1871 
f 1718//1872 1717//1872 843//1872 
f 1719//1873 1718//1873 843//1873 
f 1720//1874 1719//1874 843//1874 
f 165//1875 1721//1875 1722//1875 
f 165//1876 1723//1876 1721//1876 
f 165//1877 1724//1877 1723//1877 
f 165//1878 1725//1878 1724//1878 
f 165//1879 1726//1879 1725//1879 
f 165//1880 1727//1880 1726//1880 
f 165//1881 1728//1881 1727//1881 
f 165//1882 1729//1882 1728//1882 
f 165//1883 1730//1883 1729//1883 
f 165//1884 1731//1884 1730//1884 
f 165//1885 1732//1885 1731//1885 
f 165//1886 1733//1886 1732//1886 
f 165//1887 1734//1887 1733//1887 
f 165//1888 1735//1888 1734//1888 
f 165//1889 1736//1889 1735//1889 
f 165//1890 1737//1890 1736//1890 
f 165//1891 1738//1891 1737//1891 
f 165//1892 1739//1892 1738//1892 
f 165//1893 1740//1893 1739//1893 
f 165//1894 1741//1894 1740//1894 
f 165//1895 1742//1895 1741//1895 
f 165//1896 1743//1896 1742//1896 
f 165//1897 1744//1897 1743//1897 
f 165//1898 1745//1898 1744//1898 
f 165//1899 1746//1899 1745//1899 
f 165//1900 1747//1900 1746//1900 
f 165//1901 1748//1901 1747//1901 
f 165//1902 1749//1902 1748//1902 
f 165//1903 1750//1903 1749//1903 
f 165//1904 1688//1904 1750//1904 
f 165//1905 1349//1905 1688//1905 
f 165//1906 1751//1906 1752//1906 
f 165//1907 1722//1907 1751//1907 
f 198//1908 1720//1908 843//1908 
f 198//1909 1753//1909 1720//1909 
f 198//1910 1754//1910 1753//1910 
f 198//1911 1755//1911 1754//1911 
f 198//1912 1756//1912 1755//1912 
f 198//1913 1757//1913 1756//1913 
f 198//1914 1758//1914 1757//1914 
f 198//1915 1759//1915 1758//1915 
f 198//1916 1760//1916 1759//1916 
f 198//1917 1761//1917 1760//1917 
f 198//1918 1762//1918 1761//1918 
f 198//1919 1763//1919 1762//1919 
f 198//1920 1764//1920 1763//1920 
f 198//1921 1765//1921 1764//1921 
f 198//1922 1766//1922 1765//1922 
f 198//1923 1767//1923 1766//1923 
f 198//1924 1768//1924 1767//1924 
f 198//1925 1769//1925 1768//1925 
f 198//1926 1770//1926 1769//1926 
f 198//1927 1771//1927 1770//1927 
f 198//1928 1772//1928 1771//1928 
f 198//1929 165//1929 1752//1929 
f 198//1930 1773//1930 1772//1930 
f 198//1931 1774//1931 1773//1931 
f 198//1932 1775//1932 1774//1932 
f 198//1933 1776//1933 1775//1933 
f 198//1934 1777//1934 1776//1934 
f 198//1935 1778//1935 1777//1935 
f 198//1936 1779//1936 1778//1936 
f 198//1937 1780//1937 1779//1937 
f 198//1938 1781//1938 1780//1938 
f 198//1939 1782//1939 1781//1939 
f 198//1940 1752//1940 1782//1940 
f 1783//1941 199//1941 382//1941 
f 166//1942 199//1942 1783//1942 
f 1784//1943 1785//1943 197//1943 
f 1784//1944 197//1944 196//1944 
f 1786//1945 196//1945 195//1945 
f 1786//1946 1784//1946 196//1946 
f 1787//1947 195//1947 194//1947 
f 1787//1948 1786//1948 195//1948 
f 1788//1949 194//1949 193//1949 
f 1788//1950 1787//1950 194//1950 
f 1789//1951 193//1951 192//1951 
f 1789//1952 1788//1952 193//1952 
f 1790//1953 192//1953 191//1953 
f 1790//1954 1789//1954 192//1954 
f 1791//1955 191//1955 190//1955 
f 1791//1956 1790//1956 191//1956 
f 1792//1957 189//1957 188//1957 
f 1792//1958 190//1958 189//1958 
f 1792//1959 1791//1959 190//1959 
f 1793//1960 1792//1960 188//1960 
f 1793//1961 188//1961 187//1961 
f 1794//1962 1793//1962 187//1962 
f 1794//1963 187//1963 186//1963 
f 1795//1964 1794//1964 186//1964 
f 1795//1965 186//1965 185//1965 
f 1796//1966 1795//1966 185//1966 
f 1796//1967 185//1967 184//1967 
f 1797//1968 184//1968 183//1968 
f 1797//1969 1796//1969 184//1969 
f 1798//1970 183//1970 182//1970 
f 1798//1971 1797//1971 183//1971 
f 1799//1972 181//1972 180//1972 
f 1799//1973 182//1973 181//1973 
f 1799//1974 1798//1974 182//1974 
f 1800//1975 180//1975 179//1975 
f 1800//1976 1799//1976 180//1976 
f 1801//1977 179//1977 178//1977 
f 1801//1978 1800//1978 179//1978 
f 1802//1979 178//1979 177//1979 
f 1802//1980 1801//1980 178//1980 
f 1803//1981 177//1981 176//1981 
f 1803//1982 1802//1982 177//1982 
f 1804//1983 176//1983 175//1983 
f 1804//1984 1803//1984 176//1984 
f 1805//1985 175//1985 174//1985 
f 1805//1986 1804//1986 175//1986 
f 1806//1987 173//1987 172//1987 
f 1806//1988 174//1988 173//1988 
f 1806//1989 1805//1989 174//1989 
f 1807//1990 172//1990 171//1990 
f 1807//1991 1806//1991 172//1991 
f 1808//1992 171//1992 170//1992 
f 1808//1993 1807//1993 171//1993 
f 1809//1994 170//1994 169//1994 
f 1809//1995 1808//1995 170//1995 
f 1810//1996 169//1996 168//1996 
f 1810//1997 1809//1997 169//1997 
f 1811//1998 168//1998 167//1998 
f 1811//1999 1810//1999 168//1999 
f 1812//2000 167//2000 164//2000 
f 1812//2001 1811//2001 167//2001 
f 1783//2002 164//2002 166//2002 
f 1783//2003 1812//2003 164//2003 
f 1785//2004 1813//2004 200//2004 
f 1785//2005 200//2005 197//2005 
f 1814//2006 1815//2006 162//2006 
f 1814//2007 162//2007 160//2007 
f 1816//2008 160//2008 158//2008 
f 1816//2009 1814//2009 160//2009 
f 1817//2010 158//2010 156//2010 
f 1817//2011 1816//2011 158//2011 
f 1818//2012 156//2012 154//2012 
f 1818//2013 1817//2013 156//2013 
f 1819//2014 154//2014 152//2014 
f 1819//2015 1818//2015 154//2015 
f 1820//2016 152//2016 150//2016 
f 1820//2017 1819//2017 152//2017 
f 1821//2018 150//2018 148//2018 
f 1821//2019 1820//2019 150//2019 
f 1822//2020 146//2020 144//2020 
f 1822//2021 148//2021 146//2021 
f 1822//2022 1821//2022 148//2022 
f 1823//2023 1822//2023 144//2023 
f 1823//2024 144//2024 142//2024 
f 1824//2025 1823//2025 142//2025 
f 1824//2026 142//2026 140//2026 
f 1825//2027 1824//2027 140//2027 
f 1825//2028 140//2028 138//2028 
f 1826//2029 1825//2029 138//2029 
f 1826//2030 138//2030 136//2030 
f 1827//2031 1826//2031 136//2031 
f 1827//2032 136//2032 134//2032 
f 1828//2033 134//2033 132//2033 
f 1828//2034 1827//2034 134//2034 
f 1829//2035 131//2035 133//2035 
f 1829//2036 132//2036 131//2036 
f 1829//2037 1828//2037 132//2037 
f 1830//2038 133//2038 135//2038 
f 1830//2039 1829//2039 133//2039 
f 1831//2040 135//2040 137//2040 
f 1831//2041 1830//2041 135//2041 
f 1832//2042 137//2042 139//2042 
f 1832//2043 1831//2043 137//2043 
f 1833//2044 139//2044 141//2044 
f 1833//2045 1832//2045 139//2045 
f 1834//2046 141//2046 143//2046 
f 1834//2047 1833//2047 141//2047 
f 1835//2048 143//2048 145//2048 
f 1835//2049 1834//2049 143//2049 
f 1836//2050 147//2050 149//2050 
f 1836//2051 145//2051 147//2051 
f 1836//2052 1835//2052 145//2052 
f 1837//2053 149//2053 151//2053 
f 1837//2054 1836//2054 149//2054 
f 1838//2055 151//2055 153//2055 
f 1838//2056 1837//2056 151//2056 
f 1839//2057 153//2057 155//2057 
f 1839//2058 1838//2058 153//2058 
f 1840//2059 155//2059 157//2059 
f 1840//2060 1839//2060 155//2060 
f 1841//2061 157//2061 159//2061 
f 1841//2062 1840//2062 157//2062 
f 1842//2063 159//2063 161//2063 
f 1842//2064 1841//2064 159//2064 
f 1813//2065 161//2065 200//2065 
f 1813//2066 1842//2066 161//2066 
f 163//2067 1815//2067 348//2067 
f 163//2068 162//2068 1815//2068 
f 1843//2069 1844//2069 412//2069 
f 412//2070 1844//2070 410//2070 
f 410//2071 1845//2071 411//2071 
f 1844//2072 1845//2072 410//2072 
f 411//2073 1846//2073 409//2073 
f 1845//2074 1846//2074 411//2074 
f 409//2075 1847//2075 407//2075 
f 1846//2076 1847//2076 409//2076 
f 407//2077 1848//2077 408//2077 
f 1847//2078 1848//2078 407//2078 
f 408//2079 1849//2079 406//2079 
f 1848//2080 1849//2080 408//2080 
f 1849//2081 1850//2081 406//2081 
f 406//2082 1850//2082 405//2082 
f 1850//2083 1851//2083 405//2083 
f 405//2084 1851//2084 403//2084 
f 1851//2085 1852//2085 403//2085 
f 403//2086 1852//2086 404//2086 
f 1852//2087 1853//2087 404//2087 
f 404//2088 1853//2088 401//2088 
f 1853//2089 1854//2089 401//2089 
f 401//2090 1854//2090 402//2090 
f 402//2091 1855//2091 400//2091 
f 1854//2092 1855//2092 402//2092 
f 1855//2093 1856//2093 400//2093 
f 400//2094 1857//2094 399//2094 
f 1856//2095 1857//2095 400//2095 
f 1857//2096 1858//2096 399//2096 
f 399//2097 1858//2097 396//2097 
f 1858//2098 1859//2098 396//2098 
f 396//2099 1859//2099 398//2099 
f 398//2100 1860//2100 397//2100 
f 1859//2101 1860//2101 398//2101 
f 397//2102 1861//2102 395//2102 
f 1860//2103 1861//2103 397//2103 
f 395//2104 1862//2104 393//2104 
f 1861//2105 1862//2105 395//2105 
f 393//2106 1863//2106 394//2106 
f 1862//2107 1863//2107 393//2107 
f 394//2108 1864//2108 391//2108 
f 1863//2109 1864//2109 394//2109 
f 391//2110 1865//2110 392//2110 
f 1864//2111 1865//2111 391//2111 
f 392//2112 1866//2112 389//2112 
f 1865//2113 1866//2113 392//2113 
f 389//2114 1867//2114 390//2114 
f 1866//2115 1867//2115 389//2115 
f 390//2116 1868//2116 388//2116 
f 1867//2117 1868//2117 390//2117 
f 1868//2118 1869//2118 388//2118 
f 388//2119 1870//2119 387//2119 
f 1869//2120 1870//2120 388//2120 
f 387//2121 1871//2121 385//2121 
f 1870//2122 1871//2122 387//2122 
f 385//2123 1872//2123 386//2123 
f 1871//2124 1872//2124 385//2124 
f 386//2125 1873//2125 383//2125 
f 1872//2126 1873//2126 386//2126 
f 383//2127 1874//2127 384//2127 
f 1873//2128 1874//2128 383//2128 
f 384//2129 1875//2129 380//2129 
f 1874//2130 1875//2130 384//2130 
f 380//2131 1876//2131 381//2131 
f 1875//2132 1876//2132 380//2132 
f 381//2133 1877//2133 382//2133 
f 1876//2134 1877//2134 381//2134 
f 1877//2135 1783//2135 382//2135 
f 1878//2136 1879//2136 347//2136 
f 1878//2137 347//2137 353//2137 
f 1880//2138 353//2138 352//2138 
f 1880//2139 1878//2139 353//2139 
f 1881//2140 352//2140 351//2140 
f 1881//2141 1880//2141 352//2141 
f 1882//2142 351//2142 354//2142 
f 1882//2143 1881//2143 351//2143 
f 1883//2144 354//2144 359//2144 
f 1883//2145 1882//2145 354//2145 
f 1884//2146 359//2146 358//2146 
f 1884//2147 1883//2147 359//2147 
f 1885//2148 358//2148 361//2148 
f 1885//2149 1884//2149 358//2149 
f 1886//2150 1885//2150 361//2150 
f 1886//2151 361//2151 365//2151 
f 1887//2152 1886//2152 365//2152 
f 1888//2153 365//2153 366//2153 
f 1888//2154 1887//2154 365//2154 
f 1889//2155 366//2155 364//2155 
f 1889//2156 1888//2156 366//2156 
f 1890//2157 364//2157 372//2157 
f 1890//2158 1889//2158 364//2158 
f 1891//2159 1890//2159 372//2159 
f 1891//2160 372//2160 373//2160 
f 1892//2161 373//2161 371//2161 
f 1892//2162 1891//2162 373//2162 
f 1893//2163 371//2163 375//2163 
f 1893//2164 1892//2164 371//2164 
f 1894//2165 375//2165 379//2165 
f 1894//2166 1893//2166 375//2166 
f 1895//2167 379//2167 378//2167 
f 1895//2168 1894//2168 379//2168 
f 1896//2169 378//2169 376//2169 
f 1896//2170 1895//2170 378//2170 
f 1897//2171 376//2171 377//2171 
f 1897//2172 1896//2172 376//2172 
f 1898//2173 377//2173 374//2173 
f 1898//2174 1897//2174 377//2174 
f 1899//2175 374//2175 370//2175 
f 1899//2176 1898//2176 374//2176 
f 1900//2177 1899//2177 370//2177 
f 1901//2178 370//2178 367//2178 
f 1901//2179 1900//2179 370//2179 
f 1902//2180 367//2180 369//2180 
f 1902//2181 1901//2181 367//2181 
f 1903//2182 369//2182 368//2182 
f 1903//2183 1902//2183 369//2183 
f 1904//2184 368//2184 362//2184 
f 1904//2185 1903//2185 368//2185 
f 1905//2186 362//2186 363//2186 
f 1905//2187 1904//2187 362//2187 
f 1906//2188 363//2188 360//2188 
f 1906//2189 1905//2189 363//2189 
f 1907//2190 360//2190 355//2190 
f 1907//2191 1906//2191 360//2191 
f 1908//2192 355//2192 357//2192 
f 1908//2193 1907//2193 355//2193 
f 1909//2194 357//2194 356//2194 
f 1909//2195 1908//2195 357//2195 
f 1910//2196 356//2196 349//2196 
f 1910//2197 1909//2197 356//2197 
f 1911//2198 349//2198 350//2198 
f 1911//2199 1910//2199 349//2199 
f 1912//2200 1911//2200 350//2200 
f 1912//2201 350//2201 348//2201 
f 1815//2202 1912//2202 348//2202 
f 412//2203 1913//2203 1843//2203 
f 431//2204 1913//2204 412//2204 
f 347//2205 1879//2205 1914//2205 
f 347//2206 1914//2206 321//2206 
f 540//2207 1915//2207 1916//2207 
f 540//2208 1917//2208 1915//2208 
f 540//2209 543//2209 1917//2209 
f 536//2210 540//2210 1916//2210 
f 533//2211 1916//2211 1918//2211 
f 533//2212 536//2212 1916//2212 
f 530//2213 1919//2213 1920//2213 
f 530//2214 1918//2214 1919//2214 
f 530//2215 533//2215 1918//2215 
f 527//2216 530//2216 1920//2216 
f 524//2217 1920//2217 1921//2217 
f 524//2218 527//2218 1920//2218 
f 521//2219 1921//2219 1922//2219 
f 521//2220 524//2220 1921//2220 
f 518//2221 521//2221 1922//2221 
f 518//2222 1922//2222 1923//2222 
f 514//2223 518//2223 1923//2223 
f 514//2224 1923//2224 1924//2224 
f 511//2225 514//2225 1924//2225 
f 511//2226 1924//2226 1925//2226 
f 508//2227 511//2227 1925//2227 
f 508//2228 1925//2228 1926//2228 
f 505//2229 1926//2229 1927//2229 
f 505//2230 508//2230 1926//2230 
f 501//2231 1927//2231 1928//2231 
f 501//2232 505//2232 1927//2232 
f 498//2233 1929//2233 1930//2233 
f 498//2234 1928//2234 1929//2234 
f 498//2235 501//2235 1928//2235 
f 495//2236 498//2236 1930//2236 
f 472//2237 1931//2237 1932//2237 
f 472//2238 1930//2238 1931//2238 
f 472//2239 495//2239 1930//2239 
f 470//2240 472//2240 1932//2240 
f 468//2241 1932//2241 1933//2241 
f 468//2242 470//2242 1932//2242 
f 466//2243 1933//2243 1934//2243 
f 466//2244 468//2244 1933//2244 
f 464//2245 1934//2245 1935//2245 
f 464//2246 466//2246 1934//2246 
f 462//2247 1936//2247 1937//2247 
f 462//2248 1935//2248 1936//2248 
f 462//2249 464//2249 1935//2249 
f 460//2250 462//2250 1937//2250 
f 458//2251 1938//2251 1939//2251 
f 458//2252 1937//2252 1938//2252 
f 458//2253 460//2253 1937//2253 
f 456//2254 458//2254 1939//2254 
f 454//2255 1940//2255 1941//2255 
f 454//2256 1939//2256 1940//2256 
f 454//2257 456//2257 1939//2257 
f 451//2258 1941//2258 1942//2258 
f 451//2259 454//2259 1941//2259 
f 449//2260 1942//2260 1943//2260 
f 449//2261 451//2261 1942//2261 
f 447//2262 449//2262 1943//2262 
f 445//2263 1943//2263 1944//2263 
f 445//2264 447//2264 1943//2264 
f 443//2265 1945//2265 1946//2265 
f 443//2266 1944//2266 1945//2266 
f 443//2267 445//2267 1944//2267 
f 441//2268 443//2268 1946//2268 
f 431//2269 1946//2269 1913//2269 
f 431//2270 441//2270 1946//2270 
f 308//2271 304//2271 1947//2271 
f 1947//2272 304//2272 1948//2272 
f 1948//2273 304//2273 1949//2273 
f 304//2274 300//2274 1949//2274 
f 1949//2275 296//2275 1950//2275 
f 300//2276 296//2276 1949//2276 
f 1950//2277 292//2277 1951//2277 
f 296//2278 292//2278 1950//2278 
f 1951//2279 288//2279 1952//2279 
f 292//2280 288//2280 1951//2280 
f 1952//2281 283//2281 1953//2281 
f 1953//2282 283//2282 1954//2282 
f 288//2283 283//2283 1952//2283 
f 1954//2284 281//2284 1955//2284 
f 283//2285 281//2285 1954//2285 
f 281//2286 275//2286 1955//2286 
f 275//2287 271//2287 1955//2287 
f 1955//2288 271//2288 1956//2288 
f 1956//2289 271//2289 1957//2289 
f 1957//2290 267//2290 1958//2290 
f 271//2291 267//2291 1957//2291 
f 267//2292 263//2292 1958//2292 
f 263//2293 259//2293 1958//2293 
f 1958//2294 259//2294 1959//2294 
f 1959//2295 254//2295 1960//2295 
f 259//2296 254//2296 1959//2296 
f 1960//2297 250//2297 1961//2297 
f 254//2298 250//2298 1960//2298 
f 1961//2299 246//2299 1962//2299 
f 250//2300 246//2300 1961//2300 
f 1962//2301 243//2301 1963//2301 
f 246//2302 243//2302 1962//2302 
f 1963//2303 248//2303 1964//2303 
f 243//2304 248//2304 1963//2304 
f 1964//2305 252//2305 1965//2305 
f 1965//2306 252//2306 1966//2306 
f 248//2307 252//2307 1964//2307 
f 252//2308 257//2308 1966//2308 
f 1966//2309 261//2309 1967//2309 
f 257//2310 261//2310 1966//2310 
f 1967//2311 265//2311 1968//2311 
f 1968//2312 265//2312 1969//2312 
f 261//2313 265//2313 1967//2313 
f 265//2314 269//2314 1969//2314 
f 1969//2315 273//2315 1970//2315 
f 1970//2316 273//2316 1971//2316 
f 269//2317 273//2317 1969//2317 
f 273//2318 277//2318 1971//2318 
f 1971//2319 279//2319 1972//2319 
f 277//2320 279//2320 1971//2320 
f 1972//2321 285//2321 1973//2321 
f 279//2322 285//2322 1972//2322 
f 1973//2323 290//2323 1974//2323 
f 285//2324 290//2324 1973//2324 
f 1974//2325 294//2325 1975//2325 
f 290//2326 294//2326 1974//2326 
f 1975//2327 298//2327 1976//2327 
f 294//2328 298//2328 1975//2328 
f 1976//2329 302//2329 1977//2329 
f 298//2330 302//2330 1976//2330 
f 1977//2331 306//2331 1978//2331 
f 302//2332 306//2332 1977//2332 
f 1978//2333 321//2333 1914//2333 
f 306//2334 321//2334 1978//2334 
f 1917//2335 543//2335 1979//2335 
f 1979//2336 543//2336 716//2336 
f 308//2337 1947//2337 1980//2337 
f 308//2338 1980//2338 584//2338 
f 779//2339 1981//2339 1982//2339 
f 779//2340 1983//2340 1981//2340 
f 779//2341 715//2341 1983//2341 
f 775//2342 779//2342 1982//2342 
f 771//2343 1982//2343 1984//2343 
f 771//2344 775//2344 1982//2344 
f 767//2345 1985//2345 1986//2345 
f 767//2346 1984//2346 1985//2346 
f 767//2347 771//2347 1984//2347 
f 763//2348 767//2348 1986//2348 
f 756//2349 1986//2349 1987//2349 
f 756//2350 763//2350 1986//2350 
f 752//2351 1987//2351 1988//2351 
f 752//2352 756//2352 1987//2352 
f 748//2353 752//2353 1988//2353 
f 748//2354 1988//2354 1989//2354 
f 744//2355 748//2355 1989//2355 
f 744//2356 1989//2356 1990//2356 
f 740//2357 744//2357 1990//2357 
f 740//2358 1990//2358 1991//2358 
f 736//2359 740//2359 1991//2359 
f 736//2360 1991//2360 1992//2360 
f 732//2361 1992//2361 1993//2361 
f 732//2362 736//2362 1992//2362 
f 729//2363 1993//2363 1994//2363 
f 729//2364 732//2364 1993//2364 
f 725//2365 1995//2365 1996//2365 
f 725//2366 1994//2366 1995//2366 
f 725//2367 729//2367 1994//2367 
f 721//2368 725//2368 1996//2368 
f 718//2369 1997//2369 1998//2369 
f 718//2370 1996//2370 1997//2370 
f 718//2371 721//2371 1996//2371 
f 719//2372 718//2372 1998//2372 
f 723//2373 1998//2373 1999//2373 
f 723//2374 719//2374 1998//2374 
f 727//2375 1999//2375 2000//2375 
f 727//2376 723//2376 1999//2376 
f 734//2377 2000//2377 2001//2377 
f 734//2378 727//2378 2000//2378 
f 738//2379 2002//2379 2003//2379 
f 738//2380 2001//2380 2002//2380 
f 738//2381 734//2381 2001//2381 
f 742//2382 738//2382 2003//2382 
f 746//2383 2004//2383 2005//2383 
f 746//2384 2003//2384 2004//2384 
f 746//2385 742//2385 2003//2385 
f 750//2386 746//2386 2005//2386 
f 754//2387 2006//2387 2007//2387 
f 754//2388 2005//2388 2006//2388 
f 754//2389 750//2389 2005//2389 
f 758//2390 2007//2390 2008//2390 
f 758//2391 754//2391 2007//2391 
f 761//2392 2008//2392 2009//2392 
f 761//2393 758//2393 2008//2393 
f 765//2394 761//2394 2009//2394 
f 769//2395 2009//2395 2010//2395 
f 769//2396 765//2396 2009//2396 
f 773//2397 2011//2397 2012//2397 
f 773//2398 2010//2398 2011//2398 
f 773//2399 769//2399 2010//2399 
f 777//2400 773//2400 2012//2400 
f 716//2401 2012//2401 1979//2401 
f 716//2402 777//2402 2012//2402 
f 584//2403 1980//2403 2013//2403 
f 597//2404 2013//2404 2014//2404 
f 597//2405 584//2405 2013//2405 
f 599//2406 2014//2406 2015//2406 
f 599//2407 597//2407 2014//2407 
f 601//2408 2015//2408 2016//2408 
f 601//2409 599//2409 2015//2409 
f 603//2410 2016//2410 2017//2410 
f 603//2411 601//2411 2016//2411 
f 605//2412 2017//2412 2018//2412 
f 605//2413 603//2413 2017//2413 
f 607//2414 2018//2414 2019//2414 
f 607//2415 605//2415 2018//2415 
f 609//2416 2019//2416 2020//2416 
f 609//2417 607//2417 2019//2417 
f 611//2418 609//2418 2020//2418 
f 611//2419 2020//2419 2021//2419 
f 613//2420 611//2420 2021//2420 
f 613//2421 2021//2421 2022//2421 
f 615//2422 2022//2422 2023//2422 
f 615//2423 613//2423 2022//2423 
f 617//2424 2023//2424 2024//2424 
f 617//2425 615//2425 2023//2425 
f 619//2426 2024//2426 2025//2426 
f 619//2427 617//2427 2024//2427 
f 621//2428 2025//2428 2026//2428 
f 621//2429 619//2429 2025//2429 
f 624//2430 2026//2430 2027//2430 
f 624//2431 621//2431 2026//2431 
f 626//2432 2027//2432 2028//2432 
f 626//2433 624//2433 2027//2433 
f 649//2434 2028//2434 2029//2434 
f 649//2435 626//2435 2028//2435 
f 652//2436 2029//2436 2030//2436 
f 652//2437 649//2437 2029//2437 
f 655//2438 2030//2438 2031//2438 
f 655//2439 652//2439 2030//2439 
f 659//2440 655//2440 2031//2440 
f 662//2441 2031//2441 2032//2441 
f 662//2442 659//2442 2031//2442 
f 665//2443 2032//2443 2033//2443 
f 665//2444 2033//2444 2034//2444 
f 665//2445 662//2445 2032//2445 
f 668//2446 665//2446 2034//2446 
f 671//2447 2034//2447 2035//2447 
f 671//2448 668//2448 2034//2448 
f 674//2449 2035//2449 2036//2449 
f 674//2450 2036//2450 2037//2450 
f 674//2451 671//2451 2035//2451 
f 677//2452 674//2452 2037//2452 
f 680//2453 2037//2453 2038//2453 
f 680//2454 677//2454 2037//2454 
f 684//2455 2038//2455 2039//2455 
f 684//2456 680//2456 2038//2456 
f 688//2457 2039//2457 2040//2457 
f 688//2458 2040//2458 2041//2458 
f 688//2459 684//2459 2039//2459 
f 691//2460 2041//2460 2042//2460 
f 691//2461 688//2461 2041//2461 
f 694//2462 691//2462 2042//2462 
f 697//2463 2042//2463 2043//2463 
f 697//2464 694//2464 2042//2464 
f 700//2465 2043//2465 2044//2465 
f 700//2466 697//2466 2043//2466 
f 1983//2467 715//2467 2044//2467 
f 2044//2468 715//2468 700//2468 
f 303//2469 299//2469 2045//2469 
f 2045//2470 299//2470 2046//2470 
f 2046//2471 295//2471 2047//2471 
f 299//2472 295//2472 2046//2472 
f 2047//2473 291//2473 2048//2473 
f 295//2474 291//2474 2047//2474 
f 2048//2475 287//2475 2049//2475 
f 291//2476 287//2476 2048//2476 
f 2049//2477 286//2477 2050//2477 
f 287//2478 286//2478 2049//2478 
f 2050//2479 280//2479 2051//2479 
f 2051//2480 280//2480 2052//2480 
f 286//2481 280//2481 2050//2481 
f 280//2482 278//2482 2052//2482 
f 2052//2483 274//2483 2053//2483 
f 278//2484 274//2484 2052//2484 
f 2053//2485 270//2485 2054//2485 
f 274//2486 270//2486 2053//2486 
f 2054//2487 266//2487 2055//2487 
f 270//2488 266//2488 2054//2488 
f 266//2489 262//2489 2055//2489 
f 2055//2490 262//2490 2056//2490 
f 262//2491 258//2491 2056//2491 
f 2056//2492 258//2492 2057//2492 
f 258//2493 253//2493 2057//2493 
f 2057//2494 253//2494 2058//2494 
f 253//2495 249//2495 2058//2495 
f 2058//2496 249//2496 2059//2496 
f 249//2497 245//2497 2059//2497 
f 2059//2498 245//2498 2060//2498 
f 245//2499 244//2499 2060//2499 
f 2060//2500 244//2500 2061//2500 
f 244//2501 247//2501 2061//2501 
f 2061//2502 247//2502 2062//2502 
f 247//2503 251//2503 2062//2503 
f 2062//2504 251//2504 2063//2504 
f 251//2505 255//2505 2063//2505 
f 2063//2506 255//2506 2064//2506 
f 2064//2507 255//2507 2065//2507 
f 255//2508 256//2508 2065//2508 
f 2065//2509 256//2509 2066//2509 
f 256//2510 260//2510 2066//2510 
f 260//2511 264//2511 2066//2511 
f 2066//2512 264//2512 2067//2512 
f 2067//2513 268//2513 2068//2513 
f 264//2514 268//2514 2067//2514 
f 2068//2515 272//2515 2069//2515 
f 268//2516 272//2516 2068//2516 
f 2069//2517 276//2517 2070//2517 
f 272//2518 276//2518 2069//2518 
f 2070//2519 282//2519 2071//2519 
f 276//2520 282//2520 2070//2520 
f 2071//2521 284//2521 2072//2521 
f 282//2522 284//2522 2071//2522 
f 2072//2523 289//2523 2073//2523 
f 284//2524 289//2524 2072//2524 
f 2073//2525 293//2525 2074//2525 
f 289//2526 293//2526 2073//2526 
f 2074//2527 297//2527 2075//2527 
f 293//2528 297//2528 2074//2528 
f 2075//2529 301//2529 2076//2529 
f 297//2530 301//2530 2075//2530 
f 2076//2531 305//2531 2077//2531 
f 2077//2532 305//2532 2078//2532 
f 301//2533 305//2533 2076//2533 
f 305//2534 309//2534 2078//2534 
f 2078//2535 310//2535 2079//2535 
f 309//2536 310//2536 2078//2536 
f 2079//2537 311//2537 2080//2537 
f 310//2538 311//2538 2079//2538 
f 2080//2539 312//2539 2081//2539 
f 311//2540 312//2540 2080//2540 
f 312//2541 313//2541 2081//2541 
f 2081//2542 313//2542 2082//2542 
f 313//2543 314//2543 2082//2543 
f 2082//2544 314//2544 2083//2544 
f 314//2545 315//2545 2083//2545 
f 2083//2546 315//2546 2084//2546 
f 315//2547 316//2547 2084//2547 
f 2084//2548 316//2548 2085//2548 
f 316//2549 317//2549 2085//2549 
f 2085//2550 317//2550 2086//2550 
f 2086//2551 317//2551 2087//2551 
f 317//2552 318//2552 2087//2552 
f 318//2553 319//2553 2087//2553 
f 2087//2554 319//2554 2088//2554 
f 319//2555 320//2555 2088//2555 
f 2088//2556 320//2556 2089//2556 
f 320//2557 568//2557 2089//2557 
f 2089//2558 568//2558 2090//2558 
f 568//2559 561//2559 2090//2559 
f 2090//2560 561//2560 2091//2560 
f 561//2561 560//2561 2091//2561 
f 2091//2562 560//2562 2092//2562 
f 560//2563 563//2563 2092//2563 
f 2092//2564 563//2564 2093//2564 
f 563//2565 566//2565 2093//2565 
f 2093//2566 566//2566 2094//2566 
f 566//2567 570//2567 2094//2567 
f 2094//2568 570//2568 2095//2568 
f 570//2569 573//2569 2095//2569 
f 2095//2570 573//2570 2096//2570 
f 573//2571 575//2571 2096//2571 
f 2096//2572 575//2572 2097//2572 
f 575//2573 577//2573 2097//2573 
f 2097//2574 577//2574 2098//2574 
f 577//2575 579//2575 2098//2575 
f 2098//2576 579//2576 2099//2576 
f 579//2577 580//2577 2099//2577 
f 2099//2578 580//2578 2100//2578 
f 580//2579 583//2579 2100//2579 
f 2100//2580 583//2580 2101//2580 
f 583//2581 900//2581 2101//2581 
f 2101//2582 900//2582 2102//2582 
f 2102//2583 242//2583 2103//2583 
f 900//2584 242//2584 2102//2584 
f 2103//2585 240//2585 2104//2585 
f 242//2586 240//2586 2103//2586 
f 2104//2587 238//2587 2105//2587 
f 240//2588 238//2588 2104//2588 
f 2105//2589 236//2589 2106//2589 
f 238//2590 236//2590 2105//2590 
f 236//2591 234//2591 2106//2591 
f 2106//2592 234//2592 2107//2592 
f 234//2593 232//2593 2107//2593 
f 2107//2594 232//2594 2108//2594 
f 232//2595 230//2595 2108//2595 
f 2108//2596 230//2596 2109//2596 
f 230//2597 228//2597 2109//2597 
f 2109//2598 228//2598 2110//2598 
f 228//2599 226//2599 2110//2599 
f 2110//2600 226//2600 2111//2600 
f 226//2601 224//2601 2111//2601 
f 2111//2602 224//2602 2112//2602 
f 224//2603 222//2603 2112//2603 
f 2112//2604 222//2604 2113//2604 
f 222//2605 220//2605 2113//2605 
f 2113//2606 220//2606 2114//2606 
f 220//2607 218//2607 2114//2607 
f 2114//2608 218//2608 2115//2608 
f 218//2609 216//2609 2115//2609 
f 2115//2610 216//2610 2116//2610 
f 216//2611 214//2611 2116//2611 
f 2116//2612 214//2612 2117//2612 
f 214//2613 212//2613 2117//2613 
f 2117//2614 212//2614 2118//2614 
f 2118//2615 212//2615 2119//2615 
f 212//2616 210//2616 2119//2616 
f 2119//2617 208//2617 2120//2617 
f 210//2618 208//2618 2119//2618 
f 2120//2619 206//2619 2121//2619 
f 208//2620 206//2620 2120//2620 
f 2121//2621 204//2621 2122//2621 
f 206//2622 204//2622 2121//2622 
f 2122//2623 201//2623 2123//2623 
f 204//2624 201//2624 2122//2624 
f 2123//2625 202//2625 2124//2625 
f 201//2626 202//2626 2123//2626 
f 2124//2627 203//2627 2125//2627 
f 202//2628 203//2628 2124//2628 
f 2125//2629 205//2629 2126//2629 
f 203//2630 205//2630 2125//2630 
f 2126//2631 207//2631 2127//2631 
f 205//2632 207//2632 2126//2632 
f 2127//2633 209//2633 2128//2633 
f 207//2634 209//2634 2127//2634 
f 2128//2635 211//2635 2129//2635 
f 209//2636 211//2636 2128//2636 
f 2129//2637 213//2637 2130//2637 
f 211//2638 213//2638 2129//2638 
f 2130//2639 215//2639 2131//2639 
f 213//2640 215//2640 2130//2640 
f 2131//2641 217//2641 2132//2641 
f 215//2642 217//2642 2131//2642 
f 217//2643 219//2643 2132//2643 
f 2132//2644 219//2644 2133//2644 
f 219//2645 221//2645 2133//2645 
f 2133//2646 221//2646 2134//2646 
f 221//2647 223//2647 2134//2647 
f 2134//2648 223//2648 2135//2648 
f 223//2649 225//2649 2135//2649 
f 2135//2650 225//2650 2136//2650 
f 2136//2651 227//2651 2137//2651 
f 225//2652 227//2652 2136//2652 
f 2137//2653 229//2653 2138//2653 
f 227//2654 229//2654 2137//2654 
f 2138//2655 231//2655 2139//2655 
f 229//2656 231//2656 2138//2656 
f 2139//2657 233//2657 2140//2657 
f 231//2658 233//2658 2139//2658 
f 2140//2659 235//2659 2141//2659 
f 233//2660 235//2660 2140//2660 
f 2141//2661 237//2661 2142//2661 
f 235//2662 237//2662 2141//2662 
f 2142//2663 239//2663 2143//2663 
f 237//2664 239//2664 2142//2664 
f 2143//2665 241//2665 2144//2665 
f 239//2666 241//2666 2143//2666 
f 2144//2667 331//2667 2145//2667 
f 241//2668 331//2668 2144//2668 
f 2145//2669 332//2669 2146//2669 
f 331//2670 332//2670 2145//2670 
f 2146//2671 333//2671 2147//2671 
f 332//2672 333//2672 2146//2672 
f 2147//2673 334//2673 2148//2673 
f 333//2674 334//2674 2147//2674 
f 2148//2675 335//2675 2149//2675 
f 334//2676 335//2676 2148//2676 
f 2149//2677 336//2677 2150//2677 
f 335//2678 336//2678 2149//2678 
f 2150//2679 337//2679 2151//2679 
f 336//2680 337//2680 2150//2680 
f 2151//2681 338//2681 2152//2681 
f 337//2682 338//2682 2151//2682 
f 2152//2683 339//2683 2153//2683 
f 338//2684 339//2684 2152//2684 
f 2153//2685 340//2685 2154//2685 
f 339//2686 340//2686 2153//2686 
f 2154//2687 341//2687 2155//2687 
f 340//2688 341//2688 2154//2688 
f 2155//2689 342//2689 2156//2689 
f 341//2690 342//2690 2155//2690 
f 342//2691 343//2691 2156//2691 
f 2156//2692 343//2692 2157//2692 
f 343//2693 344//2693 2157//2693 
f 2157//2694 344//2694 2158//2694 
f 344//2695 345//2695 2158//2695 
f 2158//2696 345//2696 2159//2696 
f 345//2697 346//2697 2159//2697 
f 2159//2698 346//2698 2160//2698 
f 346//2699 323//2699 2160//2699 
f 2160//2700 323//2700 2161//2700 
f 323//2701 322//2701 2161//2701 
f 2161//2702 322//2702 2162//2702 
f 322//2703 324//2703 2162//2703 
f 2162//2704 324//2704 2163//2704 
f 324//2705 325//2705 2163//2705 
f 2163//2706 325//2706 2164//2706 
f 325//2707 326//2707 2164//2707 
f 2164//2708 326//2708 2165//2708 
f 326//2709 327//2709 2165//2709 
f 2165//2710 327//2710 2166//2710 
f 327//2711 328//2711 2166//2711 
f 2166//2712 328//2712 2167//2712 
f 328//2713 329//2713 2167//2713 
f 2167//2714 329//2714 2168//2714 
f 329//2715 330//2715 2168//2715 
f 2168//2716 330//2716 2169//2716 
f 2169//2717 307//2717 2170//2717 
f 330//2718 307//2718 2169//2718 
f 2170//2719 303//2719 2045//2719 
f 307//2720 303//2720 2170//2720 
f 538//2721 539//2721 2171//2721 
f 2171//2722 539//2722 2172//2722 
f 2172//2723 542//2723 2173//2723 
f 539//2724 542//2724 2172//2724 
f 2173//2725 546//2725 2174//2725 
f 542//2726 546//2726 2173//2726 
f 2174//2727 548//2727 2175//2727 
f 546//2728 548//2728 2174//2728 
f 2175//2729 550//2729 2176//2729 
f 548//2730 550//2730 2175//2730 
f 2176//2731 903//2731 2177//2731 
f 2177//2732 903//2732 2178//2732 
f 550//2733 903//2733 2176//2733 
f 903//2734 842//2734 2178//2734 
f 2178//2735 839//2735 2179//2735 
f 842//2736 839//2736 2178//2736 
f 2179//2737 838//2737 2180//2737 
f 839//2738 838//2738 2179//2738 
f 2180//2739 836//2739 2181//2739 
f 838//2740 836//2740 2180//2740 
f 836//2741 834//2741 2181//2741 
f 2181//2742 834//2742 2182//2742 
f 834//2743 829//2743 2182//2743 
f 2182//2744 829//2744 2183//2744 
f 829//2745 828//2745 2183//2745 
f 2183//2746 828//2746 2184//2746 
f 828//2747 821//2747 2184//2747 
f 2184//2748 821//2748 2185//2748 
f 821//2749 820//2749 2185//2749 
f 2185//2750 820//2750 2186//2750 
f 820//2751 814//2751 2186//2751 
f 2186//2752 814//2752 2187//2752 
f 814//2753 813//2753 2187//2753 
f 2187//2754 813//2754 2188//2754 
f 813//2755 808//2755 2188//2755 
f 2188//2756 808//2756 2189//2756 
f 808//2757 558//2757 2189//2757 
f 2189//2758 558//2758 2190//2758 
f 2190//2759 558//2759 2191//2759 
f 558//2760 557//2760 2191//2760 
f 2191//2761 557//2761 2192//2761 
f 557//2762 556//2762 2192//2762 
f 556//2763 555//2763 2192//2763 
f 2192//2764 555//2764 2193//2764 
f 2193//2765 554//2765 2194//2765 
f 555//2766 554//2766 2193//2766 
f 2194//2767 553//2767 2195//2767 
f 554//2768 553//2768 2194//2768 
f 2195//2769 552//2769 2196//2769 
f 553//2770 552//2770 2195//2770 
f 2196//2771 551//2771 2197//2771 
f 552//2772 551//2772 2196//2772 
f 2197//2773 549//2773 2198//2773 
f 551//2774 549//2774 2197//2774 
f 2198//2775 547//2775 2199//2775 
f 549//2776 547//2776 2198//2776 
f 2199//2777 545//2777 2200//2777 
f 547//2778 545//2778 2199//2778 
f 2200//2779 544//2779 2201//2779 
f 545//2780 544//2780 2200//2780 
f 2201//2781 541//2781 2202//2781 
f 544//2782 541//2782 2201//2782 
f 2202//2783 537//2783 2203//2783 
f 2203//2784 537//2784 2204//2784 
f 541//2785 537//2785 2202//2785 
f 537//2786 534//2786 2204//2786 
f 2204//2787 531//2787 2205//2787 
f 534//2788 531//2788 2204//2788 
f 2205//2789 528//2789 2206//2789 
f 531//2790 528//2790 2205//2790 
f 2206//2791 525//2791 2207//2791 
f 528//2792 525//2792 2206//2792 
f 525//2793 522//2793 2207//2793 
f 2207//2794 522//2794 2208//2794 
f 522//2795 519//2795 2208//2795 
f 2208//2796 519//2796 2209//2796 
f 519//2797 516//2797 2209//2797 
f 2209//2798 516//2798 2210//2798 
f 516//2799 513//2799 2210//2799 
f 2210//2800 513//2800 2211//2800 
f 513//2801 510//2801 2211//2801 
f 2211//2802 510//2802 2212//2802 
f 2212//2803 510//2803 2213//2803 
f 510//2804 507//2804 2213//2804 
f 507//2805 504//2805 2213//2805 
f 2213//2806 504//2806 2214//2806 
f 504//2807 502//2807 2214//2807 
f 2214//2808 502//2808 2215//2808 
f 502//2809 499//2809 2215//2809 
f 2215//2810 499//2810 2216//2810 
f 499//2811 496//2811 2216//2811 
f 2216//2812 496//2812 2217//2812 
f 496//2813 493//2813 2217//2813 
f 2217//2814 493//2814 2218//2814 
f 493//2815 471//2815 2218//2815 
f 2218//2816 471//2816 2219//2816 
f 471//2817 469//2817 2219//2817 
f 2219//2818 469//2818 2220//2818 
f 469//2819 467//2819 2220//2819 
f 2220//2820 467//2820 2221//2820 
f 467//2821 465//2821 2221//2821 
f 2221//2822 465//2822 2222//2822 
f 465//2823 463//2823 2222//2823 
f 2222//2824 463//2824 2223//2824 
f 463//2825 461//2825 2223//2825 
f 2223//2826 461//2826 2224//2826 
f 461//2827 459//2827 2224//2827 
f 2224//2828 459//2828 2225//2828 
f 459//2829 457//2829 2225//2829 
f 2225//2830 457//2830 2226//2830 
f 457//2831 455//2831 2226//2831 
f 2226//2832 455//2832 2227//2832 
f 455//2833 453//2833 2227//2833 
f 2227//2834 453//2834 2228//2834 
f 2228//2835 452//2835 2229//2835 
f 453//2836 452//2836 2228//2836 
f 2229//2837 450//2837 2230//2837 
f 452//2838 450//2838 2229//2838 
f 2230//2839 448//2839 2231//2839 
f 450//2840 448//2840 2230//2840 
f 2231//2841 446//2841 2232//2841 
f 448//2842 446//2842 2231//2842 
f 446//2843 444//2843 2232//2843 
f 2232//2844 444//2844 2233//2844 
f 444//2845 442//2845 2233//2845 
f 2233//2846 442//2846 2234//2846 
f 442//2847 440//2847 2234//2847 
f 2234//2848 440//2848 2235//2848 
f 440//2849 439//2849 2235//2849 
f 2235//2850 439//2850 2236//2850 
f 439//2851 433//2851 2236//2851 
f 2236//2852 433//2852 2237//2852 
f 433//2853 432//2853 2237//2853 
f 2237//2854 432//2854 2238//2854 
f 432//2855 434//2855 2238//2855 
f 2238//2856 434//2856 2239//2856 
f 434//2857 435//2857 2239//2857 
f 2239//2858 435//2858 2240//2858 
f 435//2859 436//2859 2240//2859 
f 2240//2860 436//2860 2241//2860 
f 436//2861 437//2861 2241//2861 
f 2241//2862 437//2862 2242//2862 
f 437//2863 438//2863 2242//2863 
f 2242//2864 438//2864 2243//2864 
f 438//2865 424//2865 2243//2865 
f 2243//2866 424//2866 2244//2866 
f 2244//2867 424//2867 2245//2867 
f 424//2868 422//2868 2245//2868 
f 2245//2869 420//2869 2246//2869 
f 422//2870 420//2870 2245//2870 
f 2246//2871 418//2871 2247//2871 
f 420//2872 418//2872 2246//2872 
f 2247//2873 416//2873 2248//2873 
f 418//2874 416//2874 2247//2874 
f 2248//2875 413//2875 2249//2875 
f 416//2876 413//2876 2248//2876 
f 2249//2877 414//2877 2250//2877 
f 413//2878 414//2878 2249//2878 
f 2250//2879 415//2879 2251//2879 
f 414//2880 415//2880 2250//2880 
f 2251//2881 417//2881 2252//2881 
f 415//2882 417//2882 2251//2882 
f 2252//2883 419//2883 2253//2883 
f 417//2884 419//2884 2252//2884 
f 2253//2885 421//2885 2254//2885 
f 419//2886 421//2886 2253//2886 
f 2254//2887 423//2887 2255//2887 
f 421//2888 423//2888 2254//2888 
f 2255//2889 425//2889 2256//2889 
f 423//2890 425//2890 2255//2890 
f 2256//2891 426//2891 2257//2891 
f 425//2892 426//2892 2256//2892 
f 2257//2893 427//2893 2258//2893 
f 426//2894 427//2894 2257//2894 
f 427//2895 428//2895 2258//2895 
f 2258//2896 428//2896 2259//2896 
f 428//2897 429//2897 2259//2897 
f 2259//2898 429//2898 2260//2898 
f 429//2899 430//2899 2260//2899 
f 2260//2900 430//2900 2261//2900 
f 430//2901 473//2901 2261//2901 
f 2261//2902 473//2902 2262//2902 
f 2262//2903 474//2903 2263//2903 
f 473//2904 474//2904 2262//2904 
f 2263//2905 475//2905 2264//2905 
f 474//2906 475//2906 2263//2906 
f 2264//2907 476//2907 2265//2907 
f 475//2908 476//2908 2264//2908 
f 2265//2909 477//2909 2266//2909 
f 476//2910 477//2910 2265//2910 
f 2266//2911 478//2911 2267//2911 
f 477//2912 478//2912 2266//2912 
f 2267//2913 479//2913 2268//2913 
f 478//2914 479//2914 2267//2914 
f 2268//2915 480//2915 2269//2915 
f 479//2916 480//2916 2268//2916 
f 2269//2917 481//2917 2270//2917 
f 480//2918 481//2918 2269//2918 
f 2270//2919 482//2919 2271//2919 
f 481//2920 482//2920 2270//2920 
f 2271//2921 483//2921 2272//2921 
f 482//2922 483//2922 2271//2922 
f 2272//2923 484//2923 2273//2923 
f 483//2924 484//2924 2272//2924 
f 2273//2925 485//2925 2274//2925 
f 484//2926 485//2926 2273//2926 
f 2274//2927 486//2927 2275//2927 
f 485//2928 486//2928 2274//2928 
f 2275//2929 487//2929 2276//2929 
f 486//2930 487//2930 2275//2930 
f 2276//2931 488//2931 2277//2931 
f 487//2932 488//2932 2276//2932 
f 2277//2933 489//2933 2278//2933 
f 488//2934 489//2934 2277//2934 
f 2278//2935 490//2935 2279//2935 
f 489//2936 490//2936 2278//2936 
f 2279//2937 491//2937 2280//2937 
f 490//2938 491//2938 2279//2938 
f 2280//2939 492//2939 2281//2939 
f 491//2940 492//2940 2280//2940 
f 2281//2941 494//2941 2282//2941 
f 492//2942 494//2942 2281//2942 
f 494//2943 497//2943 2282//2943 
f 2282//2944 497//2944 2283//2944 
f 497//2945 500//2945 2283//2945 
f 2283//2946 500//2946 2284//2946 
f 500//2947 503//2947 2284//2947 
f 2284//2948 503//2948 2285//2948 
f 503//2949 506//2949 2285//2949 
f 2285//2950 506//2950 2286//2950 
f 506//2951 509//2951 2286//2951 
f 2286//2952 509//2952 2287//2952 
f 509//2953 512//2953 2287//2953 
f 2287//2954 512//2954 2288//2954 
f 512//2955 515//2955 2288//2955 
f 2288//2956 515//2956 2289//2956 
f 515//2957 517//2957 2289//2957 
f 2289//2958 517//2958 2290//2958 
f 517//2959 520//2959 2290//2959 
f 2290//2960 520//2960 2291//2960 
f 520//2961 523//2961 2291//2961 
f 2291//2962 523//2962 2292//2962 
f 523//2963 526//2963 2292//2963 
f 2292//2964 526//2964 2293//2964 
f 526//2965 529//2965 2293//2965 
f 2293//2966 529//2966 2294//2966 
f 529//2967 532//2967 2294//2967 
f 2294//2968 532//2968 2295//2968 
f 2295//2969 535//2969 2296//2969 
f 532//2970 535//2970 2295//2970 
f 2296//2971 538//2971 2171//2971 
f 535//2972 538//2972 2296//2972 
f 695//2973 698//2973 2297//2973 
f 2297//2974 698//2974 2298//2974 
f 2298//2975 701//2975 2299//2975 
f 698//2976 701//2976 2298//2976 
f 2299//2977 703//2977 2300//2977 
f 701//2978 703//2978 2299//2978 
f 2300//2979 705//2979 2301//2979 
f 703//2980 705//2980 2300//2980 
f 2301//2981 707//2981 2302//2981 
f 705//2982 707//2982 2301//2982 
f 2302//2983 708//2983 2303//2983 
f 2303//2984 708//2984 2304//2984 
f 707//2985 708//2985 2302//2985 
f 708//2986 709//2986 2304//2986 
f 2304//2987 710//2987 2305//2987 
f 709//2988 710//2988 2304//2988 
f 2305//2989 711//2989 2306//2989 
f 710//2990 711//2990 2305//2990 
f 2306//2991 712//2991 2307//2991 
f 711//2992 712//2992 2306//2992 
f 712//2993 713//2993 2307//2993 
f 2307//2994 713//2994 2308//2994 
f 713//2995 714//2995 2308//2995 
f 2308//2996 714//2996 2309//2996 
f 714//2997 806//2997 2309//2997 
f 2309//2998 806//2998 2310//2998 
f 806//2999 810//2999 2310//2999 
f 2310//3000 810//3000 2311//3000 
f 810//3001 811//3001 2311//3001 
f 2311//3002 811//3002 2312//3002 
f 811//3003 818//3003 2312//3003 
f 2312//3004 818//3004 2313//3004 
f 818//3005 823//3005 2313//3005 
f 2313//3006 823//3006 2314//3006 
f 823//3007 826//3007 2314//3007 
f 2314//3008 826//3008 2315//3008 
f 826//3009 831//3009 2315//3009 
f 2315//3010 831//3010 2316//3010 
f 2316//3011 831//3011 2317//3011 
f 831//3012 892//3012 2317//3012 
f 2317//3013 892//3013 2318//3013 
f 892//3014 891//3014 2318//3014 
f 891//3015 890//3015 2318//3015 
f 2318//3016 890//3016 2319//3016 
f 2319//3017 889//3017 2320//3017 
f 890//3018 889//3018 2319//3018 
f 2320//3019 888//3019 2321//3019 
f 889//3020 888//3020 2320//3020 
f 2321//3021 887//3021 2322//3021 
f 888//3022 887//3022 2321//3022 
f 2322//3023 886//3023 2323//3023 
f 887//3024 886//3024 2322//3024 
f 2323//3025 706//3025 2324//3025 
f 886//3026 706//3026 2323//3026 
f 2324//3027 704//3027 2325//3027 
f 706//3028 704//3028 2324//3028 
f 2325//3029 702//3029 2326//3029 
f 704//3030 702//3030 2325//3030 
f 2326//3031 699//3031 2327//3031 
f 702//3032 699//3032 2326//3032 
f 2327//3033 696//3033 2328//3033 
f 699//3034 696//3034 2327//3034 
f 2328//3035 693//3035 2329//3035 
f 2329//3036 693//3036 2330//3036 
f 696//3037 693//3037 2328//3037 
f 693//3038 690//3038 2330//3038 
f 2330//3039 687//3039 2331//3039 
f 690//3040 687//3040 2330//3040 
f 2331//3041 685//3041 2332//3041 
f 687//3042 685//3042 2331//3042 
f 2332//3043 682//3043 2333//3043 
f 685//3044 682//3044 2332//3044 
f 682//3045 679//3045 2333//3045 
f 2333//3046 679//3046 2334//3046 
f 679//3047 676//3047 2334//3047 
f 2334//3048 676//3048 2335//3048 
f 676//3049 673//3049 2335//3049 
f 2335//3050 673//3050 2336//3050 
f 673//3051 670//3051 2336//3051 
f 2336//3052 670//3052 2337//3052 
f 670//3053 667//3053 2337//3053 
f 2337//3054 667//3054 2338//3054 
f 2338//3055 667//3055 2339//3055 
f 667//3056 664//3056 2339//3056 
f 664//3057 661//3057 2339//3057 
f 2339//3058 661//3058 2340//3058 
f 661//3059 658//3059 2340//3059 
f 2340//3060 658//3060 2341//3060 
f 658//3061 656//3061 2341//3061 
f 2341//3062 656//3062 2342//3062 
f 656//3063 653//3063 2342//3063 
f 2342//3064 653//3064 2343//3064 
f 653//3065 650//3065 2343//3065 
f 2343//3066 650//3066 2344//3066 
f 650//3067 629//3067 2344//3067 
f 2344//3068 629//3068 2345//3068 
f 629//3069 628//3069 2345//3069 
f 2345//3070 628//3070 2346//3070 
f 628//3071 630//3071 2346//3071 
f 2346//3072 630//3072 2347//3072 
f 630//3073 631//3073 2347//3073 
f 2347//3074 631//3074 2348//3074 
f 631//3075 632//3075 2348//3075 
f 2348//3076 632//3076 2349//3076 
f 632//3077 633//3077 2349//3077 
f 2349//3078 633//3078 2350//3078 
f 633//3079 634//3079 2350//3079 
f 2350//3080 634//3080 2351//3080 
f 634//3081 635//3081 2351//3081 
f 2351//3082 635//3082 2352//3082 
f 635//3083 636//3083 2352//3083 
f 2352//3084 636//3084 2353//3084 
f 636//3085 637//3085 2353//3085 
f 2353//3086 637//3086 2354//3086 
f 2354//3087 638//3087 2355//3087 
f 637//3088 638//3088 2354//3088 
f 2355//3089 639//3089 2356//3089 
f 638//3090 639//3090 2355//3090 
f 2356//3091 640//3091 2357//3091 
f 639//3092 640//3092 2356//3092 
f 2357//3093 641//3093 2358//3093 
f 640//3094 641//3094 2357//3094 
f 641//3095 642//3095 2358//3095 
f 2358//3096 642//3096 2359//3096 
f 642//3097 643//3097 2359//3097 
f 2359//3098 643//3098 2360//3098 
f 643//3099 644//3099 2360//3099 
f 2360//3100 644//3100 2361//3100 
f 644//3101 645//3101 2361//3101 
f 2361//3102 645//3102 2362//3102 
f 645//3103 646//3103 2362//3103 
f 2362//3104 646//3104 2363//3104 
f 646//3105 647//3105 2363//3105 
f 2363//3106 647//3106 2364//3106 
f 647//3107 648//3107 2364//3107 
f 2364//3108 648//3108 2365//3108 
f 648//3109 901//3109 2365//3109 
f 2365//3110 901//3110 2366//3110 
f 901//3111 582//3111 2366//3111 
f 2366//3112 582//3112 2367//3112 
f 582//3113 581//3113 2367//3113 
f 2367//3114 581//3114 2368//3114 
f 581//3115 578//3115 2368//3115 
f 2368//3116 578//3116 2369//3116 
f 578//3117 576//3117 2369//3117 
f 2369//3118 576//3118 2370//3118 
f 2370//3119 576//3119 2371//3119 
f 576//3120 574//3120 2371//3120 
f 2371//3121 572//3121 2372//3121 
f 574//3122 572//3122 2371//3122 
f 2372//3123 569//3123 2373//3123 
f 572//3124 569//3124 2372//3124 
f 2373//3125 565//3125 2374//3125 
f 569//3126 565//3126 2373//3126 
f 2374//3127 562//3127 2375//3127 
f 565//3128 562//3128 2374//3128 
f 2375//3129 559//3129 2376//3129 
f 562//3130 559//3130 2375//3130 
f 2376//3131 564//3131 2377//3131 
f 559//3132 564//3132 2376//3132 
f 2377//3133 567//3133 2378//3133 
f 564//3134 567//3134 2377//3134 
f 2378//3135 571//3135 2379//3135 
f 567//3136 571//3136 2378//3136 
f 2379//3137 585//3137 2380//3137 
f 571//3138 585//3138 2379//3138 
f 2380//3139 586//3139 2381//3139 
f 585//3140 586//3140 2380//3140 
f 2381//3141 587//3141 2382//3141 
f 586//3142 587//3142 2381//3142 
f 2382//3143 588//3143 2383//3143 
f 587//3144 588//3144 2382//3144 
f 2383//3145 589//3145 2384//3145 
f 588//3146 589//3146 2383//3146 
f 589//3147 590//3147 2384//3147 
f 2384//3148 590//3148 2385//3148 
f 590//3149 591//3149 2385//3149 
f 2385//3150 591//3150 2386//3150 
f 591//3151 592//3151 2386//3151 
f 2386//3152 592//3152 2387//3152 
f 592//3153 593//3153 2387//3153 
f 2387//3154 593//3154 2388//3154 
f 2388//3155 594//3155 2389//3155 
f 593//3156 594//3156 2388//3156 
f 2389//3157 595//3157 2390//3157 
f 594//3158 595//3158 2389//3158 
f 2390//3159 596//3159 2391//3159 
f 595//3160 596//3160 2390//3160 
f 2391//3161 598//3161 2392//3161 
f 596//3162 598//3162 2391//3162 
f 2392//3163 600//3163 2393//3163 
f 598//3164 600//3164 2392//3164 
f 2393//3165 602//3165 2394//3165 
f 600//3166 602//3166 2393//3166 
f 2394//3167 604//3167 2395//3167 
f 602//3168 604//3168 2394//3168 
f 2395//3169 606//3169 2396//3169 
f 604//3170 606//3170 2395//3170 
f 2396//3171 608//3171 2397//3171 
f 606//3172 608//3172 2396//3172 
f 2397//3173 610//3173 2398//3173 
f 608//3174 610//3174 2397//3174 
f 2398//3175 612//3175 2399//3175 
f 610//3176 612//3176 2398//3176 
f 2399//3177 614//3177 2400//3177 
f 612//3178 614//3178 2399//3178 
f 2400//3179 616//3179 2401//3179 
f 614//3180 616//3180 2400//3180 
f 2401//3181 618//3181 2402//3181 
f 616//3182 618//3182 2401//3182 
f 2402//3183 620//3183 2403//3183 
f 618//3184 620//3184 2402//3184 
f 2403//3185 622//3185 2404//3185 
f 620//3186 622//3186 2403//3186 
f 2404//3187 623//3187 2405//3187 
f 622//3188 623//3188 2404//3188 
f 2405//3189 625//3189 2406//3189 
f 623//3190 625//3190 2405//3190 
f 2406//3191 627//3191 2407//3191 
f 625//3192 627//3192 2406//3192 
f 2407//3193 651//3193 2408//3193 
f 627//3194 651//3194 2407//3194 
f 651//3195 654//3195 2408//3195 
f 2408//3196 654//3196 2409//3196 
f 654//3197 657//3197 2409//3197 
f 2409//3198 657//3198 2410//3198 
f 657//3199 660//3199 2410//3199 
f 2410//3200 660//3200 2411//3200 
f 660//3201 663//3201 2411//3201 
f 2411//3202 663//3202 2412//3202 
f 663//3203 666//3203 2412//3203 
f 2412//3204 666//3204 2413//3204 
f 666//3205 669//3205 2413//3205 
f 2413//3206 669//3206 2414//3206 
f 669//3207 672//3207 2414//3207 
f 2414//3208 672//3208 2415//3208 
f 672//3209 675//3209 2415//3209 
f 2415//3210 675//3210 2416//3210 
f 675//3211 678//3211 2416//3211 
f 2416//3212 678//3212 2417//3212 
f 678//3213 681//3213 2417//3213 
f 2417//3214 681//3214 2418//3214 
f 681//3215 683//3215 2418//3215 
f 2418//3216 683//3216 2419//3216 
f 683//3217 686//3217 2419//3217 
f 2419//3218 686//3218 2420//3218 
f 686//3219 689//3219 2420//3219 
f 2420//3220 689//3220 2421//3220 
f 2421//3221 692//3221 2422//3221 
f 689//3222 692//3222 2421//3222 
f 2422//3223 695//3223 2297//3223 
f 692//3224 695//3224 2422//3224 
f 848//3225 861//3225 2423//3225 
f 2423//3226 861//3226 2424//3226 
f 2424//3227 862//3227 2425//3227 
f 861//3228 862//3228 2424//3228 
f 2425//3229 863//3229 2426//3229 
f 862//3230 863//3230 2425//3230 
f 2426//3231 864//3231 2427//3231 
f 863//3232 864//3232 2426//3232 
f 2427//3233 865//3233 2428//3233 
f 864//3234 865//3234 2427//3234 
f 2428//3235 866//3235 2429//3235 
f 2429//3236 866//3236 2430//3236 
f 865//3237 866//3237 2428//3237 
f 866//3238 867//3238 2430//3238 
f 2430//3239 868//3239 2431//3239 
f 867//3240 868//3240 2430//3240 
f 2431//3241 869//3241 2432//3241 
f 868//3242 869//3242 2431//3242 
f 2432//3243 870//3243 2433//3243 
f 869//3244 870//3244 2432//3244 
f 870//3245 871//3245 2433//3245 
f 2433//3246 871//3246 2434//3246 
f 871//3247 872//3247 2434//3247 
f 2434//3248 872//3248 2435//3248 
f 872//3249 873//3249 2435//3249 
f 2435//3250 873//3250 2436//3250 
f 873//3251 874//3251 2436//3251 
f 2436//3252 874//3252 2437//3252 
f 874//3253 875//3253 2437//3253 
f 2437//3254 875//3254 2438//3254 
f 875//3255 876//3255 2438//3255 
f 2438//3256 876//3256 2439//3256 
f 876//3257 877//3257 2439//3257 
f 2439//3258 877//3258 2440//3258 
f 877//3259 878//3259 2440//3259 
f 2440//3260 878//3260 2441//3260 
f 878//3261 879//3261 2441//3261 
f 2441//3262 879//3262 2442//3262 
f 2442//3263 879//3263 2443//3263 
f 879//3264 880//3264 2443//3264 
f 2443//3265 880//3265 2444//3265 
f 880//3266 883//3266 2444//3266 
f 883//3267 885//3267 2444//3267 
f 2444//3268 885//3268 2445//3268 
f 2445//3269 847//3269 2446//3269 
f 885//3270 847//3270 2445//3270 
f 2446//3271 846//3271 2447//3271 
f 847//3272 846//3272 2446//3272 
f 2447//3273 849//3273 2448//3273 
f 846//3274 849//3274 2447//3274 
f 2448//3275 850//3275 2449//3275 
f 849//3276 850//3276 2448//3276 
f 2449//3277 851//3277 2450//3277 
f 850//3278 851//3278 2449//3278 
f 2450//3279 852//3279 2451//3279 
f 851//3280 852//3280 2450//3280 
f 2451//3281 853//3281 2452//3281 
f 852//3282 853//3282 2451//3282 
f 2452//3283 854//3283 2453//3283 
f 853//3284 854//3284 2452//3284 
f 2453//3285 855//3285 2454//3285 
f 854//3286 855//3286 2453//3286 
f 2454//3287 856//3287 2455//3287 
f 2455//3288 856//3288 2456//3288 
f 855//3289 856//3289 2454//3289 
f 856//3290 857//3290 2456//3290 
f 2456//3291 858//3291 2457//3291 
f 857//3292 858//3292 2456//3292 
f 2457//3293 859//3293 2458//3293 
f 858//3294 859//3294 2457//3294 
f 2458//3295 860//3295 2459//3295 
f 859//3296 860//3296 2458//3296 
f 860//3297 893//3297 2459//3297 
f 2459//3298 893//3298 2460//3298 
f 893//3299 894//3299 2460//3299 
f 2460//3300 894//3300 2461//3300 
f 894//3301 895//3301 2461//3301 
f 2461//3302 895//3302 2462//3302 
f 895//3303 896//3303 2462//3303 
f 2462//3304 896//3304 2463//3304 
f 896//3305 897//3305 2463//3305 
f 2463//3306 897//3306 2464//3306 
f 2464//3307 897//3307 2465//3307 
f 897//3308 898//3308 2465//3308 
f 898//3309 899//3309 2465//3309 
f 2465//3310 899//3310 2466//3310 
f 899//3311 830//3311 2466//3311 
f 2466//3312 830//3312 2467//3312 
f 830//3313 825//3313 2467//3313 
f 2467//3314 825//3314 2468//3314 
f 825//3315 822//3315 2468//3315 
f 2468//3316 822//3316 2469//3316 
f 822//3317 817//3317 2469//3317 
f 2469//3318 817//3318 2470//3318 
f 817//3319 815//3319 2470//3319 
f 2470//3320 815//3320 2471//3320 
f 815//3321 809//3321 2471//3321 
f 2471//3322 809//3322 2472//3322 
f 809//3323 805//3323 2472//3323 
f 2472//3324 805//3324 2473//3324 
f 805//3325 803//3325 2473//3325 
f 2473//3326 803//3326 2474//3326 
f 803//3327 801//3327 2474//3327 
f 2474//3328 801//3328 2475//3328 
f 801//3329 799//3329 2475//3329 
f 2475//3330 799//3330 2476//3330 
f 799//3331 797//3331 2476//3331 
f 2476//3332 797//3332 2477//3332 
f 797//3333 795//3333 2477//3333 
f 2477//3334 795//3334 2478//3334 
f 795//3335 793//3335 2478//3335 
f 2478//3336 793//3336 2479//3336 
f 793//3337 791//3337 2479//3337 
f 2479//3338 791//3338 2480//3338 
f 2480//3339 789//3339 2481//3339 
f 791//3340 789//3340 2480//3340 
f 2481//3341 787//3341 2482//3341 
f 789//3342 787//3342 2481//3342 
f 2482//3343 785//3343 2483//3343 
f 787//3344 785//3344 2482//3344 
f 2483//3345 783//3345 2484//3345 
f 785//3346 783//3346 2483//3346 
f 783//3347 781//3347 2484//3347 
f 2484//3348 781//3348 2485//3348 
f 781//3349 778//3349 2485//3349 
f 2485//3350 778//3350 2486//3350 
f 778//3351 774//3351 2486//3351 
f 2486//3352 774//3352 2487//3352 
f 774//3353 770//3353 2487//3353 
f 2487//3354 770//3354 2488//3354 
f 770//3355 766//3355 2488//3355 
f 2488//3356 766//3356 2489//3356 
f 766//3357 762//3357 2489//3357 
f 2489//3358 762//3358 2490//3358 
f 762//3359 759//3359 2490//3359 
f 2490//3360 759//3360 2491//3360 
f 759//3361 755//3361 2491//3361 
f 2491//3362 755//3362 2492//3362 
f 755//3363 751//3363 2492//3363 
f 2492//3364 751//3364 2493//3364 
f 751//3365 747//3365 2493//3365 
f 2493//3366 747//3366 2494//3366 
f 747//3367 743//3367 2494//3367 
f 2494//3368 743//3368 2495//3368 
f 743//3369 739//3369 2495//3369 
f 2495//3370 739//3370 2496//3370 
f 2496//3371 739//3371 2497//3371 
f 739//3372 735//3372 2497//3372 
f 2497//3373 731//3373 2498//3373 
f 735//3374 731//3374 2497//3374 
f 2498//3375 728//3375 2499//3375 
f 731//3376 728//3376 2498//3376 
f 2499//3377 724//3377 2500//3377 
f 728//3378 724//3378 2499//3378 
f 2500//3379 720//3379 2501//3379 
f 724//3380 720//3380 2500//3380 
f 2501//3381 717//3381 2502//3381 
f 720//3382 717//3382 2501//3382 
f 2502//3383 722//3383 2503//3383 
f 717//3384 722//3384 2502//3384 
f 2503//3385 726//3385 2504//3385 
f 722//3386 726//3386 2503//3386 
f 2504//3387 730//3387 2505//3387 
f 726//3388 730//3388 2504//3388 
f 2505//3389 733//3389 2506//3389 
f 730//3390 733//3390 2505//3390 
f 2506//3391 737//3391 2507//3391 
f 733//3392 737//3392 2506//3392 
f 2507//3393 741//3393 2508//3393 
f 737//3394 741//3394 2507//3394 
f 2508//3395 745//3395 2509//3395 
f 741//3396 745//3396 2508//3396 
f 2509//3397 749//3397 2510//3397 
f 745//3398 749//3398 2509//3398 
f 749//3399 753//3399 2510//3399 
f 2510//3400 753//3400 2511//3400 
f 753//3401 757//3401 2511//3401 
f 2511//3402 757//3402 2512//3402 
f 757//3403 760//3403 2512//3403 
f 2512//3404 760//3404 2513//3404 
f 760//3405 764//3405 2513//3405 
f 2513//3406 764//3406 2514//3406 
f 2514//3407 768//3407 2515//3407 
f 764//3408 768//3408 2514//3408 
f 2515//3409 772//3409 2516//3409 
f 768//3410 772//3410 2515//3410 
f 2516//3411 776//3411 2517//3411 
f 772//3412 776//3412 2516//3412 
f 2517//3413 780//3413 2518//3413 
f 776//3414 780//3414 2517//3414 
f 2518//3415 782//3415 2519//3415 
f 780//3416 782//3416 2518//3416 
f 2519//3417 784//3417 2520//3417 
f 782//3418 784//3418 2519//3418 
f 2520//3419 786//3419 2521//3419 
f 784//3420 786//3420 2520//3420 
f 2521//3421 788//3421 2522//3421 
f 786//3422 788//3422 2521//3422 
f 2522//3423 790//3423 2523//3423 
f 788//3424 790//3424 2522//3424 
f 2523//3425 792//3425 2524//3425 
f 790//3426 792//3426 2523//3426 
f 2524//3427 794//3427 2525//3427 
f 792//3428 794//3428 2524//3428 
f 2525//3429 796//3429 2526//3429 
f 794//3430 796//3430 2525//3430 
f 2526//3431 798//3431 2527//3431 
f 796//3432 798//3432 2526//3432 
f 2527//3433 800//3433 2528//3433 
f 798//3434 800//3434 2527//3434 
f 2528//3435 802//3435 2529//3435 
f 800//3436 802//3436 2528//3436 
f 2529//3437 804//3437 2530//3437 
f 802//3438 804//3438 2529//3438 
f 2530//3439 807//3439 2531//3439 
f 804//3440 807//3440 2530//3440 
f 2531//3441 812//3441 2532//3441 
f 807//3442 812//3442 2531//3442 
f 2532//3443 816//3443 2533//3443 
f 812//3444 816//3444 2532//3444 
f 2533//3445 819//3445 2534//3445 
f 816//3446 819//3446 2533//3446 
f 819//3447 824//3447 2534//3447 
f 2534//3448 824//3448 2535//3448 
f 824//3449 827//3449 2535//3449 
f 2535//3450 827//3450 2536//3450 
f 827//3451 832//3451 2536//3451 
f 2536//3452 832//3452 2537//3452 
f 832//3453 833//3453 2537//3453 
f 2537//3454 833//3454 2538//3454 
f 833//3455 835//3455 2538//3455 
f 2538//3456 835//3456 2539//3456 
f 835//3457 837//3457 2539//3457 
f 2539//3458 837//3458 2540//3458 
f 837//3459 840//3459 2540//3459 
f 2540//3460 840//3460 2541//3460 
f 840//3461 841//3461 2541//3461 
f 2541//3462 841//3462 2542//3462 
f 841//3463 902//3463 2542//3463 
f 2542//3464 902//3464 2543//3464 
f 902//3465 882//3465 2543//3465 
f 2543//3466 882//3466 2544//3466 
f 882//3467 881//3467 2544//3467 
f 2544//3468 881//3468 2545//3468 
f 881//3469 884//3469 2545//3469 
f 2545//3470 884//3470 2546//3470 
f 884//3471 845//3471 2546//3471 
f 2546//3472 845//3472 2547//3472 
f 2547//3473 844//3473 2548//3473 
f 845//3474 844//3474 2547//3474 
f 2548//3475 848//3475 2423//3475 
f 844//3476 848//3476 2548//3476 
f 2549//3477 2550//3477 1000//3477 
f 1000//3478 2550//3478 998//3478 
f 998//3479 2551//3479 1002//3479 
f 2550//3480 2551//3480 998//3480 
f 1002//3481 2552//3481 1004//3481 
f 2551//3482 2552//3482 1002//3482 
f 1004//3483 2553//3483 1006//3483 
f 2552//3484 2553//3484 1004//3484 
f 1006//3485 2554//3485 1008//3485 
f 2553//3486 2554//3486 1006//3486 
f 1008//3487 2555//3487 1010//3487 
f 2554//3488 2555//3488 1008//3488 
f 1010//3489 2556//3489 1012//3489 
f 2555//3490 2556//3490 1010//3490 
f 1012//3491 2557//3491 1014//3491 
f 2556//3492 2557//3492 1012//3492 
f 1014//3493 2558//3493 1016//3493 
f 1016//3494 2558//3494 1018//3494 
f 2557//3495 2558//3495 1014//3495 
f 2558//3496 2559//3496 1018//3496 
f 2559//3497 2560//3497 1018//3497 
f 1018//3498 2560//3498 1020//3498 
f 2560//3499 2561//3499 1020//3499 
f 1020//3500 2561//3500 1022//3500 
f 1022//3501 2561//3501 1024//3501 
f 2561//3502 2562//3502 1024//3502 
f 2562//3503 2563//3503 1024//3503 
f 1024//3504 2563//3504 1026//3504 
f 2563//3505 2564//3505 1026//3505 
f 1026//3506 2564//3506 1028//3506 
f 1028//3507 2564//3507 1051//3507 
f 2564//3508 2565//3508 1051//3508 
f 2565//3509 2566//3509 1051//3509 
f 1051//3510 2566//3510 1054//3510 
f 2566//3511 2567//3511 1054//3511 
f 1054//3512 2567//3512 1057//3512 
f 2567//3513 2568//3513 1057//3513 
f 1057//3514 2568//3514 1059//3514 
f 2568//3515 2569//3515 1059//3515 
f 1059//3516 2569//3516 1153//3516 
f 2569//3517 2570//3517 1153//3517 
f 1153//3518 2570//3518 1151//3518 
f 1151//3519 2570//3519 1149//3519 
f 2570//3520 2571//3520 1149//3520 
f 1149//3521 2572//3521 1147//3521 
f 2571//3522 2572//3522 1149//3522 
f 1147//3523 2572//3523 1144//3523 
f 2572//3524 2573//3524 1144//3524 
f 1144//3525 2574//3525 1143//3525 
f 1143//3526 2574//3526 1141//3526 
f 2573//3527 2574//3527 1144//3527 
f 2574//3528 2575//3528 1141//3528 
f 1141//3529 2576//3529 1139//3529 
f 2575//3530 2576//3530 1141//3530 
f 1139//3531 2577//3531 1137//3531 
f 1137//3532 2577//3532 1134//3532 
f 2576//3533 2577//3533 1139//3533 
f 2577//3534 2578//3534 1134//3534 
f 1134//3535 2579//3535 1132//3535 
f 2578//3536 2579//3536 1134//3536 
f 1132//3537 2580//3537 1130//3537 
f 2579//3538 2580//3538 1132//3538 
f 1130//3539 2581//3539 1128//3539 
f 1128//3540 2581//3540 1126//3540 
f 2580//3541 2581//3541 1130//3541 
f 2581//3542 2582//3542 1126//3542 
f 1126//3543 2583//3543 1124//3543 
f 2582//3544 2583//3544 1126//3544 
f 1124//3545 2584//3545 1122//3545 
f 2583//3546 2584//3546 1124//3546 
f 1122//3547 2585//3547 1120//3547 
f 2584//3548 2585//3548 1122//3548 
f 2585//3549 2586//3549 1120//3549 
f 1120//3550 2586//3550 1119//3550 
f 1119//3551 2586//3551 1117//3551 
f 2586//3552 2587//3552 1117//3552 
f 2587//3553 2588//3553 1117//3553 
f 1117//3554 2588//3554 1113//3554 
f 1113//3555 2588//3555 1109//3555 
f 2588//3556 2589//3556 1109//3556 
f 2589//3557 2590//3557 1109//3557 
f 1109//3558 2590//3558 1105//3558 
f 2590//3559 2591//3559 1105//3559 
f 1105//3560 2591//3560 1101//3560 
f 1101//3561 2591//3561 1094//3561 
f 2591//3562 2592//3562 1094//3562 
f 2592//3563 2593//3563 1094//3563 
f 1094//3564 2593//3564 1093//3564 
f 2593//3565 2594//3565 1093//3565 
f 1093//3566 2594//3566 1089//3566 
f 2594//3567 2595//3567 1089//3567 
f 1089//3568 2595//3568 1082//3568 
f 2595//3569 2596//3569 1082//3569 
f 1082//3570 2596//3570 1080//3570 
f 2596//3571 2597//3571 1080//3571 
f 1080//3572 2597//3572 1084//3572 
f 2597//3573 2598//3573 1084//3573 
f 1084//3574 2598//3574 1086//3574 
f 1086//3575 2598//3575 1091//3575 
f 2598//3576 2599//3576 1091//3576 
f 2599//3577 2600//3577 1091//3577 
f 1091//3578 2600//3578 1095//3578 
f 1095//3579 2600//3579 1099//3579 
f 2600//3580 2601//3580 1099//3580 
f 1099//3581 2601//3581 1103//3581 
f 2601//3582 2602//3582 1103//3582 
f 2602//3583 2603//3583 1103//3583 
f 1103//3584 2603//3584 1106//3584 
f 2603//3585 2604//3585 1106//3585 
f 1106//3586 2604//3586 1110//3586 
f 2604//3587 2605//3587 1110//3587 
f 1110//3588 2605//3588 1115//3588 
f 2605//3589 2606//3589 1115//3589 
f 1115//3590 2606//3590 1391//3590 
f 1391//3591 2606//3591 945//3591 
f 2606//3592 2607//3592 945//3592 
f 945//3593 2608//3593 943//3593 
f 2607//3594 2608//3594 945//3594 
f 943//3595 2609//3595 941//3595 
f 2608//3596 2609//3596 943//3596 
f 941//3597 2610//3597 939//3597 
f 2609//3598 2610//3598 941//3598 
f 2610//3599 2611//3599 939//3599 
f 939//3600 2611//3600 937//3600 
f 2611//3601 2612//3601 937//3601 
f 937//3602 2612//3602 935//3602 
f 935//3603 2612//3603 933//3603 
f 2612//3604 2613//3604 933//3604 
f 2613//3605 2614//3605 933//3605 
f 933//3606 2614//3606 931//3606 
f 931//3607 2614//3607 929//3607 
f 2614//3608 2615//3608 929//3608 
f 2615//3609 2616//3609 929//3609 
f 929//3610 2616//3610 927//3610 
f 2616//3611 2617//3611 927//3611 
f 927//3612 2617//3612 925//3612 
f 925//3613 2617//3613 923//3613 
f 2617//3614 2618//3614 923//3614 
f 2618//3615 2619//3615 923//3615 
f 923//3616 2619//3616 921//3616 
f 2619//3617 2620//3617 921//3617 
f 921//3618 2620//3618 919//3618 
f 2620//3619 2621//3619 919//3619 
f 919//3620 2621//3620 917//3620 
f 917//3621 2621//3621 915//3621 
f 2621//3622 2622//3622 915//3622 
f 915//3623 2622//3623 913//3623 
f 2622//3624 2623//3624 913//3624 
f 913//3625 2624//3625 911//3625 
f 2623//3626 2624//3626 913//3626 
f 911//3627 2625//3627 909//3627 
f 2624//3628 2625//3628 911//3628 
f 909//3629 2626//3629 907//3629 
f 2625//3630 2626//3630 909//3630 
f 907//3631 2627//3631 904//3631 
f 904//3632 2627//3632 905//3632 
f 2626//3633 2627//3633 907//3633 
f 905//3634 2628//3634 906//3634 
f 2627//3635 2628//3635 905//3635 
f 2628//3636 2629//3636 906//3636 
f 906//3637 2630//3637 908//3637 
f 2629//3638 2630//3638 906//3638 
f 908//3639 2631//3639 910//3639 
f 2630//3640 2631//3640 908//3640 
f 910//3641 2632//3641 912//3641 
f 2631//3642 2632//3642 910//3642 
f 912//3643 2633//3643 914//3643 
f 2632//3644 2633//3644 912//3644 
f 914//3645 2634//3645 916//3645 
f 916//3646 2634//3646 918//3646 
f 2633//3647 2634//3647 914//3647 
f 2634//3648 2635//3648 918//3648 
f 918//3649 2636//3649 920//3649 
f 2635//3650 2636//3650 918//3650 
f 2636//3651 2637//3651 920//3651 
f 920//3652 2637//3652 922//3652 
f 2637//3653 2638//3653 922//3653 
f 922//3654 2638//3654 924//3654 
f 2638//3655 2639//3655 924//3655 
f 924//3656 2639//3656 926//3656 
f 2639//3657 2640//3657 926//3657 
f 926//3658 2640//3658 928//3658 
f 928//3659 2640//3659 930//3659 
f 2640//3660 2641//3660 930//3660 
f 930//3661 2642//3661 932//3661 
f 2641//3662 2642//3662 930//3662 
f 932//3663 2643//3663 934//3663 
f 2642//3664 2643//3664 932//3664 
f 934//3665 2644//3665 936//3665 
f 2643//3666 2644//3666 934//3666 
f 936//3667 2645//3667 938//3667 
f 2644//3668 2645//3668 936//3668 
f 938//3669 2646//3669 940//3669 
f 2645//3670 2646//3670 938//3670 
f 940//3671 2647//3671 942//3671 
f 2646//3672 2647//3672 940//3672 
f 942//3673 2648//3673 944//3673 
f 2647//3674 2648//3674 942//3674 
f 944//3675 2649//3675 946//3675 
f 2648//3676 2649//3676 944//3676 
f 946//3677 2650//3677 981//3677 
f 2649//3678 2650//3678 946//3678 
f 981//3679 2651//3679 979//3679 
f 2650//3680 2651//3680 981//3680 
f 979//3681 2652//3681 976//3681 
f 2651//3682 2652//3682 979//3682 
f 976//3683 2653//3683 973//3683 
f 2652//3684 2653//3684 976//3684 
f 973//3685 2654//3685 968//3685 
f 2653//3686 2654//3686 973//3686 
f 968//3687 2655//3687 964//3687 
f 964//3688 2655//3688 960//3688 
f 2654//3689 2655//3689 968//3689 
f 2655//3690 2656//3690 960//3690 
f 960//3691 2657//3691 956//3691 
f 956//3692 2657//3692 952//3692 
f 2656//3693 2657//3693 960//3693 
f 2657//3694 2658//3694 952//3694 
f 952//3695 2658//3695 949//3695 
f 2658//3696 2659//3696 949//3696 
f 949//3697 2660//3697 947//3697 
f 2659//3698 2660//3698 949//3698 
f 2660//3699 2661//3699 947//3699 
f 947//3700 2661//3700 953//3700 
f 953//3701 2661//3701 957//3701 
f 2661//3702 2662//3702 957//3702 
f 957//3703 2663//3703 961//3703 
f 961//3704 2663//3704 965//3704 
f 2662//3705 2663//3705 957//3705 
f 2663//3706 2664//3706 965//3706 
f 965//3707 2664//3707 969//3707 
f 2664//3708 2665//3708 969//3708 
f 2665//3709 2666//3709 969//3709 
f 969//3710 2666//3710 971//3710 
f 971//3711 2666//3711 977//3711 
f 2666//3712 2667//3712 977//3712 
f 2667//3713 2668//3713 977//3713 
f 977//3714 2668//3714 982//3714 
f 982//3715 2668//3715 984//3715 
f 2668//3716 2669//3716 984//3716 
f 2669//3717 2670//3717 984//3717 
f 984//3718 2670//3718 988//3718 
f 2670//3719 2671//3719 988//3719 
f 988//3720 2671//3720 991//3720 
f 2671//3721 2672//3721 991//3721 
f 991//3722 2672//3722 992//3722 
f 2672//3723 2673//3723 992//3723 
f 992//3724 2673//3724 994//3724 
f 994//3725 2673//3725 997//3725 
f 2673//3726 2674//3726 997//3726 
f 997//3727 2549//3727 1000//3727 
f 2674//3728 2549//3728 997//3728 
f 2675//3729 2676//3729 1074//3729 
f 1074//3730 2676//3730 1075//3730 
f 1075//3731 2677//3731 1076//3731 
f 2676//3732 2677//3732 1075//3732 
f 1076//3733 2678//3733 1077//3733 
f 2677//3734 2678//3734 1076//3734 
f 1077//3735 2679//3735 1078//3735 
f 2678//3736 2679//3736 1077//3736 
f 1078//3737 2680//3737 1079//3737 
f 2679//3738 2680//3738 1078//3738 
f 1079//3739 2681//3739 1394//3739 
f 2680//3740 2681//3740 1079//3740 
f 1394//3741 2682//3741 1347//3741 
f 2681//3742 2682//3742 1394//3742 
f 1347//3743 2683//3743 1345//3743 
f 2682//3744 2683//3744 1347//3744 
f 1345//3745 2684//3745 1343//3745 
f 1343//3746 2684//3746 1341//3746 
f 2683//3747 2684//3747 1345//3747 
f 2684//3748 2685//3748 1341//3748 
f 2685//3749 2686//3749 1341//3749 
f 1341//3750 2686//3750 1338//3750 
f 2686//3751 2687//3751 1338//3751 
f 1338//3752 2687//3752 1336//3752 
f 1336//3753 2687//3753 1333//3753 
f 2687//3754 2688//3754 1333//3754 
f 2688//3755 2689//3755 1333//3755 
f 1333//3756 2689//3756 1326//3756 
f 2689//3757 2690//3757 1326//3757 
f 1326//3758 2690//3758 1325//3758 
f 1325//3759 2690//3759 1321//3759 
f 2690//3760 2691//3760 1321//3760 
f 2691//3761 2692//3761 1321//3761 
f 1321//3762 2692//3762 1317//3762 
f 2692//3763 2693//3763 1317//3763 
f 1317//3764 2693//3764 1313//3764 
f 2693//3765 2694//3765 1313//3765 
f 1313//3766 2694//3766 1309//3766 
f 2694//3767 2695//3767 1309//3767 
f 1309//3768 2695//3768 1302//3768 
f 2695//3769 2696//3769 1302//3769 
f 1302//3770 2696//3770 1300//3770 
f 1300//3771 2696//3771 1298//3771 
f 2696//3772 2697//3772 1298//3772 
f 1298//3773 2698//3773 1293//3773 
f 2697//3774 2698//3774 1298//3774 
f 1293//3775 2698//3775 1286//3775 
f 2698//3776 2699//3776 1286//3776 
f 1286//3777 2700//3777 1282//3777 
f 1282//3778 2700//3778 1278//3778 
f 2699//3779 2700//3779 1286//3779 
f 2700//3780 2701//3780 1278//3780 
f 1278//3781 2702//3781 1274//3781 
f 2701//3782 2702//3782 1278//3782 
f 1274//3783 2703//3783 1270//3783 
f 1270//3784 2703//3784 1269//3784 
f 2702//3785 2703//3785 1274//3785 
f 2703//3786 2704//3786 1269//3786 
f 1269//3787 2705//3787 1263//3787 
f 2704//3788 2705//3788 1269//3788 
f 1263//3789 2706//3789 1262//3789 
f 2705//3790 2706//3790 1263//3790 
f 1262//3791 2707//3791 1257//3791 
f 1257//3792 2707//3792 1253//3792 
f 2706//3793 2707//3793 1262//3793 
f 2707//3794 2708//3794 1253//3794 
f 1253//3795 2709//3795 1249//3795 
f 2708//3796 2709//3796 1253//3796 
f 1249//3797 2710//3797 1245//3797 
f 2709//3798 2710//3798 1249//3798 
f 1245//3799 2711//3799 1238//3799 
f 2710//3800 2711//3800 1245//3800 
f 2711//3801 2712//3801 1238//3801 
f 1238//3802 2712//3802 1237//3802 
f 1237//3803 2712//3803 1233//3803 
f 2712//3804 2713//3804 1233//3804 
f 2713//3805 2714//3805 1233//3805 
f 1233//3806 2714//3806 1229//3806 
f 1229//3807 2714//3807 1222//3807 
f 2714//3808 2715//3808 1222//3808 
f 2715//3809 2716//3809 1222//3809 
f 1222//3810 2716//3810 1218//3810 
f 2716//3811 2717//3811 1218//3811 
f 1218//3812 2717//3812 1216//3812 
f 1216//3813 2717//3813 1213//3813 
f 2717//3814 2718//3814 1213//3814 
f 2718//3815 2719//3815 1213//3815 
f 1213//3816 2719//3816 1061//3816 
f 2719//3817 2720//3817 1061//3817 
f 1061//3818 2720//3818 1058//3818 
f 2720//3819 2721//3819 1058//3819 
f 1058//3820 2721//3820 1055//3820 
f 2721//3821 2722//3821 1055//3821 
f 1055//3822 2722//3822 1052//3822 
f 2722//3823 2723//3823 1052//3823 
f 1052//3824 2723//3824 1029//3824 
f 2723//3825 2724//3825 1029//3825 
f 1029//3826 2724//3826 1027//3826 
f 1027//3827 2724//3827 1025//3827 
f 2724//3828 2725//3828 1025//3828 
f 2725//3829 2726//3829 1025//3829 
f 1025//3830 2726//3830 1023//3830 
f 1023//3831 2726//3831 1021//3831 
f 2726//3832 2727//3832 1021//3832 
f 1021//3833 2727//3833 1019//3833 
f 2727//3834 2728//3834 1019//3834 
f 2728//3835 2729//3835 1019//3835 
f 1019//3836 2729//3836 1017//3836 
f 2729//3837 2730//3837 1017//3837 
f 1017//3838 2730//3838 1015//3838 
f 2730//3839 2731//3839 1015//3839 
f 1015//3840 2731//3840 1013//3840 
f 2731//3841 2732//3841 1013//3841 
f 1013//3842 2732//3842 1011//3842 
f 1011//3843 2732//3843 1009//3843 
f 2732//3844 2733//3844 1009//3844 
f 1009//3845 2734//3845 1007//3845 
f 2733//3846 2734//3846 1009//3846 
f 1007//3847 2735//3847 1005//3847 
f 2734//3848 2735//3848 1007//3848 
f 1005//3849 2736//3849 1003//3849 
f 2735//3850 2736//3850 1005//3850 
f 2736//3851 2737//3851 1003//3851 
f 1003//3852 2737//3852 1001//3852 
f 2737//3853 2738//3853 1001//3853 
f 1001//3854 2738//3854 999//3854 
f 999//3855 2738//3855 996//3855 
f 2738//3856 2739//3856 996//3856 
f 2739//3857 2740//3857 996//3857 
f 996//3858 2740//3858 995//3858 
f 995//3859 2740//3859 993//3859 
f 2740//3860 2741//3860 993//3860 
f 2741//3861 2742//3861 993//3861 
f 993//3862 2742//3862 990//3862 
f 2742//3863 2743//3863 990//3863 
f 990//3864 2743//3864 989//3864 
f 989//3865 2743//3865 986//3865 
f 2743//3866 2744//3866 986//3866 
f 2744//3867 2745//3867 986//3867 
f 986//3868 2745//3868 983//3868 
f 2745//3869 2746//3869 983//3869 
f 983//3870 2746//3870 978//3870 
f 2746//3871 2747//3871 978//3871 
f 978//3872 2747//3872 974//3872 
f 974//3873 2747//3873 970//3873 
f 2747//3874 2748//3874 970//3874 
f 970//3875 2748//3875 966//3875 
f 2748//3876 2749//3876 966//3876 
f 966//3877 2750//3877 962//3877 
f 2749//3878 2750//3878 966//3878 
f 962//3879 2751//3879 958//3879 
f 2750//3880 2751//3880 962//3880 
f 958//3881 2752//3881 954//3881 
f 2751//3882 2752//3882 958//3882 
f 954//3883 2753//3883 948//3883 
f 948//3884 2753//3884 950//3884 
f 2752//3885 2753//3885 954//3885 
f 950//3886 2754//3886 951//3886 
f 2753//3887 2754//3887 950//3887 
f 2754//3888 2755//3888 951//3888 
f 951//3889 2756//3889 955//3889 
f 2755//3890 2756//3890 951//3890 
f 955//3891 2757//3891 959//3891 
f 2756//3892 2757//3892 955//3892 
f 959//3893 2758//3893 963//3893 
f 2757//3894 2758//3894 959//3894 
f 963//3895 2759//3895 967//3895 
f 2758//3896 2759//3896 963//3896 
f 967//3897 2760//3897 972//3897 
f 972//3898 2760//3898 975//3898 
f 2759//3899 2760//3899 967//3899 
f 2760//3900 2761//3900 975//3900 
f 975//3901 2762//3901 980//3901 
f 2761//3902 2762//3902 975//3902 
f 2762//3903 2763//3903 980//3903 
f 980//3904 2763//3904 985//3904 
f 2763//3905 2764//3905 985//3905 
f 985//3906 2764//3906 987//3906 
f 2764//3907 2765//3907 987//3907 
f 987//3908 2765//3908 1030//3908 
f 2765//3909 2766//3909 1030//3909 
f 1030//3910 2766//3910 1031//3910 
f 1031//3911 2766//3911 1032//3911 
f 2766//3912 2767//3912 1032//3912 
f 1032//3913 2768//3913 1033//3913 
f 2767//3914 2768//3914 1032//3914 
f 1033//3915 2769//3915 1034//3915 
f 2768//3916 2769//3916 1033//3916 
f 1034//3917 2770//3917 1035//3917 
f 2769//3918 2770//3918 1034//3918 
f 1035//3919 2771//3919 1036//3919 
f 2770//3920 2771//3920 1035//3920 
f 1036//3921 2772//3921 1037//3921 
f 2771//3922 2772//3922 1036//3922 
f 1037//3923 2773//3923 1038//3923 
f 2772//3924 2773//3924 1037//3924 
f 1038//3925 2774//3925 1039//3925 
f 2773//3926 2774//3926 1038//3926 
f 1039//3927 2775//3927 1040//3927 
f 2774//3928 2775//3928 1039//3928 
f 1040//3929 2776//3929 1041//3929 
f 2775//3930 2776//3930 1040//3930 
f 1041//3931 2777//3931 1042//3931 
f 2776//3932 2777//3932 1041//3932 
f 1042//3933 2778//3933 1043//3933 
f 2777//3934 2778//3934 1042//3934 
f 1043//3935 2779//3935 1044//3935 
f 2778//3936 2779//3936 1043//3936 
f 1044//3937 2780//3937 1045//3937 
f 2779//3938 2780//3938 1044//3938 
f 1045//3939 2781//3939 1046//3939 
f 1046//3940 2781//3940 1047//3940 
f 2780//3941 2781//3941 1045//3941 
f 2781//3942 2782//3942 1047//3942 
f 1047//3943 2783//3943 1048//3943 
f 1048//3944 2783//3944 1049//3944 
f 2782//3945 2783//3945 1047//3945 
f 2783//3946 2784//3946 1049//3946 
f 1049//3947 2784//3947 1050//3947 
f 2784//3948 2785//3948 1050//3948 
f 1050//3949 2786//3949 1053//3949 
f 2785//3950 2786//3950 1050//3950 
f 2786//3951 2787//3951 1053//3951 
f 1053//3952 2787//3952 1056//3952 
f 1056//3953 2787//3953 1060//3953 
f 2787//3954 2788//3954 1060//3954 
f 1060//3955 2789//3955 1062//3955 
f 1062//3956 2789//3956 1063//3956 
f 2788//3957 2789//3957 1060//3957 
f 2789//3958 2790//3958 1063//3958 
f 1063//3959 2790//3959 1064//3959 
f 2790//3960 2791//3960 1064//3960 
f 2791//3961 2792//3961 1064//3961 
f 1064//3962 2792//3962 1065//3962 
f 1065//3963 2792//3963 1066//3963 
f 2792//3964 2793//3964 1066//3964 
f 2793//3965 2794//3965 1066//3965 
f 1066//3966 2794//3966 1067//3966 
f 1067//3967 2794//3967 1068//3967 
f 2794//3968 2795//3968 1068//3968 
f 2795//3969 2796//3969 1068//3969 
f 1068//3970 2796//3970 1069//3970 
f 2796//3971 2797//3971 1069//3971 
f 1069//3972 2797//3972 1070//3972 
f 2797//3973 2798//3973 1070//3973 
f 1070//3974 2798//3974 1071//3974 
f 2798//3975 2799//3975 1071//3975 
f 1071//3976 2799//3976 1072//3976 
f 1072//3977 2799//3977 1073//3977 
f 2799//3978 2800//3978 1073//3978 
f 1073//3979 2675//3979 1074//3979 
f 2800//3980 2675//3980 1073//3980 
f 2801//3981 2802//3981 1260//3981 
f 1260//3982 2802//3982 1259//3982 
f 1259//3983 2803//3983 1265//3983 
f 2802//3984 2803//3984 1259//3984 
f 1265//3985 2804//3985 1272//3985 
f 2803//3986 2804//3986 1265//3986 
f 1272//3987 2805//3987 1275//3987 
f 2804//3988 2805//3988 1272//3988 
f 1275//3989 2806//3989 1280//3989 
f 2805//3990 2806//3990 1275//3990 
f 1280//3991 2807//3991 1284//3991 
f 2806//3992 2807//3992 1280//3992 
f 1284//3993 2808//3993 1288//3993 
f 2807//3994 2808//3994 1284//3994 
f 1288//3995 2809//3995 1291//3995 
f 2808//3996 2809//3996 1288//3996 
f 1291//3997 2810//3997 1295//3997 
f 1295//3998 2810//3998 1296//3998 
f 2809//3999 2810//3999 1291//3999 
f 2810//4000 2811//4000 1296//4000 
f 2811//4001 2812//4001 1296//4001 
f 1296//4002 2812//4002 1304//4002 
f 2812//4003 2813//4003 1304//4003 
f 1304//4004 2813//4004 1306//4004 
f 1306//4005 2813//4005 1310//4005 
f 2813//4006 2814//4006 1310//4006 
f 2814//4007 2815//4007 1310//4007 
f 1310//4008 2815//4008 1314//4008 
f 2815//4009 2816//4009 1314//4009 
f 1314//4010 2816//4010 1318//4010 
f 1318//4011 2816//4011 1322//4011 
f 2816//4012 2817//4012 1322//4012 
f 2817//4013 2818//4013 1322//4013 
f 1322//4014 2818//4014 1327//4014 
f 2818//4015 2819//4015 1327//4015 
f 1327//4016 2819//4016 1331//4016 
f 2819//4017 2820//4017 1331//4017 
f 1331//4018 2820//4018 1334//4018 
f 2820//4019 2821//4019 1334//4019 
f 1334//4020 2821//4020 1401//4020 
f 2821//4021 2822//4021 1401//4021 
f 1401//4022 2822//4022 1400//4022 
f 1400//4023 2822//4023 1399//4023 
f 2822//4024 2823//4024 1399//4024 
f 1399//4025 2824//4025 1398//4025 
f 2823//4026 2824//4026 1399//4026 
f 1398//4027 2824//4027 1397//4027 
f 2824//4028 2825//4028 1397//4028 
f 1397//4029 2826//4029 1396//4029 
f 1396//4030 2826//4030 1395//4030 
f 2825//4031 2826//4031 1397//4031 
f 2826//4032 2827//4032 1395//4032 
f 1395//4033 2828//4033 1196//4033 
f 2827//4034 2828//4034 1395//4034 
f 1196//4035 2829//4035 1195//4035 
f 1195//4036 2829//4036 1194//4036 
f 2828//4037 2829//4037 1196//4037 
f 2829//4038 2830//4038 1194//4038 
f 1194//4039 2831//4039 1193//4039 
f 2830//4040 2831//4040 1194//4040 
f 1193//4041 2832//4041 1192//4041 
f 2831//4042 2832//4042 1193//4042 
f 1192//4043 2833//4043 1191//4043 
f 1191//4044 2833//4044 1190//4044 
f 2832//4045 2833//4045 1192//4045 
f 2833//4046 2834//4046 1190//4046 
f 1190//4047 2835//4047 1189//4047 
f 2834//4048 2835//4048 1190//4048 
f 1189//4049 2836//4049 1188//4049 
f 2835//4050 2836//4050 1189//4050 
f 1188//4051 2837//4051 1187//4051 
f 2836//4052 2837//4052 1188//4052 
f 2837//4053 2838//4053 1187//4053 
f 1187//4054 2838//4054 1186//4054 
f 1186//4055 2838//4055 1185//4055 
f 2838//4056 2839//4056 1185//4056 
f 2839//4057 2840//4057 1185//4057 
f 1185//4058 2840//4058 1184//4058 
f 1184//4059 2840//4059 1183//4059 
f 2840//4060 2841//4060 1183//4060 
f 2841//4061 2842//4061 1183//4061 
f 1183//4062 2842//4062 1182//4062 
f 2842//4063 2843//4063 1182//4063 
f 1182//4064 2843//4064 1181//4064 
f 1181//4065 2843//4065 1180//4065 
f 2843//4066 2844//4066 1180//4066 
f 2844//4067 2845//4067 1180//4067 
f 1180//4068 2845//4068 1179//4068 
f 2845//4069 2846//4069 1179//4069 
f 1179//4070 2846//4070 1178//4070 
f 2846//4071 2847//4071 1178//4071 
f 1178//4072 2847//4072 1177//4072 
f 2847//4073 2848//4073 1177//4073 
f 1177//4074 2848//4074 1176//4074 
f 2848//4075 2849//4075 1176//4075 
f 1176//4076 2849//4076 1156//4076 
f 2849//4077 2850//4077 1156//4077 
f 1156//4078 2850//4078 1155//4078 
f 1155//4079 2850//4079 1157//4079 
f 2850//4080 2851//4080 1157//4080 
f 2851//4081 2852//4081 1157//4081 
f 1157//4082 2852//4082 1158//4082 
f 1158//4083 2852//4083 1159//4083 
f 2852//4084 2853//4084 1159//4084 
f 1159//4085 2853//4085 1160//4085 
f 2853//4086 2854//4086 1160//4086 
f 2854//4087 2855//4087 1160//4087 
f 1160//4088 2855//4088 1161//4088 
f 2855//4089 2856//4089 1161//4089 
f 1161//4090 2856//4090 1162//4090 
f 2856//4091 2857//4091 1162//4091 
f 1162//4092 2857//4092 1163//4092 
f 2857//4093 2858//4093 1163//4093 
f 1163//4094 2858//4094 1164//4094 
f 1164//4095 2858//4095 1165//4095 
f 2858//4096 2859//4096 1165//4096 
f 1165//4097 2860//4097 1166//4097 
f 2859//4098 2860//4098 1165//4098 
f 1166//4099 2861//4099 1167//4099 
f 2860//4100 2861//4100 1166//4100 
f 1167//4101 2862//4101 1168//4101 
f 2861//4102 2862//4102 1167//4102 
f 2862//4103 2863//4103 1168//4103 
f 1168//4104 2863//4104 1169//4104 
f 2863//4105 2864//4105 1169//4105 
f 1169//4106 2864//4106 1170//4106 
f 1170//4107 2864//4107 1171//4107 
f 2864//4108 2865//4108 1171//4108 
f 2865//4109 2866//4109 1171//4109 
f 1171//4110 2866//4110 1172//4110 
f 1172//4111 2866//4111 1173//4111 
f 2866//4112 2867//4112 1173//4112 
f 2867//4113 2868//4113 1173//4113 
f 1173//4114 2868//4114 1174//4114 
f 2868//4115 2869//4115 1174//4115 
f 1174//4116 2869//4116 1175//4116 
f 1175//4117 2869//4117 1392//4117 
f 2869//4118 2870//4118 1392//4118 
f 2870//4119 2871//4119 1392//4119 
f 1392//4120 2871//4120 1114//4120 
f 2871//4121 2872//4121 1114//4121 
f 1114//4122 2872//4122 1111//4122 
f 2872//4123 2873//4123 1111//4123 
f 1111//4124 2873//4124 1107//4124 
f 1107//4125 2873//4125 1102//4125 
f 2873//4126 2874//4126 1102//4126 
f 1102//4127 2874//4127 1098//4127 
f 2874//4128 2875//4128 1098//4128 
f 1098//4129 2876//4129 1096//4129 
f 2875//4130 2876//4130 1098//4130 
f 1096//4131 2877//4131 1090//4131 
f 2876//4132 2877//4132 1096//4132 
f 1090//4133 2878//4133 1087//4133 
f 2877//4134 2878//4134 1090//4134 
f 1087//4135 2879//4135 1083//4135 
f 1083//4136 2879//4136 1081//4136 
f 2878//4137 2879//4137 1087//4137 
f 1081//4138 2880//4138 1085//4138 
f 2879//4139 2880//4139 1081//4139 
f 2880//4140 2881//4140 1085//4140 
f 1085//4141 2882//4141 1088//4141 
f 2881//4142 2882//4142 1085//4142 
f 1088//4143 2883//4143 1092//4143 
f 2882//4144 2883//4144 1088//4144 
f 1092//4145 2884//4145 1097//4145 
f 2883//4146 2884//4146 1092//4146 
f 1097//4147 2885//4147 1100//4147 
f 2884//4148 2885//4148 1097//4148 
f 1100//4149 2886//4149 1104//4149 
f 1104//4150 2886//4150 1108//4150 
f 2885//4151 2886//4151 1100//4151 
f 2886//4152 2887//4152 1108//4152 
f 1108//4153 2888//4153 1112//4153 
f 2887//4154 2888//4154 1108//4154 
f 2888//4155 2889//4155 1112//4155 
f 1112//4156 2889//4156 1116//4156 
f 2889//4157 2890//4157 1116//4157 
f 1116//4158 2890//4158 1118//4158 
f 2890//4159 2891//4159 1118//4159 
f 1118//4160 2891//4160 1121//4160 
f 2891//4161 2892//4161 1121//4161 
f 1121//4162 2892//4162 1123//4162 
f 1123//4163 2892//4163 1125//4163 
f 2892//4164 2893//4164 1125//4164 
f 1125//4165 2894//4165 1127//4165 
f 2893//4166 2894//4166 1125//4166 
f 1127//4167 2895//4167 1129//4167 
f 2894//4168 2895//4168 1127//4168 
f 1129//4169 2896//4169 1131//4169 
f 2895//4170 2896//4170 1129//4170 
f 1131//4171 2897//4171 1133//4171 
f 2896//4172 2897//4172 1131//4172 
f 1133//4173 2898//4173 1135//4173 
f 2897//4174 2898//4174 1133//4174 
f 1135//4175 2899//4175 1136//4175 
f 2898//4176 2899//4176 1135//4176 
f 1136//4177 2900//4177 1138//4177 
f 2899//4178 2900//4178 1136//4178 
f 1138//4179 2901//4179 1140//4179 
f 2900//4180 2901//4180 1138//4180 
f 1140//4181 2902//4181 1142//4181 
f 2901//4182 2902//4182 1140//4182 
f 1142//4183 2903//4183 1145//4183 
f 2902//4184 2903//4184 1142//4184 
f 1145//4185 2904//4185 1146//4185 
f 2903//4186 2904//4186 1145//4186 
f 1146//4187 2905//4187 1148//4187 
f 2904//4188 2905//4188 1146//4188 
f 1148//4189 2906//4189 1150//4189 
f 2905//4190 2906//4190 1148//4190 
f 1150//4191 2907//4191 1152//4191 
f 1152//4192 2907//4192 1154//4192 
f 2906//4193 2907//4193 1150//4193 
f 2907//4194 2908//4194 1154//4194 
f 1154//4195 2909//4195 1204//4195 
f 1204//4196 2909//4196 1203//4196 
f 2908//4197 2909//4197 1154//4197 
f 2909//4198 2910//4198 1203//4198 
f 1203//4199 2910//4199 1197//4199 
f 2910//4200 2911//4200 1197//4200 
f 1197//4201 2912//4201 1200//4201 
f 2911//4202 2912//4202 1197//4202 
f 2912//4203 2913//4203 1200//4203 
f 1200//4204 2913//4204 1201//4204 
f 1201//4205 2913//4205 1208//4205 
f 2913//4206 2914//4206 1208//4206 
f 1208//4207 2915//4207 1211//4207 
f 1211//4208 2915//4208 1214//4208 
f 2914//4209 2915//4209 1208//4209 
f 2915//4210 2916//4210 1214//4210 
f 1214//4211 2916//4211 1220//4211 
f 2916//4212 2917//4212 1220//4212 
f 2917//4213 2918//4213 1220//4213 
f 1220//4214 2918//4214 1224//4214 
f 1224//4215 2918//4215 1226//4215 
f 2918//4216 2919//4216 1226//4216 
f 2919//4217 2920//4217 1226//4217 
f 1226//4218 2920//4218 1230//4218 
f 1230//4219 2920//4219 1234//4219 
f 2920//4220 2921//4220 1234//4220 
f 2921//4221 2922//4221 1234//4221 
f 1234//4222 2922//4222 1239//4222 
f 2922//4223 2923//4223 1239//4223 
f 1239//4224 2923//4224 1241//4224 
f 2923//4225 2924//4225 1241//4225 
f 1241//4226 2924//4226 1247//4226 
f 2924//4227 2925//4227 1247//4227 
f 1247//4228 2925//4228 1251//4228 
f 1251//4229 2925//4229 1255//4229 
f 2925//4230 2926//4230 1255//4230 
f 1255//4231 2801//4231 1260//4231 
f 2926//4232 2801//4232 1255//4232 
f 2927//4233 2928//4233 1357//4233 
f 1357//4234 2928//4234 1370//4234 
f 1370//4235 2929//4235 1371//4235 
f 2928//4236 2929//4236 1370//4236 
f 1371//4237 2930//4237 1372//4237 
f 2929//4238 2930//4238 1371//4238 
f 1372//4239 2931//4239 1373//4239 
f 2930//4240 2931//4240 1372//4240 
f 1373//4241 2932//4241 1374//4241 
f 2931//4242 2932//4242 1373//4242 
f 1374//4243 2933//4243 1375//4243 
f 2932//4244 2933//4244 1374//4244 
f 1375//4245 2934//4245 1376//4245 
f 2933//4246 2934//4246 1375//4246 
f 1376//4247 2935//4247 1377//4247 
f 2934//4248 2935//4248 1376//4248 
f 1377//4249 2936//4249 1378//4249 
f 1378//4250 2936//4250 1379//4250 
f 2935//4251 2936//4251 1377//4251 
f 2936//4252 2937//4252 1379//4252 
f 2937//4253 2938//4253 1379//4253 
f 1379//4254 2938//4254 1380//4254 
f 2938//4255 2939//4255 1380//4255 
f 1380//4256 2939//4256 1381//4256 
f 1381//4257 2939//4257 1382//4257 
f 2939//4258 2940//4258 1382//4258 
f 2940//4259 2941//4259 1382//4259 
f 1382//4260 2941//4260 1383//4260 
f 2941//4261 2942//4261 1383//4261 
f 1383//4262 2942//4262 1384//4262 
f 1384//4263 2942//4263 1385//4263 
f 2942//4264 2943//4264 1385//4264 
f 2943//4265 2944//4265 1385//4265 
f 1385//4266 2944//4266 1386//4266 
f 2944//4267 2945//4267 1386//4267 
f 1386//4268 2945//4268 1387//4268 
f 2945//4269 2946//4269 1387//4269 
f 1387//4270 2946//4270 1388//4270 
f 2946//4271 2947//4271 1388//4271 
f 1388//4272 2947//4272 1389//4272 
f 2947//4273 2948//4273 1389//4273 
f 1389//4274 2948//4274 1352//4274 
f 1352//4275 2948//4275 1351//4275 
f 2948//4276 2949//4276 1351//4276 
f 1351//4277 2950//4277 1354//4277 
f 2949//4278 2950//4278 1351//4278 
f 1354//4279 2950//4279 1356//4279 
f 2950//4280 2951//4280 1356//4280 
f 1356//4281 2952//4281 1358//4281 
f 1358//4282 2952//4282 1359//4282 
f 2951//4283 2952//4283 1356//4283 
f 2952//4284 2953//4284 1359//4284 
f 1359//4285 2954//4285 1360//4285 
f 2953//4286 2954//4286 1359//4286 
f 1360//4287 2955//4287 1361//4287 
f 1361//4288 2955//4288 1362//4288 
f 2954//4289 2955//4289 1360//4289 
f 2955//4290 2956//4290 1362//4290 
f 1362//4291 2957//4291 1363//4291 
f 2956//4292 2957//4292 1362//4292 
f 1363//4293 2958//4293 1364//4293 
f 2957//4294 2958//4294 1363//4294 
f 1364//4295 2959//4295 1365//4295 
f 1365//4296 2959//4296 1366//4296 
f 2958//4297 2959//4297 1364//4297 
f 2959//4298 2960//4298 1366//4298 
f 1366//4299 2961//4299 1367//4299 
f 2960//4300 2961//4300 1366//4300 
f 1367//4301 2962//4301 1368//4301 
f 2961//4302 2962//4302 1367//4302 
f 1368//4303 2963//4303 1369//4303 
f 2962//4304 2963//4304 1368//4304 
f 2963//4305 2964//4305 1369//4305 
f 1369//4306 2964//4306 1402//4306 
f 1402//4307 2964//4307 1403//4307 
f 2964//4308 2965//4308 1403//4308 
f 2965//4309 2966//4309 1403//4309 
f 1403//4310 2966//4310 1404//4310 
f 1404//4311 2966//4311 1405//4311 
f 2966//4312 2967//4312 1405//4312 
f 2967//4313 2968//4313 1405//4313 
f 1405//4314 2968//4314 1406//4314 
f 2968//4315 2969//4315 1406//4315 
f 1406//4316 2969//4316 1407//4316 
f 1407//4317 2969//4317 1408//4317 
f 2969//4318 2970//4318 1408//4318 
f 2970//4319 2971//4319 1408//4319 
f 1408//4320 2971//4320 1335//4320 
f 2971//4321 2972//4321 1335//4321 
f 1335//4322 2972//4322 1330//4322 
f 2972//4323 2973//4323 1330//4323 
f 1330//4324 2973//4324 1328//4324 
f 2973//4325 2974//4325 1328//4325 
f 1328//4326 2974//4326 1323//4326 
f 2974//4327 2975//4327 1323//4327 
f 1323//4328 2975//4328 1319//4328 
f 2975//4329 2976//4329 1319//4329 
f 1319//4330 2976//4330 1315//4330 
f 1315//4331 2976//4331 1311//4331 
f 2976//4332 2977//4332 1311//4332 
f 2977//4333 2978//4333 1311//4333 
f 1311//4334 2978//4334 1307//4334 
f 1307//4335 2978//4335 1303//4335 
f 2978//4336 2979//4336 1303//4336 
f 1303//4337 2979//4337 1299//4337 
f 2979//4338 2980//4338 1299//4338 
f 2980//4339 2981//4339 1299//4339 
f 1299//4340 2981//4340 1294//4340 
f 2981//4341 2982//4341 1294//4341 
f 1294//4342 2982//4342 1290//4342 
f 2982//4343 2983//4343 1290//4343 
f 1290//4344 2983//4344 1287//4344 
f 2983//4345 2984//4345 1287//4345 
f 1287//4346 2984//4346 1283//4346 
f 1283//4347 2984//4347 1279//4347 
f 2984//4348 2985//4348 1279//4348 
f 1279//4349 2986//4349 1276//4349 
f 2985//4350 2986//4350 1279//4350 
f 1276//4351 2987//4351 1271//4351 
f 2986//4352 2987//4352 1276//4352 
f 1271//4353 2988//4353 1267//4353 
f 2987//4354 2988//4354 1271//4354 
f 2988//4355 2989//4355 1267//4355 
f 1267//4356 2989//4356 1264//4356 
f 2989//4357 2990//4357 1264//4357 
f 1264//4358 2990//4358 1258//4358 
f 1258//4359 2990//4359 1254//4359 
f 2990//4360 2991//4360 1254//4360 
f 2991//4361 2992//4361 1254//4361 
f 1254//4362 2992//4362 1250//4362 
f 1250//4363 2992//4363 1246//4363 
f 2992//4364 2993//4364 1246//4364 
f 2993//4365 2994//4365 1246//4365 
f 1246//4366 2994//4366 1243//4366 
f 2994//4367 2995//4367 1243//4367 
f 1243//4368 2995//4368 1240//4368 
f 1240//4369 2995//4369 1235//4369 
f 2995//4370 2996//4370 1235//4370 
f 2996//4371 2997//4371 1235//4371 
f 1235//4372 2997//4372 1231//4372 
f 2997//4373 2998//4373 1231//4373 
f 1231//4374 2998//4374 1227//4374 
f 2998//4375 2999//4375 1227//4375 
f 1227//4376 2999//4376 1223//4376 
f 1223//4377 2999//4377 1219//4377 
f 2999//4378 3000//4378 1219//4378 
f 1219//4379 3000//4379 1215//4379 
f 3000//4380 3001//4380 1215//4380 
f 1215//4381 3002//4381 1210//4381 
f 3001//4382 3002//4382 1215//4382 
f 1210//4383 3003//4383 1207//4383 
f 3002//4384 3003//4384 1210//4384 
f 1207//4385 3004//4385 1205//4385 
f 3003//4386 3004//4386 1207//4386 
f 1205//4387 3005//4387 1198//4387 
f 1198//4388 3005//4388 1199//4388 
f 3004//4389 3005//4389 1205//4389 
f 1199//4390 3006//4390 1202//4390 
f 3005//4391 3006//4391 1199//4391 
f 3006//4392 3007//4392 1202//4392 
f 1202//4393 3008//4393 1206//4393 
f 3007//4394 3008//4394 1202//4394 
f 1206//4395 3009//4395 1209//4395 
f 3008//4396 3009//4396 1206//4396 
f 1209//4397 3010//4397 1212//4397 
f 3009//4398 3010//4398 1209//4398 
f 1212//4399 3011//4399 1217//4399 
f 3010//4400 3011//4400 1212//4400 
f 1217//4401 3012//4401 1221//4401 
f 1221//4402 3012//4402 1225//4402 
f 3011//4403 3012//4403 1217//4403 
f 3012//4404 3013//4404 1225//4404 
f 1225//4405 3014//4405 1228//4405 
f 3013//4406 3014//4406 1225//4406 
f 3014//4407 3015//4407 1228//4407 
f 1228//4408 3015//4408 1232//4408 
f 3015//4409 3016//4409 1232//4409 
f 1232//4410 3016//4410 1236//4410 
f 3016//4411 3017//4411 1236//4411 
f 1236//4412 3017//4412 1242//4412 
f 3017//4413 3018//4413 1242//4413 
f 1242//4414 3018//4414 1244//4414 
f 1244//4415 3018//4415 1248//4415 
f 3018//4416 3019//4416 1248//4416 
f 1248//4417 3020//4417 1252//4417 
f 3019//4418 3020//4418 1248//4418 
f 1252//4419 3021//4419 1256//4419 
f 3020//4420 3021//4420 1252//4420 
f 1256//4421 3022//4421 1261//4421 
f 3021//4422 3022//4422 1256//4422 
f 1261//4423 3023//4423 1266//4423 
f 3022//4424 3023//4424 1261//4424 
f 1266//4425 3024//4425 1268//4425 
f 3023//4426 3024//4426 1266//4426 
f 1268//4427 3025//4427 1273//4427 
f 3024//4428 3025//4428 1268//4428 
f 1273//4429 3026//4429 1277//4429 
f 3025//4430 3026//4430 1273//4430 
f 1277//4431 3027//4431 1281//4431 
f 3026//4432 3027//4432 1277//4432 
f 1281//4433 3028//4433 1285//4433 
f 3027//4434 3028//4434 1281//4434 
f 1285//4435 3029//4435 1289//4435 
f 3028//4436 3029//4436 1285//4436 
f 1289//4437 3030//4437 1292//4437 
f 3029//4438 3030//4438 1289//4438 
f 1292//4439 3031//4439 1297//4439 
f 3030//4440 3031//4440 1292//4440 
f 1297//4441 3032//4441 1301//4441 
f 3031//4442 3032//4442 1297//4442 
f 1301//4443 3033//4443 1305//4443 
f 1305//4444 3033//4444 1308//4444 
f 3032//4445 3033//4445 1301//4445 
f 3033//4446 3034//4446 1308//4446 
f 1308//4447 3035//4447 1312//4447 
f 1312//4448 3035//4448 1316//4448 
f 3034//4449 3035//4449 1308//4449 
f 3035//4450 3036//4450 1316//4450 
f 1316//4451 3036//4451 1320//4451 
f 3036//4452 3037//4452 1320//4452 
f 1320//4453 3038//4453 1324//4453 
f 3037//4454 3038//4454 1320//4454 
f 3038//4455 3039//4455 1324//4455 
f 1324//4456 3039//4456 1329//4456 
f 1329//4457 3039//4457 1332//4457 
f 3039//4458 3040//4458 1332//4458 
f 1332//4459 3041//4459 1337//4459 
f 1337//4460 3041//4460 1339//4460 
f 3040//4461 3041//4461 1332//4461 
f 3041//4462 3042//4462 1339//4462 
f 1339//4463 3042//4463 1340//4463 
f 3042//4464 3043//4464 1340//4464 
f 3043//4465 3044//4465 1340//4465 
f 1340//4466 3044//4466 1342//4466 
f 1342//4467 3044//4467 1344//4467 
f 3044//4468 3045//4468 1344//4468 
f 3045//4469 3046//4469 1344//4469 
f 1344//4470 3046//4470 1346//4470 
f 1346//4471 3046//4471 1393//4471 
f 3046//4472 3047//4472 1393//4472 
f 3047//4473 3048//4473 1393//4473 
f 1393//4474 3048//4474 1390//4474 
f 3048//4475 3049//4475 1390//4475 
f 1390//4476 3049//4476 1350//4476 
f 3049//4477 3050//4477 1350//4477 
f 1350//4478 3050//4478 1348//4478 
f 3050//4479 3051//4479 1348//4479 
f 1348//4480 3051//4480 1353//4480 
f 1353//4481 3051//4481 1355//4481 
f 3051//4482 3052//4482 1355//4482 
f 1355//4483 2927//4483 1357//4483 
f 3052//4484 2927//4484 1355//4484 
f 1474//4485 1473//4485 3053//4485 
f 3053//4486 1473//4486 3054//4486 
f 3054//4487 1475//4487 3055//4487 
f 1473//4488 1475//4488 3054//4488 
f 3055//4489 1476//4489 3056//4489 
f 1475//4490 1476//4490 3055//4490 
f 3056//4491 1477//4491 3057//4491 
f 1476//4492 1477//4492 3056//4492 
f 3057//4493 1478//4493 3058//4493 
f 1477//4494 1478//4494 3057//4494 
f 3058//4495 1479//4495 3059//4495 
f 1478//4496 1479//4496 3058//4496 
f 3059//4497 1480//4497 3060//4497 
f 1479//4498 1480//4498 3059//4498 
f 3060//4499 1481//4499 3061//4499 
f 1480//4500 1481//4500 3060//4500 
f 3061//4501 1482//4501 3062//4501 
f 1481//4502 1482//4502 3061//4502 
f 3062//4503 1483//4503 3063//4503 
f 3063//4504 1483//4504 3064//4504 
f 1482//4505 1483//4505 3062//4505 
f 1483//4506 1484//4506 3064//4506 
f 1484//4507 1485//4507 3064//4507 
f 3064//4508 1485//4508 3065//4508 
f 1485//4509 1486//4509 3065//4509 
f 3065//4510 1486//4510 3066//4510 
f 3066//4511 1486//4511 3067//4511 
f 1486//4512 1487//4512 3067//4512 
f 1487//4513 1488//4513 3067//4513 
f 3067//4514 1488//4514 3068//4514 
f 1488//4515 1489//4515 3068//4515 
f 3068//4516 1489//4516 3069//4516 
f 1489//4517 1490//4517 3069//4517 
f 3069//4518 1490//4518 3070//4518 
f 1490//4519 1491//4519 3070//4519 
f 3070//4520 1491//4520 3071//4520 
f 1491//4521 1492//4521 3071//4521 
f 3071//4522 1492//4522 3072//4522 
f 3072//4523 1492//4523 3073//4523 
f 1492//4524 1493//4524 3073//4524 
f 1493//4525 1494//4525 3073//4525 
f 3073//4526 1494//4526 3074//4526 
f 1494//4527 1495//4527 3074//4527 
f 3074//4528 1495//4528 3075//4528 
f 3075//4529 1496//4529 3076//4529 
f 1495//4530 1496//4530 3075//4530 
f 3076//4531 1497//4531 3077//4531 
f 1496//4532 1497//4532 3076//4532 
f 3077//4533 1497//4533 3078//4533 
f 1497//4534 1498//4534 3078//4534 
f 3078//4535 1499//4535 3079//4535 
f 1498//4536 1499//4536 3078//4536 
f 3079//4537 1500//4537 3080//4537 
f 1499//4538 1500//4538 3079//4538 
f 3080//4539 1501//4539 3081//4539 
f 1500//4540 1501//4540 3080//4540 
f 3081//4541 1502//4541 3082//4541 
f 1501//4542 1502//4542 3081//4542 
f 3082//4543 1503//4543 3083//4543 
f 3083//4544 1503//4544 3084//4544 
f 1502//4545 1503//4545 3082//4545 
f 1503//4546 1441//4546 3084//4546 
f 3084//4547 1439//4547 3085//4547 
f 3085//4548 1439//4548 3086//4548 
f 1441//4549 1439//4549 3084//4549 
f 1439//4550 1437//4550 3086//4550 
f 3086//4551 1435//4551 3087//4551 
f 1437//4552 1435//4552 3086//4552 
f 3087//4553 1433//4553 3088//4553 
f 3088//4554 1433//4554 3089//4554 
f 1435//4555 1433//4555 3087//4555 
f 1433//4556 1431//4556 3089//4556 
f 1431//4557 1429//4557 3089//4557 
f 3089//4558 1429//4558 3090//4558 
f 3090//4559 1429//4559 3091//4559 
f 1429//4560 1427//4560 3091//4560 
f 1427//4561 1425//4561 3091//4561 
f 3091//4562 1425//4562 3092//4562 
f 1425//4563 1423//4563 3092//4563 
f 3092//4564 1423//4564 3093//4564 
f 1423//4565 1421//4565 3093//4565 
f 3093//4566 1421//4566 3094//4566 
f 3094//4567 1421//4567 3095//4567 
f 1421//4568 1419//4568 3095//4568 
f 1419//4569 1417//4569 3095//4569 
f 3095//4570 1417//4570 3096//4570 
f 3096//4571 1417//4571 3097//4571 
f 1417//4572 1415//4572 3097//4572 
f 1415//4573 1413//4573 3097//4573 
f 3097//4574 1413//4574 3098//4574 
f 3098//4575 1413//4575 3099//4575 
f 1413//4576 1411//4576 3099//4576 
f 3099//4577 1411//4577 3100//4577 
f 1411//4578 1410//4578 3100//4578 
f 1410//4579 1409//4579 3100//4579 
f 3100//4580 1409//4580 3101//4580 
f 1409//4581 1412//4581 3101//4581 
f 3101//4582 1412//4582 3102//4582 
f 1412//4583 1414//4583 3102//4583 
f 3102//4584 1414//4584 3103//4584 
f 3103//4585 1414//4585 3104//4585 
f 1414//4586 1416//4586 3104//4586 
f 3104//4587 1416//4587 3105//4587 
f 1416//4588 1418//4588 3105//4588 
f 1418//4589 1420//4589 3105//4589 
f 3105//4590 1420//4590 3106//4590 
f 1420//4591 1422//4591 3106//4591 
f 3106//4592 1422//4592 3107//4592 
f 1422//4593 1424//4593 3107//4593 
f 3107//4594 1424//4594 3108//4594 
f 1424//4595 1426//4595 3108//4595 
f 3108//4596 1426//4596 3109//4596 
f 3109//4597 1426//4597 3110//4597 
f 1426//4598 1428//4598 3110//4598 
f 3110//4599 1430//4599 3111//4599 
f 1428//4600 1430//4600 3110//4600 
f 3111//4601 1432//4601 3112//4601 
f 1430//4602 1432//4602 3111//4602 
f 3112//4603 1434//4603 3113//4603 
f 3113//4604 1434//4604 3114//4604 
f 1432//4605 1434//4605 3112//4605 
f 1434//4606 1436//4606 3114//4606 
f 1436//4607 1438//4607 3114//4607 
f 3114//4608 1438//4608 3115//4608 
f 1438//4609 1440//4609 3115//4609 
f 3115//4610 1440//4610 3116//4610 
f 3116//4611 1440//4611 3117//4611 
f 1440//4612 1442//4612 3117//4612 
f 3117//4613 1442//4613 3118//4613 
f 1442//4614 1443//4614 3118//4614 
f 1443//4615 1444//4615 3118//4615 
f 3118//4616 1444//4616 3119//4616 
f 3119//4617 1444//4617 3120//4617 
f 1444//4618 1445//4618 3120//4618 
f 1445//4619 1446//4619 3120//4619 
f 3120//4620 1446//4620 3121//4620 
f 3121//4621 1446//4621 3122//4621 
f 1446//4622 1447//4622 3122//4622 
f 1447//4623 1448//4623 3122//4623 
f 3122//4624 1448//4624 3123//4624 
f 3123//4625 1448//4625 3124//4625 
f 1448//4626 1449//4626 3124//4626 
f 1449//4627 1450//4627 3124//4627 
f 3124//4628 1450//4628 3125//4628 
f 1450//4629 1451//4629 3125//4629 
f 3125//4630 1451//4630 3126//4630 
f 1451//4631 1452//4631 3126//4631 
f 3126//4632 1452//4632 3127//4632 
f 3127//4633 1453//4633 3128//4633 
f 1452//4634 1453//4634 3127//4634 
f 3128//4635 1454//4635 3129//4635 
f 1453//4636 1454//4636 3128//4636 
f 3129//4637 1455//4637 3130//4637 
f 1454//4638 1455//4638 3129//4638 
f 3130//4639 1456//4639 3131//4639 
f 1455//4640 1456//4640 3130//4640 
f 3131//4641 1457//4641 3132//4641 
f 1456//4642 1457//4642 3131//4642 
f 3132//4643 1458//4643 3133//4643 
f 1457//4644 1458//4644 3132//4644 
f 3133//4645 1459//4645 3134//4645 
f 1458//4646 1459//4646 3133//4646 
f 3134//4647 1460//4647 3135//4647 
f 1459//4648 1460//4648 3134//4648 
f 3135//4649 1461//4649 3136//4649 
f 1460//4650 1461//4650 3135//4650 
f 3136//4651 1462//4651 3137//4651 
f 1461//4652 1462//4652 3136//4652 
f 3137//4653 1463//4653 3138//4653 
f 1462//4654 1463//4654 3137//4654 
f 3138//4655 1464//4655 3139//4655 
f 1463//4656 1464//4656 3138//4656 
f 3139//4657 1465//4657 3140//4657 
f 1464//4658 1465//4658 3139//4658 
f 1465//4659 1466//4659 3140//4659 
f 3140//4660 1466//4660 3141//4660 
f 1466//4661 1467//4661 3141//4661 
f 3141//4662 1467//4662 3142//4662 
f 1467//4663 1468//4663 3142//4663 
f 3142//4664 1468//4664 3143//4664 
f 1468//4665 1469//4665 3143//4665 
f 3143//4666 1469//4666 3144//4666 
f 3144//4667 1470//4667 3145//4667 
f 1469//4668 1470//4668 3144//4668 
f 3145//4669 1471//4669 3146//4669 
f 1470//4670 1471//4670 3145//4670 
f 3146//4671 1472//4671 3147//4671 
f 1471//4672 1472//4672 3146//4672 
f 3147//4673 1534//4673 3148//4673 
f 1472//4674 1534//4674 3147//4674 
f 3148//4675 1505//4675 3149//4675 
f 1534//4676 1505//4676 3148//4676 
f 3149//4677 1504//4677 3150//4677 
f 1505//4678 1504//4678 3149//4678 
f 3150//4679 1506//4679 3151//4679 
f 1504//4680 1506//4680 3150//4680 
f 3151//4681 1507//4681 3152//4681 
f 1506//4682 1507//4682 3151//4682 
f 3152//4683 1508//4683 3153//4683 
f 1507//4684 1508//4684 3152//4684 
f 3153//4685 1509//4685 3154//4685 
f 1508//4686 1509//4686 3153//4686 
f 3154//4687 1510//4687 3155//4687 
f 1509//4688 1510//4688 3154//4688 
f 3155//4689 1511//4689 3156//4689 
f 3156//4690 1511//4690 3157//4690 
f 1510//4691 1511//4691 3155//4691 
f 1511//4692 1512//4692 3157//4692 
f 3157//4693 1512//4693 3158//4693 
f 1512//4694 1513//4694 3158//4694 
f 3158//4695 1514//4695 3159//4695 
f 3159//4696 1514//4696 3160//4696 
f 1513//4697 1514//4697 3158//4697 
f 1514//4698 1515//4698 3160//4698 
f 3160//4699 1515//4699 3161//4699 
f 1515//4700 1516//4700 3161//4700 
f 3161//4701 1517//4701 3162//4701 
f 1516//4702 1517//4702 3161//4702 
f 3162//4703 1518//4703 3163//4703 
f 3163//4704 1518//4704 3164//4704 
f 1517//4705 1518//4705 3162//4705 
f 3164//4706 1519//4706 3165//4706 
f 1518//4707 1519//4707 3164//4707 
f 1519//4708 1520//4708 3165//4708 
f 3165//4709 1520//4709 3166//4709 
f 1520//4710 1521//4710 3166//4710 
f 1521//4711 1522//4711 3166//4711 
f 3166//4712 1522//4712 3167//4712 
f 1522//4713 1523//4713 3167//4713 
f 3167//4714 1523//4714 3168//4714 
f 3168//4715 1523//4715 3169//4715 
f 1523//4716 1524//4716 3169//4716 
f 1524//4717 1525//4717 3169//4717 
f 3169//4718 1525//4718 3170//4718 
f 3170//4719 1525//4719 3171//4719 
f 1525//4720 1526//4720 3171//4720 
f 3171//4721 1526//4721 3172//4721 
f 1526//4722 1527//4722 3172//4722 
f 3172//4723 1527//4723 3173//4723 
f 1527//4724 1528//4724 3173//4724 
f 1528//4725 1529//4725 3173//4725 
f 3173//4726 1529//4726 3174//4726 
f 1529//4727 1530//4727 3174//4727 
f 3174//4728 1530//4728 3175//4728 
f 1530//4729 1531//4729 3175//4729 
f 3175//4730 1531//4730 3176//4730 
f 3176//4731 1532//4731 3177//4731 
f 3177//4732 1532//4732 3178//4732 
f 1531//4733 1532//4733 3176//4733 
f 1532//4734 1533//4734 3178//4734 
f 3178//4735 1474//4735 3053//4735 
f 1533//4736 1474//4736 3178//4736 
f 1607//4737 1608//4737 1609//4737 
f 1616//4738 1614//4738 1615//4738 
f 1618//4739 1616//4739 1617//4739 
f 1619//4740 1616//4740 1618//4740 
f 1600//4741 1601//4741 1602//4741 
f 1600//4742 1602//4742 1603//4742 
f 1600//4743 1603//4743 1604//4743 
f 1600//4744 1604//4744 1605//4744 
f 1624//4745 1620//4745 1621//4745 
f 1624//4746 1621//4746 1622//4746 
f 1624//4747 1622//4747 1623//4747 
f 1629//4748 1624//4748 1625//4748 
f 1629//4749 1625//4749 1626//4749 
f 1629//4750 1626//4750 1627//4750 
f 1629//4751 1627//4751 1628//4751 
f 1593//4752 1594//4752 1595//4752 
f 1593//4753 1595//4753 3179//4753 
f 1632//4754 1614//4754 1616//4754 
f 1632//4755 1616//4755 1619//4755 
f 1632//4756 1620//4756 1624//4756 
f 1632//4757 1610//4757 1611//4757 
f 1632//4758 1611//4758 1612//4758 
f 1632//4759 1612//4759 1613//4759 
f 1632//4760 1613//4760 1614//4760 
f 1632//4761 1619//4761 1620//4761 
f 1632//4762 1624//4762 1629//4762 
f 1632//4763 1629//4763 1630//4763 
f 1632//4764 1630//4764 1631//4764 
f 1634//4765 1632//4765 1633//4765 
f 1589//4766 1593//4766 3179//4766 
f 1589//4767 1590//4767 1591//4767 
f 1589//4768 1591//4768 1592//4768 
f 1589//4769 1592//4769 1593//4769 
f 1589//4770 3179//4770 3180//4770 
f 1588//4771 3180//4771 3181//4771 
f 1588//4772 3181//4772 3182//4772 
f 1588//4773 3182//4773 1596//4773 
f 1588//4774 1596//4774 1597//4774 
f 1588//4775 1597//4775 1598//4775 
f 1588//4776 1598//4776 1599//4776 
f 1588//4777 1589//4777 3180//4777 
f 1636//4778 1634//4778 1635//4778 
f 1636//4779 1632//4779 1634//4779 
f 1586//4780 1587//4780 1588//4780 
f 1584//4781 1586//4781 1588//4781 
f 1584//4782 1585//4782 1586//4782 
f 1641//4783 1639//4783 1640//4783 
f 1582//4784 1583//4784 1584//4784 
f 1642//4785 1638//4785 1639//4785 
f 1642//4786 1639//4786 1641//4786 
f 1581//4787 1582//4787 1584//4787 
f 1581//4788 1584//4788 1588//4788 
f 1643//4789 1638//4789 1642//4789 
f 1579//4790 1580//4790 1581//4790 
f 1579//4791 1581//4791 1588//4791 
f 1576//4792 1577//4792 1578//4792 
f 1648//4793 1643//4793 1644//4793 
f 1648//4794 1644//4794 1645//4794 
f 1648//4795 1645//4795 1646//4795 
f 1648//4796 1646//4796 1647//4796 
f 1648//4797 1638//4797 1643//4797 
f 1575//4798 1578//4798 1579//4798 
f 1575//4799 1576//4799 1578//4799 
f 1573//4800 1636//4800 1637//4800 
f 1573//4801 1610//4801 1632//4801 
f 1573//4802 1632//4802 1636//4802 
f 1573//4803 1574//4803 1575//4803 
f 1573//4804 1607//4804 1609//4804 
f 1573//4805 1579//4805 1588//4805 
f 1573//4806 1600//4806 1605//4806 
f 1573//4807 1599//4807 1600//4807 
f 1573//4808 1605//4808 1606//4808 
f 1573//4809 1606//4809 1607//4809 
f 1573//4810 1609//4810 1610//4810 
f 1573//4811 1575//4811 1579//4811 
f 1573//4812 1588//4812 1599//4812 
f 1651//4813 1649//4813 1650//4813 
f 1653//4814 1651//4814 1652//4814 
f 1570//4815 1571//4815 1572//4815 
f 1570//4816 1572//4816 1573//4816 
f 1570//4817 1573//4817 1637//4817 
f 1654//4818 1648//4818 1649//4818 
f 1654//4819 1651//4819 1653//4819 
f 1654//4820 1649//4820 1651//4820 
f 1655//4821 1648//4821 1654//4821 
f 1567//4822 1637//4822 1638//4822 
f 1567//4823 1568//4823 1569//4823 
f 1567//4824 1569//4824 1570//4824 
f 1567//4825 1570//4825 1637//4825 
f 1536//4826 1655//4826 1656//4826 
f 1536//4827 1656//4827 1535//4827 
f 1537//4828 1655//4828 1536//4828 
f 1564//4829 1565//4829 1566//4829 
f 1538//4830 1655//4830 1537//4830 
f 1538//4831 1648//4831 1655//4831 
f 1563//4832 1564//4832 1566//4832 
f 1563//4833 1566//4833 1567//4833 
f 1561//4834 1562//4834 1563//4834 
f 1541//4835 1538//4835 1539//4835 
f 1541//4836 1539//4836 1540//4836 
f 1560//4837 1561//4837 1563//4837 
f 1542//4838 1538//4838 1541//4838 
f 1558//4839 1559//4839 1560//4839 
f 1557//4840 1560//4840 1563//4840 
f 1557//4841 1558//4841 1560//4841 
f 1546//4842 1544//4842 1545//4842 
f 1547//4843 1543//4843 1544//4843 
f 1547//4844 1544//4844 1546//4844 
f 1554//4845 1555//4845 1556//4845 
f 1554//4846 1556//4846 1557//4846 
f 1552//4847 1553//4847 1554//4847 
f 1552//4848 1554//4848 1557//4848 
f 1550//4849 1542//4849 1543//4849 
f 1550//4850 1547//4850 1548//4850 
f 1550//4851 1548//4851 1549//4851 
f 1550//4852 1538//4852 1542//4852 
f 1550//4853 1543//4853 1547//4853 
f 1551//4854 1567//4854 1638//4854 
f 1551//4855 1563//4855 1567//4855 
f 1551//4856 1648//4856 1538//4856 
f 1551//4857 1552//4857 1557//4857 
f 1551//4858 1557//4858 1563//4858 
f 1551//4859 1538//4859 1550//4859 
f 1551//4860 1638//4860 1648//4860 
f 1688//4861 1686//4861 3183//4861 
f 3183//4862 1686//4862 3184//4862 
f 3184//4863 1684//4863 3185//4863 
f 1686//4864 1684//4864 3184//4864 
f 3185//4865 1682//4865 3186//4865 
f 1684//4866 1682//4866 3185//4866 
f 3186//4867 1680//4867 3187//4867 
f 1682//4868 1680//4868 3186//4868 
f 3187//4869 1678//4869 3188//4869 
f 1680//4870 1678//4870 3187//4870 
f 3188//4871 1676//4871 3189//4871 
f 1678//4872 1676//4872 3188//4872 
f 3189//4873 1674//4873 3190//4873 
f 1676//4874 1674//4874 3189//4874 
f 3190//4875 1672//4875 3191//4875 
f 1674//4876 1672//4876 3190//4876 
f 3191//4877 1670//4877 3192//4877 
f 1672//4878 1670//4878 3191//4878 
f 3192//4879 1668//4879 3193//4879 
f 3193//4880 1668//4880 3194//4880 
f 1670//4881 1668//4881 3192//4881 
f 1668//4882 1666//4882 3194//4882 
f 1666//4883 1664//4883 3194//4883 
f 3194//4884 1664//4884 3195//4884 
f 1664//4885 1662//4885 3195//4885 
f 3195//4886 1662//4886 3196//4886 
f 3196//4887 1662//4887 3197//4887 
f 1662//4888 1660//4888 3197//4888 
f 1660//4889 1657//4889 3197//4889 
f 3197//4890 1657//4890 3198//4890 
f 1657//4891 1658//4891 3198//4891 
f 3198//4892 1658//4892 3199//4892 
f 1658//4893 1659//4893 3199//4893 
f 3199//4894 1659//4894 3200//4894 
f 1659//4895 1661//4895 3200//4895 
f 3200//4896 1661//4896 3201//4896 
f 1661//4897 1663//4897 3201//4897 
f 3201//4898 1663//4898 3202//4898 
f 3202//4899 1663//4899 3203//4899 
f 1663//4900 1665//4900 3203//4900 
f 1665//4901 1667//4901 3203//4901 
f 3203//4902 1667//4902 3204//4902 
f 1667//4903 1669//4903 3204//4903 
f 3204//4904 1669//4904 3205//4904 
f 3205//4905 1671//4905 3206//4905 
f 1669//4906 1671//4906 3205//4906 
f 3206//4907 1673//4907 3207//4907 
f 1671//4908 1673//4908 3206//4908 
f 3207//4909 1673//4909 3208//4909 
f 1673//4910 1675//4910 3208//4910 
f 3208//4911 1677//4911 3209//4911 
f 1675//4912 1677//4912 3208//4912 
f 3209//4913 1679//4913 3210//4913 
f 1677//4914 1679//4914 3209//4914 
f 3210//4915 1681//4915 3211//4915 
f 1679//4916 1681//4916 3210//4916 
f 3211//4917 1683//4917 3212//4917 
f 1681//4918 1683//4918 3211//4918 
f 3212//4919 1685//4919 3213//4919 
f 3213//4920 1685//4920 3214//4920 
f 1683//4921 1685//4921 3212//4921 
f 1685//4922 1687//4922 3214//4922 
f 3214//4923 1689//4923 3215//4923 
f 3215//4924 1689//4924 3216//4924 
f 1687//4925 1689//4925 3214//4925 
f 1689//4926 1690//4926 3216//4926 
f 3216//4927 1691//4927 3217//4927 
f 1690//4928 1691//4928 3216//4928 
f 3217//4929 1692//4929 3218//4929 
f 3218//4930 1692//4930 3219//4930 
f 1691//4931 1692//4931 3217//4931 
f 1692//4932 1693//4932 3219//4932 
f 1693//4933 1694//4933 3219//4933 
f 3219//4934 1694//4934 3220//4934 
f 3220//4935 1694//4935 3221//4935 
f 1694//4936 1695//4936 3221//4936 
f 1695//4937 1696//4937 3221//4937 
f 3221//4938 1696//4938 3222//4938 
f 1696//4939 1697//4939 3222//4939 
f 3222//4940 1697//4940 3223//4940 
f 1697//4941 1698//4941 3223//4941 
f 3223//4942 1698//4942 3224//4942 
f 3224//4943 1698//4943 3225//4943 
f 1698//4944 1699//4944 3225//4944 
f 1699//4945 1700//4945 3225//4945 
f 3225//4946 1700//4946 3226//4946 
f 3226//4947 1700//4947 3227//4947 
f 1700//4948 1701//4948 3227//4948 
f 1701//4949 1702//4949 3227//4949 
f 3227//4950 1702//4950 3228//4950 
f 3228//4951 1702//4951 3229//4951 
f 1702//4952 1703//4952 3229//4952 
f 3229//4953 1703//4953 3230//4953 
f 1703//4954 1704//4954 3230//4954 
f 1704//4955 1705//4955 3230//4955 
f 3230//4956 1705//4956 3231//4956 
f 1705//4957 1706//4957 3231//4957 
f 3231//4958 1706//4958 3232//4958 
f 1706//4959 1707//4959 3232//4959 
f 3232//4960 1707//4960 3233//4960 
f 3233//4961 1707//4961 3234//4961 
f 1707//4962 1708//4962 3234//4962 
f 3234//4963 1708//4963 3235//4963 
f 1708//4964 1709//4964 3235//4964 
f 1709//4965 1710//4965 3235//4965 
f 3235//4966 1710//4966 3236//4966 
f 1710//4967 1711//4967 3236//4967 
f 3236//4968 1711//4968 3237//4968 
f 1711//4969 1712//4969 3237//4969 
f 3237//4970 1712//4970 3238//4970 
f 1712//4971 1713//4971 3238//4971 
f 3238//4972 1713//4972 3239//4972 
f 3239//4973 1713//4973 3240//4973 
f 1713//4974 1714//4974 3240//4974 
f 3240//4975 1715//4975 3241//4975 
f 1714//4976 1715//4976 3240//4976 
f 3241//4977 1716//4977 3242//4977 
f 1715//4978 1716//4978 3241//4978 
f 3242//4979 1717//4979 3243//4979 
f 3243//4980 1717//4980 3244//4980 
f 1716//4981 1717//4981 3242//4981 
f 1717//4982 1718//4982 3244//4982 
f 1718//4983 1719//4983 3244//4983 
f 3244//4984 1719//4984 3245//4984 
f 1719//4985 1720//4985 3245//4985 
f 3245//4986 1720//4986 3246//4986 
f 3246//4987 1720//4987 3247//4987 
f 1720//4988 1753//4988 3247//4988 
f 3247//4989 1753//4989 3248//4989 
f 1753//4990 1754//4990 3248//4990 
f 1754//4991 1755//4991 3248//4991 
f 3248//4992 1755//4992 3249//4992 
f 3249//4993 1755//4993 3250//4993 
f 1755//4994 1756//4994 3250//4994 
f 1756//4995 1757//4995 3250//4995 
f 3250//4996 1757//4996 3251//4996 
f 3251//4997 1757//4997 3252//4997 
f 1757//4998 1758//4998 3252//4998 
f 1758//4999 1759//4999 3252//4999 
f 3252//5000 1759//5000 3253//5000 
f 3253//5001 1759//5001 3254//5001 
f 1759//5002 1760//5002 3254//5002 
f 1760//5003 1761//5003 3254//5003 
f 3254//5004 1761//5004 3255//5004 
f 1761//5005 1762//5005 3255//5005 
f 3255//5006 1762//5006 3256//5006 
f 1762//5007 1763//5007 3256//5007 
f 3256//5008 1763//5008 3257//5008 
f 3257//5009 1764//5009 3258//5009 
f 1763//5010 1764//5010 3257//5010 
f 3258//5011 1765//5011 3259//5011 
f 1764//5012 1765//5012 3258//5012 
f 3259//5013 1766//5013 3260//5013 
f 1765//5014 1766//5014 3259//5014 
f 3260//5015 1767//5015 3261//5015 
f 1766//5016 1767//5016 3260//5016 
f 3261//5017 1768//5017 3262//5017 
f 1767//5018 1768//5018 3261//5018 
f 3262//5019 1769//5019 3263//5019 
f 1768//5020 1769//5020 3262//5020 
f 3263//5021 1770//5021 3264//5021 
f 1769//5022 1770//5022 3263//5022 
f 3264//5023 1771//5023 3265//5023 
f 1770//5024 1771//5024 3264//5024 
f 3265//5025 1772//5025 3266//5025 
f 1771//5026 1772//5026 3265//5026 
f 3266//5027 1773//5027 3267//5027 
f 1772//5028 1773//5028 3266//5028 
f 3267//5029 1774//5029 3268//5029 
f 1773//5030 1774//5030 3267//5030 
f 3268//5031 1775//5031 3269//5031 
f 1774//5032 1775//5032 3268//5032 
f 3269//5033 1776//5033 3270//5033 
f 1775//5034 1776//5034 3269//5034 
f 1776//5035 1777//5035 3270//5035 
f 3270//5036 1777//5036 3271//5036 
f 1777//5037 1778//5037 3271//5037 
f 3271//5038 1778//5038 3272//5038 
f 1778//5039 1779//5039 3272//5039 
f 3272//5040 1779//5040 3273//5040 
f 1779//5041 1780//5041 3273//5041 
f 3273//5042 1780//5042 3274//5042 
f 3274//5043 1781//5043 3275//5043 
f 1780//5044 1781//5044 3274//5044 
f 3275//5045 1782//5045 3276//5045 
f 1781//5046 1782//5046 3275//5046 
f 3276//5047 1752//5047 3277//5047 
f 1782//5048 1752//5048 3276//5048 
f 3277//5049 1751//5049 3278//5049 
f 1752//5050 1751//5050 3277//5050 
f 3278//5051 1722//5051 3279//5051 
f 1751//5052 1722//5052 3278//5052 
f 3279//5053 1721//5053 3280//5053 
f 1722//5054 1721//5054 3279//5054 
f 3280//5055 1723//5055 3281//5055 
f 1721//5056 1723//5056 3280//5056 
f 3281//5057 1724//5057 3282//5057 
f 1723//5058 1724//5058 3281//5058 
f 3282//5059 1725//5059 3283//5059 
f 1724//5060 1725//5060 3282//5060 
f 3283//5061 1726//5061 3284//5061 
f 1725//5062 1726//5062 3283//5062 
f 3284//5063 1727//5063 3285//5063 
f 1726//5064 1727//5064 3284//5064 
f 3285//5065 1728//5065 3286//5065 
f 3286//5066 1728//5066 3287//5066 
f 1727//5067 1728//5067 3285//5067 
f 1728//5068 1729//5068 3287//5068 
f 3287//5069 1729//5069 3288//5069 
f 1729//5070 1730//5070 3288//5070 
f 3288//5071 1731//5071 3289//5071 
f 3289//5072 1731//5072 3290//5072 
f 1730//5073 1731//5073 3288//5073 
f 1731//5074 1732//5074 3290//5074 
f 3290//5075 1732//5075 3291//5075 
f 1732//5076 1733//5076 3291//5076 
f 3291//5077 1734//5077 3292//5077 
f 1733//5078 1734//5078 3291//5078 
f 3292//5079 1735//5079 3293//5079 
f 3293//5080 1735//5080 3294//5080 
f 1734//5081 1735//5081 3292//5081 
f 3294//5082 1736//5082 3295//5082 
f 1735//5083 1736//5083 3294//5083 
f 1736//5084 1737//5084 3295//5084 
f 3295//5085 1737//5085 3296//5085 
f 1737//5086 1738//5086 3296//5086 
f 1738//5087 1739//5087 3296//5087 
f 3296//5088 1739//5088 3297//5088 
f 1739//5089 1740//5089 3297//5089 
f 3297//5090 1740//5090 3298//5090 
f 3298//5091 1740//5091 3299//5091 
f 1740//5092 1741//5092 3299//5092 
f 1741//5093 1742//5093 3299//5093 
f 3299//5094 1742//5094 3300//5094 
f 3300//5095 1742//5095 3301//5095 
f 1742//5096 1743//5096 3301//5096 
f 3301//5097 1743//5097 3302//5097 
f 1743//5098 1744//5098 3302//5098 
f 3302//5099 1744//5099 3303//5099 
f 1744//5100 1745//5100 3303//5100 
f 1745//5101 1746//5101 3303//5101 
f 3303//5102 1746//5102 3304//5102 
f 1746//5103 1747//5103 3304//5103 
f 3304//5104 1747//5104 3305//5104 
f 1747//5105 1748//5105 3305//5105 
f 3305//5106 1748//5106 3306//5106 
f 3306//5107 1749//5107 3307//5107 
f 3307//5108 1749//5108 3308//5108 
f 1748//5109 1749//5109 3306//5109 
f 1749//5110 1750//5110 3308//5110 
f 3308//5111 1688//5111 3183//5111 
f 1750//5112 1688//5112 3308//5112 
f 3309//5113 3310//5113 3311//5113 
f 3309//5114 3312//5114 3313//5114 
f 3309//5115 3313//5115 3314//5115 
f 3309//5116 3311//5116 3312//5116 
f 3315//5117 3316//5117 3317//5117 
f 3315//5118 3318//5118 3319//5118 
f 3315//5119 3320//5119 3318//5119 
f 3315//5120 3319//5120 3316//5120 
f 3321//5121 3322//5121 3323//5121 
f 3321//5122 3323//5122 3324//5122 
f 3325//5123 3326//5123 3320//5123 
f 3325//5124 3320//5124 3315//5124 
f 3325//5125 3327//5125 3328//5125 
f 3325//5126 3328//5126 3329//5126 
f 3325//5127 3329//5127 3326//5127 
f 3330//5128 3327//5128 3325//5128 
f 3330//5129 3325//5129 3315//5129 
f 3330//5130 3315//5130 3317//5130 
f 3330//5131 3331//5131 3327//5131 
f 3330//5132 3317//5132 3331//5132 
f 3332//5133 3322//5133 3321//5133 
f 3332//5134 3333//5134 3334//5134 
f 1844//5135 1843//5135 3335//5135 
f 3336//5136 1844//5136 3335//5136 
f 1845//5137 1844//5137 3336//5137 
f 1846//5138 1845//5138 3336//5138 
f 3332//5139 3334//5139 1796//5139 
f 3332//5140 1796//5140 1797//5140 
f 3332//5141 1797//5141 3322//5141 
f 3337//5142 3332//5142 3321//5142 
f 3337//5143 3324//5143 3338//5143 
f 3337//5144 3338//5144 3333//5144 
f 3337//5145 3333//5145 3332//5145 
f 3337//5146 3321//5146 3324//5146 
f 3339//5147 1846//5147 3336//5147 
f 1812//5148 1876//5148 1875//5148 
f 1812//5149 1877//5149 1876//5149 
f 1812//5150 1783//5150 1877//5150 
f 3340//5151 3341//5151 3342//5151 
f 3343//5152 3344//5152 3341//5152 
f 3343//5153 3341//5153 3340//5153 
f 3345//5154 3346//5154 3344//5154 
f 3345//5155 3344//5155 3343//5155 
f 3347//5156 3346//5156 3345//5156 
f 3348//5157 1788//5157 3349//5157 
f 1787//5158 1788//5158 3348//5158 
f 3350//5159 1787//5159 3348//5159 
f 1786//5160 1787//5160 3350//5160 
f 1784//5161 1786//5161 3350//5161 
f 1785//5162 1784//5162 3350//5162 
f 3351//5163 3352//5163 3353//5163 
f 3354//5164 3355//5164 3356//5164 
f 3354//5165 3353//5165 3355//5165 
f 3354//5166 3351//5166 3353//5166 
f 3357//5167 1853//5167 1852//5167 
f 3357//5168 1854//5168 1853//5168 
f 3358//5169 3351//5169 3354//5169 
f 3358//5170 3359//5170 3351//5170 
f 3360//5171 3356//5171 3361//5171 
f 3360//5172 3354//5172 3356//5172 
f 3362//5173 3357//5173 3359//5173 
f 3362//5174 3359//5174 3358//5174 
f 3363//5175 3362//5175 3358//5175 
f 3363//5176 3354//5176 3360//5176 
f 3363//5177 3358//5177 3354//5177 
f 3364//5178 1856//5178 1855//5178 
f 3364//5179 1857//5179 1856//5179 
f 3365//5180 3362//5180 3363//5180 
f 3366//5181 3367//5181 3368//5181 
f 3369//5182 1860//5182 1859//5182 
f 3369//5183 1861//5183 1860//5183 
f 3370//5184 3362//5184 3365//5184 
f 3370//5185 3371//5185 3362//5185 
f 3372//5186 3373//5186 3374//5186 
f 3375//5187 1864//5187 1863//5187 
f 3375//5188 1865//5188 1864//5188 
f 3376//5189 3377//5189 3371//5189 
f 3376//5190 3371//5190 3370//5190 
f 3378//5191 1868//5191 1867//5191 
f 3378//5192 1869//5192 1868//5192 
f 3379//5193 1870//5193 1869//5193 
f 3379//5194 1869//5194 3378//5194 
f 3380//5195 3370//5195 3381//5195 
f 3380//5196 3376//5196 3370//5196 
f 3382//5197 1809//5197 1810//5197 
f 3383//5198 3384//5198 3385//5198 
f 3386//5199 1808//5199 1809//5199 
f 3386//5200 1807//5200 1808//5200 
f 3386//5201 1809//5201 3382//5201 
f 3387//5202 3384//5202 3383//5202 
f 3388//5203 3380//5203 3381//5203 
f 3388//5204 3381//5204 3389//5204 
f 3390//5205 3384//5205 3387//5205 
f 3390//5206 1806//5206 1807//5206 
f 3390//5207 3386//5207 3384//5207 
f 3390//5208 1807//5208 3386//5208 
f 3391//5209 3392//5209 3393//5209 
f 3391//5210 3394//5210 3392//5210 
f 3395//5211 3396//5211 3394//5211 
f 3395//5212 3397//5212 3396//5212 
f 3398//5213 3380//5213 3388//5213 
f 3398//5214 3399//5214 3380//5214 
f 3400//5215 3391//5215 3393//5215 
f 3400//5216 3393//5216 3401//5216 
f 3402//5217 1803//5217 1804//5217 
f 3403//5218 3404//5218 3405//5218 
f 3406//5219 3407//5219 3408//5219 
f 3406//5220 3409//5220 3407//5220 
f 3406//5221 3410//5221 3409//5221 
f 3411//5222 1800//5222 1801//5222 
f 3312//5223 3412//5223 3413//5223 
f 3414//5224 3415//5224 3416//5224 
f 3414//5225 3417//5225 3415//5225 
f 3418//5226 3312//5226 3413//5226 
f 3419//5227 3420//5227 3421//5227 
f 3419//5228 3422//5228 3420//5228 
f 3423//5229 3418//5229 3424//5229 
f 3423//5230 3425//5230 3418//5230 
f 3426//5231 3423//5231 3424//5231 
f 3426//5232 3424//5232 3320//5232 
f 3329//5233 3427//5233 3428//5233 
f 3429//5234 3339//5234 3352//5234 
f 3429//5235 1846//5235 3339//5235 
f 3429//5236 1847//5236 1846//5236 
f 3430//5237 3352//5237 3351//5237 
f 3430//5238 1847//5238 3429//5238 
f 3430//5239 3429//5239 3352//5239 
f 3430//5240 1848//5240 1847//5240 
f 3431//5241 1848//5241 3430//5241 
f 3431//5242 3430//5242 3351//5242 
f 3431//5243 1849//5243 1848//5243 
f 3432//5244 3431//5244 3351//5244 
f 3432//5245 1849//5245 3431//5245 
f 3433//5246 1850//5246 1849//5246 
f 3433//5247 1849//5247 3432//5247 
f 3433//5248 3432//5248 3351//5248 
f 3433//5249 3351//5249 3359//5249 
f 3434//5250 1851//5250 1850//5250 
f 3434//5251 1852//5251 1851//5251 
f 3434//5252 1850//5252 3433//5252 
f 3434//5253 3433//5253 3359//5253 
f 3434//5254 3359//5254 3357//5254 
f 3434//5255 3357//5255 1852//5255 
f 3435//5256 3361//5256 3436//5256 
f 3435//5257 3360//5257 3361//5257 
f 3435//5258 3363//5258 3360//5258 
f 3437//5259 1855//5259 1854//5259 
f 3437//5260 3357//5260 3362//5260 
f 3437//5261 1854//5261 3357//5261 
f 3437//5262 3362//5262 3371//5262 
f 3437//5263 3364//5263 1855//5263 
f 3437//5264 3371//5264 3364//5264 
f 3438//5265 3436//5265 3367//5265 
f 3438//5266 3367//5266 3366//5266 
f 3438//5267 3435//5267 3436//5267 
f 3439//5268 1858//5268 1857//5268 
f 3439//5269 1857//5269 3364//5269 
f 3439//5270 3364//5270 3371//5270 
f 3440//5271 3365//5271 3363//5271 
f 3440//5272 3441//5272 3442//5272 
f 3443//5273 3438//5273 3366//5273 
f 3444//5274 1859//5274 1858//5274 
f 3444//5275 1858//5275 3439//5275 
f 3444//5276 3371//5276 3377//5276 
f 3444//5277 3369//5277 1859//5277 
f 3444//5278 3439//5278 3371//5278 
f 3445//5279 3368//5279 3446//5279 
f 3445//5280 3366//5280 3368//5280 
f 3445//5281 3443//5281 3366//5281 
f 3445//5282 3441//5282 3443//5282 
f 3447//5283 3444//5283 3377//5283 
f 3447//5284 3369//5284 3444//5284 
f 3448//5285 3442//5285 3381//5285 
f 3448//5286 3381//5286 3370//5286 
f 3448//5287 3365//5287 3440//5287 
f 3448//5288 3440//5288 3442//5288 
f 3448//5289 3370//5289 3365//5289 
f 3449//5290 1862//5290 1861//5290 
f 3449//5291 1861//5291 3369//5291 
f 3449//5292 3447//5292 3377//5292 
f 3449//5293 3369//5293 3447//5293 
f 3450//5294 3446//5294 3373//5294 
f 3450//5295 3445//5295 3446//5295 
f 3451//5296 3450//5296 3373//5296 
f 3451//5297 3452//5297 3450//5297 
f 3451//5298 3373//5298 3372//5298 
f 3453//5299 1863//5299 1862//5299 
f 3453//5300 1862//5300 3449//5300 
f 3453//5301 3454//5301 3375//5301 
f 3453//5302 3375//5302 1863//5302 
f 3455//5303 3451//5303 3372//5303 
f 3455//5304 3452//5304 3451//5304 
f 3456//5305 3374//5305 3457//5305 
f 3456//5306 3372//5306 3374//5306 
f 3456//5307 3452//5307 3455//5307 
f 3456//5308 3455//5308 3372//5308 
f 3458//5309 3453//5309 3449//5309 
f 3458//5310 3449//5310 3377//5310 
f 3458//5311 3377//5311 3376//5311 
f 3458//5312 3459//5312 3454//5312 
f 3458//5313 3454//5313 3453//5313 
f 3460//5314 3461//5314 3462//5314 
f 3463//5315 3389//5315 3381//5315 
f 3463//5316 3381//5316 3442//5316 
f 3464//5317 3385//5317 3378//5317 
f 3464//5318 3375//5318 3454//5318 
f 3465//5319 3389//5319 3463//5319 
f 3466//5320 3467//5320 3468//5320 
f 3469//5321 3376//5321 3380//5321 
f 3469//5322 3458//5322 3376//5322 
f 3469//5323 3459//5323 3458//5323 
f 3469//5324 3380//5324 3399//5324 
f 3470//5325 3464//5325 3454//5325 
f 3470//5326 3454//5326 3459//5326 
f 3470//5327 3383//5327 3385//5327 
f 3470//5328 3385//5328 3464//5328 
f 3471//5329 3472//5329 3473//5329 
f 3471//5330 3473//5330 3474//5330 
f 3475//5331 1871//5331 1870//5331 
f 3475//5332 1872//5332 1871//5332 
f 3475//5333 1870//5333 3379//5333 
f 3475//5334 3379//5334 3382//5334 
f 3476//5335 3378//5335 3385//5335 
f 3476//5336 3385//5336 3384//5336 
f 3476//5337 3379//5337 3378//5337 
f 3477//5338 1872//5338 3475//5338 
f 3477//5339 3475//5339 3382//5339 
f 3478//5340 1872//5340 3477//5340 
f 3478//5341 1873//5341 1872//5341 
f 3478//5342 3477//5342 3382//5342 
f 3479//5343 3480//5343 3466//5343 
f 3479//5344 3392//5344 3480//5344 
f 3481//5345 1812//5345 1875//5345 
f 3481//5346 1874//5346 1873//5346 
f 3481//5347 1875//5347 1874//5347 
f 3481//5348 1811//5348 1812//5348 
f 3482//5349 3394//5349 3396//5349 
f 3482//5350 3480//5350 3392//5350 
f 3482//5351 3392//5351 3394//5351 
f 3483//5352 1873//5352 3478//5352 
f 3483//5353 3382//5353 1810//5353 
f 3483//5354 3478//5354 3382//5354 
f 3483//5355 3481//5355 1873//5355 
f 3483//5356 1811//5356 3481//5356 
f 3483//5357 1810//5357 1811//5357 
f 3484//5358 3389//5358 3465//5358 
f 3484//5359 3485//5359 3396//5359 
f 3484//5360 3396//5360 3397//5360 
f 3484//5361 3397//5361 3389//5361 
f 3486//5362 3473//5362 3487//5362 
f 3486//5363 3474//5363 3473//5363 
f 3488//5364 3392//5364 3479//5364 
f 3489//5365 3476//5365 3384//5365 
f 3489//5366 3379//5366 3476//5366 
f 3489//5367 3384//5367 3386//5367 
f 3489//5368 3386//5368 3382//5368 
f 3489//5369 3382//5369 3379//5369 
f 3490//5370 3486//5370 3487//5370 
f 3490//5371 3491//5371 3486//5371 
f 3492//5372 3487//5372 3493//5372 
f 3492//5373 3490//5373 3487//5373 
f 3492//5374 3491//5374 3490//5374 
f 3494//5375 3393//5375 3392//5375 
f 3494//5376 3392//5376 3488//5376 
f 3495//5377 3469//5377 3399//5377 
f 3495//5378 3459//5378 3469//5378 
f 3495//5379 3470//5379 3459//5379 
f 3495//5380 3383//5380 3470//5380 
f 3495//5381 3399//5381 3496//5381 
f 3497//5382 3493//5382 3498//5382 
f 3497//5383 3492//5383 3493//5383 
f 3499//5384 3393//5384 3494//5384 
f 3500//5385 3497//5385 3498//5385 
f 3500//5386 3501//5386 3497//5386 
f 3502//5387 3498//5387 3503//5387 
f 3502//5388 3500//5388 3498//5388 
f 3502//5389 3501//5389 3500//5389 
f 3504//5390 3501//5390 3401//5390 
f 3504//5391 3401//5391 3393//5391 
f 3504//5392 3393//5392 3499//5392 
f 3505//5393 3503//5393 3506//5393 
f 3505//5394 3502//5394 3503//5394 
f 3507//5395 3496//5395 3508//5395 
f 3507//5396 3387//5396 3383//5396 
f 3507//5397 3495//5397 3496//5397 
f 3507//5398 3383//5398 3495//5398 
f 3509//5399 3505//5399 3506//5399 
f 3509//5400 3510//5400 3505//5400 
f 3511//5401 3510//5401 3509//5401 
f 3511//5402 3512//5402 3346//5402 
f 3511//5403 3506//5403 3512//5403 
f 3511//5404 3509//5404 3506//5404 
f 3513//5405 1805//5405 1806//5405 
f 3513//5406 3390//5406 3387//5406 
f 3513//5407 1806//5407 3390//5407 
f 3514//5408 3401//5408 3501//5408 
f 3514//5409 3510//5409 3515//5409 
f 3516//5410 3517//5410 3388//5410 
f 3516//5411 3388//5411 3389//5411 
f 3516//5412 3389//5412 3397//5412 
f 3518//5413 3496//5413 3399//5413 
f 3518//5414 3399//5414 3398//5414 
f 3519//5415 3401//5415 3514//5415 
f 3519//5416 3514//5416 3515//5416 
f 3520//5417 3397//5417 3395//5417 
f 3520//5418 3517//5418 3516//5418 
f 3520//5419 3516//5419 3397//5419 
f 3520//5420 3521//5420 3517//5420 
f 3522//5421 3398//5421 3388//5421 
f 3522//5422 3388//5422 3517//5422 
f 3523//5423 3524//5423 3525//5423 
f 3523//5424 3347//5424 3524//5424 
f 3523//5425 3346//5425 3347//5425 
f 3523//5426 3511//5426 3346//5426 
f 3523//5427 3510//5427 3511//5427 
f 3526//5428 3510//5428 3523//5428 
f 3526//5429 3523//5429 3525//5429 
f 3526//5430 3525//5430 3527//5430 
f 3528//5431 3395//5431 3394//5431 
f 3528//5432 3394//5432 3391//5432 
f 3529//5433 3400//5433 3401//5433 
f 3529//5434 3519//5434 3515//5434 
f 3529//5435 3515//5435 3403//5435 
f 3529//5436 3401//5436 3519//5436 
f 3530//5437 3510//5437 3526//5437 
f 3530//5438 3526//5438 3527//5438 
f 3530//5439 3515//5439 3510//5439 
f 3531//5440 1805//5440 3513//5440 
f 3531//5441 1804//5441 1805//5441 
f 3532//5442 3528//5442 3391//5442 
f 3532//5443 3533//5443 3528//5443 
f 3532//5444 3391//5444 3400//5444 
f 3534//5445 3521//5445 3520//5445 
f 3534//5446 3520//5446 3395//5446 
f 3535//5447 3402//5447 1804//5447 
f 3535//5448 1804//5448 3531//5448 
f 3536//5449 3402//5449 3535//5449 
f 3536//5450 3535//5450 3508//5450 
f 3537//5451 3400//5451 3529//5451 
f 3537//5452 3529//5452 3403//5452 
f 3538//5453 3518//5453 3398//5453 
f 3539//5454 3515//5454 3530//5454 
f 3539//5455 3530//5455 3527//5455 
f 3539//5456 3527//5456 3540//5456 
f 3541//5457 3515//5457 3539//5457 
f 3541//5458 3540//5458 3542//5458 
f 3541//5459 3539//5459 3540//5459 
f 3543//5460 3403//5460 3515//5460 
f 3543//5461 3515//5461 3541//5461 
f 3543//5462 3404//5462 3403//5462 
f 3543//5463 3542//5463 3404//5463 
f 3543//5464 3541//5464 3542//5464 
f 3544//5465 3395//5465 3528//5465 
f 3544//5466 3534//5466 3395//5466 
f 3545//5467 3533//5467 3532//5467 
f 3546//5468 1803//5468 3402//5468 
f 3546//5469 3402//5469 3536//5469 
f 3546//5470 1802//5470 1803//5470 
f 3547//5471 3522//5471 3517//5471 
f 3547//5472 3517//5472 3521//5472 
f 3547//5473 3412//5473 3522//5473 
f 3547//5474 3413//5474 3412//5474 
f 3548//5475 3538//5475 3398//5475 
f 3548//5476 3398//5476 3522//5476 
f 3548//5477 3522//5477 3412//5477 
f 3548//5478 3412//5478 3312//5478 
f 3549//5479 3521//5479 3534//5479 
f 3549//5480 3534//5480 3544//5480 
f 3550//5481 3533//5481 3545//5481 
f 3551//5482 3547//5482 3521//5482 
f 3551//5483 3413//5483 3547//5483 
f 3552//5484 1802//5484 3546//5484 
f 3552//5485 1801//5485 1802//5485 
f 3311//5486 3553//5486 3538//5486 
f 3311//5487 3538//5487 3548//5487 
f 3311//5488 3548//5488 3312//5488 
f 3554//5489 1801//5489 3552//5489 
f 3554//5490 3411//5490 1801//5490 
f 3555//5491 3521//5491 3549//5491 
f 3555//5492 3551//5492 3521//5492 
f 3556//5493 3411//5493 3554//5493 
f 3557//5494 3406//5494 3408//5494 
f 3557//5495 3558//5495 3406//5495 
f 3559//5496 3408//5496 3560//5496 
f 3559//5497 3557//5497 3408//5497 
f 3561//5498 3411//5498 3556//5498 
f 3561//5499 3556//5499 3562//5499 
f 3561//5500 1800//5500 3411//5500 
f 3561//5501 1799//5501 1800//5501 
f 3563//5502 3551//5502 3555//5502 
f 3563//5503 3418//5503 3413//5503 
f 3563//5504 3555//5504 3319//5504 
f 3563//5505 3413//5505 3551//5505 
f 3564//5506 3559//5506 3560//5506 
f 3564//5507 3560//5507 3417//5507 
f 3564//5508 3417//5508 3414//5508 
f 3565//5509 3564//5509 3414//5509 
f 3566//5510 3565//5510 3414//5510 
f 3567//5511 3313//5511 3312//5511 
f 3567//5512 3568//5512 3313//5512 
f 3567//5513 3312//5513 3418//5513 
f 3567//5514 3418//5514 3425//5514 
f 3569//5515 3416//5515 3570//5515 
f 3569//5516 3566//5516 3414//5516 
f 3569//5517 3414//5517 3416//5517 
f 3323//5518 3322//5518 3571//5518 
f 3572//5519 3570//5519 3422//5519 
f 3572//5520 3569//5520 3570//5520 
f 3572//5521 3422//5521 3419//5521 
f 3331//5522 3572//5522 3419//5522 
f 3334//5523 1795//5523 1796//5523 
f 3334//5524 3573//5524 1795//5524 
f 3574//5525 3425//5525 3423//5525 
f 3574//5526 3338//5526 3425//5526 
f 3575//5527 1794//5527 1795//5527 
f 3575//5528 1795//5528 3573//5528 
f 3576//5529 3426//5529 3577//5529 
f 3576//5530 3423//5530 3426//5530 
f 3576//5531 3574//5531 3423//5531 
f 3578//5532 1794//5532 3575//5532 
f 3579//5533 3426//5533 3320//5533 
f 3579//5534 3329//5534 3580//5534 
f 3579//5535 3320//5535 3326//5535 
f 3579//5536 3326//5536 3329//5536 
f 3581//5537 3578//5537 3582//5537 
f 3581//5538 1793//5538 1794//5538 
f 3581//5539 1794//5539 3578//5539 
f 3583//5540 3580//5540 3584//5540 
f 3583//5541 3577//5541 3426//5541 
f 3583//5542 3584//5542 3577//5542 
f 3583//5543 3426//5543 3579//5543 
f 3583//5544 3579//5544 3580//5544 
f 3585//5545 1792//5545 1793//5545 
f 3585//5546 1793//5546 3581//5546 
f 3586//5547 3585//5547 3577//5547 
f 3586//5548 1792//5548 3585//5548 
f 3587//5549 3580//5549 3329//5549 
f 3587//5550 3588//5550 3589//5550 
f 3587//5551 3428//5551 3588//5551 
f 3587//5552 3329//5552 3428//5552 
f 3590//5553 3580//5553 3587//5553 
f 3590//5554 3587//5554 3589//5554 
f 3591//5555 3586//5555 3577//5555 
f 3591//5556 1792//5556 3586//5556 
f 3591//5557 1791//5557 1792//5557 
f 3592//5558 3590//5558 3589//5558 
f 3592//5559 3589//5559 3593//5559 
f 3592//5560 3580//5560 3590//5560 
f 3594//5561 3591//5561 3577//5561 
f 3594//5562 1791//5562 3591//5562 
f 3594//5563 3577//5563 3584//5563 
f 3594//5564 1790//5564 1791//5564 
f 3595//5565 3584//5565 3580//5565 
f 3595//5566 3580//5566 3592//5566 
f 3595//5567 3592//5567 3593//5567 
f 3596//5568 3594//5568 3584//5568 
f 3596//5569 1790//5569 3594//5569 
f 3597//5570 3584//5570 3595//5570 
f 3597//5571 3593//5571 3598//5571 
f 3597//5572 3595//5572 3593//5572 
f 3599//5573 3584//5573 3597//5573 
f 3599//5574 3597//5574 3598//5574 
f 3599//5575 3600//5575 3349//5575 
f 3599//5576 3598//5576 3600//5576 
f 3599//5577 3349//5577 1788//5577 
f 3601//5578 3596//5578 3584//5578 
f 3601//5579 3584//5579 3599//5579 
f 3601//5580 1790//5580 3596//5580 
f 3601//5581 3599//5581 1788//5581 
f 3601//5582 1789//5582 1790//5582 
f 3601//5583 1788//5583 1789//5583 
f 3602//5584 3440//5584 3363//5584 
f 3602//5585 3363//5585 3435//5585 
f 3603//5586 3602//5586 3435//5586 
f 3603//5587 3435//5587 3438//5587 
f 3603//5588 3440//5588 3602//5588 
f 3603//5589 3441//5589 3440//5589 
f 3603//5590 3438//5590 3443//5590 
f 3603//5591 3443//5591 3441//5591 
f 3604//5592 3462//5592 3442//5592 
f 3604//5593 3441//5593 3445//5593 
f 3604//5594 3445//5594 3450//5594 
f 3604//5595 3442//5595 3441//5595 
f 3605//5596 3604//5596 3450//5596 
f 3605//5597 3450//5597 3452//5597 
f 3605//5598 3462//5598 3604//5598 
f 3605//5599 3460//5599 3462//5599 
f 3605//5600 3452//5600 3460//5600 
f 3606//5601 3461//5601 3465//5601 
f 3606//5602 3465//5602 3463//5602 
f 3606//5603 3462//5603 3461//5603 
f 3606//5604 3442//5604 3462//5604 
f 3606//5605 3463//5605 3442//5605 
f 3607//5606 3378//5606 1867//5606 
f 3607//5607 1866//5607 1865//5607 
f 3607//5608 1867//5608 1866//5608 
f 3607//5609 3464//5609 3378//5609 
f 3607//5610 1865//5610 3375//5610 
f 3607//5611 3375//5611 3464//5611 
f 3608//5612 3457//5612 3609//5612 
f 3608//5613 3456//5613 3457//5613 
f 3610//5614 3456//5614 3608//5614 
f 3610//5615 3608//5615 3611//5615 
f 3610//5616 3611//5616 3612//5616 
f 3610//5617 3452//5617 3456//5617 
f 3613//5618 3610//5618 3612//5618 
f 3613//5619 3612//5619 3614//5619 
f 3613//5620 3452//5620 3610//5620 
f 3613//5621 3460//5621 3452//5621 
f 3615//5622 3467//5622 3611//5622 
f 3615//5623 3468//5623 3467//5623 
f 3615//5624 3609//5624 3616//5624 
f 3615//5625 3616//5625 3468//5625 
f 3615//5626 3608//5626 3609//5626 
f 3615//5627 3611//5627 3608//5627 
f 3617//5628 3611//5628 3467//5628 
f 3617//5629 3612//5629 3611//5629 
f 3618//5630 3617//5630 3467//5630 
f 3618//5631 3466//5631 3480//5631 
f 3618//5632 3467//5632 3466//5632 
f 3618//5633 3480//5633 3617//5633 
f 3619//5634 3466//5634 3468//5634 
f 3619//5635 3479//5635 3466//5635 
f 3620//5636 3465//5636 3461//5636 
f 3620//5637 3484//5637 3465//5637 
f 3620//5638 3485//5638 3484//5638 
f 3621//5639 3614//5639 3612//5639 
f 3621//5640 3480//5640 3482//5640 
f 3621//5641 3617//5641 3480//5641 
f 3621//5642 3612//5642 3617//5642 
f 3622//5643 3488//5643 3479//5643 
f 3622//5644 3471//5644 3474//5644 
f 3622//5645 3479//5645 3619//5645 
f 3622//5646 3474//5646 3488//5646 
f 3623//5647 3488//5647 3474//5647 
f 3623//5648 3494//5648 3488//5648 
f 3624//5649 3486//5649 3491//5649 
f 3624//5650 3474//5650 3486//5650 
f 3624//5651 3623//5651 3474//5651 
f 3624//5652 3499//5652 3494//5652 
f 3624//5653 3491//5653 3499//5653 
f 3624//5654 3494//5654 3623//5654 
f 3625//5655 3491//5655 3492//5655 
f 3625//5656 3492//5656 3497//5656 
f 3625//5657 3499//5657 3491//5657 
f 3625//5658 3504//5658 3499//5658 
f 3626//5659 3501//5659 3504//5659 
f 3626//5660 3497//5660 3501//5660 
f 3626//5661 3504//5661 3625//5661 
f 3626//5662 3625//5662 3497//5662 
f 3627//5663 3510//5663 3514//5663 
f 3627//5664 3501//5664 3502//5664 
f 3627//5665 3514//5665 3501//5665 
f 3627//5666 3502//5666 3505//5666 
f 3627//5667 3505//5667 3510//5667 
f 3628//5668 3387//5668 3507//5668 
f 3628//5669 3513//5669 3387//5669 
f 3629//5670 3513//5670 3628//5670 
f 3629//5671 3628//5671 3507//5671 
f 3629//5672 3531//5672 3513//5672 
f 3629//5673 3507//5673 3508//5673 
f 3629//5674 3508//5674 3535//5674 
f 3629//5675 3535//5675 3531//5675 
f 3630//5676 3508//5676 3496//5676 
f 3630//5677 3536//5677 3508//5677 
f 3630//5678 3546//5678 3536//5678 
f 3631//5679 3538//5679 3553//5679 
f 3631//5680 3518//5680 3538//5680 
f 3632//5681 3545//5681 3532//5681 
f 3632//5682 3633//5682 3545//5682 
f 3634//5683 3558//5683 3633//5683 
f 3634//5684 3532//5684 3400//5684 
f 3634//5685 3633//5685 3632//5685 
f 3634//5686 3632//5686 3532//5686 
f 3634//5687 3400//5687 3537//5687 
f 3635//5688 3550//5688 3636//5688 
f 3635//5689 3528//5689 3533//5689 
f 3635//5690 3636//5690 3637//5690 
f 3635//5691 3549//5691 3544//5691 
f 3635//5692 3637//5692 3549//5692 
f 3635//5693 3533//5693 3550//5693 
f 3635//5694 3544//5694 3528//5694 
f 3638//5695 3546//5695 3630//5695 
f 3638//5696 3552//5696 3546//5696 
f 3639//5697 3634//5697 3537//5697 
f 3639//5698 3537//5698 3403//5698 
f 3639//5699 3403//5699 3405//5699 
f 3639//5700 3640//5700 3410//5700 
f 3639//5701 3405//5701 3640//5701 
f 3639//5702 3410//5702 3406//5702 
f 3639//5703 3558//5703 3634//5703 
f 3639//5704 3406//5704 3558//5704 
f 3641//5705 3554//5705 3552//5705 
f 3641//5706 3552//5706 3638//5706 
f 3641//5707 3642//5707 3562//5707 
f 3641//5708 3556//5708 3554//5708 
f 3641//5709 3562//5709 3556//5709 
f 3643//5710 3557//5710 3559//5710 
f 3643//5711 3633//5711 3558//5711 
f 3643//5712 3545//5712 3633//5712 
f 3643//5713 3550//5713 3545//5713 
f 3643//5714 3558//5714 3557//5714 
f 3644//5715 3636//5715 3550//5715 
f 3644//5716 3645//5716 3636//5716 
f 3644//5717 3559//5717 3564//5717 
f 3644//5718 3643//5718 3559//5718 
f 3644//5719 3550//5719 3643//5719 
f 3644//5720 3564//5720 3565//5720 
f 3644//5721 3565//5721 3645//5721 
f 3310//5722 3642//5722 3553//5722 
f 3310//5723 3553//5723 3311//5723 
f 3646//5724 3319//5724 3555//5724 
f 3646//5725 3636//5725 3647//5725 
f 3646//5726 3647//5726 3316//5726 
f 3646//5727 3316//5727 3319//5727 
f 3646//5728 3637//5728 3636//5728 
f 3646//5729 3549//5729 3637//5729 
f 3646//5730 3555//5730 3549//5730 
f 3648//5731 3561//5731 3562//5731 
f 3648//5732 3649//5732 3650//5732 
f 3314//5733 3649//5733 3310//5733 
f 3314//5734 3313//5734 3568//5734 
f 3651//5735 3636//5735 3645//5735 
f 3651//5736 3565//5736 3566//5736 
f 3651//5737 3647//5737 3636//5737 
f 3651//5738 3566//5738 3569//5738 
f 3651//5739 3645//5739 3565//5739 
f 3652//5740 3561//5740 3648//5740 
f 3652//5741 1799//5741 3561//5741 
f 3652//5742 3648//5742 3650//5742 
f 3652//5743 1798//5743 1799//5743 
f 3653//5744 3650//5744 3649//5744 
f 3653//5745 3649//5745 3314//5745 
f 3653//5746 3314//5746 3568//5746 
f 3653//5747 3571//5747 3650//5747 
f 3654//5748 3653//5748 3568//5748 
f 3654//5749 3571//5749 3653//5749 
f 3654//5750 3323//5750 3571//5750 
f 3654//5751 3568//5751 3323//5751 
f 3655//5752 3647//5752 3651//5752 
f 3655//5753 3651//5753 3569//5753 
f 3655//5754 3317//5754 3316//5754 
f 3655//5755 3316//5755 3647//5755 
f 3655//5756 3569//5756 3572//5756 
f 3655//5757 3572//5757 3331//5757 
f 3655//5758 3331//5758 3317//5758 
f 3656//5759 3652//5759 3650//5759 
f 3656//5760 1798//5760 3652//5760 
f 3656//5761 3650//5761 3571//5761 
f 3656//5762 3571//5762 3322//5762 
f 3656//5763 1797//5763 1798//5763 
f 3656//5764 3322//5764 1797//5764 
f 3318//5765 3563//5765 3319//5765 
f 3318//5766 3424//5766 3418//5766 
f 3318//5767 3320//5767 3424//5767 
f 3318//5768 3418//5768 3563//5768 
f 3324//5769 3568//5769 3567//5769 
f 3324//5770 3567//5770 3425//5770 
f 3324//5771 3425//5771 3338//5771 
f 3324//5772 3323//5772 3568//5772 
f 3333//5773 3573//5773 3334//5773 
f 3333//5774 3338//5774 3573//5774 
f 3657//5775 3582//5775 3578//5775 
f 3657//5776 3338//5776 3574//5776 
f 3657//5777 3575//5777 3573//5777 
f 3657//5778 3574//5778 3582//5778 
f 3657//5779 3578//5779 3575//5779 
f 3657//5780 3573//5780 3338//5780 
f 3327//5781 3421//5781 3658//5781 
f 3327//5782 3419//5782 3421//5782 
f 3327//5783 3331//5783 3419//5783 
f 3328//5784 3427//5784 3329//5784 
f 3328//5785 3658//5785 3427//5785 
f 3328//5786 3327//5786 3658//5786 
f 3659//5787 3585//5787 3581//5787 
f 3659//5788 3582//5788 3574//5788 
f 3659//5789 3574//5789 3576//5789 
f 3659//5790 3581//5790 3582//5790 
f 3660//5791 3585//5791 3659//5791 
f 3660//5792 3577//5792 3585//5792 
f 3660//5793 3576//5793 3577//5793 
f 3660//5794 3659//5794 3576//5794 
f 3661//5795 3620//5795 3461//5795 
f 3661//5796 3460//5796 3613//5796 
f 3661//5797 3485//5797 3620//5797 
f 3661//5798 3461//5798 3460//5798 
f 3662//5799 3661//5799 3613//5799 
f 3662//5800 3614//5800 3485//5800 
f 3662//5801 3613//5801 3614//5801 
f 3662//5802 3485//5802 3661//5802 
f 3663//5803 3468//5803 3616//5803 
f 3663//5804 3619//5804 3468//5804 
f 3664//5805 3616//5805 3472//5805 
f 3664//5806 3622//5806 3619//5806 
f 3664//5807 3663//5807 3616//5807 
f 3664//5808 3619//5808 3663//5808 
f 3665//5809 3664//5809 3472//5809 
f 3665//5810 3472//5810 3471//5810 
f 3665//5811 3622//5811 3664//5811 
f 3665//5812 3471//5812 3622//5812 
f 3666//5813 3485//5813 3614//5813 
f 3666//5814 3396//5814 3485//5814 
f 3666//5815 3614//5815 3621//5815 
f 3666//5816 3482//5816 3396//5816 
f 3666//5817 3621//5817 3482//5817 
f 3667//5818 3518//5818 3631//5818 
f 3667//5819 3496//5819 3518//5819 
f 3667//5820 3638//5820 3630//5820 
f 3667//5821 3630//5821 3496//5821 
f 3668//5822 3631//5822 3553//5822 
f 3668//5823 3638//5823 3667//5823 
f 3668//5824 3642//5824 3641//5824 
f 3668//5825 3553//5825 3642//5825 
f 3668//5826 3641//5826 3638//5826 
f 3668//5827 3667//5827 3631//5827 
f 3669//5828 3642//5828 3310//5828 
f 3669//5829 3310//5829 3649//5829 
f 3669//5830 3649//5830 3648//5830 
f 3669//5831 3562//5831 3642//5831 
f 3669//5832 3648//5832 3562//5832 
f 3309//5833 3314//5833 3310//5833 
f 3670//5834 3671//5834 3672//5834 
f 3673//5835 3670//5835 3672//5835 
f 3674//5836 3670//5836 3673//5836 
f 3675//5837 3674//5837 3673//5837 
f 3676//5838 3674//5838 3675//5838 
f 3677//5839 3676//5839 3675//5839 
f 3678//5840 3676//5840 3677//5840 
f 3679//5841 3678//5841 3677//5841 
f 3680//5842 3678//5842 3679//5842 
f 3681//5843 3680//5843 3679//5843 
f 3682//5844 3680//5844 3681//5844 
f 3683//5845 3682//5845 3681//5845 
f 3684//5846 3682//5846 3683//5846 
f 3685//5847 3684//5847 3683//5847 
f 3686//5848 3684//5848 3685//5848 
f 3687//5849 3686//5849 3685//5849 
f 3688//5850 3686//5850 3687//5850 
f 3689//5851 3688//5851 3687//5851 
f 3690//5852 3688//5852 3689//5852 
f 3691//5853 3690//5853 3689//5853 
f 3692//5854 3690//5854 3691//5854 
f 3693//5855 3692//5855 3691//5855 
f 3694//5856 3692//5856 3693//5856 
f 3695//5857 3694//5857 3693//5857 
f 3696//5858 3694//5858 3695//5858 
f 3697//5859 3696//5859 3695//5859 
f 3698//5860 3696//5860 3697//5860 
f 3699//5861 3698//5861 3697//5861 
f 3700//5862 3698//5862 3699//5862 
f 3701//5863 3698//5863 3700//5863 
f 3702//5864 3701//5864 3700//5864 
f 3703//5865 3701//5865 3702//5865 
f 3704//5866 3703//5866 3702//5866 
f 3705//5867 3704//5867 1813//5867 
f 3705//5868 3703//5868 3704//5868 
f 3706//5869 3705//5869 1813//5869 
f 3417//5870 3416//5870 3415//5870 
f 3560//5871 3570//5871 3416//5871 
f 3560//5872 3416//5872 3417//5872 
f 3408//5873 3422//5873 3570//5873 
f 3408//5874 3570//5874 3560//5874 
f 3407//5875 3420//5875 3422//5875 
f 3407//5876 3422//5876 3408//5876 
f 3409//5877 3421//5877 3420//5877 
f 3409//5878 3420//5878 3407//5878 
f 3410//5879 3658//5879 3421//5879 
f 3410//5880 3421//5880 3409//5880 
f 3640//5881 3427//5881 3658//5881 
f 3640//5882 3658//5882 3410//5882 
f 3405//5883 3428//5883 3427//5883 
f 3405//5884 3427//5884 3640//5884 
f 3404//5885 3588//5885 3428//5885 
f 3404//5886 3428//5886 3405//5886 
f 3542//5887 3589//5887 3588//5887 
f 3542//5888 3588//5888 3404//5888 
f 3540//5889 3593//5889 3589//5889 
f 3540//5890 3589//5890 3542//5890 
f 3527//5891 3598//5891 3593//5891 
f 3527//5892 3593//5892 3540//5892 
f 3525//5893 3600//5893 3598//5893 
f 3525//5894 3598//5894 3527//5894 
f 3524//5895 3349//5895 3600//5895 
f 3524//5896 3600//5896 3525//5896 
f 3347//5897 3349//5897 3524//5897 
f 3345//5898 3348//5898 3349//5898 
f 3345//5899 3349//5899 3347//5899 
f 3343//5900 3350//5900 3348//5900 
f 3343//5901 3348//5901 3345//5901 
f 3340//5902 3350//5902 3343//5902 
f 3340//5903 1785//5903 3350//5903 
f 3342//5904 1785//5904 3340//5904 
f 3707//5905 1785//5905 3342//5905 
f 3707//5906 1813//5906 1785//5906 
f 3707//5907 3706//5907 1813//5907 
f 3708//5908 3709//5908 3710//5908 
f 3711//5909 3709//5909 3712//5909 
f 3713//5910 3709//5910 3708//5910 
f 3712//5911 3709//5911 3713//5911 
f 3710//5912 3709//5912 3714//5912 
f 3714//5913 3709//5913 3711//5913 
f 3715//5914 3716//5914 3717//5914 
f 3718//5915 3716//5915 3715//5915 
f 3717//5916 3716//5916 3719//5916 
f 3719//5917 3716//5917 3720//5917 
f 3720//5918 3716//5918 3718//5918 
f 3721//5919 3722//5919 3723//5919 
f 3724//5920 3722//5920 3725//5920 
f 3725//5921 3722//5921 3721//5921 
f 3714//5922 3722//5922 3724//5922 
f 3723//5923 3722//5923 3714//5923 
f 3726//5924 3727//5924 3728//5924 
f 3725//5925 3727//5925 3729//5925 
f 3721//5926 3727//5926 3725//5926 
f 3728//5927 3727//5927 3721//5927 
f 3729//5928 3727//5928 3726//5928 
f 3730//5929 3731//5929 3732//5929 
f 3732//5930 3731//5930 3733//5930 
f 3734//5931 3731//5931 3730//5931 
f 3733//5932 3731//5932 3735//5932 
f 3735//5933 3731//5933 3734//5933 
f 3736//5934 3737//5934 3738//5934 
f 3739//5935 3737//5935 3740//5935 
f 3741//5936 3737//5936 3736//5936 
f 3730//5937 3737//5937 3741//5937 
f 3740//5938 3737//5938 3730//5938 
f 3738//5939 3737//5939 3739//5939 
f 1880//5940 3742//5940 1878//5940 
f 1878//5941 3742//5941 1879//5941 
f 1880//5942 1881//5942 3742//5942 
f 3743//5943 3744//5943 3745//5943 
f 3746//5944 3744//5944 3747//5944 
f 3748//5945 3744//5945 3743//5945 
f 3745//5946 3744//5946 3746//5946 
f 3747//5947 3744//5947 3748//5947 
f 3748//5948 3749//5948 3750//5948 
f 3750//5949 3749//5949 3751//5949 
f 3751//5950 3749//5950 3752//5950 
f 3752//5951 3749//5951 3753//5951 
f 3753//5952 3749//5952 3748//5952 
f 3754//5953 3755//5953 3756//5953 
f 3757//5954 3755//5954 3754//5954 
f 3758//5955 3755//5955 3757//5955 
f 3758//5956 3759//5956 3755//5956 
f 3756//5957 3759//5957 3760//5957 
f 3755//5958 3759//5958 3756//5958 
f 3760//5959 3759//5959 3761//5959 
f 3762//5960 3763//5960 3764//5960 
f 3761//5961 3763//5961 3762//5961 
f 3758//5962 3763//5962 3759//5962 
f 3764//5963 3763//5963 3758//5963 
f 3759//5964 3763//5964 3761//5964 
f 3765//5965 3766//5965 3767//5965 
f 3760//5966 3766//5966 3765//5966 
f 3761//5967 3766//5967 3760//5967 
f 3768//5968 3766//5968 3761//5968 
f 3767//5969 3766//5969 3768//5969 
f 1815//5970 1814//5970 1912//5970 
f 1814//5971 1816//5971 1912//5971 
f 1912//5972 1816//5972 1911//5972 
f 1911//5973 1816//5973 1910//5973 
f 1816//5974 1817//5974 1910//5974 
f 3769//5975 3703//5975 3770//5975 
f 3770//5976 3703//5976 3771//5976 
f 3771//5977 3703//5977 3705//5977 
f 3772//5978 3701//5978 3769//5978 
f 3769//5979 3701//5979 3703//5979 
f 3772//5980 3698//5980 3701//5980 
f 1840//5981 3700//5981 3699//5981 
f 1840//5982 1841//5982 3700//5982 
f 1841//5983 3702//5983 3700//5983 
f 1841//5984 1842//5984 3702//5984 
f 1842//5985 3704//5985 3702//5985 
f 1842//5986 1813//5986 3704//5986 
f 3773//5987 3774//5987 3775//5987 
f 1887//5988 3776//5988 1886//5988 
f 3775//5989 3777//5989 3778//5989 
f 3778//5990 3777//5990 3779//5990 
f 3774//5991 3777//5991 3775//5991 
f 1889//5992 3780//5992 1888//5992 
f 1888//5993 3780//5993 1887//5993 
f 1887//5994 3780//5994 3776//5994 
f 3776//5995 3781//5995 3774//5995 
f 3774//5996 3781//5996 3777//5996 
f 3779//5997 3782//5997 3783//5997 
f 3777//5998 3782//5998 3779//5998 
f 3780//5999 3784//5999 3776//5999 
f 3776//6000 3784//6000 3781//6000 
f 3781//6001 3785//6001 3777//6001 
f 3777//6002 3785//6002 3782//6002 
f 1893//6003 3786//6003 1892//6003 
f 1892//6004 3786//6004 1891//6004 
f 3784//6005 3787//6005 3781//6005 
f 3781//6006 3787//6006 3785//6006 
f 3788//6007 3789//6007 3790//6007 
f 1897//6008 3791//6008 1896//6008 
f 1896//6009 3791//6009 1895//6009 
f 3784//6010 3792//6010 3787//6010 
f 3793//6011 3792//6011 3784//6011 
f 3794//6012 3795//6012 3796//6012 
f 1901//6013 3797//6013 1900//6013 
f 1900//6014 3797//6014 1899//6014 
f 3798//6015 3799//6015 3793//6015 
f 3793//6016 3799//6016 3792//6016 
f 1904//6017 3800//6017 1903//6017 
f 1903//6018 3800//6018 1902//6018 
f 3801//6019 3802//6019 3800//6019 
f 1819//6020 3803//6020 1818//6020 
f 3801//6021 3804//6021 3802//6021 
f 1819//6022 3805//6022 3803//6022 
f 1821//6023 3805//6023 1820//6023 
f 1820//6024 3805//6024 1819//6024 
f 3802//6025 3806//6025 3807//6025 
f 3804//6026 3806//6026 3802//6026 
f 3808//6027 3809//6027 3810//6027 
f 3810//6028 3809//6028 3811//6028 
f 3805//6029 3812//6029 3804//6029 
f 3804//6030 3812//6030 3806//6030 
f 1821//6031 3812//6031 3805//6031 
f 1822//6032 3812//6032 1821//6032 
f 3813//6033 3814//6033 3717//6033 
f 3717//6034 3814//6034 3815//6034 
f 3816//6035 3817//6035 3808//6035 
f 3808//6036 3817//6036 3809//6036 
f 3818//6037 3819//6037 3820//6037 
f 3820//6038 3819//6038 3821//6038 
f 1825//6039 3822//6039 1824//6039 
f 3686//6040 3735//6040 3684//6040 
f 3678//6041 3823//6041 3676//6041 
f 1828//6042 3824//6042 1827//6042 
f 3670//6043 3825//6043 3671//6043 
f 3671//6044 3825//6044 3672//6044 
f 3826//6045 3827//6045 3828//6045 
f 3751//6046 3827//6046 3826//6046 
f 1832//6047 3829//6047 1831//6047 
f 3830//6048 3764//6048 3827//6048 
f 3675//6049 3831//6049 3677//6049 
f 3677//6050 3831//6050 3679//6050 
f 3830//6051 3832//6051 3764//6051 
f 3764//6052 3833//6052 3762//6052 
f 3832//6053 3833//6053 3764//6053 
f 3685//6054 3767//6054 3687//6054 
f 3742//6055 3834//6055 3835//6055 
f 1883//6056 3834//6056 1882//6056 
f 1882//6057 3834//6057 1881//6057 
f 1881//6058 3834//6058 3742//6058 
f 3835//6059 3836//6059 3773//6059 
f 3773//6060 3836//6060 3774//6060 
f 1883//6061 3836//6061 3834//6061 
f 3834//6062 3836//6062 3835//6062 
f 1884//6063 3837//6063 1883//6063 
f 1883//6064 3837//6064 3836//6064 
f 3836//6065 3837//6065 3774//6065 
f 3837//6066 3838//6066 3774//6066 
f 1884//6067 3838//6067 3837//6067 
f 1886//6068 3839//6068 1885//6068 
f 1885//6069 3839//6069 1884//6069 
f 3838//6070 3839//6070 3774//6070 
f 3776//6071 3839//6071 1886//6071 
f 3774//6072 3839//6072 3776//6072 
f 1884//6073 3839//6073 3838//6073 
f 3783//6074 3840//6074 3841//6074 
f 3782//6075 3840//6075 3783//6075 
f 3785//6076 3840//6076 3782//6076 
f 3784//6077 3842//6077 3793//6077 
f 3793//6078 3842//6078 3786//6078 
f 3780//6079 3842//6079 3784//6079 
f 3841//6080 3843//6080 3788//6080 
f 3840//6081 3843//6081 3841//6081 
f 3793//6082 3844//6082 3798//6082 
f 1894//6083 3844//6083 1893//6083 
f 1893//6084 3844//6084 3786//6084 
f 3786//6085 3844//6085 3793//6085 
f 3788//6086 3845//6086 3789//6086 
f 3843//6087 3845//6087 3788//6087 
f 3787//6088 3846//6088 3785//6088 
f 3847//6089 3846//6089 3848//6089 
f 3847//6090 3849//6090 3845//6090 
f 3845//6091 3849//6091 3789//6091 
f 3844//6092 3850//6092 3798//6092 
f 1895//6093 3850//6093 1894//6093 
f 1894//6094 3850//6094 3844//6094 
f 3791//6095 3850//6095 1895//6095 
f 3790//6096 3851//6096 3852//6096 
f 3789//6097 3851//6097 3790//6097 
f 3847//6098 3851//6098 3849//6098 
f 3849//6099 3851//6099 3789//6099 
f 3791//6100 3853//6100 3850//6100 
f 3850//6101 3853//6101 3798//6101 
f 3792//6102 3854//6102 3787//6102 
f 3787//6103 3854//6103 3846//6103 
f 3846//6104 3854//6104 3848//6104 
f 3848//6105 3854//6105 3810//6105 
f 1898//6106 3855//6106 1897//6106 
f 1897//6107 3855//6107 3791//6107 
f 3853//6108 3855//6108 3798//6108 
f 3791//6109 3855//6109 3853//6109 
f 3852//6110 3856//6110 3794//6110 
f 3851//6111 3856//6111 3852//6111 
f 3856//6112 3857//6112 3794//6112 
f 3794//6113 3857//6113 3795//6113 
f 1899//6114 3858//6114 1898//6114 
f 3859//6115 3858//6115 3797//6115 
f 3797//6116 3858//6116 1899//6116 
f 1898//6117 3858//6117 3855//6117 
f 3857//6118 3860//6118 3795//6118 
f 3861//6119 3860//6119 3857//6119 
f 3796//6120 3862//6120 3863//6120 
f 3795//6121 3862//6121 3796//6121 
f 3860//6122 3862//6122 3795//6122 
f 3861//6123 3862//6123 3860//6123 
f 3799//6124 3864//6124 3792//6124 
f 3810//6125 3864//6125 3808//6125 
f 3854//6126 3864//6126 3810//6126 
f 3792//6127 3864//6127 3854//6127 
f 3798//6128 3865//6128 3799//6128 
f 3866//6129 3865//6129 3859//6129 
f 3855//6130 3865//6130 3798//6130 
f 3859//6131 3865//6131 3858//6131 
f 3858//6132 3865//6132 3855//6132 
f 3867//6133 3868//6133 3869//6133 
f 3810//6134 3870//6134 3848//6134 
f 3811//6135 3870//6135 3810//6135 
f 1902//6136 3871//6136 1901//6136 
f 3802//6137 3871//6137 3800//6137 
f 3797//6138 3871//6138 3859//6138 
f 1901//6139 3871//6139 3797//6139 
f 3800//6140 3871//6140 1902//6140 
f 1906//6141 3872//6141 1905//6141 
f 1905//6142 3872//6142 1904//6142 
f 1904//6143 3872//6143 3800//6143 
f 3800//6144 3872//6144 3801//6144 
f 3811//6145 3873//6145 3870//6145 
f 3874//6146 3708//6146 3875//6146 
f 3799//6147 3876//6147 3864//6147 
f 3865//6148 3876//6148 3799//6148 
f 3808//6149 3876//6149 3816//6149 
f 3864//6150 3876//6150 3808//6150 
f 3866//6151 3876//6151 3865//6151 
f 3873//6152 3719//6152 3867//6152 
f 3802//6153 3877//6153 3871//6153 
f 3859//6154 3877//6154 3866//6154 
f 3807//6155 3877//6155 3802//6155 
f 3871//6156 3877//6156 3859//6156 
f 3878//6157 3879//6157 3880//6157 
f 3880//6158 3879//6158 3725//6158 
f 1907//6159 3881//6159 1906//6159 
f 3872//6160 3881//6160 3801//6160 
f 1906//6161 3881//6161 3872//6161 
f 3801//6162 3881//6162 3803//6162 
f 1907//6163 3882//6163 3881//6163 
f 3881//6164 3882//6164 3803//6164 
f 1907//6165 3883//6165 3882//6165 
f 3882//6166 3883//6166 3803//6166 
f 1908//6167 3883//6167 1907//6167 
f 3883//6168 3884//6168 3803//6168 
f 1908//6169 3884//6169 3883//6169 
f 3803//6170 3884//6170 1818//6170 
f 1909//6171 3884//6171 1908//6171 
f 3719//6172 3885//6172 3717//6172 
f 3811//6173 3885//6173 3873//6173 
f 3873//6174 3885//6174 3719//6174 
f 3717//6175 3885//6175 3813//6175 
f 3880//6176 3729//6176 3886//6176 
f 3725//6177 3729//6177 3880//6177 
f 1817//6178 3887//6178 1910//6178 
f 3884//6179 3887//6179 1818//6179 
f 1909//6180 3887//6180 3884//6180 
f 1818//6181 3887//6181 1817//6181 
f 1910//6182 3887//6182 1909//6182 
f 3804//6183 3888//6183 3805//6183 
f 3801//6184 3888//6184 3804//6184 
f 3805//6185 3888//6185 3803//6185 
f 3803//6186 3888//6186 3801//6186 
f 3729//6187 3889//6187 3886//6187 
f 3717//6188 3890//6188 3715//6188 
f 3815//6189 3890//6189 3717//6189 
f 3891//6190 3890//6190 3815//6190 
f 3886//6191 3892//6191 3893//6191 
f 3894//6192 3892//6192 3889//6192 
f 3889//6193 3892//6193 3886//6193 
f 3877//6194 3895//6194 3866//6194 
f 3807//6195 3895//6195 3877//6195 
f 3876//6196 3895//6196 3816//6196 
f 3816//6197 3895//6197 3896//6197 
f 3866//6198 3895//6198 3876//6198 
f 3892//6199 3897//6199 3893//6199 
f 3893//6200 3897//6200 3898//6200 
f 3897//6201 3899//6201 3898//6201 
f 3900//6202 3899//6202 3897//6202 
f 3898//6203 3901//6203 3902//6203 
f 3899//6204 3901//6204 3898//6204 
f 3900//6205 3901//6205 3899//6205 
f 3821//6206 3903//6206 3820//6206 
f 3900//6207 3903//6207 3821//6207 
f 3820//6208 3903//6208 3904//6208 
f 3885//6209 3905//6209 3813//6209 
f 3811//6210 3905//6210 3885//6210 
f 3809//6211 3905//6211 3811//6211 
f 3807//6212 3906//6212 3895//6212 
f 3806//6213 3906//6213 3807//6213 
f 3896//6214 3906//6214 3907//6214 
f 3895//6215 3906//6215 3896//6215 
f 3902//6216 3908//6216 3909//6216 
f 3901//6217 3908//6217 3902//6217 
f 3908//6218 3910//6218 3909//6218 
f 3911//6219 3910//6219 3908//6219 
f 3911//6220 3912//6220 3910//6220 
f 3910//6221 3912//6221 3909//6221 
f 3909//6222 3912//6222 3913//6222 
f 3913//6223 3912//6223 3772//6223 
f 3812//6224 3914//6224 3806//6224 
f 1823//6225 3914//6225 1822//6225 
f 1822//6226 3914//6226 3812//6226 
f 3911//6227 3915//6227 3916//6227 
f 3821//6228 3915//6228 3900//6228 
f 3915//6229 3917//6229 3916//6229 
f 3821//6230 3917//6230 3915//6230 
f 3813//6231 3918//6231 3814//6231 
f 3919//6232 3918//6232 3920//6232 
f 3920//6233 3918//6233 3905//6233 
f 3905//6234 3918//6234 3813//6234 
f 3809//6235 3921//6235 3905//6235 
f 3817//6236 3921//6236 3809//6236 
f 3905//6237 3921//6237 3920//6237 
f 3911//6238 3922//6238 3912//6238 
f 3698//6239 3922//6239 3696//6239 
f 3696//6240 3922//6240 3694//6240 
f 3772//6241 3922//6241 3698//6241 
f 3912//6242 3922//6242 3772//6242 
f 3814//6243 3923//6243 3815//6243 
f 3815//6244 3923//6244 3818//6244 
f 3911//6245 3924//6245 3922//6245 
f 3922//6246 3924//6246 3694//6246 
f 3694//6247 3924//6247 3692//6247 
f 3916//6248 3925//6248 3911//6248 
f 3911//6249 3925//6249 3924//6249 
f 3924//6250 3925//6250 3692//6250 
f 3822//6251 3926//6251 1824//6251 
f 1824//6252 3926//6252 1823//6252 
f 1823//6253 3926//6253 3914//6253 
f 3927//6254 3928//6254 3923//6254 
f 3923//6255 3928//6255 3818//6255 
f 3818//6256 3928//6256 3819//6256 
f 3919//6257 3929//6257 3918//6257 
f 3814//6258 3929//6258 3923//6258 
f 3918//6259 3929//6259 3814//6259 
f 3822//6260 3930//6260 3926//6260 
f 3821//6261 3733//6261 3917//6261 
f 3916//6262 3733//6262 3735//6262 
f 3917//6263 3733//6263 3916//6263 
f 3819//6264 3733//6264 3821//6264 
f 3916//6265 3931//6265 3925//6265 
f 3692//6266 3931//6266 3690//6266 
f 3925//6267 3931//6267 3692//6267 
f 3931//6268 3932//6268 3690//6268 
f 3916//6269 3932//6269 3931//6269 
f 3735//6270 3933//6270 3916//6270 
f 3686//6271 3933//6271 3735//6271 
f 3690//6272 3933//6272 3688//6272 
f 3688//6273 3933//6273 3686//6273 
f 3916//6274 3933//6274 3932//6274 
f 3932//6275 3933//6275 3690//6275 
f 3919//6276 3934//6276 3929//6276 
f 3923//6277 3934//6277 3927//6277 
f 3929//6278 3934//6278 3923//6278 
f 3921//6279 3935//6279 3920//6279 
f 3826//6280 3935//6280 3921//6280 
f 3927//6281 3936//6281 3928//6281 
f 3930//6282 3937//6282 3907//6282 
f 1825//6283 3937//6283 3822//6283 
f 3822//6284 3937//6284 3930//6284 
f 1826//6285 3937//6285 1825//6285 
f 3828//6286 3938//6286 3826//6286 
f 3920//6287 3938//6287 3919//6287 
f 3935//6288 3938//6288 3920//6288 
f 3826//6289 3938//6289 3935//6289 
f 3939//6290 3940//6290 3817//6290 
f 3921//6291 3940//6291 3826//6291 
f 3817//6292 3940//6292 3921//6292 
f 3826//6293 3940//6293 3751//6293 
f 3919//6294 3941//6294 3934//6294 
f 3927//6295 3942//6295 3936//6295 
f 3919//6296 3943//6296 3941//6296 
f 3938//6297 3943//6297 3919//6297 
f 3828//6298 3943//6298 3938//6298 
f 1826//6299 3944//6299 3937//6299 
f 1827//6300 3944//6300 1826//6300 
f 3945//6301 3750//6301 3939//6301 
f 3939//6302 3750//6302 3940//6302 
f 3940//6303 3750//6303 3751//6303 
f 1827//6304 3946//6304 3944//6304 
f 3824//6305 3946//6305 1827//6305 
f 3944//6306 3946//6306 3746//6306 
f 3941//6307 3947//6307 3948//6307 
f 3943//6308 3947//6308 3941//6308 
f 3828//6309 3947//6309 3943//6309 
f 3946//6310 3949//6310 3746//6310 
f 3824//6311 3949//6311 3946//6311 
f 3736//6312 3950//6312 3823//6312 
f 3676//6313 3950//6313 3674//6313 
f 3823//6314 3950//6314 3676//6314 
f 3948//6315 3951//6315 3942//6315 
f 3747//6316 3748//6316 3945//6316 
f 3945//6317 3748//6317 3750//6317 
f 3824//6318 3952//6318 3949//6318 
f 3949//6319 3952//6319 3746//6319 
f 1828//6320 3952//6320 3824//6320 
f 1829//6321 3952//6321 1828//6321 
f 3828//6322 3953//6322 3947//6322 
f 3827//6323 3953//6323 3828//6323 
f 3670//6324 3954//6324 3825//6324 
f 3950//6325 3954//6325 3674//6325 
f 3674//6326 3954//6326 3670//6326 
f 3954//6327 3955//6327 3825//6327 
f 3955//6328 3956//6328 3825//6328 
f 3830//6329 3752//6329 3957//6329 
f 3751//6330 3752//6330 3827//6330 
f 3827//6331 3752//6331 3830//6331 
f 3956//6332 3958//6332 3825//6332 
f 3672//6333 3958//6333 3673//6333 
f 3825//6334 3958//6334 3672//6334 
f 3757//6335 3754//6335 3959//6335 
f 3829//6336 3960//6336 3961//6336 
f 3673//6337 3962//6337 3675//6337 
f 3958//6338 3962//6338 3673//6338 
f 3962//6339 3963//6339 3675//6339 
f 3675//6340 3963//6340 3831//6340 
f 3963//6341 3964//6341 3831//6341 
f 3957//6342 3965//6342 3830//6342 
f 3960//6343 3965//6343 3957//6343 
f 1833//6344 3966//6344 1832//6344 
f 1832//6345 3966//6345 3829//6345 
f 3967//6346 3966//6346 1833//6346 
f 3965//6347 3968//6347 3830//6347 
f 3830//6348 3968//6348 3832//6348 
f 3756//6349 3760//6349 3964//6349 
f 3968//6350 3969//6350 3832//6350 
f 1834//6351 3970//6351 1833//6351 
f 1833//6352 3970//6352 3967//6352 
f 3833//6353 3971//6353 3972//6353 
f 3832//6354 3971//6354 3833//6354 
f 3969//6355 3971//6355 3832//6355 
f 1834//6356 3973//6356 3970//6356 
f 3970//6357 3973//6357 3974//6357 
f 3762//6358 3975//6358 3768//6358 
f 3833//6359 3975//6359 3762//6359 
f 3767//6360 3975//6360 3976//6360 
f 3768//6361 3975//6361 3767//6361 
f 1834//6362 3977//6362 3973//6362 
f 1835//6363 3977//6363 1834//6363 
f 3973//6364 3977//6364 3974//6364 
f 3975//6365 3978//6365 3976//6365 
f 3833//6366 3978//6366 3975//6366 
f 3972//6367 3978//6367 3833//6367 
f 3976//6368 3978//6368 3979//6368 
f 3979//6369 3978//6369 3972//6369 
f 1835//6370 3980//6370 3977//6370 
f 1836//6371 3980//6371 1835//6371 
f 3980//6372 3981//6372 3972//6372 
f 1836//6373 3981//6373 3980//6373 
f 3687//6374 3982//6374 3689//6374 
f 3976//6375 3982//6375 3767//6375 
f 3767//6376 3982//6376 3687//6376 
f 3981//6377 3983//6377 3972//6377 
f 1836//6378 3983//6378 3981//6378 
f 1837//6379 3983//6379 1836//6379 
f 3976//6380 3984//6380 3982//6380 
f 3689//6381 3984//6381 3691//6381 
f 3982//6382 3984//6382 3689//6382 
f 3976//6383 3985//6383 3984//6383 
f 3984//6384 3985//6384 3691//6384 
f 3691//6385 3985//6385 3693//6385 
f 1837//6386 3986//6386 3983//6386 
f 3983//6387 3986//6387 3972//6387 
f 3972//6388 3986//6388 3979//6388 
f 1838//6389 3986//6389 1837//6389 
f 3979//6390 3987//6390 3976//6390 
f 3976//6391 3987//6391 3985//6391 
f 3985//6392 3987//6392 3693//6392 
f 3986//6393 3988//6393 3979//6393 
f 1838//6394 3988//6394 3986//6394 
f 3979//6395 3989//6395 3987//6395 
f 3987//6396 3989//6396 3693//6396 
f 3693//6397 3989//6397 3695//6397 
f 3979//6398 3990//6398 3989//6398 
f 3989//6399 3990//6399 3695//6399 
f 3695//6400 3990//6400 3697//6400 
f 3697//6401 3990//6401 3699//6401 
f 3699//6402 3990//6402 1840//6402 
f 1838//6403 3991//6403 3988//6403 
f 3979//6404 3991//6404 3990//6404 
f 3990//6405 3991//6405 1840//6405 
f 1840//6406 3991//6406 1839//6406 
f 1839//6407 3991//6407 1838//6407 
f 3988//6408 3991//6408 3979//6408 
f 1889//6409 3992//6409 3780//6409 
f 1891//6410 3992//6410 1890//6410 
f 1890//6411 3992//6411 1889//6411 
f 3786//6412 3992//6412 1891//6412 
f 3780//6413 3992//6413 3842//6413 
f 3842//6414 3992//6414 3786//6414 
f 3785//6415 3993//6415 3840//6415 
f 3846//6416 3993//6416 3785//6416 
f 3840//6417 3994//6417 3843//6417 
f 3845//6418 3994//6418 3847//6418 
f 3843//6419 3994//6419 3845//6419 
f 3993//6420 3994//6420 3840//6420 
f 3846//6421 3994//6421 3993//6421 
f 3847//6422 3994//6422 3846//6422 
f 3847//6423 3995//6423 3851//6423 
f 3851//6424 3995//6424 3856//6424 
f 3869//6425 3995//6425 3848//6425 
f 3848//6426 3995//6426 3847//6426 
f 3868//6427 3996//6427 3869//6427 
f 3995//6428 3996//6428 3856//6428 
f 3869//6429 3996//6429 3995//6429 
f 3856//6430 3996//6430 3857//6430 
f 3857//6431 3996//6431 3861//6431 
f 3861//6432 3996//6432 3868//6432 
f 3870//6433 3997//6433 3848//6433 
f 3873//6434 3997//6434 3870//6434 
f 3867//6435 3997//6435 3873//6435 
f 3869//6436 3997//6436 3867//6436 
f 3848//6437 3997//6437 3869//6437 
f 3863//6438 3998//6438 3999//6438 
f 3862//6439 3998//6439 3863//6439 
f 3862//6440 4000//6440 3998//6440 
f 4001//6441 4000//6441 4002//6441 
f 3998//6442 4000//6442 4001//6442 
f 3861//6443 4000//6443 3862//6443 
f 4000//6444 4003//6444 4002//6444 
f 3861//6445 4003//6445 4000//6445 
f 4002//6446 4003//6446 3720//6446 
f 3868//6447 4003//6447 3861//6447 
f 3874//6448 4004//6448 4001//6448 
f 3875//6449 4004//6449 3874//6449 
f 3999//6450 4004//6450 4005//6450 
f 3998//6451 4004//6451 3999//6451 
f 4001//6452 4004//6452 3998//6452 
f 4005//6453 4004//6453 3875//6453 
f 4001//6454 4006//6454 3874//6454 
f 4002//6455 4006//6455 4001//6455 
f 3874//6456 3713//6456 3708//6456 
f 4006//6457 3713//6457 3874//6457 
f 3712//6458 3713//6458 4006//6458 
f 3708//6459 3710//6459 3875//6459 
f 3712//6460 3718//6460 3715//6460 
f 3720//6461 3718//6461 4002//6461 
f 4002//6462 3718//6462 4006//6462 
f 4006//6463 3718//6463 3712//6463 
f 4005//6464 4007//6464 3878//6464 
f 3878//6465 4007//6465 3879//6465 
f 3710//6466 4007//6466 3875//6466 
f 3714//6467 4007//6467 3710//6467 
f 3875//6468 4007//6468 4005//6468 
f 3879//6469 3724//6469 3725//6469 
f 4007//6470 3724//6470 3879//6470 
f 3714//6471 3724//6471 4007//6471 
f 3715//6472 3711//6472 3712//6472 
f 3890//6473 3711//6473 3715//6473 
f 3891//6474 3711//6474 3890//6474 
f 3721//6475 3723//6475 3891//6475 
f 3891//6476 3723//6476 3711//6476 
f 3711//6477 3723//6477 3714//6477 
f 3889//6478 3726//6478 3894//6478 
f 3729//6479 3726//6479 3889//6479 
f 3894//6480 3726//6480 3904//6480 
f 3820//6481 3728//6481 3818//6481 
f 3891//6482 3728//6482 3721//6482 
f 3904//6483 3728//6483 3820//6483 
f 3726//6484 3728//6484 3904//6484 
f 3815//6485 3728//6485 3891//6485 
f 3818//6486 3728//6486 3815//6486 
f 3892//6487 4008//6487 3897//6487 
f 3894//6488 4008//6488 3892//6488 
f 3904//6489 4008//6489 3894//6489 
f 3903//6490 4008//6490 3904//6490 
f 4008//6491 4009//6491 3897//6491 
f 3900//6492 4009//6492 3903//6492 
f 3897//6493 4009//6493 3900//6493 
f 3903//6494 4009//6494 4008//6494 
f 3901//6495 4010//6495 3908//6495 
f 3911//6496 4010//6496 3915//6496 
f 3915//6497 4010//6497 3900//6497 
f 3908//6498 4010//6498 3911//6498 
f 3900//6499 4010//6499 3901//6499 
f 3914//6500 4011//6500 3806//6500 
f 3806//6501 4011//6501 3906//6501 
f 3926//6502 4012//6502 3914//6502 
f 3906//6503 4012//6503 3907//6503 
f 3914//6504 4012//6504 4011//6504 
f 4011//6505 4012//6505 3906//6505 
f 3907//6506 4012//6506 3930//6506 
f 3930//6507 4012//6507 3926//6507 
f 3816//6508 4013//6508 3817//6508 
f 3817//6509 4013//6509 3939//6509 
f 3896//6510 4013//6510 3816//6510 
f 4014//6511 4013//6511 3896//6511 
f 3939//6512 4015//6512 3945//6512 
f 4014//6513 4015//6513 4013//6513 
f 3747//6514 4015//6514 4014//6514 
f 3945//6515 4015//6515 3747//6515 
f 4013//6516 4015//6516 3939//6516 
f 3819//6517 3732//6517 3733//6517 
f 3819//6518 3740//6518 3732//6518 
f 3732//6519 3740//6519 3730//6519 
f 3928//6520 3740//6520 3819//6520 
f 3937//6521 4016//6521 3907//6521 
f 3944//6522 4016//6522 3937//6522 
f 3896//6523 4016//6523 4014//6523 
f 3907//6524 4016//6524 3896//6524 
f 3738//6525 3739//6525 3936//6525 
f 3928//6526 3739//6526 3740//6526 
f 3936//6527 3739//6527 3928//6527 
f 3948//6528 4017//6528 3941//6528 
f 3934//6529 4017//6529 3927//6529 
f 3927//6530 4017//6530 3942//6530 
f 3941//6531 4017//6531 3934//6531 
f 3942//6532 4017//6532 3948//6532 
f 3747//6533 4018//6533 3746//6533 
f 4014//6534 4018//6534 3747//6534 
f 3944//6535 4018//6535 4016//6535 
f 4016//6536 4018//6536 4014//6536 
f 3746//6537 4018//6537 3944//6537 
f 3735//6538 3734//6538 3684//6538 
f 3684//6539 3734//6539 3682//6539 
f 3682//6540 3734//6540 3680//6540 
f 3823//6541 3741//6541 3736//6541 
f 3734//6542 3741//6542 3680//6542 
f 3680//6543 3741//6543 3678//6543 
f 3730//6544 3741//6544 3734//6544 
f 3678//6545 3741//6545 3823//6545 
f 3738//6546 4019//6546 3736//6546 
f 3936//6547 4019//6547 3738//6547 
f 3950//6548 4019//6548 3954//6548 
f 3736//6549 4019//6549 3950//6549 
f 3942//6550 4019//6550 3936//6550 
f 4020//6551 4021//6551 3951//6551 
f 3951//6552 4021//6552 3942//6552 
f 3954//6553 4021//6553 3955//6553 
f 3955//6554 4021//6554 3956//6554 
f 3942//6555 4021//6555 4019//6555 
f 3956//6556 4021//6556 4020//6556 
f 4019//6557 4021//6557 3954//6557 
f 3947//6558 4022//6558 3948//6558 
f 3951//6559 4022//6559 3959//6559 
f 3953//6560 4022//6560 3947//6560 
f 3757//6561 4022//6561 3953//6561 
f 3948//6562 4022//6562 3951//6562 
f 3959//6563 4022//6563 3757//6563 
f 3952//6564 3745//6564 3746//6564 
f 3743//6565 3745//6565 4023//6565 
f 3743//6566 3753//6566 3748//6566 
f 3752//6567 3753//6567 3957//6567 
f 3951//6568 4024//6568 4020//6568 
f 3959//6569 4024//6569 3951//6569 
f 3956//6570 4024//6570 3958//6570 
f 3958//6571 4024//6571 3962//6571 
f 4020//6572 4024//6572 3956//6572 
f 1829//6573 4025//6573 3952//6573 
f 3952//6574 4025//6574 3745//6574 
f 3745//6575 4025//6575 4023//6575 
f 1830//6576 4025//6576 1829//6576 
f 3743//6577 4026//6577 3753//6577 
f 3961//6578 4026//6578 4023//6578 
f 3753//6579 4026//6579 3957//6579 
f 4023//6580 4026//6580 3743//6580 
f 3754//6581 4027//6581 3959//6581 
f 3756//6582 4027//6582 3754//6582 
f 4024//6583 4027//6583 3962//6583 
f 3962//6584 4027//6584 3963//6584 
f 3964//6585 4027//6585 3756//6585 
f 3963//6586 4027//6586 3964//6586 
f 3959//6587 4027//6587 4024//6587 
f 3961//6588 4028//6588 4026//6588 
f 3957//6589 4028//6589 3960//6589 
f 3960//6590 4028//6590 3961//6590 
f 4026//6591 4028//6591 3957//6591 
f 4023//6592 4029//6592 3961//6592 
f 3961//6593 4029//6593 3829//6593 
f 4025//6594 4029//6594 4023//6594 
f 1830//6595 4029//6595 4025//6595 
f 1831//6596 4029//6596 1830//6596 
f 3829//6597 4029//6597 1831//6597 
f 3827//6598 3758//6598 3953//6598 
f 3953//6599 3758//6599 3757//6599 
f 3764//6600 3758//6600 3827//6600 
f 3960//6601 4030//6601 3965//6601 
f 3966//6602 4030//6602 3829//6602 
f 3967//6603 4030//6603 3966//6603 
f 3829//6604 4030//6604 3960//6604 
f 3965//6605 4031//6605 3968//6605 
f 3967//6606 4031//6606 4030//6606 
f 4030//6607 4031//6607 3965//6607 
f 3768//6608 3761//6608 3762//6608 
f 3974//6609 4032//6609 3970//6609 
f 4031//6610 4032//6610 3968//6610 
f 3969//6611 4032//6611 3974//6611 
f 3968//6612 4032//6612 3969//6612 
f 3967//6613 4032//6613 4031//6613 
f 3970//6614 4032//6614 3967//6614 
f 3679//6615 4033//6615 3681//6615 
f 3964//6616 4033//6616 3831//6616 
f 3760//6617 4033//6617 3964//6617 
f 3831//6618 4033//6618 3679//6618 
f 3681//6619 3765//6619 3683//6619 
f 3683//6620 3765//6620 3685//6620 
f 3685//6621 3765//6621 3767//6621 
f 4033//6622 3765//6622 3681//6622 
f 3760//6623 3765//6623 4033//6623 
f 3977//6624 4034//6624 3974//6624 
f 3980//6625 4034//6625 3977//6625 
f 3974//6626 4034//6626 3969//6626 
f 3969//6627 4034//6627 3971//6627 
f 3980//6628 4035//6628 4034//6628 
f 4034//6629 4035//6629 3971//6629 
f 3972//6630 4035//6630 3980//6630 
f 3971//6631 4035//6631 3972//6631 
f 3719//6632 4036//6632 3867//6632 
f 4003//6633 4036//6633 3720//6633 
f 3868//6634 4036//6634 4003//6634 
f 3720//6635 4036//6635 3719//6635 
f 3867//6636 4036//6636 3868//6636 
f 4037//6637 3342//6637 3341//6637 
f 4037//6638 4038//6638 3342//6638 
f 4039//6639 3341//6639 3344//6639 
f 4039//6640 4037//6640 3341//6640 
f 4040//6641 3344//6641 3346//6641 
f 4040//6642 4039//6642 3344//6642 
f 4041//6643 3346//6643 3512//6643 
f 4041//6644 4040//6644 3346//6644 
f 4042//6645 3512//6645 3506//6645 
f 4042//6646 4041//6646 3512//6646 
f 4043//6647 3506//6647 3503//6647 
f 4043//6648 4042//6648 3506//6648 
f 4044//6649 3503//6649 3498//6649 
f 4044//6650 4043//6650 3503//6650 
f 4045//6651 4044//6651 3498//6651 
f 4046//6652 4045//6652 3498//6652 
f 4046//6653 3498//6653 3493//6653 
f 4047//6654 4046//6654 3493//6654 
f 4047//6655 3493//6655 3487//6655 
f 4048//6656 4047//6656 3487//6656 
f 4048//6657 3487//6657 3473//6657 
f 4049//6658 3473//6658 3472//6658 
f 4049//6659 4048//6659 3473//6659 
f 4050//6660 3472//6660 3616//6660 
f 4050//6661 4049//6661 3472//6661 
f 4051//6662 3616//6662 3609//6662 
f 4051//6663 4050//6663 3616//6663 
f 4052//6664 3609//6664 3457//6664 
f 4052//6665 4051//6665 3609//6665 
f 4053//6666 4052//6666 3457//6666 
f 4054//6667 3457//6667 3374//6667 
f 4054//6668 4053//6668 3457//6668 
f 4055//6669 3374//6669 3373//6669 
f 4055//6670 4054//6670 3374//6670 
f 4056//6671 3373//6671 3446//6671 
f 4056//6672 4055//6672 3373//6672 
f 4057//6673 3446//6673 3368//6673 
f 4057//6674 4056//6674 3446//6674 
f 4058//6675 3368//6675 3367//6675 
f 4058//6676 4057//6676 3368//6676 
f 4059//6677 3367//6677 3436//6677 
f 4059//6678 4058//6678 3367//6678 
f 4060//6679 3436//6679 3361//6679 
f 4060//6680 4059//6680 3436//6680 
f 4061//6681 4060//6681 3361//6681 
f 4062//6682 3361//6682 3356//6682 
f 4062//6683 4061//6683 3361//6683 
f 4063//6684 3356//6684 3355//6684 
f 4063//6685 4062//6685 3356//6685 
f 4064//6686 3355//6686 3353//6686 
f 4064//6687 4063//6687 3355//6687 
f 4065//6688 3353//6688 3352//6688 
f 4065//6689 4064//6689 3353//6689 
f 4066//6690 3352//6690 3339//6690 
f 4066//6691 4065//6691 3352//6691 
f 4067//6692 3339//6692 3336//6692 
f 4067//6693 4066//6693 3339//6693 
f 4068//6694 3336//6694 3335//6694 
f 4068//6695 4067//6695 3336//6695 
f 1913//6696 3335//6696 1843//6696 
f 1913//6697 4068//6697 3335//6697 
f 1914//6698 1879//6698 4069//6698 
f 4069//6699 3742//6699 4070//6699 
f 1879//6700 3742//6700 4069//6700 
f 4070//6701 3835//6701 4071//6701 
f 3742//6702 3835//6702 4070//6702 
f 4071//6703 3773//6703 4072//6703 
f 3835//6704 3773//6704 4071//6704 
f 4072//6705 3775//6705 4073//6705 
f 3773//6706 3775//6706 4072//6706 
f 4073//6707 3778//6707 4074//6707 
f 3775//6708 3778//6708 4073//6708 
f 4074//6709 3779//6709 4075//6709 
f 3778//6710 3779//6710 4074//6710 
f 4076//6711 3783//6711 4077//6711 
f 4075//6712 3783//6712 4076//6712 
f 3779//6713 3783//6713 4075//6713 
f 4077//6714 3841//6714 4078//6714 
f 3783//6715 3841//6715 4077//6715 
f 3841//6716 3788//6716 4078//6716 
f 4078//6717 3788//6717 4079//6717 
f 3788//6718 3790//6718 4079//6718 
f 4079//6719 3790//6719 4080//6719 
f 3790//6720 3852//6720 4080//6720 
f 4080//6721 3852//6721 4081//6721 
f 4081//6722 3794//6722 4082//6722 
f 3852//6723 3794//6723 4081//6723 
f 3794//6724 3796//6724 4082//6724 
f 4082//6725 3796//6725 4083//6725 
f 4084//6726 3863//6726 4085//6726 
f 4083//6727 3863//6727 4084//6727 
f 3796//6728 3863//6728 4083//6728 
f 4085//6729 3999//6729 4086//6729 
f 3863//6730 3999//6730 4085//6730 
f 4086//6731 4005//6731 4087//6731 
f 3999//6732 4005//6732 4086//6732 
f 4087//6733 3878//6733 4088//6733 
f 4005//6734 3878//6734 4087//6734 
f 4088//6735 3880//6735 4089//6735 
f 3878//6736 3880//6736 4088//6736 
f 4089//6737 3886//6737 4090//6737 
f 3880//6738 3886//6738 4089//6738 
f 4090//6739 3893//6739 4091//6739 
f 3886//6740 3893//6740 4090//6740 
f 4092//6741 3898//6741 4093//6741 
f 4091//6742 3898//6742 4092//6742 
f 3893//6743 3898//6743 4091//6743 
f 4093//6744 3902//6744 4094//6744 
f 3898//6745 3902//6745 4093//6745 
f 4094//6746 3909//6746 4095//6746 
f 3902//6747 3909//6747 4094//6747 
f 4095//6748 3913//6748 4096//6748 
f 3909//6749 3913//6749 4095//6749 
f 4096//6750 3772//6750 4097//6750 
f 3913//6751 3772//6751 4096//6751 
f 4097//6752 3769//6752 4098//6752 
f 3772//6753 3769//6753 4097//6753 
f 4098//6754 3770//6754 4099//6754 
f 3769//6755 3770//6755 4098//6755 
f 4099//6756 3771//6756 4100//6756 
f 3770//6757 3771//6757 4099//6757 
f 3771//6758 3705//6758 4100//6758 
f 4101//6759 4038//6759 4037//6759 
f 1917//6760 4102//6760 1915//6760 
f 4103//6761 4067//6761 4068//6761 
f 4104//6762 4068//6762 1913//6762 
f 4104//6763 4103//6763 4068//6763 
f 4105//6764 4104//6764 1913//6764 
f 4106//6765 4066//6765 4067//6765 
f 4106//6766 4067//6766 4103//6766 
f 4106//6767 4103//6767 4104//6767 
f 4107//6768 4105//6768 1913//6768 
f 4108//6769 4106//6769 4104//6769 
f 4108//6770 4104//6770 4105//6770 
f 4109//6771 4065//6771 4066//6771 
f 4109//6772 4064//6772 4065//6772 
f 4109//6773 4066//6773 4106//6773 
f 4110//6774 4107//6774 1913//6774 
f 4111//6775 4108//6775 4105//6775 
f 4111//6776 4105//6776 4107//6776 
f 4112//6777 4109//6777 4106//6777 
f 4112//6778 4106//6778 4108//6778 
f 4113//6779 4110//6779 1913//6779 
f 4114//6780 4111//6780 4107//6780 
f 4114//6781 4107//6781 4110//6781 
f 4115//6782 4112//6782 4108//6782 
f 4115//6783 4108//6783 4111//6783 
f 4116//6784 4063//6784 4064//6784 
f 4116//6785 4109//6785 4112//6785 
f 4116//6786 4064//6786 4109//6786 
f 4117//6787 4113//6787 1913//6787 
f 4118//6788 4114//6788 4110//6788 
f 4118//6789 4110//6789 4113//6789 
f 4119//6790 4115//6790 4111//6790 
f 4119//6791 4111//6791 4114//6791 
f 4120//6792 4116//6792 4112//6792 
f 4120//6793 4112//6793 4115//6793 
f 4121//6794 4117//6794 1913//6794 
f 4122//6795 4062//6795 4063//6795 
f 4122//6796 4061//6796 4062//6796 
f 4122//6797 4063//6797 4116//6797 
f 4123//6798 4118//6798 4113//6798 
f 4123//6799 4113//6799 4117//6799 
f 4124//6800 4114//6800 4118//6800 
f 4124//6801 4119//6801 4114//6801 
f 4125//6802 4120//6802 4115//6802 
f 4125//6803 4115//6803 4119//6803 
f 4126//6804 4121//6804 1913//6804 
f 4127//6805 4116//6805 4120//6805 
f 4127//6806 4122//6806 4116//6806 
f 4128//6807 4117//6807 4121//6807 
f 4128//6808 4123//6808 4117//6808 
f 4129//6809 4118//6809 4123//6809 
f 4129//6810 4124//6810 4118//6810 
f 4130//6811 4125//6811 4119//6811 
f 4130//6812 4119//6812 4124//6812 
f 4131//6813 4126//6813 1913//6813 
f 4132//6814 4127//6814 4120//6814 
f 4132//6815 4120//6815 4125//6815 
f 4133//6816 4121//6816 4126//6816 
f 4133//6817 4128//6817 4121//6817 
f 4134//6818 4060//6818 4061//6818 
f 4134//6819 4061//6819 4122//6819 
f 4134//6820 4122//6820 4127//6820 
f 4135//6821 4123//6821 4128//6821 
f 4135//6822 4129//6822 4123//6822 
f 4136//6823 4130//6823 4124//6823 
f 4136//6824 4124//6824 4129//6824 
f 4137//6825 4131//6825 1913//6825 
f 4138//6826 4132//6826 4125//6826 
f 4138//6827 4125//6827 4130//6827 
f 4139//6828 4126//6828 4131//6828 
f 4139//6829 4133//6829 4126//6829 
f 4140//6830 4134//6830 4127//6830 
f 4140//6831 4127//6831 4132//6831 
f 4141//6832 4128//6832 4133//6832 
f 4141//6833 4135//6833 4128//6833 
f 4142//6834 4059//6834 4060//6834 
f 4142//6835 4060//6835 4134//6835 
f 4143//6836 4129//6836 4135//6836 
f 4143//6837 4136//6837 4129//6837 
f 4144//6838 4137//6838 1913//6838 
f 4145//6839 4130//6839 4136//6839 
f 4145//6840 4138//6840 4130//6840 
f 4146//6841 4139//6841 4131//6841 
f 4146//6842 4131//6842 4137//6842 
f 4147//6843 4140//6843 4132//6843 
f 4147//6844 4132//6844 4138//6844 
f 4148//6845 4133//6845 4139//6845 
f 4148//6846 4141//6846 4133//6846 
f 4149//6847 4142//6847 4134//6847 
f 4149//6848 4134//6848 4140//6848 
f 4150//6849 4135//6849 4141//6849 
f 4150//6850 4143//6850 4135//6850 
f 4151//6851 4144//6851 1913//6851 
f 4152//6852 4136//6852 4143//6852 
f 4152//6853 4145//6853 4136//6853 
f 4153//6854 4137//6854 4144//6854 
f 4153//6855 4146//6855 4137//6855 
f 4154//6856 4147//6856 4138//6856 
f 4154//6857 4138//6857 4145//6857 
f 4155//6858 4139//6858 4146//6858 
f 4155//6859 4148//6859 4139//6859 
f 4156//6860 4149//6860 4140//6860 
f 4156//6861 4140//6861 4147//6861 
f 4157//6862 4141//6862 4148//6862 
f 4157//6863 4150//6863 4141//6863 
f 4158//6864 4142//6864 4149//6864 
f 4158//6865 4058//6865 4059//6865 
f 4158//6866 4057//6866 4058//6866 
f 4158//6867 4059//6867 4142//6867 
f 4159//6868 4151//6868 1913//6868 
f 4160//6869 4152//6869 4143//6869 
f 4160//6870 4143//6870 4150//6870 
f 4161//6871 4153//6871 4144//6871 
f 4161//6872 4144//6872 4151//6872 
f 4162//6873 4145//6873 4152//6873 
f 4162//6874 4154//6874 4145//6874 
f 4163//6875 4155//6875 4146//6875 
f 4163//6876 4146//6876 4153//6876 
f 4164//6877 4147//6877 4154//6877 
f 4164//6878 4156//6878 4147//6878 
f 4165//6879 4157//6879 4148//6879 
f 4165//6880 4148//6880 4155//6880 
f 4166//6881 4149//6881 4156//6881 
f 4166//6882 4158//6882 4149//6882 
f 4167//6883 4159//6883 1913//6883 
f 4168//6884 4160//6884 4150//6884 
f 4168//6885 4150//6885 4157//6885 
f 4169//6886 4057//6886 4158//6886 
f 4169//6887 4056//6887 4057//6887 
f 4170//6888 4151//6888 4159//6888 
f 4170//6889 4161//6889 4151//6889 
f 4171//6890 4162//6890 4152//6890 
f 4171//6891 4152//6891 4160//6891 
f 4172//6892 4153//6892 4161//6892 
f 4172//6893 4163//6893 4153//6893 
f 4173//6894 4154//6894 4162//6894 
f 4173//6895 4164//6895 4154//6895 
f 4174//6896 4155//6896 4163//6896 
f 4174//6897 4165//6897 4155//6897 
f 4175//6898 4156//6898 4164//6898 
f 4175//6899 4166//6899 4156//6899 
f 4176//6900 4167//6900 1913//6900 
f 4177//6901 4168//6901 4157//6901 
f 4177//6902 4157//6902 4165//6902 
f 4178//6903 4158//6903 4166//6903 
f 4178//6904 4169//6904 4158//6904 
f 4179//6905 4159//6905 4167//6905 
f 4179//6906 4170//6906 4159//6906 
f 4180//6907 4160//6907 4168//6907 
f 4180//6908 4171//6908 4160//6908 
f 4181//6909 4172//6909 4161//6909 
f 4181//6910 4161//6910 4170//6910 
f 4182//6911 4162//6911 4171//6911 
f 4182//6912 4173//6912 4162//6912 
f 4183//6913 4174//6913 4163//6913 
f 4183//6914 4163//6914 4172//6914 
f 4184//6915 4164//6915 4173//6915 
f 4184//6916 4175//6916 4164//6916 
f 4185//6917 4176//6917 1913//6917 
f 4186//6918 4177//6918 4165//6918 
f 4186//6919 4165//6919 4174//6919 
f 4187//6920 4166//6920 4175//6920 
f 4187//6921 4178//6921 4166//6921 
f 4188//6922 4179//6922 4167//6922 
f 4188//6923 4167//6923 4176//6923 
f 4189//6924 4180//6924 4168//6924 
f 4189//6925 4168//6925 4177//6925 
f 4190//6926 4055//6926 4056//6926 
f 4190//6927 4169//6927 4178//6927 
f 4190//6928 4054//6928 4055//6928 
f 4190//6929 4056//6929 4169//6929 
f 4191//6930 4170//6930 4179//6930 
f 4191//6931 4181//6931 4170//6931 
f 4192//6932 4182//6932 4171//6932 
f 4192//6933 4171//6933 4180//6933 
f 4193//6934 4183//6934 4172//6934 
f 4193//6935 4172//6935 4181//6935 
f 4194//6936 4173//6936 4182//6936 
f 4194//6937 4184//6937 4173//6937 
f 4195//6938 4185//6938 1913//6938 
f 4196//6939 4174//6939 4183//6939 
f 4196//6940 4186//6940 4174//6940 
f 4197//6941 4175//6941 4184//6941 
f 4197//6942 4187//6942 4175//6942 
f 4198//6943 4176//6943 4185//6943 
f 4198//6944 4188//6944 4176//6944 
f 4199//6945 4177//6945 4186//6945 
f 4199//6946 4189//6946 4177//6946 
f 4200//6947 4178//6947 4187//6947 
f 4200//6948 4190//6948 4178//6948 
f 4201//6949 4191//6949 4179//6949 
f 4201//6950 4179//6950 4188//6950 
f 4202//6951 4180//6951 4189//6951 
f 4202//6952 4192//6952 4180//6952 
f 4203//6953 4053//6953 4054//6953 
f 4203//6954 4054//6954 4190//6954 
f 4204//6955 4193//6955 4181//6955 
f 4204//6956 4181//6956 4191//6956 
f 4205//6957 4182//6957 4192//6957 
f 4205//6958 4194//6958 4182//6958 
f 4206//6959 4195//6959 1913//6959 
f 4207//6960 4183//6960 4193//6960 
f 4207//6961 4196//6961 4183//6961 
f 4208//6962 4184//6962 4194//6962 
f 4208//6963 4197//6963 4184//6963 
f 4209//6964 4198//6964 4185//6964 
f 4209//6965 4185//6965 4195//6965 
f 4210//6966 4199//6966 4186//6966 
f 4210//6967 4186//6967 4196//6967 
f 4211//6968 4187//6968 4197//6968 
f 4211//6969 4200//6969 4187//6969 
f 4212//6970 4188//6970 4198//6970 
f 4212//6971 4201//6971 4188//6971 
f 4213//6972 4202//6972 4189//6972 
f 4213//6973 4189//6973 4199//6973 
f 4214//6974 4190//6974 4200//6974 
f 4214//6975 4203//6975 4190//6975 
f 4215//6976 4191//6976 4201//6976 
f 4215//6977 4204//6977 4191//6977 
f 4216//6978 4192//6978 4202//6978 
f 4216//6979 4205//6979 4192//6979 
f 4217//6980 4206//6980 1913//6980 
f 4218//6981 4207//6981 4193//6981 
f 4218//6982 4193//6982 4204//6982 
f 4219//6983 4208//6983 4194//6983 
f 4219//6984 4194//6984 4205//6984 
f 4220//6985 4209//6985 4195//6985 
f 4220//6986 4195//6986 4206//6986 
f 4221//6987 4210//6987 4196//6987 
f 4221//6988 4196//6988 4207//6988 
f 4222//6989 4211//6989 4197//6989 
f 4222//6990 4197//6990 4208//6990 
f 4223//6991 4212//6991 4198//6991 
f 4223//6992 4198//6992 4209//6992 
f 4224//6993 4199//6993 4210//6993 
f 4224//6994 4213//6994 4199//6994 
f 4225//6995 4200//6995 4211//6995 
f 4225//6996 4214//6996 4200//6996 
f 4226//6997 4215//6997 4201//6997 
f 4226//6998 4201//6998 4212//6998 
f 4227//6999 4216//6999 4202//6999 
f 4227//7000 4202//7000 4213//7000 
f 4228//7001 4052//7001 4053//7001 
f 4228//7002 4203//7002 4214//7002 
f 4228//7003 4053//7003 4203//7003 
f 4229//7004 4217//7004 1913//7004 
f 4230//7005 4218//7005 4204//7005 
f 4230//7006 4204//7006 4215//7006 
f 4231//7007 4205//7007 4216//7007 
f 4231//7008 4219//7008 4205//7008 
f 4232//7009 4220//7009 4206//7009 
f 4232//7010 4206//7010 4217//7010 
f 4233//7011 4221//7011 4207//7011 
f 4233//7012 4207//7012 4218//7012 
f 4234//7013 4208//7013 4219//7013 
f 4234//7014 4222//7014 4208//7014 
f 4235//7015 4223//7015 4209//7015 
f 4235//7016 4209//7016 4220//7016 
f 4236//7017 4210//7017 4221//7017 
f 4236//7018 4224//7018 4210//7018 
f 4237//7019 4211//7019 4222//7019 
f 4237//7020 4225//7020 4211//7020 
f 4238//7021 4212//7021 4223//7021 
f 4238//7022 4226//7022 4212//7022 
f 4239//7023 4213//7023 4224//7023 
f 4239//7024 4227//7024 4213//7024 
f 4240//7025 4228//7025 4214//7025 
f 4240//7026 4214//7026 4225//7026 
f 4241//7027 4229//7027 1913//7027 
f 4241//7028 1913//7028 1946//7028 
f 4242//7029 4215//7029 4226//7029 
f 4242//7030 4230//7030 4215//7030 
f 4243//7031 4231//7031 4216//7031 
f 4243//7032 4216//7032 4227//7032 
f 4244//7033 4051//7033 4052//7033 
f 4244//7034 4050//7034 4051//7034 
f 4244//7035 4052//7035 4228//7035 
f 4245//7036 4217//7036 4229//7036 
f 4245//7037 4232//7037 4217//7037 
f 4246//7038 4218//7038 4230//7038 
f 4246//7039 4233//7039 4218//7039 
f 4247//7040 4219//7040 4231//7040 
f 4247//7041 4234//7041 4219//7041 
f 4248//7042 4220//7042 4232//7042 
f 4248//7043 4235//7043 4220//7043 
f 4249//7044 4221//7044 4233//7044 
f 4249//7045 4236//7045 4221//7045 
f 4250//7046 4237//7046 4222//7046 
f 4250//7047 4222//7047 4234//7047 
f 4251//7048 4238//7048 4223//7048 
f 4251//7049 4223//7049 4235//7049 
f 4252//7050 4239//7050 4224//7050 
f 4252//7051 4224//7051 4236//7051 
f 4253//7052 4225//7052 4237//7052 
f 4253//7053 4240//7053 4225//7053 
f 4254//7054 4241//7054 1946//7054 
f 4254//7055 1946//7055 1945//7055 
f 4255//7056 4242//7056 4226//7056 
f 4255//7057 4226//7057 4238//7057 
f 4256//7058 4227//7058 4239//7058 
f 4256//7059 4243//7059 4227//7059 
f 4257//7060 4244//7060 4228//7060 
f 4257//7061 4228//7061 4240//7061 
f 4258//7062 4245//7062 4229//7062 
f 4258//7063 4229//7063 4241//7063 
f 4259//7064 4230//7064 4242//7064 
f 4259//7065 4246//7065 4230//7065 
f 4260//7066 4247//7066 4231//7066 
f 4260//7067 4231//7067 4243//7067 
f 4261//7068 4232//7068 4245//7068 
f 4261//7069 4248//7069 4232//7069 
f 4262//7070 4233//7070 4246//7070 
f 4262//7071 4249//7071 4233//7071 
f 4263//7072 4234//7072 4247//7072 
f 4263//7073 4250//7073 4234//7073 
f 4264//7074 4235//7074 4248//7074 
f 4264//7075 4251//7075 4235//7075 
f 4265//7076 4236//7076 4249//7076 
f 4265//7077 4252//7077 4236//7077 
f 4266//7078 4237//7078 4250//7078 
f 4266//7079 4253//7079 4237//7079 
f 4267//7080 4238//7080 4251//7080 
f 4267//7081 4255//7081 4238//7081 
f 4268//7082 4256//7082 4239//7082 
f 4268//7083 4239//7083 4252//7083 
f 4269//7084 4257//7084 4240//7084 
f 4269//7085 4240//7085 4253//7085 
f 4270//7086 1945//7086 1944//7086 
f 4270//7087 4241//7087 4254//7087 
f 4270//7088 4254//7088 1945//7088 
f 4270//7089 4258//7089 4241//7089 
f 4271//7090 4242//7090 4255//7090 
f 4271//7091 4259//7091 4242//7091 
f 4272//7092 4243//7092 4256//7092 
f 4272//7093 4260//7093 4243//7093 
f 4273//7094 4049//7094 4050//7094 
f 4273//7095 4244//7095 4257//7095 
f 4273//7096 4050//7096 4244//7096 
f 4274//7097 4261//7097 4245//7097 
f 4274//7098 4245//7098 4258//7098 
f 4275//7099 4246//7099 4259//7099 
f 4275//7100 4262//7100 4246//7100 
f 4276//7101 4263//7101 4247//7101 
f 4276//7102 4247//7102 4260//7102 
f 4277//7103 4248//7103 4261//7103 
f 4277//7104 4264//7104 4248//7104 
f 4278//7105 4265//7105 4249//7105 
f 4278//7106 4249//7106 4262//7106 
f 4279//7107 4250//7107 4263//7107 
f 4279//7108 4266//7108 4250//7108 
f 4280//7109 4267//7109 4251//7109 
f 4280//7110 4251//7110 4264//7110 
f 4281//7111 4252//7111 4265//7111 
f 4281//7112 4268//7112 4252//7112 
f 4282//7113 4253//7113 4266//7113 
f 4282//7114 4269//7114 4253//7114 
f 4283//7115 4255//7115 4267//7115 
f 4283//7116 4271//7116 4255//7116 
f 4284//7117 4272//7117 4256//7117 
f 4284//7118 4256//7118 4268//7118 
f 4285//7119 4257//7119 4269//7119 
f 4285//7120 4273//7120 4257//7120 
f 4286//7121 4258//7121 4270//7121 
f 4286//7122 4274//7122 4258//7122 
f 4287//7123 4259//7123 4271//7123 
f 4287//7124 4275//7124 4259//7124 
f 4288//7125 4276//7125 4260//7125 
f 4288//7126 4260//7126 4272//7126 
f 4289//7127 4048//7127 4049//7127 
f 4289//7128 4047//7128 4048//7128 
f 4289//7129 4049//7129 4273//7129 
f 4290//7130 4261//7130 4274//7130 
f 4290//7131 4277//7131 4261//7131 
f 4291//7132 4278//7132 4262//7132 
f 4291//7133 4262//7133 4275//7133 
f 4292//7134 4263//7134 4276//7134 
f 4292//7135 4279//7135 4263//7135 
f 4293//7136 4264//7136 4277//7136 
f 4293//7137 4280//7137 4264//7137 
f 4294//7138 4281//7138 4265//7138 
f 4294//7139 4265//7139 4278//7139 
f 4295//7140 4282//7140 4266//7140 
f 4295//7141 4266//7141 4279//7141 
f 4296//7142 4283//7142 4267//7142 
f 4296//7143 4267//7143 4280//7143 
f 4297//7144 4268//7144 4281//7144 
f 4297//7145 4284//7145 4268//7145 
f 4298//7146 4285//7146 4269//7146 
f 4298//7147 4269//7147 4282//7147 
f 4299//7148 1944//7148 1943//7148 
f 4299//7149 1943//7149 1942//7149 
f 4299//7150 4286//7150 4270//7150 
f 4299//7151 4270//7151 1944//7151 
f 4300//7152 4287//7152 4271//7152 
f 4300//7153 4271//7153 4283//7153 
f 4301//7154 4272//7154 4284//7154 
f 4301//7155 4288//7155 4272//7155 
f 4302//7156 4273//7156 4285//7156 
f 4302//7157 4289//7157 4273//7157 
f 4303//7158 4290//7158 4274//7158 
f 4303//7159 4274//7159 4286//7159 
f 4304//7160 4291//7160 4275//7160 
f 4304//7161 4275//7161 4287//7161 
f 4305//7162 4276//7162 4288//7162 
f 4305//7163 4292//7163 4276//7163 
f 4306//7164 4293//7164 4277//7164 
f 4306//7165 4277//7165 4290//7165 
f 4307//7166 4278//7166 4291//7166 
f 4307//7167 4294//7167 4278//7167 
f 4308//7168 4295//7168 4279//7168 
f 4308//7169 4279//7169 4292//7169 
f 4309//7170 4280//7170 4293//7170 
f 4309//7171 4296//7171 4280//7171 
f 4310//7172 4281//7172 4294//7172 
f 4310//7173 4297//7173 4281//7173 
f 4311//7174 4282//7174 4295//7174 
f 4311//7175 4298//7175 4282//7175 
f 4312//7176 4300//7176 4283//7176 
f 4312//7177 4283//7177 4296//7177 
f 4313//7178 4301//7178 4284//7178 
f 4313//7179 4284//7179 4297//7179 
f 4314//7180 4285//7180 4298//7180 
f 4314//7181 4302//7181 4285//7181 
f 4315//7182 4286//7182 4299//7182 
f 4315//7183 1942//7183 1941//7183 
f 4315//7184 4303//7184 4286//7184 
f 4315//7185 4299//7185 1942//7185 
f 4316//7186 4287//7186 4300//7186 
f 4316//7187 4304//7187 4287//7187 
f 4317//7188 4288//7188 4301//7188 
f 4317//7189 4305//7189 4288//7189 
f 4318//7190 4046//7190 4047//7190 
f 4318//7191 4047//7191 4289//7191 
f 4318//7192 4289//7192 4302//7192 
f 4319//7193 4290//7193 4303//7193 
f 4319//7194 4306//7194 4290//7194 
f 4320//7195 4307//7195 4291//7195 
f 4320//7196 4291//7196 4304//7196 
f 4321//7197 4308//7197 4292//7197 
f 4321//7198 4292//7198 4305//7198 
f 4322//7199 4293//7199 4306//7199 
f 4322//7200 4309//7200 4293//7200 
f 4323//7201 4294//7201 4307//7201 
f 4323//7202 4310//7202 4294//7202 
f 4324//7203 4295//7203 4308//7203 
f 4324//7204 4311//7204 4295//7204 
f 4325//7205 4312//7205 4296//7205 
f 4325//7206 4296//7206 4309//7206 
f 4326//7207 4297//7207 4310//7207 
f 4326//7208 4313//7208 4297//7208 
f 4327//7209 4314//7209 4298//7209 
f 4327//7210 4298//7210 4311//7210 
f 4328//7211 4300//7211 4312//7211 
f 4328//7212 4316//7212 4300//7212 
f 4329//7213 4301//7213 4313//7213 
f 4329//7214 4317//7214 4301//7214 
f 4330//7215 4302//7215 4314//7215 
f 4330//7216 4318//7216 4302//7216 
f 4331//7217 4303//7217 4315//7217 
f 4331//7218 4319//7218 4303//7218 
f 4332//7219 4304//7219 4316//7219 
f 4332//7220 4320//7220 4304//7220 
f 4333//7221 4305//7221 4317//7221 
f 4333//7222 4321//7222 4305//7222 
f 4334//7223 4045//7223 4046//7223 
f 4334//7224 4046//7224 4318//7224 
f 4335//7225 4306//7225 4319//7225 
f 4335//7226 4322//7226 4306//7226 
f 4336//7227 4323//7227 4307//7227 
f 4336//7228 4307//7228 4320//7228 
f 4337//7229 4308//7229 4321//7229 
f 4337//7230 4324//7230 4308//7230 
f 4338//7231 4325//7231 4309//7231 
f 4338//7232 4309//7232 4322//7232 
f 4339//7233 4310//7233 4323//7233 
f 4339//7234 4326//7234 4310//7234 
f 4340//7235 4327//7235 4311//7235 
f 4340//7236 4311//7236 4324//7236 
f 4341//7237 4312//7237 4325//7237 
f 4341//7238 4328//7238 4312//7238 
f 4342//7239 4329//7239 4313//7239 
f 4342//7240 4313//7240 4326//7240 
f 4343//7241 4330//7241 4314//7241 
f 4343//7242 4314//7242 4327//7242 
f 4344//7243 4315//7243 1941//7243 
f 4344//7244 4331//7244 4315//7244 
f 4344//7245 1941//7245 1940//7245 
f 4344//7246 1940//7246 1939//7246 
f 4345//7247 4332//7247 4316//7247 
f 4345//7248 4316//7248 4328//7248 
f 4346//7249 4317//7249 4329//7249 
f 4346//7250 4333//7250 4317//7250 
f 4347//7251 4318//7251 4330//7251 
f 4347//7252 4334//7252 4318//7252 
f 4348//7253 4319//7253 4331//7253 
f 4348//7254 4335//7254 4319//7254 
f 4349//7255 4336//7255 4320//7255 
f 4349//7256 4320//7256 4332//7256 
f 4350//7257 4321//7257 4333//7257 
f 4350//7258 4337//7258 4321//7258 
f 4351//7259 4322//7259 4335//7259 
f 4351//7260 4338//7260 4322//7260 
f 4352//7261 4323//7261 4336//7261 
f 4352//7262 4339//7262 4323//7262 
f 4353//7263 4324//7263 4337//7263 
f 4353//7264 4340//7264 4324//7264 
f 4354//7265 4325//7265 4338//7265 
f 4354//7266 4341//7266 4325//7266 
f 4355//7267 4342//7267 4326//7267 
f 4355//7268 4326//7268 4339//7268 
f 4356//7269 4343//7269 4327//7269 
f 4356//7270 4327//7270 4340//7270 
f 4357//7271 4345//7271 4328//7271 
f 4357//7272 4328//7272 4341//7272 
f 4358//7273 4329//7273 4342//7273 
f 4358//7274 4346//7274 4329//7274 
f 4359//7275 4330//7275 4343//7275 
f 4359//7276 4347//7276 4330//7276 
f 4360//7277 4331//7277 4344//7277 
f 4360//7278 4344//7278 1939//7278 
f 4360//7279 4348//7279 4331//7279 
f 4360//7280 1939//7280 1938//7280 
f 4361//7281 4349//7281 4332//7281 
f 4361//7282 4332//7282 4345//7282 
f 4362//7283 4333//7283 4346//7283 
f 4362//7284 4350//7284 4333//7284 
f 4363//7285 4334//7285 4347//7285 
f 4363//7286 4044//7286 4045//7286 
f 4363//7287 4043//7287 4044//7287 
f 4363//7288 4045//7288 4334//7288 
f 4364//7289 4335//7289 4348//7289 
f 4364//7290 4351//7290 4335//7290 
f 4365//7291 4336//7291 4349//7291 
f 4365//7292 4352//7292 4336//7292 
f 4366//7293 4353//7293 4337//7293 
f 4366//7294 4337//7294 4350//7294 
f 4367//7295 4354//7295 4338//7295 
f 4367//7296 4338//7296 4351//7296 
f 4368//7297 4339//7297 4352//7297 
f 4368//7298 4355//7298 4339//7298 
f 4369//7299 4340//7299 4353//7299 
f 4369//7300 4356//7300 4340//7300 
f 4370//7301 4357//7301 4341//7301 
f 4370//7302 4341//7302 4354//7302 
f 4371//7303 4342//7303 4355//7303 
f 4371//7304 4358//7304 4342//7304 
f 4372//7305 4343//7305 4356//7305 
f 4372//7306 4359//7306 4343//7306 
f 4373//7307 4345//7307 4357//7307 
f 4373//7308 4361//7308 4345//7308 
f 4374//7309 4346//7309 4358//7309 
f 4374//7310 4362//7310 4346//7310 
f 4375//7311 4347//7311 4359//7311 
f 4375//7312 4363//7312 4347//7312 
f 4376//7313 4348//7313 4360//7313 
f 4376//7314 4364//7314 4348//7314 
f 4377//7315 4365//7315 4349//7315 
f 4377//7316 4349//7316 4361//7316 
f 4378//7317 4366//7317 4350//7317 
f 4378//7318 4350//7318 4362//7318 
f 4379//7319 4042//7319 4043//7319 
f 4379//7320 4043//7320 4363//7320 
f 4380//7321 4351//7321 4364//7321 
f 4380//7322 4367//7322 4351//7322 
f 4381//7323 4368//7323 4352//7323 
f 4381//7324 4352//7324 4365//7324 
f 4382//7325 4369//7325 4353//7325 
f 4382//7326 4353//7326 4366//7326 
f 4383//7327 4354//7327 4367//7327 
f 4383//7328 4370//7328 4354//7328 
f 4384//7329 4371//7329 4355//7329 
f 4384//7330 4355//7330 4368//7330 
f 4385//7331 4356//7331 4369//7331 
f 4385//7332 4372//7332 4356//7332 
f 4386//7333 4357//7333 4370//7333 
f 4386//7334 4373//7334 4357//7334 
f 4387//7335 4374//7335 4358//7335 
f 4387//7336 4358//7336 4371//7336 
f 4388//7337 4375//7337 4359//7337 
f 4388//7338 4359//7338 4372//7338 
f 4389//7339 4376//7339 4360//7339 
f 4389//7340 1938//7340 1937//7340 
f 4389//7341 4360//7341 1938//7341 
f 4390//7342 4361//7342 4373//7342 
f 4390//7343 4377//7343 4361//7343 
f 4391//7344 4378//7344 4362//7344 
f 4391//7345 4362//7345 4374//7345 
f 4392//7346 4379//7346 4363//7346 
f 4392//7347 4363//7347 4375//7347 
f 4393//7348 4364//7348 4376//7348 
f 4393//7349 4380//7349 4364//7349 
f 4394//7350 4381//7350 4365//7350 
f 4394//7351 4365//7351 4377//7351 
f 4395//7352 4382//7352 4366//7352 
f 4395//7353 4366//7353 4378//7353 
f 4396//7354 4367//7354 4380//7354 
f 4396//7355 4383//7355 4367//7355 
f 4397//7356 4384//7356 4368//7356 
f 4397//7357 4368//7357 4381//7357 
f 4398//7358 4369//7358 4382//7358 
f 4398//7359 4385//7359 4369//7359 
f 4399//7360 4386//7360 4370//7360 
f 4399//7361 4370//7361 4383//7361 
f 4400//7362 4387//7362 4371//7362 
f 4400//7363 4371//7363 4384//7363 
f 4401//7364 4388//7364 4372//7364 
f 4401//7365 4372//7365 4385//7365 
f 4402//7366 4390//7366 4373//7366 
f 4402//7367 4373//7367 4386//7367 
f 4403//7368 4391//7368 4374//7368 
f 4403//7369 4374//7369 4387//7369 
f 4404//7370 4392//7370 4375//7370 
f 4404//7371 4375//7371 4388//7371 
f 4405//7372 4389//7372 1937//7372 
f 4405//7373 1937//7373 1936//7373 
f 4405//7374 1936//7374 1935//7374 
f 4405//7375 4393//7375 4376//7375 
f 4405//7376 4376//7376 4389//7376 
f 4406//7377 4394//7377 4377//7377 
f 4406//7378 4377//7378 4390//7378 
f 4407//7379 4378//7379 4391//7379 
f 4407//7380 4395//7380 4378//7380 
f 4408//7381 4379//7381 4392//7381 
f 4408//7382 4041//7382 4042//7382 
f 4408//7383 4040//7383 4041//7383 
f 4408//7384 4042//7384 4379//7384 
f 4409//7385 4380//7385 4393//7385 
f 4409//7386 4396//7386 4380//7386 
f 4410//7387 4397//7387 4381//7387 
f 4410//7388 4381//7388 4394//7388 
f 4411//7389 4382//7389 4395//7389 
f 4411//7390 4398//7390 4382//7390 
f 4412//7391 4399//7391 4383//7391 
f 4412//7392 4383//7392 4396//7392 
f 4413//7393 4384//7393 4397//7393 
f 4413//7394 4400//7394 4384//7394 
f 4414//7395 4385//7395 4398//7395 
f 4414//7396 4401//7396 4385//7396 
f 4415//7397 4402//7397 4386//7397 
f 4415//7398 4386//7398 4399//7398 
f 4416//7399 4403//7399 4387//7399 
f 4416//7400 4387//7400 4400//7400 
f 4417//7401 4404//7401 4388//7401 
f 4417//7402 4388//7402 4401//7402 
f 4418//7403 4390//7403 4402//7403 
f 4418//7404 4406//7404 4390//7404 
f 4419//7405 4391//7405 4403//7405 
f 4419//7406 4407//7406 4391//7406 
f 4420//7407 4392//7407 4404//7407 
f 4420//7408 4408//7408 4392//7408 
f 4421//7409 4409//7409 4393//7409 
f 4421//7410 4393//7410 4405//7410 
f 4422//7411 4394//7411 4406//7411 
f 4422//7412 4410//7412 4394//7412 
f 4423//7413 4395//7413 4407//7413 
f 4423//7414 4411//7414 4395//7414 
f 4424//7415 4039//7415 4040//7415 
f 4424//7416 4040//7416 4408//7416 
f 4425//7417 4412//7417 4396//7417 
f 4425//7418 4396//7418 4409//7418 
f 4426//7419 4397//7419 4410//7419 
f 4426//7420 4413//7420 4397//7420 
f 4427//7421 4398//7421 4411//7421 
f 4427//7422 4414//7422 4398//7422 
f 4428//7423 4415//7423 4399//7423 
f 4428//7424 4399//7424 4412//7424 
f 4429//7425 4400//7425 4413//7425 
f 4429//7426 4416//7426 4400//7426 
f 4430//7427 4401//7427 4414//7427 
f 4430//7428 4417//7428 4401//7428 
f 4431//7429 4402//7429 4415//7429 
f 4431//7430 4418//7430 4402//7430 
f 4432//7431 4403//7431 4416//7431 
f 4432//7432 4419//7432 4403//7432 
f 4433//7433 4404//7433 4417//7433 
f 4433//7434 4420//7434 4404//7434 
f 4434//7435 4405//7435 1935//7435 
f 4434//7436 1935//7436 1934//7436 
f 4434//7437 4421//7437 4405//7437 
f 4435//7438 4406//7438 4418//7438 
f 4435//7439 4422//7439 4406//7439 
f 4436//7440 4407//7440 4419//7440 
f 4436//7441 4423//7441 4407//7441 
f 4437//7442 4408//7442 4420//7442 
f 4437//7443 4424//7443 4408//7443 
f 4438//7444 4425//7444 4409//7444 
f 4438//7445 4409//7445 4421//7445 
f 4439//7446 4426//7446 4410//7446 
f 4439//7447 4410//7447 4422//7447 
f 4440//7448 4411//7448 4423//7448 
f 4440//7449 4427//7449 4411//7449 
f 4441//7450 4412//7450 4425//7450 
f 4441//7451 4428//7451 4412//7451 
f 4442//7452 4413//7452 4426//7452 
f 4442//7453 4429//7453 4413//7453 
f 4443//7454 4414//7454 4427//7454 
f 4443//7455 4430//7455 4414//7455 
f 4444//7456 4431//7456 4415//7456 
f 4444//7457 4415//7457 4428//7457 
f 4445//7458 4416//7458 4429//7458 
f 4445//7459 4432//7459 4416//7459 
f 4446//7460 4433//7460 4417//7460 
f 4446//7461 4417//7461 4430//7461 
f 4447//7462 4418//7462 4431//7462 
f 4447//7463 4435//7463 4418//7463 
f 4448//7464 4436//7464 4419//7464 
f 4448//7465 4419//7465 4432//7465 
f 4449//7466 4437//7466 4420//7466 
f 4449//7467 4420//7467 4433//7467 
f 4450//7468 4434//7468 1934//7468 
f 4450//7469 4438//7469 4421//7469 
f 4450//7470 1934//7470 1933//7470 
f 4450//7471 1933//7471 1932//7471 
f 4450//7472 4421//7472 4434//7472 
f 4451//7473 4422//7473 4435//7473 
f 4451//7474 4439//7474 4422//7474 
f 4452//7475 4440//7475 4423//7475 
f 4452//7476 4423//7476 4436//7476 
f 4453//7477 4424//7477 4437//7477 
f 4453//7478 4037//7478 4039//7478 
f 4453//7479 4454//7479 4101//7479 
f 4453//7480 4101//7480 4037//7480 
f 4453//7481 4039//7481 4424//7481 
f 4455//7482 4441//7482 4425//7482 
f 4455//7483 4425//7483 4438//7483 
f 4456//7484 4426//7484 4439//7484 
f 4456//7485 4442//7485 4426//7485 
f 4457//7486 4443//7486 4427//7486 
f 4457//7487 4427//7487 4440//7487 
f 4458//7488 4444//7488 4428//7488 
f 4458//7489 4428//7489 4441//7489 
f 4459//7490 4429//7490 4442//7490 
f 4459//7491 4445//7491 4429//7491 
f 4460//7492 4446//7492 4430//7492 
f 4460//7493 4430//7493 4443//7493 
f 4461//7494 4431//7494 4444//7494 
f 4461//7495 4447//7495 4431//7495 
f 4462//7496 4448//7496 4432//7496 
f 4462//7497 4432//7497 4445//7497 
f 4463//7498 4449//7498 4433//7498 
f 4463//7499 4433//7499 4446//7499 
f 4464//7500 4435//7500 4447//7500 
f 4464//7501 4451//7501 4435//7501 
f 4465//7502 4436//7502 4448//7502 
f 4465//7503 4452//7503 4436//7503 
f 4466//7504 4437//7504 4449//7504 
f 4466//7505 4467//7505 4454//7505 
f 4466//7506 4453//7506 4437//7506 
f 4466//7507 4454//7507 4453//7507 
f 4468//7508 4455//7508 4438//7508 
f 4468//7509 4438//7509 4450//7509 
f 4469//7510 4439//7510 4451//7510 
f 4469//7511 4456//7511 4439//7511 
f 4470//7512 4457//7512 4440//7512 
f 4470//7513 4440//7513 4452//7513 
f 4471//7514 4441//7514 4455//7514 
f 4471//7515 4458//7515 4441//7515 
f 4472//7516 4442//7516 4456//7516 
f 4472//7517 4459//7517 4442//7517 
f 4473//7518 4460//7518 4443//7518 
f 4473//7519 4443//7519 4457//7519 
f 4474//7520 4444//7520 4458//7520 
f 4474//7521 4461//7521 4444//7521 
f 4475//7522 4445//7522 4459//7522 
f 4475//7523 4462//7523 4445//7523 
f 4476//7524 4463//7524 4446//7524 
f 4476//7525 4446//7525 4460//7525 
f 4477//7526 4464//7526 4447//7526 
f 4477//7527 4447//7527 4461//7527 
f 4478//7528 4448//7528 4462//7528 
f 4478//7529 4465//7529 4448//7529 
f 4479//7530 4467//7530 4466//7530 
f 4479//7531 4466//7531 4449//7531 
f 4479//7532 4449//7532 4463//7532 
f 4479//7533 4480//7533 4467//7533 
f 4479//7534 4481//7534 4480//7534 
f 4482//7535 4450//7535 1932//7535 
f 4482//7536 1932//7536 1931//7536 
f 4482//7537 4468//7537 4450//7537 
f 4483//7538 4451//7538 4464//7538 
f 4483//7539 4469//7539 4451//7539 
f 4484//7540 4470//7540 4452//7540 
f 4484//7541 4452//7541 4465//7541 
f 4485//7542 4455//7542 4468//7542 
f 4485//7543 4471//7543 4455//7543 
f 4486//7544 4456//7544 4469//7544 
f 4486//7545 4472//7545 4456//7545 
f 4487//7546 4457//7546 4470//7546 
f 4487//7547 4473//7547 4457//7547 
f 4488//7548 4474//7548 4458//7548 
f 4488//7549 4458//7549 4471//7549 
f 4489//7550 4459//7550 4472//7550 
f 4489//7551 4475//7551 4459//7551 
f 4490//7552 4476//7552 4460//7552 
f 4490//7553 4460//7553 4473//7553 
f 4491//7554 4461//7554 4474//7554 
f 4491//7555 4477//7555 4461//7555 
f 4492//7556 4478//7556 4462//7556 
f 4492//7557 4462//7557 4475//7557 
f 4493//7558 4481//7558 4479//7558 
f 4493//7559 4479//7559 4463//7559 
f 4493//7560 4463//7560 4476//7560 
f 4493//7561 4494//7561 4481//7561 
f 4495//7562 4483//7562 4464//7562 
f 4495//7563 4464//7563 4477//7563 
f 4496//7564 4484//7564 4465//7564 
f 4496//7565 4465//7565 4478//7565 
f 4497//7566 4482//7566 1931//7566 
f 4497//7567 4468//7567 4482//7567 
f 4497//7568 1931//7568 1930//7568 
f 4497//7569 4485//7569 4468//7569 
f 4498//7570 4486//7570 4469//7570 
f 4498//7571 4469//7571 4483//7571 
f 4499//7572 4487//7572 4470//7572 
f 4499//7573 4470//7573 4484//7573 
f 4500//7574 4471//7574 4485//7574 
f 4500//7575 4488//7575 4471//7575 
f 4501//7576 4472//7576 4486//7576 
f 4501//7577 4489//7577 4472//7577 
f 4502//7578 4490//7578 4473//7578 
f 4502//7579 4473//7579 4487//7579 
f 4503//7580 4491//7580 4474//7580 
f 4503//7581 4474//7581 4488//7581 
f 4504//7582 4475//7582 4489//7582 
f 4504//7583 4492//7583 4475//7583 
f 4505//7584 4493//7584 4476//7584 
f 4505//7585 4476//7585 4490//7585 
f 4505//7586 4494//7586 4493//7586 
f 4505//7587 4506//7587 4494//7587 
f 4505//7588 4507//7588 4506//7588 
f 4508//7589 4495//7589 4477//7589 
f 4508//7590 4477//7590 4491//7590 
f 4509//7591 4496//7591 4478//7591 
f 4509//7592 4478//7592 4492//7592 
f 4510//7593 4483//7593 4495//7593 
f 4510//7594 4498//7594 4483//7594 
f 4511//7595 4499//7595 4484//7595 
f 4511//7596 4484//7596 4496//7596 
f 4512//7597 4485//7597 4497//7597 
f 4512//7598 4500//7598 4485//7598 
f 4513//7599 4486//7599 4498//7599 
f 4513//7600 4501//7600 4486//7600 
f 4514//7601 4487//7601 4499//7601 
f 4514//7602 4502//7602 4487//7602 
f 4515//7603 4488//7603 4500//7603 
f 4515//7604 4503//7604 4488//7604 
f 4516//7605 4504//7605 4489//7605 
f 4516//7606 4489//7606 4501//7606 
f 4517//7607 4505//7607 4490//7607 
f 4517//7608 4490//7608 4502//7608 
f 4517//7609 4507//7609 4505//7609 
f 4517//7610 4518//7610 4507//7610 
f 4519//7611 4508//7611 4491//7611 
f 4519//7612 4491//7612 4503//7612 
f 4520//7613 4509//7613 4492//7613 
f 4520//7614 4492//7614 4504//7614 
f 4521//7615 4510//7615 4495//7615 
f 4521//7616 4495//7616 4508//7616 
f 4522//7617 4496//7617 4509//7617 
f 4522//7618 4511//7618 4496//7618 
f 4523//7619 4512//7619 4497//7619 
f 4523//7620 4497//7620 1930//7620 
f 4523//7621 1930//7621 1929//7621 
f 4523//7622 1929//7622 1928//7622 
f 4524//7623 4513//7623 4498//7623 
f 4524//7624 4498//7624 4510//7624 
f 4525//7625 4514//7625 4499//7625 
f 4525//7626 4499//7626 4511//7626 
f 4526//7627 4500//7627 4512//7627 
f 4526//7628 4515//7628 4500//7628 
f 4527//7629 4516//7629 4501//7629 
f 4527//7630 4501//7630 4513//7630 
f 4528//7631 4502//7631 4514//7631 
f 4528//7632 4529//7632 4518//7632 
f 4528//7633 4517//7633 4502//7633 
f 4528//7634 4518//7634 4517//7634 
f 4530//7635 4519//7635 4503//7635 
f 4530//7636 4503//7636 4515//7636 
f 4531//7637 4520//7637 4504//7637 
f 4531//7638 4504//7638 4516//7638 
f 4532//7639 4521//7639 4508//7639 
f 4532//7640 4508//7640 4519//7640 
f 4533//7641 4522//7641 4509//7641 
f 4533//7642 4509//7642 4520//7642 
f 4534//7643 4524//7643 4510//7643 
f 4534//7644 4510//7644 4521//7644 
f 4535//7645 4511//7645 4522//7645 
f 4535//7646 4525//7646 4511//7646 
f 4536//7647 4523//7647 1928//7647 
f 4536//7648 4526//7648 4512//7648 
f 4536//7649 1928//7649 1927//7649 
f 4536//7650 4512//7650 4523//7650 
f 4537//7651 4513//7651 4524//7651 
f 4537//7652 4527//7652 4513//7652 
f 4538//7653 4529//7653 4528//7653 
f 4538//7654 4528//7654 4514//7654 
f 4538//7655 4539//7655 4529//7655 
f 4538//7656 4540//7656 4539//7656 
f 4538//7657 4514//7657 4525//7657 
f 4541//7658 4530//7658 4515//7658 
f 4541//7659 4515//7659 4526//7659 
f 4542//7660 4531//7660 4516//7660 
f 4542//7661 4516//7661 4527//7661 
f 4543//7662 4532//7662 4519//7662 
f 4543//7663 4519//7663 4530//7663 
f 4544//7664 4520//7664 4531//7664 
f 4544//7665 4533//7665 4520//7665 
f 4545//7666 4521//7666 4532//7666 
f 4545//7667 4534//7667 4521//7667 
f 4546//7668 4535//7668 4522//7668 
f 4546//7669 4522//7669 4533//7669 
f 4547//7670 4524//7670 4534//7670 
f 4547//7671 4537//7671 4524//7671 
f 4548//7672 4540//7672 4538//7672 
f 4548//7673 4538//7673 4525//7673 
f 4548//7674 4549//7674 4540//7674 
f 4548//7675 4525//7675 4535//7675 
f 4550//7676 4541//7676 4526//7676 
f 4550//7677 4526//7677 4536//7677 
f 4551//7678 4542//7678 4527//7678 
f 4551//7679 4527//7679 4537//7679 
f 4552//7680 4530//7680 4541//7680 
f 4552//7681 4543//7681 4530//7681 
f 4553//7682 4544//7682 4531//7682 
f 4553//7683 4531//7683 4542//7683 
f 4554//7684 4545//7684 4532//7684 
f 4554//7685 4532//7685 4543//7685 
f 4555//7686 4546//7686 4533//7686 
f 4555//7687 4533//7687 4544//7687 
f 4556//7688 4534//7688 4545//7688 
f 4556//7689 4547//7689 4534//7689 
f 4557//7690 4535//7690 4546//7690 
f 4557//7691 4548//7691 4535//7691 
f 4557//7692 4558//7692 4549//7692 
f 4557//7693 4559//7693 4558//7693 
f 4557//7694 4549//7694 4548//7694 
f 4560//7695 4536//7695 1927//7695 
f 4560//7696 1927//7696 1926//7696 
f 4560//7697 1926//7697 1925//7697 
f 4560//7698 4550//7698 4536//7698 
f 4561//7699 4537//7699 4547//7699 
f 4561//7700 4551//7700 4537//7700 
f 4562//7701 4552//7701 4541//7701 
f 4562//7702 4541//7702 4550//7702 
f 4563//7703 4553//7703 4542//7703 
f 4563//7704 4542//7704 4551//7704 
f 4564//7705 4543//7705 4552//7705 
f 4564//7706 4554//7706 4543//7706 
f 4565//7707 4555//7707 4544//7707 
f 4565//7708 4544//7708 4553//7708 
f 4566//7709 4545//7709 4554//7709 
f 4566//7710 4556//7710 4545//7710 
f 4567//7711 4559//7711 4557//7711 
f 4567//7712 4557//7712 4546//7712 
f 4567//7713 4546//7713 4555//7713 
f 4567//7714 4568//7714 4559//7714 
f 4569//7715 4561//7715 4547//7715 
f 4569//7716 4547//7716 4556//7716 
f 4570//7717 4560//7717 1925//7717 
f 4570//7718 4550//7718 4560//7718 
f 4570//7719 4562//7719 4550//7719 
f 4570//7720 1925//7720 1924//7720 
f 4571//7721 4563//7721 4551//7721 
f 4571//7722 4551//7722 4561//7722 
f 4572//7723 4564//7723 4552//7723 
f 4572//7724 4552//7724 4562//7724 
f 4573//7725 4553//7725 4563//7725 
f 4573//7726 4565//7726 4553//7726 
f 4574//7727 4566//7727 4554//7727 
f 4574//7728 4554//7728 4564//7728 
f 4575//7729 4567//7729 4555//7729 
f 4575//7730 4568//7730 4567//7730 
f 4575//7731 4576//7731 4568//7731 
f 4575//7732 4555//7732 4565//7732 
f 4577//7733 4556//7733 4566//7733 
f 4577//7734 4569//7734 4556//7734 
f 4578//7735 4571//7735 4561//7735 
f 4578//7736 4561//7736 4569//7736 
f 4579//7737 4562//7737 4570//7737 
f 4579//7738 4572//7738 4562//7738 
f 4580//7739 4563//7739 4571//7739 
f 4580//7740 4573//7740 4563//7740 
f 4581//7741 4574//7741 4564//7741 
f 4581//7742 4564//7742 4572//7742 
f 4582//7743 4565//7743 4573//7743 
f 4582//7744 4576//7744 4575//7744 
f 4582//7745 4575//7745 4565//7745 
f 4582//7746 4583//7746 4576//7746 
f 4582//7747 4584//7747 4583//7747 
f 4585//7748 4566//7748 4574//7748 
f 4585//7749 4577//7749 4566//7749 
f 4586//7750 4569//7750 4577//7750 
f 4586//7751 4578//7751 4569//7751 
f 4587//7752 4579//7752 4570//7752 
f 4587//7753 4570//7753 1924//7753 
f 4587//7754 1924//7754 1923//7754 
f 4588//7755 4571//7755 4578//7755 
f 4588//7756 4580//7756 4571//7756 
f 4589//7757 4572//7757 4579//7757 
f 4589//7758 4581//7758 4572//7758 
f 4590//7759 4573//7759 4580//7759 
f 4590//7760 4582//7760 4573//7760 
f 4590//7761 4584//7761 4582//7761 
f 4590//7762 4591//7762 4584//7762 
f 4592//7763 4574//7763 4581//7763 
f 4592//7764 4585//7764 4574//7764 
f 4593//7765 4577//7765 4585//7765 
f 4593//7766 4586//7766 4577//7766 
f 4594//7767 4588//7767 4578//7767 
f 4594//7768 4578//7768 4586//7768 
f 4595//7769 4589//7769 4579//7769 
f 4595//7770 1923//7770 1922//7770 
f 4595//7771 4579//7771 4587//7771 
f 4595//7772 1922//7772 1921//7772 
f 4595//7773 4587//7773 1923//7773 
f 4596//7774 4580//7774 4588//7774 
f 4596//7775 4590//7775 4580//7775 
f 4596//7776 4591//7776 4590//7776 
f 4596//7777 4597//7777 4591//7777 
f 4596//7778 4598//7778 4597//7778 
f 4599//7779 4581//7779 4589//7779 
f 4599//7780 4592//7780 4581//7780 
f 4600//7781 4585//7781 4592//7781 
f 4600//7782 4593//7782 4585//7782 
f 4601//7783 4594//7783 4586//7783 
f 4601//7784 4586//7784 4593//7784 
f 4602//7785 4598//7785 4596//7785 
f 4602//7786 4596//7786 4588//7786 
f 4602//7787 4588//7787 4594//7787 
f 4602//7788 4603//7788 4598//7788 
f 4604//7789 4599//7789 4589//7789 
f 4604//7790 4589//7790 4595//7790 
f 4605//7791 4592//7791 4599//7791 
f 4605//7792 4600//7792 4592//7792 
f 4606//7793 4601//7793 4593//7793 
f 4606//7794 4593//7794 4600//7794 
f 4607//7795 4602//7795 4594//7795 
f 4607//7796 4603//7796 4602//7796 
f 4607//7797 4608//7797 4603//7797 
f 4607//7798 4594//7798 4601//7798 
f 4609//7799 4604//7799 4595//7799 
f 4609//7800 1921//7800 1920//7800 
f 4609//7801 4595//7801 1921//7801 
f 4610//7802 4599//7802 4604//7802 
f 4610//7803 4605//7803 4599//7803 
f 4611//7804 4600//7804 4605//7804 
f 4611//7805 4606//7805 4600//7805 
f 4612//7806 4607//7806 4601//7806 
f 4612//7807 4601//7807 4606//7807 
f 4612//7808 4608//7808 4607//7808 
f 4612//7809 4613//7809 4608//7809 
f 4612//7810 4614//7810 4613//7810 
f 4615//7811 4604//7811 4609//7811 
f 4615//7812 4610//7812 4604//7812 
f 4615//7813 4609//7813 1920//7813 
f 4615//7814 1920//7814 1919//7814 
f 4615//7815 1919//7815 1918//7815 
f 4616//7816 4611//7816 4605//7816 
f 4616//7817 4605//7817 4610//7817 
f 4617//7818 4612//7818 4606//7818 
f 4617//7819 4614//7819 4612//7819 
f 4617//7820 4606//7820 4611//7820 
f 4617//7821 4618//7821 4614//7821 
f 4619//7822 4610//7822 4615//7822 
f 4619//7823 4616//7823 4610//7823 
f 4620//7824 4611//7824 4616//7824 
f 4620//7825 4617//7825 4611//7825 
f 4620//7826 4618//7826 4617//7826 
f 4620//7827 4621//7827 4618//7827 
f 4620//7828 4622//7828 4621//7828 
f 4623//7829 4615//7829 1918//7829 
f 4623//7830 4619//7830 4615//7830 
f 4623//7831 1918//7831 1916//7831 
f 4624//7832 4616//7832 4619//7832 
f 4624//7833 4622//7833 4620//7833 
f 4624//7834 4620//7834 4616//7834 
f 4624//7835 4625//7835 4622//7835 
f 4626//7836 4624//7836 4619//7836 
f 4626//7837 4619//7837 4623//7837 
f 4626//7838 4623//7838 1916//7838 
f 4626//7839 4625//7839 4624//7839 
f 4626//7840 1916//7840 1915//7840 
f 4626//7841 1915//7841 4102//7841 
f 4626//7842 4102//7842 4625//7842 
f 1947//7843 1948//7843 4627//7843 
f 1978//7844 1914//7844 4069//7844 
f 4628//7845 4629//7845 4630//7845 
f 4630//7846 4631//7846 4100//7846 
f 4629//7847 4631//7847 4630//7847 
f 4631//7848 4632//7848 4100//7848 
f 4633//7849 4634//7849 4628//7849 
f 4628//7850 4634//7850 4629//7850 
f 4629//7851 4634//7851 4631//7851 
f 4632//7852 4635//7852 4100//7852 
f 4634//7853 4636//7853 4631//7853 
f 4631//7854 4636//7854 4632//7854 
f 4637//7855 4638//7855 4633//7855 
f 4639//7856 4638//7856 4637//7856 
f 4633//7857 4638//7857 4634//7857 
f 4635//7858 4640//7858 4100//7858 
f 4636//7859 4641//7859 4632//7859 
f 4632//7860 4641//7860 4635//7860 
f 4638//7861 4642//7861 4634//7861 
f 4634//7862 4642//7862 4636//7862 
f 4640//7863 4643//7863 4100//7863 
f 4641//7864 4644//7864 4635//7864 
f 4635//7865 4644//7865 4640//7865 
f 4642//7866 4645//7866 4636//7866 
f 4636//7867 4645//7867 4641//7867 
f 4646//7868 4647//7868 4639//7868 
f 4638//7869 4647//7869 4642//7869 
f 4639//7870 4647//7870 4638//7870 
f 4643//7871 4648//7871 4100//7871 
f 4644//7872 4649//7872 4640//7872 
f 4640//7873 4649//7873 4643//7873 
f 4645//7874 4650//7874 4641//7874 
f 4641//7875 4650//7875 4644//7875 
f 4647//7876 4651//7876 4642//7876 
f 4642//7877 4651//7877 4645//7877 
f 4648//7878 4652//7878 4100//7878 
f 4653//7879 4654//7879 4646//7879 
f 4655//7880 4654//7880 4653//7880 
f 4646//7881 4654//7881 4647//7881 
f 4649//7882 4656//7882 4643//7882 
f 4643//7883 4656//7883 4648//7883 
f 4644//7884 4657//7884 4649//7884 
f 4650//7885 4657//7885 4644//7885 
f 4651//7886 4658//7886 4645//7886 
f 4645//7887 4658//7887 4650//7887 
f 4652//7888 4659//7888 4100//7888 
f 4647//7889 4660//7889 4651//7889 
f 4654//7890 4660//7890 4647//7890 
f 4648//7891 4661//7891 4652//7891 
f 4656//7892 4661//7892 4648//7892 
f 4649//7893 4662//7893 4656//7893 
f 4657//7894 4662//7894 4649//7894 
f 4658//7895 4663//7895 4650//7895 
f 4650//7896 4663//7896 4657//7896 
f 4659//7897 4664//7897 4100//7897 
f 4660//7898 4665//7898 4651//7898 
f 4651//7899 4665//7899 4658//7899 
f 4652//7900 4666//7900 4659//7900 
f 4661//7901 4666//7901 4652//7901 
f 4667//7902 4668//7902 4655//7902 
f 4655//7903 4668//7903 4654//7903 
f 4654//7904 4668//7904 4660//7904 
f 4656//7905 4669//7905 4661//7905 
f 4662//7906 4669//7906 4656//7906 
f 4663//7907 4670//7907 4657//7907 
f 4657//7908 4670//7908 4662//7908 
f 4664//7909 4671//7909 4100//7909 
f 4665//7910 4672//7910 4658//7910 
f 4658//7911 4672//7911 4663//7911 
f 4659//7912 4673//7912 4664//7912 
f 4666//7913 4673//7913 4659//7913 
f 4668//7914 4674//7914 4660//7914 
f 4660//7915 4674//7915 4665//7915 
f 4661//7916 4675//7916 4666//7916 
f 4669//7917 4675//7917 4661//7917 
f 4676//7918 4677//7918 4667//7918 
f 4667//7919 4677//7919 4668//7919 
f 4662//7920 4678//7920 4669//7920 
f 4670//7921 4678//7921 4662//7921 
f 4671//7922 4679//7922 4100//7922 
f 4663//7923 4680//7923 4670//7923 
f 4672//7924 4680//7924 4663//7924 
f 4673//7925 4681//7925 4664//7925 
f 4664//7926 4681//7926 4671//7926 
f 4674//7927 4682//7927 4665//7927 
f 4665//7928 4682//7928 4672//7928 
f 4666//7929 4683//7929 4673//7929 
f 4675//7930 4683//7930 4666//7930 
f 4677//7931 4684//7931 4668//7931 
f 4668//7932 4684//7932 4674//7932 
f 4669//7933 4685//7933 4675//7933 
f 4678//7934 4685//7934 4669//7934 
f 4679//7935 4686//7935 4100//7935 
f 4670//7936 4687//7936 4678//7936 
f 4680//7937 4687//7937 4670//7937 
f 4671//7938 4688//7938 4679//7938 
f 4681//7939 4688//7939 4671//7939 
f 4682//7940 4689//7940 4672//7940 
f 4672//7941 4689//7941 4680//7941 
f 4673//7942 4690//7942 4681//7942 
f 4683//7943 4690//7943 4673//7943 
f 4684//7944 4691//7944 4674//7944 
f 4674//7945 4691//7945 4682//7945 
f 4675//7946 4692//7946 4683//7946 
f 4685//7947 4692//7947 4675//7947 
f 4677//7948 4693//7948 4684//7948 
f 4694//7949 4693//7949 4676//7949 
f 4695//7950 4693//7950 4694//7950 
f 4676//7951 4693//7951 4677//7951 
f 4686//7952 4696//7952 4100//7952 
f 4687//7953 4697//7953 4678//7953 
f 4678//7954 4697//7954 4685//7954 
f 4688//7955 4698//7955 4679//7955 
f 4679//7956 4698//7956 4686//7956 
f 4680//7957 4699//7957 4687//7957 
f 4689//7958 4699//7958 4680//7958 
f 4690//7959 4700//7959 4681//7959 
f 4681//7960 4700//7960 4688//7960 
f 4682//7961 4701//7961 4689//7961 
f 4691//7962 4701//7962 4682//7962 
f 4692//7963 4702//7963 4683//7963 
f 4683//7964 4702//7964 4690//7964 
f 4684//7965 4703//7965 4691//7965 
f 4693//7966 4703//7966 4684//7966 
f 4696//7967 4704//7967 4100//7967 
f 4697//7968 4705//7968 4685//7968 
f 4685//7969 4705//7969 4692//7969 
f 4695//7970 4706//7970 4693//7970 
f 4707//7971 4706//7971 4695//7971 
f 4686//7972 4708//7972 4696//7972 
f 4698//7973 4708//7973 4686//7973 
f 4699//7974 4709//7974 4687//7974 
f 4687//7975 4709//7975 4697//7975 
f 4688//7976 4710//7976 4698//7976 
f 4700//7977 4710//7977 4688//7977 
f 4689//7978 4711//7978 4699//7978 
f 4701//7979 4711//7979 4689//7979 
f 4690//7980 4712//7980 4700//7980 
f 4702//7981 4712//7981 4690//7981 
f 4691//7982 4713//7982 4701//7982 
f 4703//7983 4713//7983 4691//7983 
f 4704//7984 4714//7984 4100//7984 
f 4705//7985 4715//7985 4692//7985 
f 4692//7986 4715//7986 4702//7986 
f 4693//7987 4716//7987 4703//7987 
f 4706//7988 4716//7988 4693//7988 
f 4696//7989 4717//7989 4704//7989 
f 4708//7990 4717//7990 4696//7990 
f 4697//7991 4718//7991 4705//7991 
f 4709//7992 4718//7992 4697//7992 
f 4710//7993 4719//7993 4698//7993 
f 4698//7994 4719//7994 4708//7994 
f 4699//7995 4720//7995 4709//7995 
f 4711//7996 4720//7996 4699//7996 
f 4712//7997 4721//7997 4700//7997 
f 4700//7998 4721//7998 4710//7998 
f 4701//7999 4722//7999 4711//7999 
f 4713//8000 4722//8000 4701//8000 
f 4714//8001 4723//8001 4100//8001 
f 4715//8002 4724//8002 4702//8002 
f 4702//8003 4724//8003 4712//8003 
f 4703//8004 4725//8004 4713//8004 
f 4716//8005 4725//8005 4703//8005 
f 4717//8006 4726//8006 4704//8006 
f 4704//8007 4726//8007 4714//8007 
f 4718//8008 4727//8008 4705//8008 
f 4705//8009 4727//8009 4715//8009 
f 4728//8010 4729//8010 4707//8010 
f 4706//8011 4729//8011 4716//8011 
f 4730//8012 4729//8012 4728//8012 
f 4707//8013 4729//8013 4706//8013 
f 4708//8014 4731//8014 4717//8014 
f 4719//8015 4731//8015 4708//8015 
f 4720//8016 4732//8016 4709//8016 
f 4709//8017 4732//8017 4718//8017 
f 4721//8018 4733//8018 4710//8018 
f 4710//8019 4733//8019 4719//8019 
f 4711//8020 4734//8020 4720//8020 
f 4722//8021 4734//8021 4711//8021 
f 4723//8022 4735//8022 4100//8022 
f 4712//8023 4736//8023 4721//8023 
f 4724//8024 4736//8024 4712//8024 
f 4713//8025 4737//8025 4722//8025 
f 4725//8026 4737//8026 4713//8026 
f 4714//8027 4738//8027 4723//8027 
f 4726//8028 4738//8028 4714//8028 
f 4715//8029 4739//8029 4724//8029 
f 4727//8030 4739//8030 4715//8030 
f 4716//8031 4740//8031 4725//8031 
f 4729//8032 4740//8032 4716//8032 
f 4731//8033 4741//8033 4717//8033 
f 4717//8034 4741//8034 4726//8034 
f 4718//8035 4742//8035 4727//8035 
f 4732//8036 4742//8036 4718//8036 
f 4743//8037 4744//8037 4730//8037 
f 4730//8038 4744//8038 4729//8038 
f 4733//8039 4745//8039 4719//8039 
f 4719//8040 4745//8040 4731//8040 
f 4720//8041 4746//8041 4732//8041 
f 4734//8042 4746//8042 4720//8042 
f 4735//8043 4747//8043 4100//8043 
f 4721//8044 4748//8044 4733//8044 
f 4736//8045 4748//8045 4721//8045 
f 4722//8046 4749//8046 4734//8046 
f 4737//8047 4749//8047 4722//8047 
f 4738//8048 4750//8048 4723//8048 
f 4723//8049 4750//8049 4735//8049 
f 4739//8050 4751//8050 4724//8050 
f 4724//8051 4751//8051 4736//8051 
f 4725//8052 4752//8052 4737//8052 
f 4740//8053 4752//8053 4725//8053 
f 4726//8054 4753//8054 4738//8054 
f 4741//8055 4753//8055 4726//8055 
f 4742//8056 4754//8056 4727//8056 
f 4727//8057 4754//8057 4739//8057 
f 4729//8058 4755//8058 4740//8058 
f 4744//8059 4755//8059 4729//8059 
f 4731//8060 4756//8060 4741//8060 
f 4745//8061 4756//8061 4731//8061 
f 4732//8062 4757//8062 4742//8062 
f 4746//8063 4757//8063 4732//8063 
f 4747//8064 4758//8064 4100//8064 
f 4748//8065 4759//8065 4733//8065 
f 4733//8066 4759//8066 4745//8066 
f 4749//8067 4760//8067 4734//8067 
f 4734//8068 4760//8068 4746//8068 
f 4750//8069 4761//8069 4735//8069 
f 4735//8070 4761//8070 4747//8070 
f 4751//8071 4762//8071 4736//8071 
f 4736//8072 4762//8072 4748//8072 
f 4752//8073 4763//8073 4737//8073 
f 4737//8074 4763//8074 4749//8074 
f 4753//8075 4764//8075 4738//8075 
f 4738//8076 4764//8076 4750//8076 
f 4739//8077 4765//8077 4751//8077 
f 4754//8078 4765//8078 4739//8078 
f 4740//8079 4766//8079 4752//8079 
f 4755//8080 4766//8080 4740//8080 
f 4756//8081 4767//8081 4741//8081 
f 4741//8082 4767//8082 4753//8082 
f 4757//8083 4768//8083 4742//8083 
f 4742//8084 4768//8084 4754//8084 
f 4769//8085 4770//8085 4743//8085 
f 4744//8086 4770//8086 4755//8086 
f 4743//8087 4770//8087 4744//8087 
f 4758//8088 4771//8088 4100//8088 
f 4759//8089 4772//8089 4745//8089 
f 4745//8090 4772//8090 4756//8090 
f 4746//8091 4773//8091 4757//8091 
f 4760//8092 4773//8092 4746//8092 
f 4761//8093 4774//8093 4747//8093 
f 4747//8094 4774//8094 4758//8094 
f 4762//8095 4775//8095 4748//8095 
f 4748//8096 4775//8096 4759//8096 
f 4749//8097 4776//8097 4760//8097 
f 4763//8098 4776//8098 4749//8098 
f 4764//8099 4777//8099 4750//8099 
f 4750//8100 4777//8100 4761//8100 
f 4751//8101 4778//8101 4762//8101 
f 4765//8102 4778//8102 4751//8102 
f 4752//8103 4779//8103 4763//8103 
f 4766//8104 4779//8104 4752//8104 
f 4753//8105 4780//8105 4764//8105 
f 4767//8106 4780//8106 4753//8106 
f 4754//8107 4781//8107 4765//8107 
f 4768//8108 4781//8108 4754//8108 
f 4770//8109 4782//8109 4755//8109 
f 4755//8110 4782//8110 4766//8110 
f 4771//8111 4783//8111 4100//8111 
f 4100//8112 4783//8112 4099//8112 
f 4756//8113 4784//8113 4767//8113 
f 4772//8114 4784//8114 4756//8114 
f 4773//8115 4785//8115 4757//8115 
f 4757//8116 4785//8116 4768//8116 
f 4786//8117 4787//8117 4769//8117 
f 4788//8118 4787//8118 4786//8118 
f 4769//8119 4787//8119 4770//8119 
f 4758//8120 4789//8120 4771//8120 
f 4774//8121 4789//8121 4758//8121 
f 4759//8122 4790//8122 4772//8122 
f 4775//8123 4790//8123 4759//8123 
f 4760//8124 4791//8124 4773//8124 
f 4776//8125 4791//8125 4760//8125 
f 4761//8126 4792//8126 4774//8126 
f 4777//8127 4792//8127 4761//8127 
f 4762//8128 4793//8128 4775//8128 
f 4778//8129 4793//8129 4762//8129 
f 4779//8130 4794//8130 4763//8130 
f 4763//8131 4794//8131 4776//8131 
f 4780//8132 4795//8132 4764//8132 
f 4764//8133 4795//8133 4777//8133 
f 4781//8134 4796//8134 4765//8134 
f 4765//8135 4796//8135 4778//8135 
f 4766//8136 4797//8136 4779//8136 
f 4782//8137 4797//8137 4766//8137 
f 4783//8138 4798//8138 4099//8138 
f 4099//8139 4798//8139 4098//8139 
f 4784//8140 4799//8140 4767//8140 
f 4767//8141 4799//8141 4780//8141 
f 4768//8142 4800//8142 4781//8142 
f 4785//8143 4800//8143 4768//8143 
f 4787//8144 4801//8144 4770//8144 
f 4770//8145 4801//8145 4782//8145 
f 4789//8146 4802//8146 4771//8146 
f 4771//8147 4802//8147 4783//8147 
f 4772//8148 4803//8148 4784//8148 
f 4790//8149 4803//8149 4772//8149 
f 4791//8150 4804//8150 4773//8150 
f 4773//8151 4804//8151 4785//8151 
f 4774//8152 4805//8152 4789//8152 
f 4792//8153 4805//8153 4774//8153 
f 4775//8154 4806//8154 4790//8154 
f 4793//8155 4806//8155 4775//8155 
f 4776//8156 4807//8156 4791//8156 
f 4794//8157 4807//8157 4776//8157 
f 4777//8158 4808//8158 4792//8158 
f 4795//8159 4808//8159 4777//8159 
f 4778//8160 4809//8160 4793//8160 
f 4796//8161 4809//8161 4778//8161 
f 4779//8162 4810//8162 4794//8162 
f 4797//8163 4810//8163 4779//8163 
f 4780//8164 4811//8164 4795//8164 
f 4799//8165 4811//8165 4780//8165 
f 4800//8166 4812//8166 4781//8166 
f 4781//8167 4812//8167 4796//8167 
f 4801//8168 4813//8168 4782//8168 
f 4782//8169 4813//8169 4797//8169 
f 4098//8170 4814//8170 4097//8170 
f 4783//8171 4814//8171 4798//8171 
f 4798//8172 4814//8172 4098//8172 
f 4802//8173 4814//8173 4783//8173 
f 4784//8174 4815//8174 4799//8174 
f 4803//8175 4815//8175 4784//8175 
f 4785//8176 4816//8176 4800//8176 
f 4804//8177 4816//8177 4785//8177 
f 4817//8178 4818//8178 4788//8178 
f 4787//8179 4818//8179 4801//8179 
f 4788//8180 4818//8180 4787//8180 
f 4805//8181 4819//8181 4789//8181 
f 4789//8182 4819//8182 4802//8182 
f 4790//8183 4820//8183 4803//8183 
f 4806//8184 4820//8184 4790//8184 
f 4807//8185 4821//8185 4791//8185 
f 4791//8186 4821//8186 4804//8186 
f 4792//8187 4822//8187 4805//8187 
f 4808//8188 4822//8188 4792//8188 
f 4809//8189 4823//8189 4793//8189 
f 4793//8190 4823//8190 4806//8190 
f 4794//8191 4824//8191 4807//8191 
f 4810//8192 4824//8192 4794//8192 
f 4811//8193 4825//8193 4795//8193 
f 4795//8194 4825//8194 4808//8194 
f 4796//8195 4826//8195 4809//8195 
f 4812//8196 4826//8196 4796//8196 
f 4797//8197 4827//8197 4810//8197 
f 4813//8198 4827//8198 4797//8198 
f 4799//8199 4828//8199 4811//8199 
f 4815//8200 4828//8200 4799//8200 
f 4816//8201 4829//8201 4800//8201 
f 4800//8202 4829//8202 4812//8202 
f 4801//8203 4830//8203 4813//8203 
f 4818//8204 4830//8204 4801//8204 
f 4802//8205 4831//8205 4814//8205 
f 4819//8206 4831//8206 4802//8206 
f 4803//8207 4832//8207 4815//8207 
f 4820//8208 4832//8208 4803//8208 
f 4821//8209 4833//8209 4804//8209 
f 4804//8210 4833//8210 4816//8210 
f 4834//8211 4835//8211 4817//8211 
f 4836//8212 4835//8212 4834//8212 
f 4817//8213 4835//8213 4818//8213 
f 4805//8214 4837//8214 4819//8214 
f 4822//8215 4837//8215 4805//8215 
f 4823//8216 4838//8216 4806//8216 
f 4806//8217 4838//8217 4820//8217 
f 4807//8218 4839//8218 4821//8218 
f 4824//8219 4839//8219 4807//8219 
f 4808//8220 4840//8220 4822//8220 
f 4825//8221 4840//8221 4808//8221 
f 4826//8222 4841//8222 4809//8222 
f 4809//8223 4841//8223 4823//8223 
f 4827//8224 4842//8224 4810//8224 
f 4810//8225 4842//8225 4824//8225 
f 4828//8226 4843//8226 4811//8226 
f 4811//8227 4843//8227 4825//8227 
f 4812//8228 4844//8228 4826//8228 
f 4829//8229 4844//8229 4812//8229 
f 4830//8230 4845//8230 4813//8230 
f 4813//8231 4845//8231 4827//8231 
f 4097//8232 4846//8232 4096//8232 
f 4096//8233 4846//8233 4095//8233 
f 4831//8234 4846//8234 4814//8234 
f 4814//8235 4846//8235 4097//8235 
f 4832//8236 4847//8236 4815//8236 
f 4815//8237 4847//8237 4828//8237 
f 4816//8238 4848//8238 4829//8238 
f 4833//8239 4848//8239 4816//8239 
f 4818//8240 4849//8240 4830//8240 
f 4835//8241 4849//8241 4818//8241 
f 4837//8242 4850//8242 4819//8242 
f 4819//8243 4850//8243 4831//8243 
f 4838//8244 4851//8244 4820//8244 
f 4820//8245 4851//8245 4832//8245 
f 4821//8246 4852//8246 4833//8246 
f 4839//8247 4852//8247 4821//8247 
f 4840//8248 4853//8248 4822//8248 
f 4822//8249 4853//8249 4837//8249 
f 4823//8250 4854//8250 4838//8250 
f 4841//8251 4854//8251 4823//8251 
f 4842//8252 4855//8252 4824//8252 
f 4824//8253 4855//8253 4839//8253 
f 4825//8254 4856//8254 4840//8254 
f 4843//8255 4856//8255 4825//8255 
f 4826//8256 4857//8256 4841//8256 
f 4844//8257 4857//8257 4826//8257 
f 4827//8258 4858//8258 4842//8258 
f 4845//8259 4858//8259 4827//8259 
f 4847//8260 4859//8260 4828//8260 
f 4828//8261 4859//8261 4843//8261 
f 4848//8262 4860//8262 4829//8262 
f 4829//8263 4860//8263 4844//8263 
f 4830//8264 4861//8264 4845//8264 
f 4849//8265 4861//8265 4830//8265 
f 4831//8266 4862//8266 4846//8266 
f 4095//8267 4862//8267 4094//8267 
f 4850//8268 4862//8268 4831//8268 
f 4846//8269 4862//8269 4095//8269 
f 4832//8270 4863//8270 4847//8270 
f 4851//8271 4863//8271 4832//8271 
f 4833//8272 4864//8272 4848//8272 
f 4852//8273 4864//8273 4833//8273 
f 4865//8274 4866//8274 4836//8274 
f 4836//8275 4866//8275 4835//8275 
f 4835//8276 4866//8276 4849//8276 
f 4837//8277 4867//8277 4850//8277 
f 4853//8278 4867//8278 4837//8278 
f 4854//8279 4868//8279 4838//8279 
f 4838//8280 4868//8280 4851//8280 
f 4855//8281 4869//8281 4839//8281 
f 4839//8282 4869//8282 4852//8282 
f 4840//8283 4870//8283 4853//8283 
f 4856//8284 4870//8284 4840//8284 
f 4841//8285 4871//8285 4854//8285 
f 4857//8286 4871//8286 4841//8286 
f 4842//8287 4872//8287 4855//8287 
f 4858//8288 4872//8288 4842//8288 
f 4859//8289 4873//8289 4843//8289 
f 4843//8290 4873//8290 4856//8290 
f 4844//8291 4874//8291 4857//8291 
f 4860//8292 4874//8292 4844//8292 
f 4861//8293 4875//8293 4845//8293 
f 4845//8294 4875//8294 4858//8294 
f 4847//8295 4876//8295 4859//8295 
f 4863//8296 4876//8296 4847//8296 
f 4848//8297 4877//8297 4860//8297 
f 4864//8298 4877//8298 4848//8298 
f 4849//8299 4878//8299 4861//8299 
f 4866//8300 4878//8300 4849//8300 
f 4850//8301 4879//8301 4862//8301 
f 4867//8302 4879//8302 4850//8302 
f 4851//8303 4880//8303 4863//8303 
f 4868//8304 4880//8304 4851//8304 
f 4852//8305 4881//8305 4864//8305 
f 4869//8306 4881//8306 4852//8306 
f 4882//8307 4883//8307 4865//8307 
f 4865//8308 4883//8308 4866//8308 
f 4853//8309 4884//8309 4867//8309 
f 4870//8310 4884//8310 4853//8310 
f 4871//8311 4885//8311 4854//8311 
f 4854//8312 4885//8312 4868//8312 
f 4855//8313 4886//8313 4869//8313 
f 4872//8314 4886//8314 4855//8314 
f 4873//8315 4887//8315 4856//8315 
f 4856//8316 4887//8316 4870//8316 
f 4857//8317 4888//8317 4871//8317 
f 4874//8318 4888//8318 4857//8318 
f 4875//8319 4889//8319 4858//8319 
f 4858//8320 4889//8320 4872//8320 
f 4859//8321 4890//8321 4873//8321 
f 4876//8322 4890//8322 4859//8322 
f 4877//8323 4891//8323 4860//8323 
f 4860//8324 4891//8324 4874//8324 
f 4878//8325 4892//8325 4861//8325 
f 4861//8326 4892//8326 4875//8326 
f 4862//8327 4893//8327 4094//8327 
f 4879//8328 4893//8328 4862//8328 
f 4094//8329 4893//8329 4093//8329 
f 4093//8330 4893//8330 4092//8330 
f 4880//8331 4894//8331 4863//8331 
f 4863//8332 4894//8332 4876//8332 
f 4864//8333 4895//8333 4877//8333 
f 4881//8334 4895//8334 4864//8334 
f 4866//8335 4896//8335 4878//8335 
f 4883//8336 4896//8336 4866//8336 
f 4867//8337 4897//8337 4879//8337 
f 4884//8338 4897//8338 4867//8338 
f 4885//8339 4898//8339 4868//8339 
f 4868//8340 4898//8340 4880//8340 
f 4869//8341 4899//8341 4881//8341 
f 4886//8342 4899//8342 4869//8342 
f 4870//8343 4900//8343 4884//8343 
f 4887//8344 4900//8344 4870//8344 
f 4871//8345 4901//8345 4885//8345 
f 4888//8346 4901//8346 4871//8346 
f 4872//8347 4902//8347 4886//8347 
f 4889//8348 4902//8348 4872//8348 
f 4873//8349 4903//8349 4887//8349 
f 4890//8350 4903//8350 4873//8350 
f 4891//8351 4904//8351 4874//8351 
f 4874//8352 4904//8352 4888//8352 
f 4892//8353 4905//8353 4875//8353 
f 4875//8354 4905//8354 4889//8354 
f 4894//8355 4906//8355 4876//8355 
f 4876//8356 4906//8356 4890//8356 
f 4877//8357 4907//8357 4891//8357 
f 4895//8358 4907//8358 4877//8358 
f 4878//8359 4908//8359 4892//8359 
f 4896//8360 4908//8360 4878//8360 
f 4879//8361 4909//8361 4893//8361 
f 4893//8362 4909//8362 4092//8362 
f 4897//8363 4909//8363 4879//8363 
f 4092//8364 4909//8364 4091//8364 
f 4898//8365 4910//8365 4880//8365 
f 4880//8366 4910//8366 4894//8366 
f 4881//8367 4911//8367 4895//8367 
f 4899//8368 4911//8368 4881//8368 
f 4883//8369 4912//8369 4896//8369 
f 4913//8370 4912//8370 4882//8370 
f 4914//8371 4912//8371 4913//8371 
f 4882//8372 4912//8372 4883//8372 
f 4884//8373 4915//8373 4897//8373 
f 4900//8374 4915//8374 4884//8374 
f 4885//8375 4916//8375 4898//8375 
f 4901//8376 4916//8376 4885//8376 
f 4902//8377 4917//8377 4886//8377 
f 4886//8378 4917//8378 4899//8378 
f 4903//8379 4918//8379 4887//8379 
f 4887//8380 4918//8380 4900//8380 
f 4888//8381 4919//8381 4901//8381 
f 4904//8382 4919//8382 4888//8382 
f 4889//8383 4920//8383 4902//8383 
f 4905//8384 4920//8384 4889//8384 
f 4906//8385 4921//8385 4890//8385 
f 4890//8386 4921//8386 4903//8386 
f 4891//8387 4922//8387 4904//8387 
f 4907//8388 4922//8388 4891//8388 
f 4892//8389 4923//8389 4905//8389 
f 4908//8390 4923//8390 4892//8390 
f 4894//8391 4924//8391 4906//8391 
f 4910//8392 4924//8392 4894//8392 
f 4895//8393 4925//8393 4907//8393 
f 4911//8394 4925//8394 4895//8394 
f 4896//8395 4926//8395 4908//8395 
f 4912//8396 4926//8396 4896//8396 
f 4897//8397 4927//8397 4909//8397 
f 4915//8398 4927//8398 4897//8398 
f 4916//8399 4928//8399 4898//8399 
f 4898//8400 4928//8400 4910//8400 
f 4917//8401 4929//8401 4899//8401 
f 4899//8402 4929//8402 4911//8402 
f 4930//8403 4931//8403 4914//8403 
f 4914//8404 4931//8404 4912//8404 
f 4900//8405 4932//8405 4915//8405 
f 4918//8406 4932//8406 4900//8406 
f 4919//8407 4933//8407 4901//8407 
f 4901//8408 4933//8408 4916//8408 
f 4920//8409 4934//8409 4902//8409 
f 4902//8410 4934//8410 4917//8410 
f 4903//8411 4935//8411 4918//8411 
f 4921//8412 4935//8412 4903//8412 
f 4922//8413 4936//8413 4904//8413 
f 4904//8414 4936//8414 4919//8414 
f 4905//8415 4937//8415 4920//8415 
f 4923//8416 4937//8416 4905//8416 
f 4906//8417 4938//8417 4921//8417 
f 4924//8418 4938//8418 4906//8418 
f 4925//8419 4939//8419 4907//8419 
f 4907//8420 4939//8420 4922//8420 
f 4926//8421 4940//8421 4908//8421 
f 4908//8422 4940//8422 4923//8422 
f 4927//8423 4941//8423 4909//8423 
f 4091//8424 4941//8424 4090//8424 
f 4909//8425 4941//8425 4091//8425 
f 4910//8426 4942//8426 4924//8426 
f 4928//8427 4942//8427 4910//8427 
f 4929//8428 4943//8428 4911//8428 
f 4911//8429 4943//8429 4925//8429 
f 4931//8430 4944//8430 4912//8430 
f 4912//8431 4944//8431 4926//8431 
f 4915//8432 4945//8432 4927//8432 
f 4932//8433 4945//8433 4915//8433 
f 4933//8434 4946//8434 4916//8434 
f 4916//8435 4946//8435 4928//8435 
f 4934//8436 4947//8436 4917//8436 
f 4917//8437 4947//8437 4929//8437 
f 4918//8438 4948//8438 4932//8438 
f 4935//8439 4948//8439 4918//8439 
f 4936//8440 4949//8440 4919//8440 
f 4919//8441 4949//8441 4933//8441 
f 4920//8442 4950//8442 4934//8442 
f 4937//8443 4950//8443 4920//8443 
f 4938//8444 4951//8444 4921//8444 
f 4921//8445 4951//8445 4935//8445 
f 4939//8446 4952//8446 4922//8446 
f 4922//8447 4952//8447 4936//8447 
f 4940//8448 4953//8448 4923//8448 
f 4923//8449 4953//8449 4937//8449 
f 4942//8450 4954//8450 4924//8450 
f 4924//8451 4954//8451 4938//8451 
f 4943//8452 4955//8452 4925//8452 
f 4925//8453 4955//8453 4939//8453 
f 4944//8454 4956//8454 4926//8454 
f 4926//8455 4956//8455 4940//8455 
f 4941//8456 4957//8456 4090//8456 
f 4090//8457 4957//8457 4089//8457 
f 4089//8458 4957//8458 4088//8458 
f 4945//8459 4957//8459 4927//8459 
f 4927//8460 4957//8460 4941//8460 
f 4946//8461 4958//8461 4928//8461 
f 4928//8462 4958//8462 4942//8462 
f 4929//8463 4959//8463 4943//8463 
f 4947//8464 4959//8464 4929//8464 
f 4931//8465 4960//8465 4944//8465 
f 4961//8466 4960//8466 4930//8466 
f 4962//8467 4960//8467 4961//8467 
f 4930//8468 4960//8468 4931//8468 
f 4932//8469 4963//8469 4945//8469 
f 4948//8470 4963//8470 4932//8470 
f 4949//8471 4964//8471 4933//8471 
f 4933//8472 4964//8472 4946//8472 
f 4934//8473 4965//8473 4947//8473 
f 4950//8474 4965//8474 4934//8474 
f 4951//8475 4966//8475 4935//8475 
f 4935//8476 4966//8476 4948//8476 
f 4936//8477 4967//8477 4949//8477 
f 4952//8478 4967//8478 4936//8478 
f 4937//8479 4968//8479 4950//8479 
f 4953//8480 4968//8480 4937//8480 
f 4954//8481 4969//8481 4938//8481 
f 4938//8482 4969//8482 4951//8482 
f 4955//8483 4970//8483 4939//8483 
f 4939//8484 4970//8484 4952//8484 
f 4956//8485 4971//8485 4940//8485 
f 4940//8486 4971//8486 4953//8486 
f 4942//8487 4972//8487 4954//8487 
f 4958//8488 4972//8488 4942//8488 
f 4943//8489 4973//8489 4955//8489 
f 4959//8490 4973//8490 4943//8490 
f 4944//8491 4974//8491 4956//8491 
f 4960//8492 4974//8492 4944//8492 
f 4963//8493 4975//8493 4945//8493 
f 4945//8494 4975//8494 4957//8494 
f 4946//8495 4976//8495 4958//8495 
f 4964//8496 4976//8496 4946//8496 
f 4947//8497 4977//8497 4959//8497 
f 4965//8498 4977//8498 4947//8498 
f 4978//8499 4979//8499 4962//8499 
f 4962//8500 4979//8500 4960//8500 
f 4966//8501 4980//8501 4948//8501 
f 4948//8502 4980//8502 4963//8502 
f 4949//8503 4981//8503 4964//8503 
f 4967//8504 4981//8504 4949//8504 
f 4950//8505 4982//8505 4965//8505 
f 4968//8506 4982//8506 4950//8506 
f 4969//8507 4983//8507 4951//8507 
f 4951//8508 4983//8508 4966//8508 
f 4952//8509 4984//8509 4967//8509 
f 4970//8510 4984//8510 4952//8510 
f 4953//8511 4985//8511 4968//8511 
f 4971//8512 4985//8512 4953//8512 
f 4954//8513 4986//8513 4969//8513 
f 4972//8514 4986//8514 4954//8514 
f 4955//8515 4987//8515 4970//8515 
f 4973//8516 4987//8516 4955//8516 
f 4956//8517 4988//8517 4971//8517 
f 4974//8518 4988//8518 4956//8518 
f 4957//8519 4989//8519 4088//8519 
f 4088//8520 4989//8520 4087//8520 
f 4975//8521 4989//8521 4957//8521 
f 4958//8522 4990//8522 4972//8522 
f 4976//8523 4990//8523 4958//8523 
f 4959//8524 4991//8524 4973//8524 
f 4977//8525 4991//8525 4959//8525 
f 4960//8526 4992//8526 4974//8526 
f 4979//8527 4992//8527 4960//8527 
f 4980//8528 4993//8528 4963//8528 
f 4963//8529 4993//8529 4975//8529 
f 4981//8530 4994//8530 4964//8530 
f 4964//8531 4994//8531 4976//8531 
f 4965//8532 4995//8532 4977//8532 
f 4982//8533 4995//8533 4965//8533 
f 4966//8534 4996//8534 4980//8534 
f 4983//8535 4996//8535 4966//8535 
f 4967//8536 4997//8536 4981//8536 
f 4984//8537 4997//8537 4967//8537 
f 4968//8538 4998//8538 4982//8538 
f 4985//8539 4998//8539 4968//8539 
f 4986//8540 4999//8540 4969//8540 
f 4969//8541 4999//8541 4983//8541 
f 4970//8542 5000//8542 4984//8542 
f 4987//8543 5000//8543 4970//8543 
f 4988//8544 5001//8544 4971//8544 
f 4971//8545 5001//8545 4985//8545 
f 4972//8546 5002//8546 4986//8546 
f 4990//8547 5002//8547 4972//8547 
f 4991//8548 5003//8548 4973//8548 
f 4973//8549 5003//8549 4987//8549 
f 4992//8550 5004//8550 4974//8550 
f 4974//8551 5004//8551 4988//8551 
f 4989//8552 5005//8552 4087//8552 
f 4993//8553 5005//8553 4975//8553 
f 4087//8554 5005//8554 4086//8554 
f 4086//8555 5005//8555 4085//8555 
f 4975//8556 5005//8556 4989//8556 
f 4976//8557 5006//8557 4990//8557 
f 4994//8558 5006//8558 4976//8558 
f 4995//8559 5007//8559 4977//8559 
f 4977//8560 5007//8560 4991//8560 
f 4979//8561 5008//8561 4992//8561 
f 4627//8562 5008//8562 4978//8562 
f 1949//8563 5008//8563 1948//8563 
f 1948//8564 5008//8564 4627//8564 
f 4978//8565 5008//8565 4979//8565 
f 4996//8566 5009//8566 4980//8566 
f 4980//8567 5009//8567 4993//8567 
f 4981//8568 5010//8568 4994//8568 
f 4997//8569 5010//8569 4981//8569 
f 4998//8570 5011//8570 4982//8570 
f 4982//8571 5011//8571 4995//8571 
f 4999//8572 5012//8572 4983//8572 
f 4983//8573 5012//8573 4996//8573 
f 4984//8574 5013//8574 4997//8574 
f 5000//8575 5013//8575 4984//8575 
f 5001//8576 5014//8576 4985//8576 
f 4985//8577 5014//8577 4998//8577 
f 4986//8578 5015//8578 4999//8578 
f 5002//8579 5015//8579 4986//8579 
f 5003//8580 5016//8580 4987//8580 
f 4987//8581 5016//8581 5000//8581 
f 5004//8582 5017//8582 4988//8582 
f 4988//8583 5017//8583 5001//8583 
f 4990//8584 5018//8584 5002//8584 
f 5006//8585 5018//8585 4990//8585 
f 4991//8586 5019//8586 5003//8586 
f 5007//8587 5019//8587 4991//8587 
f 4992//8588 5020//8588 5004//8588 
f 1950//8589 5020//8589 1949//8589 
f 5008//8590 5020//8590 4992//8590 
f 1949//8591 5020//8591 5008//8591 
f 5009//8592 5021//8592 4993//8592 
f 4993//8593 5021//8593 5005//8593 
f 4994//8594 5022//8594 5006//8594 
f 5010//8595 5022//8595 4994//8595 
f 5011//8596 5023//8596 4995//8596 
f 4995//8597 5023//8597 5007//8597 
f 4996//8598 5024//8598 5009//8598 
f 5012//8599 5024//8599 4996//8599 
f 4997//8600 5025//8600 5010//8600 
f 5013//8601 5025//8601 4997//8601 
f 5014//8602 5026//8602 4998//8602 
f 4998//8603 5026//8603 5011//8603 
f 4999//8604 5027//8604 5012//8604 
f 5015//8605 5027//8605 4999//8605 
f 5000//8606 5028//8606 5013//8606 
f 5016//8607 5028//8607 5000//8607 
f 5017//8608 5029//8608 5001//8608 
f 5001//8609 5029//8609 5014//8609 
f 5018//8610 5030//8610 5002//8610 
f 5002//8611 5030//8611 5015//8611 
f 5003//8612 5031//8612 5016//8612 
f 5019//8613 5031//8613 5003//8613 
f 1950//8614 5032//8614 5020//8614 
f 5020//8615 5032//8615 5004//8615 
f 5004//8616 5032//8616 5017//8616 
f 1951//8617 5032//8617 1950//8617 
f 1952//8618 5032//8618 1951//8618 
f 5005//8619 5033//8619 4085//8619 
f 4085//8620 5033//8620 4084//8620 
f 5021//8621 5033//8621 5005//8621 
f 5006//8622 5034//8622 5018//8622 
f 5022//8623 5034//8623 5006//8623 
f 5023//8624 5035//8624 5007//8624 
f 5007//8625 5035//8625 5019//8625 
f 5009//8626 5036//8626 5021//8626 
f 5024//8627 5036//8627 5009//8627 
f 5010//8628 5037//8628 5022//8628 
f 5025//8629 5037//8629 5010//8629 
f 5011//8630 5038//8630 5023//8630 
f 5026//8631 5038//8631 5011//8631 
f 5027//8632 5039//8632 5012//8632 
f 5012//8633 5039//8633 5024//8633 
f 5013//8634 5040//8634 5025//8634 
f 5028//8635 5040//8635 5013//8635 
f 5029//8636 5041//8636 5014//8636 
f 5014//8637 5041//8637 5026//8637 
f 5015//8638 5042//8638 5027//8638 
f 5030//8639 5042//8639 5015//8639 
f 5031//8640 5043//8640 5016//8640 
f 5016//8641 5043//8641 5028//8641 
f 1952//8642 5044//8642 5032//8642 
f 5032//8643 5044//8643 5017//8643 
f 5017//8644 5044//8644 5029//8644 
f 1953//8645 5044//8645 1952//8645 
f 5034//8646 5045//8646 5018//8646 
f 5018//8647 5045//8647 5030//8647 
f 5035//8648 5046//8648 5019//8648 
f 5019//8649 5046//8649 5031//8649 
f 5033//8650 5047//8650 4084//8650 
f 5021//8651 5047//8651 5033//8651 
f 4084//8652 5047//8652 4083//8652 
f 5036//8653 5047//8653 5021//8653 
f 5037//8654 5048//8654 5022//8654 
f 5022//8655 5048//8655 5034//8655 
f 5038//8656 5049//8656 5023//8656 
f 5023//8657 5049//8657 5035//8657 
f 5024//8658 5050//8658 5036//8658 
f 5039//8659 5050//8659 5024//8659 
f 5025//8660 5051//8660 5037//8660 
f 5040//8661 5051//8661 5025//8661 
f 5041//8662 5052//8662 5026//8662 
f 5026//8663 5052//8663 5038//8663 
f 5042//8664 5053//8664 5027//8664 
f 5027//8665 5053//8665 5039//8665 
f 5028//8666 5054//8666 5040//8666 
f 5043//8667 5054//8667 5028//8667 
f 5044//8668 5055//8668 5029//8668 
f 5029//8669 5055//8669 5041//8669 
f 1953//8670 5055//8670 5044//8670 
f 1954//8671 5055//8671 1953//8671 
f 1955//8672 5055//8672 1954//8672 
f 5045//8673 5056//8673 5030//8673 
f 5030//8674 5056//8674 5042//8674 
f 5046//8675 5057//8675 5031//8675 
f 5031//8676 5057//8676 5043//8676 
f 5034//8677 5058//8677 5045//8677 
f 5048//8678 5058//8678 5034//8678 
f 5049//8679 5059//8679 5035//8679 
f 5035//8680 5059//8680 5046//8680 
f 5036//8681 5060//8681 5047//8681 
f 5050//8682 5060//8682 5036//8682 
f 5037//8683 5061//8683 5048//8683 
f 5051//8684 5061//8684 5037//8684 
f 5038//8685 5062//8685 5049//8685 
f 5052//8686 5062//8686 5038//8686 
f 5039//8687 5063//8687 5050//8687 
f 5053//8688 5063//8688 5039//8688 
f 5054//8689 5064//8689 5040//8689 
f 5040//8690 5064//8690 5051//8690 
f 5055//8691 5065//8691 5041//8691 
f 5041//8692 5065//8692 5052//8692 
f 1955//8693 5065//8693 5055//8693 
f 1956//8694 5065//8694 1955//8694 
f 5056//8695 5066//8695 5042//8695 
f 5042//8696 5066//8696 5053//8696 
f 5057//8697 5067//8697 5043//8697 
f 5043//8698 5067//8698 5054//8698 
f 5058//8699 5068//8699 5045//8699 
f 5045//8700 5068//8700 5056//8700 
f 5046//8701 5069//8701 5057//8701 
f 5059//8702 5069//8702 5046//8702 
f 5060//8703 5070//8703 5047//8703 
f 5047//8704 5070//8704 4083//8704 
f 4083//8705 5070//8705 4082//8705 
f 4082//8706 5070//8706 4081//8706 
f 5061//8707 5071//8707 5048//8707 
f 5048//8708 5071//8708 5058//8708 
f 5062//8709 5072//8709 5049//8709 
f 5049//8710 5072//8710 5059//8710 
f 5050//8711 5073//8711 5060//8711 
f 5063//8712 5073//8712 5050//8712 
f 5064//8713 5074//8713 5051//8713 
f 5051//8714 5074//8714 5061//8714 
f 5052//8715 5075//8715 5062//8715 
f 1957//8716 5075//8716 1956//8716 
f 5065//8717 5075//8717 5052//8717 
f 1956//8718 5075//8718 5065//8718 
f 5066//8719 5076//8719 5053//8719 
f 5053//8720 5076//8720 5063//8720 
f 5067//8721 5077//8721 5054//8721 
f 5054//8722 5077//8722 5064//8722 
f 5068//8723 5078//8723 5056//8723 
f 5056//8724 5078//8724 5066//8724 
f 5069//8725 5079//8725 5057//8725 
f 5057//8726 5079//8726 5067//8726 
f 5071//8727 5080//8727 5058//8727 
f 5058//8728 5080//8728 5068//8728 
f 5059//8729 5081//8729 5069//8729 
f 5072//8730 5081//8730 5059//8730 
f 5070//8731 5082//8731 4081//8731 
f 5073//8732 5082//8732 5060//8732 
f 4081//8733 5082//8733 4080//8733 
f 5060//8734 5082//8734 5070//8734 
f 5061//8735 5083//8735 5071//8735 
f 5074//8736 5083//8736 5061//8736 
f 1957//8737 5084//8737 5075//8737 
f 5075//8738 5084//8738 5062//8738 
f 1958//8739 5084//8739 1957//8739 
f 1959//8740 5084//8740 1958//8740 
f 5062//8741 5084//8741 5072//8741 
f 5076//8742 5085//8742 5063//8742 
f 5063//8743 5085//8743 5073//8743 
f 5077//8744 5086//8744 5064//8744 
f 5064//8745 5086//8745 5074//8745 
f 5078//8746 5087//8746 5066//8746 
f 5066//8747 5087//8747 5076//8747 
f 5067//8748 5088//8748 5077//8748 
f 5079//8749 5088//8749 5067//8749 
f 5068//8750 5089//8750 5078//8750 
f 5080//8751 5089//8751 5068//8751 
f 5081//8752 5090//8752 5069//8752 
f 5069//8753 5090//8753 5079//8753 
f 5071//8754 5091//8754 5080//8754 
f 5083//8755 5091//8755 5071//8755 
f 1959//8756 5092//8756 5084//8756 
f 5084//8757 5092//8757 5072//8757 
f 1960//8758 5092//8758 1959//8758 
f 5072//8759 5092//8759 5081//8759 
f 5085//8760 5093//8760 5073//8760 
f 5073//8761 5093//8761 5082//8761 
f 5086//8762 5094//8762 5074//8762 
f 5074//8763 5094//8763 5083//8763 
f 5076//8764 5095//8764 5085//8764 
f 5087//8765 5095//8765 5076//8765 
f 5088//8766 5096//8766 5077//8766 
f 5077//8767 5096//8767 5086//8767 
f 5089//8768 5097//8768 5078//8768 
f 5078//8769 5097//8769 5087//8769 
f 5090//8770 5098//8770 5079//8770 
f 5079//8771 5098//8771 5088//8771 
f 5080//8772 5099//8772 5089//8772 
f 5091//8773 5099//8773 5080//8773 
f 5081//8774 5100//8774 5090//8774 
f 5092//8775 5100//8775 5081//8775 
f 1961//8776 5100//8776 1960//8776 
f 1962//8777 5100//8777 1961//8777 
f 1960//8778 5100//8778 5092//8778 
f 5082//8779 5101//8779 4080//8779 
f 4080//8780 5101//8780 4079//8780 
f 4079//8781 5101//8781 4078//8781 
f 5093//8782 5101//8782 5082//8782 
f 5083//8783 5102//8783 5091//8783 
f 5094//8784 5102//8784 5083//8784 
f 5095//8785 5103//8785 5085//8785 
f 5085//8786 5103//8786 5093//8786 
f 5096//8787 5104//8787 5086//8787 
f 5086//8788 5104//8788 5094//8788 
f 5087//8789 5105//8789 5095//8789 
f 5097//8790 5105//8790 5087//8790 
f 5098//8791 5106//8791 5088//8791 
f 5088//8792 5106//8792 5096//8792 
f 5089//8793 5107//8793 5097//8793 
f 5099//8794 5107//8794 5089//8794 
f 1962//8795 5108//8795 5100//8795 
f 5100//8796 5108//8796 5090//8796 
f 5090//8797 5108//8797 5098//8797 
f 1963//8798 5108//8798 1962//8798 
f 5102//8799 5109//8799 5091//8799 
f 5091//8800 5109//8800 5099//8800 
f 5101//8801 5110//8801 4078//8801 
f 5093//8802 5110//8802 5101//8802 
f 5103//8803 5110//8803 5093//8803 
f 4078//8804 5110//8804 4077//8804 
f 5104//8805 5111//8805 5094//8805 
f 5094//8806 5111//8806 5102//8806 
f 5105//8807 5112//8807 5095//8807 
f 5095//8808 5112//8808 5103//8808 
f 5096//8809 5113//8809 5104//8809 
f 5106//8810 5113//8810 5096//8810 
f 5107//8811 5114//8811 5097//8811 
f 5097//8812 5114//8812 5105//8812 
f 5108//8813 5115//8813 5098//8813 
f 1963//8814 5115//8814 5108//8814 
f 1964//8815 5115//8815 1963//8815 
f 5098//8816 5115//8816 5106//8816 
f 5099//8817 5116//8817 5107//8817 
f 5109//8818 5116//8818 5099//8818 
f 5111//8819 5117//8819 5102//8819 
f 5102//8820 5117//8820 5109//8820 
f 5103//8821 5118//8821 5110//8821 
f 5112//8822 5118//8822 5103//8822 
f 5104//8823 5119//8823 5111//8823 
f 5113//8824 5119//8824 5104//8824 
f 5114//8825 5120//8825 5105//8825 
f 5105//8826 5120//8826 5112//8826 
f 5106//8827 5121//8827 5113//8827 
f 1964//8828 5121//8828 5115//8828 
f 5115//8829 5121//8829 5106//8829 
f 1965//8830 5121//8830 1964//8830 
f 1966//8831 5121//8831 1965//8831 
f 5107//8832 5122//8832 5114//8832 
f 5116//8833 5122//8833 5107//8833 
f 5109//8834 5123//8834 5116//8834 
f 5117//8835 5123//8835 5109//8835 
f 5118//8836 5124//8836 5110//8836 
f 5110//8837 5124//8837 4077//8837 
f 4077//8838 5124//8838 4076//8838 
f 5111//8839 5125//8839 5117//8839 
f 5119//8840 5125//8840 5111//8840 
f 5112//8841 5126//8841 5118//8841 
f 5120//8842 5126//8842 5112//8842 
f 5113//8843 5127//8843 5119//8843 
f 5121//8844 5127//8844 5113//8844 
f 1966//8845 5127//8845 5121//8845 
f 1967//8846 5127//8846 1966//8846 
f 5114//8847 5128//8847 5120//8847 
f 5122//8848 5128//8848 5114//8848 
f 5116//8849 5129//8849 5122//8849 
f 5123//8850 5129//8850 5116//8850 
f 5125//8851 5130//8851 5117//8851 
f 5117//8852 5130//8852 5123//8852 
f 5126//8853 5131//8853 5118//8853 
f 4076//8854 5131//8854 4075//8854 
f 5118//8855 5131//8855 5124//8855 
f 4075//8856 5131//8856 4074//8856 
f 5124//8857 5131//8857 4076//8857 
f 5119//8858 5132//8858 5125//8858 
f 5127//8859 5132//8859 5119//8859 
f 1967//8860 5132//8860 5127//8860 
f 1968//8861 5132//8861 1967//8861 
f 1969//8862 5132//8862 1968//8862 
f 5120//8863 5133//8863 5126//8863 
f 5128//8864 5133//8864 5120//8864 
f 5122//8865 5134//8865 5128//8865 
f 5129//8866 5134//8866 5122//8866 
f 5130//8867 5135//8867 5123//8867 
f 5123//8868 5135//8868 5129//8868 
f 1969//8869 5136//8869 5132//8869 
f 5132//8870 5136//8870 5125//8870 
f 5125//8871 5136//8871 5130//8871 
f 1970//8872 5136//8872 1969//8872 
f 5133//8873 5137//8873 5126//8873 
f 5126//8874 5137//8874 5131//8874 
f 5128//8875 5138//8875 5133//8875 
f 5134//8876 5138//8876 5128//8876 
f 5135//8877 5139//8877 5129//8877 
f 5129//8878 5139//8878 5134//8878 
f 5136//8879 5140//8879 5130//8879 
f 1970//8880 5140//8880 5136//8880 
f 1971//8881 5140//8881 1970//8881 
f 5130//8882 5140//8882 5135//8882 
f 5137//8883 5141//8883 5131//8883 
f 4074//8884 5141//8884 4073//8884 
f 5131//8885 5141//8885 4074//8885 
f 5133//8886 5142//8886 5137//8886 
f 5138//8887 5142//8887 5133//8887 
f 5134//8888 5143//8888 5138//8888 
f 5139//8889 5143//8889 5134//8889 
f 5140//8890 5144//8890 5135//8890 
f 5135//8891 5144//8891 5139//8891 
f 1971//8892 5144//8892 5140//8892 
f 1972//8893 5144//8893 1971//8893 
f 1973//8894 5144//8894 1972//8894 
f 5137//8895 5145//8895 5141//8895 
f 5142//8896 5145//8896 5137//8896 
f 5141//8897 5145//8897 4073//8897 
f 4073//8898 5145//8898 4072//8898 
f 4072//8899 5145//8899 4071//8899 
f 5143//8900 5146//8900 5138//8900 
f 5138//8901 5146//8901 5142//8901 
f 5144//8902 5147//8902 5139//8902 
f 1973//8903 5147//8903 5144//8903 
f 5139//8904 5147//8904 5143//8904 
f 1974//8905 5147//8905 1973//8905 
f 5142//8906 5148//8906 5145//8906 
f 5146//8907 5148//8907 5142//8907 
f 5143//8908 5149//8908 5146//8908 
f 5147//8909 5149//8909 5143//8909 
f 1974//8910 5149//8910 5147//8910 
f 1975//8911 5149//8911 1974//8911 
f 1976//8912 5149//8912 1975//8912 
f 5145//8913 5150//8913 4071//8913 
f 5148//8914 5150//8914 5145//8914 
f 4071//8915 5150//8915 4070//8915 
f 5146//8916 5151//8916 5148//8916 
f 1976//8917 5151//8917 5149//8917 
f 5149//8918 5151//8918 5146//8918 
f 1977//8919 5151//8919 1976//8919 
f 5151//8920 5152//8920 5148//8920 
f 5148//8921 5152//8921 5150//8921 
f 5150//8922 5152//8922 4070//8922 
f 1977//8923 5152//8923 5151//8923 
f 4070//8924 5152//8924 4069//8924 
f 4069//8925 5152//8925 1978//8925 
f 1978//8926 5152//8926 1977//8926 
f 5153//8927 4038//8927 4101//8927 
f 5154//8928 4101//8928 4454//8928 
f 5154//8929 5153//8929 4101//8929 
f 5155//8930 4454//8930 4467//8930 
f 5155//8931 5154//8931 4454//8931 
f 5156//8932 4467//8932 4480//8932 
f 5156//8933 5155//8933 4467//8933 
f 5157//8934 4480//8934 4481//8934 
f 5157//8935 5156//8935 4480//8935 
f 5158//8936 4481//8936 4494//8936 
f 5158//8937 5157//8937 4481//8937 
f 5159//8938 4494//8938 4506//8938 
f 5159//8939 5158//8939 4494//8939 
f 5160//8940 4506//8940 4507//8940 
f 5160//8941 5159//8941 4506//8941 
f 5161//8942 5160//8942 4507//8942 
f 5161//8943 4507//8943 4518//8943 
f 5162//8944 5161//8944 4518//8944 
f 5162//8945 4518//8945 4529//8945 
f 5163//8946 4529//8946 4539//8946 
f 5163//8947 5162//8947 4529//8947 
f 5164//8948 4539//8948 4540//8948 
f 5164//8949 5163//8949 4539//8949 
f 5165//8950 4540//8950 4549//8950 
f 5165//8951 5164//8951 4540//8951 
f 5166//8952 4549//8952 4558//8952 
f 5166//8953 5165//8953 4549//8953 
f 5167//8954 4558//8954 4559//8954 
f 5167//8955 5166//8955 4558//8955 
f 5168//8956 4559//8956 4568//8956 
f 5168//8957 5167//8957 4559//8957 
f 5169//8958 4568//8958 4576//8958 
f 5169//8959 5168//8959 4568//8959 
f 5170//8960 4576//8960 4583//8960 
f 5170//8961 5169//8961 4576//8961 
f 5171//8962 4583//8962 4584//8962 
f 5171//8963 5170//8963 4583//8963 
f 5172//8964 4584//8964 4591//8964 
f 5172//8965 5171//8965 4584//8965 
f 5173//8966 4591//8966 4597//8966 
f 5173//8967 5172//8967 4591//8967 
f 5174//8968 4597//8968 4598//8968 
f 5174//8969 5173//8969 4597//8969 
f 5175//8970 4598//8970 4603//8970 
f 5175//8971 5174//8971 4598//8971 
f 5176//8972 4603//8972 4608//8972 
f 5176//8973 5175//8973 4603//8973 
f 5177//8974 5176//8974 4608//8974 
f 5178//8975 4608//8975 4613//8975 
f 5178//8976 5177//8976 4608//8976 
f 5179//8977 4613//8977 4614//8977 
f 5179//8978 4614//8978 4618//8978 
f 5179//8979 5178//8979 4613//8979 
f 5180//8980 5179//8980 4618//8980 
f 5181//8981 4618//8981 4621//8981 
f 5181//8982 4621//8982 4622//8982 
f 5181//8983 5180//8983 4618//8983 
f 5182//8984 5181//8984 4622//8984 
f 5183//8985 4622//8985 4625//8985 
f 5183//8986 4625//8986 4102//8986 
f 5183//8987 5182//8987 4622//8987 
f 5184//8988 4102//8988 1917//8988 
f 5184//8989 5183//8989 4102//8989 
f 1979//8990 5184//8990 1917//8990 
f 5185//8991 4627//8991 4978//8991 
f 5185//8992 1947//8992 4627//8992 
f 5185//8993 1980//8993 1947//8993 
f 5186//8994 5185//8994 4978//8994 
f 5187//8995 4978//8995 4962//8995 
f 5187//8996 5186//8996 4978//8996 
f 5188//8997 4962//8997 4961//8997 
f 5188//8998 5187//8998 4962//8998 
f 5189//8999 4961//8999 4930//8999 
f 5189//9000 5188//9000 4961//9000 
f 5190//9001 4914//9001 4913//9001 
f 5190//9002 4930//9002 4914//9002 
f 5190//9003 5189//9003 4930//9003 
f 5191//9004 5190//9004 4913//9004 
f 5192//9005 5191//9005 4913//9005 
f 5192//9006 4913//9006 4882//9006 
f 5193//9007 5192//9007 4882//9007 
f 5193//9008 4882//9008 4865//9008 
f 5194//9009 5193//9009 4865//9009 
f 5194//9010 4865//9010 4836//9010 
f 5195//9011 5194//9011 4836//9011 
f 5195//9012 4836//9012 4834//9012 
f 5196//9013 4834//9013 4817//9013 
f 5196//9014 5195//9014 4834//9014 
f 5197//9015 4817//9015 4788//9015 
f 5197//9016 5196//9016 4817//9016 
f 5198//9017 4788//9017 4786//9017 
f 5198//9018 5197//9018 4788//9018 
f 5199//9019 4786//9019 4769//9019 
f 5199//9020 5198//9020 4786//9020 
f 5200//9021 4769//9021 4743//9021 
f 5200//9022 5199//9022 4769//9022 
f 5201//9023 4743//9023 4730//9023 
f 5201//9024 5200//9024 4743//9024 
f 5202//9025 4730//9025 4728//9025 
f 5202//9026 5201//9026 4730//9026 
f 5203//9027 4728//9027 4707//9027 
f 5203//9028 5202//9028 4728//9028 
f 5204//9029 4707//9029 4695//9029 
f 5204//9030 5203//9030 4707//9030 
f 5205//9031 4695//9031 4694//9031 
f 5205//9032 5204//9032 4695//9032 
f 5206//9033 4694//9033 4676//9033 
f 5206//9034 5205//9034 4694//9034 
f 5207//9035 4667//9035 4655//9035 
f 5207//9036 4676//9036 4667//9036 
f 5207//9037 5206//9037 4676//9037 
f 5208//9038 5207//9038 4655//9038 
f 5209//9039 4655//9039 4653//9039 
f 5209//9040 5208//9040 4655//9040 
f 5210//9041 4646//9041 4639//9041 
f 5210//9042 4653//9042 4646//9042 
f 5210//9043 5209//9043 4653//9043 
f 5211//9044 5210//9044 4639//9044 
f 5212//9045 4639//9045 4637//9045 
f 5212//9046 5211//9046 4639//9046 
f 5213//9047 4633//9047 4628//9047 
f 5213//9048 4637//9048 4633//9048 
f 5213//9049 5212//9049 4637//9049 
f 5214//9050 5213//9050 4628//9050 
f 5215//9051 4628//9051 4630//9051 
f 5215//9052 5214//9052 4628//9052 
f 5216//9053 4630//9053 4100//9053 
f 5216//9054 5215//9054 4630//9054 
f 1983//9055 5217//9055 1981//9055 
f 5218//9056 5153//9056 5154//9056 
f 2011//9057 5219//9057 2012//9057 
f 5219//9058 5220//9058 2012//9058 
f 2012//9059 5220//9059 1979//9059 
f 5220//9060 5221//9060 1979//9060 
f 2010//9061 5222//9061 2011//9061 
f 2011//9062 5222//9062 5219//9062 
f 5219//9063 5222//9063 5220//9063 
f 5221//9064 5223//9064 1979//9064 
f 5222//9065 5224//9065 5220//9065 
f 5220//9066 5224//9066 5221//9066 
f 2009//9067 5225//9067 2010//9067 
f 2008//9068 5225//9068 2009//9068 
f 2010//9069 5225//9069 5222//9069 
f 5223//9070 5226//9070 1979//9070 
f 5224//9071 5227//9071 5221//9071 
f 5221//9072 5227//9072 5223//9072 
f 5225//9073 5228//9073 5222//9073 
f 5222//9074 5228//9074 5224//9074 
f 5226//9075 5229//9075 1979//9075 
f 5223//9076 5230//9076 5226//9076 
f 5227//9077 5230//9077 5223//9077 
f 5228//9078 5231//9078 5224//9078 
f 5224//9079 5231//9079 5227//9079 
f 2007//9080 5232//9080 2008//9080 
f 5225//9081 5232//9081 5228//9081 
f 2008//9082 5232//9082 5225//9082 
f 5229//9083 5233//9083 1979//9083 
f 5230//9084 5234//9084 5226//9084 
f 5226//9085 5234//9085 5229//9085 
f 5231//9086 5235//9086 5227//9086 
f 5227//9087 5235//9087 5230//9087 
f 5232//9088 5236//9088 5228//9088 
f 5228//9089 5236//9089 5231//9089 
f 5233//9090 5237//9090 1979//9090 
f 2006//9091 5238//9091 2007//9091 
f 2005//9092 5238//9092 2006//9092 
f 2007//9093 5238//9093 5232//9093 
f 5234//9094 5239//9094 5229//9094 
f 5229//9095 5239//9095 5233//9095 
f 5230//9096 5240//9096 5234//9096 
f 5235//9097 5240//9097 5230//9097 
f 5236//9098 5241//9098 5231//9098 
f 5231//9099 5241//9099 5235//9099 
f 5237//9100 5242//9100 1979//9100 
f 5232//9101 5243//9101 5236//9101 
f 5238//9102 5243//9102 5232//9102 
f 5233//9103 5244//9103 5237//9103 
f 5239//9104 5244//9104 5233//9104 
f 5234//9105 5245//9105 5239//9105 
f 5240//9106 5245//9106 5234//9106 
f 5241//9107 5246//9107 5235//9107 
f 5235//9108 5246//9108 5240//9108 
f 5242//9109 5247//9109 1979//9109 
f 5243//9110 5248//9110 5236//9110 
f 5236//9111 5248//9111 5241//9111 
f 5237//9112 5249//9112 5242//9112 
f 5244//9113 5249//9113 5237//9113 
f 2004//9114 5250//9114 2005//9114 
f 2005//9115 5250//9115 5238//9115 
f 5238//9116 5250//9116 5243//9116 
f 5239//9117 5251//9117 5244//9117 
f 5245//9118 5251//9118 5239//9118 
f 5246//9119 5252//9119 5240//9119 
f 5240//9120 5252//9120 5245//9120 
f 5247//9121 5253//9121 1979//9121 
f 5241//9122 5254//9122 5246//9122 
f 5248//9123 5254//9123 5241//9123 
f 5242//9124 5255//9124 5247//9124 
f 5249//9125 5255//9125 5242//9125 
f 5250//9126 5256//9126 5243//9126 
f 5243//9127 5256//9127 5248//9127 
f 5244//9128 5257//9128 5249//9128 
f 5251//9129 5257//9129 5244//9129 
f 2003//9130 5258//9130 2004//9130 
f 2004//9131 5258//9131 5250//9131 
f 5245//9132 5259//9132 5251//9132 
f 5252//9133 5259//9133 5245//9133 
f 5253//9134 5260//9134 1979//9134 
f 5246//9135 5261//9135 5252//9135 
f 5254//9136 5261//9136 5246//9136 
f 5255//9137 5262//9137 5247//9137 
f 5247//9138 5262//9138 5253//9138 
f 5256//9139 5263//9139 5248//9139 
f 5248//9140 5263//9140 5254//9140 
f 5249//9141 5264//9141 5255//9141 
f 5257//9142 5264//9142 5249//9142 
f 5258//9143 5265//9143 5250//9143 
f 5250//9144 5265//9144 5256//9144 
f 5259//9145 5266//9145 5251//9145 
f 5251//9146 5266//9146 5257//9146 
f 5260//9147 5267//9147 1979//9147 
f 5252//9148 5268//9148 5259//9148 
f 5261//9149 5268//9149 5252//9149 
f 5253//9150 5269//9150 5260//9150 
f 5262//9151 5269//9151 5253//9151 
f 5263//9152 5270//9152 5254//9152 
f 5254//9153 5270//9153 5261//9153 
f 5255//9154 5271//9154 5262//9154 
f 5264//9155 5271//9155 5255//9155 
f 5265//9156 5272//9156 5256//9156 
f 5256//9157 5272//9157 5263//9157 
f 5257//9158 5273//9158 5264//9158 
f 5266//9159 5273//9159 5257//9159 
f 5258//9160 5274//9160 5265//9160 
f 2002//9161 5274//9161 2003//9161 
f 2001//9162 5274//9162 2002//9162 
f 2003//9163 5274//9163 5258//9163 
f 5267//9164 5275//9164 1979//9164 
f 5259//9165 5276//9165 5266//9165 
f 5268//9166 5276//9166 5259//9166 
f 5269//9167 5277//9167 5260//9167 
f 5260//9168 5277//9168 5267//9168 
f 5261//9169 5278//9169 5268//9169 
f 5270//9170 5278//9170 5261//9170 
f 5271//9171 5279//9171 5262//9171 
f 5262//9172 5279//9172 5269//9172 
f 5263//9173 5280//9173 5270//9173 
f 5272//9174 5280//9174 5263//9174 
f 5264//9175 5281//9175 5271//9175 
f 5273//9176 5281//9176 5264//9176 
f 5274//9177 5282//9177 5265//9177 
f 5265//9178 5282//9178 5272//9178 
f 5275//9179 5283//9179 1979//9179 
f 5266//9180 5284//9180 5273//9180 
f 5276//9181 5284//9181 5266//9181 
f 2001//9182 5285//9182 5274//9182 
f 2000//9183 5285//9183 2001//9183 
f 5267//9184 5286//9184 5275//9184 
f 5277//9185 5286//9185 5267//9185 
f 5278//9186 5287//9186 5268//9186 
f 5268//9187 5287//9187 5276//9187 
f 5269//9188 5288//9188 5277//9188 
f 5279//9189 5288//9189 5269//9189 
f 5270//9190 5289//9190 5278//9190 
f 5280//9191 5289//9191 5270//9191 
f 5271//9192 5290//9192 5279//9192 
f 5281//9193 5290//9193 5271//9193 
f 5272//9194 5291//9194 5280//9194 
f 5282//9195 5291//9195 5272//9195 
f 5283//9196 5292//9196 1979//9196 
f 5273//9197 5293//9197 5281//9197 
f 5284//9198 5293//9198 5273//9198 
f 5274//9199 5294//9199 5282//9199 
f 5285//9200 5294//9200 5274//9200 
f 5275//9201 5295//9201 5283//9201 
f 5286//9202 5295//9202 5275//9202 
f 5276//9203 5296//9203 5284//9203 
f 5287//9204 5296//9204 5276//9204 
f 5288//9205 5297//9205 5277//9205 
f 5277//9206 5297//9206 5286//9206 
f 5278//9207 5298//9207 5287//9207 
f 5289//9208 5298//9208 5278//9208 
f 5290//9209 5299//9209 5279//9209 
f 5279//9210 5299//9210 5288//9210 
f 5280//9211 5300//9211 5289//9211 
f 5291//9212 5300//9212 5280//9212 
f 5292//9213 5301//9213 1979//9213 
f 5281//9214 5302//9214 5290//9214 
f 5293//9215 5302//9215 5281//9215 
f 5282//9216 5303//9216 5291//9216 
f 5294//9217 5303//9217 5282//9217 
f 5295//9218 5304//9218 5283//9218 
f 5283//9219 5304//9219 5292//9219 
f 5296//9220 5305//9220 5284//9220 
f 5284//9221 5305//9221 5293//9221 
f 1999//9222 5306//9222 2000//9222 
f 5285//9223 5306//9223 5294//9223 
f 1998//9224 5306//9224 1999//9224 
f 2000//9225 5306//9225 5285//9225 
f 5286//9226 5307//9226 5295//9226 
f 5297//9227 5307//9227 5286//9227 
f 5287//9228 5308//9228 5296//9228 
f 5298//9229 5308//9229 5287//9229 
f 5288//9230 5309//9230 5297//9230 
f 5299//9231 5309//9231 5288//9231 
f 5289//9232 5310//9232 5298//9232 
f 5300//9233 5310//9233 5289//9233 
f 5301//9234 5311//9234 1979//9234 
f 5302//9235 5312//9235 5290//9235 
f 5290//9236 5312//9236 5299//9236 
f 5291//9237 5313//9237 5300//9237 
f 5303//9238 5313//9238 5291//9238 
f 5292//9239 5314//9239 5301//9239 
f 5304//9240 5314//9240 5292//9240 
f 5293//9241 5315//9241 5302//9241 
f 5305//9242 5315//9242 5293//9242 
f 5294//9243 5316//9243 5303//9243 
f 5306//9244 5316//9244 5294//9244 
f 5307//9245 5317//9245 5295//9245 
f 5295//9246 5317//9246 5304//9246 
f 5308//9247 5318//9247 5296//9247 
f 5296//9248 5318//9248 5305//9248 
f 1997//9249 5319//9249 1998//9249 
f 1998//9250 5319//9250 5306//9250 
f 5309//9251 5320//9251 5297//9251 
f 5297//9252 5320//9252 5307//9252 
f 5298//9253 5321//9253 5308//9253 
f 5310//9254 5321//9254 5298//9254 
f 5311//9255 5322//9255 1979//9255 
f 5312//9256 5323//9256 5299//9256 
f 5299//9257 5323//9257 5309//9257 
f 5313//9258 5324//9258 5300//9258 
f 5300//9259 5324//9259 5310//9259 
f 5314//9260 5325//9260 5301//9260 
f 5301//9261 5325//9261 5311//9261 
f 5302//9262 5326//9262 5312//9262 
f 5315//9263 5326//9263 5302//9263 
f 5303//9264 5327//9264 5313//9264 
f 5316//9265 5327//9265 5303//9265 
f 5317//9266 5328//9266 5304//9266 
f 5304//9267 5328//9267 5314//9267 
f 5318//9268 5329//9268 5305//9268 
f 5305//9269 5329//9269 5315//9269 
f 5306//9270 5330//9270 5316//9270 
f 5319//9271 5330//9271 5306//9271 
f 5307//9272 5331//9272 5317//9272 
f 5320//9273 5331//9273 5307//9273 
f 5308//9274 5332//9274 5318//9274 
f 5321//9275 5332//9275 5308//9275 
f 5322//9276 5333//9276 1979//9276 
f 5323//9277 5334//9277 5309//9277 
f 5309//9278 5334//9278 5320//9278 
f 5324//9279 5335//9279 5310//9279 
f 5310//9280 5335//9280 5321//9280 
f 5325//9281 5336//9281 5311//9281 
f 5311//9282 5336//9282 5322//9282 
f 5326//9283 5337//9283 5312//9283 
f 5312//9284 5337//9284 5323//9284 
f 5327//9285 5338//9285 5313//9285 
f 5313//9286 5338//9286 5324//9286 
f 5328//9287 5339//9287 5314//9287 
f 5314//9288 5339//9288 5325//9288 
f 5329//9289 5340//9289 5315//9289 
f 5315//9290 5340//9290 5326//9290 
f 5330//9291 5341//9291 5316//9291 
f 5316//9292 5341//9292 5327//9292 
f 5317//9293 5342//9293 5328//9293 
f 5331//9294 5342//9294 5317//9294 
f 5318//9295 5343//9295 5329//9295 
f 5332//9296 5343//9296 5318//9296 
f 1996//9297 5344//9297 1997//9297 
f 5319//9298 5344//9298 5330//9298 
f 1997//9299 5344//9299 5319//9299 
f 5333//9300 5345//9300 1979//9300 
f 5334//9301 5346//9301 5320//9301 
f 5320//9302 5346//9302 5331//9302 
f 5335//9303 5347//9303 5321//9303 
f 5321//9304 5347//9304 5332//9304 
f 5336//9305 5348//9305 5322//9305 
f 5322//9306 5348//9306 5333//9306 
f 5323//9307 5349//9307 5334//9307 
f 5337//9308 5349//9308 5323//9308 
f 5324//9309 5350//9309 5335//9309 
f 5338//9310 5350//9310 5324//9310 
f 5339//9311 5351//9311 5325//9311 
f 5325//9312 5351//9312 5336//9312 
f 5326//9313 5352//9313 5337//9313 
f 5340//9314 5352//9314 5326//9314 
f 5341//9315 5353//9315 5327//9315 
f 5327//9316 5353//9316 5338//9316 
f 5342//9317 5354//9317 5328//9317 
f 5328//9318 5354//9318 5339//9318 
f 5343//9319 5355//9319 5329//9319 
f 5329//9320 5355//9320 5340//9320 
f 5330//9321 5356//9321 5341//9321 
f 5344//9322 5356//9322 5330//9322 
f 5345//9323 5357//9323 1979//9323 
f 1979//9324 5357//9324 5184//9324 
f 5346//9325 5358//9325 5331//9325 
f 5331//9326 5358//9326 5342//9326 
f 5332//9327 5359//9327 5343//9327 
f 5347//9328 5359//9328 5332//9328 
f 1995//9329 5360//9329 1996//9329 
f 1994//9330 5360//9330 1995//9330 
f 1996//9331 5360//9331 5344//9331 
f 5333//9332 5361//9332 5345//9332 
f 5348//9333 5361//9333 5333//9333 
f 5349//9334 5362//9334 5334//9334 
f 5334//9335 5362//9335 5346//9335 
f 5335//9336 5363//9336 5347//9336 
f 5350//9337 5363//9337 5335//9337 
f 5351//9338 5364//9338 5336//9338 
f 5336//9339 5364//9339 5348//9339 
f 5337//9340 5365//9340 5349//9340 
f 5352//9341 5365//9341 5337//9341 
f 5353//9342 5366//9342 5338//9342 
f 5338//9343 5366//9343 5350//9343 
f 5354//9344 5367//9344 5339//9344 
f 5339//9345 5367//9345 5351//9345 
f 5355//9346 5368//9346 5340//9346 
f 5340//9347 5368//9347 5352//9347 
f 5341//9348 5369//9348 5353//9348 
f 5356//9349 5369//9349 5341//9349 
f 5357//9350 5370//9350 5184//9350 
f 5184//9351 5370//9351 5183//9351 
f 5358//9352 5371//9352 5342//9352 
f 5342//9353 5371//9353 5354//9353 
f 5343//9354 5372//9354 5355//9354 
f 5359//9355 5372//9355 5343//9355 
f 5360//9356 5373//9356 5344//9356 
f 5344//9357 5373//9357 5356//9357 
f 5361//9358 5374//9358 5345//9358 
f 5345//9359 5374//9359 5357//9359 
f 5362//9360 5375//9360 5346//9360 
f 5346//9361 5375//9361 5358//9361 
f 5363//9362 5376//9362 5347//9362 
f 5347//9363 5376//9363 5359//9363 
f 5348//9364 5377//9364 5361//9364 
f 5364//9365 5377//9365 5348//9365 
f 5365//9366 5378//9366 5349//9366 
f 5349//9367 5378//9367 5362//9367 
f 5366//9368 5379//9368 5350//9368 
f 5350//9369 5379//9369 5363//9369 
f 5367//9370 5380//9370 5351//9370 
f 5351//9371 5380//9371 5364//9371 
f 5352//9372 5381//9372 5365//9372 
f 5368//9373 5381//9373 5352//9373 
f 5353//9374 5382//9374 5366//9374 
f 5369//9375 5382//9375 5353//9375 
f 5371//9376 5383//9376 5354//9376 
f 5354//9377 5383//9377 5367//9377 
f 5355//9378 5384//9378 5368//9378 
f 5372//9379 5384//9379 5355//9379 
f 5373//9380 5385//9380 5356//9380 
f 5356//9381 5385//9381 5369//9381 
f 5183//9382 5386//9382 5182//9382 
f 5357//9383 5386//9383 5370//9383 
f 5370//9384 5386//9384 5183//9384 
f 5374//9385 5386//9385 5357//9385 
f 5358//9386 5387//9386 5371//9386 
f 5375//9387 5387//9387 5358//9387 
f 5359//9388 5388//9388 5372//9388 
f 5376//9389 5388//9389 5359//9389 
f 1994//9390 5389//9390 5360//9390 
f 1993//9391 5389//9391 1994//9391 
f 5360//9392 5389//9392 5373//9392 
f 5377//9393 5390//9393 5361//9393 
f 5361//9394 5390//9394 5374//9394 
f 5378//9395 5391//9395 5362//9395 
f 5362//9396 5391//9396 5375//9396 
f 5379//9397 5392//9397 5363//9397 
f 5363//9398 5392//9398 5376//9398 
f 5364//9399 5393//9399 5377//9399 
f 5380//9400 5393//9400 5364//9400 
f 5381//9401 5394//9401 5365//9401 
f 5365//9402 5394//9402 5378//9402 
f 5382//9403 5395//9403 5366//9403 
f 5366//9404 5395//9404 5379//9404 
f 5367//9405 5396//9405 5380//9405 
f 5383//9406 5396//9406 5367//9406 
f 5368//9407 5397//9407 5381//9407 
f 5384//9408 5397//9408 5368//9408 
f 5369//9409 5398//9409 5382//9409 
f 5385//9410 5398//9410 5369//9410 
f 5387//9411 5399//9411 5371//9411 
f 5371//9412 5399//9412 5383//9412 
f 5388//9413 5400//9413 5372//9413 
f 5372//9414 5400//9414 5384//9414 
f 5373//9415 5401//9415 5385//9415 
f 5389//9416 5401//9416 5373//9416 
f 5390//9417 5402//9417 5374//9417 
f 5374//9418 5402//9418 5386//9418 
f 5375//9419 5403//9419 5387//9419 
f 5391//9420 5403//9420 5375//9420 
f 5392//9421 5404//9421 5376//9421 
f 5376//9422 5404//9422 5388//9422 
f 1993//9423 5405//9423 5389//9423 
f 1992//9424 5405//9424 1993//9424 
f 1991//9425 5405//9425 1992//9425 
f 5393//9426 5406//9426 5377//9426 
f 5377//9427 5406//9427 5390//9427 
f 5378//9428 5407//9428 5391//9428 
f 5394//9429 5407//9429 5378//9429 
f 5379//9430 5408//9430 5392//9430 
f 5395//9431 5408//9431 5379//9431 
f 5380//9432 5409//9432 5393//9432 
f 5396//9433 5409//9433 5380//9433 
f 5397//9434 5410//9434 5381//9434 
f 5381//9435 5410//9435 5394//9435 
f 5398//9436 5411//9436 5382//9436 
f 5382//9437 5411//9437 5395//9437 
f 5383//9438 5412//9438 5396//9438 
f 5399//9439 5412//9439 5383//9439 
f 5400//9440 5413//9440 5384//9440 
f 5384//9441 5413//9441 5397//9441 
f 5385//9442 5414//9442 5398//9442 
f 5401//9443 5414//9443 5385//9443 
f 5182//9444 5415//9444 5181//9444 
f 5181//9445 5415//9445 5180//9445 
f 5402//9446 5415//9446 5386//9446 
f 5386//9447 5415//9447 5182//9447 
f 5403//9448 5416//9448 5387//9448 
f 5387//9449 5416//9449 5399//9449 
f 5388//9450 5417//9450 5400//9450 
f 5404//9451 5417//9451 5388//9451 
f 5389//9452 5418//9452 5401//9452 
f 5405//9453 5418//9453 5389//9453 
f 5406//9454 5419//9454 5390//9454 
f 5390//9455 5419//9455 5402//9455 
f 5391//9456 5420//9456 5403//9456 
f 5407//9457 5420//9457 5391//9457 
f 5392//9458 5421//9458 5404//9458 
f 5408//9459 5421//9459 5392//9459 
f 5393//9460 5422//9460 5406//9460 
f 5409//9461 5422//9461 5393//9461 
f 5410//9462 5423//9462 5394//9462 
f 5394//9463 5423//9463 5407//9463 
f 5411//9464 5424//9464 5395//9464 
f 5395//9465 5424//9465 5408//9465 
f 5396//9466 5425//9466 5409//9466 
f 5412//9467 5425//9467 5396//9467 
f 5397//9468 5426//9468 5410//9468 
f 5413//9469 5426//9469 5397//9469 
f 5414//9470 5427//9470 5398//9470 
f 5398//9471 5427//9471 5411//9471 
f 5399//9472 5428//9472 5412//9472 
f 5416//9473 5428//9473 5399//9473 
f 5400//9474 5429//9474 5413//9474 
f 5417//9475 5429//9475 5400//9475 
f 5418//9476 5430//9476 5401//9476 
f 5401//9477 5430//9477 5414//9477 
f 5402//9478 5431//9478 5415//9478 
f 5180//9479 5431//9479 5179//9479 
f 5415//9480 5431//9480 5180//9480 
f 5419//9481 5431//9481 5402//9481 
f 5420//9482 5432//9482 5403//9482 
f 5403//9483 5432//9483 5416//9483 
f 5421//9484 5433//9484 5404//9484 
f 5404//9485 5433//9485 5417//9485 
f 1990//9486 5434//9486 1991//9486 
f 1991//9487 5434//9487 5405//9487 
f 5405//9488 5434//9488 5418//9488 
f 5406//9489 5435//9489 5419//9489 
f 5422//9490 5435//9490 5406//9490 
f 5407//9491 5436//9491 5420//9491 
f 5423//9492 5436//9492 5407//9492 
f 5408//9493 5437//9493 5421//9493 
f 5424//9494 5437//9494 5408//9494 
f 5409//9495 5438//9495 5422//9495 
f 5425//9496 5438//9496 5409//9496 
f 5426//9497 5439//9497 5410//9497 
f 5410//9498 5439//9498 5423//9498 
f 5411//9499 5440//9499 5424//9499 
f 5427//9500 5440//9500 5411//9500 
f 5428//9501 5441//9501 5412//9501 
f 5412//9502 5441//9502 5425//9502 
f 5413//9503 5442//9503 5426//9503 
f 5429//9504 5442//9504 5413//9504 
f 5430//9505 5443//9505 5414//9505 
f 5414//9506 5443//9506 5427//9506 
f 5432//9507 5444//9507 5416//9507 
f 5416//9508 5444//9508 5428//9508 
f 5433//9509 5445//9509 5417//9509 
f 5417//9510 5445//9510 5429//9510 
f 5434//9511 5446//9511 5418//9511 
f 5418//9512 5446//9512 5430//9512 
f 5419//9513 5447//9513 5431//9513 
f 5435//9514 5447//9514 5419//9514 
f 5420//9515 5448//9515 5432//9515 
f 5436//9516 5448//9516 5420//9516 
f 5437//9517 5449//9517 5421//9517 
f 5421//9518 5449//9518 5433//9518 
f 1989//9519 5450//9519 1990//9519 
f 1990//9520 5450//9520 5434//9520 
f 5438//9521 5451//9521 5422//9521 
f 5422//9522 5451//9522 5435//9522 
f 5439//9523 5452//9523 5423//9523 
f 5423//9524 5452//9524 5436//9524 
f 5440//9525 5453//9525 5424//9525 
f 5424//9526 5453//9526 5437//9526 
f 5425//9527 5454//9527 5438//9527 
f 5441//9528 5454//9528 5425//9528 
f 5442//9529 5455//9529 5426//9529 
f 5426//9530 5455//9530 5439//9530 
f 5427//9531 5456//9531 5440//9531 
f 5443//9532 5456//9532 5427//9532 
f 5428//9533 5457//9533 5441//9533 
f 5444//9534 5457//9534 5428//9534 
f 5445//9535 5458//9535 5429//9535 
f 5429//9536 5458//9536 5442//9536 
f 5446//9537 5459//9537 5430//9537 
f 5430//9538 5459//9538 5443//9538 
f 5431//9539 5460//9539 5179//9539 
f 5179//9540 5460//9540 5178//9540 
f 5178//9541 5460//9541 5177//9541 
f 5447//9542 5460//9542 5431//9542 
f 5432//9543 5461//9543 5444//9543 
f 5448//9544 5461//9544 5432//9544 
f 5449//9545 5462//9545 5433//9545 
f 5433//9546 5462//9546 5445//9546 
f 5434//9547 5463//9547 5446//9547 
f 5450//9548 5463//9548 5434//9548 
f 5451//9549 5464//9549 5435//9549 
f 5435//9550 5464//9550 5447//9550 
f 5452//9551 5465//9551 5436//9551 
f 5436//9552 5465//9552 5448//9552 
f 5453//9553 5466//9553 5437//9553 
f 5437//9554 5466//9554 5449//9554 
f 5454//9555 5467//9555 5438//9555 
f 5438//9556 5467//9556 5451//9556 
f 5439//9557 5468//9557 5452//9557 
f 5455//9558 5468//9558 5439//9558 
f 5440//9559 5469//9559 5453//9559 
f 5456//9560 5469//9560 5440//9560 
f 5441//9561 5470//9561 5454//9561 
f 5457//9562 5470//9562 5441//9562 
f 5458//9563 5471//9563 5442//9563 
f 5442//9564 5471//9564 5455//9564 
f 5459//9565 5472//9565 5443//9565 
f 5443//9566 5472//9566 5456//9566 
f 5461//9567 5473//9567 5444//9567 
f 5444//9568 5473//9568 5457//9568 
f 5462//9569 5474//9569 5445//9569 
f 5445//9570 5474//9570 5458//9570 
f 5463//9571 5475//9571 5446//9571 
f 5446//9572 5475//9572 5459//9572 
f 5460//9573 5476//9573 5177//9573 
f 5447//9574 5476//9574 5460//9574 
f 5464//9575 5476//9575 5447//9575 
f 5177//9576 5476//9576 5176//9576 
f 5448//9577 5477//9577 5461//9577 
f 5465//9578 5477//9578 5448//9578 
f 5449//9579 5478//9579 5462//9579 
f 5466//9580 5478//9580 5449//9580 
f 5450//9581 5479//9581 5463//9581 
f 1988//9582 5479//9582 1989//9582 
f 1987//9583 5479//9583 1988//9583 
f 1989//9584 5479//9584 5450//9584 
f 5451//9585 5480//9585 5464//9585 
f 5467//9586 5480//9586 5451//9586 
f 5452//9587 5481//9587 5465//9587 
f 5468//9588 5481//9588 5452//9588 
f 5469//9589 5482//9589 5453//9589 
f 5453//9590 5482//9590 5466//9590 
f 5470//9591 5483//9591 5454//9591 
f 5454//9592 5483//9592 5467//9592 
f 5471//9593 5484//9593 5455//9593 
f 5455//9594 5484//9594 5468//9594 
f 5472//9595 5485//9595 5456//9595 
f 5456//9596 5485//9596 5469//9596 
f 5473//9597 5486//9597 5457//9597 
f 5457//9598 5486//9598 5470//9598 
f 5458//9599 5487//9599 5471//9599 
f 5474//9600 5487//9600 5458//9600 
f 5475//9601 5488//9601 5459//9601 
f 5459//9602 5488//9602 5472//9602 
f 5477//9603 5489//9603 5461//9603 
f 5461//9604 5489//9604 5473//9604 
f 5478//9605 5490//9605 5462//9605 
f 5462//9606 5490//9606 5474//9606 
f 5463//9607 5491//9607 5475//9607 
f 5479//9608 5491//9608 5463//9608 
f 5464//9609 5492//9609 5476//9609 
f 5480//9610 5492//9610 5464//9610 
f 5465//9611 5493//9611 5477//9611 
f 5481//9612 5493//9612 5465//9612 
f 5466//9613 5494//9613 5478//9613 
f 5482//9614 5494//9614 5466//9614 
f 1986//9615 5495//9615 1987//9615 
f 1987//9616 5495//9616 5479//9616 
f 5467//9617 5496//9617 5480//9617 
f 5483//9618 5496//9618 5467//9618 
f 5484//9619 5497//9619 5468//9619 
f 5468//9620 5497//9620 5481//9620 
f 5485//9621 5498//9621 5469//9621 
f 5469//9622 5498//9622 5482//9622 
f 5470//9623 5499//9623 5483//9623 
f 5486//9624 5499//9624 5470//9624 
f 5487//9625 5500//9625 5471//9625 
f 5471//9626 5500//9626 5484//9626 
f 5472//9627 5501//9627 5485//9627 
f 5488//9628 5501//9628 5472//9628 
f 5473//9629 5502//9629 5486//9629 
f 5489//9630 5502//9630 5473//9630 
f 5474//9631 5503//9631 5487//9631 
f 5490//9632 5503//9632 5474//9632 
f 5491//9633 5504//9633 5475//9633 
f 5475//9634 5504//9634 5488//9634 
f 5492//9635 5505//9635 5476//9635 
f 5176//9636 5505//9636 5175//9636 
f 5476//9637 5505//9637 5176//9637 
f 5477//9638 5506//9638 5489//9638 
f 5493//9639 5506//9639 5477//9639 
f 5478//9640 5507//9640 5490//9640 
f 5494//9641 5507//9641 5478//9641 
f 5495//9642 5508//9642 5479//9642 
f 5479//9643 5508//9643 5491//9643 
f 5480//9644 5509//9644 5492//9644 
f 5496//9645 5509//9645 5480//9645 
f 5497//9646 5510//9646 5481//9646 
f 5481//9647 5510//9647 5493//9647 
f 5482//9648 5511//9648 5494//9648 
f 5498//9649 5511//9649 5482//9649 
f 5499//9650 5512//9650 5483//9650 
f 5483//9651 5512//9651 5496//9651 
f 5500//9652 5513//9652 5484//9652 
f 5484//9653 5513//9653 5497//9653 
f 5485//9654 5514//9654 5498//9654 
f 5501//9655 5514//9655 5485//9655 
f 5486//9656 5515//9656 5499//9656 
f 5502//9657 5515//9657 5486//9657 
f 5503//9658 5516//9658 5487//9658 
f 5487//9659 5516//9659 5500//9659 
f 5504//9660 5517//9660 5488//9660 
f 5488//9661 5517//9661 5501//9661 
f 5489//9662 5518//9662 5502//9662 
f 5506//9663 5518//9663 5489//9663 
f 5507//9664 5519//9664 5490//9664 
f 5490//9665 5519//9665 5503//9665 
f 5508//9666 5520//9666 5491//9666 
f 5491//9667 5520//9667 5504//9667 
f 5509//9668 5521//9668 5492//9668 
f 5505//9669 5521//9669 5175//9669 
f 5175//9670 5521//9670 5174//9670 
f 5174//9671 5521//9671 5173//9671 
f 5492//9672 5521//9672 5505//9672 
f 5510//9673 5522//9673 5493//9673 
f 5493//9674 5522//9674 5506//9674 
f 5511//9675 5523//9675 5494//9675 
f 5494//9676 5523//9676 5507//9676 
f 5495//9677 5524//9677 5508//9677 
f 1985//9678 5524//9678 1986//9678 
f 1984//9679 5524//9679 1985//9679 
f 1986//9680 5524//9680 5495//9680 
f 5496//9681 5525//9681 5509//9681 
f 5512//9682 5525//9682 5496//9682 
f 5513//9683 5526//9683 5497//9683 
f 5497//9684 5526//9684 5510//9684 
f 5514//9685 5527//9685 5498//9685 
f 5498//9686 5527//9686 5511//9686 
f 5499//9687 5528//9687 5512//9687 
f 5515//9688 5528//9688 5499//9688 
f 5500//9689 5529//9689 5513//9689 
f 5516//9690 5529//9690 5500//9690 
f 5501//9691 5530//9691 5514//9691 
f 5517//9692 5530//9692 5501//9692 
f 5518//9693 5531//9693 5502//9693 
f 5502//9694 5531//9694 5515//9694 
f 5503//9695 5532//9695 5516//9695 
f 5519//9696 5532//9696 5503//9696 
f 5520//9697 5533//9697 5504//9697 
f 5504//9698 5533//9698 5517//9698 
f 5522//9699 5534//9699 5506//9699 
f 5506//9700 5534//9700 5518//9700 
f 5507//9701 5535//9701 5519//9701 
f 5523//9702 5535//9702 5507//9702 
f 5524//9703 5536//9703 5508//9703 
f 5508//9704 5536//9704 5520//9704 
f 5525//9705 5537//9705 5509//9705 
f 5509//9706 5537//9706 5521//9706 
f 5526//9707 5538//9707 5510//9707 
f 5510//9708 5538//9708 5522//9708 
f 5527//9709 5539//9709 5511//9709 
f 5511//9710 5539//9710 5523//9710 
f 1984//9711 5540//9711 5524//9711 
f 1982//9712 5540//9712 1984//9712 
f 5512//9713 5541//9713 5525//9713 
f 5528//9714 5541//9714 5512//9714 
f 5513//9715 5542//9715 5526//9715 
f 5529//9716 5542//9716 5513//9716 
f 5514//9717 5543//9717 5527//9717 
f 5530//9718 5543//9718 5514//9718 
f 5515//9719 5544//9719 5528//9719 
f 5531//9720 5544//9720 5515//9720 
f 5532//9721 5545//9721 5516//9721 
f 5516//9722 5545//9722 5529//9722 
f 5517//9723 5546//9723 5530//9723 
f 5533//9724 5546//9724 5517//9724 
f 5518//9725 5547//9725 5531//9725 
f 5534//9726 5547//9726 5518//9726 
f 5519//9727 5548//9727 5532//9727 
f 5535//9728 5548//9728 5519//9728 
f 5536//9729 5549//9729 5520//9729 
f 5520//9730 5549//9730 5533//9730 
f 5537//9731 5550//9731 5521//9731 
f 5173//9732 5550//9732 5172//9732 
f 5521//9733 5550//9733 5173//9733 
f 5538//9734 5551//9734 5522//9734 
f 5522//9735 5551//9735 5534//9735 
f 5539//9736 5552//9736 5523//9736 
f 5523//9737 5552//9737 5535//9737 
f 5524//9738 5553//9738 5536//9738 
f 5540//9739 5553//9739 5524//9739 
f 5525//9740 5554//9740 5537//9740 
f 5541//9741 5554//9741 5525//9741 
f 5542//9742 5555//9742 5526//9742 
f 5526//9743 5555//9743 5538//9743 
f 5527//9744 5556//9744 5539//9744 
f 5543//9745 5556//9745 5527//9745 
f 5528//9746 5557//9746 5541//9746 
f 5544//9747 5557//9747 5528//9747 
f 5545//9748 5558//9748 5529//9748 
f 5529//9749 5558//9749 5542//9749 
f 5546//9750 5559//9750 5530//9750 
f 5530//9751 5559//9751 5543//9751 
f 5547//9752 5560//9752 5531//9752 
f 5531//9753 5560//9753 5544//9753 
f 5532//9754 5561//9754 5545//9754 
f 5548//9755 5561//9755 5532//9755 
f 5549//9756 5562//9756 5533//9756 
f 5533//9757 5562//9757 5546//9757 
f 5534//9758 5563//9758 5547//9758 
f 5551//9759 5563//9759 5534//9759 
f 5552//9760 5564//9760 5535//9760 
f 5535//9761 5564//9761 5548//9761 
f 5536//9762 5565//9762 5549//9762 
f 5553//9763 5565//9763 5536//9763 
f 5554//9764 5566//9764 5537//9764 
f 5172//9765 5566//9765 5171//9765 
f 5171//9766 5566//9766 5170//9766 
f 5550//9767 5566//9767 5172//9767 
f 5537//9768 5566//9768 5550//9768 
f 5538//9769 5567//9769 5551//9769 
f 5555//9770 5567//9770 5538//9770 
f 5539//9771 5568//9771 5552//9771 
f 5556//9772 5568//9772 5539//9772 
f 1982//9773 5569//9773 5540//9773 
f 1981//9774 5569//9774 1982//9774 
f 5540//9775 5569//9775 5553//9775 
f 5570//9776 5569//9776 5217//9776 
f 5217//9777 5569//9777 1981//9777 
f 5541//9778 5571//9778 5554//9778 
f 5557//9779 5571//9779 5541//9779 
f 5542//9780 5572//9780 5555//9780 
f 5558//9781 5572//9781 5542//9781 
f 5543//9782 5573//9782 5556//9782 
f 5559//9783 5573//9783 5543//9783 
f 5560//9784 5574//9784 5544//9784 
f 5544//9785 5574//9785 5557//9785 
f 5545//9786 5575//9786 5558//9786 
f 5561//9787 5575//9787 5545//9787 
f 5562//9788 5576//9788 5546//9788 
f 5546//9789 5576//9789 5559//9789 
f 5547//9790 5577//9790 5560//9790 
f 5563//9791 5577//9791 5547//9791 
f 5548//9792 5578//9792 5561//9792 
f 5564//9793 5578//9793 5548//9793 
f 5549//9794 5579//9794 5562//9794 
f 5565//9795 5579//9795 5549//9795 
f 5567//9796 5580//9796 5551//9796 
f 5551//9797 5580//9797 5563//9797 
f 5552//9798 5581//9798 5564//9798 
f 5568//9799 5581//9799 5552//9799 
f 5570//9800 5582//9800 5569//9800 
f 5553//9801 5582//9801 5565//9801 
f 5583//9802 5582//9802 5570//9802 
f 5569//9803 5582//9803 5553//9803 
f 5571//9804 5584//9804 5554//9804 
f 5554//9805 5584//9805 5566//9805 
f 5572//9806 5585//9806 5555//9806 
f 5555//9807 5585//9807 5567//9807 
f 5556//9808 5586//9808 5568//9808 
f 5573//9809 5586//9809 5556//9809 
f 5574//9810 5587//9810 5557//9810 
f 5557//9811 5587//9811 5571//9811 
f 5558//9812 5588//9812 5572//9812 
f 5575//9813 5588//9813 5558//9813 
f 5559//9814 5589//9814 5573//9814 
f 5576//9815 5589//9815 5559//9815 
f 5560//9816 5590//9816 5574//9816 
f 5577//9817 5590//9817 5560//9817 
f 5561//9818 5591//9818 5575//9818 
f 5578//9819 5591//9819 5561//9819 
f 5579//9820 5592//9820 5562//9820 
f 5562//9821 5592//9821 5576//9821 
f 5563//9822 5593//9822 5577//9822 
f 5580//9823 5593//9823 5563//9823 
f 5581//9824 5594//9824 5564//9824 
f 5564//9825 5594//9825 5578//9825 
f 5565//9826 5595//9826 5579//9826 
f 5582//9827 5595//9827 5565//9827 
f 5583//9828 5595//9828 5582//9828 
f 5596//9829 5595//9829 5583//9829 
f 5597//9830 5595//9830 5596//9830 
f 5566//9831 5598//9831 5170//9831 
f 5170//9832 5598//9832 5169//9832 
f 5584//9833 5598//9833 5566//9833 
f 5585//9834 5599//9834 5567//9834 
f 5567//9835 5599//9835 5580//9835 
f 5568//9836 5600//9836 5581//9836 
f 5586//9837 5600//9837 5568//9837 
f 5571//9838 5601//9838 5584//9838 
f 5587//9839 5601//9839 5571//9839 
f 5588//9840 5602//9840 5572//9840 
f 5572//9841 5602//9841 5585//9841 
f 5573//9842 5603//9842 5586//9842 
f 5589//9843 5603//9843 5573//9843 
f 5574//9844 5604//9844 5587//9844 
f 5590//9845 5604//9845 5574//9845 
f 5575//9846 5605//9846 5588//9846 
f 5591//9847 5605//9847 5575//9847 
f 5592//9848 5606//9848 5576//9848 
f 5576//9849 5606//9849 5589//9849 
f 5593//9850 5607//9850 5577//9850 
f 5577//9851 5607//9851 5590//9851 
f 5594//9852 5608//9852 5578//9852 
f 5578//9853 5608//9853 5591//9853 
f 5597//9854 5609//9854 5595//9854 
f 5579//9855 5609//9855 5592//9855 
f 5595//9856 5609//9856 5579//9856 
f 5610//9857 5609//9857 5597//9857 
f 5599//9858 5611//9858 5580//9858 
f 5580//9859 5611//9859 5593//9859 
f 5581//9860 5612//9860 5594//9860 
f 5600//9861 5612//9861 5581//9861 
f 5598//9862 5613//9862 5169//9862 
f 5584//9863 5613//9863 5598//9863 
f 5169//9864 5613//9864 5168//9864 
f 5601//9865 5613//9865 5584//9865 
f 5602//9866 5614//9866 5585//9866 
f 5585//9867 5614//9867 5599//9867 
f 5586//9868 5615//9868 5600//9868 
f 5603//9869 5615//9869 5586//9869 
f 5587//9870 5616//9870 5601//9870 
f 5604//9871 5616//9871 5587//9871 
f 5605//9872 5617//9872 5588//9872 
f 5588//9873 5617//9873 5602//9873 
f 5589//9874 5618//9874 5603//9874 
f 5606//9875 5618//9875 5589//9875 
f 5590//9876 5619//9876 5604//9876 
f 5607//9877 5619//9877 5590//9877 
f 5608//9878 5620//9878 5591//9878 
f 5591//9879 5620//9879 5605//9879 
f 5609//9880 5621//9880 5592//9880 
f 5592//9881 5621//9881 5606//9881 
f 5610//9882 5621//9882 5609//9882 
f 5622//9883 5621//9883 5610//9883 
f 5623//9884 5621//9884 5622//9884 
f 5593//9885 5624//9885 5607//9885 
f 5611//9886 5624//9886 5593//9886 
f 5594//9887 5625//9887 5608//9887 
f 5612//9888 5625//9888 5594//9888 
f 5614//9889 5626//9889 5599//9889 
f 5599//9890 5626//9890 5611//9890 
f 5615//9891 5627//9891 5600//9891 
f 5600//9892 5627//9892 5612//9892 
f 5616//9893 5628//9893 5601//9893 
f 5601//9894 5628//9894 5613//9894 
f 5602//9895 5629//9895 5614//9895 
f 5617//9896 5629//9896 5602//9896 
f 5618//9897 5630//9897 5603//9897 
f 5603//9898 5630//9898 5615//9898 
f 5619//9899 5631//9899 5604//9899 
f 5604//9900 5631//9900 5616//9900 
f 5605//9901 5632//9901 5617//9901 
f 5620//9902 5632//9902 5605//9902 
f 5621//9903 5633//9903 5606//9903 
f 5606//9904 5633//9904 5618//9904 
f 5623//9905 5633//9905 5621//9905 
f 5634//9906 5633//9906 5623//9906 
f 5624//9907 5635//9907 5607//9907 
f 5607//9908 5635//9908 5619//9908 
f 5608//9909 5636//9909 5620//9909 
f 5625//9910 5636//9910 5608//9910 
f 5611//9911 5637//9911 5624//9911 
f 5626//9912 5637//9912 5611//9912 
f 5612//9913 5638//9913 5625//9913 
f 5627//9914 5638//9914 5612//9914 
f 5613//9915 5639//9915 5168//9915 
f 5168//9916 5639//9916 5167//9916 
f 5167//9917 5639//9917 5166//9917 
f 5628//9918 5639//9918 5613//9918 
f 5614//9919 5640//9919 5626//9919 
f 5629//9920 5640//9920 5614//9920 
f 5630//9921 5641//9921 5615//9921 
f 5615//9922 5641//9922 5627//9922 
f 5616//9923 5642//9923 5628//9923 
f 5631//9924 5642//9924 5616//9924 
f 5632//9925 5643//9925 5617//9925 
f 5617//9926 5643//9926 5629//9926 
f 5633//9927 5644//9927 5618//9927 
f 5618//9928 5644//9928 5630//9928 
f 5645//9929 5644//9929 5634//9929 
f 5634//9930 5644//9930 5633//9930 
f 5635//9931 5646//9931 5619//9931 
f 5619//9932 5646//9932 5631//9932 
f 5620//9933 5647//9933 5632//9933 
f 5636//9934 5647//9934 5620//9934 
f 5637//9935 5648//9935 5624//9935 
f 5624//9936 5648//9936 5635//9936 
f 5638//9937 5649//9937 5625//9937 
f 5625//9938 5649//9938 5636//9938 
f 5640//9939 5650//9939 5626//9939 
f 5626//9940 5650//9940 5637//9940 
f 5627//9941 5651//9941 5638//9941 
f 5641//9942 5651//9942 5627//9942 
f 5639//9943 5652//9943 5166//9943 
f 5628//9944 5652//9944 5639//9944 
f 5642//9945 5652//9945 5628//9945 
f 5166//9946 5652//9946 5165//9946 
f 5629//9947 5653//9947 5640//9947 
f 5643//9948 5653//9948 5629//9948 
f 5645//9949 5654//9949 5644//9949 
f 5644//9950 5654//9950 5630//9950 
f 5655//9951 5654//9951 5645//9951 
f 5656//9952 5654//9952 5655//9952 
f 5630//9953 5654//9953 5641//9953 
f 5646//9954 5657//9954 5631//9954 
f 5631//9955 5657//9955 5642//9955 
f 5632//9956 5658//9956 5643//9956 
f 5647//9957 5658//9957 5632//9957 
f 5635//9958 5659//9958 5646//9958 
f 5648//9959 5659//9959 5635//9959 
f 5636//9960 5660//9960 5647//9960 
f 5649//9961 5660//9961 5636//9961 
f 5637//9962 5661//9962 5648//9962 
f 5650//9963 5661//9963 5637//9963 
f 5638//9964 5662//9964 5649//9964 
f 5651//9965 5662//9965 5638//9965 
f 5640//9966 5663//9966 5650//9966 
f 5653//9967 5663//9967 5640//9967 
f 5654//9968 5664//9968 5641//9968 
f 5641//9969 5664//9969 5651//9969 
f 5656//9970 5664//9970 5654//9970 
f 5665//9971 5664//9971 5656//9971 
f 5642//9972 5666//9972 5652//9972 
f 5657//9973 5666//9973 5642//9973 
f 5643//9974 5667//9974 5653//9974 
f 5658//9975 5667//9975 5643//9975 
f 5659//9976 5668//9976 5646//9976 
f 5646//9977 5668//9977 5657//9977 
f 5660//9978 5669//9978 5647//9978 
f 5647//9979 5669//9979 5658//9979 
f 5648//9980 5670//9980 5659//9980 
f 5661//9981 5670//9981 5648//9981 
f 5662//9982 5671//9982 5649//9982 
f 5649//9983 5671//9983 5660//9983 
f 5650//9984 5672//9984 5661//9984 
f 5663//9985 5672//9985 5650//9985 
f 5664//9986 5673//9986 5651//9986 
f 5651//9987 5673//9987 5662//9987 
f 5674//9988 5673//9988 5665//9988 
f 5675//9989 5673//9989 5674//9989 
f 5665//9990 5673//9990 5664//9990 
f 5666//9991 5676//9991 5652//9991 
f 5652//9992 5676//9992 5165//9992 
f 5165//9993 5676//9993 5164//9993 
f 5164//9994 5676//9994 5163//9994 
f 5667//9995 5677//9995 5653//9995 
f 5653//9996 5677//9996 5663//9996 
f 5657//9997 5678//9997 5666//9997 
f 5668//9998 5678//9998 5657//9998 
f 5658//9999 5679//9999 5667//9999 
f 5669//10000 5679//10000 5658//10000 
f 5659//10001 5680//10001 5668//10001 
f 5670//10002 5680//10002 5659//10002 
f 5660//10003 5681//10003 5669//10003 
f 5671//10004 5681//10004 5660//10004 
f 5672//10005 5682//10005 5661//10005 
f 5661//10006 5682//10006 5670//10006 
f 5675//10007 5683//10007 5673//10007 
f 5662//10008 5683//10008 5671//10008 
f 5673//10009 5683//10009 5662//10009 
f 5684//10010 5683//10010 5675//10010 
f 5677//10011 5685//10011 5663//10011 
f 5663//10012 5685//10012 5672//10012 
f 5163//10013 5686//10013 5162//10013 
f 5678//10014 5686//10014 5666//10014 
f 5666//10015 5686//10015 5676//10015 
f 5676//10016 5686//10016 5163//10016 
f 5667//10017 5687//10017 5677//10017 
f 5679//10018 5687//10018 5667//10018 
f 5668//10019 5688//10019 5678//10019 
f 5680//10020 5688//10020 5668//10020 
f 5681//10021 5689//10021 5669//10021 
f 5669//10022 5689//10022 5679//10022 
f 5670//10023 5690//10023 5680//10023 
f 5682//10024 5690//10024 5670//10024 
f 5684//10025 5691//10025 5683//10025 
f 5692//10026 5691//10026 5684//10026 
f 5683//10027 5691//10027 5671//10027 
f 5671//10028 5691//10028 5681//10028 
f 5672//10029 5693//10029 5682//10029 
f 5685//10030 5693//10030 5672//10030 
f 5677//10031 5694//10031 5685//10031 
f 5687//10032 5694//10032 5677//10032 
f 5688//10033 5695//10033 5678//10033 
f 5678//10034 5695//10034 5686//10034 
f 5679//10035 5696//10035 5687//10035 
f 5689//10036 5696//10036 5679//10036 
f 5690//10037 5697//10037 5680//10037 
f 5680//10038 5697//10038 5688//10038 
f 5692//10039 5698//10039 5691//10039 
f 5691//10040 5698//10040 5681//10040 
f 5699//10041 5698//10041 5692//10041 
f 5700//10042 5698//10042 5699//10042 
f 5681//10043 5698//10043 5689//10043 
f 5693//10044 5701//10044 5682//10044 
f 5682//10045 5701//10045 5690//10045 
f 5685//10046 5702//10046 5693//10046 
f 5694//10047 5702//10047 5685//10047 
f 5695//10048 5703//10048 5686//10048 
f 5162//10049 5703//10049 5161//10049 
f 5686//10050 5703//10050 5162//10050 
f 5687//10051 5704//10051 5694//10051 
f 5696//10052 5704//10052 5687//10052 
f 5697//10053 5705//10053 5688//10053 
f 5688//10054 5705//10054 5695//10054 
f 5698//10055 5706//10055 5689//10055 
f 5689//10056 5706//10056 5696//10056 
f 5700//10057 5706//10057 5698//10057 
f 5707//10058 5706//10058 5700//10058 
f 5690//10059 5708//10059 5697//10059 
f 5701//10060 5708//10060 5690//10060 
f 5693//10061 5709//10061 5701//10061 
f 5702//10062 5709//10062 5693//10062 
f 5694//10063 5710//10063 5702//10063 
f 5704//10064 5710//10064 5694//10064 
f 5161//10065 5711//10065 5160//10065 
f 5695//10066 5711//10066 5703//10066 
f 5160//10067 5711//10067 5159//10067 
f 5705//10068 5711//10068 5695//10068 
f 5703//10069 5711//10069 5161//10069 
f 5706//10070 5712//10070 5696//10070 
f 5696//10071 5712//10071 5704//10071 
f 5707//10072 5712//10072 5706//10072 
f 5713//10073 5712//10073 5707//10073 
f 5714//10074 5712//10074 5713//10074 
f 5697//10075 5715//10075 5705//10075 
f 5708//10076 5715//10076 5697//10076 
f 5701//10077 5716//10077 5708//10077 
f 5709//10078 5716//10078 5701//10078 
f 5702//10079 5717//10079 5709//10079 
f 5710//10080 5717//10080 5702//10080 
f 5714//10081 5718//10081 5712//10081 
f 5704//10082 5718//10082 5710//10082 
f 5712//10083 5718//10083 5704//10083 
f 5719//10084 5718//10084 5714//10084 
f 5715//10085 5720//10085 5705//10085 
f 5705//10086 5720//10086 5711//10086 
f 5716//10087 5721//10087 5708//10087 
f 5708//10088 5721//10088 5715//10088 
f 5709//10089 5722//10089 5716//10089 
f 5717//10090 5722//10090 5709//10090 
f 5718//10091 5723//10091 5710//10091 
f 5719//10092 5723//10092 5718//10092 
f 5724//10093 5723//10093 5719//10093 
f 5710//10094 5723//10094 5717//10094 
f 5720//10095 5725//10095 5711//10095 
f 5159//10096 5725//10096 5158//10096 
f 5711//10097 5725//10097 5159//10097 
f 5715//10098 5726//10098 5720//10098 
f 5721//10099 5726//10099 5715//10099 
f 5722//10100 5727//10100 5716//10100 
f 5716//10101 5727//10101 5721//10101 
f 5717//10102 5728//10102 5722//10102 
f 5723//10103 5728//10103 5717//10103 
f 5724//10104 5728//10104 5723//10104 
f 5729//10105 5728//10105 5724//10105 
f 5730//10106 5728//10106 5729//10106 
f 5726//10107 5731//10107 5720//10107 
f 5720//10108 5731//10108 5725//10108 
f 5158//10109 5731//10109 5157//10109 
f 5157//10110 5731//10110 5156//10110 
f 5725//10111 5731//10111 5158//10111 
f 5721//10112 5732//10112 5726//10112 
f 5727//10113 5732//10113 5721//10113 
f 5728//10114 5733//10114 5722//10114 
f 5730//10115 5733//10115 5728//10115 
f 5734//10116 5733//10116 5730//10116 
f 5722//10117 5733//10117 5727//10117 
f 5732//10118 5735//10118 5726//10118 
f 5726//10119 5735//10119 5731//10119 
f 5733//10120 5736//10120 5727//10120 
f 5727//10121 5736//10121 5732//10121 
f 5734//10122 5736//10122 5733//10122 
f 5737//10123 5736//10123 5734//10123 
f 5738//10124 5736//10124 5737//10124 
f 5731//10125 5739//10125 5156//10125 
f 5735//10126 5739//10126 5731//10126 
f 5156//10127 5739//10127 5155//10127 
f 5736//10128 5740//10128 5732//10128 
f 5738//10129 5740//10129 5736//10129 
f 5732//10130 5740//10130 5735//10130 
f 5741//10131 5740//10131 5738//10131 
f 5740//10132 5742//10132 5735//10132 
f 5735//10133 5742//10133 5739//10133 
f 5739//10134 5742//10134 5155//10134 
f 5741//10135 5742//10135 5740//10135 
f 5155//10136 5742//10136 5154//10136 
f 5154//10137 5742//10137 5218//10137 
f 5218//10138 5742//10138 5741//10138 
f 2013//10139 1980//10139 5185//10139 
f 2044//10140 2043//10140 5743//10140 
f 5744//10141 5214//10141 5215//10141 
f 5745//10142 5215//10142 5216//10142 
f 5745//10143 5744//10143 5215//10143 
f 5746//10144 5745//10144 5216//10144 
f 5747//10145 5213//10145 5214//10145 
f 5747//10146 5214//10146 5744//10146 
f 5747//10147 5744//10147 5745//10147 
f 5748//10148 5746//10148 5216//10148 
f 5749//10149 5747//10149 5745//10149 
f 5749//10150 5745//10150 5746//10150 
f 5750//10151 5212//10151 5213//10151 
f 5750//10152 5211//10152 5212//10152 
f 5750//10153 5213//10153 5747//10153 
f 5751//10154 5748//10154 5216//10154 
f 5752//10155 5749//10155 5746//10155 
f 5752//10156 5746//10156 5748//10156 
f 5753//10157 5750//10157 5747//10157 
f 5753//10158 5747//10158 5749//10158 
f 5754//10159 5751//10159 5216//10159 
f 5755//10160 5752//10160 5748//10160 
f 5755//10161 5748//10161 5751//10161 
f 5756//10162 5753//10162 5749//10162 
f 5756//10163 5749//10163 5752//10163 
f 5757//10164 5210//10164 5211//10164 
f 5757//10165 5750//10165 5753//10165 
f 5757//10166 5211//10166 5750//10166 
f 5758//10167 5754//10167 5216//10167 
f 5759//10168 5755//10168 5751//10168 
f 5759//10169 5751//10169 5754//10169 
f 5760//10170 5756//10170 5752//10170 
f 5760//10171 5752//10171 5755//10171 
f 5761//10172 5757//10172 5753//10172 
f 5761//10173 5753//10173 5756//10173 
f 5762//10174 5758//10174 5216//10174 
f 5763//10175 5209//10175 5210//10175 
f 5763//10176 5208//10176 5209//10176 
f 5763//10177 5210//10177 5757//10177 
f 5764//10178 5759//10178 5754//10178 
f 5764//10179 5754//10179 5758//10179 
f 5765//10180 5755//10180 5759//10180 
f 5765//10181 5760//10181 5755//10181 
f 5766//10182 5761//10182 5756//10182 
f 5766//10183 5756//10183 5760//10183 
f 5767//10184 5762//10184 5216//10184 
f 5768//10185 5757//10185 5761//10185 
f 5768//10186 5763//10186 5757//10186 
f 5769//10187 5758//10187 5762//10187 
f 5769//10188 5764//10188 5758//10188 
f 5770//10189 5759//10189 5764//10189 
f 5770//10190 5765//10190 5759//10190 
f 5771//10191 5766//10191 5760//10191 
f 5771//10192 5760//10192 5765//10192 
f 5772//10193 5767//10193 5216//10193 
f 5773//10194 5768//10194 5761//10194 
f 5773//10195 5761//10195 5766//10195 
f 5774//10196 5762//10196 5767//10196 
f 5774//10197 5769//10197 5762//10197 
f 5775//10198 5207//10198 5208//10198 
f 5775//10199 5208//10199 5763//10199 
f 5775//10200 5763//10200 5768//10200 
f 5776//10201 5764//10201 5769//10201 
f 5776//10202 5770//10202 5764//10202 
f 5777//10203 5771//10203 5765//10203 
f 5777//10204 5765//10204 5770//10204 
f 5778//10205 5772//10205 5216//10205 
f 5779//10206 5773//10206 5766//10206 
f 5779//10207 5766//10207 5771//10207 
f 5780//10208 5767//10208 5772//10208 
f 5780//10209 5774//10209 5767//10209 
f 5781//10210 5775//10210 5768//10210 
f 5781//10211 5768//10211 5773//10211 
f 5782//10212 5769//10212 5774//10212 
f 5782//10213 5776//10213 5769//10213 
f 5783//10214 5206//10214 5207//10214 
f 5783//10215 5207//10215 5775//10215 
f 5784//10216 5770//10216 5776//10216 
f 5784//10217 5777//10217 5770//10217 
f 5785//10218 5778//10218 5216//10218 
f 5786//10219 5771//10219 5777//10219 
f 5786//10220 5779//10220 5771//10220 
f 5787//10221 5780//10221 5772//10221 
f 5787//10222 5772//10222 5778//10222 
f 5788//10223 5781//10223 5773//10223 
f 5788//10224 5773//10224 5779//10224 
f 5789//10225 5774//10225 5780//10225 
f 5789//10226 5782//10226 5774//10226 
f 5790//10227 5783//10227 5775//10227 
f 5790//10228 5775//10228 5781//10228 
f 5791//10229 5776//10229 5782//10229 
f 5791//10230 5784//10230 5776//10230 
f 5792//10231 5785//10231 5216//10231 
f 5793//10232 5777//10232 5784//10232 
f 5793//10233 5786//10233 5777//10233 
f 5794//10234 5778//10234 5785//10234 
f 5794//10235 5787//10235 5778//10235 
f 5795//10236 5788//10236 5779//10236 
f 5795//10237 5779//10237 5786//10237 
f 5796//10238 5780//10238 5787//10238 
f 5796//10239 5789//10239 5780//10239 
f 5797//10240 5790//10240 5781//10240 
f 5797//10241 5781//10241 5788//10241 
f 5798//10242 5782//10242 5789//10242 
f 5798//10243 5791//10243 5782//10243 
f 5799//10244 5783//10244 5790//10244 
f 5799//10245 5205//10245 5206//10245 
f 5799//10246 5204//10246 5205//10246 
f 5799//10247 5206//10247 5783//10247 
f 5800//10248 5792//10248 5216//10248 
f 5801//10249 5793//10249 5784//10249 
f 5801//10250 5784//10250 5791//10250 
f 5802//10251 5794//10251 5785//10251 
f 5802//10252 5785//10252 5792//10252 
f 5803//10253 5786//10253 5793//10253 
f 5803//10254 5795//10254 5786//10254 
f 5804//10255 5796//10255 5787//10255 
f 5804//10256 5787//10256 5794//10256 
f 5805//10257 5788//10257 5795//10257 
f 5805//10258 5797//10258 5788//10258 
f 5806//10259 5798//10259 5789//10259 
f 5806//10260 5789//10260 5796//10260 
f 5807//10261 5790//10261 5797//10261 
f 5807//10262 5799//10262 5790//10262 
f 5808//10263 5800//10263 5216//10263 
f 5809//10264 5801//10264 5791//10264 
f 5809//10265 5791//10265 5798//10265 
f 5810//10266 5204//10266 5799//10266 
f 5810//10267 5203//10267 5204//10267 
f 5811//10268 5792//10268 5800//10268 
f 5811//10269 5802//10269 5792//10269 
f 5812//10270 5803//10270 5793//10270 
f 5812//10271 5793//10271 5801//10271 
f 5813//10272 5794//10272 5802//10272 
f 5813//10273 5804//10273 5794//10273 
f 5814//10274 5795//10274 5803//10274 
f 5814//10275 5805//10275 5795//10275 
f 5815//10276 5796//10276 5804//10276 
f 5815//10277 5806//10277 5796//10277 
f 5816//10278 5797//10278 5805//10278 
f 5816//10279 5807//10279 5797//10279 
f 5817//10280 5808//10280 5216//10280 
f 5818//10281 5809//10281 5798//10281 
f 5818//10282 5798//10282 5806//10282 
f 5819//10283 5799//10283 5807//10283 
f 5819//10284 5810//10284 5799//10284 
f 5820//10285 5800//10285 5808//10285 
f 5820//10286 5811//10286 5800//10286 
f 5821//10287 5801//10287 5809//10287 
f 5821//10288 5812//10288 5801//10288 
f 5822//10289 5813//10289 5802//10289 
f 5822//10290 5802//10290 5811//10290 
f 5823//10291 5803//10291 5812//10291 
f 5823//10292 5814//10292 5803//10292 
f 5824//10293 5815//10293 5804//10293 
f 5824//10294 5804//10294 5813//10294 
f 5825//10295 5805//10295 5814//10295 
f 5825//10296 5816//10296 5805//10296 
f 5826//10297 5817//10297 5216//10297 
f 5827//10298 5818//10298 5806//10298 
f 5827//10299 5806//10299 5815//10299 
f 5828//10300 5807//10300 5816//10300 
f 5828//10301 5819//10301 5807//10301 
f 5829//10302 5820//10302 5808//10302 
f 5829//10303 5808//10303 5817//10303 
f 5830//10304 5821//10304 5809//10304 
f 5830//10305 5809//10305 5818//10305 
f 5831//10306 5202//10306 5203//10306 
f 5831//10307 5810//10307 5819//10307 
f 5831//10308 5201//10308 5202//10308 
f 5831//10309 5203//10309 5810//10309 
f 5832//10310 5811//10310 5820//10310 
f 5832//10311 5822//10311 5811//10311 
f 5833//10312 5823//10312 5812//10312 
f 5833//10313 5812//10313 5821//10313 
f 5834//10314 5824//10314 5813//10314 
f 5834//10315 5813//10315 5822//10315 
f 5835//10316 5814//10316 5823//10316 
f 5835//10317 5825//10317 5814//10317 
f 5836//10318 5826//10318 5216//10318 
f 5837//10319 5815//10319 5824//10319 
f 5837//10320 5827//10320 5815//10320 
f 5838//10321 5816//10321 5825//10321 
f 5838//10322 5828//10322 5816//10322 
f 5839//10323 5817//10323 5826//10323 
f 5839//10324 5829//10324 5817//10324 
f 5840//10325 5818//10325 5827//10325 
f 5840//10326 5830//10326 5818//10326 
f 5841//10327 5819//10327 5828//10327 
f 5841//10328 5831//10328 5819//10328 
f 5842//10329 5832//10329 5820//10329 
f 5842//10330 5820//10330 5829//10330 
f 5843//10331 5821//10331 5830//10331 
f 5843//10332 5833//10332 5821//10332 
f 5844//10333 5200//10333 5201//10333 
f 5844//10334 5201//10334 5831//10334 
f 5845//10335 5834//10335 5822//10335 
f 5845//10336 5822//10336 5832//10336 
f 5846//10337 5823//10337 5833//10337 
f 5846//10338 5835//10338 5823//10338 
f 5847//10339 5836//10339 5216//10339 
f 5848//10340 5824//10340 5834//10340 
f 5848//10341 5837//10341 5824//10341 
f 5849//10342 5825//10342 5835//10342 
f 5849//10343 5838//10343 5825//10343 
f 5850//10344 5839//10344 5826//10344 
f 5850//10345 5826//10345 5836//10345 
f 5851//10346 5840//10346 5827//10346 
f 5851//10347 5827//10347 5837//10347 
f 5852//10348 5828//10348 5838//10348 
f 5852//10349 5841//10349 5828//10349 
f 5853//10350 5829//10350 5839//10350 
f 5853//10351 5842//10351 5829//10351 
f 5854//10352 5843//10352 5830//10352 
f 5854//10353 5830//10353 5840//10353 
f 5855//10354 5831//10354 5841//10354 
f 5855//10355 5844//10355 5831//10355 
f 5856//10356 5832//10356 5842//10356 
f 5856//10357 5845//10357 5832//10357 
f 5857//10358 5833//10358 5843//10358 
f 5857//10359 5846//10359 5833//10359 
f 5858//10360 5847//10360 5216//10360 
f 5859//10361 5848//10361 5834//10361 
f 5859//10362 5834//10362 5845//10362 
f 5860//10363 5849//10363 5835//10363 
f 5860//10364 5835//10364 5846//10364 
f 5861//10365 5850//10365 5836//10365 
f 5861//10366 5836//10366 5847//10366 
f 5862//10367 5851//10367 5837//10367 
f 5862//10368 5837//10368 5848//10368 
f 5863//10369 5852//10369 5838//10369 
f 5863//10370 5838//10370 5849//10370 
f 5864//10371 5853//10371 5839//10371 
f 5864//10372 5839//10372 5850//10372 
f 5865//10373 5840//10373 5851//10373 
f 5865//10374 5854//10374 5840//10374 
f 5866//10375 5841//10375 5852//10375 
f 5866//10376 5855//10376 5841//10376 
f 5867//10377 5856//10377 5842//10377 
f 5867//10378 5842//10378 5853//10378 
f 5868//10379 5857//10379 5843//10379 
f 5868//10380 5843//10380 5854//10380 
f 5869//10381 5199//10381 5200//10381 
f 5869//10382 5844//10382 5855//10382 
f 5869//10383 5200//10383 5844//10383 
f 5870//10384 5858//10384 5216//10384 
f 5871//10385 5859//10385 5845//10385 
f 5871//10386 5845//10386 5856//10386 
f 5872//10387 5846//10387 5857//10387 
f 5872//10388 5860//10388 5846//10388 
f 5873//10389 5861//10389 5847//10389 
f 5873//10390 5847//10390 5858//10390 
f 5874//10391 5862//10391 5848//10391 
f 5874//10392 5848//10392 5859//10392 
f 5875//10393 5849//10393 5860//10393 
f 5875//10394 5863//10394 5849//10394 
f 5876//10395 5864//10395 5850//10395 
f 5876//10396 5850//10396 5861//10396 
f 5877//10397 5851//10397 5862//10397 
f 5877//10398 5865//10398 5851//10398 
f 5878//10399 5852//10399 5863//10399 
f 5878//10400 5866//10400 5852//10400 
f 5879//10401 5853//10401 5864//10401 
f 5879//10402 5867//10402 5853//10402 
f 5880//10403 5854//10403 5865//10403 
f 5880//10404 5868//10404 5854//10404 
f 5881//10405 5869//10405 5855//10405 
f 5881//10406 5855//10406 5866//10406 
f 5882//10407 5870//10407 5216//10407 
f 5882//10408 5216//10408 5883//10408 
f 5884//10409 5856//10409 5867//10409 
f 5884//10410 5871//10410 5856//10410 
f 5885//10411 5872//10411 5857//10411 
f 5885//10412 5857//10412 5868//10412 
f 5886//10413 5198//10413 5199//10413 
f 5886//10414 5197//10414 5198//10414 
f 5886//10415 5199//10415 5869//10415 
f 5887//10416 5858//10416 5870//10416 
f 5887//10417 5873//10417 5858//10417 
f 5888//10418 5859//10418 5871//10418 
f 5888//10419 5874//10419 5859//10419 
f 5889//10420 5860//10420 5872//10420 
f 5889//10421 5875//10421 5860//10421 
f 5890//10422 5861//10422 5873//10422 
f 5890//10423 5876//10423 5861//10423 
f 5891//10424 5862//10424 5874//10424 
f 5891//10425 5877//10425 5862//10425 
f 5892//10426 5878//10426 5863//10426 
f 5892//10427 5863//10427 5875//10427 
f 5893//10428 5879//10428 5864//10428 
f 5893//10429 5864//10429 5876//10429 
f 5894//10430 5880//10430 5865//10430 
f 5894//10431 5865//10431 5877//10431 
f 5895//10432 5866//10432 5878//10432 
f 5895//10433 5881//10433 5866//10433 
f 5896//10434 5882//10434 5883//10434 
f 5896//10435 5883//10435 5897//10435 
f 5898//10436 5884//10436 5867//10436 
f 5898//10437 5867//10437 5879//10437 
f 5899//10438 5868//10438 5880//10438 
f 5899//10439 5885//10439 5868//10439 
f 5900//10440 5886//10440 5869//10440 
f 5900//10441 5869//10441 5881//10441 
f 5901//10442 5887//10442 5870//10442 
f 5901//10443 5870//10443 5882//10443 
f 5902//10444 5871//10444 5884//10444 
f 5902//10445 5888//10445 5871//10445 
f 5903//10446 5889//10446 5872//10446 
f 5903//10447 5872//10447 5885//10447 
f 5904//10448 5873//10448 5887//10448 
f 5904//10449 5890//10449 5873//10449 
f 5905//10450 5874//10450 5888//10450 
f 5905//10451 5891//10451 5874//10451 
f 5906//10452 5875//10452 5889//10452 
f 5906//10453 5892//10453 5875//10453 
f 5907//10454 5876//10454 5890//10454 
f 5907//10455 5893//10455 5876//10455 
f 5908//10456 5877//10456 5891//10456 
f 5908//10457 5894//10457 5877//10457 
f 5909//10458 5878//10458 5892//10458 
f 5909//10459 5895//10459 5878//10459 
f 5910//10460 5879//10460 5893//10460 
f 5910//10461 5898//10461 5879//10461 
f 5911//10462 5899//10462 5880//10462 
f 5911//10463 5880//10463 5894//10463 
f 5912//10464 5900//10464 5881//10464 
f 5912//10465 5881//10465 5895//10465 
f 5913//10466 5897//10466 5914//10466 
f 5913//10467 5882//10467 5896//10467 
f 5913//10468 5896//10468 5897//10468 
f 5913//10469 5901//10469 5882//10469 
f 5915//10470 5884//10470 5898//10470 
f 5915//10471 5902//10471 5884//10471 
f 5916//10472 5885//10472 5899//10472 
f 5916//10473 5903//10473 5885//10473 
f 5917//10474 5196//10474 5197//10474 
f 5917//10475 5886//10475 5900//10475 
f 5917//10476 5197//10476 5886//10476 
f 5918//10477 5904//10477 5887//10477 
f 5918//10478 5887//10478 5901//10478 
f 5919//10479 5888//10479 5902//10479 
f 5919//10480 5905//10480 5888//10480 
f 5920//10481 5906//10481 5889//10481 
f 5920//10482 5889//10482 5903//10482 
f 5921//10483 5890//10483 5904//10483 
f 5921//10484 5907//10484 5890//10484 
f 5922//10485 5908//10485 5891//10485 
f 5922//10486 5891//10486 5905//10486 
f 5923//10487 5892//10487 5906//10487 
f 5923//10488 5909//10488 5892//10488 
f 5924//10489 5910//10489 5893//10489 
f 5924//10490 5893//10490 5907//10490 
f 5925//10491 5894//10491 5908//10491 
f 5925//10492 5911//10492 5894//10492 
f 5926//10493 5895//10493 5909//10493 
f 5926//10494 5912//10494 5895//10494 
f 5927//10495 5898//10495 5910//10495 
f 5927//10496 5915//10496 5898//10496 
f 5928//10497 5916//10497 5899//10497 
f 5928//10498 5899//10498 5911//10498 
f 5929//10499 5900//10499 5912//10499 
f 5929//10500 5917//10500 5900//10500 
f 5930//10501 5901//10501 5913//10501 
f 5930//10502 5918//10502 5901//10502 
f 5931//10503 5902//10503 5915//10503 
f 5931//10504 5919//10504 5902//10504 
f 5932//10505 5920//10505 5903//10505 
f 5932//10506 5903//10506 5916//10506 
f 5933//10507 5195//10507 5196//10507 
f 5933//10508 5194//10508 5195//10508 
f 5933//10509 5196//10509 5917//10509 
f 5934//10510 5904//10510 5918//10510 
f 5934//10511 5921//10511 5904//10511 
f 5935//10512 5922//10512 5905//10512 
f 5935//10513 5905//10513 5919//10513 
f 5936//10514 5906//10514 5920//10514 
f 5936//10515 5923//10515 5906//10515 
f 5937//10516 5907//10516 5921//10516 
f 5937//10517 5924//10517 5907//10517 
f 5938//10518 5925//10518 5908//10518 
f 5938//10519 5908//10519 5922//10519 
f 5939//10520 5926//10520 5909//10520 
f 5939//10521 5909//10521 5923//10521 
f 5940//10522 5927//10522 5910//10522 
f 5940//10523 5910//10523 5924//10523 
f 5941//10524 5911//10524 5925//10524 
f 5941//10525 5928//10525 5911//10525 
f 5942//10526 5929//10526 5912//10526 
f 5942//10527 5912//10527 5926//10527 
f 5943//10528 5914//10528 5944//10528 
f 5943//10529 5944//10529 5945//10529 
f 5943//10530 5930//10530 5913//10530 
f 5943//10531 5913//10531 5914//10531 
f 5946//10532 5931//10532 5915//10532 
f 5946//10533 5915//10533 5927//10533 
f 5947//10534 5916//10534 5928//10534 
f 5947//10535 5932//10535 5916//10535 
f 5948//10536 5917//10536 5929//10536 
f 5948//10537 5933//10537 5917//10537 
f 5949//10538 5934//10538 5918//10538 
f 5949//10539 5918//10539 5930//10539 
f 5950//10540 5935//10540 5919//10540 
f 5950//10541 5919//10541 5931//10541 
f 5951//10542 5920//10542 5932//10542 
f 5951//10543 5936//10543 5920//10543 
f 5952//10544 5937//10544 5921//10544 
f 5952//10545 5921//10545 5934//10545 
f 5953//10546 5922//10546 5935//10546 
f 5953//10547 5938//10547 5922//10547 
f 5954//10548 5939//10548 5923//10548 
f 5954//10549 5923//10549 5936//10549 
f 5955//10550 5924//10550 5937//10550 
f 5955//10551 5940//10551 5924//10551 
f 5956//10552 5925//10552 5938//10552 
f 5956//10553 5941//10553 5925//10553 
f 5957//10554 5926//10554 5939//10554 
f 5957//10555 5942//10555 5926//10555 
f 5958//10556 5946//10556 5927//10556 
f 5958//10557 5927//10557 5940//10557 
f 5959//10558 5947//10558 5928//10558 
f 5959//10559 5928//10559 5941//10559 
f 5960//10560 5929//10560 5942//10560 
f 5960//10561 5948//10561 5929//10561 
f 5961//10562 5930//10562 5943//10562 
f 5961//10563 5945//10563 5962//10563 
f 5961//10564 5949//10564 5930//10564 
f 5961//10565 5943//10565 5945//10565 
f 5963//10566 5931//10566 5946//10566 
f 5963//10567 5950//10567 5931//10567 
f 5964//10568 5932//10568 5947//10568 
f 5964//10569 5951//10569 5932//10569 
f 5965//10570 5193//10570 5194//10570 
f 5965//10571 5194//10571 5933//10571 
f 5965//10572 5933//10572 5948//10572 
f 5966//10573 5934//10573 5949//10573 
f 5966//10574 5952//10574 5934//10574 
f 5967//10575 5953//10575 5935//10575 
f 5967//10576 5935//10576 5950//10576 
f 5968//10577 5954//10577 5936//10577 
f 5968//10578 5936//10578 5951//10578 
f 5969//10579 5937//10579 5952//10579 
f 5969//10580 5955//10580 5937//10580 
f 5970//10581 5938//10581 5953//10581 
f 5970//10582 5956//10582 5938//10582 
f 5971//10583 5939//10583 5954//10583 
f 5971//10584 5957//10584 5939//10584 
f 5972//10585 5958//10585 5940//10585 
f 5972//10586 5940//10586 5955//10586 
f 5973//10587 5941//10587 5956//10587 
f 5973//10588 5959//10588 5941//10588 
f 5974//10589 5960//10589 5942//10589 
f 5974//10590 5942//10590 5957//10590 
f 5975//10591 5946//10591 5958//10591 
f 5975//10592 5963//10592 5946//10592 
f 5976//10593 5947//10593 5959//10593 
f 5976//10594 5964//10594 5947//10594 
f 5977//10595 5948//10595 5960//10595 
f 5977//10596 5965//10596 5948//10596 
f 5978//10597 5949//10597 5961//10597 
f 5978//10598 5966//10598 5949//10598 
f 5979//10599 5950//10599 5963//10599 
f 5979//10600 5967//10600 5950//10600 
f 5980//10601 5951//10601 5964//10601 
f 5980//10602 5968//10602 5951//10602 
f 5981//10603 5192//10603 5193//10603 
f 5981//10604 5193//10604 5965//10604 
f 5982//10605 5952//10605 5966//10605 
f 5982//10606 5969//10606 5952//10606 
f 5983//10607 5970//10607 5953//10607 
f 5983//10608 5953//10608 5967//10608 
f 5984//10609 5954//10609 5968//10609 
f 5984//10610 5971//10610 5954//10610 
f 5985//10611 5972//10611 5955//10611 
f 5985//10612 5955//10612 5969//10612 
f 5986//10613 5956//10613 5970//10613 
f 5986//10614 5973//10614 5956//10614 
f 5987//10615 5974//10615 5957//10615 
f 5987//10616 5957//10616 5971//10616 
f 5988//10617 5958//10617 5972//10617 
f 5988//10618 5975//10618 5958//10618 
f 5989//10619 5976//10619 5959//10619 
f 5989//10620 5959//10620 5973//10620 
f 5990//10621 5977//10621 5960//10621 
f 5990//10622 5960//10622 5974//10622 
f 5991//10623 5961//10623 5962//10623 
f 5991//10624 5978//10624 5961//10624 
f 5991//10625 5962//10625 5992//10625 
f 5991//10626 5992//10626 5993//10626 
f 5994//10627 5979//10627 5963//10627 
f 5994//10628 5963//10628 5975//10628 
f 5995//10629 5964//10629 5976//10629 
f 5995//10630 5980//10630 5964//10630 
f 5996//10631 5965//10631 5977//10631 
f 5996//10632 5981//10632 5965//10632 
f 5997//10633 5966//10633 5978//10633 
f 5997//10634 5982//10634 5966//10634 
f 5998//10635 5983//10635 5967//10635 
f 5998//10636 5967//10636 5979//10636 
f 5999//10637 5968//10637 5980//10637 
f 5999//10638 5984//10638 5968//10638 
f 6000//10639 5969//10639 5982//10639 
f 6000//10640 5985//10640 5969//10640 
f 6001//10641 5970//10641 5983//10641 
f 6001//10642 5986//10642 5970//10642 
f 6002//10643 5971//10643 5984//10643 
f 6002//10644 5987//10644 5971//10644 
f 6003//10645 5972//10645 5985//10645 
f 6003//10646 5988//10646 5972//10646 
f 6004//10647 5989//10647 5973//10647 
f 6004//10648 5973//10648 5986//10648 
f 6005//10649 5990//10649 5974//10649 
f 6005//10650 5974//10650 5987//10650 
f 6006//10651 5994//10651 5975//10651 
f 6006//10652 5975//10652 5988//10652 
f 6007//10653 5976//10653 5989//10653 
f 6007//10654 5995//10654 5976//10654 
f 6008//10655 5977//10655 5990//10655 
f 6008//10656 5996//10656 5977//10656 
f 6009//10657 5978//10657 5991//10657 
f 6009//10658 5991//10658 5993//10658 
f 6009//10659 5997//10659 5978//10659 
f 6009//10660 5993//10660 6010//10660 
f 6011//10661 5998//10661 5979//10661 
f 6011//10662 5979//10662 5994//10662 
f 6012//10663 5980//10663 5995//10663 
f 6012//10664 5999//10664 5980//10664 
f 6013//10665 5981//10665 5996//10665 
f 6013//10666 5191//10666 5192//10666 
f 6013//10667 5190//10667 5191//10667 
f 6013//10668 5192//10668 5981//10668 
f 6014//10669 5982//10669 5997//10669 
f 6014//10670 6000//10670 5982//10670 
f 6015//10671 5983//10671 5998//10671 
f 6015//10672 6001//10672 5983//10672 
f 6016//10673 6002//10673 5984//10673 
f 6016//10674 5984//10674 5999//10674 
f 6017//10675 6003//10675 5985//10675 
f 6017//10676 5985//10676 6000//10676 
f 6018//10677 5986//10677 6001//10677 
f 6018//10678 6004//10678 5986//10678 
f 6019//10679 5987//10679 6002//10679 
f 6019//10680 6005//10680 5987//10680 
f 6020//10681 6006//10681 5988//10681 
f 6020//10682 5988//10682 6003//10682 
f 6021//10683 5989//10683 6004//10683 
f 6021//10684 6007//10684 5989//10684 
f 6022//10685 5990//10685 6005//10685 
f 6022//10686 6008//10686 5990//10686 
f 6023//10687 5994//10687 6006//10687 
f 6023//10688 6011//10688 5994//10688 
f 6024//10689 5995//10689 6007//10689 
f 6024//10690 6012//10690 5995//10690 
f 6025//10691 5996//10691 6008//10691 
f 6025//10692 6013//10692 5996//10692 
f 6026//10693 5997//10693 6009//10693 
f 6026//10694 6014//10694 5997//10694 
f 6027//10695 6015//10695 5998//10695 
f 6027//10696 5998//10696 6011//10696 
f 6028//10697 6016//10697 5999//10697 
f 6028//10698 5999//10698 6012//10698 
f 6029//10699 5189//10699 5190//10699 
f 6029//10700 5190//10700 6013//10700 
f 6030//10701 6000//10701 6014//10701 
f 6030//10702 6017//10702 6000//10702 
f 6031//10703 6018//10703 6001//10703 
f 6031//10704 6001//10704 6015//10704 
f 6032//10705 6019//10705 6002//10705 
f 6032//10706 6002//10706 6016//10706 
f 6033//10707 6003//10707 6017//10707 
f 6033//10708 6020//10708 6003//10708 
f 6034//10709 6021//10709 6004//10709 
f 6034//10710 6004//10710 6018//10710 
f 6035//10711 6005//10711 6019//10711 
f 6035//10712 6022//10712 6005//10712 
f 6036//10713 6006//10713 6020//10713 
f 6036//10714 6023//10714 6006//10714 
f 6037//10715 6024//10715 6007//10715 
f 6037//10716 6007//10716 6021//10716 
f 6038//10717 6025//10717 6008//10717 
f 6038//10718 6008//10718 6022//10718 
f 6039//10719 6026//10719 6009//10719 
f 6039//10720 6010//10720 6040//10720 
f 6039//10721 6009//10721 6010//10721 
f 6041//10722 6011//10722 6023//10722 
f 6041//10723 6027//10723 6011//10723 
f 6042//10724 6028//10724 6012//10724 
f 6042//10725 6012//10725 6024//10725 
f 6043//10726 6029//10726 6013//10726 
f 6043//10727 6013//10727 6025//10727 
f 6044//10728 6014//10728 6026//10728 
f 6044//10729 6030//10729 6014//10729 
f 6045//10730 6031//10730 6015//10730 
f 6045//10731 6015//10731 6027//10731 
f 6046//10732 6032//10732 6016//10732 
f 6046//10733 6016//10733 6028//10733 
f 6047//10734 6017//10734 6030//10734 
f 6047//10735 6033//10735 6017//10735 
f 6048//10736 6034//10736 6018//10736 
f 6048//10737 6018//10737 6031//10737 
f 6049//10738 6019//10738 6032//10738 
f 6049//10739 6035//10739 6019//10739 
f 6050//10740 6036//10740 6020//10740 
f 6050//10741 6020//10741 6033//10741 
f 6051//10742 6037//10742 6021//10742 
f 6051//10743 6021//10743 6034//10743 
f 6052//10744 6038//10744 6022//10744 
f 6052//10745 6022//10745 6035//10745 
f 6053//10746 6041//10746 6023//10746 
f 6053//10747 6023//10747 6036//10747 
f 6054//10748 6042//10748 6024//10748 
f 6054//10749 6024//10749 6037//10749 
f 6055//10750 6043//10750 6025//10750 
f 6055//10751 6025//10751 6038//10751 
f 6056//10752 6039//10752 6040//10752 
f 6056//10753 6040//10753 6057//10753 
f 6056//10754 6057//10754 6058//10754 
f 6056//10755 6044//10755 6026//10755 
f 6056//10756 6026//10756 6039//10756 
f 6059//10757 6045//10757 6027//10757 
f 6059//10758 6027//10758 6041//10758 
f 6060//10759 6028//10759 6042//10759 
f 6060//10760 6046//10760 6028//10760 
f 6061//10761 6029//10761 6043//10761 
f 6061//10762 5188//10762 5189//10762 
f 6061//10763 5187//10763 5188//10763 
f 6061//10764 5189//10764 6029//10764 
f 6062//10765 6030//10765 6044//10765 
f 6062//10766 6047//10766 6030//10766 
f 6063//10767 6048//10767 6031//10767 
f 6063//10768 6031//10768 6045//10768 
f 6064//10769 6032//10769 6046//10769 
f 6064//10770 6049//10770 6032//10770 
f 6065//10771 6050//10771 6033//10771 
f 6065//10772 6033//10772 6047//10772 
f 6066//10773 6034//10773 6048//10773 
f 6066//10774 6051//10774 6034//10774 
f 6067//10775 6035//10775 6049//10775 
f 6067//10776 6052//10776 6035//10776 
f 6068//10777 6053//10777 6036//10777 
f 6068//10778 6036//10778 6050//10778 
f 6069//10779 6054//10779 6037//10779 
f 6069//10780 6037//10780 6051//10780 
f 6070//10781 6055//10781 6038//10781 
f 6070//10782 6038//10782 6052//10782 
f 6071//10783 6041//10783 6053//10783 
f 6071//10784 6059//10784 6041//10784 
f 6072//10785 6042//10785 6054//10785 
f 6072//10786 6060//10786 6042//10786 
f 6073//10787 6043//10787 6055//10787 
f 6073//10788 6061//10788 6043//10788 
f 6074//10789 6062//10789 6044//10789 
f 6074//10790 6044//10790 6056//10790 
f 6075//10791 6045//10791 6059//10791 
f 6075//10792 6063//10792 6045//10792 
f 6076//10793 6046//10793 6060//10793 
f 6076//10794 6064//10794 6046//10794 
f 6077//10795 5186//10795 5187//10795 
f 6077//10796 5187//10796 6061//10796 
f 6078//10797 6065//10797 6047//10797 
f 6078//10798 6047//10798 6062//10798 
f 6079//10799 6048//10799 6063//10799 
f 6079//10800 6066//10800 6048//10800 
f 6080//10801 6049//10801 6064//10801 
f 6080//10802 6067//10802 6049//10802 
f 6081//10803 6068//10803 6050//10803 
f 6081//10804 6050//10804 6065//10804 
f 6082//10805 6051//10805 6066//10805 
f 6082//10806 6069//10806 6051//10806 
f 6083//10807 6052//10807 6067//10807 
f 6083//10808 6070//10808 6052//10808 
f 6084//10809 6053//10809 6068//10809 
f 6084//10810 6071//10810 6053//10810 
f 6085//10811 6054//10811 6069//10811 
f 6085//10812 6072//10812 6054//10812 
f 6086//10813 6055//10813 6070//10813 
f 6086//10814 6073//10814 6055//10814 
f 6087//10815 6056//10815 6058//10815 
f 6087//10816 6058//10816 6088//10816 
f 6087//10817 6074//10817 6056//10817 
f 6089//10818 6059//10818 6071//10818 
f 6089//10819 6075//10819 6059//10819 
f 6090//10820 6060//10820 6072//10820 
f 6090//10821 6076//10821 6060//10821 
f 6091//10822 6061//10822 6073//10822 
f 6091//10823 6077//10823 6061//10823 
f 6092//10824 6078//10824 6062//10824 
f 6092//10825 6062//10825 6074//10825 
f 6093//10826 6079//10826 6063//10826 
f 6093//10827 6063//10827 6075//10827 
f 6094//10828 6064//10828 6076//10828 
f 6094//10829 6080//10829 6064//10829 
f 6095//10830 6065//10830 6078//10830 
f 6095//10831 6081//10831 6065//10831 
f 6096//10832 6066//10832 6079//10832 
f 6096//10833 6082//10833 6066//10833 
f 6097//10834 6067//10834 6080//10834 
f 6097//10835 6083//10835 6067//10835 
f 6098//10836 6084//10836 6068//10836 
f 6098//10837 6068//10837 6081//10837 
f 6099//10838 6069//10838 6082//10838 
f 6099//10839 6085//10839 6069//10839 
f 6100//10840 6086//10840 6070//10840 
f 6100//10841 6070//10841 6083//10841 
f 6101//10842 6071//10842 6084//10842 
f 6101//10843 6089//10843 6071//10843 
f 6102//10844 6090//10844 6072//10844 
f 6102//10845 6072//10845 6085//10845 
f 6103//10846 6091//10846 6073//10846 
f 6103//10847 6073//10847 6086//10847 
f 6104//10848 6087//10848 6088//10848 
f 6104//10849 6092//10849 6074//10849 
f 6104//10850 6088//10850 6105//10850 
f 6104//10851 6105//10851 6106//10851 
f 6104//10852 6074//10852 6087//10852 
f 6107//10853 6075//10853 6089//10853 
f 6107//10854 6093//10854 6075//10854 
f 6108//10855 6094//10855 6076//10855 
f 6108//10856 6076//10856 6090//10856 
f 6109//10857 6077//10857 6091//10857 
f 6109//10858 5185//10858 5186//10858 
f 6109//10859 2014//10859 2013//10859 
f 6109//10860 2013//10860 5185//10860 
f 6109//10861 5186//10861 6077//10861 
f 6110//10862 6095//10862 6078//10862 
f 6110//10863 6078//10863 6092//10863 
f 6111//10864 6079//10864 6093//10864 
f 6111//10865 6096//10865 6079//10865 
f 6112//10866 6097//10866 6080//10866 
f 6112//10867 6080//10867 6094//10867 
f 6113//10868 6098//10868 6081//10868 
f 6113//10869 6081//10869 6095//10869 
f 6114//10870 6082//10870 6096//10870 
f 6114//10871 6099//10871 6082//10871 
f 6115//10872 6100//10872 6083//10872 
f 6115//10873 6083//10873 6097//10873 
f 6116//10874 6084//10874 6098//10874 
f 6116//10875 6101//10875 6084//10875 
f 6117//10876 6102//10876 6085//10876 
f 6117//10877 6085//10877 6099//10877 
f 6118//10878 6103//10878 6086//10878 
f 6118//10879 6086//10879 6100//10879 
f 6119//10880 6089//10880 6101//10880 
f 6119//10881 6107//10881 6089//10881 
f 6120//10882 6090//10882 6102//10882 
f 6120//10883 6108//10883 6090//10883 
f 6121//10884 6091//10884 6103//10884 
f 6121//10885 2015//10885 2014//10885 
f 6121//10886 6109//10886 6091//10886 
f 6121//10887 2014//10887 6109//10887 
f 6122//10888 6110//10888 6092//10888 
f 6122//10889 6092//10889 6104//10889 
f 6123//10890 6093//10890 6107//10890 
f 6123//10891 6111//10891 6093//10891 
f 6124//10892 6112//10892 6094//10892 
f 6124//10893 6094//10893 6108//10893 
f 6125//10894 6095//10894 6110//10894 
f 6125//10895 6113//10895 6095//10895 
f 6126//10896 6096//10896 6111//10896 
f 6126//10897 6114//10897 6096//10897 
f 6127//10898 6115//10898 6097//10898 
f 6127//10899 6097//10899 6112//10899 
f 6128//10900 6098//10900 6113//10900 
f 6128//10901 6116//10901 6098//10901 
f 6129//10902 6099//10902 6114//10902 
f 6129//10903 6117//10903 6099//10903 
f 6130//10904 6118//10904 6100//10904 
f 6130//10905 6100//10905 6115//10905 
f 6131//10906 6119//10906 6101//10906 
f 6131//10907 6101//10907 6116//10907 
f 6132//10908 6102//10908 6117//10908 
f 6132//10909 6120//10909 6102//10909 
f 6133//10910 2015//10910 6121//10910 
f 6133//10911 6121//10911 6103//10911 
f 6133//10912 6103//10912 6118//10912 
f 6133//10913 2016//10913 2015//10913 
f 6133//10914 2017//10914 2016//10914 
f 6134//10915 6104//10915 6106//10915 
f 6134//10916 6106//10916 6135//10916 
f 6134//10917 6122//10917 6104//10917 
f 6136//10918 6107//10918 6119//10918 
f 6136//10919 6123//10919 6107//10919 
f 6137//10920 6124//10920 6108//10920 
f 6137//10921 6108//10921 6120//10921 
f 6138//10922 6110//10922 6122//10922 
f 6138//10923 6125//10923 6110//10923 
f 6139//10924 6111//10924 6123//10924 
f 6139//10925 6126//10925 6111//10925 
f 6140//10926 6112//10926 6124//10926 
f 6140//10927 6127//10927 6112//10927 
f 6141//10928 6128//10928 6113//10928 
f 6141//10929 6113//10929 6125//10929 
f 6142//10930 6114//10930 6126//10930 
f 6142//10931 6129//10931 6114//10931 
f 6143//10932 6130//10932 6115//10932 
f 6143//10933 6115//10933 6127//10933 
f 6144//10934 6116//10934 6128//10934 
f 6144//10935 6131//10935 6116//10935 
f 6145//10936 6132//10936 6117//10936 
f 6145//10937 6117//10937 6129//10937 
f 6146//10938 2017//10938 6133//10938 
f 6146//10939 6133//10939 6118//10939 
f 6146//10940 6118//10940 6130//10940 
f 6146//10941 2018//10941 2017//10941 
f 6147//10942 6136//10942 6119//10942 
f 6147//10943 6119//10943 6131//10943 
f 6148//10944 6137//10944 6120//10944 
f 6148//10945 6120//10945 6132//10945 
f 6149//10946 6134//10946 6135//10946 
f 6149//10947 6122//10947 6134//10947 
f 6149//10948 6135//10948 6150//10948 
f 6149//10949 6138//10949 6122//10949 
f 6151//10950 6139//10950 6123//10950 
f 6151//10951 6123//10951 6136//10951 
f 6152//10952 6140//10952 6124//10952 
f 6152//10953 6124//10953 6137//10953 
f 6153//10954 6125//10954 6138//10954 
f 6153//10955 6141//10955 6125//10955 
f 6154//10956 6126//10956 6139//10956 
f 6154//10957 6142//10957 6126//10957 
f 6155//10958 6143//10958 6127//10958 
f 6155//10959 6127//10959 6140//10959 
f 6156//10960 6144//10960 6128//10960 
f 6156//10961 6128//10961 6141//10961 
f 6157//10962 6129//10962 6142//10962 
f 6157//10963 6145//10963 6129//10963 
f 6158//10964 6146//10964 6130//10964 
f 6158//10965 6130//10965 6143//10965 
f 6158//10966 2018//10966 6146//10966 
f 6158//10967 2019//10967 2018//10967 
f 6158//10968 2020//10968 2019//10968 
f 6159//10969 6147//10969 6131//10969 
f 6159//10970 6131//10970 6144//10970 
f 6160//10971 6148//10971 6132//10971 
f 6160//10972 6132//10972 6145//10972 
f 6161//10973 6136//10973 6147//10973 
f 6161//10974 6151//10974 6136//10974 
f 6162//10975 6152//10975 6137//10975 
f 6162//10976 6137//10976 6148//10976 
f 6163//10977 6138//10977 6149//10977 
f 6163//10978 6153//10978 6138//10978 
f 6164//10979 6139//10979 6151//10979 
f 6164//10980 6154//10980 6139//10980 
f 6165//10981 6140//10981 6152//10981 
f 6165//10982 6155//10982 6140//10982 
f 6166//10983 6141//10983 6153//10983 
f 6166//10984 6156//10984 6141//10984 
f 6167//10985 6157//10985 6142//10985 
f 6167//10986 6142//10986 6154//10986 
f 6168//10987 6158//10987 6143//10987 
f 6168//10988 6143//10988 6155//10988 
f 6168//10989 2020//10989 6158//10989 
f 6168//10990 2021//10990 2020//10990 
f 6169//10991 6159//10991 6144//10991 
f 6169//10992 6144//10992 6156//10992 
f 6170//10993 6160//10993 6145//10993 
f 6170//10994 6145//10994 6157//10994 
f 6171//10995 6161//10995 6147//10995 
f 6171//10996 6147//10996 6159//10996 
f 6172//10997 6148//10997 6160//10997 
f 6172//10998 6162//10998 6148//10998 
f 6173//10999 6163//10999 6149//10999 
f 6173//11000 6149//11000 6150//11000 
f 6173//11001 6150//11001 6174//11001 
f 6173//11002 6174//11002 6175//11002 
f 6176//11003 6164//11003 6151//11003 
f 6176//11004 6151//11004 6161//11004 
f 6177//11005 6165//11005 6152//11005 
f 6177//11006 6152//11006 6162//11006 
f 6178//11007 6153//11007 6163//11007 
f 6178//11008 6166//11008 6153//11008 
f 6179//11009 6167//11009 6154//11009 
f 6179//11010 6154//11010 6164//11010 
f 6180//11011 6155//11011 6165//11011 
f 6180//11012 2022//11012 2021//11012 
f 6180//11013 6168//11013 6155//11013 
f 6180//11014 2021//11014 6168//11014 
f 6181//11015 6169//11015 6156//11015 
f 6181//11016 6156//11016 6166//11016 
f 6182//11017 6170//11017 6157//11017 
f 6182//11018 6157//11018 6167//11018 
f 6183//11019 6171//11019 6159//11019 
f 6183//11020 6159//11020 6169//11020 
f 6184//11021 6172//11021 6160//11021 
f 6184//11022 6160//11022 6170//11022 
f 6185//11023 6176//11023 6161//11023 
f 6185//11024 6161//11024 6171//11024 
f 6186//11025 6162//11025 6172//11025 
f 6186//11026 6177//11026 6162//11026 
f 6187//11027 6173//11027 6175//11027 
f 6187//11028 6178//11028 6163//11028 
f 6187//11029 6175//11029 6188//11029 
f 6187//11030 6163//11030 6173//11030 
f 6189//11031 6164//11031 6176//11031 
f 6189//11032 6179//11032 6164//11032 
f 6190//11033 2022//11033 6180//11033 
f 6190//11034 6180//11034 6165//11034 
f 6190//11035 2023//11035 2022//11035 
f 6190//11036 2024//11036 2023//11036 
f 6190//11037 6165//11037 6177//11037 
f 6191//11038 6181//11038 6166//11038 
f 6191//11039 6166//11039 6178//11039 
f 6192//11040 6182//11040 6167//11040 
f 6192//11041 6167//11041 6179//11041 
f 6193//11042 6183//11042 6169//11042 
f 6193//11043 6169//11043 6181//11043 
f 6194//11044 6170//11044 6182//11044 
f 6194//11045 6184//11045 6170//11045 
f 6195//11046 6171//11046 6183//11046 
f 6195//11047 6185//11047 6171//11047 
f 6196//11048 6186//11048 6172//11048 
f 6196//11049 6172//11049 6184//11049 
f 6197//11050 6176//11050 6185//11050 
f 6197//11051 6189//11051 6176//11051 
f 6198//11052 2024//11052 6190//11052 
f 6198//11053 6190//11053 6177//11053 
f 6198//11054 2025//11054 2024//11054 
f 6198//11055 6177//11055 6186//11055 
f 6199//11056 6191//11056 6178//11056 
f 6199//11057 6178//11057 6187//11057 
f 6200//11058 6192//11058 6179//11058 
f 6200//11059 6179//11059 6189//11059 
f 6201//11060 6181//11060 6191//11060 
f 6201//11061 6193//11061 6181//11061 
f 6202//11062 6194//11062 6182//11062 
f 6202//11063 6182//11063 6192//11063 
f 6203//11064 6195//11064 6183//11064 
f 6203//11065 6183//11065 6193//11065 
f 6204//11066 6196//11066 6184//11066 
f 6204//11067 6184//11067 6194//11067 
f 6205//11068 6185//11068 6195//11068 
f 6205//11069 6197//11069 6185//11069 
f 6206//11070 6186//11070 6196//11070 
f 6206//11071 6198//11071 6186//11071 
f 6206//11072 2026//11072 2025//11072 
f 6206//11073 2027//11073 2026//11073 
f 6206//11074 2025//11074 6198//11074 
f 6207//11075 6187//11075 6188//11075 
f 6207//11076 6188//11076 6208//11076 
f 6207//11077 6208//11077 6209//11077 
f 6207//11078 6199//11078 6187//11078 
f 6210//11079 6189//11079 6197//11079 
f 6210//11080 6200//11080 6189//11080 
f 6211//11081 6201//11081 6191//11081 
f 6211//11082 6191//11082 6199//11082 
f 6212//11083 6202//11083 6192//11083 
f 6212//11084 6192//11084 6200//11084 
f 6213//11085 6193//11085 6201//11085 
f 6213//11086 6203//11086 6193//11086 
f 6214//11087 6204//11087 6194//11087 
f 6214//11088 6194//11088 6202//11088 
f 6215//11089 6195//11089 6203//11089 
f 6215//11090 6205//11090 6195//11090 
f 6216//11091 2027//11091 6206//11091 
f 6216//11092 6206//11092 6196//11092 
f 6216//11093 6196//11093 6204//11093 
f 6216//11094 2028//11094 2027//11094 
f 6217//11095 6210//11095 6197//11095 
f 6217//11096 6197//11096 6205//11096 
f 6218//11097 6207//11097 6209//11097 
f 6218//11098 6199//11098 6207//11098 
f 6218//11099 6211//11099 6199//11099 
f 6218//11100 6209//11100 6219//11100 
f 6220//11101 6212//11101 6200//11101 
f 6220//11102 6200//11102 6210//11102 
f 6221//11103 6213//11103 6201//11103 
f 6221//11104 6201//11104 6211//11104 
f 6222//11105 6202//11105 6212//11105 
f 6222//11106 6214//11106 6202//11106 
f 6223//11107 6215//11107 6203//11107 
f 6223//11108 6203//11108 6213//11108 
f 6224//11109 6216//11109 6204//11109 
f 6224//11110 2028//11110 6216//11110 
f 6224//11111 2029//11111 2028//11111 
f 6224//11112 6204//11112 6214//11112 
f 6225//11113 6205//11113 6215//11113 
f 6225//11114 6217//11114 6205//11114 
f 6226//11115 6220//11115 6210//11115 
f 6226//11116 6210//11116 6217//11116 
f 6227//11117 6211//11117 6218//11117 
f 6227//11118 6221//11118 6211//11118 
f 6228//11119 6212//11119 6220//11119 
f 6228//11120 6222//11120 6212//11120 
f 6229//11121 6223//11121 6213//11121 
f 6229//11122 6213//11122 6221//11122 
f 6230//11123 6214//11123 6222//11123 
f 6230//11124 2029//11124 6224//11124 
f 6230//11125 6224//11125 6214//11125 
f 6230//11126 2030//11126 2029//11126 
f 6230//11127 2031//11127 2030//11127 
f 6231//11128 6215//11128 6223//11128 
f 6231//11129 6225//11129 6215//11129 
f 6232//11130 6217//11130 6225//11130 
f 6232//11131 6226//11131 6217//11131 
f 6233//11132 6227//11132 6218//11132 
f 6233//11133 6218//11133 6219//11133 
f 6233//11134 6219//11134 6234//11134 
f 6235//11135 6220//11135 6226//11135 
f 6235//11136 6228//11136 6220//11136 
f 6236//11137 6221//11137 6227//11137 
f 6236//11138 6229//11138 6221//11138 
f 6237//11139 6222//11139 6228//11139 
f 6237//11140 6230//11140 6222//11140 
f 6237//11141 2031//11141 6230//11141 
f 6237//11142 2032//11142 2031//11142 
f 6238//11143 6223//11143 6229//11143 
f 6238//11144 6231//11144 6223//11144 
f 6239//11145 6225//11145 6231//11145 
f 6239//11146 6232//11146 6225//11146 
f 6240//11147 6235//11147 6226//11147 
f 6240//11148 6226//11148 6232//11148 
f 6241//11149 6236//11149 6227//11149 
f 6241//11150 6234//11150 6242//11150 
f 6241//11151 6227//11151 6233//11151 
f 6241//11152 6242//11152 6243//11152 
f 6241//11153 6233//11153 6234//11153 
f 6244//11154 6228//11154 6235//11154 
f 6244//11155 6237//11155 6228//11155 
f 6244//11156 2032//11156 6237//11156 
f 6244//11157 2033//11157 2032//11157 
f 6244//11158 2034//11158 2033//11158 
f 6245//11159 6229//11159 6236//11159 
f 6245//11160 6238//11160 6229//11160 
f 6246//11161 6231//11161 6238//11161 
f 6246//11162 6239//11162 6231//11162 
f 6247//11163 6240//11163 6232//11163 
f 6247//11164 6232//11164 6239//11164 
f 6248//11165 2034//11165 6244//11165 
f 6248//11166 6244//11166 6235//11166 
f 6248//11167 6235//11167 6240//11167 
f 6248//11168 2035//11168 2034//11168 
f 6249//11169 6245//11169 6236//11169 
f 6249//11170 6236//11170 6241//11170 
f 6250//11171 6238//11171 6245//11171 
f 6250//11172 6246//11172 6238//11172 
f 6251//11173 6247//11173 6239//11173 
f 6251//11174 6239//11174 6246//11174 
f 6252//11175 6248//11175 6240//11175 
f 6252//11176 2035//11176 6248//11176 
f 6252//11177 2036//11177 2035//11177 
f 6252//11178 6240//11178 6247//11178 
f 6253//11179 6249//11179 6241//11179 
f 6253//11180 6243//11180 6254//11180 
f 6253//11181 6241//11181 6243//11181 
f 6255//11182 6245//11182 6249//11182 
f 6255//11183 6250//11183 6245//11183 
f 6256//11184 6246//11184 6250//11184 
f 6256//11185 6251//11185 6246//11185 
f 6257//11186 6252//11186 6247//11186 
f 6257//11187 6247//11187 6251//11187 
f 6257//11188 2036//11188 6252//11188 
f 6257//11189 2037//11189 2036//11189 
f 6257//11190 2038//11190 2037//11190 
f 6258//11191 6249//11191 6253//11191 
f 6258//11192 6255//11192 6249//11192 
f 6258//11193 6253//11193 6254//11193 
f 6258//11194 6254//11194 6259//11194 
f 6258//11195 6259//11195 6260//11195 
f 6261//11196 6256//11196 6250//11196 
f 6261//11197 6250//11197 6255//11197 
f 6262//11198 6257//11198 6251//11198 
f 6262//11199 2038//11199 6257//11199 
f 6262//11200 6251//11200 6256//11200 
f 6262//11201 2039//11201 2038//11201 
f 6263//11202 6255//11202 6258//11202 
f 6263//11203 6261//11203 6255//11203 
f 6264//11204 6256//11204 6261//11204 
f 6264//11205 6262//11205 6256//11205 
f 6264//11206 2039//11206 6262//11206 
f 6264//11207 2040//11207 2039//11207 
f 6264//11208 2041//11208 2040//11208 
f 6265//11209 6258//11209 6260//11209 
f 6265//11210 6263//11210 6258//11210 
f 6265//11211 6260//11211 6266//11211 
f 6267//11212 6261//11212 6263//11212 
f 6267//11213 2041//11213 6264//11213 
f 6267//11214 6264//11214 6261//11214 
f 6267//11215 2042//11215 2041//11215 
f 6268//11216 6267//11216 6263//11216 
f 6268//11217 6263//11217 6265//11217 
f 6268//11218 6265//11218 6266//11218 
f 6268//11219 2042//11219 6267//11219 
f 6268//11220 6266//11220 5743//11220 
f 6268//11221 5743//11221 2043//11221 
f 6268//11222 2043//11222 2042//11222 
f 5217//11223 2044//11223 5743//11223 
f 5217//11224 1983//11224 2044//11224 
f 5570//11225 5743//11225 6266//11225 
f 5570//11226 5217//11226 5743//11226 
f 5583//11227 6266//11227 6260//11227 
f 5583//11228 5570//11228 6266//11228 
f 5596//11229 6260//11229 6259//11229 
f 5596//11230 5583//11230 6260//11230 
f 5597//11231 6259//11231 6254//11231 
f 5597//11232 5596//11232 6259//11232 
f 5610//11233 6254//11233 6243//11233 
f 5610//11234 5597//11234 6254//11234 
f 5622//11235 6243//11235 6242//11235 
f 5622//11236 5610//11236 6243//11236 
f 5623//11237 5622//11237 6242//11237 
f 5623//11238 6242//11238 6234//11238 
f 5634//11239 5623//11239 6234//11239 
f 5634//11240 6234//11240 6219//11240 
f 5645//11241 5634//11241 6219//11241 
f 5645//11242 6219//11242 6209//11242 
f 5655//11243 5645//11243 6209//11243 
f 5655//11244 6209//11244 6208//11244 
f 5656//11245 6208//11245 6188//11245 
f 5656//11246 5655//11246 6208//11246 
f 5665//11247 6188//11247 6175//11247 
f 5665//11248 5656//11248 6188//11248 
f 5674//11249 6175//11249 6174//11249 
f 5674//11250 5665//11250 6175//11250 
f 5675//11251 6174//11251 6150//11251 
f 5675//11252 5674//11252 6174//11252 
f 5684//11253 6150//11253 6135//11253 
f 5684//11254 5675//11254 6150//11254 
f 5692//11255 6135//11255 6106//11255 
f 5692//11256 5684//11256 6135//11256 
f 5699//11257 6106//11257 6105//11257 
f 5699//11258 5692//11258 6106//11258 
f 5700//11259 6105//11259 6088//11259 
f 5700//11260 5699//11260 6105//11260 
f 5707//11261 6088//11261 6058//11261 
f 5707//11262 5700//11262 6088//11262 
f 5713//11263 6058//11263 6057//11263 
f 5713//11264 5707//11264 6058//11264 
f 5714//11265 6057//11265 6040//11265 
f 5714//11266 5713//11266 6057//11266 
f 5719//11267 6040//11267 6010//11267 
f 5719//11268 5714//11268 6040//11268 
f 5724//11269 6010//11269 5993//11269 
f 5724//11270 5719//11270 6010//11270 
f 5729//11271 5993//11271 5992//11271 
f 5729//11272 5724//11272 5993//11272 
f 5730//11273 5992//11273 5962//11273 
f 5730//11274 5729//11274 5992//11274 
f 5734//11275 5962//11275 5945//11275 
f 5734//11276 5730//11276 5962//11276 
f 5737//11277 5945//11277 5944//11277 
f 5737//11278 5734//11278 5945//11278 
f 5738//11279 5944//11279 5914//11279 
f 5738//11280 5737//11280 5944//11280 
f 5741//11281 5914//11281 5897//11281 
f 5741//11282 5738//11282 5914//11282 
f 5218//11283 5883//11283 5216//11283 
f 5218//11284 5897//11284 5883//11284 
f 5218//11285 5741//11285 5897//11285 
f 5153//11286 5218//11286 5216//11286 
f 2126//11287 2124//11287 2125//11287 
f 2130//11288 2126//11288 2127//11288 
f 2130//11289 2127//11289 2128//11289 
f 2130//11290 2128//11290 2129//11290 
f 2132//11291 2130//11291 2131//11291 
f 2134//11292 2130//11292 2132//11292 
f 2134//11293 2132//11293 2133//11293 
f 2111//11294 2112//11294 2113//11294 
f 2137//11295 2135//11295 2136//11295 
f 2105//11296 2106//11296 2107//11296 
f 2105//11297 2107//11297 2108//11297 
f 2105//11298 2108//11298 2109//11298 
f 2105//11299 2109//11299 2110//11299 
f 2105//11300 2110//11300 2111//11300 
f 2105//11301 2113//11301 2114//11301 
f 2105//11302 2114//11302 2115//11302 
f 2105//11303 2115//11303 2116//11303 
f 2105//11304 2116//11304 2117//11304 
f 2105//11305 2117//11305 2118//11305 
f 2105//11306 2118//11306 2119//11306 
f 2105//11307 2119//11307 2120//11307 
f 2105//11308 2111//11308 2113//11308 
f 2105//11309 2120//11309 2121//11309 
f 2105//11310 2121//11310 2122//11310 
f 2105//11311 2122//11311 2123//11311 
f 2144//11312 2142//11312 2143//11312 
f 2145//11313 2142//11313 2144//11313 
f 2102//11314 2103//11314 2104//11314 
f 2101//11315 2102//11315 2104//11315 
f 2101//11316 2104//11316 2105//11316 
f 2147//11317 2145//11317 2146//11317 
f 2148//11318 2142//11318 2145//11318 
f 2148//11319 2145//11319 2147//11319 
f 2148//11320 2140//11320 2141//11320 
f 2148//11321 2141//11321 2142//11321 
f 2099//11322 2100//11322 2101//11322 
f 2098//11323 2101//11323 2105//11323 
f 2098//11324 2099//11324 2101//11324 
f 2150//11325 2148//11325 2149//11325 
f 2151//11326 2148//11326 2150//11326 
f 2096//11327 2097//11327 2098//11327 
f 2153//11328 2151//11328 2152//11328 
f 2153//11329 2148//11329 2151//11329 
f 2154//11330 2140//11330 2148//11330 
f 2154//11331 2148//11331 2153//11331 
f 2154//11332 2138//11332 2139//11332 
f 2154//11333 2139//11333 2140//11333 
f 2093//11334 2094//11334 2095//11334 
f 2093//11335 2095//11335 2096//11335 
f 2157//11336 2154//11336 2155//11336 
f 2157//11337 2155//11337 2156//11337 
f 2159//11338 2157//11338 2158//11338 
f 2159//11339 2154//11339 2157//11339 
f 2088//11340 2089//11340 2090//11340 
f 2088//11341 2090//11341 2091//11341 
f 2088//11342 2091//11342 2092//11342 
f 2088//11343 2092//11343 2093//11343 
f 2088//11344 2093//11344 2096//11344 
f 2161//11345 2159//11345 2160//11345 
f 2162//11346 2159//11346 2161//11346 
f 2085//11347 2086//11347 2087//11347 
f 2085//11348 2087//11348 2088//11348 
f 2163//11349 2159//11349 2162//11349 
f 2163//11350 2154//11350 2159//11350 
f 2084//11351 2085//11351 2088//11351 
f 2083//11352 2084//11352 2088//11352 
f 2165//11353 2163//11353 2164//11353 
f 2082//11354 2083//11354 2088//11354 
f 2167//11355 2165//11355 2166//11355 
f 2080//11356 2081//11356 2082//11356 
f 2169//11357 2167//11357 2168//11357 
f 2169//11358 2163//11358 2165//11358 
f 2169//11359 2154//11359 2163//11359 
f 2169//11360 2165//11360 2167//11360 
f 2077//11361 2078//11361 2079//11361 
f 2077//11362 2079//11362 2080//11362 
f 2046//11363 2170//11363 2045//11363 
f 2047//11364 2170//11364 2046//11364 
f 2074//11365 2075//11365 2076//11365 
f 2073//11366 2076//11366 2077//11366 
f 2073//11367 2074//11367 2076//11367 
f 2071//11368 2105//11368 2123//11368 
f 2071//11369 2073//11369 2077//11369 
f 2071//11370 2098//11370 2105//11370 
f 2071//11371 2072//11371 2073//11371 
f 2071//11372 2124//11372 2126//11372 
f 2071//11373 2126//11373 2130//11373 
f 2071//11374 2082//11374 2088//11374 
f 2071//11375 2130//11375 2134//11375 
f 2071//11376 2088//11376 2096//11376 
f 2071//11377 2123//11377 2124//11377 
f 2071//11378 2135//11378 2137//11378 
f 2071//11379 2080//11379 2082//11379 
f 2071//11380 2134//11380 2135//11380 
f 2071//11381 2137//11381 2138//11381 
f 2071//11382 2096//11382 2098//11382 
f 2071//11383 2077//11383 2080//11383 
f 2051//11384 2048//11384 2049//11384 
f 2051//11385 2049//11385 2050//11385 
f 2052//11386 2047//11386 2048//11386 
f 2052//11387 2170//11387 2047//11387 
f 2052//11388 2169//11388 2170//11388 
f 2052//11389 2048//11389 2051//11389 
f 2069//11390 2070//11390 2071//11390 
f 2067//11391 2068//11391 2069//11391 
f 2067//11392 2069//11392 2071//11392 
f 2056//11393 2053//11393 2054//11393 
f 2056//11394 2054//11394 2055//11394 
f 2057//11395 2052//11395 2053//11395 
f 2057//11396 2053//11396 2056//11396 
f 2064//11397 2065//11397 2066//11397 
f 2064//11398 2066//11398 2067//11398 
f 2062//11399 2063//11399 2064//11399 
f 2062//11400 2064//11400 2067//11400 
f 2061//11401 2057//11401 2058//11401 
f 2061//11402 2058//11402 2059//11402 
f 2061//11403 2059//11403 2060//11403 
f 2061//11404 2071//11404 2138//11404 
f 2061//11405 2169//11405 2052//11405 
f 2061//11406 2138//11406 2154//11406 
f 2061//11407 2067//11407 2071//11407 
f 2061//11408 2062//11408 2067//11408 
f 2061//11409 2052//11409 2057//11409 
f 2061//11410 2154//11410 2169//11410 
f 2246//11411 2247//11411 2248//11411 
f 2246//11412 2248//11412 2249//11412 
f 2254//11413 2250//11413 2251//11413 
f 2254//11414 2251//11414 2252//11414 
f 2254//11415 2252//11415 2253//11415 
f 2256//11416 2254//11416 2255//11416 
f 2259//11417 2257//11417 2258//11417 
f 2260//11418 2257//11418 2259//11418 
f 2261//11419 2257//11419 2260//11419 
f 2261//11420 2256//11420 2257//11420 
f 2263//11421 2261//11421 2262//11421 
f 2230//11422 2231//11422 2232//11422 
f 2230//11423 2232//11423 2233//11423 
f 2271//11424 2267//11424 2268//11424 
f 2271//11425 2268//11425 2269//11425 
f 2271//11426 2269//11426 2270//11426 
f 2273//11427 2271//11427 2272//11427 
f 2273//11428 2267//11428 2271//11428 
f 2225//11429 2226//11429 2227//11429 
f 2225//11430 2227//11430 2228//11430 
f 2275//11431 2273//11431 2274//11431 
f 2275//11432 2267//11432 2273//11432 
f 2275//11433 2266//11433 2267//11433 
f 2224//11434 2225//11434 2228//11434 
f 2224//11435 2228//11435 2229//11435 
f 2224//11436 2229//11436 2230//11436 
f 2224//11437 2233//11437 2234//11437 
f 2224//11438 2234//11438 2235//11438 
f 2224//11439 2235//11439 2236//11439 
f 2224//11440 2236//11440 2237//11440 
f 2224//11441 2237//11441 2238//11441 
f 2224//11442 2238//11442 2239//11442 
f 2224//11443 2230//11443 2233//11443 
f 2278//11444 2275//11444 2276//11444 
f 2278//11445 2276//11445 2277//11445 
f 2278//11446 2266//11446 2275//11446 
f 2278//11447 2264//11447 2265//11447 
f 2278//11448 2265//11448 2266//11448 
f 2220//11449 2221//11449 2222//11449 
f 2220//11450 2222//11450 2223//11450 
f 2219//11451 2220//11451 2223//11451 
f 2282//11452 2278//11452 2279//11452 
f 2282//11453 2279//11453 2280//11453 
f 2282//11454 2280//11454 2281//11454 
f 2284//11455 2282//11455 2283//11455 
f 2215//11456 2216//11456 2217//11456 
f 2215//11457 2217//11457 2218//11457 
f 2215//11458 2218//11458 2219//11458 
f 2215//11459 2219//11459 2223//11459 
f 2285//11460 2278//11460 2282//11460 
f 2285//11461 2282//11461 2284//11461 
f 2214//11462 2215//11462 2223//11462 
f 2212//11463 2213//11463 2214//11463 
f 2212//11464 2214//11464 2223//11464 
f 2288//11465 2285//11465 2286//11465 
f 2288//11466 2286//11466 2287//11466 
f 2211//11467 2223//11467 2224//11467 
f 2211//11468 2212//11468 2223//11468 
f 2289//11469 2285//11469 2288//11469 
f 2290//11470 2285//11470 2289//11470 
f 2294//11471 2291//11471 2292//11471 
f 2294//11472 2292//11472 2293//11472 
f 2295//11473 2278//11473 2285//11473 
f 2295//11474 2290//11474 2291//11474 
f 2295//11475 2264//11475 2278//11475 
f 2295//11476 2250//11476 2254//11476 
f 2295//11477 2254//11477 2256//11477 
f 2295//11478 2256//11478 2261//11478 
f 2295//11479 2249//11479 2250//11479 
f 2295//11480 2261//11480 2263//11480 
f 2295//11481 2285//11481 2290//11481 
f 2295//11482 2263//11482 2264//11482 
f 2295//11483 2291//11483 2294//11483 
f 2204//11484 2205//11484 2206//11484 
f 2172//11485 2296//11485 2171//11485 
f 2173//11486 2295//11486 2296//11486 
f 2173//11487 2296//11487 2172//11487 
f 2200//11488 2201//11488 2202//11488 
f 2200//11489 2202//11489 2203//11489 
f 2174//11490 2246//11490 2249//11490 
f 2174//11491 2295//11491 2173//11491 
f 2174//11492 2239//11492 2240//11492 
f 2174//11493 2240//11493 2241//11493 
f 2174//11494 2241//11494 2242//11494 
f 2174//11495 2242//11495 2243//11495 
f 2174//11496 2243//11496 2244//11496 
f 2174//11497 2244//11497 2245//11497 
f 2174//11498 2245//11498 2246//11498 
f 2174//11499 2249//11499 2295//11499 
f 2198//11500 2204//11500 2206//11500 
f 2198//11501 2200//11501 2203//11501 
f 2198//11502 2199//11502 2200//11502 
f 2198//11503 2203//11503 2204//11503 
f 2198//11504 2206//11504 2207//11504 
f 2198//11505 2207//11505 2208//11505 
f 2198//11506 2208//11506 2209//11506 
f 2197//11507 2198//11507 2209//11507 
f 2197//11508 2209//11508 2210//11508 
f 2197//11509 2210//11509 2211//11509 
f 2178//11510 2176//11510 2177//11510 
f 2179//11511 2175//11511 2176//11511 
f 2179//11512 2176//11512 2178//11512 
f 2194//11513 2195//11513 2196//11513 
f 2194//11514 2196//11514 2197//11514 
f 2180//11515 2174//11515 2175//11515 
f 2180//11516 2175//11516 2179//11516 
f 2193//11517 2197//11517 2211//11517 
f 2193//11518 2194//11518 2197//11518 
f 2185//11519 2180//11519 2181//11519 
f 2185//11520 2181//11520 2182//11520 
f 2185//11521 2182//11521 2183//11521 
f 2185//11522 2183//11522 2184//11522 
f 2185//11523 2174//11523 2180//11523 
f 2188//11524 2189//11524 2190//11524 
f 2188//11525 2190//11525 2191//11525 
f 2188//11526 2191//11526 2192//11526 
f 2188//11527 2192//11527 2193//11527 
f 2187//11528 2185//11528 2186//11528 
f 2187//11529 2239//11529 2174//11529 
f 2187//11530 2224//11530 2239//11530 
f 2187//11531 2193//11531 2211//11531 
f 2187//11532 2174//11532 2185//11532 
f 2187//11533 2188//11533 2193//11533 
f 2187//11534 2211//11534 2224//11534 
f 2380//11535 2376//11535 2377//11535 
f 2380//11536 2377//11536 2378//11536 
f 2380//11537 2378//11537 2379//11537 
f 2382//11538 2380//11538 2381//11538 
f 2384//11539 2382//11539 2383//11539 
f 2366//11540 2367//11540 2368//11540 
f 2366//11541 2368//11541 2369//11541 
f 2366//11542 2369//11542 2370//11542 
f 2387//11543 2384//11543 2385//11543 
f 2387//11544 2385//11544 2386//11544 
f 2363//11545 2364//11545 2365//11545 
f 2390//11546 2388//11546 2389//11546 
f 2357//11547 2358//11547 2359//11547 
f 2355//11548 2357//11548 2359//11548 
f 2355//11549 2356//11549 2357//11549 
f 2397//11550 2393//11550 2394//11550 
f 2397//11551 2394//11551 2395//11551 
f 2397//11552 2395//11552 2396//11552 
f 2398//11553 2393//11553 2397//11553 
f 2398//11554 2391//11554 2392//11554 
f 2398//11555 2392//11555 2393//11555 
f 2353//11556 2354//11556 2355//11556 
f 2353//11557 2359//11557 2360//11557 
f 2353//11558 2355//11558 2359//11558 
f 2400//11559 2398//11559 2399//11559 
f 2400//11560 2391//11560 2398//11560 
f 2400//11561 2390//11561 2391//11561 
f 2351//11562 2352//11562 2353//11562 
f 2350//11563 2351//11563 2353//11563 
f 2347//11564 2348//11564 2349//11564 
f 2405//11565 2400//11565 2401//11565 
f 2405//11566 2401//11566 2402//11566 
f 2405//11567 2402//11567 2403//11567 
f 2405//11568 2403//11568 2404//11568 
f 2346//11569 2347//11569 2349//11569 
f 2406//11570 2400//11570 2405//11570 
f 2345//11571 2346//11571 2349//11571 
f 2408//11572 2400//11572 2406//11572 
f 2408//11573 2406//11573 2407//11573 
f 2343//11574 2345//11574 2349//11574 
f 2343//11575 2344//11575 2345//11575 
f 2343//11576 2349//11576 2350//11576 
f 2410//11577 2408//11577 2409//11577 
f 2411//11578 2390//11578 2400//11578 
f 2411//11579 2408//11579 2410//11579 
f 2411//11580 2400//11580 2408//11580 
f 2411//11581 2388//11581 2390//11581 
f 2411//11582 2387//11582 2388//11582 
f 2340//11583 2341//11583 2342//11583 
f 2340//11584 2342//11584 2343//11584 
f 2339//11585 2340//11585 2343//11585 
f 2413//11586 2411//11586 2412//11586 
f 2337//11587 2338//11587 2339//11587 
f 2337//11588 2339//11588 2343//11588 
f 2415//11589 2413//11589 2414//11589 
f 2415//11590 2387//11590 2411//11590 
f 2415//11591 2411//11591 2413//11591 
f 2415//11592 2384//11592 2387//11592 
f 2335//11593 2336//11593 2337//11593 
f 2335//11594 2337//11594 2343//11594 
f 2417//11595 2384//11595 2415//11595 
f 2417//11596 2415//11596 2416//11596 
f 2417//11597 2376//11597 2380//11597 
f 2417//11598 2380//11598 2382//11598 
f 2417//11599 2382//11599 2384//11599 
f 2417//11600 2371//11600 2372//11600 
f 2417//11601 2372//11601 2373//11601 
f 2417//11602 2373//11602 2374//11602 
f 2417//11603 2374//11603 2375//11603 
f 2417//11604 2375//11604 2376//11604 
f 2420//11605 2417//11605 2418//11605 
f 2420//11606 2418//11606 2419//11606 
f 2330//11607 2331//11607 2332//11607 
f 2330//11608 2332//11608 2333//11608 
f 2330//11609 2333//11609 2334//11609 
f 2422//11610 2420//11610 2421//11610 
f 2422//11611 2417//11611 2420//11611 
f 2297//11612 2417//11612 2422//11612 
f 2299//11613 2297//11613 2298//11613 
f 2326//11614 2327//11614 2328//11614 
f 2326//11615 2328//11615 2329//11615 
f 2326//11616 2329//11616 2330//11616 
f 2301//11617 2299//11617 2300//11617 
f 2301//11618 2417//11618 2297//11618 
f 2301//11619 2297//11619 2299//11619 
f 2301//11620 2371//11620 2417//11620 
f 2301//11621 2366//11621 2370//11621 
f 2301//11622 2360//11622 2361//11622 
f 2301//11623 2361//11623 2362//11623 
f 2301//11624 2362//11624 2363//11624 
f 2301//11625 2365//11625 2366//11625 
f 2301//11626 2363//11626 2365//11626 
f 2301//11627 2370//11627 2371//11627 
f 2324//11628 2326//11628 2330//11628 
f 2324//11629 2325//11629 2326//11629 
f 2322//11630 2323//11630 2324//11630 
f 2304//11631 2301//11631 2302//11631 
f 2304//11632 2302//11632 2303//11632 
f 2306//11633 2304//11633 2305//11633 
f 2319//11634 2322//11634 2324//11634 
f 2319//11635 2320//11635 2321//11635 
f 2319//11636 2321//11636 2322//11636 
f 2319//11637 2324//11637 2330//11637 
f 2319//11638 2330//11638 2334//11638 
f 2308//11639 2304//11639 2306//11639 
f 2308//11640 2306//11640 2307//11640 
f 2308//11641 2301//11641 2304//11641 
f 2317//11642 2318//11642 2319//11642 
f 2315//11643 2316//11643 2317//11643 
f 2311//11644 2308//11644 2309//11644 
f 2311//11645 2309//11645 2310//11645 
f 2314//11646 2317//11646 2319//11646 
f 2314//11647 2315//11647 2317//11647 
f 2312//11648 2360//11648 2301//11648 
f 2312//11649 2350//11649 2353//11649 
f 2312//11650 2301//11650 2308//11650 
f 2312//11651 2308//11651 2311//11651 
f 2312//11652 2353//11652 2360//11652 
f 2313//11653 2334//11653 2335//11653 
f 2313//11654 2319//11654 2334//11654 
f 2313//11655 2350//11655 2312//11655 
f 2313//11656 2343//11656 2350//11656 
f 2313//11657 2314//11657 2319//11657 
f 2313//11658 2335//11658 2343//11658 
f 2505//11659 2502//11659 2503//11659 
f 2505//11660 2503//11660 2504//11660 
f 2508//11661 2505//11661 2506//11661 
f 2508//11662 2506//11662 2507//11662 
f 2510//11663 2508//11663 2509//11663 
f 2511//11664 2508//11664 2510//11664 
f 2514//11665 2512//11665 2513//11665 
f 2483//11666 2484//11666 2485//11666 
f 2481//11667 2482//11667 2483//11667 
f 2523//11668 2521//11668 2522//11668 
f 2524//11669 2521//11669 2523//11669 
f 2524//11670 2518//11670 2519//11670 
f 2524//11671 2519//11671 2520//11671 
f 2524//11672 2520//11672 2521//11672 
f 2526//11673 2524//11673 2525//11673 
f 2526//11674 2518//11674 2524//11674 
f 2526//11675 2514//11675 2515//11675 
f 2526//11676 2515//11676 2516//11676 
f 2526//11677 2516//11677 2517//11677 
f 2526//11678 2517//11678 2518//11678 
f 2528//11679 2526//11679 2527//11679 
f 2474//11680 2475//11680 2476//11680 
f 2474//11681 2476//11681 2477//11681 
f 2474//11682 2477//11682 2478//11682 
f 2530//11683 2528//11683 2529//11683 
f 2473//11684 2474//11684 2478//11684 
f 2531//11685 2514//11685 2526//11685 
f 2531//11686 2528//11686 2530//11686 
f 2531//11687 2512//11687 2514//11687 
f 2531//11688 2526//11688 2528//11688 
f 2471//11689 2473//11689 2478//11689 
f 2471//11690 2472//11690 2473//11690 
f 2533//11691 2531//11691 2532//11691 
f 2535//11692 2533//11692 2534//11692 
f 2535//11693 2531//11693 2533//11693 
f 2468//11694 2469//11694 2470//11694 
f 2468//11695 2470//11695 2471//11695 
f 2467//11696 2471//11696 2478//11696 
f 2467//11697 2468//11697 2471//11697 
f 2467//11698 2478//11698 2479//11698 
f 2467//11699 2479//11699 2480//11699 
f 2537//11700 2535//11700 2536//11700 
f 2537//11701 2512//11701 2531//11701 
f 2537//11702 2508//11702 2511//11702 
f 2537//11703 2511//11703 2512//11703 
f 2537//11704 2531//11704 2535//11704 
f 2465//11705 2466//11705 2467//11705 
f 2539//11706 2537//11706 2538//11706 
f 2464//11707 2465//11707 2467//11707 
f 2541//11708 2539//11708 2540//11708 
f 2541//11709 2537//11709 2539//11709 
f 2461//11710 2462//11710 2463//11710 
f 2543//11711 2541//11711 2542//11711 
f 2543//11712 2537//11712 2541//11712 
f 2543//11713 2508//11713 2537//11713 
f 2543//11714 2502//11714 2505//11714 
f 2543//11715 2505//11715 2508//11715 
f 2543//11716 2497//11716 2498//11716 
f 2543//11717 2498//11717 2499//11717 
f 2543//11718 2499//11718 2500//11718 
f 2543//11719 2500//11719 2501//11719 
f 2543//11720 2501//11720 2502//11720 
f 2459//11721 2460//11721 2461//11721 
f 2459//11722 2463//11722 2464//11722 
f 2459//11723 2461//11723 2463//11723 
f 2545//11724 2543//11724 2544//11724 
f 2547//11725 2545//11725 2546//11725 
f 2456//11726 2457//11726 2458//11726 
f 2548//11727 2543//11727 2545//11727 
f 2548//11728 2545//11728 2547//11728 
f 2425//11729 2423//11729 2424//11729 
f 2425//11730 2548//11730 2423//11730 
f 2425//11731 2497//11731 2543//11731 
f 2425//11732 2494//11732 2495//11732 
f 2425//11733 2495//11733 2496//11733 
f 2425//11734 2496//11734 2497//11734 
f 2425//11735 2543//11735 2548//11735 
f 2426//11736 2488//11736 2489//11736 
f 2426//11737 2489//11737 2490//11737 
f 2426//11738 2490//11738 2491//11738 
f 2426//11739 2491//11739 2492//11739 
f 2426//11740 2492//11740 2493//11740 
f 2426//11741 2494//11741 2425//11741 
f 2426//11742 2493//11742 2494//11742 
f 2451//11743 2452//11743 2453//11743 
f 2451//11744 2453//11744 2454//11744 
f 2451//11745 2454//11745 2455//11745 
f 2427//11746 2488//11746 2426//11746 
f 2427//11747 2487//11747 2488//11747 
f 2450//11748 2451//11748 2455//11748 
f 2448//11749 2449//11749 2450//11749 
f 2430//11750 2428//11750 2429//11750 
f 2431//11751 2428//11751 2430//11751 
f 2431//11752 2427//11752 2428//11752 
f 2431//11753 2481//11753 2483//11753 
f 2431//11754 2487//11754 2427//11754 
f 2431//11755 2480//11755 2481//11755 
f 2431//11756 2485//11756 2486//11756 
f 2431//11757 2486//11757 2487//11757 
f 2431//11758 2483//11758 2485//11758 
f 2432//11759 2480//11759 2431//11759 
f 2445//11760 2448//11760 2450//11760 
f 2445//11761 2446//11761 2447//11761 
f 2445//11762 2447//11762 2448//11762 
f 2444//11763 2455//11763 2456//11763 
f 2444//11764 2445//11764 2450//11764 
f 2444//11765 2450//11765 2455//11765 
f 2443//11766 2458//11766 2459//11766 
f 2443//11767 2444//11767 2456//11767 
f 2443//11768 2456//11768 2458//11768 
f 2435//11769 2432//11769 2433//11769 
f 2435//11770 2433//11770 2434//11770 
f 2435//11771 2480//11771 2432//11771 
f 2437//11772 2435//11772 2436//11772 
f 2440//11773 2441//11773 2442//11773 
f 2440//11774 2442//11774 2443//11774 
f 2440//11775 2443//11775 2459//11775 
f 2439//11776 2459//11776 2464//11776 
f 2439//11777 2437//11777 2438//11777 
f 2439//11778 2435//11778 2437//11778 
f 2439//11779 2480//11779 2435//11779 
f 2439//11780 2467//11780 2480//11780 
f 2439//11781 2440//11781 2459//11781 
f 2439//11782 2464//11782 2467//11782 
f 2628//11783 2630//11783 2629//11783 
f 2630//11784 2634//11784 2631//11784 
f 2631//11785 2634//11785 2632//11785 
f 2632//11786 2634//11786 2633//11786 
f 2634//11787 2636//11787 2635//11787 
f 2634//11788 2638//11788 2636//11788 
f 2636//11789 2638//11789 2637//11789 
f 2616//11790 2615//11790 2617//11790 
f 2639//11791 2641//11791 2640//11791 
f 2610//11792 2609//11792 2611//11792 
f 2611//11793 2609//11793 2612//11793 
f 2612//11794 2609//11794 2613//11794 
f 2613//11795 2609//11795 2614//11795 
f 2614//11796 2609//11796 2615//11796 
f 2617//11797 2609//11797 2618//11797 
f 2618//11798 2609//11798 2619//11798 
f 2619//11799 2609//11799 2620//11799 
f 2620//11800 2609//11800 2621//11800 
f 2621//11801 2609//11801 2622//11801 
f 2622//11802 2609//11802 2623//11802 
f 2623//11803 2609//11803 2624//11803 
f 2615//11804 2609//11804 2617//11804 
f 2624//11805 2609//11805 2625//11805 
f 2625//11806 2609//11806 2626//11806 
f 2626//11807 2609//11807 2627//11807 
f 2646//11808 2648//11808 2647//11808 
f 2646//11809 2649//11809 2648//11809 
f 2607//11810 2606//11810 2608//11810 
f 2606//11811 2605//11811 2608//11811 
f 2608//11812 2605//11812 2609//11812 
f 2649//11813 2651//11813 2650//11813 
f 2646//11814 2652//11814 2649//11814 
f 2649//11815 2652//11815 2651//11815 
f 2644//11816 2652//11816 2645//11816 
f 2645//11817 2652//11817 2646//11817 
f 2604//11818 2603//11818 2605//11818 
f 2605//11819 2602//11819 2609//11819 
f 2603//11820 2602//11820 2605//11820 
f 2652//11821 2654//11821 2653//11821 
f 2652//11822 2655//11822 2654//11822 
f 2601//11823 2600//11823 2602//11823 
f 2655//11824 2657//11824 2656//11824 
f 2652//11825 2657//11825 2655//11825 
f 2644//11826 2658//11826 2652//11826 
f 2652//11827 2658//11827 2657//11827 
f 2642//11828 2658//11828 2643//11828 
f 2643//11829 2658//11829 2644//11829 
f 2598//11830 2597//11830 2599//11830 
f 2599//11831 2597//11831 2600//11831 
f 2658//11832 2661//11832 2659//11832 
f 2659//11833 2661//11833 2660//11833 
f 2661//11834 2663//11834 2662//11834 
f 2658//11835 2663//11835 2661//11835 
f 2593//11836 2592//11836 2594//11836 
f 2594//11837 2592//11837 2595//11837 
f 2595//11838 2592//11838 2596//11838 
f 2596//11839 2592//11839 2597//11839 
f 2597//11840 2592//11840 2600//11840 
f 2663//11841 2665//11841 2664//11841 
f 2663//11842 2666//11842 2665//11842 
f 2590//11843 2589//11843 2591//11843 
f 2591//11844 2589//11844 2592//11844 
f 2663//11845 2667//11845 2666//11845 
f 2658//11846 2667//11846 2663//11846 
f 2589//11847 2588//11847 2592//11847 
f 2588//11848 2587//11848 2592//11848 
f 2667//11849 2669//11849 2668//11849 
f 2587//11850 2586//11850 2592//11850 
f 2669//11851 2671//11851 2670//11851 
f 2585//11852 2584//11852 2586//11852 
f 2671//11853 2673//11853 2672//11853 
f 2667//11854 2673//11854 2669//11854 
f 2658//11855 2673//11855 2667//11855 
f 2669//11856 2673//11856 2671//11856 
f 2582//11857 2581//11857 2583//11857 
f 2583//11858 2581//11858 2584//11858 
f 2674//11859 2550//11859 2549//11859 
f 2674//11860 2551//11860 2550//11860 
f 2579//11861 2578//11861 2580//11861 
f 2580//11862 2577//11862 2581//11862 
f 2578//11863 2577//11863 2580//11863 
f 2609//11864 2575//11864 2627//11864 
f 2577//11865 2575//11865 2581//11865 
f 2602//11866 2575//11866 2609//11866 
f 2576//11867 2575//11867 2577//11867 
f 2628//11868 2575//11868 2630//11868 
f 2630//11869 2575//11869 2634//11869 
f 2586//11870 2575//11870 2592//11870 
f 2634//11871 2575//11871 2638//11871 
f 2592//11872 2575//11872 2600//11872 
f 2627//11873 2575//11873 2628//11873 
f 2639//11874 2575//11874 2641//11874 
f 2584//11875 2575//11875 2586//11875 
f 2638//11876 2575//11876 2639//11876 
f 2641//11877 2575//11877 2642//11877 
f 2600//11878 2575//11878 2602//11878 
f 2581//11879 2575//11879 2584//11879 
f 2552//11880 2555//11880 2553//11880 
f 2553//11881 2555//11881 2554//11881 
f 2551//11882 2556//11882 2552//11882 
f 2674//11883 2556//11883 2551//11883 
f 2673//11884 2556//11884 2674//11884 
f 2552//11885 2556//11885 2555//11885 
f 2574//11886 2573//11886 2575//11886 
f 2572//11887 2571//11887 2573//11887 
f 2573//11888 2571//11888 2575//11888 
f 2557//11889 2560//11889 2558//11889 
f 2558//11890 2560//11890 2559//11890 
f 2556//11891 2561//11891 2557//11891 
f 2557//11892 2561//11892 2560//11892 
f 2569//11893 2568//11893 2570//11893 
f 2570//11894 2568//11894 2571//11894 
f 2567//11895 2566//11895 2568//11895 
f 2568//11896 2566//11896 2571//11896 
f 2561//11897 2565//11897 2562//11897 
f 2562//11898 2565//11898 2563//11898 
f 2563//11899 2565//11899 2564//11899 
f 2575//11900 2565//11900 2642//11900 
f 2673//11901 2565//11901 2556//11901 
f 2642//11902 2565//11902 2658//11902 
f 2571//11903 2565//11903 2575//11903 
f 2566//11904 2565//11904 2571//11904 
f 2556//11905 2565//11905 2561//11905 
f 2658//11906 2565//11906 2673//11906 
f 2751//11907 2750//11907 2752//11907 
f 2752//11908 2750//11908 2753//11908 
f 2754//11909 2758//11909 2755//11909 
f 2755//11910 2758//11910 2756//11910 
f 2756//11911 2758//11911 2757//11911 
f 2758//11912 2760//11912 2759//11912 
f 2761//11913 2763//11913 2762//11913 
f 2761//11914 2764//11914 2763//11914 
f 2761//11915 2765//11915 2764//11915 
f 2760//11916 2765//11916 2761//11916 
f 2765//11917 2767//11917 2766//11917 
f 2735//11918 2734//11918 2736//11918 
f 2736//11919 2734//11919 2737//11919 
f 2771//11920 2775//11920 2772//11920 
f 2772//11921 2775//11921 2773//11921 
f 2773//11922 2775//11922 2774//11922 
f 2775//11923 2777//11923 2776//11923 
f 2771//11924 2777//11924 2775//11924 
f 2730//11925 2729//11925 2731//11925 
f 2731//11926 2729//11926 2732//11926 
f 2777//11927 2779//11927 2778//11927 
f 2771//11928 2779//11928 2777//11928 
f 2770//11929 2779//11929 2771//11929 
f 2729//11930 2728//11930 2732//11930 
f 2732//11931 2728//11931 2733//11931 
f 2733//11932 2728//11932 2734//11932 
f 2737//11933 2728//11933 2738//11933 
f 2738//11934 2728//11934 2739//11934 
f 2739//11935 2728//11935 2740//11935 
f 2740//11936 2728//11936 2741//11936 
f 2741//11937 2728//11937 2742//11937 
f 2742//11938 2728//11938 2743//11938 
f 2734//11939 2728//11939 2737//11939 
f 2779//11940 2782//11940 2780//11940 
f 2780//11941 2782//11941 2781//11941 
f 2770//11942 2782//11942 2779//11942 
f 2768//11943 2782//11943 2769//11943 
f 2769//11944 2782//11944 2770//11944 
f 2725//11945 2724//11945 2726//11945 
f 2726//11946 2724//11946 2727//11946 
f 2724//11947 2723//11947 2727//11947 
f 2782//11948 2786//11948 2783//11948 
f 2783//11949 2786//11949 2784//11949 
f 2784//11950 2786//11950 2785//11950 
f 2786//11951 2788//11951 2787//11951 
f 2720//11952 2719//11952 2721//11952 
f 2721//11953 2719//11953 2722//11953 
f 2722//11954 2719//11954 2723//11954 
f 2723//11955 2719//11955 2727//11955 
f 2782//11956 2789//11956 2786//11956 
f 2786//11957 2789//11957 2788//11957 
f 2719//11958 2718//11958 2727//11958 
f 2717//11959 2716//11959 2718//11959 
f 2718//11960 2716//11960 2727//11960 
f 2789//11961 2792//11961 2790//11961 
f 2790//11962 2792//11962 2791//11962 
f 2727//11963 2715//11963 2728//11963 
f 2716//11964 2715//11964 2727//11964 
f 2789//11965 2793//11965 2792//11965 
f 2789//11966 2794//11966 2793//11966 
f 2795//11967 2798//11967 2796//11967 
f 2796//11968 2798//11968 2797//11968 
f 2782//11969 2799//11969 2789//11969 
f 2794//11970 2799//11970 2795//11970 
f 2768//11971 2799//11971 2782//11971 
f 2754//11972 2799//11972 2758//11972 
f 2758//11973 2799//11973 2760//11973 
f 2760//11974 2799//11974 2765//11974 
f 2753//11975 2799//11975 2754//11975 
f 2765//11976 2799//11976 2767//11976 
f 2789//11977 2799//11977 2794//11977 
f 2767//11978 2799//11978 2768//11978 
f 2795//11979 2799//11979 2798//11979 
f 2709//11980 2708//11980 2710//11980 
f 2800//11981 2676//11981 2675//11981 
f 2799//11982 2677//11982 2800//11982 
f 2800//11983 2677//11983 2676//11983 
f 2705//11984 2704//11984 2706//11984 
f 2706//11985 2704//11985 2707//11985 
f 2750//11986 2678//11986 2753//11986 
f 2799//11987 2678//11987 2677//11987 
f 2743//11988 2678//11988 2744//11988 
f 2744//11989 2678//11989 2745//11989 
f 2745//11990 2678//11990 2746//11990 
f 2746//11991 2678//11991 2747//11991 
f 2747//11992 2678//11992 2748//11992 
f 2748//11993 2678//11993 2749//11993 
f 2749//11994 2678//11994 2750//11994 
f 2753//11995 2678//11995 2799//11995 
f 2708//11996 2702//11996 2710//11996 
f 2704//11997 2702//11997 2707//11997 
f 2703//11998 2702//11998 2704//11998 
f 2707//11999 2702//11999 2708//11999 
f 2710//12000 2702//12000 2711//12000 
f 2711//12001 2702//12001 2712//12001 
f 2712//12002 2702//12002 2713//12002 
f 2702//12003 2701//12003 2713//12003 
f 2713//12004 2701//12004 2714//12004 
f 2714//12005 2701//12005 2715//12005 
f 2680//12006 2682//12006 2681//12006 
f 2679//12007 2683//12007 2680//12007 
f 2680//12008 2683//12008 2682//12008 
f 2699//12009 2698//12009 2700//12009 
f 2700//12010 2698//12010 2701//12010 
f 2678//12011 2684//12011 2679//12011 
f 2679//12012 2684//12012 2683//12012 
f 2701//12013 2697//12013 2715//12013 
f 2698//12014 2697//12014 2701//12014 
f 2684//12015 2689//12015 2685//12015 
f 2685//12016 2689//12016 2686//12016 
f 2686//12017 2689//12017 2687//12017 
f 2687//12018 2689//12018 2688//12018 
f 2678//12019 2689//12019 2684//12019 
f 2693//12020 2692//12020 2694//12020 
f 2694//12021 2692//12021 2695//12021 
f 2695//12022 2692//12022 2696//12022 
f 2696//12023 2692//12023 2697//12023 
f 2689//12024 2691//12024 2690//12024 
f 2743//12025 2691//12025 2678//12025 
f 2728//12026 2691//12026 2743//12026 
f 2697//12027 2691//12027 2715//12027 
f 2678//12028 2691//12028 2689//12028 
f 2692//12029 2691//12029 2697//12029 
f 2715//12030 2691//12030 2728//12030 
f 2880//12031 2884//12031 2881//12031 
f 2881//12032 2884//12032 2882//12032 
f 2882//12033 2884//12033 2883//12033 
f 2884//12034 2886//12034 2885//12034 
f 2886//12035 2888//12035 2887//12035 
f 2871//12036 2870//12036 2872//12036 
f 2872//12037 2870//12037 2873//12037 
f 2873//12038 2870//12038 2874//12038 
f 2888//12039 2891//12039 2889//12039 
f 2889//12040 2891//12040 2890//12040 
f 2868//12041 2867//12041 2869//12041 
f 2892//12042 2894//12042 2893//12042 
f 2862//12043 2861//12043 2863//12043 
f 2861//12044 2859//12044 2863//12044 
f 2860//12045 2859//12045 2861//12045 
f 2897//12046 2901//12046 2898//12046 
f 2898//12047 2901//12047 2899//12047 
f 2899//12048 2901//12048 2900//12048 
f 2897//12049 2902//12049 2901//12049 
f 2895//12050 2902//12050 2896//12050 
f 2896//12051 2902//12051 2897//12051 
f 2858//12052 2857//12052 2859//12052 
f 2863//12053 2857//12053 2864//12053 
f 2859//12054 2857//12054 2863//12054 
f 2902//12055 2904//12055 2903//12055 
f 2895//12056 2904//12056 2902//12056 
f 2894//12057 2904//12057 2895//12057 
f 2856//12058 2855//12058 2857//12058 
f 2855//12059 2854//12059 2857//12059 
f 2852//12060 2851//12060 2853//12060 
f 2904//12061 2909//12061 2905//12061 
f 2905//12062 2909//12062 2906//12062 
f 2906//12063 2909//12063 2907//12063 
f 2907//12064 2909//12064 2908//12064 
f 2851//12065 2850//12065 2853//12065 
f 2904//12066 2910//12066 2909//12066 
f 2850//12067 2849//12067 2853//12067 
f 2904//12068 2912//12068 2910//12068 
f 2910//12069 2912//12069 2911//12069 
f 2849//12070 2847//12070 2853//12070 
f 2848//12071 2847//12071 2849//12071 
f 2853//12072 2847//12072 2854//12072 
f 2912//12073 2914//12073 2913//12073 
f 2894//12074 2915//12074 2904//12074 
f 2912//12075 2915//12075 2914//12075 
f 2904//12076 2915//12076 2912//12076 
f 2892//12077 2915//12077 2894//12077 
f 2891//12078 2915//12078 2892//12078 
f 2845//12079 2844//12079 2846//12079 
f 2846//12080 2844//12080 2847//12080 
f 2844//12081 2843//12081 2847//12081 
f 2915//12082 2917//12082 2916//12082 
f 2842//12083 2841//12083 2843//12083 
f 2843//12084 2841//12084 2847//12084 
f 2917//12085 2919//12085 2918//12085 
f 2891//12086 2919//12086 2915//12086 
f 2915//12087 2919//12087 2917//12087 
f 2888//12088 2919//12088 2891//12088 
f 2840//12089 2839//12089 2841//12089 
f 2841//12090 2839//12090 2847//12090 
f 2888//12091 2921//12091 2919//12091 
f 2919//12092 2921//12092 2920//12092 
f 2880//12093 2921//12093 2884//12093 
f 2884//12094 2921//12094 2886//12094 
f 2886//12095 2921//12095 2888//12095 
f 2875//12096 2921//12096 2876//12096 
f 2876//12097 2921//12097 2877//12097 
f 2877//12098 2921//12098 2878//12098 
f 2878//12099 2921//12099 2879//12099 
f 2879//12100 2921//12100 2880//12100 
f 2921//12101 2924//12101 2922//12101 
f 2922//12102 2924//12102 2923//12102 
f 2835//12103 2834//12103 2836//12103 
f 2836//12104 2834//12104 2837//12104 
f 2837//12105 2834//12105 2838//12105 
f 2924//12106 2926//12106 2925//12106 
f 2921//12107 2926//12107 2924//12107 
f 2921//12108 2801//12108 2926//12108 
f 2801//12109 2803//12109 2802//12109 
f 2831//12110 2830//12110 2832//12110 
f 2832//12111 2830//12111 2833//12111 
f 2833//12112 2830//12112 2834//12112 
f 2803//12113 2805//12113 2804//12113 
f 2921//12114 2805//12114 2801//12114 
f 2801//12115 2805//12115 2803//12115 
f 2875//12116 2805//12116 2921//12116 
f 2870//12117 2805//12117 2874//12117 
f 2864//12118 2805//12118 2865//12118 
f 2865//12119 2805//12119 2866//12119 
f 2866//12120 2805//12120 2867//12120 
f 2869//12121 2805//12121 2870//12121 
f 2867//12122 2805//12122 2869//12122 
f 2874//12123 2805//12123 2875//12123 
f 2830//12124 2828//12124 2834//12124 
f 2829//12125 2828//12125 2830//12125 
f 2827//12126 2826//12126 2828//12126 
f 2805//12127 2808//12127 2806//12127 
f 2806//12128 2808//12128 2807//12128 
f 2808//12129 2810//12129 2809//12129 
f 2826//12130 2823//12130 2828//12130 
f 2824//12131 2823//12131 2825//12131 
f 2825//12132 2823//12132 2826//12132 
f 2828//12133 2823//12133 2834//12133 
f 2834//12134 2823//12134 2838//12134 
f 2808//12135 2812//12135 2810//12135 
f 2810//12136 2812//12136 2811//12136 
f 2805//12137 2812//12137 2808//12137 
f 2822//12138 2821//12138 2823//12138 
f 2820//12139 2819//12139 2821//12139 
f 2812//12140 2815//12140 2813//12140 
f 2813//12141 2815//12141 2814//12141 
f 2821//12142 2818//12142 2823//12142 
f 2819//12143 2818//12143 2821//12143 
f 2864//12144 2816//12144 2805//12144 
f 2854//12145 2816//12145 2857//12145 
f 2805//12146 2816//12146 2812//12146 
f 2812//12147 2816//12147 2815//12147 
f 2857//12148 2816//12148 2864//12148 
f 2838//12149 2817//12149 2839//12149 
f 2823//12150 2817//12150 2838//12150 
f 2854//12151 2817//12151 2816//12151 
f 2847//12152 2817//12152 2854//12152 
f 2818//12153 2817//12153 2823//12153 
f 2839//12154 2817//12154 2847//12154 
f 3006//12155 3009//12155 3007//12155 
f 3007//12156 3009//12156 3008//12156 
f 3009//12157 3012//12157 3010//12157 
f 3010//12158 3012//12158 3011//12158 
f 3012//12159 3014//12159 3013//12159 
f 3012//12160 3015//12160 3014//12160 
f 3016//12161 3018//12161 3017//12161 
f 2988//12162 2987//12162 2989//12162 
f 2986//12163 2985//12163 2987//12163 
f 3025//12164 3027//12164 3026//12164 
f 3025//12165 3028//12165 3027//12165 
f 3022//12166 3028//12166 3023//12166 
f 3023//12167 3028//12167 3024//12167 
f 3024//12168 3028//12168 3025//12168 
f 3028//12169 3030//12169 3029//12169 
f 3022//12170 3030//12170 3028//12170 
f 3018//12171 3030//12171 3019//12171 
f 3019//12172 3030//12172 3020//12172 
f 3020//12173 3030//12173 3021//12173 
f 3021//12174 3030//12174 3022//12174 
f 3030//12175 3032//12175 3031//12175 
f 2979//12176 2978//12176 2980//12176 
f 2980//12177 2978//12177 2981//12177 
f 2981//12178 2978//12178 2982//12178 
f 3032//12179 3034//12179 3033//12179 
f 2978//12180 2977//12180 2982//12180 
f 3018//12181 3035//12181 3030//12181 
f 3032//12182 3035//12182 3034//12182 
f 3016//12183 3035//12183 3018//12183 
f 3030//12184 3035//12184 3032//12184 
f 2977//12185 2975//12185 2982//12185 
f 2976//12186 2975//12186 2977//12186 
f 3035//12187 3037//12187 3036//12187 
f 3037//12188 3039//12188 3038//12188 
f 3035//12189 3039//12189 3037//12189 
f 2973//12190 2972//12190 2974//12190 
f 2974//12191 2972//12191 2975//12191 
f 2975//12192 2971//12192 2982//12192 
f 2972//12193 2971//12193 2975//12193 
f 2982//12194 2971//12194 2983//12194 
f 2983//12195 2971//12195 2984//12195 
f 3039//12196 3041//12196 3040//12196 
f 3016//12197 3041//12197 3035//12197 
f 3012//12198 3041//12198 3015//12198 
f 3015//12199 3041//12199 3016//12199 
f 3035//12200 3041//12200 3039//12200 
f 2970//12201 2969//12201 2971//12201 
f 3041//12202 3043//12202 3042//12202 
f 2969//12203 2968//12203 2971//12203 
f 3043//12204 3045//12204 3044//12204 
f 3041//12205 3045//12205 3043//12205 
f 2966//12206 2965//12206 2967//12206 
f 3045//12207 3047//12207 3046//12207 
f 3041//12208 3047//12208 3045//12208 
f 3012//12209 3047//12209 3041//12209 
f 3006//12210 3047//12210 3009//12210 
f 3009//12211 3047//12211 3012//12211 
f 3001//12212 3047//12212 3002//12212 
f 3002//12213 3047//12213 3003//12213 
f 3003//12214 3047//12214 3004//12214 
f 3004//12215 3047//12215 3005//12215 
f 3005//12216 3047//12216 3006//12216 
f 2964//12217 2963//12217 2965//12217 
f 2967//12218 2963//12218 2968//12218 
f 2965//12219 2963//12219 2967//12219 
f 3047//12220 3049//12220 3048//12220 
f 3049//12221 3051//12221 3050//12221 
f 2961//12222 2960//12222 2962//12222 
f 3047//12223 3052//12223 3049//12223 
f 3049//12224 3052//12224 3051//12224 
f 2927//12225 2929//12225 2928//12225 
f 3052//12226 2929//12226 2927//12226 
f 3001//12227 2929//12227 3047//12227 
f 2998//12228 2929//12228 2999//12228 
f 2999//12229 2929//12229 3000//12229 
f 3000//12230 2929//12230 3001//12230 
f 3047//12231 2929//12231 3052//12231 
f 2992//12232 2930//12232 2993//12232 
f 2993//12233 2930//12233 2994//12233 
f 2994//12234 2930//12234 2995//12234 
f 2995//12235 2930//12235 2996//12235 
f 2996//12236 2930//12236 2997//12236 
f 2998//12237 2930//12237 2929//12237 
f 2997//12238 2930//12238 2998//12238 
f 2956//12239 2955//12239 2957//12239 
f 2957//12240 2955//12240 2958//12240 
f 2958//12241 2955//12241 2959//12241 
f 2992//12242 2931//12242 2930//12242 
f 2991//12243 2931//12243 2992//12243 
f 2955//12244 2954//12244 2959//12244 
f 2953//12245 2952//12245 2954//12245 
f 2932//12246 2934//12246 2933//12246 
f 2932//12247 2935//12247 2934//12247 
f 2931//12248 2935//12248 2932//12248 
f 2985//12249 2935//12249 2987//12249 
f 2991//12250 2935//12250 2931//12250 
f 2984//12251 2935//12251 2985//12251 
f 2989//12252 2935//12252 2990//12252 
f 2990//12253 2935//12253 2991//12253 
f 2987//12254 2935//12254 2989//12254 
f 2984//12255 2936//12255 2935//12255 
f 2952//12256 2949//12256 2954//12256 
f 2950//12257 2949//12257 2951//12257 
f 2951//12258 2949//12258 2952//12258 
f 2959//12259 2948//12259 2960//12259 
f 2949//12260 2948//12260 2954//12260 
f 2954//12261 2948//12261 2959//12261 
f 2962//12262 2947//12262 2963//12262 
f 2948//12263 2947//12263 2960//12263 
f 2960//12264 2947//12264 2962//12264 
f 2936//12265 2939//12265 2937//12265 
f 2937//12266 2939//12266 2938//12266 
f 2984//12267 2939//12267 2936//12267 
f 2939//12268 2941//12268 2940//12268 
f 2945//12269 2944//12269 2946//12269 
f 2946//12270 2944//12270 2947//12270 
f 2947//12271 2944//12271 2963//12271 
f 2963//12272 2943//12272 2968//12272 
f 2941//12273 2943//12273 2942//12273 
f 2939//12274 2943//12274 2941//12274 
f 2984//12275 2943//12275 2939//12275 
f 2971//12276 2943//12276 2984//12276 
f 2944//12277 2943//12277 2963//12277 
f 2968//12278 2943//12278 2971//12278 
f 3135//12279 3132//12279 3133//12279 
f 3135//12280 3133//12280 3134//12280 
f 3128//12281 3129//12281 3130//12281 
f 3128//12282 3130//12282 3131//12282 
f 3138//12283 3136//12283 3137//12283 
f 3123//12284 3124//12284 3125//12284 
f 3123//12285 3125//12285 3126//12285 
f 3123//12286 3126//12286 3127//12286 
f 3142//12287 3140//12287 3141//12287 
f 3145//12288 3142//12288 3143//12288 
f 3145//12289 3143//12289 3144//12289 
f 3152//12290 3150//12290 3151//12290 
f 3111//12291 3112//12291 3113//12291 
f 3111//12292 3113//12292 3114//12292 
f 3111//12293 3114//12293 3115//12293 
f 3111//12294 3115//12294 3116//12294 
f 3111//12295 3116//12295 3117//12295 
f 3111//12296 3117//12296 3118//12296 
f 3111//12297 3118//12297 3119//12297 
f 3111//12298 3119//12298 3120//12298 
f 3153//12299 3150//12299 3152//12299 
f 3153//12300 3149//12300 3150//12300 
f 3107//12301 3108//12301 3109//12301 
f 3107//12302 3109//12302 3110//12302 
f 3107//12303 3110//12303 3111//12303 
f 3157//12304 3154//12304 3155//12304 
f 3157//12305 3155//12305 3156//12305 
f 3158//12306 3153//12306 3154//12306 
f 3158//12307 3154//12307 3157//12307 
f 3105//12308 3106//12308 3107//12308 
f 3160//12309 3158//12309 3159//12309 
f 3160//12310 3149//12310 3153//12310 
f 3160//12311 3153//12311 3158//12311 
f 3160//12312 3146//12312 3147//12312 
f 3160//12313 3147//12313 3148//12313 
f 3160//12314 3148//12314 3149//12314 
f 3103//12315 3105//12315 3107//12315 
f 3103//12316 3104//12316 3105//12316 
f 3161//12317 3146//12317 3160//12317 
f 3161//12318 3142//12318 3145//12318 
f 3161//12319 3140//12319 3142//12319 
f 3161//12320 3138//12320 3139//12320 
f 3161//12321 3139//12321 3140//12321 
f 3161//12322 3145//12322 3146//12322 
f 3163//12323 3161//12323 3162//12323 
f 3100//12324 3101//12324 3102//12324 
f 3100//12325 3102//12325 3103//12325 
f 3164//12326 3161//12326 3163//12326 
f 3099//12327 3100//12327 3103//12327 
f 3165//12328 3161//12328 3164//12328 
f 3098//12329 3099//12329 3103//12329 
f 3096//12330 3097//12330 3098//12330 
f 3096//12331 3098//12331 3103//12331 
f 3168//12332 3165//12332 3166//12332 
f 3168//12333 3166//12333 3167//12333 
f 3168//12334 3161//12334 3165//12334 
f 3094//12335 3095//12335 3096//12335 
f 3170//12336 3168//12336 3169//12336 
f 3170//12337 3161//12337 3168//12337 
f 3092//12338 3093//12338 3094//12338 
f 3092//12339 3094//12339 3096//12339 
f 3091//12340 3092//12340 3096//12340 
f 3173//12341 3138//12341 3161//12341 
f 3173//12342 3170//12342 3171//12342 
f 3173//12343 3171//12343 3172//12343 
f 3173//12344 3136//12344 3138//12344 
f 3173//12345 3161//12345 3170//12345 
f 3175//12346 3173//12346 3174//12346 
f 3088//12347 3089//12347 3090//12347 
f 3088//12348 3090//12348 3091//12348 
f 3088//12349 3096//12349 3103//12349 
f 3088//12350 3091//12350 3096//12350 
f 3177//12351 3175//12351 3176//12351 
f 3177//12352 3173//12352 3175//12352 
f 3053//12353 3177//12353 3178//12353 
f 3053//12354 3173//12354 3177//12354 
f 3083//12355 3084//12355 3085//12355 
f 3056//12356 3053//12356 3054//12356 
f 3056//12357 3054//12357 3055//12357 
f 3056//12358 3132//12358 3135//12358 
f 3056//12359 3128//12359 3131//12359 
f 3056//12360 3123//12360 3127//12360 
f 3056//12361 3136//12361 3173//12361 
f 3056//12362 3122//12362 3123//12362 
f 3056//12363 3127//12363 3128//12363 
f 3056//12364 3131//12364 3132//12364 
f 3056//12365 3135//12365 3136//12365 
f 3056//12366 3173//12366 3053//12366 
f 3079//12367 3083//12367 3085//12367 
f 3079//12368 3080//12368 3081//12368 
f 3079//12369 3081//12369 3082//12369 
f 3079//12370 3082//12370 3083//12370 
f 3079//12371 3085//12371 3086//12371 
f 3079//12372 3086//12372 3087//12372 
f 3079//12373 3087//12373 3088//12373 
f 3060//12374 3058//12374 3059//12374 
f 3076//12375 3077//12375 3078//12375 
f 3076//12376 3078//12376 3079//12376 
f 3062//12377 3060//12377 3061//12377 
f 3062//12378 3058//12378 3060//12378 
f 3063//12379 3056//12379 3057//12379 
f 3063//12380 3057//12380 3058//12380 
f 3063//12381 3058//12381 3062//12381 
f 3072//12382 3073//12382 3074//12382 
f 3072//12383 3074//12383 3075//12383 
f 3072//12384 3075//12384 3076//12384 
f 3072//12385 3076//12385 3079//12385 
f 3067//12386 3064//12386 3065//12386 
f 3067//12387 3065//12387 3066//12387 
f 3070//12388 3071//12388 3072//12388 
f 3068//12389 3064//12389 3067//12389 
f 3069//12390 3063//12390 3064//12390 
f 3069//12391 3079//12391 3088//12391 
f 3069//12392 3122//12392 3056//12392 
f 3069//12393 3056//12393 3063//12393 
f 3069//12394 3103//12394 3107//12394 
f 3069//12395 3064//12395 3068//12395 
f 3069//12396 3072//12396 3079//12396 
f 3069//12397 3070//12397 3072//12397 
f 3069//12398 3120//12398 3121//12398 
f 3069//12399 3121//12399 3122//12399 
f 3069//12400 3111//12400 3120//12400 
f 3069//12401 3088//12401 3103//12401 
f 3069//12402 3107//12402 3111//12402 
f 3259//12403 3260//12403 3261//12403 
f 3268//12404 3266//12404 3267//12404 
f 3270//12405 3268//12405 3269//12405 
f 3271//12406 3268//12406 3270//12406 
f 3252//12407 3253//12407 3254//12407 
f 3252//12408 3254//12408 3255//12408 
f 3252//12409 3255//12409 3256//12409 
f 3252//12410 3256//12410 3257//12410 
f 3276//12411 3272//12411 3273//12411 
f 3276//12412 3273//12412 3274//12412 
f 3276//12413 3274//12413 3275//12413 
f 3281//12414 3276//12414 3277//12414 
f 3281//12415 3277//12415 3278//12415 
f 3281//12416 3278//12416 3279//12416 
f 3281//12417 3279//12417 3280//12417 
f 3241//12418 3242//12418 3243//12418 
f 3241//12419 3243//12419 3244//12419 
f 3284//12420 3266//12420 3268//12420 
f 3284//12421 3268//12421 3271//12421 
f 3284//12422 3272//12422 3276//12422 
f 3284//12423 3262//12423 3263//12423 
f 3284//12424 3263//12424 3264//12424 
f 3284//12425 3264//12425 3265//12425 
f 3284//12426 3265//12426 3266//12426 
f 3284//12427 3271//12427 3272//12427 
f 3284//12428 3276//12428 3281//12428 
f 3284//12429 3281//12429 3282//12429 
f 3284//12430 3282//12430 3283//12430 
f 3286//12431 3284//12431 3285//12431 
f 3237//12432 3241//12432 3244//12432 
f 3237//12433 3238//12433 3239//12433 
f 3237//12434 3239//12434 3240//12434 
f 3237//12435 3240//12435 3241//12435 
f 3237//12436 3244//12436 3245//12436 
f 3236//12437 3245//12437 3246//12437 
f 3236//12438 3246//12438 3247//12438 
f 3236//12439 3247//12439 3248//12439 
f 3236//12440 3248//12440 3249//12440 
f 3236//12441 3249//12441 3250//12441 
f 3236//12442 3250//12442 3251//12442 
f 3236//12443 3237//12443 3245//12443 
f 3288//12444 3286//12444 3287//12444 
f 3288//12445 3284//12445 3286//12445 
f 3234//12446 3235//12446 3236//12446 
f 3232//12447 3234//12447 3236//12447 
f 3232//12448 3233//12448 3234//12448 
f 3293//12449 3291//12449 3292//12449 
f 3230//12450 3231//12450 3232//12450 
f 3294//12451 3290//12451 3291//12451 
f 3294//12452 3291//12452 3293//12452 
f 3229//12453 3230//12453 3232//12453 
f 3229//12454 3232//12454 3236//12454 
f 3295//12455 3290//12455 3294//12455 
f 3227//12456 3228//12456 3229//12456 
f 3227//12457 3229//12457 3236//12457 
f 3224//12458 3225//12458 3226//12458 
f 3300//12459 3295//12459 3296//12459 
f 3300//12460 3296//12460 3297//12460 
f 3300//12461 3297//12461 3298//12461 
f 3300//12462 3298//12462 3299//12462 
f 3300//12463 3290//12463 3295//12463 
f 3223//12464 3226//12464 3227//12464 
f 3223//12465 3224//12465 3226//12465 
f 3221//12466 3288//12466 3289//12466 
f 3221//12467 3262//12467 3284//12467 
f 3221//12468 3284//12468 3288//12468 
f 3221//12469 3222//12469 3223//12469 
f 3221//12470 3259//12470 3261//12470 
f 3221//12471 3227//12471 3236//12471 
f 3221//12472 3252//12472 3257//12472 
f 3221//12473 3251//12473 3252//12473 
f 3221//12474 3257//12474 3258//12474 
f 3221//12475 3258//12475 3259//12475 
f 3221//12476 3261//12476 3262//12476 
f 3221//12477 3223//12477 3227//12477 
f 3221//12478 3236//12478 3251//12478 
f 3303//12479 3301//12479 3302//12479 
f 3305//12480 3303//12480 3304//12480 
f 3218//12481 3219//12481 3220//12481 
f 3218//12482 3220//12482 3221//12482 
f 3218//12483 3221//12483 3289//12483 
f 3306//12484 3300//12484 3301//12484 
f 3306//12485 3303//12485 3305//12485 
f 3306//12486 3301//12486 3303//12486 
f 3307//12487 3300//12487 3306//12487 
f 3215//12488 3289//12488 3290//12488 
f 3215//12489 3216//12489 3217//12489 
f 3215//12490 3217//12490 3218//12490 
f 3215//12491 3218//12491 3289//12491 
f 3184//12492 3307//12492 3308//12492 
f 3184//12493 3308//12493 3183//12493 
f 3185//12494 3307//12494 3184//12494 
f 3212//12495 3213//12495 3214//12495 
f 3186//12496 3307//12496 3185//12496 
f 3186//12497 3300//12497 3307//12497 
f 3211//12498 3212//12498 3214//12498 
f 3211//12499 3214//12499 3215//12499 
f 3209//12500 3210//12500 3211//12500 
f 3189//12501 3186//12501 3187//12501 
f 3189//12502 3187//12502 3188//12502 
f 3208//12503 3209//12503 3211//12503 
f 3190//12504 3186//12504 3189//12504 
f 3206//12505 3207//12505 3208//12505 
f 3205//12506 3208//12506 3211//12506 
f 3205//12507 3206//12507 3208//12507 
f 3194//12508 3192//12508 3193//12508 
f 3195//12509 3191//12509 3192//12509 
f 3195//12510 3192//12510 3194//12510 
f 3202//12511 3203//12511 3204//12511 
f 3202//12512 3204//12512 3205//12512 
f 3200//12513 3201//12513 3202//12513 
f 3200//12514 3202//12514 3205//12514 
f 3198//12515 3190//12515 3191//12515 
f 3198//12516 3195//12516 3196//12516 
f 3198//12517 3196//12517 3197//12517 
f 3198//12518 3186//12518 3190//12518 
f 3198//12519 3191//12519 3195//12519 
f 3199//12520 3215//12520 3290//12520 
f 3199//12521 3211//12521 3215//12521 
f 3199//12522 3300//12522 3186//12522 
f 3199//12523 3200//12523 3205//12523 
f 3199//12524 3205//12524 3211//12524 
f 3199//12525 3186//12525 3198//12525 
f 3199//12526 3290//12526 3300//12526 
f 3706//12527 4100//12527 3705//12527 
f 6269//12528 4100//12528 3706//12528 
f 6270//12529 4100//12529 6269//12529 
f 3707//12530 6269//12530 3706//12530 
f 4038//12531 3707//12531 3342//12531 
f 6271//12532 3707//12532 4038//12532 
f 6271//12533 6269//12533 3707//12533 
f 6272//12534 4100//12534 6270//12534 
f 6273//12535 6271//12535 4038//12535 
f 5216//12536 6272//12536 6274//12536 
f 5216//12537 4100//12537 6272//12537 
f 6275//12538 6270//12538 6273//12538 
f 6275//12539 6272//12539 6270//12539 
f 6276//12540 5216//12540 6274//12540 
f 5153//12541 6276//12541 6275//12541 
f 5153//12542 6275//12542 6273//12542 
f 5153//12543 6273//12543 4038//12543 
f 5153//12544 5216//12544 6276//12544 
f 6271//12545 6277//12545 6269//12545 
f 6269//12546 6277//12546 6278//12546 
f 6269//12547 6278//12547 6270//12547 
f 6270//12548 6278//12548 6279//12548 
f 6277//12549 6271//12549 6273//12549 
f 6277//12550 6273//12550 6280//12550 
f 6280//12551 6273//12551 6270//12551 
f 6280//12552 6270//12552 6279//12552 
f 6275//12553 6281//12553 6272//12553 
f 6272//12554 6281//12554 6282//12554 
f 6281//12555 6275//12555 6276//12555 
f 6281//12556 6276//12556 6283//12556 
f 6283//12557 6276//12557 6274//12557 
f 6283//12558 6274//12558 6284//12558 
f 6272//12559 6282//12559 6274//12559 
f 6274//12560 6282//12560 6284//12560 
f 6277//12561 6279//12561 6278//12561 
f 6280//12562 6279//12562 6277//12562 
f 6283//12563 6284//12563 6282//12563 
f 6283//12564 6282//12564 6281//12564 
