# FreeCAD v1.0 build2 Arch module
# https://www.freecad.org
mtllib CardTray_1tray_100cards.mtl
o CardTrays
usemtl color_acb5bc
v 0.0 107.199997 0.0
v 0.0 105.144569 13.830929
v 0.0 105.26236 13.945819
v 0.0 105.374275 14.066437
v 0.0 105.021202 13.722054
v 0.0 105.480042 14.192484
v 0.0 104.892555 13.619463
v 0.0 105.579399 14.323646
v 0.0 104.758957 13.523412
v 0.0 105.672089 14.459598
v 0.0 104.620735 13.43414
v 0.0 105.757881 14.6
v 0.0 104.478241 13.351869
v 0.0 105.836578 14.744505
v 0.0 104.331818 13.276803
v 0.0 105.907967 14.892753
v 0.0 104.181831 13.209128
v 0.0 105.971886 15.044374
v 0.0 104.028664 13.149014
v 0.0 106.02816 15.198994
v 0.0 103.872688 13.09661
v 0.0 106.07666 15.356227
v 0.0 103.714302 13.052045
v 0.0 106.117264 15.515681
v 0.0 103.553879 13.01543
v 0.0 106.149864 15.676961
v 0.0 103.391838 12.986858
v 0.0 106.174393 15.839665
v 0.0 103.228577 12.966398
v 0.0 106.190773 16.003391
v 0.0 103.064491 12.954103
v 0.0 106.198975 16.167728
v 0.0 102.900002 12.95
v 0.0 102.735512 12.954103
v 0.0 102.571426 12.966398
v 0.0 102.408157 12.986858
v 0.0 102.246117 13.01543
v 0.0 102.085701 13.052045
v 0.0 101.927307 13.09661
v 0.0 101.771332 13.149014
v 0.0 101.618164 13.209128
v 0.0 101.468185 13.276803
v 0.0 101.321762 13.351869
v 0.0 101.17926 13.43414
v 0.0 101.041046 13.523412
v 0.0 100.907448 13.619463
v 0.0 100.778801 13.722054
v 0.0 100.655434 13.830929
v 0.0 100.537636 13.945819
v 0.0 100.42572 14.066437
v 0.0 100.319954 14.192484
v 0.0 100.220604 14.323646
v 0.0 100.127914 14.459598
v -0.0 107.199997 32.0
v -0.0 106.198975 16.332272
v -0.0 106.190773 16.496609
v -0.0 106.174393 16.660334
v -0.0 106.149864 16.823038
v -0.0 106.117264 16.98432
v -0.0 106.07666 17.143774
v -0.0 106.02816 17.301006
v -0.0 105.971886 17.455626
v -0.0 105.907967 17.607248
v -0.0 105.836578 17.755495
v -0.0 105.757881 17.9
v -0.0 105.672089 18.040403
v -0.0 105.579399 18.176353
v -0.0 105.480042 18.307516
v -0.0 105.374275 18.433563
v -0.0 105.26236 18.554182
v -0.0 105.144569 18.669071
v -0.0 105.021202 18.777946
v -0.0 104.892555 18.880537
v -0.0 104.758957 18.976587
v -0.0 104.620735 19.065861
v -0.0 104.478241 19.14813
v -0.0 104.331818 19.223198
v -0.0 104.181831 19.290871
v -0.0 104.028664 19.350986
v -0.0 103.872688 19.403391
v -0.0 103.714302 19.447954
v -0.0 103.553879 19.48457
v -0.0 103.391838 19.513142
v -0.0 103.228577 19.533602
v -0.0 103.064491 19.545898
v -0.0 102.900002 19.549999
v -0.0 102.735512 19.545898
v -0.0 102.571426 19.533602
v -0.0 102.408157 19.513142
v -0.0 102.246117 19.48457
v -0.0 102.085701 19.447954
v -0.0 101.927307 19.403391
v -0.0 101.771332 19.350986
v -0.0 101.618164 19.290871
v -0.0 101.468185 19.223198
v -0.0 101.321762 19.14813
v -0.0 101.17926 19.065861
v -0.0 101.041046 18.976587
v -0.0 100.907448 18.880537
v -0.0 100.778801 18.777946
v -0.0 100.655434 18.669071
v -0.0 100.537636 18.554182
v -0.0 100.42572 18.433563
v -0.0 100.319954 18.307516
v -0.0 100.220604 18.176353
v 0.0 0.0 0.0
v 0.0 6.54457 13.830929
v 0.0 6.662361 13.945819
v 0.0 6.774278 14.066437
v 0.0 6.421199 13.722054
v 0.0 6.880044 14.192484
v 0.0 6.292554 13.619463
v 0.0 6.979395 14.323646
v 0.0 6.158956 13.523412
v 0.0 7.072085 14.459598
v 0.0 6.020736 13.43414
v 0.0 100.042114 14.6
v 0.0 7.157884 14.6
v 0.0 99.963425 14.744505
v 0.0 5.878238 13.351869
v 0.0 7.236577 14.744505
v 0.0 5.731816 13.276803
v 0.0 7.307969 14.892753
v 0.0 99.892029 14.892753
v 0.0 5.581835 13.209128
v 0.0 7.371883 15.044374
v 0.0 99.828117 15.044374
v 0.0 5.428667 13.149014
v 0.0 99.771843 15.198994
v 0.0 7.42816 15.198994
v 0.0 99.723343 15.356227
v 0.0 5.272692 13.09661
v 0.0 7.47666 15.356227
v 0.0 5.114299 13.052045
v 0.0 7.517262 15.515681
v 0.0 99.682739 15.515681
v 0.0 4.953882 13.01543
v 0.0 7.549866 15.676961
v 0.0 99.650131 15.676961
v 0.0 4.79184 12.986858
v 0.0 7.574389 15.839665
v 0.0 99.62561 15.839665
v 0.0 4.628574 12.966398
v 0.0 7.590773 16.003391
v 0.0 99.60923 16.003391
v 0.0 4.464491 12.954103
v 0.0 7.598974 16.167728
v 0.0 99.601028 16.167728
v 0.0 4.3 12.95
v -0.0 7.598974 16.332272
v -0.0 99.601028 16.332272
v 0.0 4.135509 12.954103
v -0.0 7.590773 16.496609
v -0.0 99.60923 16.496609
v 0.0 3.971426 12.966398
v -0.0 7.574389 16.660334
v -0.0 99.62561 16.660334
v 0.0 3.808161 12.986858
v -0.0 7.549866 16.823038
v -0.0 99.650131 16.823038
v 0.0 3.646118 13.01543
v -0.0 7.517262 16.98432
v -0.0 99.682739 16.98432
v -0.0 99.723343 17.143774
v 0.0 3.485701 13.052045
v -0.0 7.47666 17.143774
v 0.0 3.327308 13.09661
v -0.0 7.42816 17.301006
v -0.0 99.771843 17.301006
v 0.0 3.171334 13.149014
v -0.0 7.371883 17.455626
v -0.0 99.828117 17.455626
v 0.0 3.018165 13.209128
v -0.0 7.307969 17.607248
v -0.0 99.892029 17.607248
v 0.0 2.868184 13.276803
v -0.0 7.236577 17.755495
v -0.0 99.963425 17.755495
v 0.0 2.721762 13.351869
v -0.0 7.157884 17.9
v -0.0 100.042114 17.9
v 0.0 2.579264 13.43414
v -0.0 7.072085 18.040403
v -0.0 100.127914 18.040403
v 0.0 2.441044 13.523412
v -0.0 6.979395 18.176353
v 0.0 2.307446 13.619463
v 0.0 2.178801 13.722054
v 0.0 2.05543 13.830929
v 0.0 1.937639 13.945819
v 0.0 1.825722 14.066437
v 0.0 1.719956 14.192484
v 0.0 1.620605 14.323646
v 0.0 1.527914 14.459598
v 0.0 1.442116 14.6
v 0.0 1.363423 14.744505
v 0.0 1.292031 14.892753
v 0.0 1.228117 15.044374
v 0.0 1.17184 15.198994
v 0.0 1.12334 15.356227
v 0.0 1.082738 15.515681
v 0.0 1.050134 15.676961
v 0.0 1.025611 15.839665
v 0.0 1.009228 16.003391
v -0.0 2.868184 19.223198
v -0.0 0.0 32.0
v -0.0 3.018165 19.290871
v -0.0 2.721762 19.14813
v -0.0 2.579264 19.065861
v -0.0 2.441044 18.976587
v -0.0 2.307446 18.880537
v -0.0 2.178801 18.777946
v -0.0 2.05543 18.669071
v -0.0 1.937639 18.554182
v -0.0 1.825722 18.433563
v -0.0 1.719956 18.307516
v -0.0 1.620605 18.176353
v -0.0 1.527914 18.040403
v -0.0 1.442116 17.9
v -0.0 1.363423 17.755495
v -0.0 1.292031 17.607248
v -0.0 1.228117 17.455626
v -0.0 1.17184 17.301006
v -0.0 1.12334 17.143774
v -0.0 1.082738 16.98432
v -0.0 1.050134 16.823038
v -0.0 1.025611 16.660334
v -0.0 1.009228 16.496609
v -0.0 6.880044 18.307516
v -0.0 6.774278 18.433563
v -0.0 6.662361 18.554182
v -0.0 6.54457 18.669071
v -0.0 6.421199 18.777946
v -0.0 6.292554 18.880537
v -0.0 6.158956 18.976587
v -0.0 6.020736 19.065861
v -0.0 5.878238 19.14813
v -0.0 5.731816 19.223198
v -0.0 5.581835 19.290871
v -0.0 5.428667 19.350986
v -0.0 5.272692 19.403391
v -0.0 5.114299 19.447954
v -0.0 4.953882 19.48457
v -0.0 4.79184 19.513142
v -0.0 4.628574 19.533602
v -0.0 4.464491 19.545898
v -0.0 4.3 19.549999
v -0.0 4.135509 19.545898
v -0.0 3.971426 19.533602
v -0.0 3.808161 19.513142
v -0.0 3.646118 19.48457
v -0.0 3.485701 19.447954
v -0.0 3.327308 19.403391
v -0.0 3.171334 19.350986
v 0.0 1.001026 16.167728
v -0.0 1.001026 16.332272
v 21.0 0.0 22.5
v 21.0 0.0 2.5
v 20.89563 -0.0 23.941008
v 20.814705 -0.0 24.416132
v 20.953569 -0.0 23.462536
v 20.710981 -0.0 24.886805
v 20.988386 -0.0 22.981827
v 20.5847 -0.0 25.351934
v 14.122499 -0.0 32.0
v 15.022409 -0.0 31.655338
v 14.576608 -0.0 31.838516
v 15.458866 -0.0 31.450895
v 20.073698 -0.0 26.703331
v 19.860632 -0.0 27.135645
v 20.265688 -0.0 26.261253
v 20.436153 -0.0 25.81044
v 15.884966 -0.0 31.225658
v 19.626982 -0.0 27.55719
v 16.70216 -0.0 30.714949
v 16.299719 -0.0 30.980152
v 18.808199 -0.0 28.747562
v 19.100155 -0.0 28.364086
v 19.373293 -0.0 27.966988
v 17.466402 -0.0 30.127953
v 17.091354 -0.0 30.430662
v 18.170593 -0.0 29.470121
v 17.826426 -0.0 29.807524
v 18.498104 -0.0 29.116526
v 67.0 0.0 0.0
v 46.0 0.0 22.5
v 46.0 0.0 2.5
v 46.046432 -0.0 23.462536
v 46.011616 -0.0 22.981827
v 46.10437 -0.0 23.941008
v 46.289017 -0.0 24.886805
v 46.185295 -0.0 24.416132
v 46.563847 -0.0 25.81044
v 46.415298 -0.0 25.351934
v 46.734314 -0.0 26.261253
v 46.9263 -0.0 26.703331
v 47.373016 -0.0 27.55719
v 47.13937 -0.0 27.135645
v 48.191803 -0.0 28.747562
v 47.626705 -0.0 27.966988
v 47.899845 -0.0 28.364086
v 49.173573 -0.0 29.807524
v 48.501896 -0.0 29.116526
v 48.829407 -0.0 29.470121
v 49.908646 -0.0 30.430662
v 49.5336 -0.0 30.127953
v 50.29784 -0.0 30.714949
v 50.700283 -0.0 30.980152
v 51.541134 -0.0 31.450895
v 51.115032 -0.0 31.225658
v 52.877502 -0.0 32.0
v 51.977592 -0.0 31.655338
v 52.423393 -0.0 31.838516
v 67.0 0.0 32.0
v 0.000385 107.199615 32.01963
v 0.000385 0.000385 32.01963
v 0.001498 107.198502 32.038681
v 0.001498 0.001498 32.038681
v 0.003336 0.003336 32.057659
v 0.003336 107.196663 32.057659
v 0.0059 0.0059 32.076584
v 0.0059 107.194099 32.076584
v 0.009195 107.190804 32.095448
v 0.009195 0.009195 32.095448
v 0.013223 107.186775 32.114227
v 0.013223 0.013223 32.114227
v 0.017989 107.182014 32.132912
v 0.017989 0.017989 32.132912
v 0.022914 107.177086 32.149628
v 0.022914 0.022914 32.149628
v 0.029094 0.029094 32.168068
v 0.029094 107.170906 32.168068
v 0.035987 0.035987 32.186256
v 0.035987 107.164017 32.186256
v 0.043681 0.043681 32.204384
v 0.043681 107.156319 32.204384
v 0.052335 0.052335 32.222702
v 0.052335 107.147667 32.222702
v 0.06157 0.06157 32.240372
v 0.06157 107.138428 32.240372
v 0.071799 0.071799 32.258156
v 0.071799 107.128204 32.258156
v 0.083808 0.083808 32.2771
v 0.083808 107.116196 32.2771
v 0.097037 0.097037 32.296009
v 0.097037 107.102966 32.296009
v 0.108718 0.108718 32.311283
v 0.108718 107.091286 32.311283
v 0.123687 0.123687 32.329224
v 0.123687 107.076309 32.329224
v 0.138281 0.138281 32.345196
v 0.138281 107.061722 32.345196
v 0.153553 0.153553 32.360519
v 0.153553 107.046448 32.360519
v 0.169473 0.169473 32.375168
v 0.169473 107.030525 32.375168
v 0.186012 0.186012 32.389114
v 0.186012 107.013985 32.389114
v 0.203138 0.203138 32.402336
v 0.203138 106.996864 32.402336
v 0.220821 0.220821 32.414799
v 0.220821 106.979179 32.414799
v 0.239026 0.239026 32.426487
v 0.239026 106.960976 32.426487
v 0.25772 0.25772 32.437378
v 0.25772 106.942284 32.437378
v 0.276867 0.276867 32.447449
v 0.276867 106.923134 32.447449
v 0.296432 0.296432 32.456684
v 0.296432 106.903564 32.456684
v 0.316379 0.316379 32.465061
v 0.316379 106.883621 32.465061
v 0.336669 0.336669 32.472572
v 0.336669 106.863335 32.472572
v 0.357264 0.357264 32.479195
v 0.357264 106.842735 32.479195
v 0.378128 0.378128 32.484921
v 0.378128 106.821869 32.484921
v 0.399219 0.399219 32.489738
v 0.399219 106.800781 32.489738
v 0.420499 106.779503 32.493641
v 0.420499 0.420499 32.493641
v 0.441928 106.758072 32.496616
v 0.441928 0.441928 32.496616
v 0.463465 106.736534 32.498665
v 0.463465 0.463465 32.498665
v 0.48172 106.718277 32.499664
v 0.48172 0.48172 32.499664
v 0.5 106.699997 32.5
v 0.5 0.5 32.5
v 2.630929 2.05543 0.0
v 2.745819 1.937639 0.0
v 2.866437 1.825722 0.0
v 2.522053 2.178801 0.0
v 2.992484 1.719956 0.0
v 2.419463 2.307446 0.0
v 3.123646 1.620605 0.0
v 2.323412 2.441044 0.0
v 3.259597 1.527914 0.0
v 2.23414 2.579264 0.0
v 3.4 1.442116 0.0
v 2.151869 2.721762 0.0
v 3.544505 1.363423 0.0
v 2.076803 2.868184 0.0
v 3.692753 1.292031 0.0
v 2.009129 3.018165 0.0
v 3.844375 1.228117 0.0
v 1.949014 3.171334 0.0
v 3.998994 1.17184 0.0
v 1.89661 3.327308 0.0
v 4.156227 1.12334 0.0
v 1.852045 3.485701 0.0
v 4.315681 1.082738 0.0
v 1.815431 3.646118 0.0
v 4.476961 1.050134 0.0
v 1.786858 3.808161 0.0
v 4.639666 1.025611 0.0
v 1.766398 3.971426 0.0
v 4.803391 1.009228 0.0
v 1.754102 4.135509 0.0
v 4.967729 1.001026 0.0
v 1.75 4.3 0.0
v 5.132271 1.001026 0.0
v 1.754102 4.464491 0.0
v 5.296609 1.009228 0.0
v 1.766398 4.628574 0.0
v 5.460334 1.025611 0.0
v 1.786858 4.79184 0.0
v 5.623039 1.050134 0.0
v 1.815431 4.953882 0.0
v 1.852045 5.114299 0.0
v 1.89661 5.272692 0.0
v 7.469071 2.05543 0.0
v 59.53093 2.05543 0.0
v 7.354181 1.937639 0.0
v 59.645817 1.937639 0.0
v 59.766438 1.825722 0.0
v 7.233563 1.825722 0.0
v 7.577947 2.178801 0.0
v 59.422054 2.178801 0.0
v 59.892483 1.719956 0.0
v 7.107516 1.719956 0.0
v 59.319462 2.307446 0.0
v 7.680537 2.307446 0.0
v 60.023647 1.620605 0.0
v 6.976354 1.620605 0.0
v 7.776588 2.441044 0.0
v 59.223412 2.441044 0.0
v 60.159595 1.527914 0.0
v 6.840403 1.527914 0.0
v 7.86586 2.579264 0.0
v 59.13414 2.579264 0.0
v 60.299999 1.442116 0.0
v 6.7 1.442116 0.0
v 7.948131 2.721762 0.0
v 59.051868 2.721762 0.0
v 6.555495 1.363423 0.0
v 60.444504 1.363423 0.0
v 6.407248 1.292031 0.0
v 8.023197 2.868184 0.0
v 58.976803 2.868184 0.0
v 60.592754 1.292031 0.0
v 6.255625 1.228117 0.0
v 8.090872 3.018165 0.0
v 58.90913 3.018165 0.0
v 60.744373 1.228117 0.0
v 58.849014 3.171334 0.0
v 8.150986 3.171334 0.0
v 6.101006 1.17184 0.0
v 60.898994 1.17184 0.0
v 5.943774 1.12334 0.0
v 8.20339 3.327308 0.0
v 58.796608 3.327308 0.0
v 61.056225 1.12334 0.0
v 8.247955 3.485701 0.0
v 58.752045 3.485701 0.0
v 8.284569 3.646118 0.0
v 61.215679 1.082738 0.0
v 5.784319 1.082738 0.0
v 58.715431 3.646118 0.0
v 61.376961 1.050134 0.0
v 8.313142 3.808161 0.0
v 58.686859 3.808161 0.0
v 58.666397 3.971426 0.0
v 8.333602 3.971426 0.0
v 58.654102 4.135509 0.0
v 8.345898 4.135509 0.0
v 58.650002 4.3 0.0
v 8.35 4.3 0.0
v 8.345898 4.464491 0.0
v 58.654102 4.464491 0.0
v 8.333602 4.628574 0.0
v 58.666397 4.628574 0.0
v 58.686859 4.79184 0.0
v 8.313142 4.79184 0.0
v 8.284569 4.953882 0.0
v 58.715431 4.953882 0.0
v 8.247955 5.114299 0.0
v 58.752045 5.114299 0.0
v 8.20339 5.272692 0.0
v 58.796608 5.272692 0.0
v 8.150986 5.428667 0.0
v 58.849014 5.428667 0.0
v 8.090872 5.581835 0.0
v 58.90913 5.581835 0.0
v 8.023197 5.731816 0.0
v 58.976803 5.731816 0.0
v 7.948131 5.878238 0.0
v 59.051868 5.878238 0.0
v 7.86586 6.020736 0.0
v 59.13414 6.020736 0.0
v 7.776588 6.158956 0.0
v 59.223412 6.158956 0.0
v 7.680537 6.292554 0.0
v 59.319462 6.292554 0.0
v 7.577947 6.421199 0.0
v 59.422054 6.421199 0.0
v 7.469071 6.54457 0.0
v 59.53093 6.54457 0.0
v 7.354181 6.662361 0.0
v 59.645817 6.662361 0.0
v 7.233563 6.774278 0.0
v 59.766438 6.774278 0.0
v 7.107516 6.880044 0.0
v 59.892483 6.880044 0.0
v 61.539665 1.025611 0.0
v 61.703392 1.009228 0.0
v 61.867729 1.001026 0.0
v 62.032272 1.001026 0.0
v 62.196609 1.009228 0.0
v 62.360332 1.025611 0.0
v 62.523041 1.050134 0.0
v 62.684319 1.082738 0.0
v 62.843773 1.12334 0.0
v 63.001007 1.17184 0.0
v 63.155624 1.228117 0.0
v 63.307247 1.292031 0.0
v 63.455494 1.363423 0.0
v 63.599998 1.442116 0.0
v 63.740402 1.527914 0.0
v 63.876354 1.620605 0.0
v 64.007515 1.719956 0.0
v 64.13356 1.825722 0.0
v 64.254181 1.937639 0.0
v 64.369072 2.05543 0.0
v 64.477943 2.178801 0.0
v 64.580536 2.307446 0.0
v 6.976354 6.979395 0.0
v 60.023647 6.979395 0.0
v 64.67659 2.441044 0.0
v 6.840403 7.072085 0.0
v 60.159595 7.072085 0.0
v 64.765862 2.579264 0.0
v 6.7 7.157884 0.0
v 60.299999 7.157884 0.0
v 64.848129 2.721762 0.0
v 64.923195 2.868184 0.0
v 64.990875 3.018165 0.0
v 65.050987 3.171334 0.0
v 65.103394 3.327308 0.0
v 65.147957 3.485701 0.0
v 65.18457 3.646118 0.0
v 65.213142 3.808161 0.0
v 65.233604 3.971426 0.0
v 65.245895 4.135509 0.0
v 65.25 4.3 0.0
v 65.245895 4.464491 0.0
v 65.233604 4.628574 0.0
v 65.213142 4.79184 0.0
v 65.18457 4.953882 0.0
v 65.147957 5.114299 0.0
v 65.103394 5.272692 0.0
v 2.745819 6.662361 0.0
v 2.630929 100.655434 0.0
v 2.745819 100.537636 0.0
v 2.630929 6.54457 0.0
v 2.866437 100.42572 0.0
v 2.866437 6.774278 0.0
v 2.522053 100.778801 0.0
v 2.522053 6.421199 0.0
v 2.992484 100.319954 0.0
v 2.992484 6.880044 0.0
v 2.419463 6.292554 0.0
v 2.419463 100.907448 0.0
v 3.123646 100.220604 0.0
v 3.123646 6.979395 0.0
v 2.323412 101.041046 0.0
v 2.323412 6.158956 0.0
v 3.259597 7.072085 0.0
v 3.259597 100.127914 0.0
v 3.4 7.157884 0.0
v 2.23414 6.020736 0.0
v 2.23414 101.17926 0.0
v 3.4 100.042114 0.0
v 2.151869 101.321762 0.0
v 2.151869 5.878238 0.0
v 3.544505 99.963425 0.0
v 3.544505 7.236577 0.0
v 2.076803 5.731816 0.0
v 2.076803 101.468185 0.0
v 3.692753 99.892029 0.0
v 3.692753 7.307969 0.0
v 2.009129 101.618164 0.0
v 2.009129 5.581835 0.0
v 3.844375 7.371883 0.0
v 3.844375 99.828117 0.0
v 3.998994 7.42816 0.0
v 1.949014 101.771332 0.0
v 1.949014 5.428667 0.0
v 3.998994 99.771843 0.0
v 4.156227 99.723343 0.0
v 4.156227 7.47666 0.0
v 4.315681 7.517262 0.0
v 4.315681 99.682739 0.0
v 4.476961 7.549866 0.0
v 4.476961 99.650131 0.0
v 4.639666 99.62561 0.0
v 4.639666 7.574389 0.0
v 4.803391 99.60923 0.0
v 4.803391 7.590773 0.0
v 4.967729 99.601028 0.0
v 4.967729 7.598974 0.0
v 5.132271 99.601028 0.0
v 5.132271 7.598974 0.0
v 5.296609 99.60923 0.0
v 5.296609 7.590773 0.0
v 5.460334 7.574389 0.0
v 5.460334 99.62561 0.0
v 5.623039 7.549866 0.0
v 5.623039 99.650131 0.0
v 5.784319 99.682739 0.0
v 5.784319 7.517262 0.0
v 5.943774 99.723343 0.0
v 5.943774 7.47666 0.0
v 6.101006 99.771843 0.0
v 6.101006 7.42816 0.0
v 6.255625 99.828117 0.0
v 6.255625 7.371883 0.0
v 6.407248 99.892029 0.0
v 6.407248 7.307969 0.0
v 6.555495 99.963425 0.0
v 6.555495 7.236577 0.0
v 6.7 100.042114 0.0
v 2.23414 104.620735 0.0
v 2.323412 104.758957 0.0
v 2.151869 104.478241 0.0
v 2.076803 104.331818 0.0
v 2.009129 104.181831 0.0
v 1.949014 104.028664 0.0
v 1.89661 103.872688 0.0
v 1.852045 103.714302 0.0
v 1.815431 103.553879 0.0
v 1.786858 103.391838 0.0
v 1.766398 103.228577 0.0
v 1.754102 103.064491 0.0
v 1.75 102.900002 0.0
v 1.754102 102.735512 0.0
v 1.766398 102.571426 0.0
v 1.786858 102.408157 0.0
v 1.815431 102.246117 0.0
v 1.852045 102.085701 0.0
v 1.89661 101.927307 0.0
v 2.419463 104.892555 0.0
v 2.522053 105.021202 0.0
v 2.630929 105.144569 0.0
v 2.745819 105.26236 0.0
v 2.866437 105.374275 0.0
v 2.992484 105.480042 0.0
v 3.123646 105.579399 0.0
v 3.259597 105.672089 0.0
v 3.4 105.757881 0.0
v 3.544505 105.836578 0.0
v 3.692753 105.907967 0.0
v 3.844375 105.971886 0.0
v 3.998994 106.02816 0.0
v 4.156227 106.07666 0.0
v 4.315681 106.117264 0.0
v 4.476961 106.149864 0.0
v 4.639666 106.174393 0.0
v 4.803391 106.190773 0.0
v 4.967729 106.198975 0.0
v 5.132271 106.198975 0.0
v 5.296609 106.190773 0.0
v 5.460334 106.174393 0.0
v 7.354181 100.537636 0.0
v 59.53093 100.655434 0.0
v 59.645817 100.537636 0.0
v 7.469071 100.655434 0.0
v 59.766438 100.42572 0.0
v 7.233563 100.42572 0.0
v 7.107516 100.319954 0.0
v 7.577947 100.778801 0.0
v 59.422054 100.778801 0.0
v 7.680537 100.907448 0.0
v 59.892483 100.319954 0.0
v 59.319462 100.907448 0.0
v 60.023647 100.220604 0.0
v 6.976354 100.220604 0.0
v 59.223412 101.041046 0.0
v 7.776588 101.041046 0.0
v 60.159595 100.127914 0.0
v 6.840403 100.127914 0.0
v 59.13414 101.17926 0.0
v 7.86586 101.17926 0.0
v 60.299999 100.042114 0.0
v 59.051868 101.321762 0.0
v 7.948131 101.321762 0.0
v 60.444504 99.963425 0.0
v 60.444504 7.236577 0.0
v 60.592754 7.307969 0.0
v 58.976803 101.468185 0.0
v 8.023197 101.468185 0.0
v 60.592754 99.892029 0.0
v 58.90913 101.618164 0.0
v 8.090872 101.618164 0.0
v 8.150986 101.771332 0.0
v 60.744373 99.828117 0.0
v 60.744373 7.371883 0.0
v 58.849014 101.771332 0.0
v 60.898994 7.42816 0.0
v 60.898994 99.771843 0.0
v 61.056225 7.47666 0.0
v 8.20339 101.927307 0.0
v 58.796608 101.927307 0.0
v 61.056225 99.723343 0.0
v 8.247955 102.085701 0.0
v 58.752045 102.085701 0.0
v 8.284569 102.246117 0.0
v 61.215679 99.682739 0.0
v 61.215679 7.517262 0.0
v 61.376961 7.549866 0.0
v 58.715431 102.246117 0.0
v 61.376961 99.650131 0.0
v 61.539665 7.574389 0.0
v 8.313142 102.408157 0.0
v 58.686859 102.408157 0.0
v 61.539665 99.62561 0.0
v 58.666397 102.571426 0.0
v 8.333602 102.571426 0.0
v 61.703392 99.60923 0.0
v 61.703392 7.590773 0.0
v 58.654102 102.735512 0.0
v 8.345898 102.735512 0.0
v 8.35 102.900002 0.0
v 61.867729 99.601028 0.0
v 61.867729 7.598974 0.0
v 58.650002 102.900002 0.0
v 62.032272 99.601028 0.0
v 62.032272 7.598974 0.0
v 58.654102 103.064491 0.0
v 8.345898 103.064491 0.0
v 62.196609 99.60923 0.0
v 62.196609 7.590773 0.0
v 58.666397 103.228577 0.0
v 8.333602 103.228577 0.0
v 8.313142 103.391838 0.0
v 62.360332 99.62561 0.0
v 62.360332 7.574389 0.0
v 58.686859 103.391838 0.0
v 62.523041 99.650131 0.0
v 62.523041 7.549866 0.0
v 58.715431 103.553879 0.0
v 8.284569 103.553879 0.0
v 62.684319 99.682739 0.0
v 62.684319 7.517262 0.0
v 62.843773 7.47666 0.0
v 58.752045 103.714302 0.0
v 8.247955 103.714302 0.0
v 62.843773 99.723343 0.0
v 58.796608 103.872688 0.0
v 8.20339 103.872688 0.0
v 8.150986 104.028664 0.0
v 63.001007 99.771843 0.0
v 63.001007 7.42816 0.0
v 58.849014 104.028664 0.0
v 63.155624 99.828117 0.0
v 63.155624 7.371883 0.0
v 8.090872 104.181831 0.0
v 58.90913 104.181831 0.0
v 8.023197 104.331818 0.0
v 63.307247 99.892029 0.0
v 63.307247 7.307969 0.0
v 58.976803 104.331818 0.0
v 63.455494 99.963425 0.0
v 63.455494 7.236577 0.0
v 59.051868 104.478241 0.0
v 7.948131 104.478241 0.0
v 63.599998 7.157884 0.0
v 63.599998 100.042114 0.0
v 63.740402 7.072085 0.0
v 59.13414 104.620735 0.0
v 7.86586 104.620735 0.0
v 63.740402 100.127914 0.0
v 7.776588 104.758957 0.0
v 59.223412 104.758957 0.0
v 63.876354 100.220604 0.0
v 63.876354 6.979395 0.0
v 64.007515 6.880044 0.0
v 59.319462 104.892555 0.0
v 7.680537 104.892555 0.0
v 64.007515 100.319954 0.0
v 7.577947 105.021202 0.0
v 59.422054 105.021202 0.0
v 7.469071 105.144569 0.0
v 64.13356 6.774278 0.0
v 64.13356 100.42572 0.0
v 64.254181 6.662361 0.0
v 59.53093 105.144569 0.0
v 64.254181 100.537636 0.0
v 7.354181 105.26236 0.0
v 59.645817 105.26236 0.0
v 7.233563 105.374275 0.0
v 64.369072 6.54457 0.0
v 64.369072 100.655434 0.0
v 64.477943 6.421199 0.0
v 59.766438 105.374275 0.0
v 64.477943 100.778801 0.0
v 64.580536 6.292554 0.0
v 7.107516 105.480042 0.0
v 59.892483 105.480042 0.0
v 64.580536 100.907448 0.0
v 6.976354 105.579399 0.0
v 60.023647 105.579399 0.0
v 64.67659 101.041046 0.0
v 64.67659 6.158956 0.0
v 6.840403 105.672089 0.0
v 60.159595 105.672089 0.0
v 64.765862 101.17926 0.0
v 64.765862 6.020736 0.0
v 64.848129 5.878238 0.0
v 60.299999 105.757881 0.0
v 6.7 105.757881 0.0
v 64.848129 101.321762 0.0
v 60.444504 105.836578 0.0
v 6.555495 105.836578 0.0
v 64.923195 101.468185 0.0
v 64.923195 5.731816 0.0
v 64.990875 5.581835 0.0
v 64.990875 101.618164 0.0
v 65.050987 5.428667 0.0
v 65.050987 101.771332 0.0
v 65.213142 102.408157 0.0
v 67.0 107.199997 0.0
v 65.18457 102.246117 0.0
v 63.455494 105.836578 0.0
v 63.599998 105.757881 0.0
v 65.233604 102.571426 0.0
v 63.307247 105.907967 0.0
v 65.245895 102.735512 0.0
v 63.155624 105.971886 0.0
v 65.25 102.900002 0.0
v 63.001007 106.02816 0.0
v 62.843773 106.07666 0.0
v 62.684319 106.117264 0.0
v 62.523041 106.149864 0.0
v 62.360332 106.174393 0.0
v 62.196609 106.190773 0.0
v 62.032272 106.198975 0.0
v 61.867729 106.198975 0.0
v 61.703392 106.190773 0.0
v 61.539665 106.174393 0.0
v 65.245895 103.064491 0.0
v 65.233604 103.228577 0.0
v 65.213142 103.391838 0.0
v 65.18457 103.553879 0.0
v 65.147957 103.714302 0.0
v 65.103394 103.872688 0.0
v 65.050987 104.028664 0.0
v 64.990875 104.181831 0.0
v 64.923195 104.331818 0.0
v 64.848129 104.478241 0.0
v 64.765862 104.620735 0.0
v 64.67659 104.758957 0.0
v 64.580536 104.892555 0.0
v 64.477943 105.021202 0.0
v 64.369072 105.144569 0.0
v 64.254181 105.26236 0.0
v 64.13356 105.374275 0.0
v 64.007515 105.480042 0.0
v 63.876354 105.579399 0.0
v 65.147957 102.085701 0.0
v 65.103394 101.927307 0.0
v 63.740402 105.672089 0.0
v 5.623039 106.149864 0.0
v 5.784319 106.117264 0.0
v 5.943774 106.07666 0.0
v 6.101006 106.02816 0.0
v 6.255625 105.971886 0.0
v 6.407248 105.907967 0.0
v 61.376961 106.149864 0.0
v 61.215679 106.117264 0.0
v 61.056225 106.07666 0.0
v 60.898994 106.02816 0.0
v 60.744373 105.971886 0.0
v 60.592754 105.907967 0.0
v 67.0 107.199997 32.0
v 3.15 102.900002 12.95
v 3.15 103.064491 12.954103
v 3.15 103.228577 12.966398
v 3.15 103.391838 12.986858
v 3.15 103.553879 13.01543
v 3.15 103.714302 13.052045
v 3.15 103.872688 13.09661
v 3.15 104.028664 13.149014
v 3.15 104.181831 13.209128
v 3.15 104.331818 13.276803
v 3.15 104.478241 13.351869
v 3.15 104.620735 13.43414
v 3.15 104.758957 13.523412
v 3.15 104.892555 13.619463
v 3.15 105.021202 13.722054
v 3.15 105.144569 13.830929
v 3.15 105.26236 13.945819
v 3.15 105.374275 14.066437
v 3.15 105.480042 14.192484
v 3.15 105.579399 14.323646
v 3.15 105.672089 14.459598
v 3.15 105.757881 14.6
v 3.15 105.836578 14.744505
v 3.15 105.907967 14.892753
v 3.15 105.971886 15.044374
v 3.15 106.02816 15.198994
v 3.15 106.07666 15.356227
v 3.15 106.117264 15.515681
v 3.15 106.149864 15.676961
v 3.15 106.174393 15.839665
v 3.15 106.190773 16.003391
v 3.15 106.198975 16.167728
v 3.15 106.198975 16.332272
v 3.15 106.190773 16.496609
v 3.15 106.174393 16.660334
v 3.15 106.149864 16.823038
v 3.15 106.117264 16.98432
v 3.15 106.07666 17.143774
v 3.15 106.02816 17.301006
v 3.15 105.971886 17.455626
v 3.15 105.907967 17.607248
v 3.15 105.836578 17.755495
v 3.15 105.757881 17.9
v 3.15 105.672089 18.040403
v 3.15 105.579399 18.176353
v 3.15 105.480042 18.307516
v 3.15 105.374275 18.433563
v 3.15 105.26236 18.554182
v 3.15 105.144569 18.669071
v 3.15 105.021202 18.777946
v 3.15 104.892555 18.880537
v 3.15 104.758957 18.976587
v 3.15 104.620735 19.065861
v 3.15 104.478241 19.14813
v 3.15 104.331818 19.223198
v 3.15 104.181831 19.290871
v 3.15 104.028664 19.350986
v 3.15 103.872688 19.403391
v 3.15 103.714302 19.447954
v 3.15 103.553879 19.48457
v 3.15 103.391838 19.513142
v 3.15 103.228577 19.533602
v 3.15 103.064491 19.545898
v 3.15 102.900002 19.549999
v 3.15 102.735512 19.545898
v 3.15 102.571426 19.533602
v 3.15 102.408157 19.513142
v 3.15 102.246117 19.48457
v 3.15 102.085701 19.447954
v 3.15 101.927307 19.403391
v 3.15 101.771332 19.350986
v 3.15 101.618164 19.290871
v 3.15 101.468185 19.223198
v 3.15 101.321762 19.14813
v 3.15 101.17926 19.065861
v 3.15 101.041046 18.976587
v 3.15 100.907448 18.880537
v 3.15 100.778801 18.777946
v 3.15 100.655434 18.669071
v 3.15 100.537636 18.554182
v 3.15 100.42572 18.433563
v 3.15 100.319954 18.307516
v 3.15 100.042114 17.9
v 3.15 99.963425 17.755495
v 3.15 99.892029 17.607248
v 3.15 99.828117 17.455626
v 3.15 99.771843 17.301006
v 3.15 99.723343 17.143774
v 3.15 99.682739 16.98432
v 3.15 99.650131 16.823038
v 3.15 99.62561 16.660334
v 3.15 99.60923 16.496609
v 3.15 99.601028 16.332272
v 3.15 99.601028 16.167728
v 3.15 99.60923 16.003391
v 3.15 99.62561 15.839665
v 3.15 99.650131 15.676961
v 3.15 99.682739 15.515681
v 3.15 99.723343 15.356227
v 3.15 99.771843 15.198994
v 3.15 99.828117 15.044374
v 3.15 99.892029 14.892753
v 3.15 99.963425 14.744505
v 3.15 100.042114 14.6
v 3.15 100.127914 14.459598
v 3.15 100.220604 14.323646
v 3.15 100.537636 13.945819
v 3.15 100.655434 13.830929
v 3.15 100.778801 13.722054
v 3.15 100.907448 13.619463
v 3.15 101.041046 13.523412
v 3.15 101.17926 13.43414
v 3.15 101.321762 13.351869
v 3.15 101.468185 13.276803
v 3.15 101.618164 13.209128
v 3.15 101.771332 13.149014
v 3.15 101.927307 13.09661
v 3.15 102.085701 13.052045
v 3.15 102.246117 13.01543
v 3.15 102.408157 12.986858
v 3.15 102.571426 12.966398
v 3.15 102.735512 12.954103
v 3.15 4.3 12.95
v 3.15 4.464491 12.954103
v 3.15 4.628574 12.966398
v 3.15 4.79184 12.986858
v 3.15 4.953882 13.01543
v 3.15 5.114299 13.052045
v 3.15 5.272692 13.09661
v 3.15 5.428667 13.149014
v 3.15 5.581835 13.209128
v 3.15 5.731816 13.276803
v 3.15 5.878238 13.351869
v 3.15 6.020736 13.43414
v 3.15 6.158956 13.523412
v 3.15 6.292554 13.619463
v 3.15 6.421199 13.722054
v 3.15 6.54457 13.830929
v 3.15 6.662361 13.945819
v 3.15 6.774278 14.066437
v 3.15 6.979395 14.323646
v 3.15 7.072085 14.459598
v 3.15 7.157884 14.6
v 3.15 7.236577 14.744505
v 3.15 7.307969 14.892753
v 3.15 7.371883 15.044374
v 3.15 7.42816 15.198994
v 3.15 7.47666 15.356227
v 3.15 7.517262 15.515681
v 3.15 7.549866 15.676961
v 3.15 7.574389 15.839665
v 3.15 7.590773 16.003391
v 3.15 7.598974 16.167728
v 3.15 7.598974 16.332272
v 3.15 7.590773 16.496609
v 3.15 7.574389 16.660334
v 3.15 7.549866 16.823038
v 3.15 7.517262 16.98432
v 3.15 7.47666 17.143774
v 3.15 7.42816 17.301006
v 3.15 7.371883 17.455626
v 3.15 7.307969 17.607248
v 3.15 7.236577 17.755495
v 3.15 7.157884 17.9
v 3.15 7.072085 18.040403
v 3.15 6.880044 18.307516
v 3.15 6.774278 18.433563
v 3.15 6.662361 18.554182
v 3.15 6.54457 18.669071
v 3.15 6.421199 18.777946
v 3.15 6.292554 18.880537
v 3.15 6.158956 18.976587
v 3.15 6.020736 19.065861
v 3.15 5.878238 19.14813
v 3.15 5.731816 19.223198
v 3.15 5.581835 19.290871
v 3.15 5.428667 19.350986
v 3.15 5.272692 19.403391
v 3.15 5.114299 19.447954
v 3.15 4.953882 19.48457
v 3.15 4.79184 19.513142
v 3.15 4.628574 19.533602
v 3.15 4.464491 19.545898
v 3.15 4.3 19.549999
v 3.15 4.135509 19.545898
v 3.15 3.971426 19.533602
v 3.15 3.808161 19.513142
v 3.15 3.646118 19.48457
v 3.15 3.485701 19.447954
v 3.15 3.327308 19.403391
v 3.15 3.171334 19.350986
v 3.15 3.018165 19.290871
v 3.15 2.868184 19.223198
v 3.15 2.721762 19.14813
v 3.15 2.579264 19.065861
v 3.15 2.441044 18.976587
v 3.15 2.307446 18.880537
v 3.15 2.178801 18.777946
v 3.15 2.05543 18.669071
v 3.15 1.937639 18.554182
v 3.15 1.825722 18.433563
v 3.15 1.719956 18.307516
v 3.15 1.620605 18.176353
v 3.15 1.527914 18.040403
v 3.15 1.442116 17.9
v 3.15 1.363423 17.755495
v 3.15 1.292031 17.607248
v 3.15 1.228117 17.455626
v 3.15 1.17184 17.301006
v 3.15 1.12334 17.143774
v 3.15 1.082738 16.98432
v 3.15 1.050134 16.823038
v 3.15 1.025611 16.660334
v 3.15 1.009228 16.496609
v 3.15 1.001026 16.332272
v 3.15 1.001026 16.167728
v 3.15 1.009228 16.003391
v 3.15 1.025611 15.839665
v 3.15 1.050134 15.676961
v 3.15 1.082738 15.515681
v 3.15 1.12334 15.356227
v 3.15 1.17184 15.198994
v 3.15 1.228117 15.044374
v 3.15 1.292031 14.892753
v 3.15 1.363423 14.744505
v 3.15 1.442116 14.6
v 3.15 1.527914 14.459598
v 3.15 1.620605 14.323646
v 3.15 1.719956 14.192484
v 3.15 1.937639 13.945819
v 3.15 2.05543 13.830929
v 3.15 2.178801 13.722054
v 3.15 2.307446 13.619463
v 3.15 2.441044 13.523412
v 3.15 2.579264 13.43414
v 3.15 2.721762 13.351869
v 3.15 2.868184 13.276803
v 3.15 3.018165 13.209128
v 3.15 3.171334 13.149014
v 3.15 3.327308 13.09661
v 3.15 3.485701 13.052045
v 3.15 3.646118 13.01543
v 3.15 3.808161 12.986858
v 3.15 3.971426 12.966398
v 3.15 4.135509 12.954103
v 66.999611 0.000385 32.01963
v 66.998505 0.001498 32.038681
v 53.103054 0.005094 32.071194
v 66.996666 0.003336 32.057659
v 66.994102 0.0059 32.076584
v 66.990807 0.009195 32.095448
v 53.332405 0.019315 32.13763
v 66.986778 0.013223 32.114227
v 66.98201 0.017989 32.132912
v 66.977089 0.022914 32.149628
v 66.970909 0.029094 32.168068
v 53.564098 0.041213 32.198784
v 66.964012 0.035987 32.186256
v 66.956322 0.043681 32.204384
v 66.947662 0.052335 32.222702
v 53.797096 0.069524 32.254345
v 66.938431 0.06157 32.240372
v 66.9282 0.071799 32.258156
v 66.916191 0.083808 32.2771
v 54.030724 0.103169 32.30418
v 66.902962 0.097037 32.296009
v 66.891281 0.108718 32.311283
v 66.876312 0.123687 32.329224
v 54.264648 0.141248 32.348278
v 66.861717 0.138281 32.345196
v 66.846451 0.153553 32.360519
v 66.830528 0.169473 32.375168
v 54.577068 0.197675 32.398247
v 66.813988 0.186012 32.389114
v 66.79686 0.203138 32.402336
v 66.779182 0.220821 32.414799
v 66.760971 0.239026 32.426487
v 54.930412 0.26746 32.442635
v 66.742279 0.25772 32.437378
v 66.723129 0.276867 32.447449
v 66.703568 0.296432 32.456684
v 55.286606 0.342425 32.474522
v 66.683624 0.316379 32.465061
v 66.66333 0.336669 32.472572
v 66.642738 0.357264 32.479195
v 66.621872 0.378128 32.484921
v 55.64323 0.420466 32.493633
v 66.600784 0.399219 32.489738
v 66.579498 0.420499 32.493641
v 66.558075 0.441928 32.496616
v 66.536537 0.463465 32.498665
v 56.0 0.5 32.5
v 66.51828 0.48172 32.499664
v 66.5 0.5 32.5
v 46.0 8.6 22.5
v 46.012047 8.6 22.990677
v 46.048153 8.6 23.480171
v 46.108234 8.6 23.967304
v 46.192146 8.6 24.450903
v 46.299686 8.6 24.929802
v 46.430595 8.6 25.402847
v 46.58456 8.6 25.868898
v 46.761204 8.6 26.326834
v 46.960106 8.6 26.775551
v 47.180786 8.6 27.213968
v 47.422714 8.6 27.641027
v 47.685303 8.6 28.055702
v 47.967926 8.6 28.456993
v 48.269894 8.6 28.843933
v 48.590488 8.6 29.21559
v 48.928932 8.6 29.571068
v 49.284409 8.6 29.909512
v 49.656067 8.6 30.230104
v 50.043007 8.6 30.532076
v 50.444298 8.6 30.814695
v 50.858974 8.6 31.077286
v 51.286034 8.6 31.319212
v 51.724449 8.6 31.539892
v 52.173164 8.6 31.738796
v 52.6311 8.6 31.915442
v 53.097153 8.6 32.069405
v 53.570198 8.6 32.200314
v 54.049095 8.6 32.307854
v 54.532696 8.6 32.391766
v 55.019829 8.6 32.451847
v 55.509323 8.6 32.487953
v 56.0 8.6 32.5
v 46.0 8.6 2.5
v 46.0 8.6 4.5
v 21.0 8.6 2.5
v 21.0 8.6 4.5
v 21.0 8.6 22.5
v 11.0 8.6 32.5
v 11.0 0.5 32.5
v 11.35677 0.420466 32.493633
v 11.490677 8.6 32.487953
v 11.713394 0.342425 32.474522
v 11.980171 8.6 32.451847
v 12.06959 0.26746 32.442635
v 12.467305 8.6 32.391766
v 12.422932 0.197675 32.398247
v 12.735352 0.141248 32.348278
v 12.950903 8.6 32.307854
v 12.969278 0.103169 32.30418
v 13.202906 0.069524 32.254345
v 13.429802 8.6 32.200314
v 13.435902 0.041213 32.198784
v 13.667595 0.019315 32.13763
v 13.902846 8.6 32.069405
v 13.896944 0.005094 32.071194
v 14.368898 8.6 31.915442
v 14.826835 8.6 31.738796
v 15.275551 8.6 31.539892
v 15.713967 8.6 31.319212
v 16.141027 8.6 31.077286
v 16.555702 8.6 30.814695
v 16.956993 8.6 30.532076
v 17.343933 8.6 30.230104
v 17.71559 8.6 29.909512
v 18.071068 8.6 29.571068
v 18.409512 8.6 29.21559
v 18.730104 8.6 28.843933
v 19.032076 8.6 28.456993
v 19.314695 8.6 28.055702
v 19.577286 8.6 27.641027
v 19.819212 8.6 27.213968
v 20.039892 8.6 26.775551
v 20.238796 8.6 26.326834
v 20.415442 8.6 25.868898
v 20.569403 8.6 25.402847
v 20.700312 8.6 24.929802
v 20.807854 8.6 24.450903
v 20.891766 8.6 23.967304
v 20.951847 8.6 23.480171
v 20.987955 8.6 22.990677
v 67.0 105.144569 13.830929
v 67.0 105.26236 13.945819
v 67.0 105.374275 14.066437
v 67.0 105.021202 13.722054
v 67.0 105.480042 14.192484
v 67.0 104.892555 13.619463
v 67.0 105.579399 14.323646
v 67.0 104.758957 13.523412
v 67.0 105.672089 14.459598
v 67.0 104.620735 13.43414
v 67.0 105.757881 14.6
v 67.0 104.478241 13.351869
v 67.0 105.836578 14.744505
v 67.0 104.331818 13.276803
v 67.0 105.907967 14.892753
v 67.0 104.181831 13.209128
v 67.0 105.971886 15.044374
v 67.0 104.028664 13.149014
v 67.0 106.02816 15.198994
v 67.0 103.872688 13.09661
v 67.0 106.07666 15.356227
v 67.0 103.714302 13.052045
v 67.0 106.117264 15.515681
v 67.0 103.553879 13.01543
v 67.0 106.149864 15.676961
v 67.0 103.391838 12.986858
v 67.0 106.174393 15.839665
v 67.0 103.228577 12.966398
v 67.0 106.190773 16.003391
v 67.0 103.064491 12.954103
v 67.0 106.198975 16.167728
v 67.0 102.900002 12.95
v 67.0 102.735512 12.954103
v 67.0 102.571426 12.966398
v 67.0 102.408157 12.986858
v 67.0 102.246117 13.01543
v 67.0 102.085701 13.052045
v 67.0 101.927307 13.09661
v 67.0 101.771332 13.149014
v 67.0 101.618164 13.209128
v 67.0 101.468185 13.276803
v 67.0 101.321762 13.351869
v 67.0 101.17926 13.43414
v 67.0 101.041046 13.523412
v 67.0 100.907448 13.619463
v 67.0 100.778801 13.722054
v 67.0 100.655434 13.830929
v 67.0 100.537636 13.945819
v 67.0 100.42572 14.066437
v 67.0 100.319954 14.192484
v 67.0 100.220604 14.323646
v 67.0 100.127914 14.459598
v 67.0 106.198975 16.332272
v 67.0 106.190773 16.496609
v 67.0 106.174393 16.660334
v 67.0 106.149864 16.823038
v 67.0 106.117264 16.98432
v 67.0 106.07666 17.143774
v 67.0 106.02816 17.301006
v 67.0 105.971886 17.455626
v 67.0 105.907967 17.607248
v 67.0 105.836578 17.755495
v 67.0 105.757881 17.9
v 67.0 105.672089 18.040403
v 67.0 105.579399 18.176353
v 67.0 105.480042 18.307516
v 67.0 105.374275 18.433563
v 67.0 105.26236 18.554182
v 67.0 105.144569 18.669071
v 67.0 105.021202 18.777946
v 67.0 104.892555 18.880537
v 67.0 104.758957 18.976587
v 67.0 104.620735 19.065861
v 67.0 104.478241 19.14813
v 67.0 104.331818 19.223198
v 67.0 104.181831 19.290871
v 67.0 104.028664 19.350986
v 67.0 103.872688 19.403391
v 67.0 103.714302 19.447954
v 67.0 103.553879 19.48457
v 67.0 103.391838 19.513142
v 67.0 103.228577 19.533602
v 67.0 103.064491 19.545898
v 67.0 102.900002 19.549999
v 67.0 102.735512 19.545898
v 67.0 102.571426 19.533602
v 67.0 102.408157 19.513142
v 67.0 102.246117 19.48457
v 67.0 102.085701 19.447954
v 67.0 101.927307 19.403391
v 67.0 101.771332 19.350986
v 67.0 101.618164 19.290871
v 67.0 101.468185 19.223198
v 67.0 101.321762 19.14813
v 67.0 101.17926 19.065861
v 67.0 101.041046 18.976587
v 67.0 100.907448 18.880537
v 67.0 100.778801 18.777946
v 67.0 100.655434 18.669071
v 67.0 100.537636 18.554182
v 67.0 100.42572 18.433563
v 67.0 100.319954 18.307516
v 67.0 100.220604 18.176353
v 67.0 6.54457 13.830929
v 67.0 6.662361 13.945819
v 67.0 6.774278 14.066437
v 67.0 6.421199 13.722054
v 67.0 6.880044 14.192484
v 67.0 6.292554 13.619463
v 67.0 6.979395 14.323646
v 67.0 6.158956 13.523412
v 67.0 7.072085 14.459598
v 67.0 6.020736 13.43414
v 67.0 7.157884 14.6
v 67.0 100.042114 14.6
v 67.0 99.963425 14.744505
v 67.0 5.878238 13.351869
v 67.0 7.236577 14.744505
v 67.0 5.731816 13.276803
v 67.0 7.307969 14.892753
v 67.0 99.892029 14.892753
v 67.0 5.581835 13.209128
v 67.0 7.371883 15.044374
v 67.0 99.828117 15.044374
v 67.0 5.428667 13.149014
v 67.0 7.42816 15.198994
v 67.0 99.771843 15.198994
v 67.0 99.723343 15.356227
v 67.0 5.272692 13.09661
v 67.0 7.47666 15.356227
v 67.0 5.114299 13.052045
v 67.0 7.517262 15.515681
v 67.0 99.682739 15.515681
v 67.0 4.953882 13.01543
v 67.0 7.549866 15.676961
v 67.0 99.650131 15.676961
v 67.0 4.79184 12.986858
v 67.0 7.574389 15.839665
v 67.0 99.62561 15.839665
v 67.0 4.628574 12.966398
v 67.0 7.590773 16.003391
v 67.0 99.60923 16.003391
v 67.0 4.464491 12.954103
v 67.0 7.598974 16.167728
v 67.0 99.601028 16.167728
v 67.0 4.3 12.95
v 67.0 7.598974 16.332272
v 67.0 99.601028 16.332272
v 67.0 4.135509 12.954103
v 67.0 7.590773 16.496609
v 67.0 99.60923 16.496609
v 67.0 3.971426 12.966398
v 67.0 7.574389 16.660334
v 67.0 99.62561 16.660334
v 67.0 3.808161 12.986858
v 67.0 7.549866 16.823038
v 67.0 99.650131 16.823038
v 67.0 3.646118 13.01543
v 67.0 7.517262 16.98432
v 67.0 99.682739 16.98432
v 67.0 99.723343 17.143774
v 67.0 3.485701 13.052045
v 67.0 7.47666 17.143774
v 67.0 3.327308 13.09661
v 67.0 7.42816 17.301006
v 67.0 99.771843 17.301006
v 67.0 3.171334 13.149014
v 67.0 7.371883 17.455626
v 67.0 99.828117 17.455626
v 67.0 3.018165 13.209128
v 67.0 7.307969 17.607248
v 67.0 99.892029 17.607248
v 67.0 2.868184 13.276803
v 67.0 7.236577 17.755495
v 67.0 99.963425 17.755495
v 67.0 2.721762 13.351869
v 67.0 7.157884 17.9
v 67.0 100.042114 17.9
v 67.0 2.579264 13.43414
v 67.0 7.072085 18.040403
v 67.0 100.127914 18.040403
v 67.0 2.441044 13.523412
v 67.0 6.979395 18.176353
v 67.0 2.307446 13.619463
v 67.0 2.178801 13.722054
v 67.0 2.05543 13.830929
v 67.0 1.937639 13.945819
v 67.0 1.825722 14.066437
v 67.0 1.719956 14.192484
v 67.0 1.620605 14.323646
v 67.0 1.527914 14.459598
v 67.0 1.442116 14.6
v 67.0 1.363423 14.744505
v 67.0 1.292031 14.892753
v 67.0 1.228117 15.044374
v 67.0 1.17184 15.198994
v 67.0 1.12334 15.356227
v 67.0 1.082738 15.515681
v 67.0 1.050134 15.676961
v 67.0 1.025611 15.839665
v 67.0 1.009228 16.003391
v 67.0 2.868184 19.223198
v 67.0 3.018165 19.290871
v 67.0 2.721762 19.14813
v 67.0 2.579264 19.065861
v 67.0 2.441044 18.976587
v 67.0 2.307446 18.880537
v 67.0 2.178801 18.777946
v 67.0 2.05543 18.669071
v 67.0 1.937639 18.554182
v 67.0 1.825722 18.433563
v 67.0 1.719956 18.307516
v 67.0 1.620605 18.176353
v 67.0 1.527914 18.040403
v 67.0 1.442116 17.9
v 67.0 1.363423 17.755495
v 67.0 1.292031 17.607248
v 67.0 1.228117 17.455626
v 67.0 1.17184 17.301006
v 67.0 1.12334 17.143774
v 67.0 1.082738 16.98432
v 67.0 1.050134 16.823038
v 67.0 1.025611 16.660334
v 67.0 1.009228 16.496609
v 67.0 6.880044 18.307516
v 67.0 6.774278 18.433563
v 67.0 6.662361 18.554182
v 67.0 6.54457 18.669071
v 67.0 6.421199 18.777946
v 67.0 6.292554 18.880537
v 67.0 6.158956 18.976587
v 67.0 6.020736 19.065861
v 67.0 5.878238 19.14813
v 67.0 5.731816 19.223198
v 67.0 5.581835 19.290871
v 67.0 5.428667 19.350986
v 67.0 5.272692 19.403391
v 67.0 5.114299 19.447954
v 67.0 4.953882 19.48457
v 67.0 4.79184 19.513142
v 67.0 4.628574 19.533602
v 67.0 4.464491 19.545898
v 67.0 4.3 19.549999
v 67.0 4.135509 19.545898
v 67.0 3.971426 19.533602
v 67.0 3.808161 19.513142
v 67.0 3.646118 19.48457
v 67.0 3.485701 19.447954
v 67.0 3.327308 19.403391
v 67.0 3.171334 19.350986
v 67.0 1.001026 16.167728
v 67.0 1.001026 16.332272
v 2.630929 2.05543 32.5
v 2.745819 1.937639 32.5
v 2.866437 1.825722 32.5
v 2.522053 2.178801 32.5
v 2.992484 1.719956 32.5
v 2.419463 2.307446 32.5
v 3.123646 1.620605 32.5
v 2.323412 2.441044 32.5
v 3.259597 1.527914 32.5
v 2.23414 2.579264 32.5
v 3.4 1.442116 32.5
v 2.151869 2.721762 32.5
v 3.544505 1.363423 32.5
v 2.076803 2.868184 32.5
v 3.692753 1.292031 32.5
v 2.009129 3.018165 32.5
v 3.844375 1.228117 32.5
v 1.949014 3.171334 32.5
v 3.998994 1.17184 32.5
v 1.89661 3.327308 32.5
v 4.156227 1.12334 32.5
v 1.852045 3.485701 32.5
v 4.315681 1.082738 32.5
v 1.815431 3.646118 32.5
v 4.476961 1.050134 32.5
v 1.786858 3.808161 32.5
v 4.639666 1.025611 32.5
v 1.766398 3.971426 32.5
v 4.803391 1.009228 32.5
v 1.754102 4.135509 32.5
v 4.967729 1.001026 32.5
v 1.75 4.3 32.5
v 5.132271 1.001026 32.5
v 1.754102 4.464491 32.5
v 1.0 8.6 32.5
v 2.630929 6.54457 32.5
v 2.745819 6.662361 32.5
v 2.522053 6.421199 32.5
v 2.419463 6.292554 32.5
v 2.323412 6.158956 32.5
v 2.23414 6.020736 32.5
v 2.151869 5.878238 32.5
v 2.076803 5.731816 32.5
v 2.009129 5.581835 32.5
v 1.949014 5.428667 32.5
v 1.89661 5.272692 32.5
v 1.852045 5.114299 32.5
v 1.815431 4.953882 32.5
v 1.786858 4.79184 32.5
v 1.766398 4.628574 32.5
v 2.866437 6.774278 32.5
v 2.992484 6.880044 32.5
v 3.123646 6.979395 32.5
v 3.259597 7.072085 32.5
v 3.4 7.157884 32.5
v 3.544505 7.236577 32.5
v 3.692753 7.307969 32.5
v 3.844375 7.371883 32.5
v 3.998994 7.42816 32.5
v 5.296609 1.009228 32.5
v 5.460334 1.025611 32.5
v 5.623039 1.050134 32.5
v 5.784319 1.082738 32.5
v 5.943774 1.12334 32.5
v 6.101006 1.17184 32.5
v 6.255625 1.228117 32.5
v 6.407248 1.292031 32.5
v 6.555495 1.363423 32.5
v 6.7 1.442116 32.5
v 6.840403 1.527914 32.5
v 6.976354 1.620605 32.5
v 7.107516 1.719956 32.5
v 7.233563 1.825722 32.5
v 7.354181 1.937639 32.5
v 7.469071 2.05543 32.5
v 7.577947 2.178801 32.5
v 7.680537 2.307446 32.5
v 7.776588 2.441044 32.5
v 7.86586 2.579264 32.5
v 7.948131 2.721762 32.5
v 8.023197 2.868184 32.5
v 8.090872 3.018165 32.5
v 8.150986 3.171334 32.5
v 8.20339 3.327308 32.5
v 4.156227 7.47666 32.5
v 8.247955 3.485701 32.5
v 4.315681 7.517262 32.5
v 8.284569 3.646118 32.5
v 4.476961 7.549866 32.5
v 8.313142 3.808161 32.5
v 4.639666 7.574389 32.5
v 8.333602 3.971426 32.5
v 4.803391 7.590773 32.5
v 8.345898 4.135509 32.5
v 4.967729 7.598974 32.5
v 8.35 4.3 32.5
v 5.132271 7.598974 32.5
v 8.345898 4.464491 32.5
v 5.296609 7.590773 32.5
v 8.333602 4.628574 32.5
v 8.313142 4.79184 32.5
v 8.284569 4.953882 32.5
v 8.247955 5.114299 32.5
v 8.20339 5.272692 32.5
v 8.150986 5.428667 32.5
v 8.090872 5.581835 32.5
v 8.023197 5.731816 32.5
v 7.948131 5.878238 32.5
v 7.86586 6.020736 32.5
v 7.776588 6.158956 32.5
v 7.680537 6.292554 32.5
v 7.577947 6.421199 32.5
v 7.469071 6.54457 32.5
v 7.354181 6.662361 32.5
v 7.233563 6.774278 32.5
v 7.107516 6.880044 32.5
v 6.976354 6.979395 32.5
v 6.840403 7.072085 32.5
v 6.7 7.157884 32.5
v 6.555495 7.236577 32.5
v 6.407248 7.307969 32.5
v 6.255625 7.371883 32.5
v 6.101006 7.42816 32.5
v 5.943774 7.47666 32.5
v 5.784319 7.517262 32.5
v 5.623039 7.549866 32.5
v 5.460334 7.574389 32.5
v 59.53093 2.05543 32.5
v 59.645817 1.937639 32.5
v 59.766438 1.825722 32.5
v 59.422054 2.178801 32.5
v 59.892483 1.719956 32.5
v 59.319462 2.307446 32.5
v 60.023647 1.620605 32.5
v 59.223412 2.441044 32.5
v 60.159595 1.527914 32.5
v 59.13414 2.579264 32.5
v 60.299999 1.442116 32.5
v 59.051868 2.721762 32.5
v 60.444504 1.363423 32.5
v 58.976803 2.868184 32.5
v 60.592754 1.292031 32.5
v 58.90913 3.018165 32.5
v 60.744373 1.228117 32.5
v 58.849014 3.171334 32.5
v 60.898994 1.17184 32.5
v 58.796608 3.327308 32.5
v 61.056225 1.12334 32.5
v 58.752045 3.485701 32.5
v 61.215679 1.082738 32.5
v 58.715431 3.646118 32.5
v 61.376961 1.050134 32.5
v 58.686859 3.808161 32.5
v 61.539665 1.025611 32.5
v 58.666397 3.971426 32.5
v 61.703392 1.009228 32.5
v 58.654102 4.135509 32.5
v 61.867729 1.001026 32.5
v 58.650002 4.3 32.5
v 58.654102 4.464491 32.5
v 58.849014 5.428667 32.5
v 58.90913 5.581835 32.5
v 58.796608 5.272692 32.5
v 58.752045 5.114299 32.5
v 58.715431 4.953882 32.5
v 58.686859 4.79184 32.5
v 58.666397 4.628574 32.5
v 58.976803 5.731816 32.5
v 59.051868 5.878238 32.5
v 59.13414 6.020736 32.5
v 59.223412 6.158956 32.5
v 59.319462 6.292554 32.5
v 59.422054 6.421199 32.5
v 59.53093 6.54457 32.5
v 59.645817 6.662361 32.5
v 59.766438 6.774278 32.5
v 59.892483 6.880044 32.5
v 62.032272 1.001026 32.5
v 62.196609 1.009228 32.5
v 62.360332 1.025611 32.5
v 62.523041 1.050134 32.5
v 62.684319 1.082738 32.5
v 62.843773 1.12334 32.5
v 63.001007 1.17184 32.5
v 63.155624 1.228117 32.5
v 63.307247 1.292031 32.5
v 63.455494 1.363423 32.5
v 63.599998 1.442116 32.5
v 63.740402 1.527914 32.5
v 63.876354 1.620605 32.5
v 64.007515 1.719956 32.5
v 64.13356 1.825722 32.5
v 64.254181 1.937639 32.5
v 64.369072 2.05543 32.5
v 64.477943 2.178801 32.5
v 64.580536 2.307446 32.5
v 60.023647 6.979395 32.5
v 64.67659 2.441044 32.5
v 60.159595 7.072085 32.5
v 64.765862 2.579264 32.5
v 60.299999 7.157884 32.5
v 64.848129 2.721762 32.5
v 60.444504 7.236577 32.5
v 64.923195 2.868184 32.5
v 60.592754 7.307969 32.5
v 64.990875 3.018165 32.5
v 60.744373 7.371883 32.5
v 65.050987 3.171334 32.5
v 60.898994 7.42816 32.5
v 65.103394 3.327308 32.5
v 61.056225 7.47666 32.5
v 65.147957 3.485701 32.5
v 61.215679 7.517262 32.5
v 65.18457 3.646118 32.5
v 61.376961 7.549866 32.5
v 65.213142 3.808161 32.5
v 61.539665 7.574389 32.5
v 65.233604 3.971426 32.5
v 61.703392 7.590773 32.5
v 65.245895 4.135509 32.5
v 65.25 4.3 32.5
v 65.245895 4.464491 32.5
v 66.0 8.6 32.5
v 65.233604 4.628574 32.5
v 65.213142 4.79184 32.5
v 65.18457 4.953882 32.5
v 65.147957 5.114299 32.5
v 65.103394 5.272692 32.5
v 65.050987 5.428667 32.5
v 64.990875 5.581835 32.5
v 64.923195 5.731816 32.5
v 64.848129 5.878238 32.5
v 64.765862 6.020736 32.5
v 64.67659 6.158956 32.5
v 64.580536 6.292554 32.5
v 64.477943 6.421199 32.5
v 64.369072 6.54457 32.5
v 64.254181 6.662361 32.5
v 64.13356 6.774278 32.5
v 64.007515 6.880044 32.5
v 63.876354 6.979395 32.5
v 63.740402 7.072085 32.5
v 63.599998 7.157884 32.5
v 63.455494 7.236577 32.5
v 63.307247 7.307969 32.5
v 63.155624 7.371883 32.5
v 63.001007 7.42816 32.5
v 62.843773 7.47666 32.5
v 62.684319 7.517262 32.5
v 62.523041 7.549866 32.5
v 62.360332 7.574389 32.5
v 62.196609 7.590773 32.5
v 62.032272 7.598974 32.5
v 61.867729 7.598974 32.5
v 2.630929 100.655434 32.5
v 1.0 98.599998 32.5
v 2.745819 100.537636 32.5
v 2.866437 100.42572 32.5
v 2.522053 100.778801 32.5
v 2.992484 100.319954 32.5
v 2.419463 100.907448 32.5
v 3.123646 100.220604 32.5
v 2.323412 101.041046 32.5
v 3.259597 100.127914 32.5
v 2.23414 101.17926 32.5
v 3.4 100.042114 32.5
v 2.151869 101.321762 32.5
v 3.544505 99.963425 32.5
v 2.076803 101.468185 32.5
v 3.692753 99.892029 32.5
v 2.009129 101.618164 32.5
v 3.844375 99.828117 32.5
v 1.949014 101.771332 32.5
v 3.998994 99.771843 32.5
v 1.89661 101.927307 32.5
v 4.156227 99.723343 32.5
v 1.852045 102.085701 32.5
v 4.315681 99.682739 32.5
v 1.815431 102.246117 32.5
v 4.476961 99.650131 32.5
v 1.786858 102.408157 32.5
v 4.639666 99.62561 32.5
v 1.766398 102.571426 32.5
v 4.803391 99.60923 32.5
v 1.754102 102.735512 32.5
v 4.967729 99.601028 32.5
v 5.132271 99.601028 32.5
v 5.296609 99.60923 32.5
v 5.460334 99.62561 32.5
v 5.623039 99.650131 32.5
v 2.23414 104.620735 32.5
v 2.323412 104.758957 32.5
v 2.151869 104.478241 32.5
v 2.076803 104.331818 32.5
v 2.009129 104.181831 32.5
v 1.949014 104.028664 32.5
v 1.89661 103.872688 32.5
v 1.852045 103.714302 32.5
v 1.815431 103.553879 32.5
v 1.786858 103.391838 32.5
v 1.766398 103.228577 32.5
v 1.754102 103.064491 32.5
v 1.75 102.900002 32.5
v 2.419463 104.892555 32.5
v 2.522053 105.021202 32.5
v 2.630929 105.144569 32.5
v 2.745819 105.26236 32.5
v 2.866437 105.374275 32.5
v 2.992484 105.480042 32.5
v 3.123646 105.579399 32.5
v 3.259597 105.672089 32.5
v 3.4 105.757881 32.5
v 3.544505 105.836578 32.5
v 3.692753 105.907967 32.5
v 3.844375 105.971886 32.5
v 3.998994 106.02816 32.5
v 4.156227 106.07666 32.5
v 4.315681 106.117264 32.5
v 4.476961 106.149864 32.5
v 4.639666 106.174393 32.5
v 4.803391 106.190773 32.5
v 4.967729 106.198975 32.5
v 5.132271 106.198975 32.5
v 5.296609 106.190773 32.5
v 59.53093 100.655434 32.5
v 7.354181 100.537636 32.5
v 59.645817 100.537636 32.5
v 7.469071 100.655434 32.5
v 59.766438 100.42572 32.5
v 7.233563 100.42572 32.5
v 59.422054 100.778801 32.5
v 7.577947 100.778801 32.5
v 7.680537 100.907448 32.5
v 59.892483 100.319954 32.5
v 7.107516 100.319954 32.5
v 59.319462 100.907448 32.5
v 60.023647 100.220604 32.5
v 6.976354 100.220604 32.5
v 6.840403 100.127914 32.5
v 59.223412 101.041046 32.5
v 7.776588 101.041046 32.5
v 60.159595 100.127914 32.5
v 59.13414 101.17926 32.5
v 7.86586 101.17926 32.5
v 60.299999 100.042114 32.5
v 6.7 100.042114 32.5
v 59.051868 101.321762 32.5
v 7.948131 101.321762 32.5
v 8.023197 101.468185 32.5
v 58.976803 101.468185 32.5
v 58.90913 101.618164 32.5
v 8.090872 101.618164 32.5
v 8.150986 101.771332 32.5
v 58.849014 101.771332 32.5
v 58.796608 101.927307 32.5
v 8.20339 101.927307 32.5
v 58.752045 102.085701 32.5
v 8.247955 102.085701 32.5
v 58.715431 102.246117 32.5
v 8.284569 102.246117 32.5
v 58.686859 102.408157 32.5
v 8.313142 102.408157 32.5
v 58.666397 102.571426 32.5
v 8.333602 102.571426 32.5
v 58.654102 102.735512 32.5
v 8.345898 102.735512 32.5
v 58.650002 102.900002 32.5
v 8.35 102.900002 32.5
v 58.654102 103.064491 32.5
v 8.345898 103.064491 32.5
v 8.333602 103.228577 32.5
v 58.666397 103.228577 32.5
v 8.313142 103.391838 32.5
v 58.686859 103.391838 32.5
v 58.715431 103.553879 32.5
v 8.284569 103.553879 32.5
v 58.752045 103.714302 32.5
v 8.247955 103.714302 32.5
v 58.796608 103.872688 32.5
v 8.20339 103.872688 32.5
v 58.849014 104.028664 32.5
v 8.150986 104.028664 32.5
v 58.90913 104.181831 32.5
v 8.090872 104.181831 32.5
v 58.976803 104.331818 32.5
v 8.023197 104.331818 32.5
v 59.051868 104.478241 32.5
v 7.948131 104.478241 32.5
v 7.86586 104.620735 32.5
v 59.13414 104.620735 32.5
v 59.223412 104.758957 32.5
v 7.776588 104.758957 32.5
v 59.319462 104.892555 32.5
v 7.680537 104.892555 32.5
v 59.422054 105.021202 32.5
v 7.577947 105.021202 32.5
v 66.0 98.599998 32.5
v 61.539665 99.62561 32.5
v 61.376961 99.650131 32.5
v 61.703392 99.60923 32.5
v 61.867729 99.601028 32.5
v 62.032272 99.601028 32.5
v 62.196609 99.60923 32.5
v 62.360332 99.62561 32.5
v 62.523041 99.650131 32.5
v 62.684319 99.682739 32.5
v 62.843773 99.723343 32.5
v 63.001007 99.771843 32.5
v 63.155624 99.828117 32.5
v 63.307247 99.892029 32.5
v 63.455494 99.963425 32.5
v 63.599998 100.042114 32.5
v 63.740402 100.127914 32.5
v 63.876354 100.220604 32.5
v 64.007515 100.319954 32.5
v 64.13356 100.42572 32.5
v 59.53093 105.144569 32.5
v 7.469071 105.144569 32.5
v 64.254181 100.537636 32.5
v 59.645817 105.26236 32.5
v 7.354181 105.26236 32.5
v 64.369072 100.655434 32.5
v 59.766438 105.374275 32.5
v 7.233563 105.374275 32.5
v 64.477943 100.778801 32.5
v 59.892483 105.480042 32.5
v 7.107516 105.480042 32.5
v 64.580536 100.907448 32.5
v 60.023647 105.579399 32.5
v 6.976354 105.579399 32.5
v 64.67659 101.041046 32.5
v 60.159595 105.672089 32.5
v 6.840403 105.672089 32.5
v 64.765862 101.17926 32.5
v 60.299999 105.757881 32.5
v 6.7 105.757881 32.5
v 64.848129 101.321762 32.5
v 60.444504 105.836578 32.5
v 6.555495 105.836578 32.5
v 64.923195 101.468185 32.5
v 64.990875 101.618164 32.5
v 65.050987 101.771332 32.5
v 65.103394 101.927307 32.5
v 65.147957 102.085701 32.5
v 65.18457 102.246117 32.5
v 65.213142 102.408157 32.5
v 65.233604 102.571426 32.5
v 65.245895 102.735512 32.5
v 66.5 106.699997 32.5
v 64.477943 105.021202 32.5
v 64.580536 104.892555 32.5
v 64.369072 105.144569 32.5
v 64.254181 105.26236 32.5
v 64.13356 105.374275 32.5
v 64.007515 105.480042 32.5
v 63.876354 105.579399 32.5
v 63.740402 105.672089 32.5
v 63.599998 105.757881 32.5
v 63.455494 105.836578 32.5
v 63.307247 105.907967 32.5
v 63.155624 105.971886 32.5
v 65.25 102.900002 32.5
v 63.001007 106.02816 32.5
v 62.843773 106.07666 32.5
v 62.684319 106.117264 32.5
v 62.523041 106.149864 32.5
v 62.360332 106.174393 32.5
v 62.196609 106.190773 32.5
v 62.032272 106.198975 32.5
v 61.867729 106.198975 32.5
v 61.703392 106.190773 32.5
v 65.245895 103.064491 32.5
v 65.233604 103.228577 32.5
v 65.213142 103.391838 32.5
v 65.18457 103.553879 32.5
v 65.147957 103.714302 32.5
v 65.103394 103.872688 32.5
v 65.050987 104.028664 32.5
v 64.990875 104.181831 32.5
v 64.923195 104.331818 32.5
v 64.848129 104.478241 32.5
v 64.765862 104.620735 32.5
v 64.67659 104.758957 32.5
v 61.215679 99.682739 32.5
v 61.056225 99.723343 32.5
v 60.898994 99.771843 32.5
v 60.744373 99.828117 32.5
v 60.592754 99.892029 32.5
v 60.444504 99.963425 32.5
v 5.784319 99.682739 32.5
v 5.943774 99.723343 32.5
v 6.101006 99.771843 32.5
v 6.255625 99.828117 32.5
v 6.407248 99.892029 32.5
v 6.555495 99.963425 32.5
v 5.460334 106.174393 32.5
v 5.623039 106.149864 32.5
v 5.784319 106.117264 32.5
v 5.943774 106.07666 32.5
v 6.101006 106.02816 32.5
v 6.255625 105.971886 32.5
v 6.407248 105.907967 32.5
v 61.539665 106.174393 32.5
v 61.376961 106.149864 32.5
v 61.215679 106.117264 32.5
v 61.056225 106.07666 32.5
v 60.898994 106.02816 32.5
v 60.744373 105.971886 32.5
v 60.592754 105.907967 32.5
v 66.999611 107.199615 32.01963
v 66.998505 107.198502 32.038681
v 66.996666 107.196663 32.057659
v 66.994102 107.194099 32.076584
v 66.990807 107.190804 32.095448
v 66.986778 107.186775 32.114227
v 66.98201 107.182014 32.132912
v 66.977089 107.177086 32.149628
v 66.970909 107.170906 32.168068
v 66.964012 107.164017 32.186256
v 66.956322 107.156319 32.204384
v 66.947662 107.147667 32.222702
v 66.938431 107.138428 32.240372
v 66.9282 107.128204 32.258156
v 66.916191 107.116196 32.2771
v 66.902962 107.102966 32.296009
v 66.891281 107.091286 32.311283
v 66.876312 107.076309 32.329224
v 66.861717 107.061722 32.345196
v 66.846451 107.046448 32.360519
v 66.830528 107.030525 32.375168
v 66.813988 107.013985 32.389114
v 66.79686 106.996864 32.402336
v 66.779182 106.979179 32.414799
v 66.760971 106.960976 32.426487
v 66.742279 106.942284 32.437378
v 66.723129 106.923134 32.447449
v 66.703568 106.903564 32.456684
v 66.683624 106.883621 32.465061
v 66.66333 106.863335 32.472572
v 66.642738 106.842735 32.479195
v 66.621872 106.821869 32.484921
v 66.600784 106.800781 32.489738
v 66.579498 106.779503 32.493641
v 66.558075 106.758072 32.496616
v 66.536537 106.736534 32.498665
v 66.51828 106.718277 32.499664
v 8.35 4.3 3.15
v 8.345898 4.464491 3.15
v 8.333602 4.628574 3.15
v 8.313142 4.79184 3.15
v 8.284569 4.953882 3.15
v 8.247955 5.114299 3.15
v 8.20339 5.272692 3.15
v 8.150986 5.428667 3.15
v 8.090872 5.581835 3.15
v 8.023197 5.731816 3.15
v 7.948131 5.878238 3.15
v 7.86586 6.020736 3.15
v 7.776588 6.158956 3.15
v 7.680537 6.292554 3.15
v 7.577947 6.421199 3.15
v 7.469071 6.54457 3.15
v 7.354181 6.662361 3.15
v 7.233563 6.774278 3.15
v 7.107516 6.880044 3.15
v 6.976354 6.979395 3.15
v 6.840403 7.072085 3.15
v 6.7 7.157884 3.15
v 6.555495 7.236577 3.15
v 6.407248 7.307969 3.15
v 6.255625 7.371883 3.15
v 6.101006 7.42816 3.15
v 5.943774 7.47666 3.15
v 5.784319 7.517262 3.15
v 5.623039 7.549866 3.15
v 5.460334 7.574389 3.15
v 5.296609 7.590773 3.15
v 5.132271 7.598974 3.15
v 4.967729 7.598974 3.15
v 4.803391 7.590773 3.15
v 4.639666 7.574389 3.15
v 4.476961 7.549866 3.15
v 4.315681 7.517262 3.15
v 4.156227 7.47666 3.15
v 3.998994 7.42816 3.15
v 3.844375 7.371883 3.15
v 3.692753 7.307969 3.15
v 3.544505 7.236577 3.15
v 3.4 7.157884 3.15
v 3.259597 7.072085 3.15
v 3.123646 6.979395 3.15
v 2.992484 6.880044 3.15
v 2.866437 6.774278 3.15
v 2.745819 6.662361 3.15
v 2.630929 6.54457 3.15
v 2.522053 6.421199 3.15
v 2.419463 6.292554 3.15
v 2.323412 6.158956 3.15
v 2.23414 6.020736 3.15
v 2.151869 5.878238 3.15
v 2.076803 5.731816 3.15
v 2.009129 5.581835 3.15
v 1.949014 5.428667 3.15
v 1.89661 5.272692 3.15
v 1.852045 5.114299 3.15
v 1.815431 4.953882 3.15
v 1.786858 4.79184 3.15
v 1.766398 4.628574 3.15
v 1.754102 4.464491 3.15
v 1.75 4.3 3.15
v 1.754102 4.135509 3.15
v 1.766398 3.971426 3.15
v 1.786858 3.808161 3.15
v 1.815431 3.646118 3.15
v 1.852045 3.485701 3.15
v 1.89661 3.327308 3.15
v 1.949014 3.171334 3.15
v 2.009129 3.018165 3.15
v 2.076803 2.868184 3.15
v 2.151869 2.721762 3.15
v 2.23414 2.579264 3.15
v 2.323412 2.441044 3.15
v 2.419463 2.307446 3.15
v 2.522053 2.178801 3.15
v 2.630929 2.05543 3.15
v 2.745819 1.937639 3.15
v 2.866437 1.825722 3.15
v 2.992484 1.719956 3.15
v 3.123646 1.620605 3.15
v 3.259597 1.527914 3.15
v 3.4 1.442116 3.15
v 3.544505 1.363423 3.15
v 3.692753 1.292031 3.15
v 3.844375 1.228117 3.15
v 3.998994 1.17184 3.15
v 4.156227 1.12334 3.15
v 4.315681 1.082738 3.15
v 4.476961 1.050134 3.15
v 4.639666 1.025611 3.15
v 4.803391 1.009228 3.15
v 4.967729 1.001026 3.15
v 5.132271 1.001026 3.15
v 5.296609 1.009228 3.15
v 5.460334 1.025611 3.15
v 5.623039 1.050134 3.15
v 5.784319 1.082738 3.15
v 5.943774 1.12334 3.15
v 6.101006 1.17184 3.15
v 6.255625 1.228117 3.15
v 6.407248 1.292031 3.15
v 6.555495 1.363423 3.15
v 6.7 1.442116 3.15
v 6.840403 1.527914 3.15
v 6.976354 1.620605 3.15
v 7.107516 1.719956 3.15
v 7.233563 1.825722 3.15
v 7.354181 1.937639 3.15
v 7.469071 2.05543 3.15
v 7.577947 2.178801 3.15
v 7.680537 2.307446 3.15
v 7.776588 2.441044 3.15
v 7.86586 2.579264 3.15
v 7.948131 2.721762 3.15
v 8.023197 2.868184 3.15
v 8.090872 3.018165 3.15
v 8.150986 3.171334 3.15
v 8.20339 3.327308 3.15
v 8.247955 3.485701 3.15
v 8.284569 3.646118 3.15
v 8.313142 3.808161 3.15
v 8.333602 3.971426 3.15
v 8.345898 4.135509 3.15
v 65.25 4.3 3.15
v 65.245895 4.464491 3.15
v 65.233604 4.628574 3.15
v 65.213142 4.79184 3.15
v 65.18457 4.953882 3.15
v 65.147957 5.114299 3.15
v 65.103394 5.272692 3.15
v 65.050987 5.428667 3.15
v 64.990875 5.581835 3.15
v 64.923195 5.731816 3.15
v 64.848129 5.878238 3.15
v 64.765862 6.020736 3.15
v 64.67659 6.158956 3.15
v 64.580536 6.292554 3.15
v 64.477943 6.421199 3.15
v 64.369072 6.54457 3.15
v 64.254181 6.662361 3.15
v 64.13356 6.774278 3.15
v 64.007515 6.880044 3.15
v 63.876354 6.979395 3.15
v 63.740402 7.072085 3.15
v 63.599998 7.157884 3.15
v 63.455494 7.236577 3.15
v 63.307247 7.307969 3.15
v 63.155624 7.371883 3.15
v 63.001007 7.42816 3.15
v 62.843773 7.47666 3.15
v 62.684319 7.517262 3.15
v 62.523041 7.549866 3.15
v 62.360332 7.574389 3.15
v 62.196609 7.590773 3.15
v 62.032272 7.598974 3.15
v 61.867729 7.598974 3.15
v 61.703392 7.590773 3.15
v 61.539665 7.574389 3.15
v 61.376961 7.549866 3.15
v 61.215679 7.517262 3.15
v 61.056225 7.47666 3.15
v 60.898994 7.42816 3.15
v 60.744373 7.371883 3.15
v 60.592754 7.307969 3.15
v 60.444504 7.236577 3.15
v 60.299999 7.157884 3.15
v 60.159595 7.072085 3.15
v 60.023647 6.979395 3.15
v 59.892483 6.880044 3.15
v 59.766438 6.774278 3.15
v 59.645817 6.662361 3.15
v 59.53093 6.54457 3.15
v 59.422054 6.421199 3.15
v 59.319462 6.292554 3.15
v 59.223412 6.158956 3.15
v 59.13414 6.020736 3.15
v 59.051868 5.878238 3.15
v 58.976803 5.731816 3.15
v 58.90913 5.581835 3.15
v 58.849014 5.428667 3.15
v 58.796608 5.272692 3.15
v 58.752045 5.114299 3.15
v 58.715431 4.953882 3.15
v 58.686859 4.79184 3.15
v 58.666397 4.628574 3.15
v 58.654102 4.464491 3.15
v 58.650002 4.3 3.15
v 58.654102 4.135509 3.15
v 58.666397 3.971426 3.15
v 58.686859 3.808161 3.15
v 58.715431 3.646118 3.15
v 58.752045 3.485701 3.15
v 58.796608 3.327308 3.15
v 58.849014 3.171334 3.15
v 58.90913 3.018165 3.15
v 58.976803 2.868184 3.15
v 59.051868 2.721762 3.15
v 59.13414 2.579264 3.15
v 59.223412 2.441044 3.15
v 59.319462 2.307446 3.15
v 59.422054 2.178801 3.15
v 59.53093 2.05543 3.15
v 59.645817 1.937639 3.15
v 59.766438 1.825722 3.15
v 59.892483 1.719956 3.15
v 60.023647 1.620605 3.15
v 60.159595 1.527914 3.15
v 60.299999 1.442116 3.15
v 60.444504 1.363423 3.15
v 60.592754 1.292031 3.15
v 60.744373 1.228117 3.15
v 60.898994 1.17184 3.15
v 61.056225 1.12334 3.15
v 61.215679 1.082738 3.15
v 61.376961 1.050134 3.15
v 61.539665 1.025611 3.15
v 61.703392 1.009228 3.15
v 61.867729 1.001026 3.15
v 62.032272 1.001026 3.15
v 62.196609 1.009228 3.15
v 62.360332 1.025611 3.15
v 62.523041 1.050134 3.15
v 62.684319 1.082738 3.15
v 62.843773 1.12334 3.15
v 63.001007 1.17184 3.15
v 63.155624 1.228117 3.15
v 63.307247 1.292031 3.15
v 63.455494 1.363423 3.15
v 63.599998 1.442116 3.15
v 63.740402 1.527914 3.15
v 63.876354 1.620605 3.15
v 64.007515 1.719956 3.15
v 64.13356 1.825722 3.15
v 64.254181 1.937639 3.15
v 64.369072 2.05543 3.15
v 64.477943 2.178801 3.15
v 64.580536 2.307446 3.15
v 64.67659 2.441044 3.15
v 64.765862 2.579264 3.15
v 64.848129 2.721762 3.15
v 64.923195 2.868184 3.15
v 64.990875 3.018165 3.15
v 65.050987 3.171334 3.15
v 65.103394 3.327308 3.15
v 65.147957 3.485701 3.15
v 65.18457 3.646118 3.15
v 65.213142 3.808161 3.15
v 65.233604 3.971426 3.15
v 65.245895 4.135509 3.15
v 8.35 102.900002 3.15
v 8.345898 103.064491 3.15
v 8.333602 103.228577 3.15
v 8.313142 103.391838 3.15
v 8.284569 103.553879 3.15
v 8.247955 103.714302 3.15
v 8.20339 103.872688 3.15
v 8.150986 104.028664 3.15
v 8.090872 104.181831 3.15
v 8.023197 104.331818 3.15
v 7.948131 104.478241 3.15
v 7.86586 104.620735 3.15
v 7.776588 104.758957 3.15
v 7.680537 104.892555 3.15
v 7.577947 105.021202 3.15
v 7.469071 105.144569 3.15
v 7.354181 105.26236 3.15
v 7.233563 105.374275 3.15
v 7.107516 105.480042 3.15
v 6.976354 105.579399 3.15
v 6.840403 105.672089 3.15
v 6.7 105.757881 3.15
v 6.555495 105.836578 3.15
v 6.407248 105.907967 3.15
v 6.255625 105.971886 3.15
v 6.101006 106.02816 3.15
v 5.943774 106.07666 3.15
v 5.784319 106.117264 3.15
v 5.623039 106.149864 3.15
v 5.460334 106.174393 3.15
v 5.296609 106.190773 3.15
v 5.132271 106.198975 3.15
v 4.967729 106.198975 3.15
v 4.803391 106.190773 3.15
v 4.639666 106.174393 3.15
v 4.476961 106.149864 3.15
v 4.315681 106.117264 3.15
v 4.156227 106.07666 3.15
v 3.998994 106.02816 3.15
v 3.844375 105.971886 3.15
v 3.692753 105.907967 3.15
v 3.544505 105.836578 3.15
v 3.4 105.757881 3.15
v 3.259597 105.672089 3.15
v 3.123646 105.579399 3.15
v 2.992484 105.480042 3.15
v 2.866437 105.374275 3.15
v 2.745819 105.26236 3.15
v 2.630929 105.144569 3.15
v 2.522053 105.021202 3.15
v 2.419463 104.892555 3.15
v 2.323412 104.758957 3.15
v 2.23414 104.620735 3.15
v 2.151869 104.478241 3.15
v 2.076803 104.331818 3.15
v 2.009129 104.181831 3.15
v 1.949014 104.028664 3.15
v 1.89661 103.872688 3.15
v 1.852045 103.714302 3.15
v 1.815431 103.553879 3.15
v 1.786858 103.391838 3.15
v 1.766398 103.228577 3.15
v 1.754102 103.064491 3.15
v 1.75 102.900002 3.15
v 1.754102 102.735512 3.15
v 1.766398 102.571426 3.15
v 1.786858 102.408157 3.15
v 1.815431 102.246117 3.15
v 1.852045 102.085701 3.15
v 1.89661 101.927307 3.15
v 1.949014 101.771332 3.15
v 2.009129 101.618164 3.15
v 2.076803 101.468185 3.15
v 2.151869 101.321762 3.15
v 2.23414 101.17926 3.15
v 2.323412 101.041046 3.15
v 2.419463 100.907448 3.15
v 2.522053 100.778801 3.15
v 2.630929 100.655434 3.15
v 2.745819 100.537636 3.15
v 2.866437 100.42572 3.15
v 2.992484 100.319954 3.15
v 3.123646 100.220604 3.15
v 3.259597 100.127914 3.15
v 3.4 100.042114 3.15
v 3.544505 99.963425 3.15
v 3.692753 99.892029 3.15
v 3.844375 99.828117 3.15
v 3.998994 99.771843 3.15
v 4.156227 99.723343 3.15
v 4.315681 99.682739 3.15
v 4.476961 99.650131 3.15
v 4.639666 99.62561 3.15
v 4.803391 99.60923 3.15
v 4.967729 99.601028 3.15
v 5.132271 99.601028 3.15
v 5.296609 99.60923 3.15
v 5.460334 99.62561 3.15
v 5.623039 99.650131 3.15
v 5.784319 99.682739 3.15
v 5.943774 99.723343 3.15
v 6.101006 99.771843 3.15
v 6.255625 99.828117 3.15
v 6.407248 99.892029 3.15
v 6.555495 99.963425 3.15
v 6.7 100.042114 3.15
v 6.840403 100.127914 3.15
v 6.976354 100.220604 3.15
v 7.107516 100.319954 3.15
v 7.233563 100.42572 3.15
v 7.354181 100.537636 3.15
v 7.469071 100.655434 3.15
v 7.577947 100.778801 3.15
v 7.680537 100.907448 3.15
v 7.776588 101.041046 3.15
v 7.86586 101.17926 3.15
v 7.948131 101.321762 3.15
v 8.023197 101.468185 3.15
v 8.090872 101.618164 3.15
v 8.150986 101.771332 3.15
v 8.20339 101.927307 3.15
v 8.247955 102.085701 3.15
v 8.284569 102.246117 3.15
v 8.313142 102.408157 3.15
v 8.333602 102.571426 3.15
v 8.345898 102.735512 3.15
v 65.25 102.900002 3.15
v 65.245895 103.064491 3.15
v 65.233604 103.228577 3.15
v 65.213142 103.391838 3.15
v 65.18457 103.553879 3.15
v 65.147957 103.714302 3.15
v 65.103394 103.872688 3.15
v 65.050987 104.028664 3.15
v 64.990875 104.181831 3.15
v 64.923195 104.331818 3.15
v 64.848129 104.478241 3.15
v 64.765862 104.620735 3.15
v 64.67659 104.758957 3.15
v 64.580536 104.892555 3.15
v 64.477943 105.021202 3.15
v 64.369072 105.144569 3.15
v 64.254181 105.26236 3.15
v 64.13356 105.374275 3.15
v 64.007515 105.480042 3.15
v 63.876354 105.579399 3.15
v 63.740402 105.672089 3.15
v 63.599998 105.757881 3.15
v 63.455494 105.836578 3.15
v 63.307247 105.907967 3.15
v 63.155624 105.971886 3.15
v 63.001007 106.02816 3.15
v 62.843773 106.07666 3.15
v 62.684319 106.117264 3.15
v 62.523041 106.149864 3.15
v 62.360332 106.174393 3.15
v 62.196609 106.190773 3.15
v 62.032272 106.198975 3.15
v 61.867729 106.198975 3.15
v 61.703392 106.190773 3.15
v 61.539665 106.174393 3.15
v 61.376961 106.149864 3.15
v 61.215679 106.117264 3.15
v 61.056225 106.07666 3.15
v 60.898994 106.02816 3.15
v 60.744373 105.971886 3.15
v 60.592754 105.907967 3.15
v 60.444504 105.836578 3.15
v 60.299999 105.757881 3.15
v 60.159595 105.672089 3.15
v 60.023647 105.579399 3.15
v 59.892483 105.480042 3.15
v 59.766438 105.374275 3.15
v 59.645817 105.26236 3.15
v 59.53093 105.144569 3.15
v 59.422054 105.021202 3.15
v 59.319462 104.892555 3.15
v 59.223412 104.758957 3.15
v 59.13414 104.620735 3.15
v 59.051868 104.478241 3.15
v 58.976803 104.331818 3.15
v 58.90913 104.181831 3.15
v 58.849014 104.028664 3.15
v 58.796608 103.872688 3.15
v 58.752045 103.714302 3.15
v 58.715431 103.553879 3.15
v 58.686859 103.391838 3.15
v 58.666397 103.228577 3.15
v 58.654102 103.064491 3.15
v 58.650002 102.900002 3.15
v 58.654102 102.735512 3.15
v 58.666397 102.571426 3.15
v 58.686859 102.408157 3.15
v 58.715431 102.246117 3.15
v 58.752045 102.085701 3.15
v 58.796608 101.927307 3.15
v 58.849014 101.771332 3.15
v 58.90913 101.618164 3.15
v 58.976803 101.468185 3.15
v 59.051868 101.321762 3.15
v 59.13414 101.17926 3.15
v 59.223412 101.041046 3.15
v 59.319462 100.907448 3.15
v 59.422054 100.778801 3.15
v 59.53093 100.655434 3.15
v 59.645817 100.537636 3.15
v 59.766438 100.42572 3.15
v 59.892483 100.319954 3.15
v 60.023647 100.220604 3.15
v 60.159595 100.127914 3.15
v 60.299999 100.042114 3.15
v 60.444504 99.963425 3.15
v 60.592754 99.892029 3.15
v 60.744373 99.828117 3.15
v 60.898994 99.771843 3.15
v 61.056225 99.723343 3.15
v 61.215679 99.682739 3.15
v 61.376961 99.650131 3.15
v 61.539665 99.62561 3.15
v 61.703392 99.60923 3.15
v 61.867729 99.601028 3.15
v 62.032272 99.601028 3.15
v 62.196609 99.60923 3.15
v 62.360332 99.62561 3.15
v 62.523041 99.650131 3.15
v 62.684319 99.682739 3.15
v 62.843773 99.723343 3.15
v 63.001007 99.771843 3.15
v 63.155624 99.828117 3.15
v 63.307247 99.892029 3.15
v 63.455494 99.963425 3.15
v 63.599998 100.042114 3.15
v 63.740402 100.127914 3.15
v 63.876354 100.220604 3.15
v 64.007515 100.319954 3.15
v 64.13356 100.42572 3.15
v 64.254181 100.537636 3.15
v 64.369072 100.655434 3.15
v 64.477943 100.778801 3.15
v 64.580536 100.907448 3.15
v 64.67659 101.041046 3.15
v 64.765862 101.17926 3.15
v 64.848129 101.321762 3.15
v 64.923195 101.468185 3.15
v 64.990875 101.618164 3.15
v 65.050987 101.771332 3.15
v 65.103394 101.927307 3.15
v 65.147957 102.085701 3.15
v 65.18457 102.246117 3.15
v 65.213142 102.408157 3.15
v 65.233604 102.571426 3.15
v 65.245895 102.735512 3.15
v 3.15 100.127914 18.040403
v 3.15 100.220604 18.176353
v 3.15 100.319954 14.192484
v 3.15 100.42572 14.066437
v 3.15 1.825722 14.066437
v 3.15 6.979395 18.176353
v 3.15 6.880044 14.192484
v 66.0 8.6 4.5
v 1.0 8.6 4.5
v 1.0 98.599998 4.5
v 66.0 98.599998 4.5
v 8.35 4.3 29.5
v 8.345898 4.464491 29.5
v 8.333602 4.628574 29.5
v 8.313142 4.79184 29.5
v 8.284569 4.953882 29.5
v 8.247955 5.114299 29.5
v 8.20339 5.272692 29.5
v 8.150986 5.428667 29.5
v 8.090872 5.581835 29.5
v 8.023197 5.731816 29.5
v 7.948131 5.878238 29.5
v 7.86586 6.020736 29.5
v 7.776588 6.158956 29.5
v 7.680537 6.292554 29.5
v 7.577947 6.421199 29.5
v 7.469071 6.54457 29.5
v 7.354181 6.662361 29.5
v 7.233563 6.774278 29.5
v 7.107516 6.880044 29.5
v 6.976354 6.979395 29.5
v 6.840403 7.072085 29.5
v 6.7 7.157884 29.5
v 6.555495 7.236577 29.5
v 6.407248 7.307969 29.5
v 6.255625 7.371883 29.5
v 6.101006 7.42816 29.5
v 5.943774 7.47666 29.5
v 5.784319 7.517262 29.5
v 5.623039 7.549866 29.5
v 5.460334 7.574389 29.5
v 5.296609 7.590773 29.5
v 5.132271 7.598974 29.5
v 4.967729 7.598974 29.5
v 4.803391 7.590773 29.5
v 4.639666 7.574389 29.5
v 4.476961 7.549866 29.5
v 4.315681 7.517262 29.5
v 4.156227 7.47666 29.5
v 3.998994 7.42816 29.5
v 3.844375 7.371883 29.5
v 3.692753 7.307969 29.5
v 3.544505 7.236577 29.5
v 3.4 7.157884 29.5
v 3.259597 7.072085 29.5
v 3.123646 6.979395 29.5
v 2.992484 6.880044 29.5
v 2.866437 6.774278 29.5
v 2.745819 6.662361 29.5
v 2.630929 6.54457 29.5
v 2.522053 6.421199 29.5
v 2.419463 6.292554 29.5
v 2.323412 6.158956 29.5
v 2.23414 6.020736 29.5
v 2.151869 5.878238 29.5
v 2.076803 5.731816 29.5
v 2.009129 5.581835 29.5
v 1.949014 5.428667 29.5
v 1.89661 5.272692 29.5
v 1.852045 5.114299 29.5
v 1.815431 4.953882 29.5
v 1.786858 4.79184 29.5
v 1.766398 4.628574 29.5
v 1.754102 4.464491 29.5
v 1.75 4.3 29.5
v 1.754102 4.135509 29.5
v 1.766398 3.971426 29.5
v 1.786858 3.808161 29.5
v 1.815431 3.646118 29.5
v 1.852045 3.485701 29.5
v 1.89661 3.327308 29.5
v 1.949014 3.171334 29.5
v 2.009129 3.018165 29.5
v 2.076803 2.868184 29.5
v 2.151869 2.721762 29.5
v 2.23414 2.579264 29.5
v 2.323412 2.441044 29.5
v 2.419463 2.307446 29.5
v 2.522053 2.178801 29.5
v 2.630929 2.05543 29.5
v 2.745819 1.937639 29.5
v 2.866437 1.825722 29.5
v 2.992484 1.719956 29.5
v 3.123646 1.620605 29.5
v 3.259597 1.527914 29.5
v 3.4 1.442116 29.5
v 3.544505 1.363423 29.5
v 3.692753 1.292031 29.5
v 3.844375 1.228117 29.5
v 3.998994 1.17184 29.5
v 4.156227 1.12334 29.5
v 4.315681 1.082738 29.5
v 4.476961 1.050134 29.5
v 4.639666 1.025611 29.5
v 4.803391 1.009228 29.5
v 4.967729 1.001026 29.5
v 5.132271 1.001026 29.5
v 5.296609 1.009228 29.5
v 5.460334 1.025611 29.5
v 5.623039 1.050134 29.5
v 5.784319 1.082738 29.5
v 5.943774 1.12334 29.5
v 6.101006 1.17184 29.5
v 6.255625 1.228117 29.5
v 6.407248 1.292031 29.5
v 6.555495 1.363423 29.5
v 6.7 1.442116 29.5
v 6.840403 1.527914 29.5
v 6.976354 1.620605 29.5
v 7.107516 1.719956 29.5
v 7.233563 1.825722 29.5
v 7.354181 1.937639 29.5
v 7.469071 2.05543 29.5
v 7.577947 2.178801 29.5
v 7.680537 2.307446 29.5
v 7.776588 2.441044 29.5
v 7.86586 2.579264 29.5
v 7.948131 2.721762 29.5
v 8.023197 2.868184 29.5
v 8.090872 3.018165 29.5
v 8.150986 3.171334 29.5
v 8.20339 3.327308 29.5
v 8.247955 3.485701 29.5
v 8.284569 3.646118 29.5
v 8.313142 3.808161 29.5
v 8.333602 3.971426 29.5
v 8.345898 4.135509 29.5
v 65.25 4.3 29.5
v 65.245895 4.464491 29.5
v 65.233604 4.628574 29.5
v 65.213142 4.79184 29.5
v 65.18457 4.953882 29.5
v 65.147957 5.114299 29.5
v 65.103394 5.272692 29.5
v 65.050987 5.428667 29.5
v 64.990875 5.581835 29.5
v 64.923195 5.731816 29.5
v 64.848129 5.878238 29.5
v 64.765862 6.020736 29.5
v 64.67659 6.158956 29.5
v 64.580536 6.292554 29.5
v 64.477943 6.421199 29.5
v 64.369072 6.54457 29.5
v 64.254181 6.662361 29.5
v 64.13356 6.774278 29.5
v 64.007515 6.880044 29.5
v 63.876354 6.979395 29.5
v 63.740402 7.072085 29.5
v 63.599998 7.157884 29.5
v 63.455494 7.236577 29.5
v 63.307247 7.307969 29.5
v 63.155624 7.371883 29.5
v 63.001007 7.42816 29.5
v 62.843773 7.47666 29.5
v 62.684319 7.517262 29.5
v 62.523041 7.549866 29.5
v 62.360332 7.574389 29.5
v 62.196609 7.590773 29.5
v 62.032272 7.598974 29.5
v 61.867729 7.598974 29.5
v 61.703392 7.590773 29.5
v 61.539665 7.574389 29.5
v 61.376961 7.549866 29.5
v 61.215679 7.517262 29.5
v 61.056225 7.47666 29.5
v 60.898994 7.42816 29.5
v 60.744373 7.371883 29.5
v 60.592754 7.307969 29.5
v 60.444504 7.236577 29.5
v 60.299999 7.157884 29.5
v 60.159595 7.072085 29.5
v 60.023647 6.979395 29.5
v 59.892483 6.880044 29.5
v 59.766438 6.774278 29.5
v 59.645817 6.662361 29.5
v 59.53093 6.54457 29.5
v 59.422054 6.421199 29.5
v 59.319462 6.292554 29.5
v 59.223412 6.158956 29.5
v 59.13414 6.020736 29.5
v 59.051868 5.878238 29.5
v 58.976803 5.731816 29.5
v 58.90913 5.581835 29.5
v 58.849014 5.428667 29.5
v 58.796608 5.272692 29.5
v 58.752045 5.114299 29.5
v 58.715431 4.953882 29.5
v 58.686859 4.79184 29.5
v 58.666397 4.628574 29.5
v 58.654102 4.464491 29.5
v 58.650002 4.3 29.5
v 58.654102 4.135509 29.5
v 58.666397 3.971426 29.5
v 58.686859 3.808161 29.5
v 58.715431 3.646118 29.5
v 58.752045 3.485701 29.5
v 58.796608 3.327308 29.5
v 58.849014 3.171334 29.5
v 58.90913 3.018165 29.5
v 58.976803 2.868184 29.5
v 59.051868 2.721762 29.5
v 59.13414 2.579264 29.5
v 59.223412 2.441044 29.5
v 59.319462 2.307446 29.5
v 59.422054 2.178801 29.5
v 59.53093 2.05543 29.5
v 59.645817 1.937639 29.5
v 59.766438 1.825722 29.5
v 59.892483 1.719956 29.5
v 60.023647 1.620605 29.5
v 60.159595 1.527914 29.5
v 60.299999 1.442116 29.5
v 60.444504 1.363423 29.5
v 60.592754 1.292031 29.5
v 60.744373 1.228117 29.5
v 60.898994 1.17184 29.5
v 61.056225 1.12334 29.5
v 61.215679 1.082738 29.5
v 61.376961 1.050134 29.5
v 61.539665 1.025611 29.5
v 61.703392 1.009228 29.5
v 61.867729 1.001026 29.5
v 62.032272 1.001026 29.5
v 62.196609 1.009228 29.5
v 62.360332 1.025611 29.5
v 62.523041 1.050134 29.5
v 62.684319 1.082738 29.5
v 62.843773 1.12334 29.5
v 63.001007 1.17184 29.5
v 63.155624 1.228117 29.5
v 63.307247 1.292031 29.5
v 63.455494 1.363423 29.5
v 63.599998 1.442116 29.5
v 63.740402 1.527914 29.5
v 63.876354 1.620605 29.5
v 64.007515 1.719956 29.5
v 64.13356 1.825722 29.5
v 64.254181 1.937639 29.5
v 64.369072 2.05543 29.5
v 64.477943 2.178801 29.5
v 64.580536 2.307446 29.5
v 64.67659 2.441044 29.5
v 64.765862 2.579264 29.5
v 64.848129 2.721762 29.5
v 64.923195 2.868184 29.5
v 64.990875 3.018165 29.5
v 65.050987 3.171334 29.5
v 65.103394 3.327308 29.5
v 65.147957 3.485701 29.5
v 65.18457 3.646118 29.5
v 65.213142 3.808161 29.5
v 65.233604 3.971426 29.5
v 65.245895 4.135509 29.5
v 8.35 102.900002 29.5
v 8.345898 103.064491 29.5
v 8.333602 103.228577 29.5
v 8.313142 103.391838 29.5
v 8.284569 103.553879 29.5
v 8.247955 103.714302 29.5
v 8.20339 103.872688 29.5
v 8.150986 104.028664 29.5
v 8.090872 104.181831 29.5
v 8.023197 104.331818 29.5
v 7.948131 104.478241 29.5
v 7.86586 104.620735 29.5
v 7.776588 104.758957 29.5
v 7.680537 104.892555 29.5
v 7.577947 105.021202 29.5
v 7.469071 105.144569 29.5
v 7.354181 105.26236 29.5
v 7.233563 105.374275 29.5
v 7.107516 105.480042 29.5
v 6.976354 105.579399 29.5
v 6.840403 105.672089 29.5
v 6.7 105.757881 29.5
v 6.555495 105.836578 29.5
v 6.407248 105.907967 29.5
v 6.255625 105.971886 29.5
v 6.101006 106.02816 29.5
v 5.943774 106.07666 29.5
v 5.784319 106.117264 29.5
v 5.623039 106.149864 29.5
v 5.460334 106.174393 29.5
v 5.296609 106.190773 29.5
v 5.132271 106.198975 29.5
v 4.967729 106.198975 29.5
v 4.803391 106.190773 29.5
v 4.639666 106.174393 29.5
v 4.476961 106.149864 29.5
v 4.315681 106.117264 29.5
v 4.156227 106.07666 29.5
v 3.998994 106.02816 29.5
v 3.844375 105.971886 29.5
v 3.692753 105.907967 29.5
v 3.544505 105.836578 29.5
v 3.4 105.757881 29.5
v 3.259597 105.672089 29.5
v 3.123646 105.579399 29.5
v 2.992484 105.480042 29.5
v 2.866437 105.374275 29.5
v 2.745819 105.26236 29.5
v 2.630929 105.144569 29.5
v 2.522053 105.021202 29.5
v 2.419463 104.892555 29.5
v 2.323412 104.758957 29.5
v 2.23414 104.620735 29.5
v 2.151869 104.478241 29.5
v 2.076803 104.331818 29.5
v 2.009129 104.181831 29.5
v 1.949014 104.028664 29.5
v 1.89661 103.872688 29.5
v 1.852045 103.714302 29.5
v 1.815431 103.553879 29.5
v 1.786858 103.391838 29.5
v 1.766398 103.228577 29.5
v 1.754102 103.064491 29.5
v 1.75 102.900002 29.5
v 1.754102 102.735512 29.5
v 1.766398 102.571426 29.5
v 1.786858 102.408157 29.5
v 1.815431 102.246117 29.5
v 1.852045 102.085701 29.5
v 1.89661 101.927307 29.5
v 1.949014 101.771332 29.5
v 2.009129 101.618164 29.5
v 2.076803 101.468185 29.5
v 2.151869 101.321762 29.5
v 2.23414 101.17926 29.5
v 2.323412 101.041046 29.5
v 2.419463 100.907448 29.5
v 2.522053 100.778801 29.5
v 2.630929 100.655434 29.5
v 2.745819 100.537636 29.5
v 2.866437 100.42572 29.5
v 2.992484 100.319954 29.5
v 3.123646 100.220604 29.5
v 3.259597 100.127914 29.5
v 3.4 100.042114 29.5
v 3.544505 99.963425 29.5
v 3.692753 99.892029 29.5
v 3.844375 99.828117 29.5
v 3.998994 99.771843 29.5
v 4.156227 99.723343 29.5
v 4.315681 99.682739 29.5
v 4.476961 99.650131 29.5
v 4.639666 99.62561 29.5
v 4.803391 99.60923 29.5
v 4.967729 99.601028 29.5
v 5.132271 99.601028 29.5
v 5.296609 99.60923 29.5
v 5.460334 99.62561 29.5
v 5.623039 99.650131 29.5
v 5.784319 99.682739 29.5
v 5.943774 99.723343 29.5
v 6.101006 99.771843 29.5
v 6.255625 99.828117 29.5
v 6.407248 99.892029 29.5
v 6.555495 99.963425 29.5
v 6.7 100.042114 29.5
v 6.840403 100.127914 29.5
v 6.976354 100.220604 29.5
v 7.107516 100.319954 29.5
v 7.233563 100.42572 29.5
v 7.354181 100.537636 29.5
v 7.469071 100.655434 29.5
v 7.577947 100.778801 29.5
v 7.680537 100.907448 29.5
v 7.776588 101.041046 29.5
v 7.86586 101.17926 29.5
v 7.948131 101.321762 29.5
v 8.023197 101.468185 29.5
v 8.090872 101.618164 29.5
v 8.150986 101.771332 29.5
v 8.20339 101.927307 29.5
v 8.247955 102.085701 29.5
v 8.284569 102.246117 29.5
v 8.313142 102.408157 29.5
v 8.333602 102.571426 29.5
v 8.345898 102.735512 29.5
v 65.25 102.900002 29.5
v 65.245895 103.064491 29.5
v 65.233604 103.228577 29.5
v 65.213142 103.391838 29.5
v 65.18457 103.553879 29.5
v 65.147957 103.714302 29.5
v 65.103394 103.872688 29.5
v 65.050987 104.028664 29.5
v 64.990875 104.181831 29.5
v 64.923195 104.331818 29.5
v 64.848129 104.478241 29.5
v 64.765862 104.620735 29.5
v 64.67659 104.758957 29.5
v 64.580536 104.892555 29.5
v 64.477943 105.021202 29.5
v 64.369072 105.144569 29.5
v 64.254181 105.26236 29.5
v 64.13356 105.374275 29.5
v 64.007515 105.480042 29.5
v 63.876354 105.579399 29.5
v 63.740402 105.672089 29.5
v 63.599998 105.757881 29.5
v 63.455494 105.836578 29.5
v 63.307247 105.907967 29.5
v 63.155624 105.971886 29.5
v 63.001007 106.02816 29.5
v 62.843773 106.07666 29.5
v 62.684319 106.117264 29.5
v 62.523041 106.149864 29.5
v 62.360332 106.174393 29.5
v 62.196609 106.190773 29.5
v 62.032272 106.198975 29.5
v 61.867729 106.198975 29.5
v 61.703392 106.190773 29.5
v 61.539665 106.174393 29.5
v 61.376961 106.149864 29.5
v 61.215679 106.117264 29.5
v 61.056225 106.07666 29.5
v 60.898994 106.02816 29.5
v 60.744373 105.971886 29.5
v 60.592754 105.907967 29.5
v 60.444504 105.836578 29.5
v 60.299999 105.757881 29.5
v 60.159595 105.672089 29.5
v 60.023647 105.579399 29.5
v 59.892483 105.480042 29.5
v 59.766438 105.374275 29.5
v 59.645817 105.26236 29.5
v 59.53093 105.144569 29.5
v 59.422054 105.021202 29.5
v 59.319462 104.892555 29.5
v 59.223412 104.758957 29.5
v 59.13414 104.620735 29.5
v 59.051868 104.478241 29.5
v 58.976803 104.331818 29.5
v 58.90913 104.181831 29.5
v 58.849014 104.028664 29.5
v 58.796608 103.872688 29.5
v 58.752045 103.714302 29.5
v 58.715431 103.553879 29.5
v 58.686859 103.391838 29.5
v 58.666397 103.228577 29.5
v 58.654102 103.064491 29.5
v 58.650002 102.900002 29.5
v 58.654102 102.735512 29.5
v 58.666397 102.571426 29.5
v 58.686859 102.408157 29.5
v 58.715431 102.246117 29.5
v 58.752045 102.085701 29.5
v 58.796608 101.927307 29.5
v 58.849014 101.771332 29.5
v 58.90913 101.618164 29.5
v 58.976803 101.468185 29.5
v 59.051868 101.321762 29.5
v 59.13414 101.17926 29.5
v 59.223412 101.041046 29.5
v 59.319462 100.907448 29.5
v 59.422054 100.778801 29.5
v 59.53093 100.655434 29.5
v 59.645817 100.537636 29.5
v 59.766438 100.42572 29.5
v 59.892483 100.319954 29.5
v 60.023647 100.220604 29.5
v 60.159595 100.127914 29.5
v 60.299999 100.042114 29.5
v 60.444504 99.963425 29.5
v 60.592754 99.892029 29.5
v 60.744373 99.828117 29.5
v 60.898994 99.771843 29.5
v 61.056225 99.723343 29.5
v 61.215679 99.682739 29.5
v 61.376961 99.650131 29.5
v 61.539665 99.62561 29.5
v 61.703392 99.60923 29.5
v 61.867729 99.601028 29.5
v 62.032272 99.601028 29.5
v 62.196609 99.60923 29.5
v 62.360332 99.62561 29.5
v 62.523041 99.650131 29.5
v 62.684319 99.682739 29.5
v 62.843773 99.723343 29.5
v 63.001007 99.771843 29.5
v 63.155624 99.828117 29.5
v 63.307247 99.892029 29.5
v 63.455494 99.963425 29.5
v 63.599998 100.042114 29.5
v 63.740402 100.127914 29.5
v 63.876354 100.220604 29.5
v 64.007515 100.319954 29.5
v 64.13356 100.42572 29.5
v 64.254181 100.537636 29.5
v 64.369072 100.655434 29.5
v 64.477943 100.778801 29.5
v 64.580536 100.907448 29.5
v 64.67659 101.041046 29.5
v 64.765862 101.17926 29.5
v 64.848129 101.321762 29.5
v 64.923195 101.468185 29.5
v 64.990875 101.618164 29.5
v 65.050987 101.771332 29.5
v 65.103394 101.927307 29.5
v 65.147957 102.085701 29.5
v 65.18457 102.246117 29.5
v 65.213142 102.408157 29.5
v 65.233604 102.571426 29.5
v 65.245895 102.735512 29.5
v 1.001174 8.601174 4.431477
v 65.998825 8.601174 4.431477
v 65.995308 8.604695 4.363033
v 1.004696 8.604695 4.363033
v 65.989441 8.610559 4.294751
v 1.01056 8.610559 4.294751
v 65.981239 8.61876 4.22671
v 1.01876 8.61876 4.22671
v 65.970711 8.629287 4.158989
v 1.029287 8.629287 4.158989
v 65.95787 8.642127 4.09167
v 1.042127 8.642127 4.09167
v 65.942734 8.657267 4.024829
v 1.057267 8.657267 4.024829
v 65.925316 8.674687 3.958546
v 1.074688 8.674687 3.958546
v 65.905632 8.694369 3.8929
v 1.094369 8.694369 3.8929
v 65.883713 8.716289 3.827966
v 1.116288 8.716289 3.827966
v 1.140419 8.740419 3.763821
v 65.859581 8.740419 3.763821
v 1.166734 8.766734 3.700541
v 65.833267 8.766734 3.700541
v 1.195201 8.795201 3.638199
v 65.804802 8.795201 3.638199
v 1.225788 8.825788 3.576869
v 65.774216 8.825788 3.576869
v 1.258457 8.858458 3.516623
v 65.741539 8.858458 3.516623
v 1.293172 8.893172 3.457533
v 65.706825 8.893172 3.457533
v 1.329891 8.929891 3.399666
v 65.670113 8.929891 3.399666
v 1.368571 8.968571 3.343091
v 65.631432 8.968571 3.343091
v 1.409166 9.009167 3.287874
v 65.590836 9.009167 3.287874
v 1.45163 9.05163 3.234081
v 65.54837 9.05163 3.234081
v 1.495912 9.095912 3.181774
v 65.504089 9.095912 3.181774
v 1.54196 9.141959 3.131016
v 65.458038 9.141959 3.131016
v 1.58972 9.189719 3.081864
v 65.410278 9.189719 3.081864
v 1.639135 9.239136 3.034378
v 65.360863 9.239136 3.034378
v 1.690149 9.290149 2.988613
v 65.309853 9.290149 2.988613
v 1.742701 9.342701 2.944623
v 65.257301 9.342701 2.944623
v 1.796729 9.396729 2.902458
v 65.20327 9.396729 2.902458
v 1.85217 9.45217 2.86217
v 65.147827 9.45217 2.86217
v 1.908959 9.508959 2.823805
v 65.091042 9.508959 2.823805
v 1.967029 9.567029 2.787408
v 65.032974 9.567029 2.787408
v 2.026312 9.626312 2.753022
v 64.973686 9.626312 2.753022
v 2.107122 9.707122 2.710372
v 64.892876 9.707122 2.710372
v 2.200253 9.800253 2.666859
v 64.799744 9.800253 2.666859
v 2.295496 9.895496 2.62819
v 64.704506 9.895496 2.62819
v 64.607399 9.9926 2.594464
v 2.392601 9.9926 2.594464
v 64.50869 10.09131 2.565773
v 2.491309 10.09131 2.565773
v 64.408638 10.191362 2.542191
v 2.591362 10.191362 2.542191
v 64.307503 10.292495 2.523781
v 2.692494 10.292495 2.523781
v 64.205559 10.394439 2.510592
v 2.794439 10.394439 2.510592
v 64.103073 10.496926 2.502658
v 2.896926 10.496926 2.502658
v 64.051552 10.548446 2.500664
v 2.948446 10.548446 2.500664
v 3.0 10.6 2.5
v 64.0 10.6 2.5
v 1.001174 98.598824 4.431477
v 1.004696 98.595306 4.363033
v 1.01056 98.589439 4.294751
v 1.01876 98.581238 4.22671
v 1.029287 98.570717 4.158989
v 1.042127 98.557877 4.09167
v 1.057267 98.542732 4.024829
v 1.074688 98.525314 3.958546
v 1.094369 98.50563 3.8929
v 1.116288 98.483711 3.827966
v 1.140419 98.459579 3.763821
v 1.166734 98.433266 3.700541
v 1.195201 98.4048 3.638199
v 1.225788 98.374214 3.576869
v 1.258457 98.341545 3.516623
v 1.293172 98.306831 3.457533
v 1.329891 98.270111 3.399666
v 1.368571 98.23143 3.343091
v 1.409166 98.190834 3.287874
v 1.45163 98.148369 3.234081
v 1.495912 98.104088 3.181774
v 1.54196 98.058037 3.131016
v 1.58972 98.010277 3.081864
v 1.639135 97.960861 3.034378
v 1.690149 97.909851 2.988613
v 1.742701 97.8573 2.944623
v 1.796729 97.803268 2.902458
v 1.85217 97.747833 2.86217
v 1.908959 97.69104 2.823805
v 1.967029 97.632973 2.787408
v 2.026312 97.573685 2.753022
v 2.107122 97.492874 2.710372
v 2.200253 97.39975 2.666859
v 2.295496 97.304504 2.62819
v 2.392601 97.207397 2.594464
v 2.491309 97.108688 2.565773
v 2.591362 97.008636 2.542191
v 2.692494 96.907509 2.523781
v 2.794439 96.805565 2.510592
v 2.896926 96.703072 2.502658
v 2.948446 96.65155 2.500664
v 3.0 96.599998 2.5
v 65.998825 98.598824 4.431477
v 65.995308 98.595306 4.363033
v 65.989441 98.589439 4.294751
v 65.981239 98.581238 4.22671
v 65.970711 98.570717 4.158989
v 65.95787 98.557877 4.09167
v 65.942734 98.542732 4.024829
v 65.925316 98.525314 3.958546
v 65.905632 98.50563 3.8929
v 65.883713 98.483711 3.827966
v 65.859581 98.459579 3.763821
v 65.833267 98.433266 3.700541
v 65.804802 98.4048 3.638199
v 65.774216 98.374214 3.576869
v 65.741539 98.341545 3.516623
v 65.706825 98.306831 3.457533
v 65.670113 98.270111 3.399666
v 65.631432 98.23143 3.343091
v 65.590836 98.190834 3.287874
v 65.54837 98.148369 3.234081
v 65.504089 98.104088 3.181774
v 65.458038 98.058037 3.131016
v 65.410278 98.010277 3.081864
v 65.360863 97.960861 3.034378
v 65.309853 97.909851 2.988613
v 65.257301 97.8573 2.944623
v 65.20327 97.803268 2.902458
v 65.147827 97.747833 2.86217
v 65.091042 97.69104 2.823805
v 65.032974 97.632973 2.787408
v 64.973686 97.573685 2.753022
v 64.892876 97.492874 2.710372
v 64.799744 97.39975 2.666859
v 64.704506 97.304504 2.62819
v 64.607399 97.207397 2.594464
v 64.50869 97.108688 2.565773
v 64.408638 97.008636 2.542191
v 64.307503 96.907509 2.523781
v 64.205559 96.805565 2.510592
v 64.103073 96.703072 2.502658
v 64.051552 96.65155 2.500664
v 64.0 96.599998 2.5
v 21.0 42.349998 2.5
v 21.0 31.1 2.5
v 46.0 31.1 2.5
v 46.0 42.349998 2.5
v 21.0 64.849998 2.5
v 21.0 76.099998 2.5
v 46.0 64.849998 2.5
v 46.0 76.099998 2.5
v 46.0 31.1 4.0
v 21.0 31.1 4.0
v 21.0 42.349998 4.0
v 46.0 42.349998 4.0
v 46.0 64.849998 4.0
v 21.0 64.849998 4.0
v 46.0 76.099998 4.0
v 21.0 76.099998 4.0
vn -1.0 -0.0 0.0
vn -1.0 -0.0 0.0
vn -1.0 -0.0 0.0
vn -1.0 -0.0 0.0
vn -1.0 -0.0 0.0
vn -1.0 -0.0 -0.0
vn -1.0 -0.0 0.0
vn -1.0 -0.0 -0.0
vn -1.0 -0.0 0.0
vn -1.0 -0.0 -0.0
vn -1.0 -0.0 0.0
vn -1.0 -0.0 -0.0
vn -1.0 -0.0 0.0
vn -1.0 -0.0 -0.0
vn -1.0 -0.0 0.0
vn -1.0 -0.0 -0.0
vn -1.0 -0.0 0.0
vn -1.0 -0.0 -0.0
vn -1.0 -0.0 0.0
vn -1.0 -0.0 -0.0
vn -1.0 -0.0 0.0
vn -1.0 -0.0 -0.0
vn -1.0 -0.0 0.0
vn -1.0 -0.0 -0.0
vn -1.0 -0.0 0.0
vn -1.0 -0.0 -0.0
vn -1.0 -0.0 0.0
vn -1.0 -0.0 -0.0
vn -1.0 -0.0 0.0
vn -1.0 -0.0 -0.0
vn -1.0 -0.0 0.0
vn -1.0 0.0 0.0
vn -1.0 0.0 0.0
vn -1.0 0.0 0.0
vn -1.0 0.0 0.0
vn -1.0 0.0 0.0
vn -1.0 0.0 0.0
vn -1.0 0.0 0.0
vn -1.0 0.0 0.0
vn -1.0 0.0 0.0
vn -1.0 0.0 0.0
vn -1.0 0.0 0.0
vn -1.0 0.0 0.0
vn -1.0 0.0 0.0
vn -1.0 0.0 0.0
vn -1.0 0.0 0.0
vn -1.0 0.0 0.0
vn -1.0 0.0 0.0
vn -1.0 0.0 0.0
vn -1.0 0.0 0.0
vn -1.0 0.0 0.0
vn -1.0 -0.0 -0.0
vn -1.0 0.0 -0.0
vn -1.0 0.0 -0.0
vn -1.0 0.0 -0.0
vn -1.0 0.0 -0.0
vn -1.0 0.0 -0.0
vn -1.0 0.0 -0.0
vn -1.0 0.0 -0.0
vn -1.0 0.0 -0.0
vn -1.0 0.0 -0.0
vn -1.0 0.0 -0.0
vn -1.0 0.0 -0.0
vn -1.0 0.0 -0.0
vn -1.0 0.0 -0.0
vn -1.0 0.0 -0.0
vn -1.0 0.0 -0.0
vn -1.0 0.0 -0.0
vn -1.0 0.0 -0.0
vn -1.0 0.0 -0.0
vn -1.0 0.0 -0.0
vn -1.0 0.0 -0.0
vn -1.0 0.0 0.0
vn -1.0 0.0 0.0
vn -1.0 0.0 0.0
vn -1.0 0.0 0.0
vn -1.0 0.0 0.0
vn -1.0 0.0 0.0
vn -1.0 0.0 0.0
vn -1.0 0.0 0.0
vn -1.0 0.0 0.0
vn -1.0 0.0 0.0
vn -1.0 0.0 0.0
vn -1.0 0.0 0.0
vn -1.0 -0.0 0.0
vn -1.0 -0.0 0.0
vn -1.0 -0.0 0.0
vn -1.0 -0.0 0.0
vn -1.0 -0.0 0.0
vn -1.0 -0.0 0.0
vn -1.0 -0.0 0.0
vn -1.0 -0.0 0.0
vn -1.0 -0.0 0.0
vn -1.0 -0.0 0.0
vn -1.0 -0.0 0.0
vn -1.0 -0.0 0.0
vn -1.0 -0.0 0.0
vn -1.0 -0.0 0.0
vn -1.0 -0.0 0.0
vn -1.0 -0.0 0.0
vn -1.0 -0.0 0.0
vn -1.0 -0.0 0.0
vn -1.0 -0.0 0.0
vn -1.0 -0.0 0.0
vn -1.0 -0.0 0.0
vn -1.0 -0.0 0.0
vn -1.0 -0.0 0.0
vn -1.0 -0.0 0.0
vn -1.0 -0.0 0.0
vn -1.0 -0.0 0.0
vn -1.0 -0.0 0.0
vn -1.0 0.0 0.0
vn -1.0 0.0 0.0
vn -1.0 -0.0 0.0
vn -1.0 -0.0 -0.0
vn -1.0 0.0 -0.0
vn -1.0 0.0 -0.0
vn -1.0 -0.0 0.0
vn -1.0 0.0 -0.0
vn -1.0 -0.0 0.0
vn -1.0 0.0 -0.0
vn -1.0 0.0 -0.0
vn -1.0 -0.0 0.0
vn -1.0 0.0 -0.0
vn -1.0 0.0 -0.0
vn -1.0 -0.0 0.0
vn -1.0 -0.0 -0.0
vn -1.0 0.0 -0.0
vn -1.0 0.0 -0.0
vn -1.0 -0.0 0.0
vn -1.0 0.0 -0.0
vn -1.0 -0.0 0.0
vn -1.0 0.0 -0.0
vn -1.0 0.0 -0.0
vn -1.0 -0.0 0.0
vn -1.0 0.0 -0.0
vn -1.0 0.0 -0.0
vn -1.0 -0.0 0.0
vn -1.0 0.0 -0.0
vn -1.0 0.0 -0.0
vn -1.0 -0.0 0.0
vn -1.0 0.0 -0.0
vn -1.0 0.0 -0.0
vn -1.0 -0.0 0.0
vn -1.0 0.0 -0.0
vn -1.0 0.0 -0.0
vn -1.0 -0.0 0.0
vn -1.0 0.0 -0.0
vn -1.0 0.0 -0.0
vn -1.0 0.0 0.0
vn -1.0 0.0 -0.0
vn -1.0 0.0 -0.0
vn -1.0 0.0 0.0
vn -1.0 0.0 -0.0
vn -1.0 0.0 -0.0
vn -1.0 0.0 0.0
vn -1.0 0.0 -0.0
vn -1.0 0.0 -0.0
vn -1.0 0.0 0.0
vn -1.0 0.0 -0.0
vn -1.0 -0.0 -0.0
vn -1.0 0.0 -0.0
vn -1.0 0.0 0.0
vn -1.0 0.0 -0.0
vn -1.0 0.0 0.0
vn -1.0 0.0 -0.0
vn -1.0 0.0 -0.0
vn -1.0 0.0 0.0
vn -1.0 0.0 -0.0
vn -1.0 0.0 -0.0
vn -1.0 0.0 0.0
vn -1.0 0.0 -0.0
vn -1.0 0.0 -0.0
vn -1.0 0.0 0.0
vn -1.0 0.0 -0.0
vn -1.0 0.0 -0.0
vn -1.0 0.0 0.0
vn -1.0 0.0 -0.0
vn -1.0 0.0 -0.0
vn -1.0 0.0 0.0
vn -1.0 0.0 -0.0
vn -1.0 0.0 -0.0
vn -1.0 0.0 0.0
vn -1.0 0.0 0.0
vn -1.0 0.0 -0.0
vn -1.0 0.0 -0.0
vn -1.0 0.0 0.0
vn -1.0 0.0 0.0
vn -1.0 0.0 0.0
vn -1.0 0.0 0.0
vn -1.0 0.0 0.0
vn -1.0 0.0 0.0
vn -1.0 0.0 -0.0
vn -1.0 0.0 -0.0
vn -1.0 0.0 -0.0
vn -1.0 0.0 -0.0
vn -1.0 0.0 -0.0
vn -1.0 0.0 -0.0
vn -1.0 0.0 -0.0
vn -1.0 0.0 -0.0
vn -1.0 0.0 -0.0
vn -1.0 0.0 -0.0
vn -1.0 0.0 -0.0
vn -1.0 0.0 -0.0
vn -1.0 -0.0 0.0
vn -1.0 -0.0 0.0
vn -1.0 -0.0 0.0
vn -1.0 -0.0 0.0
vn -1.0 -0.0 -0.0
vn -1.0 -0.0 -0.0
vn -1.0 -0.0 -0.0
vn -1.0 -0.0 -0.0
vn -1.0 -0.0 -0.0
vn -1.0 -0.0 -0.0
vn -1.0 -0.0 -0.0
vn -1.0 -0.0 -0.0
vn -1.0 -0.0 -0.0
vn -1.0 0.0 0.0
vn -1.0 -0.0 -0.0
vn -1.0 -0.0 -0.0
vn -1.0 -0.0 -0.0
vn -1.0 -0.0 -0.0
vn -1.0 -0.0 -0.0
vn -1.0 -0.0 -0.0
vn -1.0 -0.0 -0.0
vn -1.0 -0.0 -0.0
vn -1.0 -0.0 -0.0
vn -1.0 0.0 0.0
vn -1.0 0.0 0.0
vn -1.0 0.0 0.0
vn -1.0 0.0 0.0
vn -1.0 0.0 0.0
vn -1.0 0.0 0.0
vn -1.0 0.0 0.0
vn -1.0 0.0 0.0
vn -1.0 0.0 0.0
vn -1.0 0.0 0.0
vn -1.0 0.0 0.0
vn -1.0 0.0 0.0
vn -1.0 0.0 0.0
vn -1.0 0.0 0.0
vn -1.0 0.0 0.0
vn -1.0 0.0 0.0
vn -1.0 0.0 0.0
vn -1.0 0.0 0.0
vn -1.0 0.0 0.0
vn -1.0 -0.0 0.0
vn -1.0 -0.0 0.0
vn -1.0 -0.0 0.0
vn -1.0 -0.0 0.0
vn -1.0 -0.0 0.0
vn -1.0 -0.0 0.0
vn -1.0 -0.0 0.0
vn -1.0 -0.0 0.0
vn -1.0 0.0 -0.0
vn -1.0 0.0 -0.0
vn -1.0 -0.0 -0.0
vn -1.0 -0.0 -0.0
vn 0.0 -1.0 0.0
vn -0.0 -1.0 0.0
vn 0.0 -1.0 -0.0
vn 0.0 -1.0 -0.0
vn -0.0 -1.0 -0.0
vn 0.0 -1.0 -0.0
vn -0.0 -1.0 -0.0
vn -0.0 -1.0 -0.0
vn -0.0 -1.0 -0.0
vn -0.0 -1.0 -0.0
vn -0.0 -1.0 -0.0
vn -0.0 -1.0 -0.0
vn 0.0 -1.0 -0.0
vn 0.0 -1.0 -0.0
vn -0.0 -1.0 -0.0
vn -0.0 -1.0 -0.0
vn -0.0 -1.0 -0.0
vn 0.0 -1.0 -0.0
vn 0.0 -1.0 -0.0
vn -0.0 -1.0 -0.0
vn 0.0 -1.0 -0.0
vn 0.0 -1.0 -0.0
vn 0.0 -1.0 -0.0
vn 0.0 -1.0 -0.0
vn -0.0 -1.0 -0.0
vn -0.0 -1.0 -0.0
vn 0.0 -1.0 -0.0
vn -0.0 -1.0 -0.0
vn 0.0 -1.0 0.0
vn 0.0 -1.0 -0.0
vn -0.0 -1.0 -0.0
vn -0.0 -1.0 -0.0
vn -0.0 -1.0 -0.0
vn 0.0 -1.0 -0.0
vn 0.0 -1.0 -0.0
vn -0.0 -1.0 -0.0
vn 0.0 -1.0 -0.0
vn 0.0 -1.0 -0.0
vn -0.0 -1.0 -0.0
vn 0.0 -1.0 -0.0
vn 0.0 -1.0 -0.0
vn 0.0 -1.0 -0.0
vn 0.0 -1.0 -0.0
vn 0.0 -1.0 -0.0
vn -0.0 -1.0 -0.0
vn -0.0 -1.0 -0.0
vn 0.0 -1.0 -0.0
vn -0.0 -1.0 -0.0
vn 0.0 -1.0 -0.0
vn 0.0 -1.0 -0.0
vn 0.0 -1.0 -0.0
vn 0.0 -1.0 -0.0
vn 0.0 -1.0 -0.0
vn 0.0 -1.0 -0.0
vn 0.0 -1.0 0.0
vn 0.0 -1.0 -0.0
vn 0.0 -1.0 0.0
vn 0.0 -1.0 0.0
vn -0.999807 0.0 0.019633
vn -0.999807 0.0 0.019633
vn -0.998298 0.0 0.058325
vn -0.995348 0.0 0.096349
vn -0.998298 0.0 0.058325
vn -0.990943 0.0 0.134283
vn -0.995348 0.0 0.096349
vn -0.990943 0.0 0.134283
vn -0.985088 0.0 0.172049
vn -0.985088 0.0 0.172049
vn -0.97776 0.0 0.209725
vn -0.97776 0.0 0.209725
vn -0.968975 0.0 0.247157
vn -0.968975 0.0 0.247157
vn -0.959234 0.0 0.282612
vn -0.959234 0.0 0.282612
vn -0.948166 0.0 0.317776
vn -0.935105 0.0 0.35437
vn -0.948166 0.0 0.317776
vn -0.920513 0.0 0.390712
vn -0.935105 0.0 0.35437
vn -0.904169 0.0 0.427175
vn -0.920513 0.0 0.390712
vn -0.886256 0.0 0.463196
vn -0.904169 0.0 0.427175
vn -0.866853 0.0 0.498564
vn -0.886256 0.0 0.463196
vn -0.844591 0.0 0.535413
vn -0.866853 0.0 0.498564
vn -0.819389 0.0 0.573238
vn -0.84459 0.0 0.535413
vn -0.794336 0.0 0.607479
vn -0.819389 0.0 0.573238
vn -0.767818 0.0 0.640668
vn -0.794336 0.0 0.607479
vn -0.738234 0.0 0.674545
vn -0.767818 0.0 0.640668
vn -0.708313 0.0 0.705899
vn -0.738234 0.0 0.674545
vn -0.677107 0.0 0.735885
vn -0.708313 0.0 0.705899
vn -0.644651 0.0 0.764477
vn -0.677107 0.0 0.735885
vn -0.611085 0.0 0.791565
vn -0.644651 0.0 0.764477
vn -0.576092 0.0 0.817385
vn -0.611085 0.0 0.791565
vn -0.540264 0.0 0.841496
vn -0.576092 0.0 0.817385
vn -0.503397 0.0 0.864055
vn -0.540264 0.0 0.841496
vn -0.465501 0.0 0.885047
vn -0.503397 0.0 0.864055
vn -0.426866 0.0 0.904315
vn -0.465501 0.0 0.885047
vn -0.387218 0.0 0.921988
vn -0.426866 0.0 0.904315
vn -0.347164 0.0 0.937804
vn -0.387218 0.0 0.921988
vn -0.347164 0.0 0.937804
vn -0.306103 0.0 0.951998
vn -0.306103 0.0 0.951999
vn -0.264663 0.0 0.964341
vn -0.264663 0.0 0.964341
vn -0.222698 0.0 0.974887
vn -0.222698 0.0 0.974887
vn -0.180378 0.0 0.983597
vn -0.180378 0.0 0.983597
vn -0.137534 0.0 0.990497
vn -0.137534 0.0 0.990497
vn -0.094686 0.0 0.995507
vn -0.094686 0.0 0.995507
vn -0.054667 0.0 0.998505
vn -0.054667 0.0 0.998505
vn -0.018361 0.0 0.999831
vn -0.018361 0.0 0.999831
vn 0.0 0.0 -1.0
vn 0.0 -0.0 -1.0
vn 0.0 0.0 -1.0
vn 0.0 -0.0 -1.0
vn 0.0 0.0 -1.0
vn 0.0 -0.0 -1.0
vn 0.0 0.0 -1.0
vn 0.0 -0.0 -1.0
vn 0.0 0.0 -1.0
vn 0.0 -0.0 -1.0
vn 0.0 0.0 -1.0
vn 0.0 -0.0 -1.0
vn 0.0 0.0 -1.0
vn 0.0 -0.0 -1.0
vn 0.0 0.0 -1.0
vn 0.0 -0.0 -1.0
vn 0.0 0.0 -1.0
vn 0.0 -0.0 -1.0
vn 0.0 0.0 -1.0
vn 0.0 -0.0 -1.0
vn 0.0 0.0 -1.0
vn 0.0 -0.0 -1.0
vn 0.0 0.0 -1.0
vn 0.0 -0.0 -1.0
vn 0.0 0.0 -1.0
vn 0.0 -0.0 -1.0
vn 0.0 0.0 -1.0
vn 0.0 -0.0 -1.0
vn 0.0 0.0 -1.0
vn 0.0 -0.0 -1.0
vn 0.0 0.0 -1.0
vn 0.0 -0.0 -1.0
vn 0.0 0.0 -1.0
vn 0.0 -0.0 -1.0
vn 0.0 0.0 -1.0
vn 0.0 -0.0 -1.0
vn 0.0 0.0 -1.0
vn 0.0 -0.0 -1.0
vn 0.0 0.0 -1.0
vn 0.0 0.0 -1.0
vn 0.0 0.0 -1.0
vn 0.0 -0.0 -1.0
vn 0.0 0.0 -1.0
vn 0.0 -0.0 -1.0
vn -0.0 -0.0 -1.0
vn 0.0 -0.0 -1.0
vn 0.0 0.0 -1.0
vn 0.0 -0.0 -1.0
vn -0.0 -0.0 -1.0
vn 0.0 0.0 -1.0
vn 0.0 -0.0 -1.0
vn -0.0 -0.0 -1.0
vn 0.0 -0.0 -1.0
vn 0.0 -0.0 -1.0
vn 0.0 0.0 -1.0
vn 0.0 -0.0 -1.0
vn -0.0 -0.0 -1.0
vn 0.0 -0.0 -1.0
vn 0.0 0.0 -1.0
vn -0.0 -0.0 -1.0
vn 0.0 -0.0 -1.0
vn 0.0 -0.0 -1.0
vn 0.0 0.0 -1.0
vn 0.0 -0.0 -1.0
vn 0.0 -0.0 -1.0
vn -0.0 -0.0 -1.0
vn 0.0 -0.0 -1.0
vn 0.0 0.0 -1.0
vn 0.0 -0.0 -1.0
vn 0.0 -0.0 -1.0
vn 0.0 -0.0 -1.0
vn 0.0 0.0 -1.0
vn 0.0 -0.0 -1.0
vn 0.0 0.0 -1.0
vn 0.0 -0.0 -1.0
vn 0.0 -0.0 -1.0
vn 0.0 -0.0 -1.0
vn -0.0 -0.0 -1.0
vn 0.0 -0.0 -1.0
vn 0.0 0.0 -1.0
vn 0.0 -0.0 -1.0
vn 0.0 -0.0 -1.0
vn 0.0 -0.0 -1.0
vn 0.0 0.0 -1.0
vn 0.0 -0.0 -1.0
vn -0.0 -0.0 -1.0
vn 0.0 0.0 -1.0
vn 0.0 -0.0 -1.0
vn -0.0 -0.0 -1.0
vn 0.0 -0.0 -1.0
vn 0.0 0.0 -1.0
vn 0.0 0.0 -1.0
vn 0.0 -0.0 -1.0
vn 0.0 0.0 -1.0
vn 0.0 -0.0 -1.0
vn 0.0 0.0 -1.0
vn 0.0 -0.0 -1.0
vn 0.0 0.0 -1.0
vn 0.0 0.0 -1.0
vn 0.0 0.0 -1.0
vn 0.0 0.0 -1.0
vn 0.0 0.0 -1.0
vn 0.0 0.0 -1.0
vn 0.0 0.0 -1.0
vn 0.0 0.0 -1.0
vn 0.0 0.0 -1.0
vn 0.0 0.0 -1.0
vn 0.0 0.0 -1.0
vn 0.0 0.0 -1.0
vn 0.0 0.0 -1.0
vn 0.0 0.0 -1.0
vn 0.0 0.0 -1.0
vn 0.0 0.0 -1.0
vn 0.0 0.0 -1.0
vn 0.0 0.0 -1.0
vn 0.0 0.0 -1.0
vn 0.0 0.0 -1.0
vn 0.0 0.0 -1.0
vn 0.0 0.0 -1.0
vn 0.0 0.0 -1.0
vn 0.0 0.0 -1.0
vn 0.0 0.0 -1.0
vn 0.0 0.0 -1.0
vn 0.0 0.0 -1.0
vn 0.0 0.0 -1.0
vn 0.0 0.0 -1.0
vn 0.0 0.0 -1.0
vn 0.0 0.0 -1.0
vn 0.0 0.0 -1.0
vn 0.0 0.0 -1.0
vn 0.0 0.0 -1.0
vn 0.0 0.0 -1.0
vn 0.0 0.0 -1.0
vn -0.0 -0.0 -1.0
vn -0.0 -0.0 -1.0
vn -0.0 -0.0 -1.0
vn -0.0 -0.0 -1.0
vn 0.0 -0.0 -1.0
vn 0.0 -0.0 -1.0
vn 0.0 -0.0 -1.0
vn 0.0 -0.0 -1.0
vn 0.0 -0.0 -1.0
vn 0.0 -0.0 -1.0
vn 0.0 -0.0 -1.0
vn 0.0 -0.0 -1.0
vn 0.0 -0.0 -1.0
vn 0.0 -0.0 -1.0
vn 0.0 -0.0 -1.0
vn 0.0 -0.0 -1.0
vn 0.0 -0.0 -1.0
vn 0.0 -0.0 -1.0
vn 0.0 -0.0 -1.0
vn 0.0 -0.0 -1.0
vn 0.0 -0.0 -1.0
vn 0.0 -0.0 -1.0
vn 0.0 -0.0 -1.0
vn -0.0 -0.0 -1.0
vn 0.0 0.0 -1.0
vn 0.0 0.0 -1.0
vn 0.0 0.0 -1.0
vn 0.0 0.0 -1.0
vn 0.0 0.0 -1.0
vn 0.0 0.0 -1.0
vn 0.0 0.0 -1.0
vn 0.0 0.0 -1.0
vn 0.0 0.0 -1.0
vn 0.0 0.0 -1.0
vn 0.0 0.0 -1.0
vn 0.0 0.0 -1.0
vn 0.0 0.0 -1.0
vn 0.0 0.0 -1.0
vn 0.0 0.0 -1.0
vn 0.0 0.0 -1.0
vn 0.0 0.0 -1.0
vn 0.0 0.0 -1.0
vn 0.0 0.0 -1.0
vn 0.0 0.0 -1.0
vn 0.0 0.0 -1.0
vn 0.0 0.0 -1.0
vn 0.0 0.0 -1.0
vn 0.0 0.0 -1.0
vn 0.0 0.0 -1.0
vn 0.0 0.0 -1.0
vn 0.0 0.0 -1.0
vn 0.0 0.0 -1.0
vn 0.0 0.0 -1.0
vn 0.0 0.0 -1.0
vn 0.0 0.0 -1.0
vn 0.0 0.0 -1.0
vn 0.0 0.0 -1.0
vn 0.0 0.0 -1.0
vn 0.0 0.0 -1.0
vn 0.0 0.0 -1.0
vn 0.0 0.0 -1.0
vn 0.0 0.0 -1.0
vn 0.0 0.0 -1.0
vn 0.0 0.0 -1.0
vn 0.0 0.0 -1.0
vn 0.0 0.0 -1.0
vn 0.0 0.0 -1.0
vn 0.0 0.0 -1.0
vn 0.0 0.0 -1.0
vn 0.0 0.0 -1.0
vn 0.0 0.0 -1.0
vn 0.0 0.0 -1.0
vn 0.0 0.0 -1.0
vn 0.0 0.0 -1.0
vn 0.0 0.0 -1.0
vn 0.0 0.0 -1.0
vn 0.0 0.0 -1.0
vn 0.0 0.0 -1.0
vn 0.0 0.0 -1.0
vn 0.0 0.0 -1.0
vn 0.0 0.0 -1.0
vn 0.0 0.0 -1.0
vn 0.0 0.0 -1.0
vn 0.0 0.0 -1.0
vn 0.0 0.0 -1.0
vn 0.0 0.0 -1.0
vn 0.0 0.0 -1.0
vn 0.0 0.0 -1.0
vn 0.0 0.0 -1.0
vn 0.0 0.0 -1.0
vn 0.0 0.0 -1.0
vn 0.0 0.0 -1.0
vn 0.0 0.0 -1.0
vn 0.0 0.0 -1.0
vn 0.0 0.0 -1.0
vn 0.0 0.0 -1.0
vn 0.0 0.0 -1.0
vn 0.0 0.0 -1.0
vn 0.0 0.0 -1.0
vn 0.0 0.0 -1.0
vn 0.0 0.0 -1.0
vn 0.0 0.0 -1.0
vn 0.0 0.0 -1.0
vn 0.0 0.0 -1.0
vn 0.0 0.0 -1.0
vn 0.0 0.0 -1.0
vn 0.0 0.0 -1.0
vn 0.0 0.0 -1.0
vn 0.0 0.0 -1.0
vn 0.0 0.0 -1.0
vn 0.0 0.0 -1.0
vn 0.0 0.0 -1.0
vn 0.0 0.0 -1.0
vn 0.0 0.0 -1.0
vn 0.0 0.0 -1.0
vn 0.0 0.0 -1.0
vn 0.0 0.0 -1.0
vn 0.0 0.0 -1.0
vn 0.0 0.0 -1.0
vn 0.0 0.0 -1.0
vn 0.0 0.0 -1.0
vn 0.0 0.0 -1.0
vn 0.0 0.0 -1.0
vn 0.0 0.0 -1.0
vn 0.0 0.0 -1.0
vn 0.0 0.0 -1.0
vn 0.0 0.0 -1.0
vn 0.0 0.0 -1.0
vn 0.0 0.0 -1.0
vn 0.0 0.0 -1.0
vn 0.0 0.0 -1.0
vn 0.0 0.0 -1.0
vn 0.0 0.0 -1.0
vn 0.0 0.0 -1.0
vn 0.0 0.0 -1.0
vn 0.0 0.0 -1.0
vn 0.0 0.0 -1.0
vn 0.0 0.0 -1.0
vn 0.0 0.0 -1.0
vn 0.0 0.0 -1.0
vn 0.0 0.0 -1.0
vn 0.0 0.0 -1.0
vn 0.0 0.0 -1.0
vn 0.0 0.0 -1.0
vn 0.0 0.0 -1.0
vn 0.0 0.0 -1.0
vn 0.0 0.0 -1.0
vn 0.0 0.0 -1.0
vn 0.0 0.0 -1.0
vn 0.0 0.0 -1.0
vn 0.0 0.0 -1.0
vn 0.0 0.0 -1.0
vn 0.0 0.0 -1.0
vn 0.0 0.0 -1.0
vn 0.0 0.0 -1.0
vn 0.0 0.0 -1.0
vn 0.0 0.0 -1.0
vn 0.0 0.0 -1.0
vn 0.0 0.0 -1.0
vn 0.0 0.0 -1.0
vn 0.0 -0.0 -1.0
vn -0.0 -0.0 -1.0
vn 0.0 -0.0 -1.0
vn 0.0 -0.0 -1.0
vn 0.0 -0.0 -1.0
vn 0.0 -0.0 -1.0
vn 0.0 0.0 -1.0
vn 0.0 -0.0 -1.0
vn 0.0 0.0 -1.0
vn -0.0 -0.0 -1.0
vn 0.0 -0.0 -1.0
vn 0.0 0.0 -1.0
vn 0.0 -0.0 -1.0
vn 0.0 -0.0 -1.0
vn -0.0 -0.0 -1.0
vn 0.0 0.0 -1.0
vn 0.0 -0.0 -1.0
vn 0.0 0.0 -1.0
vn 0.0 0.0 -1.0
vn 0.0 -0.0 -1.0
vn -0.0 -0.0 -1.0
vn 0.0 0.0 -1.0
vn 0.0 -0.0 -1.0
vn 0.0 0.0 -1.0
vn 0.0 0.0 -1.0
vn 0.0 0.0 -1.0
vn 0.0 0.0 -1.0
vn 0.0 -0.0 -1.0
vn 0.0 0.0 -1.0
vn 0.0 0.0 -1.0
vn 0.0 -0.0 -1.0
vn 0.0 -0.0 -1.0
vn 0.0 0.0 -1.0
vn 0.0 0.0 -1.0
vn 0.0 0.0 -1.0
vn 0.0 0.0 -1.0
vn 0.0 0.0 -1.0
vn 0.0 0.0 -1.0
vn 0.0 -0.0 -1.0
vn 0.0 0.0 -1.0
vn 0.0 0.0 -1.0
vn 0.0 -0.0 -1.0
vn 0.0 -0.0 -1.0
vn 0.0 0.0 -1.0
vn 0.0 0.0 -1.0
vn 0.0 0.0 -1.0
vn 0.0 0.0 -1.0
vn 0.0 0.0 -1.0
vn 0.0 0.0 -1.0
vn 0.0 0.0 -1.0
vn 0.0 -0.0 -1.0
vn 0.0 0.0 -1.0
vn 0.0 0.0 -1.0
vn 0.0 0.0 -1.0
vn 0.0 -0.0 -1.0
vn 0.0 0.0 -1.0
vn 0.0 0.0 -1.0
vn 0.0 0.0 -1.0
vn 0.0 -0.0 -1.0
vn 0.0 -0.0 -1.0
vn 0.0 0.0 -1.0
vn 0.0 0.0 -1.0
vn 0.0 0.0 -1.0
vn 0.0 0.0 -1.0
vn 0.0 0.0 -1.0
vn 0.0 0.0 -1.0
vn 0.0 0.0 -1.0
vn 0.0 0.0 -1.0
vn 0.0 0.0 -1.0
vn 0.0 0.0 -1.0
vn 0.0 0.0 -1.0
vn 0.0 0.0 -1.0
vn 0.0 0.0 -1.0
vn 0.0 0.0 -1.0
vn 0.0 0.0 -1.0
vn 0.0 0.0 -1.0
vn 0.0 0.0 -1.0
vn 0.0 0.0 -1.0
vn 0.0 0.0 -1.0
vn 0.0 0.0 -1.0
vn 0.0 0.0 -1.0
vn 0.0 0.0 -1.0
vn 0.0 0.0 -1.0
vn 0.0 0.0 -1.0
vn 0.0 0.0 -1.0
vn 0.0 0.0 -1.0
vn 0.0 0.0 -1.0
vn 0.0 0.0 -1.0
vn 0.0 0.0 -1.0
vn 0.0 0.0 -1.0
vn 0.0 0.0 -1.0
vn 0.0 0.0 -1.0
vn 0.0 0.0 -1.0
vn 0.0 0.0 -1.0
vn 0.0 0.0 -1.0
vn 0.0 0.0 -1.0
vn 0.0 0.0 -1.0
vn 0.0 0.0 -1.0
vn 0.0 0.0 -1.0
vn 0.0 0.0 -1.0
vn 0.0 0.0 -1.0
vn 0.0 0.0 -1.0
vn 0.0 0.0 -1.0
vn 0.0 0.0 -1.0
vn 0.0 0.0 -1.0
vn 0.0 0.0 -1.0
vn 0.0 0.0 -1.0
vn 0.0 0.0 -1.0
vn 0.0 0.0 -1.0
vn 0.0 0.0 -1.0
vn 0.0 0.0 -1.0
vn 0.0 0.0 -1.0
vn 0.0 0.0 -1.0
vn 0.0 0.0 -1.0
vn 0.0 0.0 -1.0
vn 0.0 0.0 -1.0
vn 0.0 0.0 -1.0
vn 0.0 0.0 -1.0
vn 0.0 0.0 -1.0
vn 0.0 0.0 -1.0
vn 0.0 0.0 -1.0
vn 0.0 0.0 -1.0
vn 0.0 0.0 -1.0
vn 0.0 0.0 -1.0
vn 0.0 0.0 -1.0
vn 0.0 0.0 -1.0
vn 0.0 0.0 -1.0
vn 0.0 0.0 -1.0
vn 0.0 0.0 -1.0
vn 0.0 0.0 -1.0
vn 0.0 0.0 -1.0
vn 0.0 0.0 -1.0
vn 0.0 0.0 -1.0
vn 0.0 0.0 -1.0
vn 0.0 0.0 -1.0
vn 0.0 0.0 -1.0
vn 0.0 0.0 -1.0
vn 0.0 0.0 -1.0
vn 0.0 0.0 -1.0
vn 0.0 0.0 -1.0
vn 0.0 0.0 -1.0
vn 0.0 0.0 -1.0
vn 0.0 0.0 -1.0
vn 0.0 0.0 -1.0
vn 0.0 0.0 -1.0
vn 0.0 0.0 -1.0
vn 0.0 0.0 -1.0
vn 0.0 0.0 -1.0
vn 0.0 0.0 -1.0
vn 0.0 0.0 -1.0
vn 0.0 0.0 -1.0
vn 0.0 0.0 -1.0
vn 0.0 0.0 -1.0
vn 0.0 0.0 -1.0
vn 0.0 0.0 -1.0
vn 0.0 0.0 -1.0
vn 0.0 0.0 -1.0
vn 0.0 -0.0 -1.0
vn 0.0 0.0 -1.0
vn 0.0 -0.0 -1.0
vn 0.0 0.0 -1.0
vn 0.0 -0.0 -1.0
vn 0.0 0.0 -1.0
vn 0.0 -0.0 -1.0
vn 0.0 0.0 -1.0
vn 0.0 0.0 -1.0
vn 0.0 0.0 -1.0
vn 0.0 0.0 -1.0
vn 0.0 0.0 -1.0
vn 0.0 0.0 -1.0
vn 0.0 0.0 -1.0
vn 0.0 0.0 -1.0
vn 0.0 0.0 -1.0
vn 0.0 0.0 -1.0
vn 0.0 0.0 -1.0
vn 0.0 0.0 -1.0
vn 0.0 0.0 -1.0
vn 0.0 0.0 -1.0
vn 0.0 0.0 -1.0
vn 0.0 0.0 -1.0
vn 0.0 0.0 -1.0
vn 0.0 0.0 -1.0
vn 0.0 0.0 -1.0
vn 0.0 0.0 -1.0
vn 0.0 0.0 -1.0
vn 0.0 0.0 -1.0
vn 0.0 0.0 -1.0
vn 0.0 0.0 -1.0
vn 0.0 0.0 -1.0
vn 0.0 0.0 -1.0
vn 0.0 0.0 -1.0
vn 0.0 0.0 -1.0
vn 0.0 0.0 -1.0
vn 0.0 -0.0 -1.0
vn 0.0 0.0 -1.0
vn 0.0 -0.0 -1.0
vn 0.0 0.0 -1.0
vn 0.0 0.0 -1.0
vn 0.0 0.0 -1.0
vn 0.0 0.0 -1.0
vn 0.0 0.0 -1.0
vn 0.0 -0.0 -1.0
vn 0.0 -0.0 -1.0
vn 0.0 0.0 -1.0
vn 0.0 0.0 -1.0
vn 0.0 0.0 -1.0
vn 0.0 0.0 -1.0
vn 0.0 0.0 -1.0
vn 0.0 0.0 -1.0
vn 0.0 0.0 -1.0
vn 0.0 0.0 -1.0
vn 0.0 0.0 -1.0
vn 0.0 0.0 -1.0
vn 0.0 0.0 -1.0
vn 0.0 0.0 -1.0
vn 0.0 0.0 -1.0
vn 0.0 0.0 -1.0
vn 0.0 0.0 -1.0
vn 0.0 0.0 -1.0
vn 0.0 0.0 -1.0
vn 0.0 0.0 -1.0
vn 0.0 1.0 0.0
vn 0.0 1.0 0.0
vn 0.0 -0.024934 0.999689
vn 0.0 -0.024934 0.999689
vn 0.0 -0.074725 0.997204
vn 0.0 -0.124349 0.992239
vn 0.0 -0.074725 0.997204
vn 0.0 -0.124349 0.992239
vn 0.0 -0.173648 0.984808
vn 0.0 -0.173648 0.984808
vn 0.0 -0.222514 0.974929
vn 0.0 -0.222514 0.974929
vn 0.0 -0.270853 0.962621
vn 0.0 -0.270853 0.962621
vn 0.0 -0.318484 0.947928
vn 0.0 -0.318484 0.947928
vn 0.0 -0.365341 0.930874
vn 0.0 -0.365341 0.930874
vn 0.0 -0.411278 0.91151
vn 0.0 -0.411278 0.91151
vn 0.0 -0.456205 0.889875
vn 0.0 -0.500011 0.866019
vn 0.0 -0.456205 0.889875
vn 0.0 -0.500011 0.866019
vn 0.0 -0.54254 0.84003
vn 0.0 -0.54254 0.84003
vn 0.0 -0.583746 0.811936
vn 0.0 -0.583746 0.811936
vn 0.0 -0.623483 0.781837
vn 0.0 -0.623483 0.781837
vn 0.0 -0.661696 0.749772
vn 0.0 -0.661696 0.749772
vn 0.0 -0.698239 0.715865
vn 0.0 -0.698239 0.715865
vn 0.0 -0.733056 0.680168
vn 0.0 -0.733056 0.680168
vn 0.0 -0.766044 0.642788
vn 0.0 -0.766044 0.642788
vn 0.0 -0.797114 0.60383
vn 0.0 -0.797114 0.60383
vn 0.0 -0.826242 0.563316
vn 0.0 -0.826242 0.563316
vn 0.0 -0.853307 0.521409
vn 0.0 -0.853307 0.521409
vn 0.0 -0.878211 0.478274
vn 0.0 -0.878211 0.478274
vn 0.0 -0.900979 0.433864
vn 0.0 -0.900979 0.433864
vn 0.0 -0.921465 0.388461
vn 0.0 -0.939697 0.342007
vn 0.0 -0.921465 0.388461
vn 0.0 -0.955573 0.294755
vn 0.0 -0.939697 0.342007
vn 0.0 -0.955573 0.294755
vn 0.0 -0.969075 0.246766
vn 0.0 -0.969075 0.246766
vn 0.0 -0.980176 0.198129
vn 0.0 -0.980176 0.198129
vn 0.0 -0.988827 0.149071
vn 0.0 -0.988827 0.149071
vn 0.0 -0.995033 0.09955
vn 0.0 -0.995033 0.09955
vn 0.0 -0.998757 0.049845
vn 0.0 -0.998757 0.049845
vn 0.0 -1.0 0.0
vn 0.0 -1.0 0.0
vn 0.0 -0.998757 -0.049845
vn -0.0 -0.998757 -0.049845
vn 0.0 -0.995033 -0.099551
vn -0.0 -0.995033 -0.099551
vn 0.0 -0.988827 -0.149071
vn -0.0 -0.988827 -0.149071
vn 0.0 -0.980176 -0.198126
vn 0.0 -0.969075 -0.246766
vn -0.0 -0.980176 -0.198126
vn 0.0 -0.969075 -0.246766
vn -0.0 -0.955572 -0.294757
vn 0.0 -0.955572 -0.294757
vn 0.0 -0.939697 -0.342007
vn 0.0 -0.939697 -0.342007
vn -0.0 -0.921466 -0.388459
vn 0.0 -0.921466 -0.388459
vn -0.0 -0.900977 -0.433866
vn 0.0 -0.900977 -0.433866
vn -0.0 -0.878211 -0.478274
vn 0.0 -0.878211 -0.478274
vn -0.0 -0.853308 -0.521407
vn 0.0 -0.853308 -0.521407
vn 0.0 -0.826238 -0.563321
vn 0.0 -0.826238 -0.563321
vn 0.0 -0.797116 -0.603827
vn 0.0 -0.797116 -0.603827
vn -0.0 -0.766044 -0.642788
vn 0.0 -0.766044 -0.642788
vn 0.0 -0.733059 -0.680165
vn 0.0 -0.733059 -0.680165
vn -0.0 -0.698236 -0.715867
vn 0.0 -0.698236 -0.715867
vn 0.0 -0.661696 -0.749772
vn 0.0 -0.661696 -0.749772
vn 0.0 -0.623483 -0.781837
vn 0.0 -0.623483 -0.781837
vn -0.0 -0.583742 -0.811939
vn 0.0 -0.583742 -0.811939
vn -0.0 -0.542548 -0.840025
vn 0.0 -0.542548 -0.840025
vn -0.0 -0.500003 -0.866024
vn 0.0 -0.500003 -0.866024
vn -0.0 -0.456214 -0.88987
vn 0.0 -0.456214 -0.88987
vn -0.0 -0.411269 -0.911514
vn 0.0 -0.411269 -0.911514
vn -0.0 -0.365351 -0.93087
vn 0.0 -0.365351 -0.93087
vn 0.0 -0.318484 -0.947928
vn 0.0 -0.318484 -0.947928
vn 0.0 -0.270842 -0.962624
vn -0.0 -0.270842 -0.962624
vn 0.0 -0.22252 -0.974928
vn -0.0 -0.22252 -0.974928
vn 0.0 -0.173648 -0.984808
vn -0.0 -0.173648 -0.984808
vn 0.0 -0.124349 -0.992239
vn -0.0 -0.124349 -0.992239
vn -0.0 -0.074731 -0.997204
vn 0.0 -0.074731 -0.997204
vn -0.0 -0.024923 -0.999689
vn 0.0 -0.024923 -0.999689
vn 0.0 0.024923 -0.999689
vn 0.0 0.024923 -0.999689
vn 0.0 0.074731 -0.997204
vn 0.0 0.074731 -0.997204
vn 0.0 0.124343 -0.992239
vn 0.0 0.124343 -0.992239
vn 0.0 0.173648 -0.984808
vn 0.0 0.173648 -0.984808
vn 0.0 0.22253 -0.974926
vn 0.0 0.22253 -0.974926
vn 0.0 0.27083 -0.962627
vn 0.0 0.27083 -0.962627
vn 0.0 0.318484 -0.947928
vn 0.0 0.318484 -0.947928
vn 0.0 0.365351 -0.93087
vn 0.0 0.365351 -0.93087
vn 0.0 0.411286 -0.911506
vn 0.0 0.411286 -0.911506
vn 0.0 0.456214 -0.88987
vn 0.0 0.456214 -0.88987
vn 0.0 0.499983 -0.866035
vn 0.0 0.499983 -0.866035
vn 0.0 0.542569 -0.840011
vn 0.0 0.542569 -0.840011
vn 0.0 0.583742 -0.811939
vn 0.0 0.583742 -0.811939
vn 0.0 0.623483 -0.781837
vn 0.0 0.623483 -0.781837
vn 0.0 0.661696 -0.749772
vn 0.0 0.661696 -0.749772
vn 0.0 0.698213 -0.71589
vn 0.0 0.698213 -0.71589
vn 0.0 0.733059 -0.680165
vn 0.0 0.733059 -0.680165
vn 0.0 0.766044 -0.642788
vn 0.0 0.766044 -0.642788
vn 0.0 0.797138 -0.603797
vn 0.0 0.797138 -0.603797
vn 0.0 0.826238 -0.563321
vn 0.0 0.826238 -0.563321
vn 0.0 0.853288 -0.521441
vn 0.0 0.853288 -0.521441
vn 0.0 0.87823 -0.478238
vn 0.0 0.87823 -0.478238
vn 0.0 0.900959 -0.433903
vn 0.0 0.900959 -0.433903
vn 0.0 0.921483 -0.38842
vn 0.0 0.921483 -0.38842
vn 0.0 0.939697 -0.342007
vn 0.0 0.939697 -0.342007
vn 0.0 0.955572 -0.294757
vn 0.0 0.955572 -0.294757
vn 0.0 0.969075 -0.246766
vn 0.0 0.969075 -0.246766
vn 0.0 0.980167 -0.198171
vn 0.0 0.980167 -0.198171
vn 0.0 0.988833 -0.149025
vn 0.0 0.988833 -0.149025
vn 0.0 0.995033 -0.099551
vn 0.0 0.995033 -0.099551
vn 0.0 0.998757 -0.049845
vn 0.0 0.998757 -0.049845
vn 0.0 1.0 0.0
vn 0.0 1.0 0.0
vn 0.0 0.998757 0.049845
vn 0.0 0.998757 0.049845
vn 0.0 0.995033 0.09955
vn 0.0 0.995033 0.09955
vn 0.0 0.988833 0.149025
vn 0.0 0.988833 0.149025
vn 0.0 0.980167 0.198173
vn 0.0 0.980167 0.198173
vn 0.0 0.969075 0.246766
vn 0.0 0.969075 0.246766
vn 0.0 0.955573 0.294755
vn 0.0 0.955573 0.294755
vn 0.0 0.939697 0.342007
vn 0.0 0.939697 0.342007
vn 0.0 0.921482 0.388422
vn 0.0 0.921482 0.388422
vn 0.0 0.900961 0.433901
vn 0.0 0.900961 0.433901
vn 0.0 0.87823 0.478238
vn 0.0 0.87823 0.478238
vn 0.0 0.853286 0.521443
vn 0.0 0.853286 0.521443
vn 0.0 0.826242 0.563316
vn 0.0 0.826242 0.563316
vn 0.0 0.797136 0.6038
vn 0.0 0.797136 0.6038
vn 0.0 0.766044 0.642788
vn 0.0 0.766044 0.642788
vn 0.0 0.733056 0.680168
vn 0.0 0.733056 0.680168
vn 0.0 0.698216 0.715887
vn 0.0 0.698216 0.715887
vn 0.0 0.661696 0.749772
vn 0.0 0.661696 0.749772
vn 0.0 0.623483 0.781837
vn 0.0 0.623483 0.781837
vn 0.0 0.583746 0.811936
vn 0.0 0.583746 0.811936
vn 0.0 0.542561 0.840016
vn 0.0 0.542561 0.840016
vn 0.0 0.499991 0.86603
vn 0.0 0.499991 0.86603
vn 0.0 0.456205 0.889875
vn 0.0 0.456205 0.889875
vn 0.0 0.411296 0.911502
vn 0.0 0.411296 0.911502
vn 0.0 0.365341 0.930874
vn 0.0 0.365341 0.930874
vn 0.0 0.318484 0.947928
vn 0.0 0.318484 0.947928
vn 0.0 0.270841 0.962624
vn 0.0 0.270841 0.962624
vn 0.0 0.222524 0.974927
vn 0.0 0.222524 0.974927
vn 0.0 0.173648 0.984808
vn 0.0 0.173648 0.984808
vn 0.0 0.124343 0.992239
vn 0.0 0.124343 0.992239
vn 0.0 0.074725 0.997204
vn 0.0 0.074725 0.997204
vn -0.0 0.024934 0.999689
vn 0.0 0.024934 0.999689
vn 0.0 -0.024934 0.999689
vn 0.0 -0.024934 0.999689
vn 0.0 -0.074727 0.997204
vn 0.0 -0.124345 0.992239
vn 0.0 -0.074727 0.997204
vn 0.0 -0.124345 0.992239
vn 0.0 -0.173646 0.984808
vn 0.0 -0.173646 0.984808
vn 0.0 -0.222522 0.974928
vn 0.0 -0.222522 0.974928
vn 0.0 -0.270842 0.962624
vn 0.0 -0.270842 0.962624
vn 0.0 -0.318486 0.947928
vn 0.0 -0.318486 0.947928
vn 0.0 -0.36534 0.930874
vn 0.0 -0.36534 0.930874
vn 0.0 -0.411289 0.911505
vn 0.0 -0.411289 0.911505
vn 0.0 -0.456208 0.889873
vn 0.0 -0.500001 0.866025
vn 0.0 -0.456208 0.889873
vn 0.0 -0.500001 0.866025
vn 0.0 -0.542545 0.840027
vn 0.0 -0.542545 0.840027
vn 0.0 -0.583746 0.811936
vn 0.0 -0.583746 0.811936
vn 0.0 -0.623488 0.781833
vn 0.0 -0.623488 0.781833
vn 0.0 -0.661686 0.749781
vn 0.0 -0.661686 0.749781
vn 0.0 -0.698238 0.715866
vn 0.0 -0.698238 0.715866
vn 0.0 -0.73305 0.680174
vn 0.0 -0.73305 0.680174
vn 0.0 -0.766045 0.642787
vn 0.0 -0.766045 0.642787
vn 0.0 -0.797132 0.603805
vn 0.0 -0.797132 0.603805
vn 0.0 -0.82624 0.563318
vn 0.0 -0.82624 0.563318
vn 0.0 -0.853291 0.521435
vn 0.0 -0.853291 0.521435
vn 0.0 -0.878221 0.478256
vn 0.0 -0.878221 0.478256
vn 0.0 -0.90097 0.433882
vn 0.0 -0.90097 0.433882
vn 0.0 -0.921475 0.388437
vn 0.0 -0.939693 0.34202
vn 0.0 -0.921475 0.388437
vn 0.0 -0.955573 0.294755
vn 0.0 -0.939693 0.34202
vn 0.0 -0.955573 0.294755
vn 0.0 -0.969078 0.246755
vn 0.0 -0.969078 0.246755
vn 0.0 -0.980172 0.198148
vn 0.0 -0.980172 0.198148
vn 0.0 -0.988831 0.149042
vn 0.0 -0.988831 0.149042
vn 0.0 -0.995031 0.099567
vn 0.0 -0.995031 0.099567
vn 0.0 -0.998757 0.049845
vn 0.0 -0.998757 0.049845
vn 0.0 -1.0 0.0
vn 0.0 -1.0 0.0
vn 0.0 -0.998757 -0.049845
vn -0.0 -0.998757 -0.049845
vn 0.0 -0.995031 -0.099568
vn -0.0 -0.995031 -0.099568
vn 0.0 -0.988831 -0.149042
vn -0.0 -0.988831 -0.149042
vn 0.0 -0.980173 -0.198146
vn 0.0 -0.969078 -0.246755
vn -0.0 -0.980173 -0.198146
vn 0.0 -0.969078 -0.246755
vn -0.0 -0.955572 -0.294757
vn 0.0 -0.955572 -0.294757
vn 0.0 -0.939693 -0.34202
vn 0.0 -0.939693 -0.34202
vn -0.0 -0.921476 -0.388434
vn 0.0 -0.921476 -0.388434
vn -0.0 -0.900968 -0.433885
vn 0.0 -0.900968 -0.433885
vn -0.0 -0.878221 -0.478256
vn 0.0 -0.878221 -0.478256
vn -0.0 -0.853293 -0.521432
vn 0.0 -0.853293 -0.521432
vn 0.0 -0.826237 -0.563323
vn 0.0 -0.826237 -0.563323
vn 0.0 -0.797134 -0.603803
vn 0.0 -0.797134 -0.603803
vn -0.0 -0.766045 -0.642787
vn 0.0 -0.766045 -0.642787
vn 0.0 -0.733053 -0.680171
vn 0.0 -0.733053 -0.680171
vn -0.0 -0.698235 -0.715869
vn 0.0 -0.698235 -0.715869
vn 0.0 -0.661686 -0.749781
vn 0.0 -0.661686 -0.749781
vn 0.0 -0.623488 -0.781833
vn 0.0 -0.623488 -0.781833
vn -0.0 -0.583742 -0.811939
vn 0.0 -0.583742 -0.811939
vn -0.0 -0.542553 -0.840021
vn 0.0 -0.542553 -0.840021
vn -0.0 -0.499993 -0.86603
vn 0.0 -0.499993 -0.86603
vn -0.0 -0.456217 -0.889868
vn 0.0 -0.456217 -0.889868
vn -0.0 -0.41128 -0.911509
vn 0.0 -0.41128 -0.911509
vn -0.0 -0.36535 -0.93087
vn 0.0 -0.36535 -0.93087
vn 0.0 -0.318486 -0.947928
vn 0.0 -0.318486 -0.947928
vn 0.0 -0.270832 -0.962627
vn -0.0 -0.270832 -0.962627
vn 0.0 -0.222528 -0.974926
vn -0.0 -0.222528 -0.974926
vn 0.0 -0.173646 -0.984808
vn -0.0 -0.173646 -0.984808
vn 0.0 -0.124345 -0.992239
vn -0.0 -0.124345 -0.992239
vn -0.0 -0.074732 -0.997204
vn 0.0 -0.074732 -0.997204
vn -0.0 -0.024922 -0.999689
vn 0.0 -0.024922 -0.999689
vn 0.0 0.024922 -0.999689
vn 0.0 0.024922 -0.999689
vn 0.0 0.074732 -0.997204
vn 0.0 0.074732 -0.997204
vn 0.0 0.124346 -0.992239
vn 0.0 0.124346 -0.992239
vn 0.0 0.173646 -0.984808
vn 0.0 0.173646 -0.984808
vn 0.0 0.222528 -0.974926
vn 0.0 0.222528 -0.974926
vn 0.0 0.270832 -0.962627
vn 0.0 0.270832 -0.962627
vn 0.0 0.318486 -0.947928
vn 0.0 0.318486 -0.947928
vn 0.0 0.36535 -0.93087
vn 0.0 0.36535 -0.93087
vn 0.0 0.41128 -0.911509
vn 0.0 0.41128 -0.911509
vn 0.0 0.456218 -0.889868
vn 0.0 0.456218 -0.889868
vn 0.0 0.499993 -0.86603
vn 0.0 0.499993 -0.86603
vn 0.0 0.542553 -0.840022
vn 0.0 0.542553 -0.840022
vn 0.0 0.583742 -0.811939
vn 0.0 0.583742 -0.811939
vn 0.0 0.623489 -0.781832
vn 0.0 0.623489 -0.781832
vn 0.0 0.661685 -0.749782
vn 0.0 0.661685 -0.749782
vn 0.0 0.698235 -0.715868
vn 0.0 0.698235 -0.715868
vn 0.0 0.733053 -0.680171
vn 0.0 0.733053 -0.680171
vn 0.0 0.766045 -0.642787
vn 0.0 0.766045 -0.642787
vn 0.0 0.797133 -0.603803
vn 0.0 0.797133 -0.603803
vn 0.0 0.826236 -0.563324
vn 0.0 0.826236 -0.563324
vn 0.0 0.853293 -0.521432
vn 0.0 0.853293 -0.521432
vn 0.0 0.878221 -0.478255
vn 0.0 0.878221 -0.478255
vn 0.0 0.900968 -0.433886
vn 0.0 0.900968 -0.433886
vn 0.0 0.921477 -0.388433
vn 0.0 0.921477 -0.388433
vn 0.0 0.939692 -0.342021
vn 0.0 0.939692 -0.342021
vn 0.0 0.955573 -0.294755
vn 0.0 0.955573 -0.294755
vn 0.0 0.969077 -0.246758
vn 0.0 0.969077 -0.246758
vn 0.0 0.980173 -0.198145
vn 0.0 0.980173 -0.198145
vn 0.0 0.988831 -0.149043
vn 0.0 0.988831 -0.149043
vn 0.0 0.995031 -0.099567
vn 0.0 0.995031 -0.099567
vn 0.0 0.998757 -0.049847
vn 0.0 0.998757 -0.049847
vn 0.0 1.0 0.0
vn 0.0 1.0 0.0
vn 0.0 0.998757 0.049847
vn 0.0 0.998757 0.049847
vn 0.0 0.995031 0.099567
vn 0.0 0.995031 0.099567
vn 0.0 0.988831 0.149043
vn 0.0 0.988831 0.149043
vn 0.0 0.980172 0.198147
vn 0.0 0.980172 0.198147
vn 0.0 0.969077 0.246758
vn 0.0 0.969077 0.246758
vn 0.0 0.955573 0.294753
vn 0.0 0.955573 0.294753
vn 0.0 0.939692 0.342021
vn 0.0 0.939692 0.342021
vn 0.0 0.921476 0.388435
vn 0.0 0.921476 0.388435
vn 0.0 0.900969 0.433884
vn 0.0 0.900969 0.433884
vn 0.0 0.878221 0.478255
vn 0.0 0.878221 0.478255
vn 0.0 0.853291 0.521435
vn 0.0 0.853291 0.521435
vn 0.0 0.82624 0.563319
vn 0.0 0.82624 0.563319
vn 0.0 0.797131 0.603806
vn 0.0 0.797131 0.603806
vn 0.0 0.766045 0.642787
vn 0.0 0.766045 0.642787
vn 0.0 0.733051 0.680174
vn 0.0 0.733051 0.680174
vn 0.0 0.698238 0.715866
vn 0.0 0.698238 0.715866
vn 0.0 0.661685 0.749782
vn 0.0 0.661685 0.749782
vn 0.0 0.623489 0.781832
vn 0.0 0.623489 0.781832
vn 0.0 0.583746 0.811936
vn 0.0 0.583746 0.811936
vn 0.0 0.542544 0.840027
vn 0.0 0.542544 0.840027
vn 0.0 0.500001 0.866025
vn 0.0 0.500001 0.866025
vn 0.0 0.456209 0.889873
vn 0.0 0.456209 0.889873
vn 0.0 0.411289 0.911505
vn 0.0 0.411289 0.911505
vn 0.0 0.36534 0.930874
vn 0.0 0.36534 0.930874
vn 0.0 0.318486 0.947928
vn 0.0 0.318486 0.947928
vn 0.0 0.270843 0.962624
vn 0.0 0.270843 0.962624
vn 0.0 0.222522 0.974928
vn 0.0 0.222522 0.974928
vn 0.0 0.173646 0.984808
vn 0.0 0.173646 0.984808
vn 0.0 0.124346 0.992239
vn 0.0 0.124346 0.992239
vn 0.0 0.074727 0.997204
vn 0.0 0.074727 0.997204
vn -0.0 0.024934 0.999689
vn 0.0 0.024934 0.999689
vn 0.0 -0.999807 0.019633
vn -9e-05 -0.997429 0.071657
vn -5.4e-05 -0.998298 0.058322
vn -3.2e-05 -0.995348 0.096346
vn 5e-06 -0.990943 0.134284
vn -7.7e-05 -0.977794 0.20957
vn -1e-05 -0.985089 0.172047
vn -7.7e-05 -0.977764 0.209709
vn -9e-06 -0.968976 0.247155
vn 4e-06 -0.959234 0.282614
vn -7.8e-05 -0.94137 0.337377
vn -2.9e-05 -0.948169 0.317767
vn -3.3e-05 -0.93511 0.354359
vn 6e-06 -0.920512 0.390714
vn -7.1e-05 -0.890877 0.454244
vn -1.2e-05 -0.904171 0.42717
vn -4.4e-05 -0.886265 0.463178
vn 5e-06 -0.866851 0.498567
vn -6.9e-05 -0.828649 0.559769
vn -9e-06 -0.844593 0.535409
vn -2.7e-05 -0.819398 0.573225
vn 7e-06 -0.794333 0.607482
vn -6.6e-05 -0.756703 0.653759
vn -2.3e-05 -0.767827 0.640657
vn -9e-06 -0.738238 0.674541
vn 6e-06 -0.70831 0.705902
vn -0.000114 -0.662608 0.748967
vn -5.4e-05 -0.677136 0.735858
vn -4.4e-05 -0.644677 0.764455
vn 8e-06 -0.61108 0.791569
vn -1.6e-05 -0.576103 0.817377
vn -0.000137 -0.536203 0.844089
vn -0.000116 -0.540346 0.841443
vn -3.1e-05 -0.50342 0.864042
vn 1e-05 -0.465493 0.885051
vn -2.9e-05 -0.42689 0.904304
vn -0.000137 -0.390871 0.920445
vn -0.00012 -0.38732 0.921945
vn -1.5e-05 -0.347177 0.9378
vn 8e-06 -0.306095 0.952001
vn -5.1e-05 -0.26471 0.964328
vn -0.000144 -0.237244 0.97145
vn -8.5e-05 -0.222779 0.974869
vn -0.0 -0.180378 0.983597
vn -0.0 -0.137534 0.990497
vn -0.000148 -0.079135 0.996864
vn -8.6e-05 -0.094771 0.995499
vn -6.3e-05 -0.05473 0.998501
vn 0.0 -0.018361 0.999831
vn -0.99971 0.0 0.024101
vn -0.997387 -2.4e-05 0.072239
vn -0.999699 2.5e-05 0.024544
vn -0.992748 -4.8e-05 0.120211
vn -0.997291 4.9e-05 0.073562
vn -0.985803 -7e-05 0.167906
vn -0.99248 7.2e-05 0.122409
vn -0.976569 -9.2e-05 0.215205
vn -0.985278 9.4e-05 0.170961
vn -0.965064 -0.000113 0.262013
vn -0.975702 0.000115 0.219101
vn -0.951318 -0.000133 0.308211
vn -0.963776 0.000135 0.266712
vn -0.949527 0.000155 0.313686
vn -0.935362 -0.000151 0.353691
vn -0.932994 0.000173 0.359892
vn -0.917238 -0.00017 0.398339
vn -0.91421 0.000191 0.40524
vn -0.896975 -0.000187 0.442082
vn -0.893225 0.000207 0.44961
vn -0.874637 -0.000203 0.484778
vn -0.870085 0.000223 0.492901
vn -0.850261 -0.000218 0.526361
vn -0.844855 0.000238 0.534996
vn -0.823911 -0.000232 0.566719
vn -0.817583 0.000252 0.575811
vn -0.795646 -0.000245 0.605762
vn -0.78835 0.000264 0.615227
vn -0.765537 -0.000258 0.643391
vn -0.757207 0.000276 0.653175
vn -0.73365 -0.00027 0.679528
vn -0.724247 0.000288 0.689541
vn -0.700055 -0.00028 0.714088
vn -0.689543 0.000298 0.724245
vn -0.664833 -0.00029 0.746992
vn -0.653171 0.000307 0.757211
vn -0.628071 -0.000299 0.778156
vn -0.615232 0.000316 0.788346
vn -0.589848 -0.000307 0.807515
vn -0.575806 0.000323 0.817586
vn -0.550251 -0.000314 0.834999
vn -0.534997 0.00033 0.844854
vn -0.509386 -0.00032 0.860538
vn -0.492898 0.000336 0.870087
vn -0.467326 -0.000325 0.884085
vn -0.449612 0.00034 0.893224
vn -0.424184 -0.00033 0.905576
vn -0.405245 0.000344 0.914208
vn -0.380063 -0.000333 0.924961
vn -0.335051 -0.000336 0.9422
vn -0.359895 0.000347 0.932993
vn -0.301004 -8e-06 0.953623
vn -0.278235 9e-06 0.960513
vn -0.313682 0.000349 0.949528
vn -0.255202 9e-06 0.966888
vn -0.231957 -9e-06 0.972726
vn -0.266712 0.000351 0.963776
vn -0.208621 2.8e-05 0.977996
vn -0.185246 -2.4e-05 0.982692
vn -0.219102 0.000352 0.975702
vn -0.157921 -7.2e-05 0.987452
vn -0.124663 0.000107 0.992199
vn -0.17096 0.000352 0.985278
vn -0.122409 0.000216 0.99248
vn -0.089135 -0.000145 0.99602
vn -0.073562 0.000362 0.997291
vn -0.053474 -0.000182 0.998569
vn -0.024544 0.000292 0.999699
vn -0.017843 0.0 0.999841
vn -1.0 0.0 0.0
vn -1.0 0.0 0.0
vn -1.0 0.0 0.0
vn 0.0 0.0 1.0
vn 0.0 0.0 1.0
vn 1.0 0.0 0.0
vn 1.0 -0.0 0.0
vn 1.0 0.0 0.0
vn 0.017843 0.0 0.999841
vn 0.053474 -0.000182 0.998569
vn 0.024544 0.000292 0.999699
vn 0.089134 -0.000145 0.99602
vn 0.073562 0.000362 0.997291
vn 0.157921 -7.2e-05 0.987452
vn 0.124664 0.000107 0.992199
vn 0.122409 0.000216 0.99248
vn 0.208621 2.8e-05 0.977997
vn 0.185245 -2.4e-05 0.982692
vn 0.170961 0.000352 0.985278
vn 0.255202 9e-06 0.966888
vn 0.231959 -9e-06 0.972726
vn 0.219101 0.000352 0.975702
vn 0.300999 -8e-06 0.953624
vn 0.278237 9e-06 0.960512
vn 0.266713 0.000351 0.963776
vn 0.335052 -0.000336 0.9422
vn 0.313682 0.000349 0.949528
vn 0.380062 -0.000333 0.924961
vn 0.359895 0.000347 0.932993
vn 0.424185 -0.00033 0.905575
vn 0.405244 0.000344 0.914208
vn 0.467328 -0.000325 0.884084
vn 0.449611 0.00034 0.893224
vn 0.509383 -0.00032 0.86054
vn 0.492898 0.000335 0.870087
vn 0.550253 -0.000314 0.834998
vn 0.534998 0.00033 0.844853
vn 0.589848 -0.000307 0.807515
vn 0.575806 0.000323 0.817586
vn 0.628069 -0.000299 0.778158
vn 0.615232 0.000316 0.788346
vn 0.664837 -0.00029 0.746989
vn 0.653173 0.000307 0.757209
vn 0.700053 -0.00028 0.71409
vn 0.689541 0.000298 0.724247
vn 0.73365 -0.00027 0.679528
vn 0.724247 0.000288 0.689541
vn 0.765535 -0.000258 0.643394
vn 0.757209 0.000276 0.653173
vn 0.795648 -0.000246 0.605759
vn 0.788346 0.000265 0.615232
vn 0.823913 -0.000232 0.566716
vn 0.817586 0.000252 0.575806
vn 0.850261 -0.000218 0.526361
vn 0.844853 0.000238 0.534998
vn 0.874634 -0.000203 0.484784
vn 0.870087 0.000223 0.492898
vn 0.896978 -0.000186 0.442076
vn 0.893225 0.000207 0.44961
vn 0.917235 -0.000169 0.398346
vn 0.914209 0.000191 0.405244
vn 0.935364 -0.000151 0.353688
vn 0.932993 0.000173 0.359895
vn 0.951319 -0.000132 0.308207
vn 0.949529 0.000155 0.313679
vn 0.965064 -0.000113 0.262013
vn 0.963776 0.000135 0.266712
vn 0.976568 -9.2e-05 0.215209
vn 0.975701 0.000115 0.219104
vn 0.985278 9.4e-05 0.170961
vn 0.985803 -7e-05 0.167906
vn 0.99248 7.2e-05 0.122409
vn 0.992748 -4.8e-05 0.120215
vn 0.99729 4.9e-05 0.073566
vn 0.997387 -2.4e-05 0.072239
vn 0.999699 2.5e-05 0.02454
vn 0.99971 0.0 0.024097
vn -0.0 -0.999807 0.019633
vn 5.4e-05 -0.998298 0.058322
vn 3.2e-05 -0.995348 0.096346
vn -5e-06 -0.990943 0.134284
vn 1e-05 -0.985089 0.172047
vn 9e-05 -0.997429 0.071657
vn 7.7e-05 -0.977764 0.20971
vn 9e-06 -0.968976 0.247155
vn -4e-06 -0.959234 0.282614
vn 2.9e-05 -0.948169 0.317767
vn 7.7e-05 -0.977794 0.20957
vn 3.3e-05 -0.935109 0.354359
vn -6e-06 -0.920512 0.390714
vn 1.2e-05 -0.904171 0.42717
vn 7.8e-05 -0.94137 0.337377
vn 4.4e-05 -0.886265 0.463178
vn -5e-06 -0.866851 0.498567
vn 9e-06 -0.844593 0.535409
vn 7.1e-05 -0.890877 0.454244
vn 2.7e-05 -0.819398 0.573225
vn -7e-06 -0.794333 0.607482
vn 2.3e-05 -0.767827 0.640657
vn 6.9e-05 -0.828649 0.559769
vn 9e-06 -0.738238 0.674541
vn -6e-06 -0.70831 0.705902
vn 5.4e-05 -0.677136 0.735858
vn 6.6e-05 -0.756703 0.653759
vn 0.000114 -0.662608 0.748966
vn 4.4e-05 -0.644677 0.764455
vn -8e-06 -0.611079 0.791569
vn 1.6e-05 -0.576103 0.817377
vn 0.000116 -0.540346 0.841443
vn 0.000137 -0.536203 0.844089
vn 3.1e-05 -0.50342 0.864042
vn -1e-05 -0.465493 0.885051
vn 2.9e-05 -0.42689 0.904304
vn 0.000137 -0.390871 0.920445
vn 0.00012 -0.38732 0.921945
vn 1.5e-05 -0.347177 0.937799
vn -8e-06 -0.306095 0.952001
vn 5.1e-05 -0.26471 0.964328
vn 8.5e-05 -0.222779 0.974869
vn 0.0 -0.180378 0.983597
vn 0.0 -0.137534 0.990497
vn 0.000144 -0.237244 0.97145
vn 8.6e-05 -0.094771 0.995499
vn 6.3e-05 -0.05473 0.998501
vn 0.0 -0.018361 0.999831
vn 0.000148 -0.079135 0.996864
vn 1.0 -0.0 0.0
vn 1.0 0.0 0.0
vn 1.0 -0.0 0.0
vn 1.0 0.0 0.0
vn 1.0 -0.0 0.0
vn 1.0 0.0 0.0
vn 1.0 -0.0 0.0
vn 1.0 0.0 0.0
vn 1.0 -0.0 0.0
vn 1.0 0.0 0.0
vn 1.0 -0.0 0.0
vn 1.0 0.0 0.0
vn 1.0 -0.0 0.0
vn 1.0 0.0 0.0
vn 1.0 -0.0 0.0
vn 1.0 0.0 0.0
vn 1.0 -0.0 0.0
vn 1.0 0.0 0.0
vn 1.0 -0.0 0.0
vn 1.0 0.0 0.0
vn 1.0 -0.0 0.0
vn 1.0 0.0 0.0
vn 1.0 -0.0 0.0
vn 1.0 0.0 0.0
vn 1.0 -0.0 0.0
vn 1.0 0.0 0.0
vn 1.0 -0.0 0.0
vn 1.0 0.0 0.0
vn 1.0 -0.0 0.0
vn 1.0 0.0 0.0
vn 1.0 -0.0 0.0
vn 1.0 0.0 0.0
vn 1.0 0.0 0.0
vn 1.0 0.0 0.0
vn 1.0 0.0 0.0
vn 1.0 0.0 0.0
vn 1.0 0.0 0.0
vn 1.0 0.0 0.0
vn 1.0 0.0 0.0
vn 1.0 0.0 0.0
vn 1.0 0.0 0.0
vn 1.0 0.0 0.0
vn 1.0 0.0 0.0
vn 1.0 0.0 0.0
vn 1.0 0.0 0.0
vn 1.0 0.0 0.0
vn 1.0 0.0 0.0
vn 1.0 0.0 0.0
vn 1.0 0.0 0.0
vn 1.0 0.0 0.0
vn 1.0 0.0 0.0
vn 1.0 0.0 0.0
vn 1.0 0.0 0.0
vn 1.0 0.0 0.0
vn 1.0 0.0 0.0
vn 1.0 0.0 0.0
vn 1.0 0.0 0.0
vn 1.0 0.0 0.0
vn 1.0 0.0 0.0
vn 1.0 0.0 0.0
vn 1.0 0.0 0.0
vn 1.0 0.0 0.0
vn 1.0 0.0 0.0
vn 1.0 0.0 0.0
vn 1.0 0.0 0.0
vn 1.0 0.0 0.0
vn 1.0 0.0 0.0
vn 1.0 0.0 0.0
vn 1.0 0.0 0.0
vn 1.0 0.0 0.0
vn 1.0 0.0 0.0
vn 1.0 0.0 0.0
vn 1.0 0.0 0.0
vn 1.0 0.0 0.0
vn 1.0 0.0 0.0
vn 1.0 0.0 0.0
vn 1.0 0.0 0.0
vn 1.0 0.0 0.0
vn 1.0 0.0 0.0
vn 1.0 0.0 0.0
vn 1.0 0.0 0.0
vn 1.0 0.0 0.0
vn 1.0 0.0 0.0
vn 1.0 0.0 0.0
vn 1.0 0.0 0.0
vn 1.0 0.0 0.0
vn 1.0 0.0 0.0
vn 1.0 0.0 0.0
vn 1.0 0.0 0.0
vn 1.0 0.0 0.0
vn 1.0 0.0 0.0
vn 1.0 0.0 0.0
vn 1.0 0.0 0.0
vn 1.0 0.0 0.0
vn 1.0 0.0 0.0
vn 1.0 0.0 0.0
vn 1.0 0.0 0.0
vn 1.0 0.0 0.0
vn 1.0 0.0 0.0
vn 1.0 0.0 0.0
vn 1.0 0.0 0.0
vn 1.0 0.0 0.0
vn 1.0 0.0 0.0
vn 1.0 -0.0 0.0
vn 1.0 0.0 0.0
vn 1.0 -0.0 0.0
vn 1.0 0.0 0.0
vn 1.0 -0.0 0.0
vn 1.0 0.0 0.0
vn 1.0 -0.0 0.0
vn 1.0 0.0 0.0
vn 1.0 -0.0 0.0
vn 1.0 0.0 0.0
vn 1.0 -0.0 0.0
vn 1.0 0.0 0.0
vn 1.0 -0.0 0.0
vn 1.0 0.0 0.0
vn 1.0 -0.0 0.0
vn 1.0 -0.0 0.0
vn 1.0 -0.0 0.0
vn 1.0 -0.0 0.0
vn 1.0 0.0 0.0
vn 1.0 -0.0 0.0
vn 1.0 -0.0 0.0
vn 1.0 0.0 0.0
vn 1.0 -0.0 0.0
vn 1.0 0.0 0.0
vn 1.0 -0.0 0.0
vn 1.0 0.0 0.0
vn 1.0 -0.0 0.0
vn 1.0 -0.0 0.0
vn 1.0 -0.0 0.0
vn 1.0 -0.0 0.0
vn 1.0 0.0 0.0
vn 1.0 -0.0 0.0
vn 1.0 -0.0 0.0
vn 1.0 0.0 0.0
vn 1.0 -0.0 0.0
vn 1.0 -0.0 0.0
vn 1.0 0.0 0.0
vn 1.0 -0.0 0.0
vn 1.0 -0.0 0.0
vn 1.0 0.0 0.0
vn 1.0 -0.0 0.0
vn 1.0 0.0 0.0
vn 1.0 -0.0 0.0
vn 1.0 -0.0 0.0
vn 1.0 0.0 0.0
vn 1.0 -0.0 0.0
vn 1.0 0.0 0.0
vn 1.0 0.0 0.0
vn 1.0 -0.0 0.0
vn 1.0 0.0 0.0
vn 1.0 0.0 0.0
vn 1.0 -0.0 0.0
vn 1.0 0.0 0.0
vn 1.0 0.0 0.0
vn 1.0 -0.0 0.0
vn 1.0 0.0 0.0
vn 1.0 0.0 0.0
vn 1.0 0.0 0.0
vn 1.0 -0.0 0.0
vn 1.0 0.0 0.0
vn 1.0 -0.0 0.0
vn 1.0 0.0 0.0
vn 1.0 -0.0 0.0
vn 1.0 0.0 0.0
vn 1.0 0.0 0.0
vn 1.0 -0.0 0.0
vn 1.0 0.0 0.0
vn 1.0 0.0 0.0
vn 1.0 0.0 0.0
vn 1.0 -0.0 0.0
vn 1.0 0.0 0.0
vn 1.0 0.0 0.0
vn 1.0 -0.0 0.0
vn 1.0 0.0 0.0
vn 1.0 0.0 0.0
vn 1.0 -0.0 0.0
vn 1.0 0.0 0.0
vn 1.0 0.0 0.0
vn 1.0 -0.0 0.0
vn 1.0 0.0 0.0
vn 1.0 0.0 0.0
vn 1.0 0.0 0.0
vn 1.0 -0.0 0.0
vn 1.0 0.0 0.0
vn 1.0 0.0 0.0
vn 1.0 0.0 0.0
vn 1.0 0.0 0.0
vn 1.0 0.0 0.0
vn 1.0 0.0 0.0
vn 1.0 0.0 0.0
vn 1.0 0.0 0.0
vn 1.0 0.0 0.0
vn 1.0 0.0 0.0
vn 1.0 0.0 0.0
vn 1.0 0.0 0.0
vn 1.0 0.0 0.0
vn 1.0 0.0 0.0
vn 1.0 0.0 0.0
vn 1.0 0.0 0.0
vn 1.0 0.0 0.0
vn 1.0 0.0 0.0
vn 1.0 0.0 0.0
vn 1.0 0.0 0.0
vn 1.0 0.0 0.0
vn 1.0 0.0 0.0
vn 1.0 0.0 0.0
vn 1.0 0.0 0.0
vn 1.0 0.0 0.0
vn 1.0 0.0 0.0
vn 1.0 0.0 0.0
vn 1.0 0.0 0.0
vn 1.0 0.0 0.0
vn 1.0 0.0 0.0
vn 1.0 0.0 0.0
vn 1.0 -0.0 0.0
vn 1.0 0.0 0.0
vn 1.0 0.0 0.0
vn 1.0 0.0 0.0
vn 1.0 0.0 0.0
vn 1.0 0.0 0.0
vn 1.0 0.0 0.0
vn 1.0 0.0 0.0
vn 1.0 0.0 0.0
vn 1.0 0.0 0.0
vn 1.0 0.0 0.0
vn 1.0 0.0 0.0
vn 1.0 0.0 0.0
vn 1.0 0.0 0.0
vn 1.0 0.0 0.0
vn 1.0 0.0 0.0
vn 1.0 0.0 0.0
vn 1.0 0.0 0.0
vn 1.0 0.0 0.0
vn 1.0 0.0 0.0
vn 1.0 0.0 0.0
vn 1.0 0.0 0.0
vn 1.0 0.0 0.0
vn 1.0 0.0 0.0
vn 1.0 0.0 0.0
vn 1.0 0.0 0.0
vn 1.0 0.0 0.0
vn 1.0 0.0 0.0
vn 1.0 0.0 0.0
vn 1.0 0.0 0.0
vn 1.0 0.0 0.0
vn 1.0 0.0 0.0
vn 1.0 0.0 0.0
vn 1.0 0.0 0.0
vn 1.0 0.0 0.0
vn 1.0 0.0 0.0
vn 1.0 0.0 0.0
vn 1.0 0.0 0.0
vn 1.0 0.0 0.0
vn 1.0 0.0 0.0
vn 1.0 0.0 0.0
vn 1.0 0.0 0.0
vn 1.0 0.0 0.0
vn 1.0 0.0 0.0
vn 1.0 0.0 0.0
vn 1.0 0.0 0.0
vn 1.0 0.0 0.0
vn 1.0 0.0 0.0
vn 1.0 0.0 0.0
vn 1.0 0.0 0.0
vn 1.0 0.0 0.0
vn 1.0 0.0 0.0
vn 1.0 0.0 0.0
vn 1.0 0.0 0.0
vn 1.0 0.0 0.0
vn 1.0 0.0 0.0
vn 1.0 0.0 0.0
vn 1.0 0.0 0.0
vn 1.0 0.0 0.0
vn 1.0 0.0 0.0
vn 1.0 0.0 0.0
vn 1.0 0.0 0.0
vn 1.0 0.0 0.0
vn 1.0 -0.0 0.0
vn 1.0 0.0 0.0
vn 1.0 0.0 0.0
vn 1.0 0.0 0.0
vn 1.0 0.0 0.0
vn 1.0 0.0 0.0
vn 1.0 0.0 0.0
vn 1.0 0.0 0.0
vn 1.0 0.0 0.0
vn 1.0 0.0 0.0
vn 1.0 0.0 0.0
vn 1.0 0.0 0.0
vn 1.0 0.0 0.0
vn 1.0 0.0 0.0
vn 1.0 0.0 0.0
vn 1.0 0.0 0.0
vn 1.0 0.0 0.0
vn 1.0 0.0 0.0
vn 1.0 0.0 0.0
vn 1.0 0.0 0.0
vn 1.0 0.0 0.0
vn 1.0 0.0 0.0
vn 1.0 0.0 0.0
vn 1.0 0.0 0.0
vn 1.0 0.0 0.0
vn 1.0 0.0 0.0
vn 1.0 0.0 0.0
vn 1.0 0.0 0.0
vn 1.0 0.0 0.0
vn 1.0 0.0 0.0
vn 1.0 0.0 0.0
vn 1.0 0.0 0.0
vn 1.0 0.0 0.0
vn 1.0 0.0 0.0
vn 1.0 0.0 0.0
vn 1.0 0.0 0.0
vn 1.0 0.0 0.0
vn 1.0 0.0 0.0
vn 1.0 0.0 0.0
vn 1.0 0.0 0.0
vn 1.0 0.0 0.0
vn 1.0 0.0 0.0
vn 1.0 0.0 0.0
vn 1.0 0.0 0.0
vn 1.0 0.0 0.0
vn 1.0 0.0 0.0
vn 1.0 0.0 0.0
vn 1.0 0.0 0.0
vn 1.0 0.0 0.0
vn 1.0 0.0 0.0
vn 1.0 0.0 0.0
vn 1.0 0.0 0.0
vn 1.0 0.0 0.0
vn 1.0 0.0 0.0
vn 1.0 0.0 0.0
vn 1.0 0.0 0.0
vn 1.0 0.0 0.0
vn 1.0 0.0 0.0
vn 1.0 0.0 0.0
vn 1.0 0.0 0.0
vn 1.0 0.0 0.0
vn 1.0 0.0 0.0
vn 1.0 0.0 0.0
vn 1.0 0.0 0.0
vn 1.0 0.0 0.0
vn 1.0 0.0 0.0
vn 1.0 0.0 0.0
vn 1.0 0.0 0.0
vn 1.0 0.0 0.0
vn 1.0 0.0 0.0
vn 1.0 0.0 0.0
vn 1.0 0.0 0.0
vn 1.0 0.0 0.0
vn 1.0 0.0 0.0
vn 1.0 -0.0 0.0
vn 1.0 0.0 0.0
vn 1.0 0.0 0.0
vn 1.0 0.0 0.0
vn 1.0 0.0 0.0
vn 1.0 0.0 0.0
vn 1.0 0.0 0.0
vn 1.0 0.0 0.0
vn 1.0 0.0 0.0
vn 1.0 0.0 0.0
vn 1.0 0.0 0.0
vn 1.0 0.0 0.0
vn 1.0 0.0 0.0
vn 1.0 0.0 0.0
vn 1.0 0.0 0.0
vn 1.0 -0.0 0.0
vn 1.0 0.0 0.0
vn 1.0 0.0 0.0
vn 1.0 0.0 0.0
vn 1.0 0.0 0.0
vn 1.0 0.0 0.0
vn 1.0 -0.0 0.0
vn 1.0 0.0 0.0
vn 1.0 0.0 0.0
vn 1.0 0.0 0.0
vn 1.0 -0.0 0.0
vn 1.0 0.0 0.0
vn 1.0 0.0 0.0
vn 1.0 0.0 0.0
vn 1.0 0.0 0.0
vn 1.0 0.0 0.0
vn 1.0 0.0 0.0
vn 1.0 0.0 0.0
vn 1.0 0.0 0.0
vn 1.0 0.0 0.0
vn 1.0 0.0 0.0
vn 1.0 0.0 0.0
vn 1.0 0.0 0.0
vn 1.0 0.0 0.0
vn 1.0 0.0 0.0
vn 1.0 0.0 0.0
vn 1.0 0.0 0.0
vn 1.0 0.0 0.0
vn 1.0 0.0 0.0
vn 1.0 0.0 0.0
vn 1.0 0.0 0.0
vn 1.0 0.0 0.0
vn 1.0 0.0 0.0
vn 1.0 -0.0 0.0
vn 1.0 0.0 0.0
vn 1.0 0.0 0.0
vn 1.0 0.0 0.0
vn 1.0 0.0 0.0
vn 1.0 0.0 0.0
vn 1.0 0.0 0.0
vn 1.0 0.0 0.0
vn 1.0 0.0 0.0
vn 1.0 0.0 0.0
vn 1.0 0.0 0.0
vn 1.0 0.0 0.0
vn 1.0 0.0 0.0
vn 1.0 0.0 0.0
vn 1.0 0.0 0.0
vn 1.0 0.0 0.0
vn 1.0 0.0 0.0
vn 1.0 0.0 0.0
vn 1.0 0.0 0.0
vn 1.0 0.0 0.0
vn 1.0 0.0 0.0
vn 1.0 0.0 0.0
vn 1.0 0.0 0.0
vn 1.0 0.0 0.0
vn 1.0 0.0 0.0
vn 1.0 0.0 0.0
vn 1.0 0.0 0.0
vn 1.0 0.0 0.0
vn 1.0 0.0 0.0
vn 1.0 0.0 0.0
vn 1.0 0.0 0.0
vn 1.0 0.0 0.0
vn 1.0 0.0 0.0
vn 1.0 0.0 0.0
vn 1.0 0.0 0.0
vn 1.0 0.0 0.0
vn 1.0 0.0 0.0
vn 1.0 0.0 0.0
vn 1.0 0.0 0.0
vn 1.0 0.0 0.0
vn 1.0 0.0 0.0
vn 1.0 0.0 0.0
vn 1.0 0.0 0.0
vn 1.0 0.0 0.0
vn 1.0 0.0 0.0
vn 1.0 0.0 0.0
vn 1.0 0.0 0.0
vn 1.0 0.0 0.0
vn 1.0 0.0 0.0
vn 1.0 0.0 0.0
vn 1.0 0.0 0.0
vn 1.0 0.0 0.0
vn 1.0 0.0 0.0
vn 1.0 0.0 0.0
vn 1.0 0.0 0.0
vn 1.0 0.0 0.0
vn 1.0 0.0 0.0
vn 1.0 0.0 0.0
vn 1.0 0.0 0.0
vn 1.0 0.0 0.0
vn 1.0 0.0 0.0
vn 1.0 0.0 0.0
vn 1.0 0.0 0.0
vn 1.0 0.0 0.0
vn 1.0 0.0 0.0
vn 1.0 0.0 0.0
vn 1.0 0.0 0.0
vn 1.0 0.0 0.0
vn 1.0 0.0 0.0
vn 1.0 0.0 0.0
vn 1.0 0.0 0.0
vn 1.0 0.0 0.0
vn 1.0 0.0 0.0
vn 1.0 -0.0 0.0
vn 1.0 0.0 0.0
vn 1.0 0.0 0.0
vn 1.0 0.0 0.0
vn 1.0 0.0 0.0
vn 1.0 0.0 0.0
vn 1.0 0.0 0.0
vn 1.0 0.0 0.0
vn 1.0 0.0 0.0
vn 1.0 0.0 0.0
vn 1.0 -0.0 0.0
vn 1.0 0.0 0.0
vn 1.0 0.0 0.0
vn 1.0 0.0 0.0
vn 1.0 0.0 0.0
vn 1.0 0.0 0.0
vn 1.0 0.0 0.0
vn 1.0 0.0 0.0
vn 1.0 0.0 0.0
vn 1.0 0.0 0.0
vn 1.0 0.0 0.0
vn 1.0 0.0 0.0
vn 1.0 0.0 0.0
vn 1.0 0.0 0.0
vn 1.0 0.0 0.0
vn 1.0 0.0 0.0
vn 1.0 -0.0 0.0
vn 1.0 0.0 0.0
vn 1.0 0.0 0.0
vn 1.0 0.0 0.0
vn 1.0 0.0 0.0
vn 0.0 0.0 1.0
vn 0.0 0.0 1.0
vn 0.0 0.0 1.0
vn 0.0 0.0 1.0
vn 0.0 0.0 1.0
vn 0.0 0.0 1.0
vn 0.0 0.0 1.0
vn 0.0 0.0 1.0
vn 0.0 0.0 1.0
vn 0.0 0.0 1.0
vn 0.0 0.0 1.0
vn 0.0 0.0 1.0
vn 0.0 0.0 1.0
vn 0.0 0.0 1.0
vn 0.0 0.0 1.0
vn 0.0 0.0 1.0
vn 0.0 0.0 1.0
vn 0.0 0.0 1.0
vn 0.0 0.0 1.0
vn 0.0 0.0 1.0
vn 0.0 0.0 1.0
vn 0.0 0.0 1.0
vn 0.0 0.0 1.0
vn 0.0 0.0 1.0
vn 0.0 0.0 1.0
vn 0.0 0.0 1.0
vn 0.0 0.0 1.0
vn 0.0 0.0 1.0
vn 0.0 0.0 1.0
vn 0.0 0.0 1.0
vn 0.0 0.0 1.0
vn 0.0 0.0 1.0
vn 0.0 0.0 1.0
vn 0.0 0.0 1.0
vn 0.0 0.0 1.0
vn 0.0 0.0 1.0
vn 0.0 0.0 1.0
vn 0.0 0.0 1.0
vn 0.0 0.0 1.0
vn 0.0 0.0 1.0
vn 0.0 0.0 1.0
vn 0.0 0.0 1.0
vn 0.0 0.0 1.0
vn 0.0 0.0 1.0
vn 0.0 0.0 1.0
vn 0.0 0.0 1.0
vn 0.0 0.0 1.0
vn 0.0 0.0 1.0
vn 0.0 0.0 1.0
vn 0.0 0.0 1.0
vn 0.0 0.0 1.0
vn 0.0 0.0 1.0
vn 0.0 0.0 1.0
vn 0.0 0.0 1.0
vn 0.0 0.0 1.0
vn 0.0 0.0 1.0
vn 0.0 0.0 1.0
vn 0.0 0.0 1.0
vn 0.0 0.0 1.0
vn 0.0 0.0 1.0
vn 0.0 0.0 1.0
vn 0.0 0.0 1.0
vn 0.0 0.0 1.0
vn 0.0 0.0 1.0
vn 0.0 0.0 1.0
vn 0.0 0.0 1.0
vn 0.0 0.0 1.0
vn 0.0 0.0 1.0
vn 0.0 0.0 1.0
vn 0.0 0.0 1.0
vn 0.0 0.0 1.0
vn 0.0 0.0 1.0
vn 0.0 0.0 1.0
vn 0.0 0.0 1.0
vn 0.0 0.0 1.0
vn 0.0 0.0 1.0
vn 0.0 0.0 1.0
vn 0.0 0.0 1.0
vn 0.0 0.0 1.0
vn 0.0 0.0 1.0
vn 0.0 0.0 1.0
vn 0.0 0.0 1.0
vn 0.0 0.0 1.0
vn 0.0 0.0 1.0
vn 0.0 0.0 1.0
vn 0.0 0.0 1.0
vn 0.0 0.0 1.0
vn 0.0 0.0 1.0
vn 0.0 0.0 1.0
vn 0.0 0.0 1.0
vn 0.0 0.0 1.0
vn 0.0 0.0 1.0
vn 0.0 0.0 1.0
vn 0.0 0.0 1.0
vn 0.0 0.0 1.0
vn 0.0 0.0 1.0
vn 0.0 0.0 1.0
vn 0.0 0.0 1.0
vn 0.0 0.0 1.0
vn 0.0 0.0 1.0
vn 0.0 0.0 1.0
vn 0.0 0.0 1.0
vn 0.0 0.0 1.0
vn 0.0 0.0 1.0
vn 0.0 0.0 1.0
vn 0.0 0.0 1.0
vn 0.0 0.0 1.0
vn 0.0 0.0 1.0
vn 0.0 0.0 1.0
vn 0.0 0.0 1.0
vn 0.0 0.0 1.0
vn 0.0 0.0 1.0
vn 0.0 0.0 1.0
vn 0.0 0.0 1.0
vn 0.0 0.0 1.0
vn 0.0 0.0 1.0
vn 0.0 0.0 1.0
vn 0.0 0.0 1.0
vn 0.0 0.0 1.0
vn 0.0 0.0 1.0
vn 0.0 0.0 1.0
vn 0.0 0.0 1.0
vn 0.0 0.0 1.0
vn 0.0 0.0 1.0
vn 0.0 0.0 1.0
vn 0.0 0.0 1.0
vn 0.0 0.0 1.0
vn 0.0 0.0 1.0
vn 0.0 0.0 1.0
vn 0.0 0.0 1.0
vn 0.0 0.0 1.0
vn 0.0 0.0 1.0
vn 0.0 0.0 1.0
vn 0.0 0.0 1.0
vn 0.0 0.0 1.0
vn 0.0 0.0 1.0
vn 0.0 0.0 1.0
vn 0.0 0.0 1.0
vn 0.0 0.0 1.0
vn 0.0 0.0 1.0
vn 0.0 0.0 1.0
vn 0.0 0.0 1.0
vn 0.0 0.0 1.0
vn 0.0 0.0 1.0
vn 0.0 0.0 1.0
vn 0.0 0.0 1.0
vn 0.0 0.0 1.0
vn 0.0 0.0 1.0
vn 0.0 0.0 1.0
vn 0.0 0.0 1.0
vn 0.0 0.0 1.0
vn 0.0 0.0 1.0
vn 0.0 0.0 1.0
vn 0.0 0.0 1.0
vn 0.0 0.0 1.0
vn 0.0 0.0 1.0
vn 0.0 0.0 1.0
vn 0.0 0.0 1.0
vn 0.0 0.0 1.0
vn 0.0 0.0 1.0
vn 0.0 0.0 1.0
vn 0.0 0.0 1.0
vn 0.0 0.0 1.0
vn 0.0 0.0 1.0
vn 0.0 0.0 1.0
vn 0.0 0.0 1.0
vn 0.0 0.0 1.0
vn 0.0 0.0 1.0
vn 0.0 0.0 1.0
vn 0.0 0.0 1.0
vn 0.0 0.0 1.0
vn 0.0 0.0 1.0
vn 0.0 0.0 1.0
vn 0.0 0.0 1.0
vn 0.0 0.0 1.0
vn 0.0 0.0 1.0
vn 0.0 0.0 1.0
vn 0.0 0.0 1.0
vn 0.0 0.0 1.0
vn 0.0 0.0 1.0
vn 0.0 0.0 1.0
vn 0.0 0.0 1.0
vn 0.0 0.0 1.0
vn 0.0 0.0 1.0
vn 0.0 0.0 1.0
vn 0.0 0.0 1.0
vn 0.0 0.0 1.0
vn 0.0 0.0 1.0
vn 0.0 0.0 1.0
vn 0.0 0.0 1.0
vn 0.0 0.0 1.0
vn 0.0 0.0 1.0
vn 0.0 0.0 1.0
vn 0.0 0.0 1.0
vn 0.0 0.0 1.0
vn 0.0 0.0 1.0
vn 0.0 0.0 1.0
vn 0.0 0.0 1.0
vn 0.0 0.0 1.0
vn 0.0 0.0 1.0
vn 0.0 0.0 1.0
vn 0.0 0.0 1.0
vn 0.0 0.0 1.0
vn 0.0 0.0 1.0
vn 0.0 0.0 1.0
vn 0.0 0.0 1.0
vn 0.0 0.0 1.0
vn 0.0 0.0 1.0
vn 0.0 0.0 1.0
vn 0.0 0.0 1.0
vn 0.0 0.0 1.0
vn 0.0 0.0 1.0
vn 0.0 0.0 1.0
vn 0.0 0.0 1.0
vn 0.0 0.0 1.0
vn 0.0 0.0 1.0
vn 0.0 0.0 1.0
vn 0.0 0.0 1.0
vn 0.0 0.0 1.0
vn 0.0 0.0 1.0
vn 0.0 0.0 1.0
vn 0.0 0.0 1.0
vn 0.0 0.0 1.0
vn 0.0 0.0 1.0
vn 0.0 0.0 1.0
vn 0.0 0.0 1.0
vn 0.0 0.0 1.0
vn 0.0 0.0 1.0
vn 0.0 0.0 1.0
vn 0.0 0.0 1.0
vn 0.0 0.0 1.0
vn 0.0 0.0 1.0
vn 0.0 0.0 1.0
vn 0.0 0.0 1.0
vn 0.0 0.0 1.0
vn 0.0 0.0 1.0
vn 0.0 0.0 1.0
vn 0.0 0.0 1.0
vn 0.0 0.0 1.0
vn 0.0 0.0 1.0
vn 0.0 0.0 1.0
vn 0.0 0.0 1.0
vn 0.0 0.0 1.0
vn 0.0 0.0 1.0
vn 0.0 0.0 1.0
vn 0.0 0.0 1.0
vn 0.0 0.0 1.0
vn 0.0 0.0 1.0
vn 0.0 0.0 1.0
vn 0.0 0.0 1.0
vn 0.0 0.0 1.0
vn 0.0 0.0 1.0
vn 0.0 0.0 1.0
vn 0.0 0.0 1.0
vn 0.0 0.0 1.0
vn 0.0 0.0 1.0
vn 0.0 0.0 1.0
vn 0.0 0.0 1.0
vn 0.0 0.0 1.0
vn 0.0 0.0 1.0
vn 0.0 0.0 1.0
vn 0.0 0.0 1.0
vn 0.0 0.0 1.0
vn 0.0 0.0 1.0
vn 0.0 0.0 1.0
vn 0.0 0.0 1.0
vn 0.0 0.0 1.0
vn 0.0 0.0 1.0
vn 0.0 0.0 1.0
vn 0.0 0.0 1.0
vn 0.0 0.0 1.0
vn 0.0 0.0 1.0
vn 0.0 0.0 1.0
vn 0.0 0.0 1.0
vn 0.0 0.0 1.0
vn 0.0 0.0 1.0
vn 0.0 0.0 1.0
vn 0.0 0.0 1.0
vn 0.0 0.0 1.0
vn 0.0 0.0 1.0
vn 0.0 0.0 1.0
vn 0.0 0.0 1.0
vn 0.0 0.0 1.0
vn 0.0 0.0 1.0
vn 0.0 0.0 1.0
vn 0.0 0.0 1.0
vn 0.0 0.0 1.0
vn 0.0 0.0 1.0
vn 0.0 0.0 1.0
vn 0.0 0.0 1.0
vn 0.0 0.0 1.0
vn 0.0 0.0 1.0
vn 0.0 0.0 1.0
vn 0.0 0.0 1.0
vn 0.0 0.0 1.0
vn 0.0 0.0 1.0
vn 0.0 0.0 1.0
vn 0.0 0.0 1.0
vn 0.0 0.0 1.0
vn 0.0 0.0 1.0
vn 0.0 0.0 1.0
vn 0.0 0.0 1.0
vn 0.0 0.0 1.0
vn 0.0 0.0 1.0
vn 0.0 0.0 1.0
vn 0.0 0.0 1.0
vn 0.0 0.0 1.0
vn 0.0 0.0 1.0
vn 0.0 0.0 1.0
vn 0.0 0.0 1.0
vn 0.0 0.0 1.0
vn 0.0 0.0 1.0
vn 0.0 0.0 1.0
vn 0.0 0.0 1.0
vn 0.0 0.0 1.0
vn 0.0 0.0 1.0
vn 0.0 0.0 1.0
vn 0.0 0.0 1.0
vn 0.0 0.0 1.0
vn 0.0 0.0 1.0
vn 0.0 0.0 1.0
vn 0.0 0.0 1.0
vn 0.0 0.0 1.0
vn 0.0 0.0 1.0
vn 0.0 0.0 1.0
vn 0.0 0.0 1.0
vn 0.0 0.0 1.0
vn 0.0 0.0 1.0
vn 0.0 0.0 1.0
vn 0.0 0.0 1.0
vn 0.0 0.0 1.0
vn 0.0 0.0 1.0
vn 0.0 0.0 1.0
vn 0.0 0.0 1.0
vn 0.0 0.0 1.0
vn 0.0 0.0 1.0
vn 0.0 0.0 1.0
vn 0.0 0.0 1.0
vn 0.0 0.0 1.0
vn 0.0 0.0 1.0
vn 0.0 0.0 1.0
vn 0.0 0.0 1.0
vn 0.0 0.0 1.0
vn 0.0 0.0 1.0
vn 0.0 0.0 1.0
vn 0.0 0.0 1.0
vn 0.0 0.0 1.0
vn 0.0 0.0 1.0
vn 0.0 0.0 1.0
vn 0.0 0.0 1.0
vn 0.0 0.0 1.0
vn 0.0 0.0 1.0
vn 0.0 0.0 1.0
vn 0.0 0.0 1.0
vn 0.0 0.0 1.0
vn 0.0 0.0 1.0
vn 0.0 0.0 1.0
vn 0.0 0.0 1.0
vn 0.0 0.0 1.0
vn 0.0 0.0 1.0
vn 0.0 0.0 1.0
vn 0.0 0.0 1.0
vn 0.0 0.0 1.0
vn 0.0 0.0 1.0
vn 0.0 0.0 1.0
vn 0.0 0.0 1.0
vn 0.0 0.0 1.0
vn 0.0 0.0 1.0
vn 0.0 0.0 1.0
vn 0.0 0.0 1.0
vn 0.0 0.0 1.0
vn 0.0 0.0 1.0
vn 0.0 0.0 1.0
vn 0.0 0.0 1.0
vn 0.0 0.0 1.0
vn 0.0 0.0 1.0
vn 0.0 0.0 1.0
vn 0.0 0.0 1.0
vn 0.0 0.0 1.0
vn 0.0 0.0 1.0
vn 0.0 0.0 1.0
vn 0.0 0.0 1.0
vn 0.0 0.0 1.0
vn 0.0 0.0 1.0
vn 0.0 0.0 1.0
vn 0.0 0.0 1.0
vn 0.0 0.0 1.0
vn 0.0 0.0 1.0
vn 0.0 0.0 1.0
vn 0.0 0.0 1.0
vn 0.0 0.0 1.0
vn 0.0 0.0 1.0
vn 0.0 0.0 1.0
vn 0.0 0.0 1.0
vn 0.0 0.0 1.0
vn 0.0 0.0 1.0
vn 0.0 0.0 1.0
vn 0.0 0.0 1.0
vn 0.0 0.0 1.0
vn 0.0 0.0 1.0
vn 0.0 0.0 1.0
vn 0.0 0.0 1.0
vn 0.0 0.0 1.0
vn 0.0 0.0 1.0
vn 0.0 0.0 1.0
vn 0.0 0.0 1.0
vn 0.0 0.0 1.0
vn 0.0 0.0 1.0
vn 0.0 0.0 1.0
vn 0.0 0.0 1.0
vn 0.0 0.0 1.0
vn 0.0 0.0 1.0
vn 0.0 0.0 1.0
vn 0.0 0.0 1.0
vn 0.0 0.0 1.0
vn 0.0 0.0 1.0
vn 0.0 0.0 1.0
vn 0.0 0.0 1.0
vn 0.0 0.0 1.0
vn 0.0 0.0 1.0
vn 0.0 0.0 1.0
vn 0.0 0.0 1.0
vn 0.0 0.0 1.0
vn 0.0 0.0 1.0
vn 0.0 0.0 1.0
vn 0.0 0.0 1.0
vn 0.0 0.0 1.0
vn 0.0 0.0 1.0
vn 0.0 0.0 1.0
vn 0.0 0.0 1.0
vn 0.0 0.0 1.0
vn 0.0 0.0 1.0
vn 0.0 0.0 1.0
vn 0.0 0.0 1.0
vn 0.0 0.0 1.0
vn 0.0 0.0 1.0
vn 0.0 0.0 1.0
vn 0.0 0.0 1.0
vn 0.0 0.0 1.0
vn 0.0 0.0 1.0
vn 0.0 0.0 1.0
vn 0.0 0.0 1.0
vn 0.0 0.0 1.0
vn 0.0 0.0 1.0
vn 0.0 0.0 1.0
vn 0.0 0.0 1.0
vn 0.0 0.0 1.0
vn 0.0 0.0 1.0
vn 0.0 0.0 1.0
vn 0.0 0.0 1.0
vn 0.0 0.0 1.0
vn 0.0 0.0 1.0
vn 0.0 0.0 1.0
vn 0.0 0.0 1.0
vn 0.0 0.0 1.0
vn 0.0 0.0 1.0
vn 0.0 0.0 1.0
vn 0.0 0.0 1.0
vn 0.0 0.0 1.0
vn 0.0 0.0 1.0
vn 0.0 0.0 1.0
vn 0.0 0.0 1.0
vn 0.0 0.0 1.0
vn 0.0 0.0 1.0
vn 0.0 0.0 1.0
vn 0.0 0.0 1.0
vn 0.0 0.0 1.0
vn 0.0 0.0 1.0
vn 0.0 0.0 1.0
vn 0.0 0.0 1.0
vn 0.0 0.0 1.0
vn 0.0 0.0 1.0
vn 0.0 0.0 1.0
vn 0.0 0.0 1.0
vn 0.0 0.0 1.0
vn 0.0 0.0 1.0
vn 0.0 0.0 1.0
vn 0.0 0.0 1.0
vn 0.0 0.0 1.0
vn 0.0 0.0 1.0
vn 0.0 0.0 1.0
vn 0.0 0.0 1.0
vn 0.0 0.0 1.0
vn 0.0 0.0 1.0
vn 0.0 0.0 1.0
vn 0.0 0.0 1.0
vn 0.0 0.0 1.0
vn 0.0 0.0 1.0
vn 0.0 0.0 1.0
vn 0.0 0.0 1.0
vn 0.0 0.0 1.0
vn 0.0 0.0 1.0
vn 0.0 0.0 1.0
vn 0.0 0.0 1.0
vn 0.0 0.0 1.0
vn 0.0 0.0 1.0
vn 0.0 0.0 1.0
vn 0.0 0.0 1.0
vn 0.0 0.0 1.0
vn 0.0 0.0 1.0
vn 0.0 0.0 1.0
vn 0.0 0.0 1.0
vn 0.0 -0.0 1.0
vn 0.0 0.0 1.0
vn 0.0 0.0 1.0
vn 0.0 0.0 1.0
vn 0.0 0.0 1.0
vn 0.0 0.0 1.0
vn 0.0 0.0 1.0
vn 0.0 0.0 1.0
vn 0.0 0.0 1.0
vn 0.0 0.0 1.0
vn 0.0 0.0 1.0
vn 0.0 0.0 1.0
vn 0.0 0.0 1.0
vn 0.0 0.0 1.0
vn 0.0 0.0 1.0
vn 0.0 0.0 1.0
vn 0.0 0.0 1.0
vn 0.0 0.0 1.0
vn 0.0 0.0 1.0
vn 0.0 0.0 1.0
vn 0.0 0.999811 0.019429
vn 0.0 0.999811 0.019429
vn 0.0 0.998295 0.05837
vn 0.0 0.998295 0.05837
vn 0.0 0.995339 0.096433
vn 0.0 0.99534 0.096433
vn 0.0 0.99095 0.134231
vn 0.0 0.99095 0.134231
vn 0.0 0.985077 0.172115
vn 0.0 0.985077 0.172115
vn 0.0 0.977759 0.209733
vn 0.0 0.977759 0.209733
vn 0.0 0.969039 0.246909
vn 0.0 0.969039 0.246909
vn 0.0 0.959177 0.282806
vn 0.0 0.959177 0.282806
vn 0.0 0.948172 0.317757
vn 0.0 0.948172 0.317757
vn 0.0 0.935163 0.354217
vn 0.0 0.935163 0.354217
vn 0.0 0.920442 0.390878
vn 0.0 0.920442 0.390878
vn 0.0 0.90422 0.427066
vn 0.0 0.886168 0.463363
vn 0.0 0.90422 0.427066
vn 0.0 0.886168 0.463363
vn 0.0 0.866959 0.49838
vn 0.0 0.844599 0.5354
vn 0.0 0.866958 0.49838
vn 0.0 0.819379 0.573252
vn 0.0 0.844599 0.5354
vn 0.0 0.794347 0.607465
vn 0.0 0.819379 0.573252
vn 0.0 0.767672 0.640842
vn 0.0 0.794347 0.607465
vn 0.0 0.73839 0.674374
vn 0.0 0.767672 0.640842
vn 0.0 0.708252 0.70596
vn 0.0 0.73839 0.674374
vn 0.0 0.677049 0.735938
vn 0.0 0.708252 0.70596
vn 0.0 0.644613 0.764509
vn 0.0 0.677049 0.735938
vn 0.0 0.611227 0.791456
vn 0.0 0.644613 0.764509
vn 0.0 0.576039 0.817422
vn 0.0 0.611227 0.791456
vn 0.0 0.540294 0.841476
vn 0.0 0.576039 0.817422
vn 0.0 0.540294 0.841476
vn 0.0 0.503432 0.864035
vn 0.0 0.503432 0.864035
vn 0.0 0.465456 0.885071
vn 0.0 0.465456 0.885071
vn 0.0 0.42679 0.904351
vn 0.0 0.42679 0.904351
vn 0.0 0.387268 0.921967
vn 0.0 0.387268 0.921967
vn 0.0 0.347217 0.937785
vn 0.0 0.347217 0.937785
vn 0.0 0.306055 0.952014
vn 0.0 0.306055 0.952014
vn 0.0 0.264624 0.964352
vn 0.0 0.264624 0.964352
vn 0.0 0.222734 0.974879
vn 0.0 0.222734 0.974879
vn 0.0 0.18039 0.983595
vn 0.0 0.18039 0.983595
vn 0.0 0.13752 0.990499
vn 0.0 0.13752 0.990499
vn 0.0 0.094684 0.995507
vn 0.0 0.094684 0.995507
vn 0.0 0.054661 0.998505
vn 0.0 0.054661 0.998505
vn 0.0 0.018361 0.999831
vn 0.0 0.018361 0.999831
vn -0.999689 -0.024934 -0.0
vn -0.999689 -0.024934 0.0
vn -0.997204 -0.074727 0.0
vn -0.992239 -0.124345 0.0
vn -0.997204 -0.074727 -0.0
vn -0.992239 -0.124345 0.0
vn -0.984807 -0.173651 0.0
vn -0.984807 -0.173651 -0.0
vn -0.974929 -0.222517 0.0
vn -0.974929 -0.222517 -0.0
vn -0.962624 -0.270842 0.0
vn -0.962624 -0.270842 -0.0
vn -0.947928 -0.318486 0.0
vn -0.947928 -0.318486 -0.0
vn -0.930874 -0.36534 0.0
vn -0.930874 -0.36534 -0.0
vn -0.911505 -0.411289 0.0
vn -0.911505 -0.411289 -0.0
vn -0.889872 -0.45621 0.0
vn -0.866026 -0.499999 0.0
vn -0.889872 -0.45621 -0.0
vn -0.866026 -0.499999 0.0
vn -0.840025 -0.542547 -0.0
vn -0.840025 -0.542547 0.0
vn -0.811938 -0.583744 -0.0
vn -0.811938 -0.583744 0.0
vn -0.781833 -0.623488 0.0
vn -0.781833 -0.623488 0.0
vn -0.749781 -0.661686 -0.0
vn -0.749781 -0.661686 0.0
vn -0.715866 -0.698238 -0.0
vn -0.715866 -0.698238 0.0
vn -0.680174 -0.73305 0.0
vn -0.680174 -0.73305 0.0
vn -0.642787 -0.766045 -0.0
vn -0.642787 -0.766045 0.0
vn -0.603804 -0.797133 -0.0
vn -0.603804 -0.797133 0.0
vn -0.563319 -0.826239 -0.0
vn -0.563319 -0.826239 0.0
vn -0.521435 -0.853291 -0.0
vn -0.521435 -0.853291 0.0
vn -0.478256 -0.878221 -0.0
vn -0.478256 -0.878221 0.0
vn -0.433882 -0.90097 0.0
vn -0.433882 -0.90097 0.0
vn -0.388436 -0.921476 0.0
vn -0.34202 -0.939693 0.0
vn -0.388436 -0.921476 -0.0
vn -0.294757 -0.955572 0.0
vn -0.34202 -0.939693 0.0
vn -0.294757 -0.955572 0.0
vn -0.246755 -0.969078 0.0
vn -0.246755 -0.969078 -0.0
vn -0.198148 -0.980172 0.0
vn -0.198148 -0.980172 -0.0
vn -0.149042 -0.988831 0.0
vn -0.149042 -0.988831 -0.0
vn -0.099568 -0.995031 0.0
vn -0.099568 -0.995031 -0.0
vn -0.049845 -0.998757 0.0
vn -0.049845 -0.998757 -0.0
vn 0.0 -1.0 0.0
vn -0.0 -1.0 -0.0
vn 0.049845 -0.998757 0.0
vn 0.049845 -0.998757 0.0
vn 0.099568 -0.995031 0.0
vn 0.099568 -0.995031 0.0
vn 0.149042 -0.988831 0.0
vn 0.149042 -0.988831 0.0
vn 0.198148 -0.980172 0.0
vn 0.246755 -0.969078 0.0
vn 0.198148 -0.980172 0.0
vn 0.246755 -0.969078 0.0
vn 0.294757 -0.955572 0.0
vn 0.294757 -0.955572 0.0
vn 0.34202 -0.939693 0.0
vn 0.34202 -0.939693 0.0
vn 0.388436 -0.921476 0.0
vn 0.388436 -0.921476 0.0
vn 0.433882 -0.90097 0.0
vn 0.433882 -0.90097 0.0
vn 0.478255 -0.878221 0.0
vn 0.478255 -0.878221 0.0
vn 0.521435 -0.853291 0.0
vn 0.521435 -0.853291 0.0
vn 0.563319 -0.826239 0.0
vn 0.563319 -0.826239 0.0
vn 0.603804 -0.797133 0.0
vn 0.603804 -0.797133 0.0
vn 0.642787 -0.766045 0.0
vn 0.642787 -0.766045 0.0
vn 0.680174 -0.733051 0.0
vn 0.680174 -0.733051 0.0
vn 0.715867 -0.698237 0.0
vn 0.715867 -0.698237 0.0
vn 0.74978 -0.661687 0.0
vn 0.74978 -0.661687 0.0
vn 0.781833 -0.623488 0.0
vn 0.781833 -0.623488 0.0
vn 0.811938 -0.583744 0.0
vn 0.811938 -0.583744 0.0
vn 0.840026 -0.542546 0.0
vn 0.840026 -0.542546 0.0
vn 0.866025 -0.5 0.0
vn 0.866025 -0.5 0.0
vn 0.889872 -0.45621 0.0
vn 0.889872 -0.45621 0.0
vn 0.911506 -0.411287 0.0
vn 0.911506 -0.411287 0.0
vn 0.930873 -0.365342 0.0
vn 0.930873 -0.365342 0.0
vn 0.947928 -0.318486 0.0
vn 0.947928 -0.318486 0.0
vn 0.962624 -0.27084 0.0
vn 0.962624 -0.27084 0.0
vn 0.974928 -0.222521 0.0
vn 0.974928 -0.222521 0.0
vn 0.984808 -0.173648 0.0
vn 0.984808 -0.173648 0.0
vn 0.992239 -0.124344 0.0
vn 0.992239 -0.124344 0.0
vn 0.997204 -0.07473 0.0
vn 0.997204 -0.07473 0.0
vn 0.999689 -0.02493 0.0
vn 0.999689 -0.02493 0.0
vn 0.999689 0.02493 0.0
vn 0.999689 0.02493 0.0
vn 0.997204 0.07473 0.0
vn 0.997204 0.07473 0.0
vn 0.992239 0.124344 0.0
vn 0.992239 0.124344 0.0
vn 0.984808 0.173648 0.0
vn 0.984808 0.173648 0.0
vn 0.974928 0.222521 0.0
vn 0.974928 0.222521 0.0
vn 0.962624 0.270841 0.0
vn 0.962624 0.270841 0.0
vn 0.947928 0.318486 0.0
vn 0.947928 0.318486 0.0
vn 0.930874 0.365341 0.0
vn 0.930874 0.365341 0.0
vn 0.911506 0.411287 0.0
vn 0.911506 0.411287 0.0
vn 0.889872 0.456211 0.0
vn 0.889872 0.456211 0.0
vn 0.866025 0.5 0.0
vn 0.866025 0.5 0.0
vn 0.840026 0.542545 0.0
vn 0.840026 0.542545 0.0
vn 0.811938 0.583744 0.0
vn 0.811938 0.583744 0.0
vn 0.781832 0.623489 0.0
vn 0.781832 0.623489 0.0
vn 0.749781 0.661686 0.0
vn 0.749781 0.661686 0.0
vn 0.715866 0.698237 0.0
vn 0.715866 0.698237 0.0
vn 0.680173 0.733051 0.0
vn 0.680173 0.733051 0.0
vn 0.642787 0.766045 0.0
vn 0.642787 0.766045 0.0
vn 0.603805 0.797132 0.0
vn 0.603805 0.797132 0.0
vn 0.56332 0.826239 0.0
vn 0.56332 0.826239 0.0
vn 0.521435 0.853291 0.0
vn 0.521435 0.853291 0.0
vn 0.478254 0.878221 0.0
vn 0.478254 0.878221 0.0
vn 0.433884 0.900969 0.0
vn 0.433884 0.900969 0.0
vn 0.388435 0.921476 0.0
vn 0.388435 0.921476 0.0
vn 0.34202 0.939692 0.0
vn 0.34202 0.939692 0.0
vn 0.294755 0.955573 0.0
vn 0.294755 0.955573 0.0
vn 0.246758 0.969077 0.0
vn 0.246758 0.969077 0.0
vn 0.198146 0.980172 0.0
vn 0.198146 0.980172 0.0
vn 0.149043 0.988831 0.0
vn 0.149043 0.988831 0.0
vn 0.099567 0.995031 0.0
vn 0.099567 0.995031 0.0
vn 0.049846 0.998757 0.0
vn 0.049846 0.998757 0.0
vn 0.0 1.0 0.0
vn -0.0 1.0 0.0
vn -0.049846 0.998757 0.0
vn -0.049846 0.998757 0.0
vn -0.099567 0.995031 0.0
vn -0.099567 0.995031 0.0
vn -0.149043 0.988831 0.0
vn -0.149043 0.988831 0.0
vn -0.198146 0.980172 0.0
vn -0.198146 0.980172 0.0
vn -0.246757 0.969077 0.0
vn -0.246757 0.969077 0.0
vn -0.294755 0.955573 0.0
vn -0.294755 0.955573 0.0
vn -0.342021 0.939692 0.0
vn -0.342021 0.939692 0.0
vn -0.388434 0.921476 0.0
vn -0.388434 0.921476 0.0
vn -0.433884 0.900969 0.0
vn -0.433884 0.900969 0.0
vn -0.478255 0.878221 0.0
vn -0.478255 0.878221 0.0
vn -0.521435 0.853291 0.0
vn -0.521435 0.853291 0.0
vn -0.56332 0.826239 0.0
vn -0.56332 0.826239 0.0
vn -0.603805 0.797132 0.0
vn -0.603805 0.797132 0.0
vn -0.642787 0.766045 0.0
vn -0.642787 0.766045 0.0
vn -0.680174 0.733051 0.0
vn -0.680174 0.733051 0.0
vn -0.715866 0.698238 0.0
vn -0.715866 0.698238 0.0
vn -0.749782 0.661685 0.0
vn -0.749782 0.661685 0.0
vn -0.781832 0.623489 0.0
vn -0.781832 0.623489 0.0
vn -0.811938 0.583744 0.0
vn -0.811938 0.583744 0.0
vn -0.840026 0.542546 0.0
vn -0.840026 0.542546 0.0
vn -0.866026 0.499999 0.0
vn -0.866026 0.499999 0.0
vn -0.889872 0.456211 0.0
vn -0.889872 0.456211 0.0
vn -0.911505 0.411289 0.0
vn -0.911505 0.411289 0.0
vn -0.930874 0.36534 0.0
vn -0.930874 0.36534 0.0
vn -0.947928 0.318486 0.0
vn -0.947928 0.318486 0.0
vn -0.962624 0.270843 0.0
vn -0.962624 0.270843 0.0
vn -0.974929 0.222517 0.0
vn -0.974929 0.222517 0.0
vn -0.984807 0.173651 0.0
vn -0.984807 0.173651 0.0
vn -0.992239 0.124346 0.0
vn -0.992239 0.124346 0.0
vn -0.997204 0.074727 0.0
vn -0.997204 0.074727 0.0
vn -0.999689 0.024934 0.0
vn -0.999689 0.024934 0.0
vn -0.999689 -0.024946 -0.0
vn -0.999689 -0.024946 0.0
vn -0.997206 -0.074698 0.0
vn -0.992238 -0.124357 0.0
vn -0.997206 -0.074698 -0.0
vn -0.992238 -0.124357 0.0
vn -0.984808 -0.173646 0.0
vn -0.984808 -0.173646 -0.0
vn -0.974929 -0.222517 0.0
vn -0.974929 -0.222517 -0.0
vn -0.962627 -0.270832 0.0
vn -0.962627 -0.270832 -0.0
vn -0.947924 -0.318496 0.0
vn -0.947924 -0.318496 -0.0
vn -0.930878 -0.36533 0.0
vn -0.930878 -0.36533 -0.0
vn -0.911492 -0.411318 0.0
vn -0.911492 -0.411318 -0.0
vn -0.889873 -0.456208 0.0
vn -0.866035 -0.499984 0.0
vn -0.889873 -0.456208 -0.0
vn -0.866035 -0.499984 0.0
vn -0.840027 -0.542545 -0.0
vn -0.840027 -0.542545 0.0
vn -0.811928 -0.583757 -0.0
vn -0.811928 -0.583757 0.0
vn -0.781827 -0.623496 0.0
vn -0.781827 -0.623496 0.0
vn -0.749793 -0.661673 -0.0
vn -0.749793 -0.661673 0.0
vn -0.715863 -0.698241 -0.0
vn -0.715863 -0.698241 0.0
vn -0.680166 -0.733058 0.0
vn -0.680166 -0.733058 0.0
vn -0.642792 -0.766041 -0.0
vn -0.642792 -0.766041 0.0
vn -0.603808 -0.79713 -0.0
vn -0.603808 -0.79713 0.0
vn -0.563318 -0.82624 -0.0
vn -0.563318 -0.82624 0.0
vn -0.521432 -0.853293 -0.0
vn -0.521432 -0.853293 0.0
vn -0.478256 -0.878221 -0.0
vn -0.478256 -0.878221 0.0
vn -0.433885 -0.900968 0.0
vn -0.433885 -0.900968 0.0
vn -0.388434 -0.921476 0.0
vn -0.342024 -0.939691 0.0
vn -0.388434 -0.921476 -0.0
vn -0.294754 -0.955573 0.0
vn -0.342024 -0.939691 0.0
vn -0.294754 -0.955573 0.0
vn -0.246755 -0.969078 0.0
vn -0.246755 -0.969078 -0.0
vn -0.19815 -0.980172 0.0
vn -0.19815 -0.980172 -0.0
vn -0.149039 -0.988831 0.0
vn -0.149039 -0.988831 -0.0
vn -0.099569 -0.995031 0.0
vn -0.099569 -0.995031 -0.0
vn -0.049845 -0.998757 0.0
vn -0.049845 -0.998757 -0.0
vn 0.0 -1.0 0.0
vn -0.0 -1.0 -0.0
vn 0.049845 -0.998757 0.0
vn 0.049845 -0.998757 0.0
vn 0.099567 -0.995031 0.0
vn 0.099567 -0.995031 0.0
vn 0.149042 -0.988831 0.0
vn 0.149042 -0.988831 0.0
vn 0.198146 -0.980173 0.0
vn 0.246755 -0.969078 0.0
vn 0.198146 -0.980173 0.0
vn 0.246755 -0.969078 0.0
vn 0.29476 -0.955571 0.0
vn 0.29476 -0.955571 0.0
vn 0.342016 -0.939694 0.0
vn 0.342016 -0.939694 0.0
vn 0.388443 -0.921473 0.0
vn 0.388443 -0.921473 0.0
vn 0.433876 -0.900973 0.0
vn 0.433876 -0.900973 0.0
vn 0.478256 -0.878221 0.0
vn 0.478256 -0.878221 0.0
vn 0.521432 -0.853293 0.0
vn 0.521432 -0.853293 0.0
vn 0.563329 -0.826233 0.0
vn 0.563329 -0.826233 0.0
vn 0.603797 -0.797138 0.0
vn 0.603797 -0.797138 0.0
vn 0.642792 -0.766041 0.0
vn 0.642792 -0.766041 0.0
vn 0.680166 -0.733058 0.0
vn 0.680166 -0.733058 0.0
vn 0.715875 -0.698229 0.0
vn 0.715875 -0.698229 0.0
vn 0.749781 -0.661686 0.0
vn 0.749781 -0.661686 0.0
vn 0.781827 -0.623496 0.0
vn 0.781827 -0.623496 0.0
vn 0.811939 -0.583742 0.0
vn 0.811939 -0.583742 0.0
vn 0.840027 -0.542545 0.0
vn 0.840027 -0.542545 0.0
vn 0.866025 -0.500001 0.0
vn 0.866025 -0.500001 0.0
vn 0.889873 -0.456208 0.0
vn 0.889873 -0.456208 0.0
vn 0.911509 -0.41128 0.0
vn 0.911509 -0.41128 0.0
vn 0.93087 -0.36535 0.0
vn 0.93087 -0.36535 0.0
vn 0.947924 -0.318496 0.0
vn 0.947924 -0.318496 0.0
vn 0.962627 -0.270832 0.0
vn 0.962627 -0.270832 0.0
vn 0.974929 -0.222517 0.0
vn 0.974929 -0.222517 0.0
vn 0.984808 -0.173646 0.0
vn 0.984808 -0.173646 0.0
vn 0.992238 -0.124357 0.0
vn 0.992238 -0.124357 0.0
vn 0.997204 -0.074721 0.0
vn 0.997204 -0.074721 0.0
vn 0.999689 -0.024922 0.0
vn 0.999689 -0.024922 0.0
vn 0.999689 0.024922 0.0
vn 0.999689 0.024922 0.0
vn 0.997204 0.074721 0.0
vn 0.997204 0.074721 0.0
vn 0.992238 0.124357 0.0
vn 0.992238 0.124357 0.0
vn 0.984808 0.173646 0.0
vn 0.984808 0.173646 0.0
vn 0.974929 0.222517 0.0
vn 0.974929 0.222517 0.0
vn 0.962627 0.270832 0.0
vn 0.962627 0.270832 0.0
vn 0.947924 0.318496 0.0
vn 0.947924 0.318496 0.0
vn 0.93087 0.36535 0.0
vn 0.93087 0.36535 0.0
vn 0.911509 0.41128 0.0
vn 0.911509 0.41128 0.0
vn 0.889873 0.456209 0.0
vn 0.889873 0.456209 0.0
vn 0.866025 0.500001 0.0
vn 0.866025 0.500001 0.0
vn 0.840027 0.542544 0.0
vn 0.840027 0.542544 0.0
vn 0.811939 0.583742 0.0
vn 0.811939 0.583742 0.0
vn 0.781826 0.623496 0.0
vn 0.781826 0.623496 0.0
vn 0.749782 0.661685 0.0
vn 0.749782 0.661685 0.0
vn 0.715874 0.698229 0.0
vn 0.715874 0.698229 0.0
vn 0.680165 0.733059 0.0
vn 0.680165 0.733059 0.0
vn 0.642792 0.766041 0.0
vn 0.642792 0.766041 0.0
vn 0.603798 0.797138 0.0
vn 0.603798 0.797138 0.0
vn 0.56333 0.826232 0.0
vn 0.56333 0.826232 0.0
vn 0.521432 0.853293 0.0
vn 0.521432 0.853293 0.0
vn 0.478255 0.878221 0.0
vn 0.478255 0.878221 0.0
vn 0.433877 0.900972 0.0
vn 0.433877 0.900972 0.0
vn 0.388442 0.921473 0.0
vn 0.388442 0.921473 0.0
vn 0.342017 0.939694 0.0
vn 0.342017 0.939694 0.0
vn 0.294758 0.955572 0.0
vn 0.294758 0.955572 0.0
vn 0.246758 0.969077 0.0
vn 0.246758 0.969077 0.0
vn 0.198145 0.980173 0.0
vn 0.198145 0.980173 0.0
vn 0.149043 0.988831 0.0
vn 0.149043 0.988831 0.0
vn 0.099566 0.995031 0.0
vn 0.099566 0.995031 0.0
vn 0.049847 0.998757 0.0
vn 0.049847 0.998757 0.0
vn 0.0 1.0 0.0
vn -0.0 1.0 0.0
vn -0.049847 0.998757 0.0
vn -0.049847 0.998757 0.0
vn -0.099568 0.995031 0.0
vn -0.099568 0.995031 0.0
vn -0.149039 0.988831 0.0
vn -0.149039 0.988831 0.0
vn -0.198149 0.980172 0.0
vn -0.198149 0.980172 0.0
vn -0.246758 0.969077 0.0
vn -0.246758 0.969077 0.0
vn -0.294752 0.955574 0.0
vn -0.294752 0.955574 0.0
vn -0.342025 0.939691 0.0
vn -0.342025 0.939691 0.0
vn -0.388433 0.921477 0.0
vn -0.388433 0.921477 0.0
vn -0.433886 0.900968 0.0
vn -0.433886 0.900968 0.0
vn -0.478255 0.878221 0.0
vn -0.478255 0.878221 0.0
vn -0.521432 0.853293 0.0
vn -0.521432 0.853293 0.0
vn -0.563319 0.82624 0.0
vn -0.563319 0.82624 0.0
vn -0.603809 0.797129 0.0
vn -0.603809 0.797129 0.0
vn -0.642792 0.766041 0.0
vn -0.642792 0.766041 0.0
vn -0.680165 0.733059 0.0
vn -0.680165 0.733059 0.0
vn -0.715863 0.698241 0.0
vn -0.715863 0.698241 0.0
vn -0.749793 0.661672 0.0
vn -0.749793 0.661672 0.0
vn -0.781826 0.623496 0.0
vn -0.781826 0.623496 0.0
vn -0.811928 0.583757 0.0
vn -0.811928 0.583757 0.0
vn -0.840027 0.542544 0.0
vn -0.840027 0.542544 0.0
vn -0.866035 0.499984 0.0
vn -0.866035 0.499984 0.0
vn -0.889873 0.456209 0.0
vn -0.889873 0.456209 0.0
vn -0.911492 0.411318 0.0
vn -0.911492 0.411318 0.0
vn -0.930878 0.36533 0.0
vn -0.930878 0.36533 0.0
vn -0.947924 0.318496 0.0
vn -0.947924 0.318496 0.0
vn -0.962627 0.270832 0.0
vn -0.962627 0.270832 0.0
vn -0.974929 0.222517 0.0
vn -0.974929 0.222517 0.0
vn -0.984808 0.173646 0.0
vn -0.984808 0.173646 0.0
vn -0.992238 0.124357 0.0
vn -0.992238 0.124357 0.0
vn -0.997206 0.074698 0.0
vn -0.997206 0.074698 0.0
vn -0.999689 0.024946 0.0
vn -0.999689 0.024946 0.0
vn -0.999689 -0.024934 -0.0
vn -0.999689 -0.024934 0.0
vn -0.997204 -0.074725 0.0
vn -0.992239 -0.124349 0.0
vn -0.997204 -0.074725 -0.0
vn -0.992239 -0.124349 0.0
vn -0.984807 -0.173653 0.0
vn -0.984807 -0.173653 -0.0
vn -0.974931 -0.222509 0.0
vn -0.974931 -0.222509 -0.0
vn -0.962621 -0.270853 0.0
vn -0.962621 -0.270853 -0.0
vn -0.947928 -0.318484 0.0
vn -0.947928 -0.318484 -0.0
vn -0.930874 -0.365341 0.0
vn -0.930874 -0.365341 -0.0
vn -0.91151 -0.411278 0.0
vn -0.91151 -0.411278 -0.0
vn -0.889874 -0.456207 0.0
vn -0.86602 -0.500009 0.0
vn -0.889874 -0.456207 -0.0
vn -0.86602 -0.500009 0.0
vn -0.840029 -0.542542 -0.0
vn -0.840029 -0.542542 0.0
vn -0.811938 -0.583744 -0.0
vn -0.811938 -0.583744 0.0
vn -0.781837 -0.623483 0.0
vn -0.781837 -0.623483 0.0
vn -0.749772 -0.661696 -0.0
vn -0.749772 -0.661696 0.0
vn -0.715865 -0.698239 -0.0
vn -0.715865 -0.698239 0.0
vn -0.680168 -0.733056 0.0
vn -0.680168 -0.733056 0.0
vn -0.642788 -0.766044 -0.0
vn -0.642788 -0.766044 0.0
vn -0.603828 -0.797115 -0.0
vn -0.603828 -0.797115 0.0
vn -0.563317 -0.826241 -0.0
vn -0.563317 -0.826241 0.0
vn -0.521409 -0.853307 -0.0
vn -0.521409 -0.853307 0.0
vn -0.478274 -0.878211 -0.0
vn -0.478274 -0.878211 0.0
vn -0.433864 -0.900979 0.0
vn -0.433864 -0.900979 0.0
vn -0.38846 -0.921466 0.0
vn -0.342007 -0.939697 0.0
vn -0.38846 -0.921466 -0.0
vn -0.294757 -0.955572 0.0
vn -0.342007 -0.939697 0.0
vn -0.294757 -0.955572 0.0
vn -0.246766 -0.969075 0.0
vn -0.246766 -0.969075 -0.0
vn -0.198128 -0.980176 0.0
vn -0.198128 -0.980176 -0.0
vn -0.149071 -0.988827 0.0
vn -0.149071 -0.988827 -0.0
vn -0.099551 -0.995033 0.0
vn -0.099551 -0.995033 -0.0
vn -0.049845 -0.998757 0.0
vn -0.049845 -0.998757 -0.0
vn 0.0 -1.0 0.0
vn -0.0 -1.0 -0.0
vn 0.049845 -0.998757 0.0
vn 0.049845 -0.998757 0.0
vn 0.099551 -0.995033 0.0
vn 0.099551 -0.995033 0.0
vn 0.149071 -0.988827 0.0
vn 0.149071 -0.988827 0.0
vn 0.198128 -0.980176 0.0
vn 0.246766 -0.969075 0.0
vn 0.198128 -0.980176 0.0
vn 0.246766 -0.969075 0.0
vn 0.294757 -0.955572 0.0
vn 0.294757 -0.955572 0.0
vn 0.342007 -0.939698 0.0
vn 0.342007 -0.939698 0.0
vn 0.388461 -0.921465 0.0
vn 0.388461 -0.921465 0.0
vn 0.433864 -0.900979 0.0
vn 0.433864 -0.900979 0.0
vn 0.478273 -0.878211 0.0
vn 0.478273 -0.878211 0.0
vn 0.521409 -0.853307 0.0
vn 0.521409 -0.853307 0.0
vn 0.563317 -0.826241 0.0
vn 0.563317 -0.826241 0.0
vn 0.603828 -0.797115 0.0
vn 0.603828 -0.797115 0.0
vn 0.642789 -0.766043 0.0
vn 0.642789 -0.766043 0.0
vn 0.680167 -0.733057 0.0
vn 0.680167 -0.733057 0.0
vn 0.715865 -0.698238 0.0
vn 0.715865 -0.698238 0.0
vn 0.749772 -0.661697 0.0
vn 0.749772 -0.661697 0.0
vn 0.781837 -0.623483 0.0
vn 0.781837 -0.623483 0.0
vn 0.811938 -0.583744 0.0
vn 0.811938 -0.583744 0.0
vn 0.840029 -0.542541 0.0
vn 0.840029 -0.542541 0.0
vn 0.866019 -0.50001 0.0
vn 0.866019 -0.50001 0.0
vn 0.889874 -0.456207 0.0
vn 0.889874 -0.456207 0.0
vn 0.911511 -0.411276 0.0
vn 0.911511 -0.411276 0.0
vn 0.930873 -0.365343 0.0
vn 0.930873 -0.365343 0.0
vn 0.947928 -0.318484 0.0
vn 0.947928 -0.318484 0.0
vn 0.962621 -0.270851 0.0
vn 0.962621 -0.270851 0.0
vn 0.97493 -0.222513 0.0
vn 0.97493 -0.222513 0.0
vn 0.984807 -0.17365 0.0
vn 0.984807 -0.17365 0.0
vn 0.992239 -0.124347 0.0
vn 0.992239 -0.124347 0.0
vn 0.997204 -0.074729 0.0
vn 0.997204 -0.074729 0.0
vn 0.999689 -0.024931 0.0
vn 0.999689 -0.024931 0.0
vn 0.999689 0.024931 0.0
vn 0.999689 0.024931 0.0
vn 0.997204 0.074729 0.0
vn 0.997204 0.074729 0.0
vn 0.992239 0.124341 0.0
vn 0.992239 0.124341 0.0
vn 0.984807 0.17365 0.0
vn 0.984807 0.17365 0.0
vn 0.974927 0.222523 0.0
vn 0.974927 0.222523 0.0
vn 0.962625 0.270839 0.0
vn 0.962625 0.270839 0.0
vn 0.947928 0.318484 0.0
vn 0.947928 0.318484 0.0
vn 0.930873 0.365343 0.0
vn 0.930873 0.365343 0.0
vn 0.911503 0.411293 0.0
vn 0.911503 0.411293 0.0
vn 0.889874 0.456207 0.0
vn 0.889874 0.456207 0.0
vn 0.866031 0.49999 0.0
vn 0.866031 0.49999 0.0
vn 0.840016 0.542562 0.0
vn 0.840016 0.542562 0.0
vn 0.811938 0.583744 0.0
vn 0.811938 0.583744 0.0
vn 0.781837 0.623483 0.0
vn 0.781837 0.623483 0.0
vn 0.749772 0.661697 0.0
vn 0.749772 0.661697 0.0
vn 0.715888 0.698215 0.0
vn 0.715888 0.698215 0.0
vn 0.680167 0.733057 0.0
vn 0.680167 0.733057 0.0
vn 0.642789 0.766043 0.0
vn 0.642789 0.766043 0.0
vn 0.603799 0.797137 0.0
vn 0.603799 0.797137 0.0
vn 0.563317 0.826241 0.0
vn 0.563317 0.826241 0.0
vn 0.521443 0.853286 0.0
vn 0.521443 0.853286 0.0
vn 0.478237 0.878231 0.0
vn 0.478237 0.878231 0.0
vn 0.433901 0.900961 0.0
vn 0.433901 0.900961 0.0
vn 0.388421 0.921482 0.0
vn 0.388421 0.921482 0.0
vn 0.342007 0.939698 0.0
vn 0.342007 0.939698 0.0
vn 0.294757 0.955572 0.0
vn 0.294757 0.955572 0.0
vn 0.246766 0.969075 0.0
vn 0.246766 0.969075 0.0
vn 0.198173 0.980167 0.0
vn 0.198173 0.980167 0.0
vn 0.149025 0.988833 0.0
vn 0.149025 0.988833 0.0
vn 0.099551 0.995033 0.0
vn 0.099551 0.995033 0.0
vn 0.049845 0.998757 0.0
vn 0.049845 0.998757 0.0
vn 0.0 1.0 0.0
vn -0.0 1.0 0.0
vn -0.049845 0.998757 0.0
vn -0.049845 0.998757 0.0
vn -0.099551 0.995033 0.0
vn -0.099551 0.995033 0.0
vn -0.149025 0.988833 0.0
vn -0.149025 0.988833 0.0
vn -0.198173 0.980167 0.0
vn -0.198173 0.980167 0.0
vn -0.246766 0.969075 0.0
vn -0.246766 0.969075 0.0
vn -0.294757 0.955572 0.0
vn -0.294757 0.955572 0.0
vn -0.342007 0.939697 0.0
vn -0.342007 0.939697 0.0
vn -0.388421 0.921482 0.0
vn -0.388421 0.921482 0.0
vn -0.433901 0.900961 0.0
vn -0.433901 0.900961 0.0
vn -0.478238 0.87823 0.0
vn -0.478238 0.87823 0.0
vn -0.521443 0.853286 0.0
vn -0.521443 0.853286 0.0
vn -0.563317 0.826241 0.0
vn -0.563317 0.826241 0.0
vn -0.603799 0.797137 0.0
vn -0.603799 0.797137 0.0
vn -0.642788 0.766044 0.0
vn -0.642788 0.766044 0.0
vn -0.680168 0.733056 0.0
vn -0.680168 0.733056 0.0
vn -0.715887 0.698216 0.0
vn -0.715887 0.698216 0.0
vn -0.749772 0.661696 0.0
vn -0.749772 0.661696 0.0
vn -0.781837 0.623483 0.0
vn -0.781837 0.623483 0.0
vn -0.811938 0.583744 0.0
vn -0.811938 0.583744 0.0
vn -0.840015 0.542563 0.0
vn -0.840015 0.542563 0.0
vn -0.866032 0.499989 0.0
vn -0.866032 0.499989 0.0
vn -0.889874 0.456207 0.0
vn -0.889874 0.456207 0.0
vn -0.911502 0.411296 0.0
vn -0.911502 0.411296 0.0
vn -0.930874 0.365341 0.0
vn -0.930874 0.365341 0.0
vn -0.947928 0.318484 0.0
vn -0.947928 0.318484 0.0
vn -0.962624 0.270841 0.0
vn -0.962624 0.270841 0.0
vn -0.974928 0.222519 0.0
vn -0.974928 0.222519 0.0
vn -0.984807 0.173653 0.0
vn -0.984807 0.173653 0.0
vn -0.992239 0.124343 0.0
vn -0.992239 0.124343 0.0
vn -0.997204 0.074725 0.0
vn -0.997204 0.074725 0.0
vn -0.999689 0.024934 0.0
vn -0.999689 0.024934 0.0
vn -0.999689 -0.024946 -0.0
vn -0.999689 -0.024946 0.0
vn -0.997206 -0.074697 0.0
vn -0.992237 -0.12436 0.0
vn -0.997206 -0.074697 -0.0
vn -0.992237 -0.12436 0.0
vn -0.984808 -0.173648 0.0
vn -0.984808 -0.173648 -0.0
vn -0.974931 -0.222509 0.0
vn -0.974931 -0.222509 -0.0
vn -0.962624 -0.270842 0.0
vn -0.962624 -0.270842 -0.0
vn -0.947925 -0.318494 0.0
vn -0.947925 -0.318494 -0.0
vn -0.930878 -0.365331 0.0
vn -0.930878 -0.365331 -0.0
vn -0.911497 -0.411307 0.0
vn -0.911497 -0.411307 -0.0
vn -0.889875 -0.456205 0.0
vn -0.866029 -0.499994 0.0
vn -0.889875 -0.456205 -0.0
vn -0.866029 -0.499994 0.0
vn -0.84003 -0.54254 -0.0
vn -0.84003 -0.54254 0.0
vn -0.811928 -0.583757 -0.0
vn -0.811928 -0.583757 0.0
vn -0.781831 -0.62349 0.0
vn -0.781831 -0.62349 0.0
vn -0.749784 -0.661683 -0.0
vn -0.749784 -0.661683 0.0
vn -0.715862 -0.698242 -0.0
vn -0.715862 -0.698242 0.0
vn -0.680159 -0.733064 0.0
vn -0.680159 -0.733064 0.0
vn -0.642794 -0.766039 -0.0
vn -0.642794 -0.766039 0.0
vn -0.603832 -0.797111 -0.0
vn -0.603832 -0.797111 0.0
vn -0.563316 -0.826242 -0.0
vn -0.563316 -0.826242 0.0
vn -0.521407 -0.853308 -0.0
vn -0.521407 -0.853308 0.0
vn -0.478274 -0.878211 -0.0
vn -0.478274 -0.878211 0.0
vn -0.433866 -0.900977 0.0
vn -0.433866 -0.900977 0.0
vn -0.388459 -0.921466 0.0
vn -0.342011 -0.939696 0.0
vn -0.388459 -0.921466 -0.0
vn -0.294754 -0.955573 0.0
vn -0.342011 -0.939696 0.0
vn -0.294754 -0.955573 0.0
vn -0.246766 -0.969075 0.0
vn -0.246766 -0.969075 -0.0
vn -0.198131 -0.980176 0.0
vn -0.198131 -0.980176 -0.0
vn -0.149067 -0.988827 0.0
vn -0.149067 -0.988827 -0.0
vn -0.099552 -0.995032 0.0
vn -0.099552 -0.995032 -0.0
vn -0.049845 -0.998757 0.0
vn -0.049845 -0.998757 -0.0
vn 0.0 -1.0 0.0
vn -0.0 -1.0 -0.0
vn 0.049845 -0.998757 0.0
vn 0.049845 -0.998757 0.0
vn 0.09955 -0.995033 0.0
vn 0.09955 -0.995033 0.0
vn 0.149071 -0.988827 0.0
vn 0.149071 -0.988827 0.0
vn 0.198126 -0.980176 0.0
vn 0.246766 -0.969075 0.0
vn 0.198126 -0.980176 0.0
vn 0.246766 -0.969075 0.0
vn 0.29476 -0.955571 0.0
vn 0.29476 -0.955571 0.0
vn 0.342004 -0.939699 0.0
vn 0.342004 -0.939699 0.0
vn 0.388467 -0.921462 0.0
vn 0.388467 -0.921462 0.0
vn 0.433857 -0.900982 0.0
vn 0.433857 -0.900982 0.0
vn 0.478274 -0.878211 0.0
vn 0.478274 -0.878211 0.0
vn 0.521407 -0.853308 0.0
vn 0.521407 -0.853308 0.0
vn 0.563327 -0.826234 0.0
vn 0.563327 -0.826234 0.0
vn 0.603821 -0.79712 0.0
vn 0.603821 -0.79712 0.0
vn 0.642794 -0.766039 0.0
vn 0.642794 -0.766039 0.0
vn 0.680159 -0.733064 0.0
vn 0.680159 -0.733064 0.0
vn 0.715873 -0.69823 0.0
vn 0.715873 -0.69823 0.0
vn 0.749772 -0.661696 0.0
vn 0.749772 -0.661696 0.0
vn 0.781831 -0.62349 0.0
vn 0.781831 -0.62349 0.0
vn 0.811939 -0.583742 0.0
vn 0.811939 -0.583742 0.0
vn 0.84003 -0.54254 0.0
vn 0.84003 -0.54254 0.0
vn 0.866019 -0.500011 0.0
vn 0.866019 -0.500011 0.0
vn 0.889875 -0.456205 0.0
vn 0.889875 -0.456205 0.0
vn 0.911514 -0.411269 0.0
vn 0.911514 -0.411269 0.0
vn 0.93087 -0.365351 0.0
vn 0.93087 -0.365351 0.0
vn 0.947925 -0.318494 0.0
vn 0.947925 -0.318494 0.0
vn 0.962624 -0.270842 0.0
vn 0.962624 -0.270842 0.0
vn 0.974931 -0.222509 0.0
vn 0.974931 -0.222509 0.0
vn 0.984808 -0.173648 0.0
vn 0.984808 -0.173648 0.0
vn 0.992237 -0.12436 0.0
vn 0.992237 -0.12436 0.0
vn 0.997205 -0.07472 0.0
vn 0.997205 -0.07472 0.0
vn 0.999689 -0.024923 0.0
vn 0.999689 -0.024923 0.0
vn 0.999689 0.024923 0.0
vn 0.999689 0.024923 0.0
vn 0.997205 0.07472 0.0
vn 0.997205 0.07472 0.0
vn 0.992238 0.124354 0.0
vn 0.992238 0.124354 0.0
vn 0.984808 0.173648 0.0
vn 0.984808 0.173648 0.0
vn 0.974928 0.222519 0.0
vn 0.974928 0.222519 0.0
vn 0.962627 0.27083 0.0
vn 0.962627 0.27083 0.0
vn 0.947925 0.318494 0.0
vn 0.947925 0.318494 0.0
vn 0.93087 0.365351 0.0
vn 0.93087 0.365351 0.0
vn 0.911506 0.411286 0.0
vn 0.911506 0.411286 0.0
vn 0.889875 0.456205 0.0
vn 0.889875 0.456205 0.0
vn 0.86603 0.499991 0.0
vn 0.86603 0.499991 0.0
vn 0.840016 0.542561 0.0
vn 0.840016 0.542561 0.0
vn 0.811939 0.583742 0.0
vn 0.811939 0.583742 0.0
vn 0.781831 0.62349 0.0
vn 0.781831 0.62349 0.0
vn 0.749772 0.661696 0.0
vn 0.749772 0.661696 0.0
vn 0.715896 0.698207 0.0
vn 0.715896 0.698207 0.0
vn 0.680159 0.733064 0.0
vn 0.680159 0.733064 0.0
vn 0.642794 0.766039 0.0
vn 0.642794 0.766039 0.0
vn 0.603792 0.797142 0.0
vn 0.603792 0.797142 0.0
vn 0.563327 0.826234 0.0
vn 0.563327 0.826234 0.0
vn 0.521441 0.853288 0.0
vn 0.521441 0.853288 0.0
vn 0.478238 0.87823 0.0
vn 0.478238 0.87823 0.0
vn 0.433894 0.900964 0.0
vn 0.433894 0.900964 0.0
vn 0.388428 0.921479 0.0
vn 0.388428 0.921479 0.0
vn 0.342004 0.939699 0.0
vn 0.342004 0.939699 0.0
vn 0.29476 0.955571 0.0
vn 0.29476 0.955571 0.0
vn 0.246766 0.969075 0.0
vn 0.246766 0.969075 0.0
vn 0.198171 0.980167 0.0
vn 0.198171 0.980167 0.0
vn 0.149025 0.988833 0.0
vn 0.149025 0.988833 0.0
vn 0.09955 0.995033 0.0
vn 0.09955 0.995033 0.0
vn 0.049845 0.998757 0.0
vn 0.049845 0.998757 0.0
vn 0.0 1.0 0.0
vn -0.0 1.0 0.0
vn -0.049845 0.998757 0.0
vn -0.049845 0.998757 0.0
vn -0.099552 0.995032 0.0
vn -0.099552 0.995032 0.0
vn -0.149022 0.988834 0.0
vn -0.149022 0.988834 0.0
vn -0.198176 0.980167 0.0
vn -0.198176 0.980167 0.0
vn -0.246766 0.969075 0.0
vn -0.246766 0.969075 0.0
vn -0.294754 0.955573 0.0
vn -0.294754 0.955573 0.0
vn -0.342011 0.939696 0.0
vn -0.342011 0.939696 0.0
vn -0.38842 0.921483 0.0
vn -0.38842 0.921483 0.0
vn -0.433903 0.900959 0.0
vn -0.433903 0.900959 0.0
vn -0.478238 0.87823 0.0
vn -0.478238 0.87823 0.0
vn -0.521441 0.853288 0.0
vn -0.521441 0.853288 0.0
vn -0.563316 0.826242 0.0
vn -0.563316 0.826242 0.0
vn -0.603803 0.797134 0.0
vn -0.603803 0.797134 0.0
vn -0.642794 0.766039 0.0
vn -0.642794 0.766039 0.0
vn -0.680159 0.733064 0.0
vn -0.680159 0.733064 0.0
vn -0.715884 0.698219 0.0
vn -0.715884 0.698219 0.0
vn -0.749784 0.661683 0.0
vn -0.749784 0.661683 0.0
vn -0.781831 0.62349 0.0
vn -0.781831 0.62349 0.0
vn -0.811928 0.583757 0.0
vn -0.811928 0.583757 0.0
vn -0.840016 0.542561 0.0
vn -0.840016 0.542561 0.0
vn -0.86604 0.499974 0.0
vn -0.86604 0.499974 0.0
vn -0.889875 0.456205 0.0
vn -0.889875 0.456205 0.0
vn -0.911489 0.411325 0.0
vn -0.911489 0.411325 0.0
vn -0.930878 0.365331 0.0
vn -0.930878 0.365331 0.0
vn -0.947925 0.318494 0.0
vn -0.947925 0.318494 0.0
vn -0.962627 0.27083 0.0
vn -0.962627 0.27083 0.0
vn -0.974928 0.222519 0.0
vn -0.974928 0.222519 0.0
vn -0.984808 0.173648 0.0
vn -0.984808 0.173648 0.0
vn -0.992238 0.124354 0.0
vn -0.992238 0.124354 0.0
vn -0.997206 0.074697 0.0
vn -0.997206 0.074697 0.0
vn -0.999689 0.024946 0.0
vn -0.999689 0.024946 0.0
vn -1.0 0.0 0.0
vn -1.0 0.0 0.0
vn -1.0 0.0 0.0
vn -1.0 0.0 0.0
vn -1.0 0.0 -0.0
vn -1.0 0.0 0.0
vn -1.0 0.0 0.0
vn -1.0 0.0 0.0
vn -1.0 0.0 0.0
vn -1.0 0.0 0.0
vn -1.0 0.0 -0.0
vn -1.0 0.0 -0.0
vn -1.0 0.0 -0.0
vn -1.0 0.0 0.0
vn -1.0 0.0 0.0
vn -1.0 0.0 0.0
vn -1.0 0.0 0.0
vn -1.0 0.0 0.0
vn -1.0 0.0 0.0
vn -1.0 0.0 -0.0
vn -1.0 0.0 -0.0
vn -1.0 0.0 -0.0
vn -1.0 0.0 -0.0
vn -1.0 0.0 -0.0
vn -1.0 0.0 -0.0
vn -1.0 0.0 0.0
vn -1.0 0.0 0.0
vn -1.0 0.0 0.0
vn -1.0 0.0 0.0
vn -1.0 -0.0 -0.0
vn -1.0 -0.0 -0.0
vn -1.0 -0.0 -0.0
vn -1.0 -0.0 -0.0
vn -1.0 0.0 0.0
vn -1.0 0.0 0.0
vn -1.0 0.0 0.0
vn -1.0 0.0 -0.0
vn -1.0 0.0 0.0
vn -1.0 -0.0 -0.0
vn -1.0 -0.0 -0.0
vn -1.0 -0.0 -0.0
vn -1.0 -0.0 -0.0
vn -1.0 -0.0 -0.0
vn -1.0 0.0 0.0
vn -1.0 0.0 0.0
vn -1.0 -0.0 -0.0
vn -1.0 0.0 0.0
vn -1.0 0.0 0.0
vn -1.0 -0.0 -0.0
vn -1.0 -0.0 -0.0
vn -1.0 -0.0 -0.0
vn -1.0 -0.0 -0.0
vn -1.0 0.0 -0.0
vn -1.0 0.0 -0.0
vn -1.0 0.0 -0.0
vn -1.0 0.0 0.0
vn -1.0 0.0 0.0
vn -1.0 0.0 0.0
vn -1.0 0.0 0.0
vn -1.0 0.0 -0.0
vn -1.0 -0.0 -0.0
vn -1.0 -0.0 -0.0
vn -1.0 0.0 0.0
vn -1.0 0.0 0.0
vn -1.0 -0.0 -0.0
vn -1.0 0.0 0.0
vn -1.0 -0.0 -0.0
vn -1.0 -0.0 -0.0
vn -1.0 0.0 0.0
vn -1.0 0.0 0.0
vn -1.0 0.0 0.0
vn -1.0 0.0 0.0
vn -1.0 0.0 0.0
vn -1.0 -0.0 -0.0
vn -1.0 -0.0 -0.0
vn -1.0 -0.0 -0.0
vn -1.0 -0.0 -0.0
vn -1.0 0.0 0.0
vn -1.0 0.0 0.0
vn -1.0 0.0 0.0
vn -1.0 -0.0 -0.0
vn -1.0 0.0 0.0
vn -1.0 0.0 0.0
vn -1.0 0.0 0.0
vn -1.0 0.0 0.0
vn -1.0 -0.0 0.0
vn -1.0 -0.0 0.0
vn -1.0 -0.0 0.0
vn -1.0 -0.0 0.0
vn -1.0 -0.0 -0.0
vn -1.0 0.0 -0.0
vn -1.0 0.0 0.0
vn -1.0 -0.0 -0.0
vn -1.0 -0.0 -0.0
vn -1.0 0.0 -0.0
vn -1.0 -0.0 -0.0
vn -1.0 0.0 0.0
vn -1.0 0.0 0.0
vn -1.0 -0.0 0.0
vn -1.0 -0.0 0.0
vn -1.0 0.0 0.0
vn -1.0 0.0 0.0
vn -1.0 0.0 0.0
vn -1.0 0.0 0.0
vn -1.0 -0.0 0.0
vn -1.0 0.0 0.0
vn -1.0 0.0 0.0
vn -1.0 -0.0 0.0
vn -1.0 -0.0 0.0
vn -1.0 0.0 0.0
vn -1.0 -0.0 0.0
vn -1.0 -0.0 0.0
vn -1.0 0.0 0.0
vn -1.0 0.0 0.0
vn -1.0 0.0 0.0
vn -1.0 -0.0 0.0
vn -1.0 -0.0 0.0
vn -1.0 0.0 0.0
vn -1.0 0.0 0.0
vn -1.0 -0.0 0.0
vn -1.0 0.0 0.0
vn -1.0 -0.0 0.0
vn -1.0 -0.0 0.0
vn -1.0 0.0 0.0
vn -1.0 0.0 0.0
vn -1.0 0.0 0.0
vn -1.0 0.0 0.0
vn -1.0 0.0 0.0
vn -1.0 0.0 -0.0
vn -1.0 0.0 0.0
vn -1.0 0.0 0.0
vn -1.0 0.0 0.0
vn -1.0 0.0 0.0
vn -1.0 0.0 0.0
vn -1.0 0.0 -0.0
vn -1.0 0.0 -0.0
vn -1.0 0.0 -0.0
vn -1.0 0.0 0.0
vn -1.0 0.0 0.0
vn -1.0 0.0 0.0
vn -1.0 0.0 0.0
vn -1.0 0.0 0.0
vn -1.0 0.0 0.0
vn -1.0 0.0 -0.0
vn -1.0 0.0 -0.0
vn -1.0 0.0 -0.0
vn -1.0 0.0 -0.0
vn -1.0 0.0 -0.0
vn -1.0 0.0 -0.0
vn -1.0 0.0 0.0
vn -1.0 0.0 0.0
vn -1.0 0.0 0.0
vn -1.0 0.0 0.0
vn -1.0 -0.0 -0.0
vn -1.0 -0.0 -0.0
vn -1.0 -0.0 -0.0
vn -1.0 -0.0 -0.0
vn -1.0 0.0 0.0
vn -1.0 0.0 0.0
vn -1.0 0.0 0.0
vn -1.0 0.0 -0.0
vn -1.0 0.0 0.0
vn -1.0 -0.0 -0.0
vn -1.0 -0.0 -0.0
vn -1.0 -0.0 -0.0
vn -1.0 -0.0 -0.0
vn -1.0 -0.0 -0.0
vn -1.0 0.0 0.0
vn -1.0 0.0 0.0
vn -1.0 -0.0 -0.0
vn -1.0 0.0 0.0
vn -1.0 0.0 0.0
vn -1.0 -0.0 -0.0
vn -1.0 -0.0 -0.0
vn -1.0 -0.0 -0.0
vn -1.0 -0.0 -0.0
vn -1.0 0.0 -0.0
vn -1.0 0.0 -0.0
vn -1.0 0.0 -0.0
vn -1.0 0.0 0.0
vn -1.0 0.0 0.0
vn -1.0 0.0 0.0
vn -1.0 0.0 0.0
vn -1.0 0.0 -0.0
vn -1.0 -0.0 -0.0
vn -1.0 -0.0 -0.0
vn -1.0 0.0 0.0
vn -1.0 0.0 0.0
vn -1.0 -0.0 -0.0
vn -1.0 0.0 0.0
vn -1.0 -0.0 -0.0
vn -1.0 -0.0 -0.0
vn -1.0 0.0 0.0
vn -1.0 0.0 0.0
vn -1.0 0.0 0.0
vn -1.0 0.0 0.0
vn -1.0 0.0 0.0
vn -1.0 -0.0 -0.0
vn -1.0 -0.0 -0.0
vn -1.0 -0.0 -0.0
vn -1.0 -0.0 -0.0
vn -1.0 0.0 0.0
vn -1.0 0.0 0.0
vn -1.0 0.0 0.0
vn -1.0 -0.0 -0.0
vn -1.0 0.0 0.0
vn -1.0 0.0 0.0
vn -1.0 0.0 0.0
vn -1.0 0.0 0.0
vn -1.0 -0.0 0.0
vn -1.0 -0.0 0.0
vn -1.0 -0.0 0.0
vn -1.0 -0.0 0.0
vn -1.0 -0.0 -0.0
vn -1.0 0.0 -0.0
vn -1.0 0.0 0.0
vn -1.0 -0.0 -0.0
vn -1.0 -0.0 -0.0
vn -1.0 0.0 -0.0
vn -1.0 -0.0 -0.0
vn -1.0 0.0 0.0
vn -1.0 0.0 0.0
vn -1.0 -0.0 0.0
vn -1.0 -0.0 0.0
vn -1.0 0.0 0.0
vn -1.0 0.0 0.0
vn -1.0 0.0 0.0
vn -1.0 0.0 0.0
vn -1.0 -0.0 0.0
vn -1.0 0.0 0.0
vn -1.0 0.0 0.0
vn -1.0 -0.0 0.0
vn -1.0 -0.0 0.0
vn -1.0 0.0 0.0
vn -1.0 -0.0 0.0
vn -1.0 -0.0 0.0
vn -1.0 0.0 0.0
vn -1.0 0.0 0.0
vn -1.0 0.0 0.0
vn -1.0 -0.0 0.0
vn -1.0 -0.0 0.0
vn -1.0 0.0 0.0
vn -1.0 0.0 0.0
vn -1.0 -0.0 0.0
vn -1.0 0.0 0.0
vn -1.0 -0.0 0.0
vn -1.0 -0.0 0.0
vn -1.0 0.0 0.0
vn 0.999804 0.0 0.019817
vn 0.999804 0.0 0.019817
vn 0.998318 0.0 0.057972
vn 0.998318 0.0 0.057972
vn 0.99534 0.0 0.096433
vn 0.995339 0.0 0.096433
vn 0.99095 0.0 0.134231
vn 0.99095 0.0 0.134231
vn 0.985077 0.0 0.172115
vn 0.985077 0.0 0.172115
vn 0.977759 0.0 0.209733
vn 0.977759 0.0 0.209733
vn 0.968944 0.0 0.24728
vn 0.968944 0.0 0.247281
vn 0.959296 0.0 0.282403
vn 0.959296 0.0 0.282403
vn 0.948172 0.0 0.317757
vn 0.948172 0.0 0.317757
vn 0.935033 0.0 0.35456
vn 0.935033 0.0 0.35456
vn 0.920582 0.0 0.39055
vn 0.920582 0.0 0.39055
vn 0.904075 0.0 0.427374
vn 0.904075 0.0 0.427374
vn 0.886325 0.0 0.463063
vn 0.886325 0.0 0.463063
vn 0.866798 0.0 0.49866
vn 0.866798 0.0 0.49866
vn 0.844599 0.0 0.5354
vn 0.844599 0.0 0.5354
vn 0.819379 0.0 0.573252
vn 0.819379 0.0 0.573252
vn 0.794347 0.0 0.607465
vn 0.794347 0.0 0.607465
vn 0.767833 0.0 0.64065
vn 0.767833 0.0 0.64065
vn 0.738214 0.0 0.674566
vn 0.738214 0.0 0.674566
vn 0.708428 0.0 0.705783
vn 0.708428 0.0 0.705783
vn 0.677049 0.0 0.735938
vn 0.677049 0.0 0.735938
vn 0.644613 0.0 0.764509
vn 0.644613 0.0 0.764509
vn 0.611056 0.0 0.791587
vn 0.611056 0.0 0.791587
vn 0.576205 0.0 0.817305
vn 0.576205 0.0 0.817305
vn 0.540134 0.0 0.841579
vn 0.503432 -0.0 0.864035
vn 0.540134 0.0 0.841579
vn 0.503432 0.0 0.864035
vn 0.465456 0.0 0.885071
vn 0.465456 0.0 0.885071
vn 0.426926 0.0 0.904287
vn 0.426926 0.0 0.904287
vn 0.387268 0.0 0.921967
vn 0.387268 0.0 0.921967
vn 0.347102 0.0 0.937827
vn 0.347102 0.0 0.937827
vn 0.306158 0.0 0.951981
vn 0.306158 0.0 0.951981
vn 0.264624 0.0 0.964352
vn 0.264624 0.0 0.964352
vn 0.222734 0.0 0.974879
vn 0.222734 0.0 0.974879
vn 0.180328 0.0 0.983607
vn 0.180328 0.0 0.983607
vn 0.137568 0.0 0.990492
vn 0.137568 0.0 0.990492
vn 0.094684 0.0 0.995507
vn 0.094684 0.0 0.995507
vn 0.054661 0.0 0.998505
vn 0.054661 0.0 0.998505
vn 0.018361 0.0 0.999831
vn 0.018361 0.0 0.999831
vn 0.0 1.0 0.0
vn 0.0 1.0 0.0
vn 0.0 1.0 0.0
vn 0.0 1.0 0.0
vn 0.0 1.0 0.0
vn 0.0 1.0 0.0
vn 0.0 1.0 0.0
vn 0.0 1.0 0.0
vn 0.0 1.0 0.0
vn 0.0 1.0 0.0
vn 0.0 1.0 0.0
vn 0.0 1.0 0.0
vn 0.0 1.0 0.0
vn 0.0 1.0 0.0
vn 0.0 1.0 0.0
vn 0.0 1.0 0.0
vn 0.0 1.0 0.0
vn 0.0 1.0 0.0
vn 0.0 1.0 0.0
vn 0.0 1.0 0.0
vn 0.0 1.0 0.0
vn 0.0 1.0 0.0
vn 0.0 1.0 0.0
vn 0.0 1.0 0.0
vn 0.0 1.0 0.0
vn 0.0 1.0 0.0
vn 0.0 1.0 0.0
vn 0.0 1.0 0.0
vn 0.0 1.0 0.0
vn 0.0 1.0 0.0
vn 0.0 1.0 0.0
vn 0.0 1.0 0.0
vn 0.0 1.0 0.0
vn 0.0 1.0 0.0
vn 0.0 -1.0 0.0
vn 0.0 -1.0 0.0
vn 0.0 1.0 0.0
vn 0.0 1.0 0.0
vn 0.0 1.0 0.0
vn 0.0 1.0 0.0
vn 0.0 1.0 0.0
vn 0.0 1.0 0.0
vn 0.0 1.0 0.0
vn 0.0 1.0 0.0
vn 0.0 1.0 0.0
vn 0.0 1.0 0.0
vn 0.0 1.0 0.0
vn 0.0 1.0 0.0
vn 0.0 1.0 0.0
vn 0.0 1.0 0.0
vn 0.0 1.0 0.0
vn 0.0 1.0 0.0
vn 0.0 1.0 0.0
vn 0.0 1.0 0.0
vn 0.0 1.0 0.0
vn 0.0 1.0 0.0
vn 0.0 1.0 0.0
vn 0.0 1.0 0.0
vn 0.0 1.0 0.0
vn 0.0 1.0 0.0
vn 0.0 1.0 0.0
vn 0.0 1.0 0.0
vn 0.0 1.0 0.0
vn 0.0 1.0 0.0
vn 0.0 1.0 0.0
vn 0.0 1.0 0.0
vn 0.0 1.0 0.0
vn 0.0 1.0 0.0
vn 0.0 1.0 0.0
vn 0.0 1.0 0.0
vn 1.0 0.0 0.0
vn 1.0 -0.0 0.0
vn 0.0 -1.0 0.0
vn 0.0 -1.0 0.0
vn -1.0 0.0 0.0
vn -1.0 0.0 0.0
vn -0.999689 -0.024934 -0.0
vn -0.999689 -0.024934 0.0
vn -0.997204 -0.074727 0.0
vn -0.992239 -0.124345 0.0
vn -0.997204 -0.074727 -0.0
vn -0.992239 -0.124345 0.0
vn -0.984807 -0.173651 0.0
vn -0.974929 -0.222517 0.0
vn -0.984807 -0.173651 -0.0
vn -0.962624 -0.270842 0.0
vn -0.974929 -0.222517 0.0
vn -0.962624 -0.270842 0.0
vn -0.947928 -0.318486 0.0
vn -0.947928 -0.318486 -0.0
vn -0.930874 -0.36534 0.0
vn -0.911505 -0.411289 0.0
vn -0.930874 -0.36534 -0.0
vn -0.911505 -0.411289 0.0
vn -0.889872 -0.45621 0.0
vn -0.889872 -0.45621 -0.0
vn -0.866026 -0.499999 -0.0
vn -0.866026 -0.499999 0.0
vn -0.840025 -0.542547 -0.0
vn -0.840025 -0.542547 0.0
vn -0.811938 -0.583744 -0.0
vn -0.811938 -0.583744 0.0
vn -0.781833 -0.623488 -0.0
vn -0.781833 -0.623488 0.0
vn -0.749781 -0.661686 -0.0
vn -0.749781 -0.661686 0.0
vn -0.715866 -0.698238 -0.0
vn -0.715866 -0.698238 0.0
vn -0.680174 -0.73305 -0.0
vn -0.680174 -0.73305 0.0
vn -0.642787 -0.766045 -0.0
vn -0.642787 -0.766045 0.0
vn -0.603804 -0.797133 -0.0
vn -0.603804 -0.797133 0.0
vn -0.563319 -0.826239 -0.0
vn -0.563319 -0.826239 0.0
vn -0.521435 -0.853291 0.0
vn -0.521435 -0.853291 0.0
vn -0.478256 -0.878221 -0.0
vn -0.478256 -0.878221 0.0
vn -0.433882 -0.90097 0.0
vn -0.433882 -0.90097 0.0
vn -0.388436 -0.921476 0.0
vn -0.34202 -0.939693 0.0
vn -0.388436 -0.921476 -0.0
vn -0.34202 -0.939693 0.0
vn -0.294757 -0.955572 0.0
vn -0.294757 -0.955572 -0.0
vn -0.246755 -0.969078 0.0
vn -0.198148 -0.980172 0.0
vn -0.246755 -0.969078 -0.0
vn -0.149042 -0.988831 0.0
vn -0.198148 -0.980172 0.0
vn -0.149042 -0.988831 0.0
vn -0.099568 -0.995031 0.0
vn -0.049845 -0.998757 0.0
vn -0.099568 -0.995031 -0.0
vn -0.049845 -0.998757 0.0
vn 0.0 -1.0 0.0
vn 0.049845 -0.998757 0.0
vn -0.0 -1.0 -0.0
vn 0.049845 -0.998757 0.0
vn 0.099568 -0.995031 0.0
vn 0.149042 -0.988831 0.0
vn 0.099568 -0.995031 0.0
vn 0.149042 -0.988831 0.0
vn 0.198148 -0.980172 0.0
vn 0.198148 -0.980172 0.0
vn 0.246755 -0.969078 0.0
vn 0.246755 -0.969078 0.0
vn 0.294757 -0.955572 0.0
vn 0.294757 -0.955572 0.0
vn 0.34202 -0.939693 0.0
vn 0.34202 -0.939693 0.0
vn 0.388436 -0.921476 0.0
vn 0.388436 -0.921476 0.0
vn 0.433882 -0.90097 0.0
vn 0.433882 -0.90097 0.0
vn 0.478255 -0.878221 0.0
vn 0.478255 -0.878221 0.0
vn 0.521435 -0.853291 0.0
vn 0.521435 -0.853291 0.0
vn 0.563319 -0.826239 0.0
vn 0.563319 -0.826239 0.0
vn 0.603804 -0.797133 0.0
vn 0.603804 -0.797133 0.0
vn 0.642787 -0.766045 0.0
vn 0.642787 -0.766045 0.0
vn 0.680174 -0.733051 0.0
vn 0.680174 -0.733051 0.0
vn 0.715867 -0.698237 0.0
vn 0.715867 -0.698237 0.0
vn 0.74978 -0.661687 0.0
vn 0.74978 -0.661687 0.0
vn 0.781833 -0.623488 0.0
vn 0.781833 -0.623488 0.0
vn 0.811938 -0.583744 0.0
vn 0.811938 -0.583744 0.0
vn 0.840026 -0.542546 0.0
vn 0.840026 -0.542546 0.0
vn 0.866025 -0.5 0.0
vn 0.866025 -0.5 0.0
vn 0.889872 -0.45621 0.0
vn 0.889872 -0.45621 0.0
vn 0.911506 -0.411287 0.0
vn 0.911506 -0.411287 0.0
vn 0.930873 -0.365342 0.0
vn 0.930873 -0.365342 0.0
vn 0.947928 -0.318486 0.0
vn 0.947928 -0.318486 0.0
vn 0.962624 -0.27084 0.0
vn 0.962624 -0.27084 0.0
vn 0.974928 -0.222521 0.0
vn 0.974928 -0.222521 0.0
vn 0.984808 -0.173648 0.0
vn 0.984808 -0.173648 0.0
vn 0.992239 -0.124344 0.0
vn 0.992239 -0.124344 0.0
vn 0.997204 -0.07473 0.0
vn 0.997204 -0.07473 0.0
vn 0.999689 -0.02493 0.0
vn 0.999689 -0.02493 0.0
vn 0.999689 0.02493 0.0
vn 0.999689 0.02493 0.0
vn 0.997204 0.07473 0.0
vn 0.997204 0.07473 0.0
vn 0.992239 0.124344 0.0
vn 0.992239 0.124344 0.0
vn 0.984808 0.173648 0.0
vn 0.984808 0.173648 0.0
vn 0.974928 0.222521 0.0
vn 0.974928 0.222521 0.0
vn 0.962624 0.270841 0.0
vn 0.962624 0.270841 0.0
vn 0.947928 0.318486 0.0
vn 0.947928 0.318486 0.0
vn 0.930874 0.365341 0.0
vn 0.930874 0.365341 0.0
vn 0.911506 0.411287 0.0
vn 0.911506 0.411287 0.0
vn 0.889872 0.456211 0.0
vn 0.889872 0.456211 0.0
vn 0.866025 0.5 0.0
vn 0.866025 0.5 0.0
vn 0.840026 0.542545 0.0
vn 0.840026 0.542545 0.0
vn 0.811938 0.583744 0.0
vn 0.811938 0.583744 0.0
vn 0.781832 0.623489 0.0
vn 0.781832 0.623489 0.0
vn 0.749781 0.661686 0.0
vn 0.749781 0.661686 0.0
vn 0.715866 0.698237 0.0
vn 0.715866 0.698237 0.0
vn 0.680173 0.733051 0.0
vn 0.680173 0.733051 0.0
vn 0.642787 0.766045 0.0
vn 0.642787 0.766045 0.0
vn 0.603805 0.797132 0.0
vn 0.603805 0.797132 0.0
vn 0.56332 0.826239 0.0
vn 0.56332 0.826239 0.0
vn 0.521435 0.853291 0.0
vn 0.521435 0.853291 0.0
vn 0.478254 0.878222 0.0
vn 0.478254 0.878222 0.0
vn 0.433884 0.900969 0.0
vn 0.433884 0.900969 0.0
vn 0.388435 0.921476 0.0
vn 0.388435 0.921476 0.0
vn 0.34202 0.939692 0.0
vn 0.34202 0.939692 0.0
vn 0.294755 0.955573 0.0
vn 0.294755 0.955573 0.0
vn 0.246758 0.969077 0.0
vn 0.246758 0.969077 0.0
vn 0.198146 0.980172 0.0
vn 0.198146 0.980172 0.0
vn 0.149043 0.988831 0.0
vn 0.149043 0.988831 0.0
vn 0.099567 0.995031 0.0
vn 0.049846 0.998757 -0.0
vn 0.099567 0.995031 0.0
vn 0.049846 0.998757 0.0
vn 0.0 1.0 0.0
vn -0.0 1.0 0.0
vn -0.049846 0.998757 0.0
vn -0.049846 0.998757 0.0
vn -0.099567 0.995031 0.0
vn -0.099567 0.995031 0.0
vn -0.149043 0.988831 0.0
vn -0.149043 0.988831 0.0
vn -0.198146 0.980172 0.0
vn -0.246757 0.969077 0.0
vn -0.198146 0.980172 0.0
vn -0.246757 0.969077 0.0
vn -0.294755 0.955573 0.0
vn -0.294755 0.955573 0.0
vn -0.342021 0.939692 0.0
vn -0.342021 0.939692 0.0
vn -0.388434 0.921476 0.0
vn -0.433884 0.900969 0.0
vn -0.388434 0.921476 0.0
vn -0.433884 0.900969 0.0
vn -0.478255 0.878221 0.0
vn -0.478255 0.878221 0.0
vn -0.521435 0.853291 0.0
vn -0.521435 0.853291 0.0
vn -0.56332 0.826239 0.0
vn -0.603805 0.797132 0.0
vn -0.56332 0.826239 0.0
vn -0.603805 0.797132 0.0
vn -0.642787 0.766045 0.0
vn -0.680174 0.733051 0.0
vn -0.642787 0.766045 0.0
vn -0.680174 0.733051 0.0
vn -0.715866 0.698238 0.0
vn -0.715866 0.698238 0.0
vn -0.749782 0.661685 0.0
vn -0.749782 0.661685 0.0
vn -0.781832 0.623489 0.0
vn -0.781832 0.623489 0.0
vn -0.811938 0.583744 0.0
vn -0.811938 0.583744 0.0
vn -0.840026 0.542546 0.0
vn -0.840026 0.542546 0.0
vn -0.866026 0.499999 0.0
vn -0.866026 0.499999 0.0
vn -0.889872 0.456211 0.0
vn -0.889872 0.456211 0.0
vn -0.911505 0.411289 0.0
vn -0.911505 0.411289 0.0
vn -0.930874 0.36534 0.0
vn -0.930874 0.36534 0.0
vn -0.947928 0.318486 0.0
vn -0.947928 0.318486 0.0
vn -0.962624 0.270843 0.0
vn -0.962624 0.270843 0.0
vn -0.974929 0.222517 0.0
vn -0.974929 0.222517 0.0
vn -0.984807 0.173651 0.0
vn -0.984807 0.173651 0.0
vn -0.992239 0.124346 0.0
vn -0.992239 0.124346 0.0
vn -0.997204 0.074727 0.0
vn -0.997204 0.074727 0.0
vn -0.999689 0.024934 0.0
vn -0.999689 0.024934 0.0
vn -0.999689 -0.024946 -0.0
vn -0.999689 -0.024946 0.0
vn -0.997206 -0.074698 0.0
vn -0.992238 -0.124357 0.0
vn -0.997206 -0.074698 -0.0
vn -0.992238 -0.124357 0.0
vn -0.984808 -0.173646 0.0
vn -0.974929 -0.222517 0.0
vn -0.984808 -0.173646 -0.0
vn -0.962627 -0.270832 0.0
vn -0.974929 -0.222517 0.0
vn -0.962627 -0.270832 0.0
vn -0.947924 -0.318496 0.0
vn -0.947924 -0.318496 -0.0
vn -0.930878 -0.36533 0.0
vn -0.911492 -0.411318 0.0
vn -0.930878 -0.36533 -0.0
vn -0.911492 -0.411318 0.0
vn -0.889873 -0.456208 0.0
vn -0.889873 -0.456208 -0.0
vn -0.866035 -0.499984 -0.0
vn -0.866035 -0.499984 0.0
vn -0.840027 -0.542545 -0.0
vn -0.840027 -0.542545 0.0
vn -0.811928 -0.583757 -0.0
vn -0.811928 -0.583757 0.0
vn -0.781827 -0.623496 -0.0
vn -0.781827 -0.623496 0.0
vn -0.749793 -0.661673 -0.0
vn -0.749793 -0.661673 0.0
vn -0.715863 -0.698241 -0.0
vn -0.715863 -0.698241 0.0
vn -0.680166 -0.733058 -0.0
vn -0.680166 -0.733058 0.0
vn -0.642792 -0.766041 -0.0
vn -0.642792 -0.766041 0.0
vn -0.603808 -0.79713 -0.0
vn -0.603808 -0.79713 0.0
vn -0.563318 -0.82624 -0.0
vn -0.563318 -0.82624 0.0
vn -0.521432 -0.853293 0.0
vn -0.521432 -0.853293 0.0
vn -0.478256 -0.878221 -0.0
vn -0.478256 -0.878221 0.0
vn -0.433885 -0.900968 0.0
vn -0.433885 -0.900968 0.0
vn -0.388434 -0.921476 0.0
vn -0.342024 -0.939691 0.0
vn -0.388434 -0.921476 -0.0
vn -0.342024 -0.939691 0.0
vn -0.294754 -0.955573 0.0
vn -0.294754 -0.955573 -0.0
vn -0.246755 -0.969078 0.0
vn -0.19815 -0.980172 0.0
vn -0.246755 -0.969078 -0.0
vn -0.149039 -0.988831 0.0
vn -0.19815 -0.980172 0.0
vn -0.149039 -0.988831 0.0
vn -0.099569 -0.995031 0.0
vn -0.049845 -0.998757 0.0
vn -0.099569 -0.995031 -0.0
vn -0.049845 -0.998757 0.0
vn 0.0 -1.0 0.0
vn 0.049845 -0.998757 0.0
vn -0.0 -1.0 -0.0
vn 0.049845 -0.998757 0.0
vn 0.099567 -0.995031 0.0
vn 0.149042 -0.988831 0.0
vn 0.099567 -0.995031 0.0
vn 0.149042 -0.988831 0.0
vn 0.198146 -0.980173 0.0
vn 0.198146 -0.980173 0.0
vn 0.246755 -0.969078 0.0
vn 0.246755 -0.969078 0.0
vn 0.29476 -0.955571 0.0
vn 0.29476 -0.955571 0.0
vn 0.342016 -0.939694 0.0
vn 0.342016 -0.939694 0.0
vn 0.388443 -0.921473 0.0
vn 0.388443 -0.921473 0.0
vn 0.433876 -0.900973 0.0
vn 0.433876 -0.900973 0.0
vn 0.478256 -0.878221 0.0
vn 0.478256 -0.878221 0.0
vn 0.521432 -0.853293 0.0
vn 0.521432 -0.853293 0.0
vn 0.563329 -0.826233 0.0
vn 0.563329 -0.826233 0.0
vn 0.603797 -0.797138 0.0
vn 0.603797 -0.797138 0.0
vn 0.642792 -0.766041 0.0
vn 0.642792 -0.766041 0.0
vn 0.680166 -0.733058 0.0
vn 0.680166 -0.733058 0.0
vn 0.715875 -0.698229 0.0
vn 0.715875 -0.698229 0.0
vn 0.749781 -0.661686 0.0
vn 0.749781 -0.661686 0.0
vn 0.781827 -0.623496 0.0
vn 0.781827 -0.623496 0.0
vn 0.811939 -0.583742 0.0
vn 0.811939 -0.583742 0.0
vn 0.840027 -0.542545 0.0
vn 0.840027 -0.542545 0.0
vn 0.866025 -0.500001 0.0
vn 0.866025 -0.500001 0.0
vn 0.889873 -0.456208 0.0
vn 0.889873 -0.456208 0.0
vn 0.911509 -0.41128 0.0
vn 0.911509 -0.41128 0.0
vn 0.93087 -0.36535 0.0
vn 0.93087 -0.36535 0.0
vn 0.947924 -0.318496 0.0
vn 0.947924 -0.318496 0.0
vn 0.962627 -0.270832 0.0
vn 0.962627 -0.270832 0.0
vn 0.974929 -0.222517 0.0
vn 0.974929 -0.222517 0.0
vn 0.984808 -0.173646 0.0
vn 0.984808 -0.173646 0.0
vn 0.992238 -0.124357 0.0
vn 0.992238 -0.124357 0.0
vn 0.997204 -0.074721 0.0
vn 0.997204 -0.074721 0.0
vn 0.999689 -0.024922 0.0
vn 0.999689 -0.024922 0.0
vn 0.999689 0.024922 0.0
vn 0.999689 0.024922 0.0
vn 0.997204 0.074721 0.0
vn 0.997204 0.074721 0.0
vn 0.992238 0.124357 0.0
vn 0.992238 0.124357 0.0
vn 0.984808 0.173646 0.0
vn 0.984808 0.173646 0.0
vn 0.974929 0.222517 0.0
vn 0.974929 0.222517 0.0
vn 0.962627 0.270832 0.0
vn 0.962627 0.270832 0.0
vn 0.947924 0.318496 0.0
vn 0.947924 0.318496 0.0
vn 0.93087 0.36535 0.0
vn 0.93087 0.36535 0.0
vn 0.911509 0.41128 0.0
vn 0.911509 0.41128 0.0
vn 0.889873 0.456209 0.0
vn 0.889873 0.456209 0.0
vn 0.866025 0.500001 0.0
vn 0.866025 0.500001 0.0
vn 0.840027 0.542544 0.0
vn 0.840027 0.542544 0.0
vn 0.811939 0.583742 0.0
vn 0.811939 0.583742 0.0
vn 0.781826 0.623496 0.0
vn 0.781826 0.623496 0.0
vn 0.749782 0.661685 0.0
vn 0.749782 0.661685 0.0
vn 0.715874 0.698229 0.0
vn 0.715874 0.698229 0.0
vn 0.680165 0.733059 0.0
vn 0.680165 0.733059 0.0
vn 0.642792 0.766041 0.0
vn 0.642792 0.766041 0.0
vn 0.603798 0.797138 0.0
vn 0.603798 0.797138 0.0
vn 0.56333 0.826232 0.0
vn 0.56333 0.826232 0.0
vn 0.521432 0.853293 0.0
vn 0.521432 0.853293 0.0
vn 0.478255 0.878221 0.0
vn 0.478255 0.878221 0.0
vn 0.433877 0.900972 0.0
vn 0.433877 0.900972 0.0
vn 0.388442 0.921473 0.0
vn 0.388442 0.921473 0.0
vn 0.342017 0.939694 0.0
vn 0.342017 0.939694 0.0
vn 0.294758 0.955572 0.0
vn 0.294758 0.955572 0.0
vn 0.246758 0.969077 0.0
vn 0.246758 0.969077 0.0
vn 0.198145 0.980173 0.0
vn 0.198145 0.980173 0.0
vn 0.149043 0.988831 0.0
vn 0.149043 0.988831 0.0
vn 0.099566 0.995031 0.0
vn 0.049847 0.998757 -0.0
vn 0.099566 0.995031 0.0
vn 0.049847 0.998757 0.0
vn 0.0 1.0 0.0
vn -0.0 1.0 0.0
vn -0.049847 0.998757 0.0
vn -0.049847 0.998757 0.0
vn -0.099568 0.995031 0.0
vn -0.099568 0.995031 0.0
vn -0.149039 0.988831 0.0
vn -0.149039 0.988831 0.0
vn -0.198149 0.980172 0.0
vn -0.246758 0.969077 0.0
vn -0.198149 0.980172 0.0
vn -0.246758 0.969077 0.0
vn -0.294752 0.955574 0.0
vn -0.294752 0.955574 0.0
vn -0.342025 0.939691 0.0
vn -0.342025 0.939691 0.0
vn -0.388433 0.921477 0.0
vn -0.433886 0.900968 0.0
vn -0.388433 0.921477 0.0
vn -0.433886 0.900968 0.0
vn -0.478255 0.878221 0.0
vn -0.478255 0.878221 0.0
vn -0.521432 0.853293 0.0
vn -0.521432 0.853293 0.0
vn -0.563319 0.82624 0.0
vn -0.603809 0.797129 0.0
vn -0.563319 0.82624 0.0
vn -0.603809 0.797129 0.0
vn -0.642792 0.766041 0.0
vn -0.680165 0.733059 0.0
vn -0.642792 0.766041 0.0
vn -0.680165 0.733059 0.0
vn -0.715863 0.698241 0.0
vn -0.715863 0.698241 0.0
vn -0.749793 0.661672 0.0
vn -0.749793 0.661672 0.0
vn -0.781826 0.623496 0.0
vn -0.781826 0.623496 0.0
vn -0.811928 0.583757 0.0
vn -0.811928 0.583757 0.0
vn -0.840027 0.542544 0.0
vn -0.840027 0.542544 0.0
vn -0.866035 0.499984 0.0
vn -0.866035 0.499984 0.0
vn -0.889873 0.456209 0.0
vn -0.889873 0.456209 0.0
vn -0.911492 0.411318 0.0
vn -0.911492 0.411318 0.0
vn -0.930878 0.36533 0.0
vn -0.930878 0.36533 0.0
vn -0.947924 0.318496 0.0
vn -0.947924 0.318496 0.0
vn -0.962627 0.270832 0.0
vn -0.962627 0.270832 0.0
vn -0.974929 0.222517 0.0
vn -0.974929 0.222517 0.0
vn -0.984808 0.173646 0.0
vn -0.984808 0.173646 0.0
vn -0.992238 0.124357 0.0
vn -0.992238 0.124357 0.0
vn -0.997206 0.074698 0.0
vn -0.997206 0.074698 0.0
vn -0.999689 0.024946 0.0
vn -0.999689 0.024946 0.0
vn -0.999689 -0.024934 -0.0
vn -0.999689 -0.024934 0.0
vn -0.997204 -0.074725 0.0
vn -0.992239 -0.124349 0.0
vn -0.997204 -0.074725 -0.0
vn -0.992239 -0.124349 0.0
vn -0.984807 -0.173653 0.0
vn -0.974931 -0.222509 0.0
vn -0.984807 -0.173653 -0.0
vn -0.962621 -0.270853 0.0
vn -0.974931 -0.222509 0.0
vn -0.962621 -0.270853 0.0
vn -0.947928 -0.318484 0.0
vn -0.947928 -0.318484 -0.0
vn -0.930874 -0.365341 0.0
vn -0.91151 -0.411278 0.0
vn -0.930874 -0.365341 -0.0
vn -0.91151 -0.411278 0.0
vn -0.889874 -0.456207 0.0
vn -0.889874 -0.456207 -0.0
vn -0.86602 -0.500009 -0.0
vn -0.86602 -0.500009 0.0
vn -0.840029 -0.542542 -0.0
vn -0.840029 -0.542542 0.0
vn -0.811938 -0.583744 -0.0
vn -0.811938 -0.583744 0.0
vn -0.781837 -0.623483 -0.0
vn -0.781837 -0.623483 0.0
vn -0.749772 -0.661696 -0.0
vn -0.749772 -0.661696 0.0
vn -0.715865 -0.698239 -0.0
vn -0.715865 -0.698239 0.0
vn -0.680168 -0.733056 -0.0
vn -0.680168 -0.733056 0.0
vn -0.642788 -0.766044 -0.0
vn -0.642788 -0.766044 0.0
vn -0.603828 -0.797115 -0.0
vn -0.603828 -0.797115 0.0
vn -0.563317 -0.826241 -0.0
vn -0.563317 -0.826241 0.0
vn -0.521409 -0.853307 0.0
vn -0.521409 -0.853307 0.0
vn -0.478274 -0.878211 -0.0
vn -0.478274 -0.878211 0.0
vn -0.433864 -0.900979 0.0
vn -0.433864 -0.900979 0.0
vn -0.38846 -0.921466 0.0
vn -0.342007 -0.939697 0.0
vn -0.38846 -0.921466 -0.0
vn -0.342007 -0.939697 0.0
vn -0.294757 -0.955572 0.0
vn -0.294757 -0.955572 -0.0
vn -0.246766 -0.969075 0.0
vn -0.198128 -0.980176 0.0
vn -0.246766 -0.969075 -0.0
vn -0.14907 -0.988827 0.0
vn -0.198128 -0.980176 0.0
vn -0.14907 -0.988827 0.0
vn -0.099551 -0.995032 0.0
vn -0.049845 -0.998757 0.0
vn -0.099551 -0.995032 -0.0
vn -0.049845 -0.998757 0.0
vn 0.0 -1.0 0.0
vn 0.049845 -0.998757 0.0
vn -0.0 -1.0 -0.0
vn 0.049845 -0.998757 0.0
vn 0.099551 -0.995032 0.0
vn 0.14907 -0.988827 0.0
vn 0.099551 -0.995032 0.0
vn 0.14907 -0.988827 0.0
vn 0.198128 -0.980176 0.0
vn 0.198128 -0.980176 0.0
vn 0.246766 -0.969075 0.0
vn 0.246766 -0.969075 0.0
vn 0.294757 -0.955572 0.0
vn 0.294757 -0.955572 0.0
vn 0.342007 -0.939697 0.0
vn 0.342007 -0.939697 0.0
vn 0.388461 -0.921465 0.0
vn 0.388461 -0.921465 0.0
vn 0.433864 -0.900979 0.0
vn 0.433864 -0.900979 0.0
vn 0.478273 -0.878211 0.0
vn 0.478273 -0.878211 0.0
vn 0.521409 -0.853307 0.0
vn 0.521409 -0.853307 0.0
vn 0.563317 -0.826241 0.0
vn 0.563317 -0.826241 0.0
vn 0.603828 -0.797115 0.0
vn 0.603828 -0.797115 0.0
vn 0.642789 -0.766043 0.0
vn 0.642789 -0.766043 0.0
vn 0.680167 -0.733057 0.0
vn 0.680167 -0.733057 0.0
vn 0.715865 -0.698238 0.0
vn 0.715865 -0.698238 0.0
vn 0.749772 -0.661697 0.0
vn 0.749772 -0.661697 0.0
vn 0.781837 -0.623483 0.0
vn 0.781837 -0.623483 0.0
vn 0.811938 -0.583744 0.0
vn 0.811938 -0.583744 0.0
vn 0.840029 -0.542541 0.0
vn 0.840029 -0.542541 0.0
vn 0.866019 -0.50001 0.0
vn 0.866019 -0.50001 0.0
vn 0.889874 -0.456207 0.0
vn 0.889874 -0.456207 0.0
vn 0.911511 -0.411276 0.0
vn 0.911511 -0.411276 0.0
vn 0.930873 -0.365343 0.0
vn 0.930873 -0.365343 0.0
vn 0.947928 -0.318484 0.0
vn 0.947928 -0.318484 0.0
vn 0.962621 -0.270851 0.0
vn 0.962621 -0.270851 0.0
vn 0.97493 -0.222513 0.0
vn 0.97493 -0.222513 0.0
vn 0.984807 -0.17365 0.0
vn 0.984807 -0.17365 0.0
vn 0.992239 -0.124347 0.0
vn 0.992239 -0.124347 0.0
vn 0.997204 -0.074729 0.0
vn 0.997204 -0.074729 0.0
vn 0.999689 -0.024931 0.0
vn 0.999689 -0.024931 0.0
vn 0.999689 0.024931 0.0
vn 0.999689 0.024931 0.0
vn 0.997204 0.074729 0.0
vn 0.997204 0.074729 0.0
vn 0.992239 0.124341 0.0
vn 0.992239 0.124341 0.0
vn 0.984807 0.17365 0.0
vn 0.984807 0.17365 0.0
vn 0.974927 0.222523 0.0
vn 0.974927 0.222523 0.0
vn 0.962625 0.270839 0.0
vn 0.962625 0.270839 0.0
vn 0.947928 0.318484 0.0
vn 0.947928 0.318484 0.0
vn 0.930873 0.365343 0.0
vn 0.930873 0.365343 0.0
vn 0.911503 0.411293 0.0
vn 0.911503 0.411293 0.0
vn 0.889874 0.456207 0.0
vn 0.889874 0.456207 0.0
vn 0.866031 0.49999 0.0
vn 0.866031 0.49999 0.0
vn 0.840016 0.542562 0.0
vn 0.840016 0.542562 0.0
vn 0.811938 0.583744 0.0
vn 0.811938 0.583744 0.0
vn 0.781837 0.623483 0.0
vn 0.781837 0.623483 0.0
vn 0.749772 0.661697 0.0
vn 0.749772 0.661697 0.0
vn 0.715888 0.698215 0.0
vn 0.715888 0.698215 0.0
vn 0.680167 0.733057 0.0
vn 0.680167 0.733057 0.0
vn 0.642789 0.766043 0.0
vn 0.642789 0.766043 0.0
vn 0.603799 0.797137 0.0
vn 0.603799 0.797137 0.0
vn 0.563317 0.826241 0.0
vn 0.563317 0.826241 0.0
vn 0.521443 0.853286 0.0
vn 0.521443 0.853286 0.0
vn 0.478237 0.878231 0.0
vn 0.478237 0.878231 0.0
vn 0.433901 0.900961 0.0
vn 0.433901 0.900961 0.0
vn 0.388421 0.921482 0.0
vn 0.388421 0.921482 0.0
vn 0.342007 0.939697 0.0
vn 0.342007 0.939697 0.0
vn 0.294757 0.955572 0.0
vn 0.294757 0.955572 0.0
vn 0.246766 0.969075 0.0
vn 0.246766 0.969075 0.0
vn 0.198173 0.980167 0.0
vn 0.198173 0.980167 0.0
vn 0.149025 0.988833 0.0
vn 0.149025 0.988833 0.0
vn 0.099551 0.995032 0.0
vn 0.049845 0.998757 -0.0
vn 0.099551 0.995032 0.0
vn 0.049845 0.998757 0.0
vn 0.0 1.0 0.0
vn -0.0 1.0 0.0
vn -0.049845 0.998757 0.0
vn -0.049845 0.998757 0.0
vn -0.099551 0.995032 0.0
vn -0.099551 0.995032 0.0
vn -0.149025 0.988833 0.0
vn -0.149025 0.988833 0.0
vn -0.198173 0.980167 0.0
vn -0.246766 0.969075 0.0
vn -0.198173 0.980167 0.0
vn -0.246766 0.969075 0.0
vn -0.294757 0.955572 0.0
vn -0.294757 0.955572 0.0
vn -0.342007 0.939697 0.0
vn -0.342007 0.939697 0.0
vn -0.388421 0.921482 0.0
vn -0.433901 0.900961 0.0
vn -0.388421 0.921482 0.0
vn -0.433901 0.900961 0.0
vn -0.478238 0.87823 0.0
vn -0.478238 0.87823 0.0
vn -0.521443 0.853286 0.0
vn -0.521443 0.853286 0.0
vn -0.563317 0.826241 0.0
vn -0.603799 0.797137 0.0
vn -0.563317 0.826241 0.0
vn -0.603799 0.797137 0.0
vn -0.642788 0.766044 0.0
vn -0.680168 0.733056 0.0
vn -0.642788 0.766044 0.0
vn -0.680168 0.733056 0.0
vn -0.715887 0.698216 0.0
vn -0.715887 0.698216 0.0
vn -0.749772 0.661696 0.0
vn -0.749772 0.661696 0.0
vn -0.781837 0.623483 0.0
vn -0.781837 0.623483 0.0
vn -0.811938 0.583744 0.0
vn -0.811938 0.583744 0.0
vn -0.840015 0.542563 0.0
vn -0.840015 0.542563 0.0
vn -0.866032 0.499989 0.0
vn -0.866032 0.499989 0.0
vn -0.889874 0.456207 0.0
vn -0.889874 0.456207 0.0
vn -0.911502 0.411296 0.0
vn -0.911502 0.411296 0.0
vn -0.930874 0.365341 0.0
vn -0.930874 0.365341 0.0
vn -0.947928 0.318484 0.0
vn -0.947928 0.318484 0.0
vn -0.962624 0.270841 0.0
vn -0.962624 0.270841 0.0
vn -0.974928 0.222519 0.0
vn -0.974928 0.222519 0.0
vn -0.984807 0.173653 0.0
vn -0.984807 0.173653 0.0
vn -0.992239 0.124343 0.0
vn -0.992239 0.124343 0.0
vn -0.997204 0.074725 0.0
vn -0.997204 0.074725 0.0
vn -0.999689 0.024934 0.0
vn -0.999689 0.024934 0.0
vn -0.999689 -0.024946 -0.0
vn -0.999689 -0.024946 0.0
vn -0.997206 -0.074697 0.0
vn -0.992237 -0.12436 0.0
vn -0.997206 -0.074697 -0.0
vn -0.992237 -0.12436 0.0
vn -0.984808 -0.173648 0.0
vn -0.974931 -0.222509 0.0
vn -0.984808 -0.173648 -0.0
vn -0.962624 -0.270842 0.0
vn -0.974931 -0.222509 0.0
vn -0.962624 -0.270842 0.0
vn -0.947925 -0.318494 0.0
vn -0.947925 -0.318494 -0.0
vn -0.930878 -0.365331 0.0
vn -0.911497 -0.411307 0.0
vn -0.930878 -0.365331 -0.0
vn -0.911497 -0.411307 0.0
vn -0.889875 -0.456205 0.0
vn -0.889875 -0.456205 -0.0
vn -0.866029 -0.499994 -0.0
vn -0.866029 -0.499994 0.0
vn -0.84003 -0.54254 -0.0
vn -0.84003 -0.54254 0.0
vn -0.811928 -0.583757 -0.0
vn -0.811928 -0.583757 0.0
vn -0.781831 -0.62349 -0.0
vn -0.781831 -0.62349 0.0
vn -0.749784 -0.661683 -0.0
vn -0.749784 -0.661683 0.0
vn -0.715862 -0.698242 -0.0
vn -0.715862 -0.698242 0.0
vn -0.680159 -0.733064 -0.0
vn -0.680159 -0.733064 0.0
vn -0.642794 -0.766039 -0.0
vn -0.642794 -0.766039 0.0
vn -0.603832 -0.797111 -0.0
vn -0.603832 -0.797111 0.0
vn -0.563316 -0.826242 -0.0
vn -0.563316 -0.826242 0.0
vn -0.521407 -0.853308 0.0
vn -0.521407 -0.853308 0.0
vn -0.478274 -0.878211 -0.0
vn -0.478274 -0.878211 0.0
vn -0.433866 -0.900977 0.0
vn -0.433866 -0.900977 0.0
vn -0.388459 -0.921466 0.0
vn -0.342011 -0.939696 0.0
vn -0.388459 -0.921466 -0.0
vn -0.342011 -0.939696 0.0
vn -0.294754 -0.955573 0.0
vn -0.294754 -0.955573 -0.0
vn -0.246766 -0.969075 0.0
vn -0.198131 -0.980176 0.0
vn -0.246766 -0.969075 -0.0
vn -0.149067 -0.988827 0.0
vn -0.198131 -0.980176 0.0
vn -0.149067 -0.988827 0.0
vn -0.099552 -0.995032 0.0
vn -0.049845 -0.998757 0.0
vn -0.099552 -0.995032 -0.0
vn -0.049845 -0.998757 0.0
vn 0.0 -1.0 0.0
vn 0.049845 -0.998757 0.0
vn -0.0 -1.0 -0.0
vn 0.049845 -0.998757 0.0
vn 0.09955 -0.995033 0.0
vn 0.14907 -0.988827 0.0
vn 0.09955 -0.995033 0.0
vn 0.14907 -0.988827 0.0
vn 0.198126 -0.980176 0.0
vn 0.198126 -0.980176 0.0
vn 0.246766 -0.969075 0.0
vn 0.246766 -0.969075 0.0
vn 0.29476 -0.955571 0.0
vn 0.29476 -0.955571 0.0
vn 0.342004 -0.939699 0.0
vn 0.342004 -0.939699 0.0
vn 0.388467 -0.921462 0.0
vn 0.388467 -0.921462 0.0
vn 0.433857 -0.900982 0.0
vn 0.433857 -0.900982 0.0
vn 0.478274 -0.878211 0.0
vn 0.478274 -0.878211 0.0
vn 0.521407 -0.853308 0.0
vn 0.521407 -0.853308 0.0
vn 0.563327 -0.826234 0.0
vn 0.563327 -0.826234 0.0
vn 0.603821 -0.79712 0.0
vn 0.603821 -0.79712 0.0
vn 0.642794 -0.766039 0.0
vn 0.642794 -0.766039 0.0
vn 0.680159 -0.733064 0.0
vn 0.680159 -0.733064 0.0
vn 0.715873 -0.69823 0.0
vn 0.715873 -0.69823 0.0
vn 0.749772 -0.661696 0.0
vn 0.749772 -0.661696 0.0
vn 0.781831 -0.62349 0.0
vn 0.781831 -0.62349 0.0
vn 0.811939 -0.583742 0.0
vn 0.811939 -0.583742 0.0
vn 0.84003 -0.54254 0.0
vn 0.84003 -0.54254 0.0
vn 0.866019 -0.500011 0.0
vn 0.866019 -0.500011 0.0
vn 0.889875 -0.456205 0.0
vn 0.889875 -0.456205 0.0
vn 0.911514 -0.411269 0.0
vn 0.911514 -0.411269 0.0
vn 0.93087 -0.365351 0.0
vn 0.93087 -0.365351 0.0
vn 0.947925 -0.318494 0.0
vn 0.947925 -0.318494 0.0
vn 0.962624 -0.270842 0.0
vn 0.962624 -0.270842 0.0
vn 0.974931 -0.222509 0.0
vn 0.974931 -0.222509 0.0
vn 0.984808 -0.173648 0.0
vn 0.984808 -0.173648 0.0
vn 0.992237 -0.12436 0.0
vn 0.992237 -0.12436 0.0
vn 0.997205 -0.07472 0.0
vn 0.997205 -0.07472 0.0
vn 0.999689 -0.024923 0.0
vn 0.999689 -0.024923 0.0
vn 0.999689 0.024923 0.0
vn 0.999689 0.024923 0.0
vn 0.997205 0.07472 0.0
vn 0.997205 0.07472 0.0
vn 0.992238 0.124354 0.0
vn 0.992238 0.124354 0.0
vn 0.984808 0.173648 0.0
vn 0.984808 0.173648 0.0
vn 0.974928 0.222519 0.0
vn 0.974928 0.222519 0.0
vn 0.962627 0.27083 0.0
vn 0.962627 0.27083 0.0
vn 0.947925 0.318494 0.0
vn 0.947925 0.318494 0.0
vn 0.93087 0.365351 0.0
vn 0.93087 0.365351 0.0
vn 0.911506 0.411286 0.0
vn 0.911506 0.411286 0.0
vn 0.889875 0.456205 0.0
vn 0.889875 0.456205 0.0
vn 0.86603 0.499991 0.0
vn 0.86603 0.499991 0.0
vn 0.840016 0.542561 0.0
vn 0.840016 0.542561 0.0
vn 0.811939 0.583742 0.0
vn 0.811939 0.583742 0.0
vn 0.781831 0.62349 0.0
vn 0.781831 0.62349 0.0
vn 0.749772 0.661696 0.0
vn 0.749772 0.661696 0.0
vn 0.715896 0.698207 0.0
vn 0.715896 0.698207 0.0
vn 0.680159 0.733064 0.0
vn 0.680159 0.733064 0.0
vn 0.642794 0.766039 0.0
vn 0.642794 0.766039 0.0
vn 0.603792 0.797142 0.0
vn 0.603792 0.797142 0.0
vn 0.563327 0.826234 0.0
vn 0.563327 0.826234 0.0
vn 0.521441 0.853288 0.0
vn 0.521441 0.853288 0.0
vn 0.478238 0.87823 0.0
vn 0.478238 0.87823 0.0
vn 0.433894 0.900964 0.0
vn 0.433894 0.900964 0.0
vn 0.388428 0.921479 0.0
vn 0.388428 0.921479 0.0
vn 0.342004 0.939699 0.0
vn 0.342004 0.939699 0.0
vn 0.29476 0.955571 0.0
vn 0.29476 0.955571 0.0
vn 0.246766 0.969075 0.0
vn 0.246766 0.969075 0.0
vn 0.198171 0.980167 0.0
vn 0.198171 0.980167 0.0
vn 0.149025 0.988833 0.0
vn 0.149025 0.988833 0.0
vn 0.09955 0.995033 0.0
vn 0.049845 0.998757 -0.0
vn 0.09955 0.995033 0.0
vn 0.049845 0.998757 0.0
vn 0.0 1.0 0.0
vn -0.0 1.0 0.0
vn -0.049845 0.998757 0.0
vn -0.049845 0.998757 0.0
vn -0.099552 0.995032 0.0
vn -0.099552 0.995032 0.0
vn -0.149022 0.988834 0.0
vn -0.149022 0.988834 0.0
vn -0.198175 0.980166 0.0
vn -0.246766 0.969075 0.0
vn -0.198175 0.980166 0.0
vn -0.246766 0.969075 0.0
vn -0.294754 0.955573 0.0
vn -0.294754 0.955573 0.0
vn -0.342011 0.939696 0.0
vn -0.342011 0.939696 0.0
vn -0.38842 0.921483 0.0
vn -0.433903 0.900959 0.0
vn -0.38842 0.921483 0.0
vn -0.433903 0.900959 0.0
vn -0.478238 0.87823 0.0
vn -0.478238 0.87823 0.0
vn -0.521441 0.853288 0.0
vn -0.521441 0.853288 0.0
vn -0.563316 0.826242 0.0
vn -0.603803 0.797134 0.0
vn -0.563316 0.826242 0.0
vn -0.603803 0.797134 0.0
vn -0.642794 0.766039 0.0
vn -0.680159 0.733064 0.0
vn -0.642794 0.766039 0.0
vn -0.680159 0.733064 0.0
vn -0.715884 0.698219 0.0
vn -0.715884 0.698219 0.0
vn -0.749784 0.661683 0.0
vn -0.749784 0.661683 0.0
vn -0.781831 0.62349 0.0
vn -0.781831 0.62349 0.0
vn -0.811928 0.583757 0.0
vn -0.811928 0.583757 0.0
vn -0.840016 0.542561 0.0
vn -0.840016 0.542561 0.0
vn -0.86604 0.499974 0.0
vn -0.86604 0.499974 0.0
vn -0.889875 0.456205 0.0
vn -0.889875 0.456205 0.0
vn -0.911489 0.411325 0.0
vn -0.911489 0.411325 0.0
vn -0.930878 0.365331 0.0
vn -0.930878 0.365331 0.0
vn -0.947925 0.318494 0.0
vn -0.947925 0.318494 0.0
vn -0.962627 0.27083 0.0
vn -0.962627 0.27083 0.0
vn -0.974928 0.222519 0.0
vn -0.974928 0.222519 0.0
vn -0.984808 0.173648 0.0
vn -0.984808 0.173648 0.0
vn -0.992238 0.124354 0.0
vn -0.992238 0.124354 0.0
vn -0.997206 0.074697 0.0
vn -0.997206 0.074697 0.0
vn -0.999689 0.024946 0.0
vn -0.999689 0.024946 0.0
vn 0.0 0.0 -1.0
vn 0.0 0.0 -1.0
vn 0.0 0.0 -1.0
vn 0.0 0.0 -1.0
vn 0.0 0.0 -1.0
vn 0.0 0.0 -1.0
vn 0.0 0.0 -1.0
vn 0.0 0.0 -1.0
vn 0.0 0.0 -1.0
vn 0.0 0.0 -1.0
vn 0.0 0.0 -1.0
vn 0.0 0.0 -1.0
vn 0.0 0.0 -1.0
vn 0.0 0.0 -1.0
vn 0.0 0.0 -1.0
vn 0.0 0.0 -1.0
vn 0.0 0.0 -1.0
vn 0.0 0.0 -1.0
vn 0.0 0.0 -1.0
vn 0.0 0.0 -1.0
vn 0.0 0.0 -1.0
vn 0.0 0.0 -1.0
vn 0.0 0.0 -1.0
vn 0.0 0.0 -1.0
vn 0.0 0.0 -1.0
vn 0.0 0.0 -1.0
vn 0.0 0.0 -1.0
vn 0.0 0.0 -1.0
vn 0.0 0.0 -1.0
vn 0.0 -0.0 -1.0
vn 0.0 -0.0 -1.0
vn 0.0 -0.0 -1.0
vn 0.0 -0.0 -1.0
vn 0.0 0.0 -1.0
vn 0.0 0.0 -1.0
vn 0.0 0.0 -1.0
vn 0.0 0.0 -1.0
vn 0.0 0.0 -1.0
vn 0.0 -0.0 -1.0
vn 0.0 -0.0 -1.0
vn 0.0 -0.0 -1.0
vn 0.0 -0.0 -1.0
vn 0.0 -0.0 -1.0
vn 0.0 0.0 -1.0
vn 0.0 0.0 -1.0
vn 0.0 -0.0 -1.0
vn 0.0 0.0 -1.0
vn 0.0 0.0 -1.0
vn 0.0 -0.0 -1.0
vn 0.0 -0.0 -1.0
vn 0.0 -0.0 -1.0
vn 0.0 -0.0 -1.0
vn 0.0 0.0 -1.0
vn 0.0 0.0 -1.0
vn 0.0 0.0 -1.0
vn 0.0 0.0 -1.0
vn 0.0 0.0 -1.0
vn 0.0 0.0 -1.0
vn 0.0 0.0 -1.0
vn 0.0 0.0 -1.0
vn 0.0 -0.0 -1.0
vn 0.0 -0.0 -1.0
vn 0.0 0.0 -1.0
vn 0.0 0.0 -1.0
vn 0.0 -0.0 -1.0
vn 0.0 0.0 -1.0
vn 0.0 -0.0 -1.0
vn 0.0 -0.0 -1.0
vn 0.0 0.0 -1.0
vn 0.0 0.0 -1.0
vn 0.0 0.0 -1.0
vn 0.0 0.0 -1.0
vn 0.0 0.0 -1.0
vn 0.0 -0.0 -1.0
vn 0.0 -0.0 -1.0
vn 0.0 -0.0 -1.0
vn 0.0 -0.0 -1.0
vn 0.0 0.0 -1.0
vn 0.0 0.0 -1.0
vn 0.0 0.0 -1.0
vn 0.0 -0.0 -1.0
vn 0.0 0.0 -1.0
vn 0.0 0.0 -1.0
vn 0.0 0.0 -1.0
vn 0.0 0.0 -1.0
vn -0.0 -0.0 -1.0
vn -0.0 -0.0 -1.0
vn 0.0 -0.0 -1.0
vn 0.0 -0.0 -1.0
vn 0.0 -0.0 -1.0
vn 0.0 0.0 -1.0
vn 0.0 0.0 -1.0
vn 0.0 -0.0 -1.0
vn 0.0 -0.0 -1.0
vn 0.0 0.0 -1.0
vn 0.0 -0.0 -1.0
vn 0.0 0.0 -1.0
vn 0.0 0.0 -1.0
vn -0.0 -0.0 -1.0
vn -0.0 -0.0 -1.0
vn 0.0 0.0 -1.0
vn 0.0 0.0 -1.0
vn 0.0 0.0 -1.0
vn 0.0 0.0 -1.0
vn -0.0 -0.0 -1.0
vn 0.0 0.0 -1.0
vn 0.0 0.0 -1.0
vn -0.0 -0.0 -1.0
vn -0.0 -0.0 -1.0
vn 0.0 0.0 -1.0
vn -0.0 -0.0 -1.0
vn -0.0 -0.0 -1.0
vn 0.0 0.0 -1.0
vn 0.0 0.0 -1.0
vn 0.0 0.0 -1.0
vn -0.0 -0.0 -1.0
vn -0.0 -0.0 -1.0
vn 0.0 0.0 -1.0
vn 0.0 0.0 -1.0
vn -0.0 -0.0 -1.0
vn 0.0 0.0 -1.0
vn -0.0 -0.0 -1.0
vn -0.0 -0.0 -1.0
vn 0.0 0.0 -1.0
vn 0.0 0.0 -1.0
vn 0.0 0.0 -1.0
vn 0.0 0.0 -1.0
vn 0.0 0.0 -1.0
vn 0.0 0.0 -1.0
vn 0.0 0.0 -1.0
vn 0.0 0.0 -1.0
vn 0.0 0.0 -1.0
vn 0.0 0.0 -1.0
vn 0.0 0.0 -1.0
vn 0.0 0.0 -1.0
vn 0.0 0.0 -1.0
vn 0.0 0.0 -1.0
vn 0.0 0.0 -1.0
vn 0.0 0.0 -1.0
vn 0.0 0.0 -1.0
vn 0.0 0.0 -1.0
vn 0.0 0.0 -1.0
vn 0.0 0.0 -1.0
vn 0.0 0.0 -1.0
vn 0.0 0.0 -1.0
vn 0.0 -0.0 -1.0
vn 0.0 -0.0 -1.0
vn 0.0 0.0 -1.0
vn 0.0 0.0 -1.0
vn 0.0 0.0 -1.0
vn 0.0 0.0 -1.0
vn 0.0 0.0 -1.0
vn 0.0 -0.0 -1.0
vn 0.0 -0.0 -1.0
vn 0.0 0.0 -1.0
vn 0.0 -0.0 -1.0
vn 0.0 -0.0 -1.0
vn 0.0 -0.0 -1.0
vn 0.0 -0.0 -1.0
vn 0.0 0.0 -1.0
vn 0.0 0.0 -1.0
vn 0.0 0.0 -1.0
vn 0.0 0.0 -1.0
vn 0.0 0.0 -1.0
vn 0.0 0.0 -1.0
vn 0.0 -0.0 -1.0
vn 0.0 -0.0 -1.0
vn 0.0 0.0 -1.0
vn 0.0 -0.0 -1.0
vn 0.0 -0.0 -1.0
vn 0.0 -0.0 -1.0
vn 0.0 -0.0 -1.0
vn 0.0 0.0 -1.0
vn 0.0 0.0 -1.0
vn 0.0 0.0 -1.0
vn 0.0 0.0 -1.0
vn 0.0 0.0 -1.0
vn 0.0 -0.0 -1.0
vn 0.0 0.0 -1.0
vn 0.0 0.0 -1.0
vn 0.0 0.0 -1.0
vn 0.0 0.0 -1.0
vn 0.0 0.0 -1.0
vn 0.0 0.0 -1.0
vn 0.0 0.0 -1.0
vn 0.0 0.0 -1.0
vn 0.0 0.0 -1.0
vn 0.0 0.0 -1.0
vn 0.0 0.0 -1.0
vn 0.0 0.0 -1.0
vn 0.0 0.0 -1.0
vn 0.0 -0.0 -1.0
vn 0.0 -0.0 -1.0
vn 0.0 -0.0 -1.0
vn 0.0 -0.0 -1.0
vn 0.0 -0.0 -1.0
vn 0.0 -0.0 -1.0
vn 0.0 0.0 -1.0
vn 0.0 0.0 -1.0
vn 0.0 -0.0 -1.0
vn 0.0 0.0 -1.0
vn 0.0 -0.0 -1.0
vn 0.0 0.0 -1.0
vn 0.0 0.0 -1.0
vn 0.0 -0.0 -1.0
vn 0.0 0.0 -1.0
vn 0.0 -0.0 -1.0
vn 0.0 -0.0 -1.0
vn 0.0 0.0 -1.0
vn 0.0 0.0 -1.0
vn 0.0 -0.0 -1.0
vn 0.0 0.0 -1.0
vn -0.0 -0.0 -1.0
vn 0.0 0.0 -1.0
vn 0.0 0.0 -1.0
vn -0.0 -0.0 -1.0
vn 0.0 0.0 -1.0
vn 0.0 0.0 -1.0
vn -0.0 -0.0 -1.0
vn -0.0 -0.0 -1.0
vn -0.0 -0.0 -1.0
vn -0.0 -0.0 -1.0
vn -0.0 -0.0 -1.0
vn 0.0 0.0 -1.0
vn 0.0 0.0 -1.0
vn 0.0 0.0 -1.0
vn -0.0 -0.0 -1.0
vn -0.0 -0.0 -1.0
vn 0.0 0.0 -1.0
vn 0.0 0.0 -1.0
vn 0.0 -0.0 -1.0
vn -0.0 -0.0 -1.0
vn -0.0 -0.0 -1.0
vn 0.0 0.0 -1.0
vn 0.0 0.0 -1.0
vn 0.0 0.0 -1.0
vn -0.0 -0.0 -1.0
vn -0.0 -0.0 -1.0
vn 0.0 0.0 -1.0
vn 0.0 0.0 -1.0
vn 0.0 0.0 -1.0
vn 0.0 -0.0 -1.0
vn 0.0 0.0 -1.0
vn 0.0 -0.0 -1.0
vn -0.0 -0.0 -1.0
vn -0.0 -0.0 -1.0
vn 0.0 0.0 -1.0
vn 0.0 0.0 -1.0
vn 0.0 0.0 -1.0
vn 0.0 0.0 -1.0
vn 0.0 0.0 -1.0
vn 0.0 0.0 -1.0
vn 0.0 0.0 -1.0
vn 0.0 0.0 -1.0
vn 0.0 0.0 -1.0
vn 0.0 0.0 -1.0
vn 0.0 0.0 -1.0
vn 0.0 0.0 -1.0
vn 0.0 0.0 -1.0
vn 0.0 0.0 -1.0
vn 0.0 0.0 -1.0
vn 0.0 0.0 -1.0
vn 0.0 0.0 -1.0
vn 0.0 0.0 -1.0
vn 0.0 0.0 -1.0
vn 0.0 0.0 -1.0
vn 0.0 0.0 -1.0
vn 0.0 0.0 -1.0
vn 0.0 0.0 -1.0
vn 0.0 0.0 -1.0
vn 0.0 0.0 -1.0
vn 0.0 0.0 -1.0
vn 0.0 0.0 -1.0
vn 0.0 0.0 -1.0
vn 0.0 0.0 -1.0
vn 0.0 0.0 -1.0
vn 0.0 0.0 -1.0
vn 0.0 -0.0 -1.0
vn 0.0 -0.0 -1.0
vn 0.0 -0.0 -1.0
vn 0.0 -0.0 -1.0
vn 0.0 0.0 -1.0
vn 0.0 0.0 -1.0
vn 0.0 0.0 -1.0
vn 0.0 0.0 -1.0
vn 0.0 0.0 -1.0
vn 0.0 -0.0 -1.0
vn 0.0 -0.0 -1.0
vn 0.0 -0.0 -1.0
vn 0.0 -0.0 -1.0
vn 0.0 -0.0 -1.0
vn 0.0 0.0 -1.0
vn 0.0 0.0 -1.0
vn 0.0 -0.0 -1.0
vn 0.0 0.0 -1.0
vn 0.0 0.0 -1.0
vn 0.0 -0.0 -1.0
vn 0.0 -0.0 -1.0
vn 0.0 -0.0 -1.0
vn 0.0 -0.0 -1.0
vn 0.0 0.0 -1.0
vn 0.0 0.0 -1.0
vn 0.0 0.0 -1.0
vn 0.0 0.0 -1.0
vn 0.0 0.0 -1.0
vn 0.0 0.0 -1.0
vn 0.0 0.0 -1.0
vn 0.0 0.0 -1.0
vn 0.0 -0.0 -1.0
vn 0.0 -0.0 -1.0
vn 0.0 0.0 -1.0
vn 0.0 0.0 -1.0
vn 0.0 -0.0 -1.0
vn 0.0 0.0 -1.0
vn 0.0 -0.0 -1.0
vn 0.0 -0.0 -1.0
vn 0.0 0.0 -1.0
vn 0.0 0.0 -1.0
vn 0.0 0.0 -1.0
vn 0.0 0.0 -1.0
vn 0.0 0.0 -1.0
vn 0.0 -0.0 -1.0
vn 0.0 -0.0 -1.0
vn 0.0 -0.0 -1.0
vn 0.0 -0.0 -1.0
vn 0.0 0.0 -1.0
vn 0.0 0.0 -1.0
vn 0.0 0.0 -1.0
vn 0.0 -0.0 -1.0
vn 0.0 0.0 -1.0
vn 0.0 0.0 -1.0
vn 0.0 0.0 -1.0
vn 0.0 0.0 -1.0
vn -0.0 -0.0 -1.0
vn -0.0 -0.0 -1.0
vn 0.0 -0.0 -1.0
vn 0.0 -0.0 -1.0
vn 0.0 -0.0 -1.0
vn 0.0 0.0 -1.0
vn 0.0 0.0 -1.0
vn 0.0 -0.0 -1.0
vn 0.0 -0.0 -1.0
vn 0.0 0.0 -1.0
vn 0.0 -0.0 -1.0
vn 0.0 0.0 -1.0
vn 0.0 0.0 -1.0
vn -0.0 -0.0 -1.0
vn -0.0 -0.0 -1.0
vn 0.0 0.0 -1.0
vn 0.0 0.0 -1.0
vn 0.0 0.0 -1.0
vn 0.0 0.0 -1.0
vn -0.0 -0.0 -1.0
vn 0.0 0.0 -1.0
vn 0.0 0.0 -1.0
vn -0.0 -0.0 -1.0
vn -0.0 -0.0 -1.0
vn 0.0 0.0 -1.0
vn -0.0 -0.0 -1.0
vn -0.0 -0.0 -1.0
vn 0.0 0.0 -1.0
vn 0.0 0.0 -1.0
vn 0.0 0.0 -1.0
vn -0.0 -0.0 -1.0
vn -0.0 -0.0 -1.0
vn 0.0 0.0 -1.0
vn 0.0 0.0 -1.0
vn -0.0 -0.0 -1.0
vn 0.0 0.0 -1.0
vn -0.0 -0.0 -1.0
vn -0.0 -0.0 -1.0
vn 0.0 0.0 -1.0
vn 0.0 0.0 -1.0
vn 0.0 0.0 -1.0
vn 0.0 0.0 -1.0
vn 0.0 0.0 -1.0
vn 0.0 0.0 -1.0
vn 0.0 0.0 -1.0
vn 0.0 0.0 -1.0
vn 0.0 0.0 -1.0
vn 0.0 0.0 -1.0
vn 0.0 0.0 -1.0
vn 0.0 0.0 -1.0
vn 0.0 0.0 -1.0
vn 0.0 0.0 -1.0
vn 0.0 0.0 -1.0
vn 0.0 0.0 -1.0
vn 0.0 0.0 -1.0
vn 0.0 0.0 -1.0
vn 0.0 0.0 -1.0
vn 0.0 0.0 -1.0
vn 0.0 0.0 -1.0
vn 0.0 0.0 -1.0
vn 0.0 -0.0 -1.0
vn 0.0 -0.0 -1.0
vn 0.0 0.0 -1.0
vn 0.0 0.0 -1.0
vn 0.0 0.0 -1.0
vn 0.0 0.0 -1.0
vn 0.0 0.0 -1.0
vn 0.0 -0.0 -1.0
vn 0.0 -0.0 -1.0
vn 0.0 0.0 -1.0
vn 0.0 -0.0 -1.0
vn 0.0 -0.0 -1.0
vn 0.0 -0.0 -1.0
vn 0.0 -0.0 -1.0
vn 0.0 0.0 -1.0
vn 0.0 0.0 -1.0
vn 0.0 0.0 -1.0
vn 0.0 0.0 -1.0
vn 0.0 0.0 -1.0
vn 0.0 0.0 -1.0
vn 0.0 -0.0 -1.0
vn 0.0 -0.0 -1.0
vn 0.0 0.0 -1.0
vn 0.0 -0.0 -1.0
vn 0.0 -0.0 -1.0
vn 0.0 -0.0 -1.0
vn 0.0 -0.0 -1.0
vn 0.0 0.0 -1.0
vn 0.0 0.0 -1.0
vn 0.0 0.0 -1.0
vn 0.0 0.0 -1.0
vn 0.0 0.0 -1.0
vn 0.0 -0.0 -1.0
vn 0.0 0.0 -1.0
vn 0.0 0.0 -1.0
vn 0.0 0.0 -1.0
vn 0.0 0.0 -1.0
vn 0.0 0.0 -1.0
vn 0.0 0.0 -1.0
vn 0.0 0.0 -1.0
vn 0.0 0.0 -1.0
vn 0.0 0.0 -1.0
vn 0.0 0.0 -1.0
vn 0.0 0.0 -1.0
vn 0.0 0.0 -1.0
vn 0.0 0.0 -1.0
vn 0.0 -0.0 -1.0
vn 0.0 -0.0 -1.0
vn 0.0 -0.0 -1.0
vn 0.0 -0.0 -1.0
vn 0.0 -0.0 -1.0
vn 0.0 -0.0 -1.0
vn 0.0 0.0 -1.0
vn 0.0 0.0 -1.0
vn 0.0 -0.0 -1.0
vn 0.0 0.0 -1.0
vn 0.0 -0.0 -1.0
vn 0.0 0.0 -1.0
vn 0.0 0.0 -1.0
vn 0.0 -0.0 -1.0
vn 0.0 0.0 -1.0
vn 0.0 -0.0 -1.0
vn 0.0 -0.0 -1.0
vn 0.0 0.0 -1.0
vn 0.0 0.0 -1.0
vn 0.0 -0.0 -1.0
vn 0.0 0.0 -1.0
vn -0.0 -0.0 -1.0
vn 0.0 0.0 -1.0
vn 0.0 0.0 -1.0
vn -0.0 -0.0 -1.0
vn 0.0 0.0 -1.0
vn 0.0 0.0 -1.0
vn -0.0 -0.0 -1.0
vn -0.0 -0.0 -1.0
vn -0.0 -0.0 -1.0
vn -0.0 -0.0 -1.0
vn -0.0 -0.0 -1.0
vn 0.0 0.0 -1.0
vn 0.0 0.0 -1.0
vn 0.0 0.0 -1.0
vn -0.0 -0.0 -1.0
vn -0.0 -0.0 -1.0
vn 0.0 0.0 -1.0
vn 0.0 0.0 -1.0
vn 0.0 -0.0 -1.0
vn -0.0 -0.0 -1.0
vn -0.0 -0.0 -1.0
vn 0.0 0.0 -1.0
vn 0.0 0.0 -1.0
vn 0.0 0.0 -1.0
vn -0.0 -0.0 -1.0
vn -0.0 -0.0 -1.0
vn 0.0 0.0 -1.0
vn 0.0 0.0 -1.0
vn 0.0 0.0 -1.0
vn 0.0 -0.0 -1.0
vn 0.0 0.0 -1.0
vn 0.0 -0.0 -1.0
vn -0.0 -0.0 -1.0
vn -0.0 -0.0 -1.0
vn 0.0 0.0 -1.0
vn 0.0 0.0 -1.0
vn 0.0 0.999853 0.01713
vn -0.0 0.999853 0.01713
vn 0.0 0.999853 0.01713
vn 0.0 0.999853 0.01713
vn 0.0 0.998679 0.051376
vn 0.0 0.998679 0.051376
vn 0.0 0.996333 0.085566
vn 0.0 0.996332 0.085566
vn 0.0 0.992815 0.119659
vn 0.0 0.992815 0.119659
vn 0.0 0.988133 0.153598
vn 0.0 0.988133 0.153598
vn 0.0 0.982292 0.187358
vn 0.0 0.982292 0.187358
vn 0.0 0.975295 0.220907
vn 0.0 0.975295 0.220907
vn 0.0 0.967153 0.254193
vn 0.0 0.967154 0.254193
vn 0.0 0.957875 0.287185
vn 0.0 0.957875 0.287185
vn 0.0 0.947474 0.319832
vn -0.0 0.935962 0.352102
vn 0.0 0.947474 0.319832
vn 0.0 0.935962 0.352102
vn -0.0 0.923346 0.383968
vn -0.0 0.90965 0.415376
vn 0.0 0.923346 0.383968
vn -0.0 0.894886 0.446295
vn 0.0 0.90965 0.415376
vn -0.0 0.879066 0.476699
vn 0.0 0.894886 0.446295
vn -0.0 0.862219 0.506536
vn 0.0 0.879066 0.476699
vn -0.0 0.844362 0.535773
vn 0.0 0.862219 0.506536
vn -0.0 0.825504 0.564396
vn 0.0 0.844362 0.535773
vn -0.0 0.805682 0.592349
vn 0.0 0.825505 0.564396
vn -0.0 0.784918 0.619599
vn 0.0 0.805682 0.592349
vn -0.0 0.763224 0.646133
vn 0.0 0.784918 0.619599
vn -0.0 0.740646 0.671896
vn 0.0 0.763224 0.646133
vn -0.0 0.717183 0.696884
vn 0.0 0.740646 0.671896
vn -0.0 0.692884 0.721049
vn 0.0 0.717184 0.696884
vn -0.0 0.667783 0.744356
vn 0.0 0.692884 0.721049
vn -0.0 0.641878 0.766807
vn 0.0 0.667783 0.744356
vn -0.0 0.61523 0.788348
vn 0.0 0.641878 0.766807
vn 0.0 0.61523 0.788348
vn -0.0 0.587864 0.80896
vn 0.0 0.587864 0.80896
vn -0.0 0.559803 0.828626
vn 0.0 0.559803 0.828626
vn -0.0 0.531078 0.847323
vn 0.0 0.531078 0.847323
vn -0.0 0.501736 0.865021
vn 0.0 0.501736 0.865021
vn -0.0 0.466767 0.88438
vn 0.0 0.466767 0.88438
vn -0.0 0.423294 0.905992
vn 0.0 0.423294 0.905992
vn -0.0 0.376186 0.926544
vn 0.0 0.376186 0.926544
vn 0.0 0.328086 0.944648
vn 0.0 0.328086 0.944648
vn 0.0 0.279114 0.960258
vn 0.0 0.279114 0.960258
vn 0.0 0.229407 0.973331
vn 0.0 0.229407 0.973331
vn 0.0 0.179095 0.983832
vn 0.0 0.179095 0.983832
vn 0.0 0.128309 0.991734
vn 0.0 0.128309 0.991734
vn 0.0 0.077184 0.997017
vn 0.0 0.077184 0.997017
vn 0.0 0.038664 0.999252
vn -0.0 0.012888 0.999917
vn 0.0 0.038664 0.999252
vn 0.0 0.012888 0.999917
vn 0.999853 0.0 0.017133
vn 0.998679 0.0 0.051381
vn 0.999853 0.0 0.017133
vn 0.996333 0.0 0.085566
vn 0.998679 0.0 0.051381
vn 0.992816 0.0 0.119652
vn 0.996332 0.0 0.085566
vn 0.988133 0.0 0.153598
vn 0.992816 0.0 0.119652
vn 0.982291 0.0 0.187363
vn 0.988133 0.0 0.153598
vn 0.975295 0.0 0.220907
vn 0.982291 0.0 0.187363
vn 0.967153 0.0 0.254195
vn 0.975295 0.0 0.220907
vn 0.957877 0.0 0.287179
vn 0.967153 0.0 0.254195
vn 0.947474 0.0 0.319832
vn 0.957877 0.0 0.287179
vn 0.935961 0.0 0.352103
vn 0.947474 0.0 0.319832
vn 0.923347 0.0 0.383966
vn 0.935961 0.0 0.352103
vn 0.909649 0.0 0.415378
vn 0.923347 0.0 0.383966
vn 0.894885 0.0 0.446296
vn 0.909649 0.0 0.415378
vn 0.879068 0.0 0.476697
vn 0.894885 0.0 0.446296
vn 0.862219 0.0 0.506536
vn 0.879068 0.0 0.476697
vn 0.844358 0.0 0.535779
vn 0.862219 0.0 0.506536
vn 0.825505 0.0 0.564394
vn 0.844358 0.0 0.535779
vn 0.805685 0.0 0.592344
vn 0.825505 0.0 0.564394
vn 0.784916 0.0 0.619603
vn 0.805685 0.0 0.592344
vn 0.763226 0.0 0.646131
vn 0.784916 0.0 0.619603
vn 0.740641 0.0 0.671901
vn 0.763226 0.0 0.646131
vn 0.717184 0.0 0.696883
vn 0.740641 0.0 0.671901
vn 0.69289 0.0 0.721044
vn 0.717184 0.0 0.696883
vn 0.667777 0.0 0.744362
vn 0.69289 0.0 0.721044
vn 0.641881 0.0 0.766804
vn 0.667777 0.0 0.744362
vn 0.615232 0.0 0.788346
vn 0.641881 0.0 0.766804
vn 0.587863 0.0 0.80896
vn 0.615232 0.0 0.788346
vn 0.587863 0.0 0.80896
vn 0.5598 0.0 0.828628
vn 0.5598 0.0 0.828628
vn 0.53108 0.0 0.847322
vn 0.53108 0.0 0.847322
vn 0.501737 0.0 0.86502
vn 0.501737 0.0 0.86502
vn 0.466765 0.0 0.884382
vn 0.466765 0.0 0.884382
vn 0.423296 0.0 0.905991
vn 0.423296 0.0 0.905991
vn 0.376186 0.0 0.926544
vn 0.376186 0.0 0.926544
vn 0.328085 0.0 0.944648
vn 0.328085 0.0 0.944648
vn 0.279114 0.0 0.960258
vn 0.279114 0.0 0.960258
vn 0.229407 0.0 0.973331
vn 0.229407 0.0 0.973331
vn 0.179095 0.0 0.983832
vn 0.179095 0.0 0.983832
vn 0.128308 0.0 0.991734
vn 0.128308 0.0 0.991734
vn 0.077184 0.0 0.997017
vn 0.077184 0.0 0.997017
vn 0.038663 0.0 0.999252
vn 0.038663 0.0 0.999252
vn 0.012888 0.0 0.999917
vn 0.012888 0.0 0.999917
vn 0.0 -0.999853 0.017144
vn 0.0 -0.998682 0.05132
vn 0.0 -0.999853 0.017144
vn 0.0 -0.996329 0.085608
vn 0.0 -0.998682 0.05132
vn 0.0 -0.992813 0.119672
vn 0.0 -0.996329 0.085608
vn 0.0 -0.988146 0.153517
vn 0.0 -0.992813 0.119672
vn 0.0 -0.982292 0.187358
vn 0.0 -0.988146 0.153517
vn 0.0 -0.97528 0.220973
vn 0.0 -0.982292 0.187358
vn 0.0 -0.967164 0.254154
vn 0.0 -0.97528 0.220973
vn 0.0 -0.967164 0.254154
vn 0.0 -0.957867 0.287211
vn 0.0 -0.957867 0.287211
vn 0.0 -0.947474 0.319832
vn 0.0 -0.947474 0.319832
vn 0.0 -0.935957 0.352114
vn 0.0 -0.935957 0.352114
vn 0.0 -0.923351 0.383956
vn 0.0 -0.923351 0.383956
vn 0.0 -0.90966 0.415353
vn 0.0 -0.90966 0.415353
vn 0.0 -0.894886 0.446295
vn 0.0 -0.894886 0.446295
vn 0.0 -0.879072 0.476689
vn 0.0 -0.879072 0.476689
vn 0.0 -0.862225 0.506526
vn 0.0 -0.862225 0.506526
vn 0.0 -0.84435 0.535793
vn 0.0 -0.84435 0.535793
vn 0.0 -0.825498 0.564405
vn 0.0 -0.825498 0.564405
vn 0.0 -0.805682 0.592349
vn 0.0 -0.805682 0.592349
vn 0.0 -0.784905 0.619616
vn 0.0 -0.784905 0.619616
vn 0.0 -0.763231 0.646125
vn 0.0 -0.763231 0.646125
vn 0.0 -0.740618 0.671926
vn 0.0 -0.740618 0.671927
vn 0.0 -0.717184 0.696884
vn 0.0 -0.717183 0.696884
vn 0.0 -0.692891 0.721042
vn 0.0 -0.692891 0.721042
vn 0.0 -0.667803 0.744338
vn 0.0 -0.667803 0.744338
vn 0.0 -0.641885 0.766801
vn 0.0 -0.641885 0.766801
vn 0.0 -0.61521 0.788363
vn 0.0 -0.61521 0.788364
vn 0.0 -0.587904 0.808931
vn 0.0 -0.587904 0.808931
vn 0.0 -0.559771 0.828648
vn 0.0 -0.559771 0.828648
vn 0.0 -0.531097 0.847311
vn 0.0 -0.531097 0.847311
vn 0.0 -0.501706 0.865038
vn 0.0 -0.501706 0.865038
vn 0.0 -0.466762 0.884383
vn 0.0 -0.466763 0.884383
vn 0.0 -0.423319 0.905981
vn 0.0 -0.37618 0.926547
vn 0.0 -0.423319 0.905981
vn 0.0 -0.37618 0.926547
vn 0.0 -0.328077 0.944651
vn 0.0 -0.328077 0.944651
vn 0.0 -0.279114 0.960258
vn 0.0 -0.279114 0.960258
vn 0.0 -0.229409 0.97333
vn 0.0 -0.229409 0.97333
vn 0.0 -0.179103 0.98383
vn 0.0 -0.128309 0.991734
vn 0.0 -0.179103 0.98383
vn 0.0 -0.07718 0.997017
vn 0.0 -0.128309 0.991734
vn 0.0 -0.07718 0.997017
vn 0.0 -0.038662 0.999252
vn 0.0 -0.012888 0.999917
vn 0.0 -0.038662 0.999252
vn 0.0 -0.012888 0.999917
vn -0.999853 0.0 0.017144
vn -0.998682 0.0 0.05132
vn -0.999853 0.0 0.017144
vn -0.996329 0.0 0.085608
vn -0.998682 0.0 0.05132
vn -0.992813 0.0 0.119672
vn -0.996329 0.0 0.085608
vn -0.988129 0.0 0.153625
vn -0.992813 0.0 0.119672
vn -0.982292 0.0 0.187358
vn -0.988129 0.0 0.153625
vn -0.982292 0.0 0.187358
vn -0.975304 0.0 0.220867
vn -0.975304 0.0 0.220867
vn -0.967164 0.0 0.254154
vn -0.967164 0.0 0.254154
vn -0.957867 0.0 0.287211
vn -0.957867 0.0 0.287211
vn -0.947474 0.0 0.319832
vn -0.947474 0.0 0.319832
vn -0.935957 0.0 0.352114
vn -0.935957 0.0 0.352114
vn -0.923351 0.0 0.383956
vn -0.923351 0.0 0.383956
vn -0.90966 0.0 0.415353
vn -0.90966 0.0 0.415353
vn -0.894886 0.0 0.446295
vn -0.894886 0.0 0.446295
vn -0.879026 0.0 0.476775
vn -0.879026 0.0 0.476775
vn -0.862225 0.0 0.506526
vn -0.862225 0.0 0.506526
vn -0.8444 0.0 0.535713
vn -0.8444 0.0 0.535713
vn -0.825498 0.0 0.564405
vn -0.805682 0.0 0.592349
vn -0.825498 0.0 0.564405
vn -0.805682 0.0 0.592349
vn -0.784905 0.0 0.619616
vn -0.763231 0.0 0.646125
vn -0.784905 0.0 0.619616
vn -0.740618 0.0 0.671926
vn -0.763231 0.0 0.646125
vn -0.717184 0.0 0.696884
vn -0.740618 0.0 0.671926
vn -0.692891 0.0 0.721042
vn -0.717183 0.0 0.696884
vn -0.667803 0.0 0.744338
vn -0.692891 0.0 0.721042
vn -0.641885 0.0 0.766801
vn -0.667803 0.0 0.744338
vn -0.61521 0.0 0.788364
vn -0.641885 0.0 0.766801
vn -0.587851 0.0 0.808969
vn -0.61521 0.0 0.788364
vn -0.587851 0.0 0.808969
vn -0.559822 0.0 0.828613
vn -0.559822 0.0 0.828613
vn -0.531097 0.0 0.847311
vn -0.531097 0.0 0.847311
vn -0.501706 0.0 0.865038
vn -0.501706 0.0 0.865038
vn -0.466762 0.0 0.884383
vn -0.466763 0.0 0.884383
vn -0.423291 0.0 0.905994
vn -0.423291 0.0 0.905994
vn -0.376206 0.0 0.926536
vn -0.376206 0.0 0.926536
vn -0.328077 0.0 0.944651
vn -0.328077 0.0 0.944651
vn -0.279114 0.0 0.960258
vn -0.279114 0.0 0.960258
vn -0.229409 0.0 0.97333
vn -0.229409 0.0 0.97333
vn -0.17909 0.0 0.983833
vn -0.17909 0.0 0.983833
vn -0.128309 0.0 0.991734
vn -0.128309 0.0 0.991734
vn -0.077186 0.0 0.997017
vn -0.077186 0.0 0.997017
vn -0.038662 0.0 0.999252
vn -0.038662 0.0 0.999252
vn -0.012888 0.0 0.999917
vn -0.012888 0.0 0.999917
vn 0.0 0.0 1.0
vn 0.0 0.0 1.0
vn 0.0 0.0 1.0
vn 0.0 0.0 1.0
vn 0.0 0.0 1.0
vn 0.0 0.0 1.0
vn 0.0 0.0 1.0
vn 0.0 0.0 1.0
vn 0.0 0.0 1.0
vn 0.0 0.0 1.0
vn 0.0 0.0 1.0
vn 0.0 0.0 1.0
vn 0.0 0.0 1.0
vn 0.0 0.0 1.0
vn 0.0 0.0 1.0
vn 0.0 0.0 1.0
vn 0.0 0.0 1.0
vn 0.0 0.0 1.0
vn 0.0 0.0 1.0
vn 0.0 0.0 1.0
vn 0.0 0.0 1.0
vn 0.0 0.0 1.0
vn 0.0 0.0 1.0
vn 0.0 0.0 1.0
vn 0.0 0.0 1.0
vn 0.0 0.0 1.0
vn 0.0 0.0 1.0
vn 0.0 0.0 1.0
vn 0.0 0.0 1.0
vn 0.0 0.0 1.0
vn 0.0 0.0 1.0
vn 0.0 0.0 1.0
vn 0.0 0.0 1.0
vn 0.0 0.0 1.0
vn 0.0 0.0 1.0
vn 0.0 0.0 1.0
vn 0.0 0.0 1.0
vn 0.0 0.0 1.0
vn 0.0 0.0 1.0
vn 0.0 0.0 1.0
vn 0.0 0.0 1.0
vn 0.0 0.0 1.0
vn 0.0 0.0 1.0
vn 0.0 0.0 1.0
vn 0.0 0.0 1.0
vn 0.0 0.0 1.0
vn 0.0 0.0 1.0
vn 0.0 0.0 1.0
vn 0.0 0.0 1.0
vn 0.0 0.0 1.0
vn 0.0 0.0 1.0
vn 0.0 0.0 1.0
vn 0.0 0.0 1.0
vn 0.0 0.0 1.0
vn 0.0 0.0 1.0
vn 0.0 0.0 1.0
vn 0.0 0.0 1.0
vn 0.0 0.0 1.0
vn 0.0 0.0 1.0
vn 0.0 0.0 1.0
vn 0.0 0.0 1.0
vn 0.0 0.0 1.0
vn 0.0 0.0 1.0
vn 0.0 0.0 1.0
vn 0.0 0.0 1.0
vn 0.0 0.0 1.0
vn 0.0 0.0 1.0
vn 0.0 0.0 1.0
vn 0.0 0.0 1.0
vn 0.0 0.0 1.0
vn 0.0 0.0 1.0
vn 0.0 0.0 1.0
vn 0.0 0.0 1.0
vn 0.0 0.0 1.0
vn 0.0 0.0 1.0
vn 0.0 0.0 1.0
vn 0.0 0.0 1.0
vn 0.0 0.0 1.0
vn 0.0 0.0 1.0
vn 0.0 0.0 1.0
vn 0.0 0.0 1.0
vn 0.0 0.0 1.0
vn 0.0 0.0 1.0
vn 0.0 0.0 1.0
vn 0.0 0.0 1.0
vn 0.0 0.0 1.0
vn 0.0 0.0 1.0
vn 0.0 0.0 1.0
vn 0.0 0.0 1.0
vn 0.0 0.0 1.0
vn 0.0 0.0 1.0
vn 0.0 0.0 1.0
vn 0.0 0.0 1.0
vn 0.0 0.0 1.0
vn 0.0 0.0 1.0
vn 0.0 0.0 1.0
vn 0.0 0.0 1.0
vn 0.0 0.0 1.0
vn 0.0 0.0 1.0
vn 0.0 0.0 1.0
vn 0.0 0.0 1.0
vn 0.0 0.0 1.0
vn 0.0 0.0 1.0
vn 0.0 0.0 1.0
vn 0.0 0.0 1.0
vn 0.0 0.0 1.0
vn 0.0 0.0 1.0
vn 0.0 0.0 1.0
vn 0.0 0.0 1.0
vn 0.0 0.0 1.0
vn 0.0 0.0 1.0
vn 0.0 0.0 1.0
vn 0.0 0.0 1.0
vn 0.0 0.0 1.0
vn 0.0 0.0 1.0
vn 0.0 0.0 1.0
vn 0.0 0.0 1.0
vn 0.0 0.0 1.0
vn 0.0 0.0 1.0
vn 0.0 0.0 1.0
vn 0.0 0.0 1.0
vn 0.0 0.0 1.0
vn 0.0 0.0 1.0
vn 0.0 0.0 1.0
vn 0.0 0.0 1.0
vn 0.0 0.0 1.0
vn 0.0 0.0 1.0
vn 0.0 0.0 1.0
vn 0.0 0.0 1.0
vn 0.0 0.0 1.0
vn 0.0 0.0 1.0
vn 0.0 0.0 1.0
vn 0.0 0.0 1.0
vn 0.0 0.0 1.0
vn 0.0 0.0 1.0
vn 0.0 0.0 1.0
vn 0.0 0.0 1.0
vn 0.0 0.0 1.0
vn 0.0 0.0 1.0
vn 0.0 0.0 1.0
vn 0.0 0.0 1.0
vn 0.0 0.0 1.0
vn 0.0 0.0 1.0
vn 0.0 0.0 1.0
vn 0.0 0.0 1.0
vn 0.0 0.0 1.0
vn 0.0 0.0 1.0
vn 0.0 0.0 1.0
vn 0.0 0.0 1.0
vn 0.0 0.0 1.0
vn 0.0 0.0 1.0
vn 0.0 0.0 1.0
vn 0.0 0.0 1.0
vn 0.0 0.0 1.0
vn 0.0 0.0 1.0
vn 0.0 0.0 1.0
vn 0.0 0.0 1.0
vn 0.0 0.0 1.0
vn 0.0 0.0 1.0
vn 0.0 0.0 1.0
vn 0.0 0.0 1.0
vn 0.0 0.0 1.0
vn 0.0 0.0 1.0
vn 0.0 0.0 1.0
vn 0.0 0.0 1.0
vn 0.0 0.0 1.0
vn 0.0 0.0 1.0
vn 0.0 0.0 1.0
vn 0.0 0.0 1.0
vn 0.0 0.0 1.0
vn 0.0 0.0 1.0
vn 0.0 0.0 1.0
vn 0.0 0.0 1.0
vn 0.0 0.0 1.0
vn 0.0 0.0 1.0
vn 0.0 0.0 1.0
vn 0.0 0.0 1.0
vn 0.0 0.0 1.0
vn 0.0 0.0 1.0
vn 0.0 0.0 1.0
vn 0.0 0.0 1.0
vn 0.0 0.0 1.0
vn 0.0 0.0 1.0
vn 0.0 0.0 1.0
vn 0.0 0.0 1.0
vn 0.0 0.0 1.0
vn 0.0 0.0 1.0
vn 0.0 0.0 1.0
vn 0.0 0.0 1.0
vn 0.0 0.0 1.0
vn 0.0 0.0 1.0
vn 0.0 0.0 1.0
vn 0.0 0.0 1.0
vn 0.0 0.0 1.0
vn 0.0 0.0 1.0
vn 0.0 0.0 1.0
vn 0.0 0.0 1.0
vn 0.0 0.0 1.0
vn 0.0 0.0 1.0
vn 0.0 0.0 1.0
vn 0.0 0.0 1.0
vn 0.0 0.0 1.0
vn 0.0 0.0 1.0
vn 0.0 0.0 1.0
vn 0.0 0.0 1.0
vn 0.0 0.0 1.0
vn 0.0 0.0 1.0
vn 0.0 0.0 1.0
vn 0.0 0.0 1.0
vn 0.0 0.0 1.0
vn 0.0 0.0 1.0
vn 0.0 0.0 1.0
vn 0.0 0.0 1.0
vn 0.0 0.0 1.0
vn 0.0 0.0 1.0
vn 0.0 0.0 1.0
vn 0.0 0.0 1.0
vn 0.0 0.0 1.0
vn 0.0 0.0 1.0
vn 0.0 0.0 1.0
vn 0.0 0.0 1.0
vn 0.0 0.0 1.0
vn 0.0 0.0 1.0
vn 0.0 0.0 1.0
vn 0.0 0.0 1.0
vn 0.0 0.0 1.0
vn 0.0 0.0 1.0
vn 0.0 0.0 1.0
vn 0.0 0.0 1.0
vn 0.0 0.0 1.0
vn 0.0 0.0 1.0
vn 0.0 0.0 1.0
vn 0.0 0.0 1.0
vn 0.0 0.0 1.0
vn 0.0 0.0 1.0
vn 0.0 0.0 1.0
vn 0.0 0.0 1.0
vn 0.0 0.0 1.0
vn 0.0 0.0 1.0
vn 0.0 0.0 1.0
vn 0.0 0.0 1.0
vn 0.0 0.0 1.0
vn 0.0 0.0 1.0
vn 0.0 0.0 1.0
vn 0.0 0.0 1.0
vn 0.0 0.0 1.0
vn 0.0 0.0 1.0
vn 0.0 0.0 1.0
vn 0.0 0.0 1.0
vn 0.0 0.0 1.0
vn 0.0 0.0 1.0
vn 0.0 0.0 1.0
vn 0.0 0.0 1.0
vn 0.0 0.0 1.0
vn 0.0 0.0 1.0
vn 0.0 0.0 1.0
vn 0.0 0.0 1.0
vn 0.0 0.0 1.0
vn 0.0 0.0 1.0
vn 0.0 0.0 1.0
vn 0.0 0.0 1.0
vn 0.0 0.0 1.0
vn 0.0 0.0 1.0
vn 0.0 0.0 1.0
vn 0.0 0.0 1.0
vn 0.0 0.0 1.0
vn 0.0 0.0 1.0
vn 0.0 0.0 1.0
vn 0.0 0.0 1.0
vn 0.0 0.0 1.0
vn 0.0 0.0 1.0
vn 0.0 0.0 1.0
vn 0.0 0.0 1.0
vn 0.0 0.0 1.0
vn 0.0 0.0 1.0
vn 0.0 0.0 1.0
vn 0.0 0.0 1.0
vn 0.0 0.0 1.0
vn 0.0 0.0 1.0
vn 0.0 0.0 1.0
vn 0.0 0.0 1.0
vn 0.0 0.0 1.0
vn 0.0 0.0 1.0
vn 0.0 0.0 1.0
vn 0.0 0.0 1.0
vn 0.0 0.0 1.0
vn 0.0 0.0 1.0
vn 0.0 0.0 1.0
vn 0.0 0.0 1.0
vn 0.0 0.0 1.0
vn 0.0 0.0 1.0
vn 0.0 0.0 1.0
vn 0.0 0.0 1.0
vn 0.0 0.0 1.0
vn 0.0 0.0 1.0
vn 0.0 0.0 1.0
vn 0.0 0.0 1.0
vn 0.0 0.0 1.0
vn 0.0 0.0 1.0
vn 0.0 0.0 1.0
vn 0.0 0.0 1.0
vn 0.0 0.0 1.0
vn 0.0 0.0 1.0
vn 0.0 0.0 1.0
vn 0.0 0.0 1.0
vn 0.0 0.0 1.0
vn 0.0 0.0 1.0
vn 0.0 0.0 1.0
vn 0.0 0.0 1.0
vn 0.0 0.0 1.0
vn 0.0 0.0 1.0
vn 0.0 0.0 1.0
vn 0.0 0.0 1.0
vn 0.0 0.0 1.0
vn 0.0 0.0 1.0
vn 0.0 0.0 1.0
vn 0.0 0.0 1.0
vn 0.0 0.0 1.0
vn 0.0 0.0 1.0
vn 0.0 0.0 1.0
vn 0.0 0.0 1.0
vn 0.0 0.0 1.0
vn 0.0 0.0 1.0
vn 0.0 0.0 1.0
vn 0.0 0.0 1.0
vn 0.0 0.0 1.0
vn 0.0 0.0 1.0
vn 0.0 0.0 1.0
vn 0.0 0.0 1.0
vn 0.0 0.0 1.0
vn 0.0 0.0 1.0
vn 0.0 0.0 1.0
vn 0.0 0.0 1.0
vn 0.0 0.0 1.0
vn 0.0 0.0 1.0
vn 0.0 0.0 1.0
vn 0.0 0.0 1.0
vn 0.0 0.0 1.0
vn 0.0 0.0 1.0
vn 0.0 0.0 1.0
vn 0.0 0.0 1.0
vn 0.0 0.0 1.0
vn 0.0 0.0 1.0
vn 0.0 0.0 1.0
vn 0.0 0.0 1.0
vn 0.0 0.0 1.0
vn 0.0 0.0 1.0
vn 0.0 0.0 1.0
vn 0.0 0.0 1.0
vn 0.0 0.0 1.0
vn 0.0 0.0 1.0
vn 0.0 0.0 1.0
vn 0.0 0.0 1.0
vn 0.0 0.0 1.0
vn 0.0 0.0 1.0
vn 0.0 0.0 1.0
vn 0.0 0.0 1.0
vn 0.0 0.0 1.0
vn 0.0 0.0 1.0
vn 0.0 0.0 1.0
vn 0.0 0.0 1.0
vn 0.0 0.0 1.0
vn 0.0 0.0 1.0
vn 0.0 0.0 1.0
vn 0.0 0.0 1.0
vn 0.0 0.0 1.0
vn 0.0 0.0 1.0
vn 0.0 0.0 1.0
vn 0.0 0.0 1.0
vn 0.0 0.0 1.0
vn 0.0 0.0 1.0
vn 0.0 0.0 1.0
vn 0.0 0.0 1.0
vn 0.0 0.0 1.0
vn 0.0 0.0 1.0
vn 0.0 0.0 1.0
vn 0.0 0.0 1.0
vn 0.0 0.0 1.0
vn 0.0 0.0 1.0
vn 0.0 0.0 1.0
vn 0.0 0.0 1.0
vn 0.0 0.0 1.0
vn 0.0 0.0 1.0
vn 0.0 0.0 1.0
vn 0.0 0.0 1.0
vn 0.0 0.0 1.0
vn 0.0 0.0 1.0
vn 0.0 0.0 1.0
vn 0.0 0.0 1.0
vn 0.0 0.0 1.0
vn 0.0 0.0 1.0
vn 0.0 0.0 1.0
vn 0.0 0.0 1.0
vn 0.0 0.0 1.0
vn 0.0 0.0 1.0
vn 0.0 0.0 1.0
vn 0.0 0.0 1.0
vn 0.0 0.0 1.0
vn 0.0 0.0 1.0
vn 0.0 0.0 1.0
vn 0.0 0.0 1.0
vn 0.0 0.0 1.0
vn 0.0 0.0 1.0
vn 0.0 0.0 1.0
vn 0.0 0.0 1.0
vn 0.0 0.0 1.0
vn 0.0 0.0 1.0
vn 0.0 0.0 1.0
vn 0.0 0.0 1.0
vn 0.0 0.0 1.0
vn 0.0 0.0 1.0
vn 0.0 0.0 1.0
vn 0.0 0.0 1.0
vn 0.0 0.0 1.0
vn 0.0 0.0 1.0
vn 0.0 0.0 1.0
vn 0.0 0.0 1.0
vn 0.0 0.0 1.0
vn 0.0 0.0 1.0
vn 0.0 0.0 1.0
vn 0.0 0.0 1.0
vn 0.0 0.0 1.0
vn 0.0 0.0 1.0
vn 0.0 0.0 1.0
vn 0.0 0.0 1.0
vn 0.0 0.0 1.0
vn 0.0 0.0 1.0
vn 0.0 0.0 1.0
vn 0.0 0.0 1.0
vn 0.0 0.0 1.0
vn 0.0 0.0 1.0
vn 0.0 0.0 1.0
vn 0.0 0.0 1.0
vn 0.0 0.0 1.0
vn 0.0 0.0 1.0
vn 0.0 0.0 1.0
vn 0.0 0.0 1.0
vn 0.0 0.0 1.0
vn 0.0 0.0 1.0
vn 0.0 0.0 1.0
vn 0.0 0.0 1.0
vn 0.0 0.0 1.0
vn 0.0 0.0 1.0
vn 0.0 0.0 1.0
vn 0.0 0.0 1.0
vn 0.0 0.0 1.0
vn 0.0 0.0 1.0
vn 0.0 0.0 1.0
vn 0.0 0.0 1.0
vn 0.0 0.0 1.0
vn 0.0 0.0 1.0
vn 0.0 0.0 1.0
vn 0.0 0.0 1.0
vn 0.0 0.0 1.0
vn 0.0 0.0 1.0
vn 0.0 0.0 1.0
vn 0.0 0.0 1.0
vn 0.0 0.0 1.0
vn 0.0 0.0 1.0
vn 0.0 0.0 1.0
vn 0.0 0.0 1.0
vn 0.0 0.0 1.0
vn 0.0 0.0 1.0
vn 0.0 0.0 1.0
vn 0.0 0.0 1.0
vn 0.0 0.0 1.0
vn 0.0 0.0 1.0
vn 0.0 0.0 1.0
vn 0.0 0.0 1.0
vn 0.0 0.0 1.0
vn 0.0 0.0 1.0
vn 0.0 0.0 1.0
vn 0.0 0.0 1.0
vn 0.0 0.0 1.0
vn 0.0 0.0 1.0
vn 0.0 0.0 1.0
vn 0.0 0.0 1.0
vn 0.0 0.0 1.0
vn 0.0 0.0 1.0
vn 0.0 0.0 1.0
vn 0.0 0.0 1.0
vn 0.0 0.0 1.0
vn 0.0 0.0 1.0
vn 0.0 0.0 1.0
vn 0.0 0.0 1.0
vn 0.0 0.0 1.0
vn 0.0 0.0 1.0
vn 0.0 0.0 1.0
vn 0.0 0.0 1.0
vn 0.0 0.0 1.0
vn 0.0 0.0 1.0
vn 0.0 0.0 1.0
vn 0.0 0.0 1.0
vn 0.0 0.0 1.0
vn 0.0 0.0 1.0
vn 0.0 0.0 1.0
vn 0.0 0.0 1.0
vn 0.0 0.0 1.0
vn 0.0 0.0 1.0
vn 0.0 0.0 1.0
vn 0.0 0.0 1.0
vn 0.0 0.0 1.0
vn 0.0 0.0 1.0
vn 0.0 0.0 1.0
vn 0.0 0.0 1.0
vn 0.0 0.0 1.0
vn 0.0 0.0 1.0
vn 0.0 0.0 1.0
vn 0.0 0.0 1.0
vn 0.0 0.0 1.0
vn 0.0 -1.0 0.0
vn 0.0 -1.0 0.0
vn -1.0 0.0 0.0
vn -1.0 0.0 0.0
vn 1.0 0.0 0.0
vn 1.0 -0.0 0.0
vn 0.0 1.0 0.0
vn 0.0 1.0 0.0
vn 0.0 -1.0 0.0
vn 0.0 -1.0 0.0
vn 1.0 0.0 0.0
vn 1.0 -0.0 0.0
vn 0.0 1.0 0.0
vn 0.0 1.0 0.0
vn -1.0 0.0 0.0
vn -1.0 0.0 0.0
vn 0.0 0.0 1.0
vn 0.0 0.0 1.0
vn 0.0 0.0 1.0
vn 0.0 0.0 1.0
f 1//1 2//1 3//1 
f 3//2 4//2 1//2 
f 1//3 5//3 2//3 
f 4//4 6//4 1//4 
f 1//5 7//5 5//5 
f 6//6 8//6 1//6 
f 1//7 9//7 7//7 
f 8//8 10//8 1//8 
f 1//9 11//9 9//9 
f 10//10 12//10 1//10 
f 1//11 13//11 11//11 
f 12//12 14//12 1//12 
f 1//13 15//13 13//13 
f 14//14 16//14 1//14 
f 1//15 17//15 15//15 
f 16//16 18//16 1//16 
f 1//17 19//17 17//17 
f 18//18 20//18 1//18 
f 1//19 21//19 19//19 
f 20//20 22//20 1//20 
f 1//21 23//21 21//21 
f 22//22 24//22 1//22 
f 1//23 25//23 23//23 
f 24//24 26//24 1//24 
f 1//25 27//25 25//25 
f 26//26 28//26 1//26 
f 1//27 29//27 27//27 
f 28//28 30//28 1//28 
f 1//29 31//29 29//29 
f 30//30 32//30 1//30 
f 1//31 33//31 31//31 
f 1//32 34//32 33//32 
f 1//33 35//33 34//33 
f 1//34 36//34 35//34 
f 1//35 37//35 36//35 
f 1//36 38//36 37//36 
f 1//37 39//37 38//37 
f 1//38 40//38 39//38 
f 1//39 41//39 40//39 
f 1//40 42//40 41//40 
f 1//41 43//41 42//41 
f 1//42 44//42 43//42 
f 1//43 45//43 44//43 
f 1//44 46//44 45//44 
f 1//45 47//45 46//45 
f 1//46 48//46 47//46 
f 1//47 49//47 48//47 
f 1//48 50//48 49//48 
f 1//49 51//49 50//49 
f 1//50 52//50 51//50 
f 1//51 53//51 52//51 
f 32//52 54//52 1//52 
f 55//53 54//53 32//53 
f 56//54 54//54 55//54 
f 57//55 54//55 56//55 
f 58//56 54//56 57//56 
f 59//57 54//57 58//57 
f 60//58 54//58 59//58 
f 61//59 54//59 60//59 
f 62//60 54//60 61//60 
f 63//61 54//61 62//61 
f 64//62 54//62 63//62 
f 65//63 54//63 64//63 
f 66//64 54//64 65//64 
f 67//65 54//65 66//65 
f 68//66 54//66 67//66 
f 69//67 54//67 68//67 
f 70//68 54//68 69//68 
f 71//69 54//69 70//69 
f 72//70 54//70 71//70 
f 73//71 54//71 72//71 
f 74//72 54//72 73//72 
f 75//73 54//73 74//73 
f 76//74 54//74 75//74 
f 77//75 54//75 76//75 
f 78//76 54//76 77//76 
f 79//77 54//77 78//77 
f 80//78 54//78 79//78 
f 81//79 54//79 80//79 
f 82//80 54//80 81//80 
f 83//81 54//81 82//81 
f 84//82 54//82 83//82 
f 85//83 54//83 84//83 
f 86//84 54//84 85//84 
f 87//85 54//85 86//85 
f 88//86 54//86 87//86 
f 89//87 54//87 88//87 
f 90//88 54//88 89//88 
f 91//89 54//89 90//89 
f 92//90 54//90 91//90 
f 93//91 54//91 92//91 
f 94//92 54//92 93//92 
f 95//93 54//93 94//93 
f 96//94 54//94 95//94 
f 97//95 54//95 96//95 
f 98//96 54//96 97//96 
f 99//97 54//97 98//97 
f 100//98 54//98 99//98 
f 101//99 54//99 100//99 
f 102//100 54//100 101//100 
f 103//101 54//101 102//101 
f 104//102 54//102 103//102 
f 105//103 54//103 104//103 
f 106//104 107//104 108//104 
f 108//105 109//105 106//105 
f 106//106 110//106 107//106 
f 109//107 111//107 106//107 
f 106//108 112//108 110//108 
f 111//109 113//109 106//109 
f 106//110 114//110 112//110 
f 113//111 115//111 106//111 
f 1//112 115//112 53//112 
f 106//113 115//113 1//113 
f 106//114 116//114 114//114 
f 117//115 118//115 119//115 
f 53//116 118//116 117//116 
f 115//117 118//117 53//117 
f 106//118 120//118 116//118 
f 118//119 121//119 119//119 
f 106//120 122//120 120//120 
f 119//121 123//121 124//121 
f 121//122 123//122 119//122 
f 106//123 125//123 122//123 
f 124//124 126//124 127//124 
f 123//125 126//125 124//125 
f 106//126 128//126 125//126 
f 129//127 130//127 131//127 
f 127//128 130//128 129//128 
f 126//129 130//129 127//129 
f 106//130 132//130 128//130 
f 130//131 133//131 131//131 
f 106//132 134//132 132//132 
f 131//133 135//133 136//133 
f 133//134 135//134 131//134 
f 106//135 137//135 134//135 
f 136//136 138//136 139//136 
f 135//137 138//137 136//137 
f 106//138 140//138 137//138 
f 139//139 141//139 142//139 
f 138//140 141//140 139//140 
f 106//141 143//141 140//141 
f 142//142 144//142 145//142 
f 141//143 144//143 142//143 
f 106//144 146//144 143//144 
f 144//145 147//145 145//145 
f 145//146 147//146 148//146 
f 106//147 149//147 146//147 
f 147//148 150//148 148//148 
f 148//149 150//149 151//149 
f 106//150 152//150 149//150 
f 150//151 153//151 151//151 
f 151//152 153//152 154//152 
f 106//153 155//153 152//153 
f 153//154 156//154 154//154 
f 154//155 156//155 157//155 
f 106//156 158//156 155//156 
f 156//157 159//157 157//157 
f 157//158 159//158 160//158 
f 106//159 161//159 158//159 
f 159//160 162//160 160//160 
f 163//161 162//161 164//161 
f 160//162 162//162 163//162 
f 106//163 165//163 161//163 
f 162//164 166//164 164//164 
f 106//165 167//165 165//165 
f 164//166 168//166 169//166 
f 166//167 168//167 164//167 
f 106//168 170//168 167//168 
f 169//169 171//169 172//169 
f 168//170 171//170 169//170 
f 106//171 173//171 170//171 
f 171//172 174//172 172//172 
f 172//173 174//173 175//173 
f 106//174 176//174 173//174 
f 174//175 177//175 175//175 
f 175//176 177//176 178//176 
f 106//177 179//177 176//177 
f 177//178 180//178 178//178 
f 178//179 180//179 181//179 
f 106//180 182//180 179//180 
f 180//181 183//181 181//181 
f 181//182 183//182 184//182 
f 106//183 185//183 182//183 
f 105//184 186//184 54//184 
f 183//185 186//185 184//185 
f 184//186 186//186 105//186 
f 106//187 187//187 185//187 
f 106//188 188//188 187//188 
f 106//189 189//189 188//189 
f 106//190 190//190 189//190 
f 106//191 191//191 190//191 
f 106//192 192//192 191//192 
f 106//193 193//193 192//193 
f 106//194 194//194 193//194 
f 106//195 195//195 194//195 
f 106//196 196//196 195//196 
f 106//197 197//197 196//197 
f 106//198 198//198 197//198 
f 106//199 199//199 198//199 
f 106//200 200//200 199//200 
f 106//201 201//201 200//201 
f 106//202 202//202 201//202 
f 106//203 203//203 202//203 
f 106//204 204//204 203//204 
f 205//205 206//205 207//205 
f 208//206 206//206 205//206 
f 209//207 206//207 208//207 
f 210//208 206//208 209//208 
f 211//209 206//209 210//209 
f 212//210 206//210 211//210 
f 213//211 206//211 212//211 
f 214//212 206//212 213//212 
f 215//213 206//213 214//213 
f 216//214 206//214 215//214 
f 217//215 206//215 216//215 
f 218//216 206//216 217//216 
f 219//217 206//217 218//217 
f 186//218 206//218 54//218 
f 220//219 206//219 219//219 
f 221//220 206//220 220//220 
f 222//221 206//221 221//221 
f 223//222 206//222 222//222 
f 224//223 206//223 223//223 
f 225//224 206//224 224//224 
f 226//225 206//225 225//225 
f 227//226 206//226 226//226 
f 228//227 206//227 227//227 
f 229//228 206//228 186//228 
f 230//229 206//229 229//229 
f 231//230 206//230 230//230 
f 232//231 206//231 231//231 
f 233//232 206//232 232//232 
f 234//233 206//233 233//233 
f 235//234 206//234 234//234 
f 236//235 206//235 235//235 
f 237//236 206//236 236//236 
f 238//237 206//237 237//237 
f 239//238 206//238 238//238 
f 240//239 206//239 239//239 
f 241//240 206//240 240//240 
f 242//241 206//241 241//241 
f 243//242 206//242 242//242 
f 244//243 206//243 243//243 
f 245//244 206//244 244//244 
f 246//245 206//245 245//245 
f 247//246 206//246 246//246 
f 248//247 206//247 247//247 
f 249//248 206//248 248//248 
f 250//249 206//249 249//249 
f 251//250 206//250 250//250 
f 252//251 206//251 251//251 
f 253//252 206//252 252//252 
f 254//253 206//253 253//253 
f 207//254 206//254 254//254 
f 106//255 206//255 255//255 
f 106//256 255//256 204//256 
f 255//257 206//257 256//257 
f 256//258 206//258 228//258 
f 106//259 257//259 206//259 
f 258//260 257//260 106//260 
f 259//261 260//261 261//261 
f 261//262 262//262 263//262 
f 263//263 262//263 257//263 
f 260//264 262//264 261//264 
f 262//265 264//265 257//265 
f 257//266 265//266 206//266 
f 265//267 266//267 267//267 
f 265//268 268//268 266//268 
f 269//269 270//269 271//269 
f 271//270 270//270 272//270 
f 272//271 273//271 264//271 
f 264//272 273//272 257//272 
f 257//273 273//273 265//273 
f 265//274 273//274 268//274 
f 270//275 274//275 272//275 
f 273//276 275//276 276//276 
f 272//277 275//277 273//277 
f 274//278 277//278 272//278 
f 278//279 277//279 279//279 
f 279//280 277//280 274//280 
f 275//281 280//281 281//281 
f 272//282 282//282 275//282 
f 280//283 282//283 283//283 
f 277//284 282//284 272//284 
f 275//285 282//285 280//285 
f 284//286 282//286 277//286 
f 285//287 286//287 287//287 
f 286//288 288//288 289//288 
f 286//289 290//289 288//289 
f 286//290 291//290 290//290 
f 290//291 291//291 292//291 
f 291//292 293//292 294//292 
f 286//293 295//293 291//293 
f 291//294 295//294 293//294 
f 286//295 296//295 295//295 
f 286//296 297//296 296//296 
f 296//297 297//297 298//297 
f 297//298 299//298 300//298 
f 286//299 299//299 297//299 
f 300//300 299//300 301//300 
f 286//301 302//301 299//301 
f 299//302 302//302 303//302 
f 303//303 302//303 304//303 
f 302//304 305//304 306//304 
f 286//305 307//305 302//305 
f 302//306 307//306 305//306 
f 286//307 308//307 307//307 
f 308//308 309//308 310//308 
f 309//309 311//309 312//309 
f 312//310 311//310 313//310 
f 286//311 311//311 308//311 
f 308//312 311//312 309//312 
f 285//313 314//313 286//313 
f 286//314 314//314 311//314 
f 106//315 285//315 258//315 
f 258//316 285//316 287//316 
f 315//317 206//317 316//317 
f 315//318 54//318 206//318 
f 317//319 316//319 318//319 
f 317//320 318//320 319//320 
f 317//321 315//321 316//321 
f 320//322 319//322 321//322 
f 320//323 317//323 319//323 
f 322//324 320//324 321//324 
f 323//325 322//325 321//325 
f 323//326 321//326 324//326 
f 325//327 323//327 324//327 
f 325//328 324//328 326//328 
f 327//329 326//329 328//329 
f 327//330 325//330 326//330 
f 329//331 327//331 328//331 
f 329//332 328//332 330//332 
f 329//333 330//333 331//333 
f 332//334 331//334 333//334 
f 332//335 329//335 331//335 
f 334//336 333//336 335//336 
f 334//337 332//337 333//337 
f 336//338 335//338 337//338 
f 336//339 334//339 335//339 
f 338//340 337//340 339//340 
f 338//341 336//341 337//341 
f 340//342 339//342 341//342 
f 340//343 338//343 339//343 
f 342//344 341//344 343//344 
f 342//345 340//345 341//345 
f 344//346 343//346 345//346 
f 344//347 342//347 343//347 
f 346//348 345//348 347//348 
f 346//349 344//349 345//349 
f 348//350 347//350 349//350 
f 348//351 346//351 347//351 
f 350//352 349//352 351//352 
f 350//353 348//353 349//353 
f 352//354 351//354 353//354 
f 352//355 350//355 351//355 
f 354//356 353//356 355//356 
f 354//357 352//357 353//357 
f 356//358 355//358 357//358 
f 356//359 354//359 355//359 
f 358//360 357//360 359//360 
f 358//361 356//361 357//361 
f 360//362 359//362 361//362 
f 360//363 358//363 359//363 
f 362//364 361//364 363//364 
f 362//365 360//365 361//365 
f 364//366 363//366 365//366 
f 364//367 362//367 363//367 
f 366//368 365//368 367//368 
f 366//369 364//369 365//369 
f 368//370 367//370 369//370 
f 368//371 366//371 367//371 
f 370//372 369//372 371//372 
f 370//373 368//373 369//373 
f 372//374 371//374 373//374 
f 372//375 370//375 371//375 
f 374//376 372//376 373//376 
f 374//377 373//377 375//377 
f 376//378 374//378 375//378 
f 376//379 375//379 377//379 
f 378//380 376//380 377//380 
f 378//381 377//381 379//381 
f 380//382 378//382 379//382 
f 381//383 380//383 379//383 
f 381//384 379//384 382//384 
f 383//385 381//385 382//385 
f 383//386 382//386 384//386 
f 385//387 383//387 384//387 
f 385//388 384//388 386//388 
f 387//389 385//389 386//389 
f 387//390 386//390 388//390 
f 389//391 387//391 388//391 
f 389//392 388//392 390//392 
f 106//393 391//393 392//393 
f 392//394 393//394 106//394 
f 106//395 394//395 391//395 
f 393//396 395//396 106//396 
f 106//397 396//397 394//397 
f 395//398 397//398 106//398 
f 106//399 398//399 396//399 
f 397//400 399//400 106//400 
f 106//401 400//401 398//401 
f 399//402 401//402 106//402 
f 106//403 402//403 400//403 
f 401//404 403//404 106//404 
f 106//405 404//405 402//405 
f 403//406 405//406 106//406 
f 106//407 406//407 404//407 
f 405//408 407//408 106//408 
f 106//409 408//409 406//409 
f 407//410 409//410 106//410 
f 106//411 410//411 408//411 
f 409//412 411//412 106//412 
f 106//413 412//413 410//413 
f 411//414 413//414 106//414 
f 106//415 414//415 412//415 
f 413//416 415//416 106//416 
f 106//417 416//417 414//417 
f 415//418 417//418 106//418 
f 106//419 418//419 416//419 
f 417//420 419//420 106//420 
f 106//421 420//421 418//421 
f 419//422 421//422 106//422 
f 106//423 422//423 420//423 
f 421//424 423//424 106//424 
f 106//425 424//425 422//425 
f 423//426 425//426 106//426 
f 106//427 426//427 424//427 
f 425//428 427//428 106//428 
f 106//429 428//429 426//429 
f 427//430 429//430 106//430 
f 106//431 430//431 428//431 
f 106//432 431//432 430//432 
f 106//433 432//433 431//433 
f 433//434 434//434 435//434 
f 435//435 434//435 436//435 
f 435//436 437//436 438//436 
f 436//437 437//437 435//437 
f 439//438 440//438 433//438 
f 433//439 440//439 434//439 
f 438//440 441//440 442//440 
f 437//441 441//441 438//441 
f 439//442 443//442 440//442 
f 444//443 443//443 439//443 
f 441//444 445//444 442//444 
f 442//445 445//445 446//445 
f 447//446 448//446 444//446 
f 444//447 448//447 443//447 
f 446//448 449//448 450//448 
f 445//449 449//449 446//449 
f 451//450 452//450 447//450 
f 447//451 452//451 448//451 
f 449//452 453//452 450//452 
f 450//453 453//453 454//453 
f 455//454 456//454 451//454 
f 451//455 456//455 452//455 
f 457//456 458//456 459//456 
f 454//457 458//457 457//457 
f 453//458 458//458 454//458 
f 460//459 461//459 455//459 
f 455//460 461//460 456//460 
f 459//461 462//461 463//461 
f 458//462 462//462 459//462 
f 464//463 465//463 460//463 
f 460//464 465//464 461//464 
f 462//465 466//465 463//465 
f 464//466 467//466 465//466 
f 468//467 467//467 464//467 
f 469//468 470//468 471//468 
f 463//469 470//469 469//469 
f 466//470 470//470 463//470 
f 472//471 473//471 468//471 
f 468//472 473//472 467//472 
f 470//473 474//473 471//473 
f 475//474 476//474 472//474 
f 477//475 476//475 475//475 
f 472//476 476//476 473//476 
f 471//477 478//477 479//477 
f 474//478 478//478 471//478 
f 477//479 480//479 476//479 
f 479//480 481//480 429//480 
f 478//481 481//481 479//481 
f 482//482 483//482 477//482 
f 477//483 483//483 480//483 
f 482//484 484//484 483//484 
f 485//485 484//485 482//485 
f 485//486 486//486 484//486 
f 487//487 486//487 485//487 
f 487//488 488//488 486//488 
f 489//489 488//489 487//489 
f 490//490 491//490 489//490 
f 489//491 491//491 488//491 
f 492//492 493//492 490//492 
f 490//493 493//493 491//493 
f 492//494 494//494 493//494 
f 495//495 494//495 492//495 
f 496//496 494//496 495//496 
f 496//497 497//497 494//497 
f 498//498 499//498 496//498 
f 496//499 499//499 497//499 
f 500//500 501//500 498//500 
f 498//501 501//501 499//501 
f 502//502 503//502 500//502 
f 500//503 503//503 501//503 
f 504//504 505//504 502//504 
f 506//505 505//505 504//505 
f 502//506 505//506 503//506 
f 506//507 507//507 505//507 
f 508//508 509//508 506//508 
f 506//509 509//509 507//509 
f 510//510 511//510 508//510 
f 508//511 511//511 509//511 
f 512//512 513//512 510//512 
f 510//513 513//513 511//513 
f 514//514 515//514 512//514 
f 512//515 515//515 513//515 
f 516//516 517//516 514//516 
f 514//517 517//517 515//517 
f 518//518 519//518 516//518 
f 516//519 519//519 517//519 
f 520//520 521//520 518//520 
f 518//521 521//521 519//521 
f 522//522 523//522 520//522 
f 520//523 523//523 521//523 
f 524//524 525//524 522//524 
f 522//525 525//525 523//525 
f 526//526 285//526 481//526 
f 527//527 285//527 526//527 
f 528//528 285//528 527//528 
f 529//529 285//529 528//529 
f 530//530 285//530 529//530 
f 531//531 285//531 530//531 
f 532//532 285//532 531//532 
f 533//533 285//533 532//533 
f 534//534 285//534 533//534 
f 535//535 285//535 534//535 
f 536//536 285//536 535//536 
f 537//537 285//537 536//537 
f 538//538 285//538 537//538 
f 539//539 285//539 538//539 
f 540//540 285//540 539//540 
f 541//541 285//541 540//541 
f 542//542 285//542 541//542 
f 543//543 285//543 542//543 
f 544//544 285//544 543//544 
f 545//545 285//545 544//545 
f 546//546 285//546 545//546 
f 547//547 285//547 546//547 
f 429//548 285//548 106//548 
f 481//549 285//549 429//549 
f 548//550 549//550 524//550 
f 524//551 549//551 525//551 
f 547//552 550//552 285//552 
f 551//553 552//553 548//553 
f 548//554 552//554 549//554 
f 550//555 553//555 285//555 
f 554//556 555//556 551//556 
f 551//557 555//557 552//557 
f 553//558 556//558 285//558 
f 556//559 557//559 285//559 
f 557//560 558//560 285//560 
f 558//561 559//561 285//561 
f 559//562 560//562 285//562 
f 560//563 561//563 285//563 
f 561//564 562//564 285//564 
f 562//565 563//565 285//565 
f 563//566 564//566 285//566 
f 564//567 565//567 285//567 
f 565//568 566//568 285//568 
f 566//569 567//569 285//569 
f 567//570 568//570 285//570 
f 568//571 569//571 285//571 
f 569//572 570//572 285//572 
f 570//573 571//573 285//573 
f 571//574 572//574 285//574 
f 573//575 574//575 575//575 
f 576//576 574//576 573//576 
f 575//577 577//577 573//577 
f 573//578 577//578 578//578 
f 576//579 579//579 574//579 
f 580//580 579//580 576//580 
f 578//581 581//581 582//581 
f 577//582 581//582 578//582 
f 583//583 584//583 580//583 
f 580//584 584//584 579//584 
f 582//585 585//585 586//585 
f 581//586 585//586 582//586 
f 583//587 587//587 584//587 
f 588//588 587//588 583//588 
f 589//589 590//589 591//589 
f 586//590 590//590 589//590 
f 585//591 590//591 586//591 
f 592//592 593//592 588//592 
f 588//593 593//593 587//593 
f 590//594 594//594 591//594 
f 592//595 595//595 593//595 
f 596//596 595//596 592//596 
f 594//597 597//597 591//597 
f 591//598 597//598 598//598 
f 599//599 600//599 596//599 
f 596//600 600//600 595//600 
f 597//601 601//601 598//601 
f 598//602 601//602 602//602 
f 599//603 603//603 600//603 
f 604//604 603//604 599//604 
f 605//605 606//605 607//605 
f 602//606 606//606 605//606 
f 601//607 606//607 602//607 
f 604//608 608//608 603//608 
f 609//609 608//609 604//609 
f 606//610 610//610 607//610 
f 610//611 611//611 607//611 
f 612//612 611//612 613//612 
f 607//613 611//613 612//613 
f 611//614 614//614 613//614 
f 613//615 614//615 615//615 
f 614//616 616//616 615//616 
f 615//617 617//617 618//617 
f 616//618 617//618 615//618 
f 617//619 619//619 618//619 
f 618//620 619//620 620//620 
f 619//621 621//621 620//621 
f 620//622 621//622 622//622 
f 622//623 623//623 624//623 
f 621//624 623//624 622//624 
f 624//625 625//625 626//625 
f 623//626 625//626 624//626 
f 627//627 628//627 629//627 
f 626//628 628//628 627//628 
f 625//629 628//629 626//629 
f 628//630 630//630 629//630 
f 629//631 631//631 632//631 
f 630//632 631//632 629//632 
f 632//633 633//633 634//633 
f 631//634 633//634 632//634 
f 634//635 635//635 636//635 
f 633//636 635//636 634//636 
f 636//637 637//637 638//637 
f 635//638 637//638 636//638 
f 638//639 639//639 640//639 
f 637//640 639//640 638//640 
f 640//641 641//641 642//641 
f 639//642 641//642 640//642 
f 642//643 643//643 554//643 
f 641//644 643//644 642//644 
f 644//645 1//645 645//645 
f 646//646 1//646 644//646 
f 647//647 1//647 646//647 
f 648//648 1//648 647//648 
f 649//649 1//649 648//649 
f 650//650 1//650 649//650 
f 651//651 1//651 650//651 
f 652//652 1//652 651//652 
f 653//653 1//653 652//653 
f 654//654 1//654 653//654 
f 655//655 1//655 654//655 
f 656//656 1//656 655//656 
f 657//657 1//657 656//657 
f 658//658 1//658 657//658 
f 659//659 1//659 658//659 
f 660//660 1//660 659//660 
f 661//661 1//661 660//661 
f 662//662 1//662 661//662 
f 1//663 663//663 645//663 
f 1//664 664//664 663//664 
f 1//665 665//665 664//665 
f 1//666 666//666 665//666 
f 1//667 667//667 666//667 
f 1//668 668//668 667//668 
f 1//669 669//669 668//669 
f 1//670 670//670 669//670 
f 1//671 671//671 670//671 
f 1//672 672//672 671//672 
f 1//673 673//673 672//673 
f 1//674 674//674 673//674 
f 1//675 675//675 674//675 
f 1//676 676//676 675//676 
f 1//677 677//677 676//677 
f 1//678 678//678 677//678 
f 1//679 679//679 678//679 
f 1//680 680//680 679//680 
f 1//681 681//681 680//681 
f 1//682 682//682 681//682 
f 1//683 683//683 682//683 
f 1//684 684//684 683//684 
f 685//685 686//685 687//685 
f 688//686 686//686 685//686 
f 687//687 689//687 685//687 
f 690//688 689//688 691//688 
f 685//689 689//689 690//689 
f 692//690 693//690 688//690 
f 694//691 693//691 692//691 
f 688//692 693//692 686//692 
f 689//693 695//693 691//693 
f 694//694 696//694 693//694 
f 695//695 697//695 691//695 
f 691//696 697//696 698//696 
f 694//697 699//697 696//697 
f 700//698 699//698 694//698 
f 698//699 701//699 702//699 
f 697//700 701//700 698//700 
f 700//701 703//701 699//701 
f 704//702 703//702 700//702 
f 554//703 705//703 555//703 
f 643//704 705//704 554//704 
f 702//705 705//705 643//705 
f 701//706 705//706 702//706 
f 704//707 706//707 703//707 
f 707//708 706//708 704//708 
f 705//709 708//709 555//709 
f 709//710 708//710 710//710 
f 555//711 708//711 709//711 
f 707//712 711//712 706//712 
f 712//713 711//713 707//713 
f 708//714 713//714 710//714 
f 712//715 714//715 711//715 
f 715//716 714//716 712//716 
f 716//717 714//717 715//717 
f 710//718 717//718 718//718 
f 713//719 717//719 710//719 
f 716//720 719//720 714//720 
f 720//721 721//721 722//721 
f 718//722 721//722 720//722 
f 717//723 721//723 718//723 
f 723//724 724//724 716//724 
f 716//725 724//725 719//725 
f 721//726 725//726 722//726 
f 726//727 727//727 723//727 
f 728//728 727//728 726//728 
f 723//729 727//729 724//729 
f 725//730 729//730 722//730 
f 730//731 729//731 731//731 
f 722//732 729//732 730//732 
f 728//733 732//733 727//733 
f 729//734 733//734 731//734 
f 731//735 733//735 734//735 
f 735//736 736//736 728//736 
f 728//737 736//737 732//737 
f 733//738 737//738 734//738 
f 735//739 738//739 736//739 
f 739//740 738//740 735//740 
f 737//741 740//741 734//741 
f 734//742 740//742 741//742 
f 739//743 742//743 738//743 
f 743//744 742//744 739//744 
f 744//745 742//745 743//745 
f 740//746 745//746 741//746 
f 741//747 745//747 746//747 
f 744//748 747//748 742//748 
f 745//749 748//749 746//749 
f 746//750 748//750 749//750 
f 744//751 750//751 747//751 
f 751//752 750//752 744//752 
f 748//753 752//753 749//753 
f 749//754 752//754 753//754 
f 751//755 754//755 750//755 
f 755//756 754//756 751//756 
f 756//757 754//757 755//757 
f 752//758 757//758 753//758 
f 753//759 757//759 758//759 
f 756//760 759//760 754//760 
f 757//761 760//761 758//761 
f 758//762 760//762 761//762 
f 756//763 762//763 759//763 
f 763//764 762//764 756//764 
f 760//765 764//765 761//765 
f 765//766 764//766 766//766 
f 761//767 764//767 765//767 
f 763//768 767//768 762//768 
f 768//769 767//769 763//769 
f 764//770 769//770 766//770 
f 768//771 770//771 767//771 
f 771//772 770//772 768//772 
f 772//773 770//773 771//773 
f 766//774 773//774 774//774 
f 769//775 773//775 766//775 
f 772//776 775//776 770//776 
f 773//777 776//777 774//777 
f 774//778 776//778 777//778 
f 778//779 779//779 772//779 
f 780//780 779//780 778//780 
f 772//781 779//781 775//781 
f 777//782 781//782 782//782 
f 776//783 781//783 777//783 
f 780//784 783//784 779//784 
f 781//785 784//785 782//785 
f 782//786 784//786 785//786 
f 780//787 786//787 783//787 
f 787//788 786//788 780//788 
f 788//789 789//789 790//789 
f 785//790 789//790 788//790 
f 784//791 789//791 785//791 
f 787//792 791//792 786//792 
f 792//793 791//793 787//793 
f 789//794 793//794 790//794 
f 794//795 795//795 792//795 
f 792//796 795//796 791//796 
f 793//797 796//797 790//797 
f 797//798 796//798 798//798 
f 790//799 796//799 797//799 
f 794//800 799//800 795//800 
f 800//801 799//801 794//801 
f 796//802 801//802 798//802 
f 802//803 803//803 800//803 
f 804//804 803//804 802//804 
f 800//805 803//805 799//805 
f 805//806 806//806 807//806 
f 798//807 806//807 805//807 
f 801//808 806//808 798//808 
f 804//809 808//809 803//809 
f 806//810 809//810 807//810 
f 810//811 811//811 804//811 
f 812//812 811//812 810//812 
f 804//813 811//813 808//813 
f 813//814 814//814 815//814 
f 807//815 814//815 813//815 
f 809//816 814//816 807//816 
f 812//817 816//817 811//817 
f 815//818 817//818 818//818 
f 814//819 817//819 815//819 
f 819//820 820//820 812//820 
f 812//821 820//821 816//821 
f 817//822 821//822 818//822 
f 822//823 823//823 819//823 
f 819//824 823//824 820//824 
f 821//825 824//825 818//825 
f 818//826 824//826 825//826 
f 826//827 827//827 822//827 
f 822//828 827//828 823//828 
f 824//829 828//829 825//829 
f 829//830 828//830 830//830 
f 825//831 828//831 829//831 
f 826//832 831//832 827//832 
f 832//833 831//833 826//833 
f 828//834 833//834 830//834 
f 832//835 834//835 831//835 
f 835//836 834//836 832//836 
f 833//837 836//837 830//837 
f 830//838 836//838 837//838 
f 838//839 839//839 840//839 
f 837//840 839//840 838//840 
f 836//841 839//841 837//841 
f 839//842 841//842 840//842 
f 842//843 843//843 844//843 
f 845//844 843//844 846//844 
f 847//845 843//845 842//845 
f 848//846 843//846 845//846 
f 849//847 843//847 847//847 
f 850//848 843//848 848//848 
f 851//849 843//849 849//849 
f 852//850 843//850 850//850 
f 853//851 843//851 852//851 
f 854//852 843//852 853//852 
f 855//853 843//853 854//853 
f 856//854 843//854 855//854 
f 857//855 843//855 856//855 
f 858//856 843//856 857//856 
f 859//857 843//857 858//857 
f 860//858 843//858 859//858 
f 861//859 843//859 860//859 
f 862//860 843//860 851//860 
f 863//861 843//861 862//861 
f 864//862 843//862 863//862 
f 865//863 843//863 864//863 
f 866//864 843//864 865//864 
f 867//865 843//865 866//865 
f 868//866 843//866 867//866 
f 869//867 843//867 868//867 
f 870//868 843//868 869//868 
f 871//869 843//869 870//869 
f 872//870 843//870 871//870 
f 873//871 843//871 872//871 
f 874//872 843//872 873//872 
f 875//873 843//873 874//873 
f 876//874 843//874 875//874 
f 877//875 843//875 876//875 
f 878//876 843//876 877//876 
f 879//877 843//877 878//877 
f 880//878 843//878 879//878 
f 881//879 843//879 882//879 
f 883//880 843//880 880//880 
f 844//881 843//881 881//881 
f 846//882 843//882 883//882 
f 106//883 1//883 432//883 
f 432//884 1//884 609//884 
f 609//885 1//885 662//885 
f 609//886 662//886 608//886 
f 843//887 285//887 882//887 
f 882//888 285//888 841//888 
f 841//889 285//889 572//889 
f 841//890 572//890 840//890 
f 1//891 843//891 684//891 
f 684//892 843//892 884//892 
f 884//893 843//893 885//893 
f 885//894 843//894 886//894 
f 886//895 843//895 887//895 
f 887//896 843//896 888//896 
f 888//897 843//897 889//897 
f 889//898 843//898 835//898 
f 835//899 843//899 861//899 
f 835//900 861//900 890//900 
f 835//901 890//901 891//901 
f 835//902 891//902 892//902 
f 835//903 892//903 893//903 
f 835//904 893//904 894//904 
f 835//905 894//905 895//905 
f 835//906 895//906 834//906 
f 896//907 843//907 1//907 
f 896//908 1//908 54//908 
f 897//909 898//909 33//909 
f 33//910 898//910 31//910 
f 31//911 899//911 29//911 
f 29//912 899//912 27//912 
f 898//913 899//913 31//913 
f 899//914 900//914 27//914 
f 27//915 901//915 25//915 
f 900//916 901//916 27//916 
f 25//917 902//917 23//917 
f 901//918 902//918 25//918 
f 23//919 903//919 21//919 
f 902//920 903//920 23//920 
f 21//921 904//921 19//921 
f 903//922 904//922 21//922 
f 19//923 905//923 17//923 
f 904//924 905//924 19//924 
f 17//925 906//925 15//925 
f 905//926 906//926 17//926 
f 15//927 907//927 13//927 
f 13//928 907//928 11//928 
f 906//929 907//929 15//929 
f 907//930 908//930 11//930 
f 908//931 909//931 11//931 
f 11//932 909//932 9//932 
f 909//933 910//933 9//933 
f 9//934 910//934 7//934 
f 7//935 910//935 5//935 
f 910//936 911//936 5//936 
f 911//937 912//937 5//937 
f 5//938 912//938 2//938 
f 912//939 913//939 2//939 
f 2//940 913//940 3//940 
f 3//941 913//941 4//941 
f 913//942 914//942 4//942 
f 914//943 915//943 4//943 
f 4//944 915//944 6//944 
f 915//945 916//945 6//945 
f 6//946 916//946 8//946 
f 916//947 917//947 8//947 
f 8//948 917//948 10//948 
f 917//949 918//949 10//949 
f 10//950 918//950 12//950 
f 918//951 919//951 12//951 
f 12//952 919//952 14//952 
f 14//953 919//953 16//953 
f 919//954 920//954 16//954 
f 16//955 921//955 18//955 
f 18//956 921//956 20//956 
f 920//957 921//957 16//957 
f 20//958 922//958 22//958 
f 921//959 922//959 20//959 
f 922//960 923//960 22//960 
f 22//961 924//961 24//961 
f 923//962 924//962 22//962 
f 24//963 925//963 26//963 
f 924//964 925//964 24//964 
f 26//965 926//965 28//965 
f 925//966 926//966 26//966 
f 28//967 927//967 30//967 
f 926//968 927//968 28//968 
f 30//969 928//969 32//969 
f 927//970 928//970 30//970 
f 32//971 929//971 55//971 
f 928//972 929//972 32//972 
f 55//973 930//973 56//973 
f 929//974 930//974 55//974 
f 56//975 931//975 57//975 
f 930//976 931//976 56//976 
f 57//977 932//977 58//977 
f 931//978 932//978 57//978 
f 58//979 933//979 59//979 
f 59//980 933//980 60//980 
f 932//981 933//981 58//981 
f 933//982 934//982 60//982 
f 934//983 935//983 60//983 
f 60//984 935//984 61//984 
f 61//985 935//985 62//985 
f 935//986 936//986 62//986 
f 936//987 937//987 62//987 
f 62//988 937//988 63//988 
f 937//989 938//989 63//989 
f 63//990 938//990 64//990 
f 938//991 939//991 64//991 
f 64//992 939//992 65//992 
f 939//993 940//993 65//993 
f 65//994 940//994 66//994 
f 66//995 940//995 67//995 
f 940//996 941//996 67//996 
f 67//997 941//997 68//997 
f 941//998 942//998 68//998 
f 942//999 943//999 68//999 
f 68//1000 943//1000 69//1000 
f 69//1001 943//1001 70//1001 
f 943//1002 944//1002 70//1002 
f 944//1003 945//1003 70//1003 
f 70//1004 945//1004 71//1004 
f 71//1005 945//1005 72//1005 
f 945//1006 946//1006 72//1006 
f 72//1007 946//1007 73//1007 
f 946//1008 947//1008 73//1008 
f 947//1009 948//1009 73//1009 
f 73//1010 948//1010 74//1010 
f 948//1011 949//1011 74//1011 
f 74//1012 949//1012 75//1012 
f 949//1013 950//1013 75//1013 
f 75//1014 950//1014 76//1014 
f 950//1015 951//1015 76//1015 
f 76//1016 951//1016 77//1016 
f 951//1017 952//1017 77//1017 
f 77//1018 952//1018 78//1018 
f 952//1019 953//1019 78//1019 
f 78//1020 953//1020 79//1020 
f 79//1021 953//1021 80//1021 
f 953//1022 954//1022 80//1022 
f 80//1023 955//1023 81//1023 
f 954//1024 955//1024 80//1024 
f 81//1025 956//1025 82//1025 
f 955//1026 956//1026 81//1026 
f 82//1027 957//1027 83//1027 
f 956//1028 957//1028 82//1028 
f 83//1029 958//1029 84//1029 
f 957//1030 958//1030 83//1030 
f 958//1031 959//1031 84//1031 
f 84//1032 959//1032 85//1032 
f 959//1033 960//1033 85//1033 
f 85//1034 960//1034 86//1034 
f 960//1035 961//1035 86//1035 
f 86//1036 961//1036 87//1036 
f 961//1037 962//1037 87//1037 
f 87//1038 962//1038 88//1038 
f 962//1039 963//1039 88//1039 
f 88//1040 963//1040 89//1040 
f 963//1041 964//1041 89//1041 
f 89//1042 964//1042 90//1042 
f 964//1043 965//1043 90//1043 
f 90//1044 965//1044 91//1044 
f 965//1045 966//1045 91//1045 
f 91//1046 966//1046 92//1046 
f 966//1047 967//1047 92//1047 
f 92//1048 967//1048 93//1048 
f 967//1049 968//1049 93//1049 
f 93//1050 968//1050 94//1050 
f 968//1051 969//1051 94//1051 
f 94//1052 969//1052 95//1052 
f 969//1053 970//1053 95//1053 
f 95//1054 970//1054 96//1054 
f 970//1055 971//1055 96//1055 
f 96//1056 971//1056 97//1056 
f 97//1057 972//1057 98//1057 
f 971//1058 972//1058 97//1058 
f 98//1059 973//1059 99//1059 
f 972//1060 973//1060 98//1060 
f 99//1061 974//1061 100//1061 
f 973//1062 974//1062 99//1062 
f 100//1063 975//1063 101//1063 
f 974//1064 975//1064 100//1064 
f 101//1065 976//1065 102//1065 
f 975//1066 976//1066 101//1066 
f 102//1067 977//1067 103//1067 
f 976//1068 977//1068 102//1068 
f 103//1069 978//1069 104//1069 
f 977//1070 978//1070 103//1070 
f 104//1071 2575//1071 105//1071 
f 978//1072 2575//1072 104//1072 
f 105//1073 2574//1073 184//1073 
f 2575//1074 2574//1074 105//1074 
f 184//1075 979//1075 181//1075 
f 2574//1076 979//1076 184//1076 
f 181//1077 980//1077 178//1077 
f 979//1078 980//1078 181//1078 
f 178//1079 981//1079 175//1079 
f 980//1080 981//1080 178//1080 
f 175//1081 982//1081 172//1081 
f 981//1082 982//1082 175//1082 
f 982//1083 983//1083 172//1083 
f 172//1084 983//1084 169//1084 
f 983//1085 984//1085 169//1085 
f 169//1086 984//1086 164//1086 
f 984//1087 985//1087 164//1087 
f 164//1088 985//1088 163//1088 
f 985//1089 986//1089 163//1089 
f 163//1090 986//1090 160//1090 
f 160//1091 987//1091 157//1091 
f 986//1092 987//1092 160//1092 
f 157//1093 988//1093 154//1093 
f 987//1094 988//1094 157//1094 
f 154//1095 989//1095 151//1095 
f 988//1096 989//1096 154//1096 
f 151//1097 990//1097 148//1097 
f 989//1098 990//1098 151//1098 
f 148//1099 991//1099 145//1099 
f 990//1100 991//1100 148//1100 
f 145//1101 992//1101 142//1101 
f 991//1102 992//1102 145//1102 
f 142//1103 993//1103 139//1103 
f 992//1104 993//1104 142//1104 
f 139//1105 994//1105 136//1105 
f 993//1106 994//1106 139//1106 
f 136//1107 995//1107 131//1107 
f 994//1108 995//1108 136//1108 
f 131//1109 996//1109 129//1109 
f 995//1110 996//1110 131//1110 
f 129//1111 997//1111 127//1111 
f 996//1112 997//1112 129//1112 
f 127//1113 998//1113 124//1113 
f 997//1114 998//1114 127//1114 
f 124//1115 999//1115 119//1115 
f 998//1116 999//1116 124//1116 
f 119//1117 1000//1117 117//1117 
f 999//1118 1000//1118 119//1118 
f 117//1119 1001//1119 53//1119 
f 1000//1120 1001//1120 117//1120 
f 53//1121 1002//1121 52//1121 
f 1001//1122 1002//1122 53//1122 
f 52//1123 2576//1123 51//1123 
f 1002//1124 2576//1124 52//1124 
f 51//1125 2577//1125 50//1125 
f 2576//1126 2577//1126 51//1126 
f 50//1127 1003//1127 49//1127 
f 2577//1128 1003//1128 50//1128 
f 49//1129 1004//1129 48//1129 
f 1003//1130 1004//1130 49//1130 
f 1004//1131 1005//1131 48//1131 
f 48//1132 1005//1132 47//1132 
f 1005//1133 1006//1133 47//1133 
f 47//1134 1006//1134 46//1134 
f 1006//1135 1007//1135 46//1135 
f 46//1136 1007//1136 45//1136 
f 1007//1137 1008//1137 45//1137 
f 45//1138 1008//1138 44//1138 
f 1008//1139 1009//1139 44//1139 
f 44//1140 1009//1140 43//1140 
f 1009//1141 1010//1141 43//1141 
f 43//1142 1010//1142 42//1142 
f 1010//1143 1011//1143 42//1143 
f 42//1144 1011//1144 41//1144 
f 1011//1145 1012//1145 41//1145 
f 41//1146 1012//1146 40//1146 
f 1012//1147 1013//1147 40//1147 
f 40//1148 1013//1148 39//1148 
f 1013//1149 1014//1149 39//1149 
f 39//1150 1014//1150 38//1150 
f 1014//1151 1015//1151 38//1151 
f 38//1152 1015//1152 37//1152 
f 1015//1153 1016//1153 37//1153 
f 37//1154 1016//1154 36//1154 
f 1016//1155 1017//1155 36//1155 
f 36//1156 1017//1156 35//1156 
f 35//1157 1018//1157 34//1157 
f 1017//1158 1018//1158 35//1158 
f 34//1159 1018//1159 33//1159 
f 1018//1160 897//1160 33//1160 
f 1019//1161 1020//1161 149//1161 
f 149//1162 1020//1162 146//1162 
f 146//1163 1021//1163 143//1163 
f 143//1164 1021//1164 140//1164 
f 1020//1165 1021//1165 146//1165 
f 1021//1166 1022//1166 140//1166 
f 140//1167 1023//1167 137//1167 
f 1022//1168 1023//1168 140//1168 
f 137//1169 1024//1169 134//1169 
f 1023//1170 1024//1170 137//1170 
f 134//1171 1025//1171 132//1171 
f 1024//1172 1025//1172 134//1172 
f 132//1173 1026//1173 128//1173 
f 1025//1174 1026//1174 132//1174 
f 128//1175 1027//1175 125//1175 
f 1026//1176 1027//1176 128//1176 
f 125//1177 1028//1177 122//1177 
f 1027//1178 1028//1178 125//1178 
f 122//1179 1029//1179 120//1179 
f 120//1180 1029//1180 116//1180 
f 1028//1181 1029//1181 122//1181 
f 1029//1182 1030//1182 116//1182 
f 1030//1183 1031//1183 116//1183 
f 116//1184 1031//1184 114//1184 
f 1031//1185 1032//1185 114//1185 
f 114//1186 1032//1186 112//1186 
f 112//1187 1032//1187 110//1187 
f 1032//1188 1033//1188 110//1188 
f 1033//1189 1034//1189 110//1189 
f 110//1190 1034//1190 107//1190 
f 1034//1191 1035//1191 107//1191 
f 107//1192 1035//1192 108//1192 
f 108//1193 1035//1193 109//1193 
f 1035//1194 1036//1194 109//1194 
f 1036//1195 2580//1195 109//1195 
f 109//1196 2580//1196 111//1196 
f 2580//1197 1037//1197 111//1197 
f 111//1198 1037//1198 113//1198 
f 1037//1199 1038//1199 113//1199 
f 113//1200 1038//1200 115//1200 
f 1038//1201 1039//1201 115//1201 
f 115//1202 1039//1202 118//1202 
f 1039//1203 1040//1203 118//1203 
f 118//1204 1040//1204 121//1204 
f 121//1205 1040//1205 123//1205 
f 1040//1206 1041//1206 123//1206 
f 123//1207 1042//1207 126//1207 
f 126//1208 1042//1208 130//1208 
f 1041//1209 1042//1209 123//1209 
f 130//1210 1043//1210 133//1210 
f 1042//1211 1043//1211 130//1211 
f 1043//1212 1044//1212 133//1212 
f 133//1213 1045//1213 135//1213 
f 1044//1214 1045//1214 133//1214 
f 135//1215 1046//1215 138//1215 
f 1045//1216 1046//1216 135//1216 
f 138//1217 1047//1217 141//1217 
f 1046//1218 1047//1218 138//1218 
f 141//1219 1048//1219 144//1219 
f 1047//1220 1048//1220 141//1220 
f 144//1221 1049//1221 147//1221 
f 1048//1222 1049//1222 144//1222 
f 147//1223 1050//1223 150//1223 
f 1049//1224 1050//1224 147//1224 
f 150//1225 1051//1225 153//1225 
f 1050//1226 1051//1226 150//1226 
f 153//1227 1052//1227 156//1227 
f 1051//1228 1052//1228 153//1228 
f 156//1229 1053//1229 159//1229 
f 1052//1230 1053//1230 156//1230 
f 159//1231 1054//1231 162//1231 
f 162//1232 1054//1232 166//1232 
f 1053//1233 1054//1233 159//1233 
f 1054//1234 1055//1234 166//1234 
f 1055//1235 1056//1235 166//1235 
f 166//1236 1056//1236 168//1236 
f 168//1237 1056//1237 171//1237 
f 1056//1238 1057//1238 171//1238 
f 1057//1239 1058//1239 171//1239 
f 171//1240 1058//1240 174//1240 
f 1058//1241 1059//1241 174//1241 
f 174//1242 1059//1242 177//1242 
f 1059//1243 1060//1243 177//1243 
f 177//1244 1060//1244 180//1244 
f 1060//1245 1061//1245 180//1245 
f 180//1246 1061//1246 183//1246 
f 183//1247 1061//1247 186//1247 
f 1061//1248 2579//1248 186//1248 
f 186//1249 2579//1249 229//1249 
f 2579//1250 1062//1250 229//1250 
f 1062//1251 1063//1251 229//1251 
f 229//1252 1063//1252 230//1252 
f 230//1253 1063//1253 231//1253 
f 1063//1254 1064//1254 231//1254 
f 1064//1255 1065//1255 231//1255 
f 231//1256 1065//1256 232//1256 
f 232//1257 1065//1257 233//1257 
f 1065//1258 1066//1258 233//1258 
f 233//1259 1066//1259 234//1259 
f 1066//1260 1067//1260 234//1260 
f 1067//1261 1068//1261 234//1261 
f 234//1262 1068//1262 235//1262 
f 1068//1263 1069//1263 235//1263 
f 235//1264 1069//1264 236//1264 
f 1069//1265 1070//1265 236//1265 
f 236//1266 1070//1266 237//1266 
f 1070//1267 1071//1267 237//1267 
f 237//1268 1071//1268 238//1268 
f 1071//1269 1072//1269 238//1269 
f 238//1270 1072//1270 239//1270 
f 1072//1271 1073//1271 239//1271 
f 239//1272 1073//1272 240//1272 
f 240//1273 1073//1273 241//1273 
f 1073//1274 1074//1274 241//1274 
f 241//1275 1075//1275 242//1275 
f 1074//1276 1075//1276 241//1276 
f 242//1277 1076//1277 243//1277 
f 1075//1278 1076//1278 242//1278 
f 243//1279 1077//1279 244//1279 
f 1076//1280 1077//1280 243//1280 
f 244//1281 1078//1281 245//1281 
f 1077//1282 1078//1282 244//1282 
f 1078//1283 1079//1283 245//1283 
f 245//1284 1079//1284 246//1284 
f 1079//1285 1080//1285 246//1285 
f 246//1286 1080//1286 247//1286 
f 1080//1287 1081//1287 247//1287 
f 247//1288 1081//1288 248//1288 
f 1081//1289 1082//1289 248//1289 
f 248//1290 1082//1290 249//1290 
f 1082//1291 1083//1291 249//1291 
f 249//1292 1083//1292 250//1292 
f 1083//1293 1084//1293 250//1293 
f 250//1294 1084//1294 251//1294 
f 1084//1295 1085//1295 251//1295 
f 251//1296 1085//1296 252//1296 
f 1085//1297 1086//1297 252//1297 
f 252//1298 1086//1298 253//1298 
f 1086//1299 1087//1299 253//1299 
f 253//1300 1087//1300 254//1300 
f 1087//1301 1088//1301 254//1301 
f 254//1302 1088//1302 207//1302 
f 1088//1303 1089//1303 207//1303 
f 207//1304 1089//1304 205//1304 
f 1089//1305 1090//1305 205//1305 
f 205//1306 1090//1306 208//1306 
f 1090//1307 1091//1307 208//1307 
f 208//1308 1091//1308 209//1308 
f 209//1309 1092//1309 210//1309 
f 1091//1310 1092//1310 209//1310 
f 210//1311 1093//1311 211//1311 
f 1092//1312 1093//1312 210//1312 
f 211//1313 1094//1313 212//1313 
f 1093//1314 1094//1314 211//1314 
f 212//1315 1095//1315 213//1315 
f 1094//1316 1095//1316 212//1316 
f 213//1317 1096//1317 214//1317 
f 1095//1318 1096//1318 213//1318 
f 214//1319 1097//1319 215//1319 
f 1096//1320 1097//1320 214//1320 
f 215//1321 1098//1321 216//1321 
f 1097//1322 1098//1322 215//1322 
f 216//1323 1099//1323 217//1323 
f 1098//1324 1099//1324 216//1324 
f 217//1325 1100//1325 218//1325 
f 1099//1326 1100//1326 217//1326 
f 218//1327 1101//1327 219//1327 
f 1100//1328 1101//1328 218//1328 
f 219//1329 1102//1329 220//1329 
f 1101//1330 1102//1330 219//1330 
f 220//1331 1103//1331 221//1331 
f 1102//1332 1103//1332 220//1332 
f 221//1333 1104//1333 222//1333 
f 1103//1334 1104//1334 221//1334 
f 1104//1335 1105//1335 222//1335 
f 222//1336 1105//1336 223//1336 
f 1105//1337 1106//1337 223//1337 
f 223//1338 1106//1338 224//1338 
f 1106//1339 1107//1339 224//1339 
f 224//1340 1107//1340 225//1340 
f 1107//1341 1108//1341 225//1341 
f 225//1342 1108//1342 226//1342 
f 226//1343 1109//1343 227//1343 
f 1108//1344 1109//1344 226//1344 
f 227//1345 1110//1345 228//1345 
f 1109//1346 1110//1346 227//1346 
f 228//1347 1111//1347 256//1347 
f 1110//1348 1111//1348 228//1348 
f 256//1349 1112//1349 255//1349 
f 1111//1350 1112//1350 256//1350 
f 255//1351 1113//1351 204//1351 
f 1112//1352 1113//1352 255//1352 
f 204//1353 1114//1353 203//1353 
f 1113//1354 1114//1354 204//1354 
f 203//1355 1115//1355 202//1355 
f 1114//1356 1115//1356 203//1356 
f 202//1357 1116//1357 201//1357 
f 1115//1358 1116//1358 202//1358 
f 201//1359 1117//1359 200//1359 
f 1116//1360 1117//1360 201//1360 
f 200//1361 1118//1361 199//1361 
f 1117//1362 1118//1362 200//1362 
f 199//1363 1119//1363 198//1363 
f 1118//1364 1119//1364 199//1364 
f 198//1365 1120//1365 197//1365 
f 1119//1366 1120//1366 198//1366 
f 197//1367 1121//1367 196//1367 
f 1120//1368 1121//1368 197//1368 
f 196//1369 1122//1369 195//1369 
f 1121//1370 1122//1370 196//1370 
f 195//1371 1123//1371 194//1371 
f 1122//1372 1123//1372 195//1372 
f 194//1373 1124//1373 193//1373 
f 1123//1374 1124//1374 194//1374 
f 193//1375 1125//1375 192//1375 
f 1124//1376 1125//1376 193//1376 
f 192//1377 2578//1377 191//1377 
f 1125//1378 2578//1378 192//1378 
f 191//1379 1126//1379 190//1379 
f 2578//1380 1126//1380 191//1380 
f 190//1381 1127//1381 189//1381 
f 1126//1382 1127//1382 190//1382 
f 1127//1383 1128//1383 189//1383 
f 189//1384 1128//1384 188//1384 
f 1128//1385 1129//1385 188//1385 
f 188//1386 1129//1386 187//1386 
f 1129//1387 1130//1387 187//1387 
f 187//1388 1130//1388 185//1388 
f 1130//1389 1131//1389 185//1389 
f 185//1390 1131//1390 182//1390 
f 1131//1391 1132//1391 182//1391 
f 182//1392 1132//1392 179//1392 
f 1132//1393 1133//1393 179//1393 
f 179//1394 1133//1394 176//1394 
f 1133//1395 1134//1395 176//1395 
f 176//1396 1134//1396 173//1396 
f 1134//1397 1135//1397 173//1397 
f 173//1398 1135//1398 170//1398 
f 1135//1399 1136//1399 170//1399 
f 170//1400 1136//1400 167//1400 
f 1136//1401 1137//1401 167//1401 
f 167//1402 1137//1402 165//1402 
f 1137//1403 1138//1403 165//1403 
f 165//1404 1138//1404 161//1404 
f 1138//1405 1139//1405 161//1405 
f 161//1406 1139//1406 158//1406 
f 1139//1407 1140//1407 158//1407 
f 158//1408 1140//1408 155//1408 
f 155//1409 1141//1409 152//1409 
f 1140//1410 1141//1410 155//1410 
f 152//1411 1141//1411 149//1411 
f 1141//1412 1019//1412 149//1412 
f 314//1413 1142//1413 311//1413 
f 311//1414 1143//1414 1144//1414 
f 1142//1415 1143//1415 311//1415 
f 1143//1416 1145//1416 1144//1416 
f 1145//1417 1146//1417 1144//1417 
f 1144//1418 1147//1418 1148//1418 
f 1146//1419 1147//1419 1144//1419 
f 1147//1420 1149//1420 1148//1420 
f 1149//1421 1150//1421 1148//1421 
f 1150//1422 1151//1422 1148//1422 
f 1148//1423 1152//1423 1153//1423 
f 1151//1424 1152//1424 1148//1424 
f 1152//1425 1154//1425 1153//1425 
f 1154//1426 1155//1426 1153//1426 
f 1153//1427 1156//1427 1157//1427 
f 1155//1428 1156//1428 1153//1428 
f 1156//1429 1158//1429 1157//1429 
f 1158//1430 1159//1430 1157//1430 
f 1157//1431 1160//1431 1161//1431 
f 1159//1432 1160//1432 1157//1432 
f 1160//1433 1162//1433 1161//1433 
f 1162//1434 1163//1434 1161//1434 
f 1161//1435 1164//1435 1165//1435 
f 1163//1436 1164//1436 1161//1436 
f 1164//1437 1166//1437 1165//1437 
f 1166//1438 1167//1438 1165//1438 
f 1165//1439 1168//1439 1169//1439 
f 1167//1440 1168//1440 1165//1440 
f 1168//1441 1170//1441 1169//1441 
f 1170//1442 1171//1442 1169//1442 
f 1171//1443 1172//1443 1169//1443 
f 1169//1444 1173//1444 1174//1444 
f 1172//1445 1173//1445 1169//1445 
f 1173//1446 1175//1446 1174//1446 
f 1175//1447 1176//1447 1174//1447 
f 1176//1448 1177//1448 1174//1448 
f 1177//1449 1178//1449 1174//1449 
f 1177//1450 1179//1450 1178//1450 
f 1179//1451 1180//1451 1178//1451 
f 1180//1452 1181//1452 1178//1452 
f 1181//1453 1182//1453 1178//1453 
f 1182//1454 1183//1454 1178//1454 
f 1182//1455 1184//1455 1183//1455 
f 1184//1456 1185//1456 1183//1456 
f 1185//1457 1186//1457 1183//1457 
f 1183//1458 1187//1458 1188//1458 
f 1186//1459 1187//1459 1183//1459 
f 1187//1460 1189//1460 1188//1460 
f 1189//1461 1190//1461 1188//1461 
f 1191//1462 286//1462 289//1462 
f 1192//1463 289//1463 288//1463 
f 1192//1464 1191//1464 289//1464 
f 1193//1465 288//1465 290//1465 
f 1193//1466 1192//1466 288//1466 
f 1194//1467 290//1467 292//1467 
f 1194//1468 1193//1468 290//1468 
f 1195//1469 292//1469 291//1469 
f 1195//1470 1194//1470 292//1470 
f 1196//1471 291//1471 294//1471 
f 1196//1472 1195//1472 291//1472 
f 1197//1473 294//1473 293//1473 
f 1197//1474 1196//1474 294//1474 
f 1198//1475 1197//1475 293//1475 
f 1198//1476 293//1476 295//1476 
f 1199//1477 1198//1477 295//1477 
f 1199//1478 295//1478 296//1478 
f 1200//1479 1199//1479 296//1479 
f 1200//1480 296//1480 298//1480 
f 1201//1481 1200//1481 298//1481 
f 1201//1482 298//1482 297//1482 
f 1202//1483 1201//1483 297//1483 
f 1202//1484 297//1484 300//1484 
f 1203//1485 1202//1485 300//1485 
f 1203//1486 300//1486 301//1486 
f 1204//1487 1203//1487 301//1487 
f 1204//1488 301//1488 299//1488 
f 1205//1489 1204//1489 299//1489 
f 1205//1490 299//1490 303//1490 
f 1206//1491 1205//1491 303//1491 
f 1206//1492 303//1492 304//1492 
f 1207//1493 1206//1493 304//1493 
f 1207//1494 304//1494 302//1494 
f 1208//1495 1207//1495 302//1495 
f 1208//1496 302//1496 306//1496 
f 1209//1497 1208//1497 306//1497 
f 1209//1498 306//1498 305//1498 
f 1210//1499 1209//1499 305//1499 
f 1210//1500 305//1500 307//1500 
f 1211//1501 1210//1501 307//1501 
f 1211//1502 307//1502 308//1502 
f 1212//1503 1211//1503 308//1503 
f 1212//1504 308//1504 310//1504 
f 1213//1505 1212//1505 310//1505 
f 1213//1506 310//1506 309//1506 
f 1214//1507 1213//1507 309//1507 
f 1214//1508 309//1508 312//1508 
f 1215//1509 1214//1509 312//1509 
f 1215//1510 312//1510 313//1510 
f 1216//1511 313//1511 311//1511 
f 1216//1512 1215//1512 313//1512 
f 1217//1513 311//1513 1144//1513 
f 1217//1514 1144//1514 1148//1514 
f 1217//1515 1216//1515 311//1515 
f 1218//1516 1148//1516 1153//1516 
f 1218//1517 1153//1517 1157//1517 
f 1218//1518 1217//1518 1148//1518 
f 1219//1519 1157//1519 1161//1519 
f 1219//1520 1161//1520 1165//1520 
f 1219//1521 1218//1521 1157//1521 
f 1220//1522 1165//1522 1169//1522 
f 1220//1523 1169//1523 1174//1523 
f 1220//1524 1219//1524 1165//1524 
f 1221//1525 1220//1525 1174//1525 
f 1221//1526 1174//1526 1178//1526 
f 1222//1527 1221//1527 1178//1527 
f 1222//1528 1178//1528 1183//1528 
f 1223//1529 1222//1529 1183//1529 
f 1223//1530 1183//1530 1188//1530 
f 1224//1531 287//1531 1225//1531 
f 1225//1532 286//1532 1191//1532 
f 287//1533 286//1533 1225//1533 
f 287//1534 1226//1534 258//1534 
f 1224//1535 1226//1535 287//1535 
f 258//1536 1226//1536 1227//1536 
f 257//1537 1227//1537 1228//1537 
f 257//1538 258//1538 1227//1538 
f 1229//1539 1230//1539 1231//1539 
f 1232//1540 1231//1540 1233//1540 
f 1232//1541 1229//1541 1231//1541 
f 1234//1542 1233//1542 1235//1542 
f 1234//1543 1232//1543 1233//1543 
f 1236//1544 1237//1544 1238//1544 
f 1236//1545 1235//1545 1237//1545 
f 1236//1546 1234//1546 1235//1546 
f 1239//1547 1240//1547 1241//1547 
f 1239//1548 1238//1548 1240//1548 
f 1239//1549 1236//1549 1238//1549 
f 1242//1550 1243//1550 1244//1550 
f 1242//1551 1241//1551 1243//1551 
f 1242//1552 1239//1552 1241//1552 
f 1245//1553 1246//1553 265//1553 
f 1245//1554 1244//1554 1246//1554 
f 1245//1555 1242//1555 1244//1555 
f 1247//1556 265//1556 267//1556 
f 1247//1557 1245//1557 265//1557 
f 1248//1558 267//1558 266//1558 
f 1248//1559 1247//1559 267//1559 
f 1249//1560 266//1560 268//1560 
f 1249//1561 1248//1561 266//1561 
f 1250//1562 268//1562 273//1562 
f 1250//1563 1249//1563 268//1563 
f 1251//1564 273//1564 276//1564 
f 1251//1565 1250//1565 273//1565 
f 1252//1566 276//1566 275//1566 
f 1252//1567 1251//1567 276//1567 
f 1253//1568 275//1568 281//1568 
f 1253//1569 1252//1569 275//1569 
f 1254//1570 281//1570 280//1570 
f 1254//1571 1253//1571 281//1571 
f 1255//1572 280//1572 283//1572 
f 1255//1573 1254//1573 280//1573 
f 1256//1574 283//1574 282//1574 
f 1256//1575 1255//1575 283//1575 
f 1257//1576 282//1576 284//1576 
f 1257//1577 1256//1577 282//1577 
f 1258//1578 284//1578 277//1578 
f 1258//1579 1257//1579 284//1579 
f 1259//1580 277//1580 278//1580 
f 1259//1581 1258//1581 277//1581 
f 1260//1582 278//1582 279//1582 
f 1260//1583 1259//1583 278//1583 
f 1261//1584 279//1584 274//1584 
f 1261//1585 1260//1585 279//1585 
f 1262//1586 274//1586 270//1586 
f 1262//1587 1261//1587 274//1587 
f 1263//1588 270//1588 269//1588 
f 1263//1589 1262//1589 270//1589 
f 1264//1590 269//1590 271//1590 
f 1264//1591 1263//1591 269//1591 
f 1265//1592 271//1592 272//1592 
f 1265//1593 1264//1593 271//1593 
f 1266//1594 272//1594 264//1594 
f 1266//1595 1265//1595 272//1595 
f 1267//1596 264//1596 262//1596 
f 1267//1597 1266//1597 264//1597 
f 1268//1598 262//1598 260//1598 
f 1268//1599 1267//1599 262//1599 
f 1269//1600 1268//1600 260//1600 
f 1269//1601 260//1601 259//1601 
f 1270//1602 1269//1602 259//1602 
f 1270//1603 259//1603 261//1603 
f 1271//1604 1270//1604 261//1604 
f 1271//1605 261//1605 263//1605 
f 1228//1606 1271//1606 263//1606 
f 1228//1607 263//1607 257//1607 
f 206//1608 265//1608 316//1608 
f 316//1609 265//1609 318//1609 
f 318//1610 1246//1610 319//1610 
f 319//1611 1246//1611 321//1611 
f 321//1612 1246//1612 324//1612 
f 265//1613 1246//1613 318//1613 
f 324//1614 1244//1614 326//1614 
f 326//1615 1244//1615 328//1615 
f 328//1616 1244//1616 330//1616 
f 330//1617 1244//1617 331//1617 
f 1246//1618 1244//1618 324//1618 
f 331//1619 1243//1619 333//1619 
f 333//1620 1243//1620 335//1620 
f 335//1621 1243//1621 337//1621 
f 1244//1622 1243//1622 331//1622 
f 337//1623 1241//1623 339//1623 
f 339//1624 1241//1624 341//1624 
f 341//1625 1241//1625 343//1625 
f 1243//1626 1241//1626 337//1626 
f 343//1627 1240//1627 345//1627 
f 345//1628 1240//1628 347//1628 
f 347//1629 1240//1629 349//1629 
f 1241//1630 1240//1630 343//1630 
f 349//1631 1238//1631 351//1631 
f 351//1632 1238//1632 353//1632 
f 353//1633 1238//1633 355//1633 
f 1240//1634 1238//1634 349//1634 
f 1238//1635 1237//1635 355//1635 
f 355//1636 1237//1636 357//1636 
f 357//1637 1237//1637 359//1637 
f 359//1638 1237//1638 361//1638 
f 1237//1639 363//1639 361//1639 
f 1237//1640 1235//1640 363//1640 
f 363//1641 1235//1641 365//1641 
f 365//1642 1235//1642 367//1642 
f 367//1643 1235//1643 369//1643 
f 1235//1644 1233//1644 369//1644 
f 369//1645 1233//1645 371//1645 
f 371//1646 1233//1646 373//1646 
f 373//1647 1233//1647 375//1647 
f 375//1648 1233//1648 377//1648 
f 377//1649 1231//1649 379//1649 
f 379//1650 1231//1650 382//1650 
f 382//1651 1231//1651 384//1651 
f 1233//1652 1231//1652 377//1652 
f 1231//1653 386//1653 384//1653 
f 386//1654 1230//1654 388//1654 
f 388//1655 1230//1655 390//1655 
f 1231//1656 1230//1656 386//1656 
f 1272//1657 843//1657 1273//1657 
f 1274//1658 1273//1658 843//1658 
f 1275//1659 843//1659 1272//1659 
f 1276//1660 1274//1660 843//1660 
f 1277//1661 843//1661 1275//1661 
f 1278//1662 1276//1662 843//1662 
f 1279//1663 843//1663 1277//1663 
f 1280//1664 1278//1664 843//1664 
f 1281//1665 843//1665 1279//1665 
f 1282//1666 1280//1666 843//1666 
f 1283//1667 843//1667 1281//1667 
f 1284//1668 1282//1668 843//1668 
f 1285//1669 843//1669 1283//1669 
f 1286//1670 1284//1670 843//1670 
f 1287//1671 843//1671 1285//1671 
f 1288//1672 1286//1672 843//1672 
f 1289//1673 843//1673 1287//1673 
f 1290//1674 1288//1674 843//1674 
f 1291//1675 843//1675 1289//1675 
f 1292//1676 1290//1676 843//1676 
f 1293//1677 843//1677 1291//1677 
f 1294//1678 1292//1678 843//1678 
f 1295//1679 843//1679 1293//1679 
f 1296//1680 1294//1680 843//1680 
f 1297//1681 843//1681 1295//1681 
f 1298//1682 1296//1682 843//1682 
f 1299//1683 843//1683 1297//1683 
f 1300//1684 1298//1684 843//1684 
f 1301//1685 843//1685 1299//1685 
f 1302//1686 1300//1686 843//1686 
f 1303//1687 843//1687 1301//1687 
f 1304//1688 843//1688 1303//1688 
f 1305//1689 843//1689 1304//1689 
f 1306//1690 843//1690 1305//1690 
f 1307//1691 843//1691 1306//1691 
f 1308//1692 843//1692 1307//1692 
f 1309//1693 843//1693 1308//1693 
f 1310//1694 843//1694 1309//1694 
f 1311//1695 843//1695 1310//1695 
f 1312//1696 843//1696 1311//1696 
f 1313//1697 843//1697 1312//1697 
f 1314//1698 843//1698 1313//1698 
f 1315//1699 843//1699 1314//1699 
f 1316//1700 843//1700 1315//1700 
f 1317//1701 843//1701 1316//1701 
f 1318//1702 843//1702 1317//1702 
f 1319//1703 843//1703 1318//1703 
f 1320//1704 843//1704 1319//1704 
f 1321//1705 843//1705 1320//1705 
f 1322//1706 843//1706 1321//1706 
f 1323//1707 843//1707 1322//1707 
f 896//1708 1302//1708 843//1708 
f 896//1709 1324//1709 1302//1709 
f 896//1710 1325//1710 1324//1710 
f 896//1711 1326//1711 1325//1711 
f 896//1712 1327//1712 1326//1712 
f 896//1713 1328//1713 1327//1713 
f 896//1714 1329//1714 1328//1714 
f 896//1715 1330//1715 1329//1715 
f 896//1716 1331//1716 1330//1716 
f 896//1717 1332//1717 1331//1717 
f 896//1718 1333//1718 1332//1718 
f 896//1719 1334//1719 1333//1719 
f 896//1720 1335//1720 1334//1720 
f 896//1721 1336//1721 1335//1721 
f 896//1722 1337//1722 1336//1722 
f 896//1723 1338//1723 1337//1723 
f 896//1724 1339//1724 1338//1724 
f 896//1725 1340//1725 1339//1725 
f 896//1726 1341//1726 1340//1726 
f 896//1727 1342//1727 1341//1727 
f 896//1728 1343//1728 1342//1728 
f 896//1729 1344//1729 1343//1729 
f 896//1730 1345//1730 1344//1730 
f 896//1731 1346//1731 1345//1731 
f 896//1732 1347//1732 1346//1732 
f 896//1733 1348//1733 1347//1733 
f 896//1734 1349//1734 1348//1734 
f 896//1735 1350//1735 1349//1735 
f 896//1736 1351//1736 1350//1736 
f 896//1737 1352//1737 1351//1737 
f 896//1738 1353//1738 1352//1738 
f 896//1739 1354//1739 1353//1739 
f 896//1740 1355//1740 1354//1740 
f 896//1741 1356//1741 1355//1741 
f 896//1742 1357//1742 1356//1742 
f 896//1743 1358//1743 1357//1743 
f 896//1744 1359//1744 1358//1744 
f 896//1745 1360//1745 1359//1745 
f 896//1746 1361//1746 1360//1746 
f 896//1747 1362//1747 1361//1747 
f 896//1748 1363//1748 1362//1748 
f 896//1749 1364//1749 1363//1749 
f 896//1750 1365//1750 1364//1750 
f 896//1751 1366//1751 1365//1751 
f 896//1752 1367//1752 1366//1752 
f 896//1753 1368//1753 1367//1753 
f 896//1754 1369//1754 1368//1754 
f 896//1755 1370//1755 1369//1755 
f 896//1756 1371//1756 1370//1756 
f 896//1757 1372//1757 1371//1757 
f 896//1758 1373//1758 1372//1758 
f 896//1759 1374//1759 1373//1759 
f 1375//1760 285//1760 1376//1760 
f 1377//1761 1376//1761 285//1761 
f 1378//1762 285//1762 1375//1762 
f 1379//1763 1377//1763 285//1763 
f 1380//1764 285//1764 1378//1764 
f 1381//1765 1379//1765 285//1765 
f 1382//1766 285//1766 1380//1766 
f 1383//1767 1381//1767 285//1767 
f 1383//1768 843//1768 1323//1768 
f 1383//1769 285//1769 843//1769 
f 1384//1770 285//1770 1382//1770 
f 1385//1771 1386//1771 1387//1771 
f 1385//1772 1323//1772 1386//1772 
f 1385//1773 1383//1773 1323//1773 
f 1388//1774 285//1774 1384//1774 
f 1389//1775 1385//1775 1387//1775 
f 1390//1776 285//1776 1388//1776 
f 1391//1777 1387//1777 1392//1777 
f 1391//1778 1389//1778 1387//1778 
f 1393//1779 285//1779 1390//1779 
f 1394//1780 1392//1780 1395//1780 
f 1394//1781 1391//1781 1392//1781 
f 1396//1782 285//1782 1393//1782 
f 1397//1783 1398//1783 1399//1783 
f 1397//1784 1395//1784 1398//1784 
f 1397//1785 1394//1785 1395//1785 
f 1400//1786 285//1786 1396//1786 
f 1401//1787 1397//1787 1399//1787 
f 1402//1788 285//1788 1400//1788 
f 1403//1789 1399//1789 1404//1789 
f 1403//1790 1401//1790 1399//1790 
f 1405//1791 285//1791 1402//1791 
f 1406//1792 1404//1792 1407//1792 
f 1406//1793 1403//1793 1404//1793 
f 1408//1794 285//1794 1405//1794 
f 1409//1795 1407//1795 1410//1795 
f 1409//1796 1406//1796 1407//1796 
f 1411//1797 285//1797 1408//1797 
f 1412//1798 1410//1798 1413//1798 
f 1412//1799 1409//1799 1410//1799 
f 1414//1800 285//1800 1411//1800 
f 1415//1801 1412//1801 1413//1801 
f 1415//1802 1413//1802 1416//1802 
f 1417//1803 285//1803 1414//1803 
f 1418//1804 1415//1804 1416//1804 
f 1418//1805 1416//1805 1419//1805 
f 1420//1806 285//1806 1417//1806 
f 1421//1807 1418//1807 1419//1807 
f 1421//1808 1419//1808 1422//1808 
f 1423//1809 285//1809 1420//1809 
f 1424//1810 1421//1810 1422//1810 
f 1424//1811 1422//1811 1425//1811 
f 1426//1812 285//1812 1423//1812 
f 1427//1813 1424//1813 1425//1813 
f 1427//1814 1425//1814 1428//1814 
f 1429//1815 285//1815 1426//1815 
f 1430//1816 1427//1816 1428//1816 
f 1430//1817 1431//1817 1432//1817 
f 1430//1818 1428//1818 1431//1818 
f 1433//1819 285//1819 1429//1819 
f 1434//1820 1430//1820 1432//1820 
f 1435//1821 285//1821 1433//1821 
f 1436//1822 1432//1822 1437//1822 
f 1436//1823 1434//1823 1432//1823 
f 1438//1824 285//1824 1435//1824 
f 1439//1825 1437//1825 1440//1825 
f 1439//1826 1436//1826 1437//1826 
f 1441//1827 285//1827 1438//1827 
f 1442//1828 1439//1828 1440//1828 
f 1442//1829 1440//1829 1443//1829 
f 1444//1830 285//1830 1441//1830 
f 1445//1831 1442//1831 1443//1831 
f 1445//1832 1443//1832 1446//1832 
f 1447//1833 285//1833 1444//1833 
f 1448//1834 1445//1834 1446//1834 
f 1448//1835 1446//1835 1449//1835 
f 1450//1836 285//1836 1447//1836 
f 1451//1837 1448//1837 1449//1837 
f 1451//1838 1449//1838 1452//1838 
f 1453//1839 285//1839 1450//1839 
f 1454//1840 1374//1840 896//1840 
f 1454//1841 1451//1841 1452//1841 
f 1454//1842 1452//1842 1374//1842 
f 1455//1843 285//1843 1453//1843 
f 1456//1844 285//1844 1455//1844 
f 1457//1845 285//1845 1456//1845 
f 1458//1846 285//1846 1457//1846 
f 1459//1847 285//1847 1458//1847 
f 1460//1848 285//1848 1459//1848 
f 1461//1849 285//1849 1460//1849 
f 1462//1850 285//1850 1461//1850 
f 1463//1851 285//1851 1462//1851 
f 1464//1852 285//1852 1463//1852 
f 1465//1853 285//1853 1464//1853 
f 1466//1854 285//1854 1465//1854 
f 1467//1855 285//1855 1466//1855 
f 1468//1856 285//1856 1467//1856 
f 1469//1857 285//1857 1468//1857 
f 1470//1858 285//1858 1469//1858 
f 1471//1859 285//1859 1470//1859 
f 1472//1860 285//1860 1471//1860 
f 314//1861 1473//1861 1474//1861 
f 314//1862 1475//1862 1473//1862 
f 314//1863 1476//1863 1475//1863 
f 314//1864 1477//1864 1476//1864 
f 314//1865 1478//1865 1477//1865 
f 314//1866 1479//1866 1478//1866 
f 314//1867 1480//1867 1479//1867 
f 314//1868 1481//1868 1480//1868 
f 314//1869 1482//1869 1481//1869 
f 314//1870 1483//1870 1482//1870 
f 314//1871 1484//1871 1483//1871 
f 314//1872 1485//1872 1484//1872 
f 314//1873 1486//1873 1485//1873 
f 314//1874 1454//1874 896//1874 
f 314//1875 1487//1875 1486//1875 
f 314//1876 1488//1876 1487//1876 
f 314//1877 1489//1877 1488//1877 
f 314//1878 1490//1878 1489//1878 
f 314//1879 1491//1879 1490//1879 
f 314//1880 1492//1880 1491//1880 
f 314//1881 1493//1881 1492//1881 
f 314//1882 1494//1882 1493//1882 
f 314//1883 1495//1883 1494//1883 
f 314//1884 1496//1884 1454//1884 
f 314//1885 1497//1885 1496//1885 
f 314//1886 1498//1886 1497//1886 
f 314//1887 1499//1887 1498//1887 
f 314//1888 1500//1888 1499//1888 
f 314//1889 1501//1889 1500//1889 
f 314//1890 1502//1890 1501//1890 
f 314//1891 1503//1891 1502//1891 
f 314//1892 1504//1892 1503//1892 
f 314//1893 1505//1893 1504//1893 
f 314//1894 1506//1894 1505//1894 
f 314//1895 1507//1895 1506//1895 
f 314//1896 1508//1896 1507//1896 
f 314//1897 1509//1897 1508//1897 
f 314//1898 1510//1898 1509//1898 
f 314//1899 1511//1899 1510//1899 
f 314//1900 1512//1900 1511//1900 
f 314//1901 1513//1901 1512//1901 
f 314//1902 1514//1902 1513//1902 
f 314//1903 1515//1903 1514//1903 
f 314//1904 1516//1904 1515//1904 
f 314//1905 1517//1905 1516//1905 
f 314//1906 1518//1906 1517//1906 
f 314//1907 1519//1907 1518//1907 
f 314//1908 1520//1908 1519//1908 
f 314//1909 1521//1909 1520//1909 
f 314//1910 1474//1910 1521//1910 
f 314//1911 285//1911 1522//1911 
f 1522//1912 285//1912 1472//1912 
f 314//1913 1522//1913 1523//1913 
f 314//1914 1523//1914 1495//1914 
f 1274//1915 1272//1915 1273//1915 
f 1278//1916 1274//1916 1276//1916 
f 1279//1917 1277//1917 1275//1917 
f 1279//1918 1275//1918 1272//1918 
f 1281//1919 1279//1919 1272//1919 
f 1284//1920 1280//1920 1282//1920 
f 1285//1921 1283//1921 1281//1921 
f 1286//1922 1278//1922 1280//1922 
f 1286//1923 1280//1923 1284//1923 
f 1287//1924 1285//1924 1281//1924 
f 1288//1925 1272//1925 1274//1925 
f 1288//1926 1274//1926 1278//1926 
f 1288//1927 1278//1927 1286//1927 
f 1289//1928 1281//1928 1272//1928 
f 1289//1929 1287//1929 1281//1929 
f 1292//1930 1288//1930 1290//1930 
f 1293//1931 1291//1931 1289//1931 
f 1296//1932 1292//1932 1294//1932 
f 1296//1933 1288//1933 1292//1933 
f 1299//1934 1297//1934 1295//1934 
f 1299//1935 1295//1935 1293//1935 
f 1300//1936 1296//1936 1298//1936 
f 1304//1937 1303//1937 1301//1937 
f 1304//1938 1301//1938 1299//1938 
f 1304//1939 1299//1939 1293//1939 
f 1325//1940 1300//1940 1302//1940 
f 1325//1941 1302//1941 1324//1941 
f 1327//1942 1325//1942 1326//1942 
f 1327//1943 1288//1943 1296//1943 
f 1327//1944 1296//1944 1300//1944 
f 1327//1945 1300//1945 1325//1945 
f 1307//1946 1306//1946 1305//1946 
f 1307//1947 1305//1947 1304//1947 
f 1329//1948 1327//1948 1328//1948 
f 1310//1949 1309//1949 1308//1949 
f 1310//1950 1308//1950 1307//1950 
f 1310//1951 1307//1951 1304//1951 
f 1331//1952 1329//1952 1330//1952 
f 1332//1953 1327//1953 1329//1953 
f 1332//1954 1329//1954 1331//1954 
f 1312//1955 1311//1955 1310//1955 
f 1335//1956 1332//1956 1333//1956 
f 1335//1957 1333//1957 1334//1957 
f 1315//1958 1314//1958 1313//1958 
f 1315//1959 1313//1959 1312//1959 
f 1338//1960 1332//1960 1335//1960 
f 1338//1961 1335//1961 1336//1961 
f 1338//1962 1336//1962 1337//1962 
f 1318//1963 1317//1963 1316//1963 
f 1318//1964 1316//1964 1315//1964 
f 1318//1965 1315//1965 1312//1965 
f 1318//1966 1312//1966 1310//1966 
f 1340//1967 1338//1967 1339//1967 
f 1320//1968 1319//1968 1318//1968 
f 1342//1969 1340//1969 1341//1969 
f 1323//1970 1322//1970 1321//1970 
f 1323//1971 1321//1971 1320//1971 
f 1345//1972 1332//1972 1338//1972 
f 1345//1973 1342//1973 1343//1973 
f 1345//1974 1343//1974 1344//1974 
f 1345//1975 1338//1975 1340//1975 
f 1345//1976 1340//1976 1342//1976 
f 1346//1977 1327//1977 1332//1977 
f 1346//1978 1272//1978 1288//1978 
f 1346//1979 1289//1979 1272//1979 
f 1346//1980 1332//1980 1345//1980 
f 1346//1981 1293//1981 1289//1981 
f 1346//1982 1288//1982 1327//1982 
f 1392//1983 1387//1983 1386//1983 
f 1392//1984 1386//1984 1323//1984 
f 1398//1985 1395//1985 1392//1985 
f 1350//1986 1348//1986 1349//1986 
f 1404//1987 1399//1987 1398//1987 
f 1404//1988 1398//1988 1392//1988 
f 1351//1989 1346//1989 1347//1989 
f 1351//1990 1347//1990 1348//1990 
f 1351//1991 1348//1991 1350//1991 
f 1407//1992 1404//1992 1392//1992 
f 1353//1993 1351//1993 1352//1993 
f 1354//1994 1351//1994 1353//1994 
f 1354//1995 1346//1995 1351//1995 
f 1416//1996 1413//1996 1410//1996 
f 1416//1997 1410//1997 1407//1997 
f 1355//1998 1346//1998 1354//1998 
f 1355//1999 1304//1999 1293//1999 
f 1355//2000 1293//2000 1346//2000 
f 1419//2001 1416//2001 1407//2001 
f 1422//2002 1419//2002 1407//2002 
f 1357//2003 1355//2003 1356//2003 
f 1425//2004 1407//2004 1392//2004 
f 1425//2005 1422//2005 1407//2005 
f 1425//2006 1323//2006 1320//2006 
f 1425//2007 1392//2007 1323//2007 
f 1359//2008 1355//2008 1357//2008 
f 1359//2009 1357//2009 1358//2009 
f 1431//2010 1428//2010 1425//2010 
f 1361//2011 1304//2011 1355//2011 
f 1361//2012 1310//2012 1304//2012 
f 1361//2013 1355//2013 1359//2013 
f 1361//2014 1359//2014 1360//2014 
f 1437//2015 1431//2015 1425//2015 
f 1437//2016 1432//2016 1431//2016 
f 1440//2017 1437//2017 1425//2017 
f 1363//2018 1361//2018 1362//2018 
f 1365//2019 1363//2019 1364//2019 
f 1449//2020 1425//2020 1320//2020 
f 1449//2021 1440//2021 1425//2021 
f 1449//2022 1446//2022 1443//2022 
f 1449//2023 1443//2023 1440//2023 
f 1366//2024 1361//2024 1363//2024 
f 1366//2025 1363//2025 1365//2025 
f 1367//2026 1310//2026 1361//2026 
f 1367//2027 1318//2027 1310//2027 
f 1367//2028 1320//2028 1318//2028 
f 1367//2029 1361//2029 1366//2029 
f 1374//2030 1452//2030 1449//2030 
f 1369//2031 1367//2031 1368//2031 
f 1372//2032 1320//2032 1367//2032 
f 1372//2033 1449//2033 1320//2033 
f 1372//2034 1374//2034 1449//2034 
f 1372//2035 1373//2035 1374//2035 
f 1371//2036 1372//2036 1367//2036 
f 1371//2037 1367//2037 1369//2037 
f 1371//2038 1369//2038 1370//2038 
f 1381//2039 1375//2039 1376//2039 
f 1381//2040 1376//2040 1377//2040 
f 1381//2041 1377//2041 1379//2041 
f 1382//2042 1380//2042 1378//2042 
f 1384//2043 1382//2043 1378//2043 
f 1389//2044 1381//2044 1383//2044 
f 1389//2045 1383//2045 1385//2045 
f 1393//2046 1390//2046 1388//2046 
f 1393//2047 1388//2047 1384//2047 
f 1393//2048 1384//2048 1378//2048 
f 1394//2049 1389//2049 1391//2049 
f 1397//2050 1389//2050 1394//2050 
f 1397//2051 1381//2051 1389//2051 
f 1401//2052 1381//2052 1397//2052 
f 1402//2053 1400//2053 1396//2053 
f 1402//2054 1396//2054 1393//2054 
f 1406//2055 1401//2055 1403//2055 
f 1408//2056 1405//2056 1402//2056 
f 1409//2057 1401//2057 1406//2057 
f 1414//2058 1411//2058 1408//2058 
f 1420//2059 1417//2059 1414//2059 
f 1420//2060 1414//2060 1408//2060 
f 1424//2061 1409//2061 1412//2061 
f 1424//2062 1412//2062 1415//2062 
f 1424//2063 1415//2063 1418//2063 
f 1424//2064 1418//2064 1421//2064 
f 1424//2065 1401//2065 1409//2065 
f 1429//2066 1426//2066 1423//2066 
f 1429//2067 1423//2067 1420//2067 
f 1439//2068 1434//2068 1436//2068 
f 1441//2069 1438//2069 1435//2069 
f 1441//2070 1435//2070 1433//2070 
f 1441//2071 1433//2071 1429//2071 
f 1442//2072 1434//2072 1439//2072 
f 1442//2073 1424//2073 1427//2073 
f 1442//2074 1427//2074 1430//2074 
f 1442//2075 1430//2075 1434//2075 
f 1444//2076 1441//2076 1429//2076 
f 1451//2077 1445//2077 1448//2077 
f 1453//2078 1450//2078 1447//2078 
f 1453//2079 1447//2079 1444//2079 
f 1455//2080 1453//2080 1444//2080 
f 1496//2081 1445//2081 1451//2081 
f 1496//2082 1442//2082 1445//2082 
f 1496//2083 1451//2083 1454//2083 
f 1456//2084 1455//2084 1444//2084 
f 1457//2085 1456//2085 1444//2085 
f 1498//2086 1496//2086 1497//2086 
f 1500//2087 1401//2087 1424//2087 
f 1500//2088 1424//2088 1442//2088 
f 1500//2089 1496//2089 1498//2089 
f 1500//2090 1442//2090 1496//2090 
f 1500//2091 1375//2091 1381//2091 
f 1500//2092 1498//2092 1499//2092 
f 1500//2093 1381//2093 1401//2093 
f 1462//2094 1461//2094 1460//2094 
f 1462//2095 1460//2095 1459//2095 
f 1462//2096 1459//2096 1458//2096 
f 1462//2097 1458//2097 1457//2097 
f 1503//2098 1500//2098 1501//2098 
f 1503//2099 1501//2099 1502//2099 
f 1463//2100 1462//2100 1457//2100 
f 1505//2101 1503//2101 1504//2101 
f 1505//2102 1500//2102 1503//2102 
f 1465//2103 1464//2103 1463//2103 
f 1465//2104 1463//2104 1457//2104 
f 1467//2105 1466//2105 1465//2105 
f 1508//2106 1378//2106 1375//2106 
f 1508//2107 1500//2107 1505//2107 
f 1508//2108 1505//2108 1506//2108 
f 1508//2109 1506//2109 1507//2109 
f 1508//2110 1375//2110 1500//2110 
f 1508//2111 1393//2111 1378//2111 
f 1469//2112 1468//2112 1467//2112 
f 1510//2113 1508//2113 1509//2113 
f 1511//2114 1508//2114 1510//2114 
f 1472//2115 1471//2115 1470//2115 
f 1472//2116 1470//2116 1469//2116 
f 1513//2117 1511//2117 1512//2117 
f 1513//2118 1402//2118 1393//2118 
f 1513//2119 1393//2119 1508//2119 
f 1513//2120 1408//2120 1402//2120 
f 1513//2121 1508//2121 1511//2121 
f 1513//2122 1420//2122 1408//2122 
f 1495//2123 1472//2123 1469//2123 
f 1495//2124 1523//2124 1522//2124 
f 1495//2125 1522//2125 1472//2125 
f 1517//2126 1513//2126 1514//2126 
f 1517//2127 1514//2127 1515//2127 
f 1517//2128 1515//2128 1516//2128 
f 1493//2129 1495//2129 1469//2129 
f 1493//2130 1494//2130 1495//2130 
f 1492//2131 1493//2131 1469//2131 
f 1520//2132 1420//2132 1513//2132 
f 1520//2133 1513//2133 1517//2133 
f 1520//2134 1517//2134 1518//2134 
f 1520//2135 1518//2135 1519//2135 
f 1490//2136 1491//2136 1492//2136 
f 1474//2137 1520//2137 1521//2137 
f 1488//2138 1489//2138 1490//2138 
f 1487//2139 1488//2139 1490//2139 
f 1475//2140 1429//2140 1420//2140 
f 1475//2141 1444//2141 1429//2141 
f 1475//2142 1420//2142 1520//2142 
f 1475//2143 1520//2143 1474//2143 
f 1475//2144 1474//2144 1473//2144 
f 1486//2145 1490//2145 1492//2145 
f 1486//2146 1492//2146 1469//2146 
f 1486//2147 1487//2147 1490//2147 
f 1486//2148 1465//2148 1457//2148 
f 1486//2149 1467//2149 1465//2149 
f 1486//2150 1469//2150 1467//2150 
f 1477//2151 1475//2151 1476//2151 
f 1478//2152 1475//2152 1477//2152 
f 1483//2153 1484//2153 1485//2153 
f 1483//2154 1485//2154 1486//2154 
f 1479//2155 1475//2155 1478//2155 
f 1482//2156 1483//2156 1486//2156 
f 1480//2157 1475//2157 1479//2157 
f 1481//2158 1444//2158 1475//2158 
f 1481//2159 1457//2159 1444//2159 
f 1481//2160 1486//2160 1457//2160 
f 1481//2161 1482//2161 1486//2161 
f 1481//2162 1475//2162 1480//2162 
f 1524//2163 390//2163 1525//2163 
f 1526//2164 1525//2164 390//2164 
f 1527//2165 390//2165 1524//2165 
f 1528//2166 1526//2166 390//2166 
f 1529//2167 390//2167 1527//2167 
f 1530//2168 1528//2168 390//2168 
f 1531//2169 390//2169 1529//2169 
f 1532//2170 1530//2170 390//2170 
f 1533//2171 390//2171 1531//2171 
f 1534//2172 1532//2172 390//2172 
f 1535//2173 390//2173 1533//2173 
f 1536//2174 1534//2174 390//2174 
f 1537//2175 390//2175 1535//2175 
f 1538//2176 1536//2176 390//2176 
f 1539//2177 390//2177 1537//2177 
f 1540//2178 1538//2178 390//2178 
f 1541//2179 390//2179 1539//2179 
f 1542//2180 1540//2180 390//2180 
f 1543//2181 390//2181 1541//2181 
f 1544//2182 1542//2182 390//2182 
f 1545//2183 390//2183 1543//2183 
f 1546//2184 1544//2184 390//2184 
f 1547//2185 390//2185 1545//2185 
f 1548//2186 1546//2186 390//2186 
f 1549//2187 390//2187 1547//2187 
f 1550//2188 1548//2188 390//2188 
f 1551//2189 390//2189 1549//2189 
f 1552//2190 1550//2190 390//2190 
f 1553//2191 390//2191 1551//2191 
f 1554//2192 1552//2192 390//2192 
f 1555//2193 390//2193 1553//2193 
f 1556//2194 1554//2194 390//2194 
f 1557//2195 390//2195 1555//2195 
f 1558//2196 1559//2196 1560//2196 
f 1558//2197 1561//2197 1559//2197 
f 1558//2198 1562//2198 1561//2198 
f 1558//2199 390//2199 1557//2199 
f 1558//2200 1563//2200 1562//2200 
f 1558//2201 1564//2201 1563//2201 
f 1558//2202 1565//2202 1564//2202 
f 1558//2203 1566//2203 1565//2203 
f 1558//2204 1567//2204 1566//2204 
f 1558//2205 1568//2205 1567//2205 
f 1558//2206 1569//2206 1568//2206 
f 1558//2207 1570//2207 1569//2207 
f 1558//2208 1571//2208 1570//2208 
f 1558//2209 1572//2209 1571//2209 
f 1558//2210 1573//2210 1572//2210 
f 1558//2211 1557//2211 1573//2211 
f 1574//2212 1558//2212 1560//2212 
f 1575//2213 1558//2213 1574//2213 
f 1576//2214 1558//2214 1575//2214 
f 1577//2215 1558//2215 1576//2215 
f 1578//2216 1558//2216 1577//2216 
f 1579//2217 1558//2217 1578//2217 
f 1580//2218 1558//2218 1579//2218 
f 1581//2219 1558//2219 1580//2219 
f 1582//2220 1558//2220 1581//2220 
f 1230//2221 1583//2221 1556//2221 
f 1230//2222 1584//2222 1583//2222 
f 1230//2223 1585//2223 1584//2223 
f 1230//2224 1586//2224 1585//2224 
f 1230//2225 1587//2225 1586//2225 
f 1230//2226 1588//2226 1587//2226 
f 1230//2227 1589//2227 1588//2227 
f 1230//2228 1590//2228 1589//2228 
f 1230//2229 1591//2229 1590//2229 
f 1230//2230 1592//2230 1591//2230 
f 1230//2231 1593//2231 1592//2231 
f 1230//2232 1594//2232 1593//2232 
f 1230//2233 1595//2233 1594//2233 
f 1230//2234 1596//2234 1595//2234 
f 1230//2235 1597//2235 1596//2235 
f 1230//2236 1598//2236 1597//2236 
f 1230//2237 1599//2237 1598//2237 
f 1230//2238 1600//2238 1599//2238 
f 1230//2239 1601//2239 1600//2239 
f 1230//2240 1602//2240 1601//2240 
f 1230//2241 1603//2241 1602//2241 
f 1230//2242 1604//2242 1603//2242 
f 1230//2243 1605//2243 1604//2243 
f 1230//2244 1606//2244 1605//2244 
f 1230//2245 1556//2245 390//2245 
f 1607//2246 1606//2246 1230//2246 
f 1608//2247 1558//2247 1582//2247 
f 1609//2248 1607//2248 1230//2248 
f 1610//2249 1558//2249 1608//2249 
f 1611//2250 1609//2250 1230//2250 
f 1612//2251 1558//2251 1610//2251 
f 1613//2252 1611//2252 1230//2252 
f 1614//2253 1558//2253 1612//2253 
f 1615//2254 1613//2254 1230//2254 
f 1616//2255 1558//2255 1614//2255 
f 1617//2256 1615//2256 1230//2256 
f 1618//2257 1558//2257 1616//2257 
f 1619//2258 1617//2258 1230//2258 
f 1620//2259 1558//2259 1618//2259 
f 1621//2260 1619//2260 1230//2260 
f 1622//2261 1558//2261 1620//2261 
f 1229//2262 1558//2262 1622//2262 
f 1229//2263 1623//2263 1621//2263 
f 1229//2264 1621//2264 1230//2264 
f 1229//2265 1624//2265 1623//2265 
f 1229//2266 1625//2266 1624//2266 
f 1229//2267 1626//2267 1625//2267 
f 1229//2268 1627//2268 1626//2268 
f 1229//2269 1628//2269 1627//2269 
f 1229//2270 1629//2270 1628//2270 
f 1229//2271 1630//2271 1629//2271 
f 1229//2272 1631//2272 1630//2272 
f 1229//2273 1632//2273 1631//2273 
f 1229//2274 1633//2274 1632//2274 
f 1229//2275 1634//2275 1633//2275 
f 1229//2276 1635//2276 1634//2276 
f 1229//2277 1636//2277 1635//2277 
f 1229//2278 1637//2278 1636//2278 
f 1229//2279 1638//2279 1637//2279 
f 1229//2280 1639//2280 1638//2280 
f 1229//2281 1640//2281 1639//2281 
f 1229//2282 1641//2282 1640//2282 
f 1229//2283 1642//2283 1641//2283 
f 1229//2284 1643//2284 1642//2284 
f 1229//2285 1644//2285 1643//2285 
f 1229//2286 1645//2286 1644//2286 
f 1229//2287 1646//2287 1645//2287 
f 1229//2288 1647//2288 1646//2288 
f 1229//2289 1648//2289 1647//2289 
f 1229//2290 1649//2290 1648//2290 
f 1229//2291 1650//2291 1649//2291 
f 1229//2292 1622//2292 1650//2292 
f 1651//2293 1188//2293 1652//2293 
f 1653//2294 1652//2294 1188//2294 
f 1654//2295 1188//2295 1651//2295 
f 1655//2296 1653//2296 1188//2296 
f 1656//2297 1188//2297 1654//2297 
f 1657//2298 1655//2298 1188//2298 
f 1658//2299 1188//2299 1656//2299 
f 1659//2300 1657//2300 1188//2300 
f 1660//2301 1188//2301 1658//2301 
f 1661//2302 1659//2302 1188//2302 
f 1662//2303 1188//2303 1660//2303 
f 1663//2304 1661//2304 1188//2304 
f 1664//2305 1188//2305 1662//2305 
f 1665//2306 1663//2306 1188//2306 
f 1666//2307 1188//2307 1664//2307 
f 1667//2308 1665//2308 1188//2308 
f 1668//2309 1188//2309 1666//2309 
f 1669//2310 1667//2310 1188//2310 
f 1670//2311 1188//2311 1668//2311 
f 1671//2312 1669//2312 1188//2312 
f 1672//2313 1188//2313 1670//2313 
f 1673//2314 1671//2314 1188//2314 
f 1674//2315 1188//2315 1672//2315 
f 1675//2316 1673//2316 1188//2316 
f 1676//2317 1188//2317 1674//2317 
f 1677//2318 1675//2318 1188//2318 
f 1678//2319 1188//2319 1676//2319 
f 1679//2320 1677//2320 1188//2320 
f 1680//2321 1188//2321 1678//2321 
f 1681//2322 1679//2322 1188//2322 
f 1682//2323 1188//2323 1680//2323 
f 1683//2324 1188//2324 1682//2324 
f 1223//2325 1188//2325 1683//2325 
f 1223//2326 1684//2326 1685//2326 
f 1223//2327 1686//2327 1684//2327 
f 1223//2328 1687//2328 1686//2328 
f 1223//2329 1688//2329 1687//2329 
f 1223//2330 1689//2330 1688//2330 
f 1223//2331 1690//2331 1689//2331 
f 1223//2332 1683//2332 1690//2332 
f 1691//2333 1223//2333 1685//2333 
f 1692//2334 1223//2334 1691//2334 
f 1693//2335 1223//2335 1692//2335 
f 1694//2336 1223//2336 1693//2336 
f 1695//2337 1223//2337 1694//2337 
f 1696//2338 1223//2338 1695//2338 
f 1697//2339 1223//2339 1696//2339 
f 1698//2340 1223//2340 1697//2340 
f 1699//2341 1223//2341 1698//2341 
f 1700//2342 1223//2342 1699//2342 
f 1190//2343 1701//2343 1681//2343 
f 1190//2344 1702//2344 1701//2344 
f 1190//2345 1703//2345 1702//2345 
f 1190//2346 1704//2346 1703//2346 
f 1190//2347 1705//2347 1704//2347 
f 1190//2348 1706//2348 1705//2348 
f 1190//2349 1707//2349 1706//2349 
f 1190//2350 1681//2350 1188//2350 
f 1190//2351 1708//2351 1707//2351 
f 1190//2352 1709//2352 1708//2352 
f 1190//2353 1710//2353 1709//2353 
f 1190//2354 1711//2354 1710//2354 
f 1190//2355 1712//2355 1711//2355 
f 1190//2356 1713//2356 1712//2356 
f 1190//2357 1714//2357 1713//2357 
f 1190//2358 1715//2358 1714//2358 
f 1190//2359 1716//2359 1715//2359 
f 1190//2360 1717//2360 1716//2360 
f 1190//2361 1718//2361 1717//2361 
f 1190//2362 1719//2362 1718//2362 
f 1720//2363 1223//2363 1700//2363 
f 1721//2364 1719//2364 1190//2364 
f 1722//2365 1223//2365 1720//2365 
f 1723//2366 1721//2366 1190//2366 
f 1724//2367 1223//2367 1722//2367 
f 1725//2368 1723//2368 1190//2368 
f 1726//2369 1223//2369 1724//2369 
f 1727//2370 1725//2370 1190//2370 
f 1728//2371 1223//2371 1726//2371 
f 1729//2372 1727//2372 1190//2372 
f 1730//2373 1223//2373 1728//2373 
f 1731//2374 1729//2374 1190//2374 
f 1732//2375 1223//2375 1730//2375 
f 1733//2376 1731//2376 1190//2376 
f 1734//2377 1223//2377 1732//2377 
f 1735//2378 1733//2378 1190//2378 
f 1736//2379 1223//2379 1734//2379 
f 1737//2380 1735//2380 1190//2380 
f 1738//2381 1223//2381 1736//2381 
f 1739//2382 1737//2382 1190//2382 
f 1740//2383 1223//2383 1738//2383 
f 1741//2384 1739//2384 1190//2384 
f 1742//2385 1223//2385 1740//2385 
f 1743//2386 1741//2386 1190//2386 
f 1744//2387 1743//2387 1190//2387 
f 1745//2388 1744//2388 1190//2388 
f 1746//2389 1747//2389 1745//2389 
f 1746//2390 1748//2390 1747//2390 
f 1746//2391 1749//2391 1748//2391 
f 1746//2392 1750//2392 1749//2392 
f 1746//2393 1751//2393 1750//2393 
f 1746//2394 1752//2394 1751//2394 
f 1746//2395 1753//2395 1752//2395 
f 1746//2396 1754//2396 1753//2396 
f 1746//2397 1755//2397 1754//2397 
f 1746//2398 1756//2398 1755//2398 
f 1746//2399 1757//2399 1756//2399 
f 1746//2400 1758//2400 1757//2400 
f 1746//2401 1759//2401 1758//2401 
f 1746//2402 1760//2402 1759//2402 
f 1746//2403 1761//2403 1760//2403 
f 1746//2404 1762//2404 1761//2404 
f 1746//2405 1763//2405 1762//2405 
f 1746//2406 1764//2406 1763//2406 
f 1746//2407 1765//2407 1764//2407 
f 1746//2408 1745//2408 1190//2408 
f 1746//2409 1766//2409 1765//2409 
f 1746//2410 1223//2410 1742//2410 
f 1746//2411 1767//2411 1766//2411 
f 1746//2412 1768//2412 1767//2412 
f 1746//2413 1769//2413 1768//2413 
f 1746//2414 1770//2414 1769//2414 
f 1746//2415 1771//2415 1770//2415 
f 1746//2416 1772//2416 1771//2416 
f 1746//2417 1773//2417 1772//2417 
f 1746//2418 1774//2418 1773//2418 
f 1746//2419 1775//2419 1774//2419 
f 1746//2420 1776//2420 1775//2420 
f 1746//2421 1777//2421 1776//2421 
f 1746//2422 1742//2422 1777//2422 
f 1778//2423 1779//2423 1780//2423 
f 1781//2424 1780//2424 1779//2424 
f 1782//2425 1779//2425 1778//2425 
f 1783//2426 1781//2426 1779//2426 
f 1784//2427 1779//2427 1782//2427 
f 1785//2428 1783//2428 1779//2428 
f 1786//2429 1779//2429 1784//2429 
f 1787//2430 1785//2430 1779//2430 
f 1788//2431 1779//2431 1786//2431 
f 1789//2432 1787//2432 1779//2432 
f 1790//2433 1779//2433 1788//2433 
f 1791//2434 1789//2434 1779//2434 
f 1792//2435 1779//2435 1790//2435 
f 1793//2436 1791//2436 1779//2436 
f 1794//2437 1779//2437 1792//2437 
f 1795//2438 1793//2438 1779//2438 
f 1796//2439 1779//2439 1794//2439 
f 1797//2440 1795//2440 1779//2440 
f 1798//2441 1779//2441 1796//2441 
f 1799//2442 1797//2442 1779//2442 
f 1800//2443 1779//2443 1798//2443 
f 1801//2444 1799//2444 1779//2444 
f 1802//2445 1779//2445 1800//2445 
f 1803//2446 1801//2446 1779//2446 
f 1804//2447 1779//2447 1802//2447 
f 1805//2448 1803//2448 1779//2448 
f 1806//2449 1779//2449 1804//2449 
f 1807//2450 1805//2450 1779//2450 
f 1808//2451 1779//2451 1806//2451 
f 1809//2452 1807//2452 1779//2452 
f 1810//2453 1809//2453 1779//2453 
f 1811//2454 1810//2454 1779//2454 
f 1812//2455 1811//2455 1779//2455 
f 1813//2456 1812//2456 1779//2456 
f 389//2457 1814//2457 1815//2457 
f 389//2458 1816//2458 1814//2458 
f 389//2459 1817//2459 1816//2459 
f 389//2460 1818//2460 1817//2460 
f 389//2461 1819//2461 1818//2461 
f 389//2462 1820//2462 1819//2462 
f 389//2463 1821//2463 1820//2463 
f 389//2464 1822//2464 1821//2464 
f 389//2465 1823//2465 1822//2465 
f 389//2466 1824//2466 1823//2466 
f 389//2467 1825//2467 1824//2467 
f 389//2468 1826//2468 1825//2468 
f 389//2469 1808//2469 1826//2469 
f 389//2470 1779//2470 1808//2470 
f 1827//2471 389//2471 1815//2471 
f 1828//2472 389//2472 1827//2472 
f 1829//2473 389//2473 1828//2473 
f 1830//2474 389//2474 1829//2474 
f 1831//2475 389//2475 1830//2475 
f 1832//2476 389//2476 1831//2476 
f 1833//2477 389//2477 1832//2477 
f 1834//2478 389//2478 1833//2478 
f 1835//2479 389//2479 1834//2479 
f 1836//2480 389//2480 1835//2480 
f 1837//2481 389//2481 1836//2481 
f 1838//2482 389//2482 1837//2482 
f 1839//2483 389//2483 1838//2483 
f 1840//2484 389//2484 1839//2484 
f 1841//2485 389//2485 1840//2485 
f 1842//2486 389//2486 1841//2486 
f 1843//2487 389//2487 1842//2487 
f 1844//2488 389//2488 1843//2488 
f 1845//2489 389//2489 1844//2489 
f 1846//2490 389//2490 1845//2490 
f 1847//2491 389//2491 1846//2491 
f 1848//2492 1849//2492 1850//2492 
f 1848//2493 1851//2493 1849//2493 
f 1852//2494 1850//2494 1849//2494 
f 1852//2495 1849//2495 1853//2495 
f 1854//2496 1855//2496 1851//2496 
f 1854//2497 1856//2497 1855//2497 
f 1854//2498 1851//2498 1848//2498 
f 1857//2499 1853//2499 1858//2499 
f 1857//2500 1852//2500 1853//2500 
f 1859//2501 1856//2501 1854//2501 
f 1860//2502 1861//2502 1862//2502 
f 1860//2503 1858//2503 1861//2503 
f 1860//2504 1857//2504 1858//2504 
f 1863//2505 1856//2505 1859//2505 
f 1863//2506 1864//2506 1856//2506 
f 1865//2507 1860//2507 1862//2507 
f 1866//2508 1864//2508 1863//2508 
f 1866//2509 1867//2509 1864//2509 
f 1868//2510 1865//2510 1862//2510 
f 1868//2511 1862//2511 1869//2511 
f 1870//2512 1867//2512 1866//2512 
f 1870//2513 1871//2513 1867//2513 
f 1870//2514 1872//2514 1871//2514 
f 1873//2515 1872//2515 1870//2515 
f 1874//2516 1872//2516 1873//2516 
f 1874//2517 1875//2517 1872//2517 
f 1874//2518 1876//2518 1875//2518 
f 1877//2519 1876//2519 1874//2519 
f 1878//2520 1876//2520 1877//2520 
f 1878//2521 1879//2521 1876//2521 
f 1880//2522 1879//2522 1878//2522 
f 1880//2523 1881//2523 1879//2523 
f 1882//2524 1881//2524 1880//2524 
f 1882//2525 1883//2525 1881//2525 
f 1884//2526 1883//2526 1882//2526 
f 1884//2527 1885//2527 1883//2527 
f 1886//2528 1885//2528 1884//2528 
f 1886//2529 1887//2529 1885//2529 
f 1888//2530 1887//2530 1886//2530 
f 1888//2531 1889//2531 1887//2531 
f 1890//2532 1889//2532 1888//2532 
f 1890//2533 1891//2533 1889//2533 
f 1892//2534 1891//2534 1890//2534 
f 1892//2535 1893//2535 1891//2535 
f 1892//2536 1894//2536 1893//2536 
f 1895//2537 1894//2537 1892//2537 
f 1895//2538 1896//2538 1894//2538 
f 1897//2539 1896//2539 1895//2539 
f 1898//2540 1899//2540 1896//2540 
f 1898//2541 1896//2541 1897//2541 
f 1900//2542 1899//2542 1898//2542 
f 1900//2543 1901//2543 1899//2543 
f 1902//2544 1901//2544 1900//2544 
f 1902//2545 1903//2545 1901//2545 
f 1904//2546 1903//2546 1902//2546 
f 1904//2547 1905//2547 1903//2547 
f 1906//2548 1907//2548 1905//2548 
f 1906//2549 1905//2549 1904//2549 
f 1908//2550 1909//2550 1907//2550 
f 1908//2551 1907//2551 1906//2551 
f 1910//2552 1911//2552 1909//2552 
f 1910//2553 1912//2553 1911//2553 
f 1910//2554 1909//2554 1908//2554 
f 1913//2555 1912//2555 1910//2555 
f 1914//2556 1915//2556 1912//2556 
f 1914//2557 1912//2557 1913//2557 
f 1916//2558 1917//2558 1915//2558 
f 1916//2559 1915//2559 1914//2559 
f 1918//2560 1919//2560 1917//2560 
f 1918//2561 1917//2561 1916//2561 
f 1920//2562 1921//2562 1922//2562 
f 1920//2563 1923//2563 1921//2563 
f 1920//2564 1924//2564 1923//2564 
f 1920//2565 1925//2565 1924//2565 
f 1920//2566 1926//2566 1925//2566 
f 1920//2567 1927//2567 1926//2567 
f 1920//2568 1928//2568 1927//2568 
f 1920//2569 1929//2569 1928//2569 
f 1920//2570 1930//2570 1929//2570 
f 1920//2571 1931//2571 1930//2571 
f 1920//2572 1932//2572 1931//2572 
f 1920//2573 1933//2573 1932//2573 
f 1920//2574 1934//2574 1933//2574 
f 1920//2575 1935//2575 1934//2575 
f 1920//2576 1936//2576 1935//2576 
f 1920//2577 1937//2577 1936//2577 
f 1920//2578 1938//2578 1937//2578 
f 1920//2579 1939//2579 1938//2579 
f 1940//2580 1919//2580 1918//2580 
f 1940//2581 1941//2581 1919//2581 
f 1942//2582 1939//2582 1920//2582 
f 1943//2583 1944//2583 1941//2583 
f 1943//2584 1941//2584 1940//2584 
f 1945//2585 1942//2585 1920//2585 
f 1946//2586 1947//2586 1944//2586 
f 1946//2587 1944//2587 1943//2587 
f 1948//2588 1945//2588 1920//2588 
f 1949//2589 1947//2589 1946//2589 
f 1949//2590 1950//2590 1947//2590 
f 1951//2591 1948//2591 1920//2591 
f 1952//2592 1950//2592 1949//2592 
f 1952//2593 1953//2593 1950//2593 
f 1954//2594 1951//2594 1920//2594 
f 1955//2595 1953//2595 1952//2595 
f 1955//2596 1956//2596 1953//2596 
f 1957//2597 1954//2597 1920//2597 
f 1958//2598 1956//2598 1955//2598 
f 1958//2599 1959//2599 1956//2599 
f 1960//2600 1957//2600 1920//2600 
f 1961//2601 1959//2601 1958//2601 
f 1961//2602 1962//2602 1959//2602 
f 1963//2603 1960//2603 1920//2603 
f 1964//2604 1963//2604 1920//2604 
f 1965//2605 1964//2605 1920//2605 
f 1966//2606 1965//2606 1920//2606 
f 1967//2607 1966//2607 1920//2607 
f 1968//2608 1967//2608 1920//2608 
f 1969//2609 1968//2609 1920//2609 
f 1970//2610 1969//2610 1920//2610 
f 1971//2611 1970//2611 1920//2611 
f 1972//2612 1973//2612 1974//2612 
f 1972//2613 1975//2613 1973//2613 
f 1972//2614 1976//2614 1975//2614 
f 1972//2615 1977//2615 1976//2615 
f 1972//2616 1978//2616 1977//2616 
f 1972//2617 1979//2617 1978//2617 
f 1972//2618 1980//2618 1979//2618 
f 1972//2619 1981//2619 1980//2619 
f 1972//2620 1982//2620 1981//2620 
f 1972//2621 1983//2621 1982//2621 
f 1972//2622 1984//2622 1983//2622 
f 1972//2623 1985//2623 1971//2623 
f 1972//2624 1986//2624 1984//2624 
f 1972//2625 1987//2625 1986//2625 
f 1972//2626 1988//2626 1987//2626 
f 1972//2627 1989//2627 1988//2627 
f 1972//2628 1990//2628 1989//2628 
f 1972//2629 1991//2629 1990//2629 
f 1972//2630 1992//2630 1991//2630 
f 1972//2631 1993//2631 1992//2631 
f 1972//2632 1994//2632 1993//2632 
f 1972//2633 1971//2633 1920//2633 
f 1972//2634 1995//2634 1985//2634 
f 1972//2635 1996//2635 1995//2635 
f 1972//2636 1997//2636 1996//2636 
f 1972//2637 1998//2637 1997//2637 
f 1972//2638 1999//2638 1998//2638 
f 1972//2639 2000//2639 1999//2639 
f 1972//2640 2001//2640 2000//2640 
f 1972//2641 2002//2641 2001//2641 
f 1972//2642 2003//2642 2002//2642 
f 1972//2643 2004//2643 2003//2643 
f 1972//2644 2005//2644 2004//2644 
f 1972//2645 2006//2645 2005//2645 
f 1972//2646 1974//2646 2006//2646 
f 389//2647 390//2647 1558//2647 
f 389//2648 1558//2648 1779//2648 
f 1779//2649 1920//2649 1922//2649 
f 1779//2650 1922//2650 2007//2650 
f 1779//2651 2007//2651 2008//2651 
f 1779//2652 2008//2652 2009//2652 
f 1779//2653 2009//2653 2010//2653 
f 1779//2654 2010//2654 2011//2654 
f 1779//2655 2011//2655 2012//2655 
f 1779//2656 2012//2656 1868//2656 
f 1779//2657 1868//2657 1813//2657 
f 1813//2658 1868//2658 2013//2658 
f 2013//2659 1868//2659 2014//2659 
f 2014//2660 1868//2660 2015//2660 
f 2015//2661 1868//2661 2016//2661 
f 2016//2662 1868//2662 2017//2662 
f 2017//2663 1868//2663 2018//2663 
f 2018//2664 1868//2664 1869//2664 
f 1190//2665 1972//2665 1920//2665 
f 1190//2666 1920//2666 1746//2666 
f 1972//2667 389//2667 1847//2667 
f 1972//2668 1847//2668 2019//2668 
f 1972//2669 2019//2669 2020//2669 
f 1972//2670 2020//2670 2021//2670 
f 1972//2671 2021//2671 2022//2671 
f 1972//2672 2022//2672 2023//2672 
f 1972//2673 2023//2673 2024//2673 
f 1972//2674 2024//2674 2025//2674 
f 1972//2675 2025//2675 1962//2675 
f 1972//2676 1962//2676 1994//2676 
f 1994//2677 1962//2677 2026//2677 
f 2026//2678 1962//2678 2027//2678 
f 2027//2679 1962//2679 2028//2679 
f 2028//2680 1962//2680 2029//2680 
f 2029//2681 1962//2681 2030//2681 
f 2030//2682 1962//2682 2031//2682 
f 2031//2683 1962//2683 2032//2683 
f 2032//2684 1962//2684 1961//2684 
f 2033//2685 54//2685 315//2685 
f 2033//2686 896//2686 54//2686 
f 2034//2687 315//2687 317//2687 
f 2034//2688 2033//2688 315//2688 
f 2035//2689 317//2689 320//2689 
f 2035//2690 2034//2690 317//2690 
f 2036//2691 320//2691 322//2691 
f 2036//2692 2035//2692 320//2692 
f 2037//2693 322//2693 323//2693 
f 2037//2694 2036//2694 322//2694 
f 2038//2695 2037//2695 323//2695 
f 2038//2696 323//2696 325//2696 
f 2039//2697 325//2697 327//2697 
f 2039//2698 2038//2698 325//2698 
f 2040//2699 2039//2699 327//2699 
f 2040//2700 327//2700 329//2700 
f 2041//2701 329//2701 332//2701 
f 2041//2702 2040//2702 329//2702 
f 2042//2703 332//2703 334//2703 
f 2042//2704 2041//2704 332//2704 
f 2043//2705 334//2705 336//2705 
f 2043//2706 2042//2706 334//2706 
f 2044//2707 336//2707 338//2707 
f 2044//2708 338//2708 340//2708 
f 2044//2709 2043//2709 336//2709 
f 2045//2710 2044//2710 340//2710 
f 2045//2711 340//2711 342//2711 
f 2046//2712 342//2712 344//2712 
f 2046//2713 2045//2713 342//2713 
f 2047//2714 344//2714 346//2714 
f 2047//2715 2046//2715 344//2715 
f 2048//2716 346//2716 348//2716 
f 2048//2717 2047//2717 346//2717 
f 2049//2718 348//2718 350//2718 
f 2049//2719 2048//2719 348//2719 
f 2050//2720 350//2720 352//2720 
f 2050//2721 2049//2721 350//2721 
f 2051//2722 352//2722 354//2722 
f 2051//2723 2050//2723 352//2723 
f 2052//2724 354//2724 356//2724 
f 2052//2725 2051//2725 354//2725 
f 2053//2726 356//2726 358//2726 
f 2053//2727 2052//2727 356//2727 
f 2054//2728 358//2728 360//2728 
f 2054//2729 2053//2729 358//2729 
f 2055//2730 360//2730 362//2730 
f 2055//2731 2054//2731 360//2731 
f 2056//2732 362//2732 364//2732 
f 2056//2733 2055//2733 362//2733 
f 2057//2734 2056//2734 364//2734 
f 2058//2735 364//2735 366//2735 
f 2058//2736 2057//2736 364//2736 
f 2059//2737 366//2737 368//2737 
f 2059//2738 2058//2738 366//2738 
f 2060//2739 368//2739 370//2739 
f 2060//2740 2059//2740 368//2740 
f 2061//2741 370//2741 372//2741 
f 2061//2742 2060//2742 370//2742 
f 2062//2743 2061//2743 372//2743 
f 2062//2744 372//2744 374//2744 
f 2063//2745 2062//2745 374//2745 
f 2063//2746 374//2746 376//2746 
f 2064//2747 2063//2747 376//2747 
f 2064//2748 376//2748 378//2748 
f 2065//2749 2064//2749 378//2749 
f 2065//2750 378//2750 380//2750 
f 2066//2751 2065//2751 380//2751 
f 2066//2752 380//2752 381//2752 
f 2067//2753 2066//2753 381//2753 
f 2067//2754 381//2754 383//2754 
f 2068//2755 2067//2755 383//2755 
f 2068//2756 383//2756 385//2756 
f 2069//2757 2068//2757 385//2757 
f 2069//2758 385//2758 387//2758 
f 2069//2759 387//2759 389//2759 
f 1972//2760 2069//2760 389//2760 
f 2070//2761 2071//2761 489//2761 
f 489//2762 2071//2762 490//2762 
f 490//2763 2072//2763 492//2763 
f 492//2764 2072//2764 495//2764 
f 2071//2765 2072//2765 490//2765 
f 2072//2766 2073//2766 495//2766 
f 495//2767 2074//2767 496//2767 
f 2073//2768 2074//2768 495//2768 
f 496//2769 2075//2769 498//2769 
f 2074//2770 2075//2770 496//2770 
f 498//2771 2076//2771 500//2771 
f 2075//2772 2076//2772 498//2772 
f 500//2773 2077//2773 502//2773 
f 2076//2774 2077//2774 500//2774 
f 502//2775 2078//2775 504//2775 
f 2077//2776 2078//2776 502//2776 
f 504//2777 2079//2777 506//2777 
f 2078//2778 2079//2778 504//2778 
f 506//2779 2080//2779 508//2779 
f 508//2780 2080//2780 510//2780 
f 2079//2781 2080//2781 506//2781 
f 2080//2782 2081//2782 510//2782 
f 2081//2783 2082//2783 510//2783 
f 510//2784 2082//2784 512//2784 
f 2082//2785 2083//2785 512//2785 
f 512//2786 2083//2786 514//2786 
f 514//2787 2083//2787 516//2787 
f 2083//2788 2084//2788 516//2788 
f 2084//2789 2085//2789 516//2789 
f 516//2790 2085//2790 518//2790 
f 2085//2791 2086//2791 518//2791 
f 518//2792 2086//2792 520//2792 
f 520//2793 2086//2793 522//2793 
f 2086//2794 2087//2794 522//2794 
f 2087//2795 2088//2795 522//2795 
f 522//2796 2088//2796 524//2796 
f 2088//2797 2089//2797 524//2797 
f 524//2798 2089//2798 548//2798 
f 2089//2799 2090//2799 548//2799 
f 548//2800 2090//2800 551//2800 
f 2090//2801 2091//2801 551//2801 
f 551//2802 2091//2802 554//2802 
f 2091//2803 2092//2803 554//2803 
f 554//2804 2092//2804 642//2804 
f 642//2805 2092//2805 640//2805 
f 2092//2806 2093//2806 640//2806 
f 640//2807 2094//2807 638//2807 
f 638//2808 2094//2808 636//2808 
f 2093//2809 2094//2809 640//2809 
f 636//2810 2095//2810 634//2810 
f 2094//2811 2095//2811 636//2811 
f 2095//2812 2096//2812 634//2812 
f 634//2813 2097//2813 632//2813 
f 2096//2814 2097//2814 634//2814 
f 632//2815 2098//2815 629//2815 
f 2097//2816 2098//2816 632//2816 
f 629//2817 2099//2817 627//2817 
f 2098//2818 2099//2818 629//2818 
f 627//2819 2100//2819 626//2819 
f 2099//2820 2100//2820 627//2820 
f 626//2821 2101//2821 624//2821 
f 2100//2822 2101//2822 626//2822 
f 624//2823 2102//2823 622//2823 
f 2101//2824 2102//2824 624//2824 
f 622//2825 2103//2825 620//2825 
f 2102//2826 2103//2826 622//2826 
f 620//2827 2104//2827 618//2827 
f 2103//2828 2104//2828 620//2828 
f 618//2829 2105//2829 615//2829 
f 2104//2830 2105//2830 618//2830 
f 615//2831 2106//2831 613//2831 
f 613//2832 2106//2832 612//2832 
f 2105//2833 2106//2833 615//2833 
f 2106//2834 2107//2834 612//2834 
f 2107//2835 2108//2835 612//2835 
f 612//2836 2108//2836 607//2836 
f 607//2837 2108//2837 605//2837 
f 2108//2838 2109//2838 605//2838 
f 2109//2839 2110//2839 605//2839 
f 605//2840 2110//2840 602//2840 
f 2110//2841 2111//2841 602//2841 
f 602//2842 2111//2842 598//2842 
f 2111//2843 2112//2843 598//2843 
f 598//2844 2112//2844 591//2844 
f 2112//2845 2113//2845 591//2845 
f 591//2846 2113//2846 589//2846 
f 589//2847 2113//2847 586//2847 
f 2113//2848 2114//2848 586//2848 
f 586//2849 2114//2849 582//2849 
f 2114//2850 2115//2850 582//2850 
f 2115//2851 2116//2851 582//2851 
f 582//2852 2116//2852 578//2852 
f 578//2853 2116//2853 573//2853 
f 2116//2854 2117//2854 573//2854 
f 2117//2855 2118//2855 573//2855 
f 573//2856 2118//2856 576//2856 
f 576//2857 2118//2857 580//2857 
f 2118//2858 2119//2858 580//2858 
f 580//2859 2119//2859 583//2859 
f 2119//2860 2120//2860 583//2860 
f 2120//2861 2121//2861 583//2861 
f 583//2862 2121//2862 588//2862 
f 2121//2863 2122//2863 588//2863 
f 588//2864 2122//2864 592//2864 
f 2122//2865 2123//2865 592//2865 
f 592//2866 2123//2866 596//2866 
f 2123//2867 2124//2867 596//2867 
f 596//2868 2124//2868 599//2868 
f 2124//2869 2125//2869 599//2869 
f 599//2870 2125//2870 604//2870 
f 2125//2871 2126//2871 604//2871 
f 604//2872 2126//2872 609//2872 
f 609//2873 2126//2873 432//2873 
f 2126//2874 2127//2874 432//2874 
f 432//2875 2128//2875 431//2875 
f 2127//2876 2128//2876 432//2876 
f 431//2877 2129//2877 430//2877 
f 2128//2878 2129//2878 431//2878 
f 430//2879 2130//2879 428//2879 
f 2129//2880 2130//2880 430//2880 
f 428//2881 2131//2881 426//2881 
f 2130//2882 2131//2882 428//2882 
f 2131//2883 2132//2883 426//2883 
f 426//2884 2132//2884 424//2884 
f 2132//2885 2133//2885 424//2885 
f 424//2886 2133//2886 422//2886 
f 2133//2887 2134//2887 422//2887 
f 422//2888 2134//2888 420//2888 
f 2134//2889 2135//2889 420//2889 
f 420//2890 2135//2890 418//2890 
f 2135//2891 2136//2891 418//2891 
f 418//2892 2136//2892 416//2892 
f 2136//2893 2137//2893 416//2893 
f 416//2894 2137//2894 414//2894 
f 2137//2895 2138//2895 414//2895 
f 414//2896 2138//2896 412//2896 
f 2138//2897 2139//2897 412//2897 
f 412//2898 2139//2898 410//2898 
f 2139//2899 2140//2899 410//2899 
f 410//2900 2140//2900 408//2900 
f 2140//2901 2141//2901 408//2901 
f 408//2902 2141//2902 406//2902 
f 2141//2903 2142//2903 406//2903 
f 406//2904 2142//2904 404//2904 
f 2142//2905 2143//2905 404//2905 
f 404//2906 2143//2906 402//2906 
f 2143//2907 2144//2907 402//2907 
f 402//2908 2144//2908 400//2908 
f 400//2909 2145//2909 398//2909 
f 2144//2910 2145//2910 400//2910 
f 398//2911 2146//2911 396//2911 
f 2145//2912 2146//2912 398//2912 
f 396//2913 2147//2913 394//2913 
f 2146//2914 2147//2914 396//2914 
f 394//2915 2148//2915 391//2915 
f 2147//2916 2148//2916 394//2916 
f 391//2917 2149//2917 392//2917 
f 2148//2918 2149//2918 391//2918 
f 392//2919 2150//2919 393//2919 
f 2149//2920 2150//2920 392//2920 
f 393//2921 2151//2921 395//2921 
f 2150//2922 2151//2922 393//2922 
f 395//2923 2152//2923 397//2923 
f 2151//2924 2152//2924 395//2924 
f 397//2925 2153//2925 399//2925 
f 2152//2926 2153//2926 397//2926 
f 399//2927 2154//2927 401//2927 
f 2153//2928 2154//2928 399//2928 
f 401//2929 2155//2929 403//2929 
f 2154//2930 2155//2930 401//2930 
f 403//2931 2156//2931 405//2931 
f 2155//2932 2156//2932 403//2932 
f 405//2933 2157//2933 407//2933 
f 2156//2934 2157//2934 405//2934 
f 2157//2935 2158//2935 407//2935 
f 407//2936 2158//2936 409//2936 
f 2158//2937 2159//2937 409//2937 
f 409//2938 2159//2938 411//2938 
f 2159//2939 2160//2939 411//2939 
f 411//2940 2160//2940 413//2940 
f 2160//2941 2161//2941 413//2941 
f 413//2942 2161//2942 415//2942 
f 415//2943 2162//2943 417//2943 
f 2161//2944 2162//2944 415//2944 
f 417//2945 2163//2945 419//2945 
f 2162//2946 2163//2946 417//2946 
f 419//2947 2164//2947 421//2947 
f 2163//2948 2164//2948 419//2948 
f 421//2949 2165//2949 423//2949 
f 2164//2950 2165//2950 421//2950 
f 423//2951 2166//2951 425//2951 
f 2165//2952 2166//2952 423//2952 
f 425//2953 2167//2953 427//2953 
f 2166//2954 2167//2954 425//2954 
f 427//2955 2168//2955 429//2955 
f 2167//2956 2168//2956 427//2956 
f 429//2957 2169//2957 479//2957 
f 2168//2958 2169//2958 429//2958 
f 479//2959 2170//2959 471//2959 
f 2169//2960 2170//2960 479//2960 
f 471//2961 2171//2961 469//2961 
f 2170//2962 2171//2962 471//2962 
f 469//2963 2172//2963 463//2963 
f 2171//2964 2172//2964 469//2964 
f 463//2965 2173//2965 459//2965 
f 2172//2966 2173//2966 463//2966 
f 459//2967 2174//2967 457//2967 
f 2173//2968 2174//2968 459//2968 
f 457//2969 2175//2969 454//2969 
f 2174//2970 2175//2970 457//2970 
f 454//2971 2176//2971 450//2971 
f 2175//2972 2176//2972 454//2972 
f 450//2973 2177//2973 446//2973 
f 2176//2974 2177//2974 450//2974 
f 446//2975 2178//2975 442//2975 
f 2177//2976 2178//2976 446//2976 
f 442//2977 2179//2977 438//2977 
f 2178//2978 2179//2978 442//2978 
f 438//2979 2180//2979 435//2979 
f 2179//2980 2180//2980 438//2980 
f 435//2981 2181//2981 433//2981 
f 2180//2982 2181//2982 435//2982 
f 2181//2983 2182//2983 433//2983 
f 433//2984 2182//2984 439//2984 
f 2182//2985 2183//2985 439//2985 
f 439//2986 2183//2986 444//2986 
f 2183//2987 2184//2987 444//2987 
f 444//2988 2184//2988 447//2988 
f 2184//2989 2185//2989 447//2989 
f 447//2990 2185//2990 451//2990 
f 2185//2991 2186//2991 451//2991 
f 451//2992 2186//2992 455//2992 
f 2186//2993 2187//2993 455//2993 
f 455//2994 2187//2994 460//2994 
f 2187//2995 2188//2995 460//2995 
f 460//2996 2188//2996 464//2996 
f 2188//2997 2189//2997 464//2997 
f 464//2998 2189//2998 468//2998 
f 2189//2999 2190//2999 468//2999 
f 468//3000 2190//3000 472//3000 
f 2190//3001 2191//3001 472//3001 
f 472//3002 2191//3002 475//3002 
f 2191//3003 2192//3003 475//3003 
f 475//3004 2192//3004 477//3004 
f 2192//3005 2193//3005 477//3005 
f 477//3006 2193//3006 482//3006 
f 2193//3007 2194//3007 482//3007 
f 482//3008 2194//3008 485//3008 
f 485//3009 2195//3009 487//3009 
f 2194//3010 2195//3010 485//3010 
f 487//3011 2195//3011 489//3011 
f 2195//3012 2070//3012 489//3012 
f 2196//3013 2197//3013 566//3013 
f 566//3014 2197//3014 567//3014 
f 567//3015 2198//3015 568//3015 
f 568//3016 2198//3016 569//3016 
f 2197//3017 2198//3017 567//3017 
f 2198//3018 2199//3018 569//3018 
f 569//3019 2200//3019 570//3019 
f 2199//3020 2200//3020 569//3020 
f 570//3021 2201//3021 571//3021 
f 2200//3022 2201//3022 570//3022 
f 571//3023 2202//3023 572//3023 
f 2201//3024 2202//3024 571//3024 
f 572//3025 2203//3025 840//3025 
f 2202//3026 2203//3026 572//3026 
f 840//3027 2204//3027 838//3027 
f 2203//3028 2204//3028 840//3028 
f 838//3029 2205//3029 837//3029 
f 2204//3030 2205//3030 838//3030 
f 837//3031 2206//3031 830//3031 
f 830//3032 2206//3032 829//3032 
f 2205//3033 2206//3033 837//3033 
f 2206//3034 2207//3034 829//3034 
f 2207//3035 2208//3035 829//3035 
f 829//3036 2208//3036 825//3036 
f 2208//3037 2209//3037 825//3037 
f 825//3038 2209//3038 818//3038 
f 818//3039 2209//3039 815//3039 
f 2209//3040 2210//3040 815//3040 
f 2210//3041 2211//3041 815//3041 
f 815//3042 2211//3042 813//3042 
f 2211//3043 2212//3043 813//3043 
f 813//3044 2212//3044 807//3044 
f 807//3045 2212//3045 805//3045 
f 2212//3046 2213//3046 805//3046 
f 2213//3047 2214//3047 805//3047 
f 805//3048 2214//3048 798//3048 
f 2214//3049 2215//3049 798//3049 
f 798//3050 2215//3050 797//3050 
f 2215//3051 2216//3051 797//3051 
f 797//3052 2216//3052 790//3052 
f 2216//3053 2217//3053 790//3053 
f 790//3054 2217//3054 788//3054 
f 2217//3055 2218//3055 788//3055 
f 788//3056 2218//3056 785//3056 
f 785//3057 2218//3057 782//3057 
f 2218//3058 2219//3058 782//3058 
f 782//3059 2220//3059 777//3059 
f 777//3060 2220//3060 774//3060 
f 2219//3061 2220//3061 782//3061 
f 774//3062 2221//3062 766//3062 
f 2220//3063 2221//3063 774//3063 
f 2221//3064 2222//3064 766//3064 
f 766//3065 2223//3065 765//3065 
f 2222//3066 2223//3066 766//3066 
f 765//3067 2224//3067 761//3067 
f 2223//3068 2224//3068 765//3068 
f 761//3069 2225//3069 758//3069 
f 2224//3070 2225//3070 761//3070 
f 758//3071 2226//3071 753//3071 
f 2225//3072 2226//3072 758//3072 
f 753//3073 2227//3073 749//3073 
f 2226//3074 2227//3074 753//3074 
f 749//3075 2228//3075 746//3075 
f 2227//3076 2228//3076 749//3076 
f 746//3077 2229//3077 741//3077 
f 2228//3078 2229//3078 746//3078 
f 741//3079 2230//3079 734//3079 
f 2229//3080 2230//3080 741//3080 
f 734//3081 2231//3081 731//3081 
f 2230//3082 2231//3082 734//3082 
f 731//3083 2232//3083 730//3083 
f 730//3084 2232//3084 722//3084 
f 2231//3085 2232//3085 731//3085 
f 2232//3086 2233//3086 722//3086 
f 2233//3087 2234//3087 722//3087 
f 722//3088 2234//3088 720//3088 
f 720//3089 2234//3089 718//3089 
f 2234//3090 2235//3090 718//3090 
f 2235//3091 2236//3091 718//3091 
f 718//3092 2236//3092 710//3092 
f 2236//3093 2237//3093 710//3093 
f 710//3094 2237//3094 709//3094 
f 2237//3095 2238//3095 709//3095 
f 709//3096 2238//3096 555//3096 
f 2238//3097 2239//3097 555//3097 
f 555//3098 2239//3098 552//3098 
f 552//3099 2239//3099 549//3099 
f 2239//3100 2240//3100 549//3100 
f 549//3101 2240//3101 525//3101 
f 2240//3102 2241//3102 525//3102 
f 2241//3103 2242//3103 525//3103 
f 525//3104 2242//3104 523//3104 
f 523//3105 2242//3105 521//3105 
f 2242//3106 2243//3106 521//3106 
f 2243//3107 2244//3107 521//3107 
f 521//3108 2244//3108 519//3108 
f 519//3109 2244//3109 517//3109 
f 2244//3110 2245//3110 517//3110 
f 517//3111 2245//3111 515//3111 
f 2245//3112 2246//3112 515//3112 
f 2246//3113 2247//3113 515//3113 
f 515//3114 2247//3114 513//3114 
f 2247//3115 2248//3115 513//3115 
f 513//3116 2248//3116 511//3116 
f 2248//3117 2249//3117 511//3117 
f 511//3118 2249//3118 509//3118 
f 2249//3119 2250//3119 509//3119 
f 509//3120 2250//3120 507//3120 
f 2250//3121 2251//3121 507//3121 
f 507//3122 2251//3122 505//3122 
f 2251//3123 2252//3123 505//3123 
f 505//3124 2252//3124 503//3124 
f 503//3125 2252//3125 501//3125 
f 2252//3126 2253//3126 501//3126 
f 501//3127 2254//3127 499//3127 
f 2253//3128 2254//3128 501//3128 
f 499//3129 2255//3129 497//3129 
f 2254//3130 2255//3130 499//3130 
f 497//3131 2256//3131 494//3131 
f 2255//3132 2256//3132 497//3132 
f 494//3133 2257//3133 493//3133 
f 2256//3134 2257//3134 494//3134 
f 2257//3135 2258//3135 493//3135 
f 493//3136 2258//3136 491//3136 
f 2258//3137 2259//3137 491//3137 
f 491//3138 2259//3138 488//3138 
f 2259//3139 2260//3139 488//3139 
f 488//3140 2260//3140 486//3140 
f 2260//3141 2261//3141 486//3141 
f 486//3142 2261//3142 484//3142 
f 2261//3143 2262//3143 484//3143 
f 484//3144 2262//3144 483//3144 
f 2262//3145 2263//3145 483//3145 
f 483//3146 2263//3146 480//3146 
f 2263//3147 2264//3147 480//3147 
f 480//3148 2264//3148 476//3148 
f 2264//3149 2265//3149 476//3149 
f 476//3150 2265//3150 473//3150 
f 2265//3151 2266//3151 473//3151 
f 473//3152 2266//3152 467//3152 
f 2266//3153 2267//3153 467//3153 
f 467//3154 2267//3154 465//3154 
f 2267//3155 2268//3155 465//3155 
f 465//3156 2268//3156 461//3156 
f 2268//3157 2269//3157 461//3157 
f 461//3158 2269//3158 456//3158 
f 2269//3159 2270//3159 456//3159 
f 456//3160 2270//3160 452//3160 
f 452//3161 2271//3161 448//3161 
f 2270//3162 2271//3162 452//3162 
f 448//3163 2272//3163 443//3163 
f 2271//3164 2272//3164 448//3164 
f 443//3165 2273//3165 440//3165 
f 2272//3166 2273//3166 443//3166 
f 440//3167 2274//3167 434//3167 
f 2273//3168 2274//3168 440//3168 
f 434//3169 2275//3169 436//3169 
f 2274//3170 2275//3170 434//3170 
f 436//3171 2276//3171 437//3171 
f 2275//3172 2276//3172 436//3172 
f 437//3173 2277//3173 441//3173 
f 2276//3174 2277//3174 437//3174 
f 441//3175 2278//3175 445//3175 
f 2277//3176 2278//3176 441//3176 
f 445//3177 2279//3177 449//3177 
f 2278//3178 2279//3178 445//3178 
f 449//3179 2280//3179 453//3179 
f 2279//3180 2280//3180 449//3180 
f 453//3181 2281//3181 458//3181 
f 2280//3182 2281//3182 453//3182 
f 458//3183 2282//3183 462//3183 
f 2281//3184 2282//3184 458//3184 
f 462//3185 2283//3185 466//3185 
f 2282//3186 2283//3186 462//3186 
f 2283//3187 2284//3187 466//3187 
f 466//3188 2284//3188 470//3188 
f 2284//3189 2285//3189 470//3189 
f 470//3190 2285//3190 474//3190 
f 2285//3191 2286//3191 474//3191 
f 474//3192 2286//3192 478//3192 
f 2286//3193 2287//3193 478//3193 
f 478//3194 2287//3194 481//3194 
f 481//3195 2288//3195 526//3195 
f 2287//3196 2288//3196 481//3196 
f 526//3197 2289//3197 527//3197 
f 2288//3198 2289//3198 526//3198 
f 527//3199 2290//3199 528//3199 
f 2289//3200 2290//3200 527//3200 
f 528//3201 2291//3201 529//3201 
f 2290//3202 2291//3202 528//3202 
f 529//3203 2292//3203 530//3203 
f 2291//3204 2292//3204 529//3204 
f 530//3205 2293//3205 531//3205 
f 2292//3206 2293//3206 530//3206 
f 531//3207 2294//3207 532//3207 
f 2293//3208 2294//3208 531//3208 
f 532//3209 2295//3209 533//3209 
f 2294//3210 2295//3210 532//3210 
f 533//3211 2296//3211 534//3211 
f 2295//3212 2296//3212 533//3212 
f 534//3213 2297//3213 535//3213 
f 2296//3214 2297//3214 534//3214 
f 535//3215 2298//3215 536//3215 
f 2297//3216 2298//3216 535//3216 
f 536//3217 2299//3217 537//3217 
f 2298//3218 2299//3218 536//3218 
f 537//3219 2300//3219 538//3219 
f 2299//3220 2300//3220 537//3220 
f 538//3221 2301//3221 539//3221 
f 2300//3222 2301//3222 538//3222 
f 539//3223 2302//3223 540//3223 
f 2301//3224 2302//3224 539//3224 
f 540//3225 2303//3225 541//3225 
f 2302//3226 2303//3226 540//3226 
f 541//3227 2304//3227 542//3227 
f 2303//3228 2304//3228 541//3228 
f 542//3229 2305//3229 543//3229 
f 2304//3230 2305//3230 542//3230 
f 543//3231 2306//3231 544//3231 
f 2305//3232 2306//3232 543//3232 
f 544//3233 2307//3233 545//3233 
f 2306//3234 2307//3234 544//3234 
f 2307//3235 2308//3235 545//3235 
f 545//3236 2308//3236 546//3236 
f 2308//3237 2309//3237 546//3237 
f 546//3238 2309//3238 547//3238 
f 2309//3239 2310//3239 547//3239 
f 547//3240 2310//3240 550//3240 
f 2310//3241 2311//3241 550//3241 
f 550//3242 2311//3242 553//3242 
f 2311//3243 2312//3243 553//3243 
f 553//3244 2312//3244 556//3244 
f 2312//3245 2313//3245 556//3245 
f 556//3246 2313//3246 557//3246 
f 2313//3247 2314//3247 557//3247 
f 557//3248 2314//3248 558//3248 
f 2314//3249 2315//3249 558//3249 
f 558//3250 2315//3250 559//3250 
f 2315//3251 2316//3251 559//3251 
f 559//3252 2316//3252 560//3252 
f 2316//3253 2317//3253 560//3253 
f 560//3254 2317//3254 561//3254 
f 2317//3255 2318//3255 561//3255 
f 561//3256 2318//3256 562//3256 
f 2318//3257 2319//3257 562//3257 
f 562//3258 2319//3258 563//3258 
f 2319//3259 2320//3259 563//3259 
f 563//3260 2320//3260 564//3260 
f 564//3261 2321//3261 565//3261 
f 2320//3262 2321//3262 564//3262 
f 565//3263 2321//3263 566//3263 
f 2321//3264 2196//3264 566//3264 
f 2322//3265 2323//3265 744//3265 
f 744//3266 2323//3266 751//3266 
f 751//3267 2324//3267 755//3267 
f 755//3268 2324//3268 756//3268 
f 2323//3269 2324//3269 751//3269 
f 2324//3270 2325//3270 756//3270 
f 756//3271 2326//3271 763//3271 
f 2325//3272 2326//3272 756//3272 
f 763//3273 2327//3273 768//3273 
f 2326//3274 2327//3274 763//3274 
f 768//3275 2328//3275 771//3275 
f 2327//3276 2328//3276 768//3276 
f 771//3277 2329//3277 772//3277 
f 2328//3278 2329//3278 771//3278 
f 772//3279 2330//3279 778//3279 
f 2329//3280 2330//3280 772//3280 
f 778//3281 2331//3281 780//3281 
f 2330//3282 2331//3282 778//3282 
f 780//3283 2332//3283 787//3283 
f 787//3284 2332//3284 792//3284 
f 2331//3285 2332//3285 780//3285 
f 2332//3286 2333//3286 792//3286 
f 2333//3287 2334//3287 792//3287 
f 792//3288 2334//3288 794//3288 
f 2334//3289 2335//3289 794//3289 
f 794//3290 2335//3290 800//3290 
f 800//3291 2335//3291 802//3291 
f 2335//3292 2336//3292 802//3292 
f 2336//3293 2337//3293 802//3293 
f 802//3294 2337//3294 804//3294 
f 2337//3295 2338//3295 804//3295 
f 804//3296 2338//3296 810//3296 
f 810//3297 2338//3297 812//3297 
f 2338//3298 2339//3298 812//3298 
f 2339//3299 2340//3299 812//3299 
f 812//3300 2340//3300 819//3300 
f 2340//3301 2341//3301 819//3301 
f 819//3302 2341//3302 822//3302 
f 2341//3303 2342//3303 822//3303 
f 822//3304 2342//3304 826//3304 
f 2342//3305 2343//3305 826//3305 
f 826//3306 2343//3306 832//3306 
f 2343//3307 2344//3307 832//3307 
f 832//3308 2344//3308 835//3308 
f 835//3309 2344//3309 889//3309 
f 2344//3310 2345//3310 889//3310 
f 889//3311 2346//3311 888//3311 
f 888//3312 2346//3312 887//3312 
f 2345//3313 2346//3313 889//3313 
f 887//3314 2347//3314 886//3314 
f 2346//3315 2347//3315 887//3315 
f 2347//3316 2348//3316 886//3316 
f 886//3317 2349//3317 885//3317 
f 2348//3318 2349//3318 886//3318 
f 885//3319 2350//3319 884//3319 
f 2349//3320 2350//3320 885//3320 
f 884//3321 2351//3321 684//3321 
f 2350//3322 2351//3322 884//3322 
f 684//3323 2352//3323 683//3323 
f 2351//3324 2352//3324 684//3324 
f 683//3325 2353//3325 682//3325 
f 2352//3326 2353//3326 683//3326 
f 682//3327 2354//3327 681//3327 
f 2353//3328 2354//3328 682//3328 
f 681//3329 2355//3329 680//3329 
f 2354//3330 2355//3330 681//3330 
f 680//3331 2356//3331 679//3331 
f 2355//3332 2356//3332 680//3332 
f 679//3333 2357//3333 678//3333 
f 2356//3334 2357//3334 679//3334 
f 678//3335 2358//3335 677//3335 
f 677//3336 2358//3336 676//3336 
f 2357//3337 2358//3337 678//3337 
f 2358//3338 2359//3338 676//3338 
f 2359//3339 2360//3339 676//3339 
f 676//3340 2360//3340 675//3340 
f 675//3341 2360//3341 674//3341 
f 2360//3342 2361//3342 674//3342 
f 2361//3343 2362//3343 674//3343 
f 674//3344 2362//3344 673//3344 
f 2362//3345 2363//3345 673//3345 
f 673//3346 2363//3346 672//3346 
f 2363//3347 2364//3347 672//3347 
f 672//3348 2364//3348 671//3348 
f 2364//3349 2365//3349 671//3349 
f 671//3350 2365//3350 670//3350 
f 670//3351 2365//3351 669//3351 
f 2365//3352 2366//3352 669//3352 
f 669//3353 2366//3353 668//3353 
f 2366//3354 2367//3354 668//3354 
f 2367//3355 2368//3355 668//3355 
f 668//3356 2368//3356 667//3356 
f 667//3357 2368//3357 666//3357 
f 2368//3358 2369//3358 666//3358 
f 2369//3359 2370//3359 666//3359 
f 666//3360 2370//3360 665//3360 
f 665//3361 2370//3361 664//3361 
f 2370//3362 2371//3362 664//3362 
f 664//3363 2371//3363 663//3363 
f 2371//3364 2372//3364 663//3364 
f 2372//3365 2373//3365 663//3365 
f 663//3366 2373//3366 645//3366 
f 2373//3367 2374//3367 645//3367 
f 645//3368 2374//3368 644//3368 
f 2374//3369 2375//3369 644//3369 
f 644//3370 2375//3370 646//3370 
f 2375//3371 2376//3371 646//3371 
f 646//3372 2376//3372 647//3372 
f 2376//3373 2377//3373 647//3373 
f 647//3374 2377//3374 648//3374 
f 2377//3375 2378//3375 648//3375 
f 648//3376 2378//3376 649//3376 
f 649//3377 2378//3377 650//3377 
f 2378//3378 2379//3378 650//3378 
f 650//3379 2380//3379 651//3379 
f 2379//3380 2380//3380 650//3380 
f 651//3381 2381//3381 652//3381 
f 2380//3382 2381//3382 651//3382 
f 652//3383 2382//3383 653//3383 
f 2381//3384 2382//3384 652//3384 
f 653//3385 2383//3385 654//3385 
f 2382//3386 2383//3386 653//3386 
f 2383//3387 2384//3387 654//3387 
f 654//3388 2384//3388 655//3388 
f 2384//3389 2385//3389 655//3389 
f 655//3390 2385//3390 656//3390 
f 2385//3391 2386//3391 656//3391 
f 656//3392 2386//3392 657//3392 
f 2386//3393 2387//3393 657//3393 
f 657//3394 2387//3394 658//3394 
f 2387//3395 2388//3395 658//3395 
f 658//3396 2388//3396 659//3396 
f 2388//3397 2389//3397 659//3397 
f 659//3398 2389//3398 660//3398 
f 2389//3399 2390//3399 660//3399 
f 660//3400 2390//3400 661//3400 
f 2390//3401 2391//3401 661//3401 
f 661//3402 2391//3402 662//3402 
f 2391//3403 2392//3403 662//3403 
f 662//3404 2392//3404 608//3404 
f 2392//3405 2393//3405 608//3405 
f 608//3406 2393//3406 603//3406 
f 2393//3407 2394//3407 603//3407 
f 603//3408 2394//3408 600//3408 
f 2394//3409 2395//3409 600//3409 
f 600//3410 2395//3410 595//3410 
f 2395//3411 2396//3411 595//3411 
f 595//3412 2396//3412 593//3412 
f 593//3413 2397//3413 587//3413 
f 2396//3414 2397//3414 593//3414 
f 587//3415 2398//3415 584//3415 
f 2397//3416 2398//3416 587//3416 
f 584//3417 2399//3417 579//3417 
f 2398//3418 2399//3418 584//3418 
f 579//3419 2400//3419 574//3419 
f 2399//3420 2400//3420 579//3420 
f 574//3421 2401//3421 575//3421 
f 2400//3422 2401//3422 574//3422 
f 575//3423 2402//3423 577//3423 
f 2401//3424 2402//3424 575//3424 
f 577//3425 2403//3425 581//3425 
f 2402//3426 2403//3426 577//3426 
f 581//3427 2404//3427 585//3427 
f 2403//3428 2404//3428 581//3428 
f 585//3429 2405//3429 590//3429 
f 2404//3430 2405//3430 585//3430 
f 590//3431 2406//3431 594//3431 
f 2405//3432 2406//3432 590//3432 
f 594//3433 2407//3433 597//3433 
f 2406//3434 2407//3434 594//3434 
f 597//3435 2408//3435 601//3435 
f 2407//3436 2408//3436 597//3436 
f 601//3437 2409//3437 606//3437 
f 2408//3438 2409//3438 601//3438 
f 2409//3439 2410//3439 606//3439 
f 606//3440 2410//3440 610//3440 
f 2410//3441 2411//3441 610//3441 
f 610//3442 2411//3442 611//3442 
f 2411//3443 2412//3443 611//3443 
f 611//3444 2412//3444 614//3444 
f 2412//3445 2413//3445 614//3445 
f 614//3446 2413//3446 616//3446 
f 616//3447 2414//3447 617//3447 
f 2413//3448 2414//3448 616//3448 
f 617//3449 2415//3449 619//3449 
f 2414//3450 2415//3450 617//3450 
f 619//3451 2416//3451 621//3451 
f 2415//3452 2416//3452 619//3452 
f 621//3453 2417//3453 623//3453 
f 2416//3454 2417//3454 621//3454 
f 623//3455 2418//3455 625//3455 
f 2417//3456 2418//3456 623//3456 
f 625//3457 2419//3457 628//3457 
f 2418//3458 2419//3458 625//3458 
f 628//3459 2420//3459 630//3459 
f 2419//3460 2420//3460 628//3460 
f 630//3461 2421//3461 631//3461 
f 2420//3462 2421//3462 630//3462 
f 631//3463 2422//3463 633//3463 
f 2421//3464 2422//3464 631//3464 
f 633//3465 2423//3465 635//3465 
f 2422//3466 2423//3466 633//3466 
f 635//3467 2424//3467 637//3467 
f 2423//3468 2424//3468 635//3468 
f 637//3469 2425//3469 639//3469 
f 2424//3470 2425//3470 637//3470 
f 639//3471 2426//3471 641//3471 
f 2425//3472 2426//3472 639//3472 
f 641//3473 2427//3473 643//3473 
f 2426//3474 2427//3474 641//3474 
f 643//3475 2428//3475 702//3475 
f 2427//3476 2428//3476 643//3476 
f 702//3477 2429//3477 698//3477 
f 2428//3478 2429//3478 702//3478 
f 698//3479 2430//3479 691//3479 
f 2429//3480 2430//3480 698//3480 
f 691//3481 2431//3481 690//3481 
f 2430//3482 2431//3482 691//3482 
f 690//3483 2432//3483 685//3483 
f 2431//3484 2432//3484 690//3484 
f 685//3485 2433//3485 688//3485 
f 2432//3486 2433//3486 685//3486 
f 2433//3487 2434//3487 688//3487 
f 688//3488 2434//3488 692//3488 
f 2434//3489 2435//3489 692//3489 
f 692//3490 2435//3490 694//3490 
f 2435//3491 2436//3491 694//3491 
f 694//3492 2436//3492 700//3492 
f 2436//3493 2437//3493 700//3493 
f 700//3494 2437//3494 704//3494 
f 2437//3495 2438//3495 704//3495 
f 704//3496 2438//3496 707//3496 
f 2438//3497 2439//3497 707//3497 
f 707//3498 2439//3498 712//3498 
f 2439//3499 2440//3499 712//3499 
f 712//3500 2440//3500 715//3500 
f 2440//3501 2441//3501 715//3501 
f 715//3502 2441//3502 716//3502 
f 2441//3503 2442//3503 716//3503 
f 716//3504 2442//3504 723//3504 
f 2442//3505 2443//3505 723//3505 
f 723//3506 2443//3506 726//3506 
f 2443//3507 2444//3507 726//3507 
f 726//3508 2444//3508 728//3508 
f 2444//3509 2445//3509 728//3509 
f 728//3510 2445//3510 735//3510 
f 2445//3511 2446//3511 735//3511 
f 735//3512 2446//3512 739//3512 
f 739//3513 2447//3513 743//3513 
f 2446//3514 2447//3514 739//3514 
f 743//3515 2447//3515 744//3515 
f 2447//3516 2322//3516 744//3516 
f 2448//3517 2449//3517 851//3517 
f 851//3518 2449//3518 862//3518 
f 862//3519 2450//3519 863//3519 
f 863//3520 2450//3520 864//3520 
f 2449//3521 2450//3521 862//3521 
f 2450//3522 2451//3522 864//3522 
f 864//3523 2452//3523 865//3523 
f 2451//3524 2452//3524 864//3524 
f 865//3525 2453//3525 866//3525 
f 2452//3526 2453//3526 865//3526 
f 866//3527 2454//3527 867//3527 
f 2453//3528 2454//3528 866//3528 
f 867//3529 2455//3529 868//3529 
f 2454//3530 2455//3530 867//3530 
f 868//3531 2456//3531 869//3531 
f 2455//3532 2456//3532 868//3532 
f 869//3533 2457//3533 870//3533 
f 2456//3534 2457//3534 869//3534 
f 870//3535 2458//3535 871//3535 
f 871//3536 2458//3536 872//3536 
f 2457//3537 2458//3537 870//3537 
f 2458//3538 2459//3538 872//3538 
f 2459//3539 2460//3539 872//3539 
f 872//3540 2460//3540 873//3540 
f 2460//3541 2461//3541 873//3541 
f 873//3542 2461//3542 874//3542 
f 874//3543 2461//3543 875//3543 
f 2461//3544 2462//3544 875//3544 
f 2462//3545 2463//3545 875//3545 
f 875//3546 2463//3546 876//3546 
f 2463//3547 2464//3547 876//3547 
f 876//3548 2464//3548 877//3548 
f 877//3549 2464//3549 878//3549 
f 2464//3550 2465//3550 878//3550 
f 2465//3551 2466//3551 878//3551 
f 878//3552 2466//3552 879//3552 
f 2466//3553 2467//3553 879//3553 
f 879//3554 2467//3554 880//3554 
f 2467//3555 2468//3555 880//3555 
f 880//3556 2468//3556 883//3556 
f 2468//3557 2469//3557 883//3557 
f 883//3558 2469//3558 846//3558 
f 2469//3559 2470//3559 846//3559 
f 846//3560 2470//3560 845//3560 
f 845//3561 2470//3561 848//3561 
f 2470//3562 2471//3562 848//3562 
f 848//3563 2472//3563 850//3563 
f 850//3564 2472//3564 852//3564 
f 2471//3565 2472//3565 848//3565 
f 852//3566 2473//3566 853//3566 
f 2472//3567 2473//3567 852//3567 
f 2473//3568 2474//3568 853//3568 
f 853//3569 2475//3569 854//3569 
f 2474//3570 2475//3570 853//3570 
f 854//3571 2476//3571 855//3571 
f 2475//3572 2476//3572 854//3572 
f 855//3573 2477//3573 856//3573 
f 2476//3574 2477//3574 855//3574 
f 856//3575 2478//3575 857//3575 
f 2477//3576 2478//3576 856//3576 
f 857//3577 2479//3577 858//3577 
f 2478//3578 2479//3578 857//3578 
f 858//3579 2480//3579 859//3579 
f 2479//3580 2480//3580 858//3580 
f 859//3581 2481//3581 860//3581 
f 2480//3582 2481//3582 859//3582 
f 860//3583 2482//3583 861//3583 
f 2481//3584 2482//3584 860//3584 
f 861//3585 2483//3585 890//3585 
f 2482//3586 2483//3586 861//3586 
f 890//3587 2484//3587 891//3587 
f 891//3588 2484//3588 892//3588 
f 2483//3589 2484//3589 890//3589 
f 2484//3590 2485//3590 892//3590 
f 2485//3591 2486//3591 892//3591 
f 892//3592 2486//3592 893//3592 
f 893//3593 2486//3593 894//3593 
f 2486//3594 2487//3594 894//3594 
f 2487//3595 2488//3595 894//3595 
f 894//3596 2488//3596 895//3596 
f 2488//3597 2489//3597 895//3597 
f 895//3598 2489//3598 834//3598 
f 2489//3599 2490//3599 834//3599 
f 834//3600 2490//3600 831//3600 
f 2490//3601 2491//3601 831//3601 
f 831//3602 2491//3602 827//3602 
f 827//3603 2491//3603 823//3603 
f 2491//3604 2492//3604 823//3604 
f 823//3605 2492//3605 820//3605 
f 2492//3606 2493//3606 820//3606 
f 2493//3607 2494//3607 820//3607 
f 820//3608 2494//3608 816//3608 
f 816//3609 2494//3609 811//3609 
f 2494//3610 2495//3610 811//3610 
f 2495//3611 2496//3611 811//3611 
f 811//3612 2496//3612 808//3612 
f 808//3613 2496//3613 803//3613 
f 2496//3614 2497//3614 803//3614 
f 803//3615 2497//3615 799//3615 
f 2497//3616 2498//3616 799//3616 
f 2498//3617 2499//3617 799//3617 
f 799//3618 2499//3618 795//3618 
f 2499//3619 2500//3619 795//3619 
f 795//3620 2500//3620 791//3620 
f 2500//3621 2501//3621 791//3621 
f 791//3622 2501//3622 786//3622 
f 2501//3623 2502//3623 786//3623 
f 786//3624 2502//3624 783//3624 
f 2502//3625 2503//3625 783//3625 
f 783//3626 2503//3626 779//3626 
f 2503//3627 2504//3627 779//3627 
f 779//3628 2504//3628 775//3628 
f 775//3629 2504//3629 770//3629 
f 2504//3630 2505//3630 770//3630 
f 770//3631 2506//3631 767//3631 
f 2505//3632 2506//3632 770//3632 
f 767//3633 2507//3633 762//3633 
f 2506//3634 2507//3634 767//3634 
f 762//3635 2508//3635 759//3635 
f 2507//3636 2508//3636 762//3636 
f 759//3637 2509//3637 754//3637 
f 2508//3638 2509//3638 759//3638 
f 2509//3639 2510//3639 754//3639 
f 754//3640 2510//3640 750//3640 
f 2510//3641 2511//3641 750//3641 
f 750//3642 2511//3642 747//3642 
f 2511//3643 2512//3643 747//3643 
f 747//3644 2512//3644 742//3644 
f 2512//3645 2513//3645 742//3645 
f 742//3646 2513//3646 738//3646 
f 2513//3647 2514//3647 738//3647 
f 738//3648 2514//3648 736//3648 
f 2514//3649 2515//3649 736//3649 
f 736//3650 2515//3650 732//3650 
f 2515//3651 2516//3651 732//3651 
f 732//3652 2516//3652 727//3652 
f 2516//3653 2517//3653 727//3653 
f 727//3654 2517//3654 724//3654 
f 2517//3655 2518//3655 724//3655 
f 724//3656 2518//3656 719//3656 
f 2518//3657 2519//3657 719//3657 
f 719//3658 2519//3658 714//3658 
f 2519//3659 2520//3659 714//3659 
f 714//3660 2520//3660 711//3660 
f 2520//3661 2521//3661 711//3661 
f 711//3662 2521//3662 706//3662 
f 2521//3663 2522//3663 706//3663 
f 706//3664 2522//3664 703//3664 
f 703//3665 2523//3665 699//3665 
f 2522//3666 2523//3666 703//3666 
f 699//3667 2524//3667 696//3667 
f 2523//3668 2524//3668 699//3668 
f 696//3669 2525//3669 693//3669 
f 2524//3670 2525//3670 696//3670 
f 693//3671 2526//3671 686//3671 
f 2525//3672 2526//3672 693//3672 
f 686//3673 2527//3673 687//3673 
f 2526//3674 2527//3674 686//3674 
f 687//3675 2528//3675 689//3675 
f 2527//3676 2528//3676 687//3676 
f 689//3677 2529//3677 695//3677 
f 2528//3678 2529//3678 689//3678 
f 695//3679 2530//3679 697//3679 
f 2529//3680 2530//3680 695//3680 
f 697//3681 2531//3681 701//3681 
f 2530//3682 2531//3682 697//3682 
f 701//3683 2532//3683 705//3683 
f 2531//3684 2532//3684 701//3684 
f 705//3685 2533//3685 708//3685 
f 2532//3686 2533//3686 705//3686 
f 708//3687 2534//3687 713//3687 
f 2533//3688 2534//3688 708//3688 
f 713//3689 2535//3689 717//3689 
f 2534//3690 2535//3690 713//3690 
f 2535//3691 2536//3691 717//3691 
f 717//3692 2536//3692 721//3692 
f 2536//3693 2537//3693 721//3693 
f 721//3694 2537//3694 725//3694 
f 2537//3695 2538//3695 725//3695 
f 725//3696 2538//3696 729//3696 
f 2538//3697 2539//3697 729//3697 
f 729//3698 2539//3698 733//3698 
f 733//3699 2540//3699 737//3699 
f 2539//3700 2540//3700 733//3700 
f 737//3701 2541//3701 740//3701 
f 2540//3702 2541//3702 737//3702 
f 740//3703 2542//3703 745//3703 
f 2541//3704 2542//3704 740//3704 
f 745//3705 2543//3705 748//3705 
f 2542//3706 2543//3706 745//3706 
f 748//3707 2544//3707 752//3707 
f 2543//3708 2544//3708 748//3708 
f 752//3709 2545//3709 757//3709 
f 2544//3710 2545//3710 752//3710 
f 757//3711 2546//3711 760//3711 
f 2545//3712 2546//3712 757//3712 
f 760//3713 2547//3713 764//3713 
f 2546//3714 2547//3714 760//3714 
f 764//3715 2548//3715 769//3715 
f 2547//3716 2548//3716 764//3716 
f 769//3717 2549//3717 773//3717 
f 2548//3718 2549//3718 769//3718 
f 773//3719 2550//3719 776//3719 
f 2549//3720 2550//3720 773//3720 
f 776//3721 2551//3721 781//3721 
f 2550//3722 2551//3722 776//3722 
f 781//3723 2552//3723 784//3723 
f 2551//3724 2552//3724 781//3724 
f 784//3725 2553//3725 789//3725 
f 2552//3726 2553//3726 784//3726 
f 789//3727 2554//3727 793//3727 
f 2553//3728 2554//3728 789//3728 
f 793//3729 2555//3729 796//3729 
f 2554//3730 2555//3730 793//3730 
f 796//3731 2556//3731 801//3731 
f 2555//3732 2556//3732 796//3732 
f 801//3733 2557//3733 806//3733 
f 2556//3734 2557//3734 801//3734 
f 806//3735 2558//3735 809//3735 
f 2557//3736 2558//3736 806//3736 
f 809//3737 2559//3737 814//3737 
f 2558//3738 2559//3738 809//3738 
f 2559//3739 2560//3739 814//3739 
f 814//3740 2560//3740 817//3740 
f 2560//3741 2561//3741 817//3741 
f 817//3742 2561//3742 821//3742 
f 2561//3743 2562//3743 821//3743 
f 821//3744 2562//3744 824//3744 
f 2562//3745 2563//3745 824//3745 
f 824//3746 2563//3746 828//3746 
f 2563//3747 2564//3747 828//3747 
f 828//3748 2564//3748 833//3748 
f 2564//3749 2565//3749 833//3749 
f 833//3750 2565//3750 836//3750 
f 2565//3751 2566//3751 836//3751 
f 836//3752 2566//3752 839//3752 
f 2566//3753 2567//3753 839//3753 
f 839//3754 2567//3754 841//3754 
f 2567//3755 2568//3755 841//3755 
f 841//3756 2568//3756 882//3756 
f 2568//3757 2569//3757 882//3757 
f 882//3758 2569//3758 881//3758 
f 2569//3759 2570//3759 881//3759 
f 881//3760 2570//3760 844//3760 
f 2570//3761 2571//3761 844//3761 
f 844//3762 2571//3762 842//3762 
f 2571//3763 2572//3763 842//3763 
f 842//3764 2572//3764 847//3764 
f 847//3765 2573//3765 849//3765 
f 2572//3766 2573//3766 847//3766 
f 849//3767 2573//3767 851//3767 
f 2573//3768 2448//3768 851//3768 
f 978//3769 2574//3769 2575//3769 
f 978//3770 979//3770 2574//3770 
f 976//3771 979//3771 977//3771 
f 977//3772 979//3772 978//3772 
f 971//3773 970//3773 972//3773 
f 976//3774 981//3774 979//3774 
f 973//3775 981//3775 974//3775 
f 974//3776 981//3776 975//3776 
f 975//3777 981//3777 976//3777 
f 979//3778 981//3778 980//3778 
f 967//3779 966//3779 968//3779 
f 968//3780 966//3780 969//3780 
f 969//3781 966//3781 970//3781 
f 973//3782 984//3782 981//3782 
f 981//3783 984//3783 982//3783 
f 982//3784 984//3784 983//3784 
f 985//3785 987//3785 986//3785 
f 985//3786 988//3786 987//3786 
f 984//3787 988//3787 985//3787 
f 960//3788 959//3788 961//3788 
f 961//3789 959//3789 962//3789 
f 962//3790 959//3790 963//3790 
f 963//3791 959//3791 964//3791 
f 964//3792 959//3792 965//3792 
f 965//3793 959//3793 966//3793 
f 989//3794 991//3794 990//3794 
f 991//3795 993//3795 992//3795 
f 991//3796 995//3796 993//3796 
f 993//3797 995//3797 994//3797 
f 955//3798 954//3798 956//3798 
f 956//3799 953//3799 957//3799 
f 954//3800 953//3800 956//3800 
f 953//3801 952//3801 957//3801 
f 995//3802 998//3802 996//3802 
f 996//3803 998//3803 997//3803 
f 991//3804 998//3804 995//3804 
f 988//3805 998//3805 989//3805 
f 989//3806 998//3806 991//3806 
f 951//3807 950//3807 952//3807 
f 957//3808 950//3808 958//3808 
f 958//3809 950//3809 959//3809 
f 952//3810 950//3810 957//3810 
f 950//3811 949//3811 959//3811 
f 999//3812 1002//3812 1000//3812 
f 1000//3813 1002//3813 1001//3813 
f 948//3814 947//3814 949//3814 
f 999//3815 2576//3815 1002//3815 
f 999//3816 2577//3816 2576//3816 
f 949//3817 944//3817 959//3817 
f 947//3818 944//3818 949//3818 
f 945//3819 944//3819 946//3819 
f 946//3820 944//3820 947//3820 
f 970//3821 944//3821 972//3821 
f 966//3822 944//3822 970//3822 
f 959//3823 944//3823 966//3823 
f 998//3824 1004//3824 999//3824 
f 2577//3825 1004//3825 1003//3825 
f 988//3826 1004//3826 998//3826 
f 999//3827 1004//3827 2577//3827 
f 984//3828 1004//3828 988//3828 
f 942//3829 941//3829 943//3829 
f 943//3830 941//3830 944//3830 
f 1004//3831 1007//3831 1005//3831 
f 1005//3832 1007//3832 1006//3832 
f 941//3833 940//3833 944//3833 
f 1004//3834 1008//3834 1007//3834 
f 940//3835 939//3835 944//3835 
f 938//3836 937//3836 939//3836 
f 1008//3837 1011//3837 1009//3837 
f 1009//3838 1011//3838 1010//3838 
f 1011//3839 1013//3839 1012//3839 
f 1004//3840 1013//3840 1008//3840 
f 1008//3841 1013//3841 1011//3841 
f 934//3842 933//3842 935//3842 
f 935//3843 933//3843 936//3843 
f 936//3844 933//3844 937//3844 
f 937//3845 933//3845 939//3845 
f 1013//3846 1016//3846 1014//3846 
f 1014//3847 1016//3847 1015//3847 
f 1004//3848 1016//3848 1013//3848 
f 932//3849 931//3849 933//3849 
f 1016//3850 1018//3850 1017//3850 
f 1016//3851 897//3851 1018//3851 
f 1004//3852 926//3852 1016//3852 
f 1016//3853 926//3853 897//3853 
f 927//3854 926//3854 928//3854 
f 928//3855 926//3855 929//3855 
f 929//3856 926//3856 930//3856 
f 930//3857 926//3857 931//3857 
f 944//3858 926//3858 972//3858 
f 973//3859 926//3859 984//3859 
f 984//3860 926//3860 1004//3860 
f 931//3861 926//3861 933//3861 
f 939//3862 926//3862 944//3862 
f 972//3863 926//3863 973//3863 
f 933//3864 926//3864 939//3864 
f 897//3865 900//3865 898//3865 
f 898//3866 900//3866 899//3866 
f 924//3867 923//3867 925//3867 
f 925//3868 923//3868 926//3868 
f 900//3869 903//3869 901//3869 
f 901//3870 903//3870 902//3870 
f 903//3871 905//3871 904//3871 
f 900//3872 905//3872 903//3872 
f 921//3873 920//3873 922//3873 
f 897//3874 906//3874 900//3874 
f 900//3875 906//3875 905//3875 
f 922//3876 919//3876 923//3876 
f 920//3877 919//3877 922//3877 
f 897//3878 907//3878 906//3878 
f 918//3879 917//3879 919//3879 
f 917//3880 916//3880 919//3880 
f 907//3881 910//3881 908//3881 
f 908//3882 910//3882 909//3882 
f 897//3883 910//3883 907//3883 
f 919//3884 915//3884 923//3884 
f 916//3885 915//3885 919//3885 
f 897//3886 911//3886 910//3886 
f 897//3887 912//3887 911//3887 
f 914//3888 913//3888 915//3888 
f 926//3889 913//3889 897//3889 
f 923//3890 913//3890 926//3890 
f 915//3891 913//3891 923//3891 
f 897//3892 913//3892 912//3892 
f 1098//3893 1100//3893 1099//3893 
f 1098//3894 1101//3894 1100//3894 
f 1096//3895 1101//3895 1097//3895 
f 1097//3896 1101//3896 1098//3896 
f 1091//3897 1090//3897 1092//3897 
f 1096//3898 1103//3898 1101//3898 
f 1093//3899 1103//3899 1094//3899 
f 1094//3900 1103//3900 1095//3900 
f 1095//3901 1103//3901 1096//3901 
f 1101//3902 1103//3902 1102//3902 
f 1087//3903 1086//3903 1088//3903 
f 1088//3904 1086//3904 1089//3904 
f 1089//3905 1086//3905 1090//3905 
f 1093//3906 1106//3906 1103//3906 
f 1103//3907 1106//3907 1104//3907 
f 1104//3908 1106//3908 1105//3908 
f 1107//3909 1109//3909 1108//3909 
f 1107//3910 1110//3910 1109//3910 
f 1106//3911 1110//3911 1107//3911 
f 1080//3912 1079//3912 1081//3912 
f 1081//3913 1079//3913 1082//3913 
f 1082//3914 1079//3914 1083//3914 
f 1083//3915 1079//3915 1084//3915 
f 1084//3916 1079//3916 1085//3916 
f 1085//3917 1079//3917 1086//3917 
f 1111//3918 1113//3918 1112//3918 
f 1113//3919 1115//3919 1114//3919 
f 1113//3920 1117//3920 1115//3920 
f 1115//3921 1117//3921 1116//3921 
f 1075//3922 1074//3922 1076//3922 
f 1076//3923 1073//3923 1077//3923 
f 1074//3924 1073//3924 1076//3924 
f 1073//3925 1072//3925 1077//3925 
f 1117//3926 1120//3926 1118//3926 
f 1118//3927 1120//3927 1119//3927 
f 1113//3928 1120//3928 1117//3928 
f 1110//3929 1120//3929 1111//3929 
f 1111//3930 1120//3930 1113//3930 
f 1071//3931 1070//3931 1072//3931 
f 1077//3932 1070//3932 1078//3932 
f 1078//3933 1070//3933 1079//3933 
f 1072//3934 1070//3934 1077//3934 
f 1070//3935 1069//3935 1079//3935 
f 1121//3936 1124//3936 1122//3936 
f 1122//3937 1124//3937 1123//3937 
f 1068//3938 1067//3938 1069//3938 
f 1121//3939 1125//3939 1124//3939 
f 1121//3940 2578//3940 1125//3940 
f 1069//3941 1064//3941 1079//3941 
f 1067//3942 1064//3942 1069//3942 
f 1065//3943 1064//3943 1066//3943 
f 1066//3944 1064//3944 1067//3944 
f 1090//3945 1064//3945 1092//3945 
f 1086//3946 1064//3946 1090//3946 
f 1079//3947 1064//3947 1086//3947 
f 1120//3948 1127//3948 1121//3948 
f 2578//3949 1127//3949 1126//3949 
f 1110//3950 1127//3950 1120//3950 
f 1121//3951 1127//3951 2578//3951 
f 1106//3952 1127//3952 1110//3952 
f 1062//3953 2579//3953 1063//3953 
f 1063//3954 2579//3954 1064//3954 
f 1127//3955 1130//3955 1128//3955 
f 1128//3956 1130//3956 1129//3956 
f 2579//3957 1061//3957 1064//3957 
f 1127//3958 1131//3958 1130//3958 
f 1061//3959 1060//3959 1064//3959 
f 1059//3960 1058//3960 1060//3960 
f 1131//3961 1134//3961 1132//3961 
f 1132//3962 1134//3962 1133//3962 
f 1134//3963 1136//3963 1135//3963 
f 1127//3964 1136//3964 1131//3964 
f 1131//3965 1136//3965 1134//3965 
f 1055//3966 1054//3966 1056//3966 
f 1056//3967 1054//3967 1057//3967 
f 1057//3968 1054//3968 1058//3968 
f 1058//3969 1054//3969 1060//3969 
f 1136//3970 1139//3970 1137//3970 
f 1137//3971 1139//3971 1138//3971 
f 1127//3972 1139//3972 1136//3972 
f 1053//3973 1052//3973 1054//3973 
f 1139//3974 1141//3974 1140//3974 
f 1139//3975 1019//3975 1141//3975 
f 1127//3976 1047//3976 1139//3976 
f 1139//3977 1047//3977 1019//3977 
f 1048//3978 1047//3978 1049//3978 
f 1049//3979 1047//3979 1050//3979 
f 1050//3980 1047//3980 1051//3980 
f 1051//3981 1047//3981 1052//3981 
f 1064//3982 1047//3982 1092//3982 
f 1093//3983 1047//3983 1106//3983 
f 1106//3984 1047//3984 1127//3984 
f 1052//3985 1047//3985 1054//3985 
f 1060//3986 1047//3986 1064//3986 
f 1092//3987 1047//3987 1093//3987 
f 1054//3988 1047//3988 1060//3988 
f 1019//3989 1022//3989 1020//3989 
f 1020//3990 1022//3990 1021//3990 
f 1045//3991 1044//3991 1046//3991 
f 1046//3992 1044//3992 1047//3992 
f 1022//3993 1025//3993 1023//3993 
f 1023//3994 1025//3994 1024//3994 
f 1025//3995 1027//3995 1026//3995 
f 1022//3996 1027//3996 1025//3996 
f 1042//3997 1041//3997 1043//3997 
f 1019//3998 1028//3998 1022//3998 
f 1022//3999 1028//3999 1027//3999 
f 1043//4000 1040//4000 1044//4000 
f 1041//4001 1040//4001 1043//4001 
f 1019//4002 1029//4002 1028//4002 
f 1039//4003 1038//4003 1040//4003 
f 1038//4004 1037//4004 1040//4004 
f 1029//4005 1032//4005 1030//4005 
f 1030//4006 1032//4006 1031//4006 
f 1019//4007 1032//4007 1029//4007 
f 1040//4008 2580//4008 1044//4008 
f 1037//4009 2580//4009 1040//4009 
f 1019//4010 1033//4010 1032//4010 
f 1019//4011 1034//4011 1033//4011 
f 1036//4012 1035//4012 2580//4012 
f 1047//4013 1035//4013 1019//4013 
f 1044//4014 1035//4014 1047//4014 
f 2580//4015 1035//4015 1044//4015 
f 1019//4016 1035//4016 1034//4016 
f 314//4017 2033//4017 1142//4017 
f 896//4018 2033//4018 314//4018 
f 1142//4019 2034//4019 1143//4019 
f 2033//4020 2034//4020 1142//4020 
f 1143//4021 2035//4021 1145//4021 
f 2034//4022 2035//4022 1143//4022 
f 1145//4023 2036//4023 1146//4023 
f 2035//4024 2036//4024 1145//4024 
f 1146//4025 2037//4025 1147//4025 
f 2036//4026 2037//4026 1146//4026 
f 2037//4027 2038//4027 1147//4027 
f 1147//4028 2038//4028 1149//4028 
f 1149//4029 2039//4029 1150//4029 
f 2038//4030 2039//4030 1149//4030 
f 2039//4031 2040//4031 1150//4031 
f 1150//4032 2040//4032 1151//4032 
f 1151//4033 2041//4033 1152//4033 
f 2040//4034 2041//4034 1151//4034 
f 1152//4035 2042//4035 1154//4035 
f 2041//4036 2042//4036 1152//4036 
f 1154//4037 2043//4037 1155//4037 
f 2042//4038 2043//4038 1154//4038 
f 1155//4039 2044//4039 1156//4039 
f 2043//4040 2044//4040 1155//4040 
f 1156//4041 2045//4041 1158//4041 
f 2044//4042 2045//4042 1156//4042 
f 1158//4043 2046//4043 1159//4043 
f 2045//4044 2046//4044 1158//4044 
f 1159//4045 2047//4045 1160//4045 
f 2046//4046 2047//4046 1159//4046 
f 1160//4047 2048//4047 1162//4047 
f 2047//4048 2048//4048 1160//4048 
f 1162//4049 2049//4049 1163//4049 
f 2048//4050 2049//4050 1162//4050 
f 1163//4051 2050//4051 1164//4051 
f 2049//4052 2050//4052 1163//4052 
f 1164//4053 2051//4053 1166//4053 
f 2050//4054 2051//4054 1164//4054 
f 1166//4055 2052//4055 1167//4055 
f 2051//4056 2052//4056 1166//4056 
f 1167//4057 2053//4057 1168//4057 
f 2052//4058 2053//4058 1167//4058 
f 1168//4059 2054//4059 1170//4059 
f 2053//4060 2054//4060 1168//4060 
f 1170//4061 2055//4061 1171//4061 
f 2054//4062 2055//4062 1170//4062 
f 1171//4063 2056//4063 1172//4063 
f 2055//4064 2056//4064 1171//4064 
f 1172//4065 2057//4065 1173//4065 
f 1173//4066 2057//4066 1175//4066 
f 2056//4067 2057//4067 1172//4067 
f 2057//4068 2058//4068 1175//4068 
f 1175//4069 2059//4069 1176//4069 
f 2058//4070 2059//4070 1175//4070 
f 1176//4071 2060//4071 1177//4071 
f 2059//4072 2060//4072 1176//4072 
f 1177//4073 2061//4073 1179//4073 
f 2060//4074 2061//4074 1177//4074 
f 2061//4075 2062//4075 1179//4075 
f 1179//4076 2062//4076 1180//4076 
f 2062//4077 2063//4077 1180//4077 
f 1180//4078 2063//4078 1181//4078 
f 2063//4079 2064//4079 1181//4079 
f 1181//4080 2064//4080 1182//4080 
f 2064//4081 2065//4081 1182//4081 
f 1182//4082 2065//4082 1184//4082 
f 2065//4083 2066//4083 1184//4083 
f 1184//4084 2066//4084 1185//4084 
f 2066//4085 2067//4085 1185//4085 
f 1185//4086 2067//4086 1186//4086 
f 2067//4087 2068//4087 1186//4087 
f 1186//4088 2068//4088 1187//4088 
f 2068//4089 2069//4089 1187//4089 
f 1187//4090 2069//4090 1189//4090 
f 2069//4091 1972//4091 1189//4091 
f 1189//4092 1972//4092 1190//4092 
f 1194//4093 1191//4093 1192//4093 
f 1194//4094 1192//4094 1193//4094 
f 2581//4095 1225//4095 1191//4095 
f 1197//4096 1194//4096 1195//4096 
f 1197//4097 1195//4097 1196//4097 
f 1197//4098 1191//4098 1194//4098 
f 1199//4099 1197//4099 1198//4099 
f 1200//4100 1197//4100 1199//4100 
f 1202//4101 1200//4101 1201//4101 
f 1203//4102 1200//4102 1202//4102 
f 1203//4103 1197//4103 1200//4103 
f 1205//4104 1203//4104 1204//4104 
f 1205//4105 1191//4105 1197//4105 
f 1205//4106 1197//4106 1203//4106 
f 1207//4107 1205//4107 1206//4107 
f 1207//4108 1191//4108 1205//4108 
f 1210//4109 1207//4109 1208//4109 
f 1210//4110 1208//4110 1209//4110 
f 1212//4111 1210//4111 1211//4111 
f 1213//4112 1207//4112 1210//4112 
f 1213//4113 1210//4113 1212//4113 
f 1217//4114 1213//4114 1214//4114 
f 1217//4115 1214//4115 1215//4115 
f 1217//4116 1215//4116 1216//4116 
f 1217//4117 1191//4117 1207//4117 
f 1217//4118 1207//4118 1213//4118 
f 1219//4119 1217//4119 1218//4119 
f 1220//4120 1217//4120 1219//4120 
f 1221//4121 1217//4121 1220//4121 
f 1222//4122 1217//4122 1221//4122 
f 1223//4123 1217//4123 1222//4123 
f 1223//4124 2581//4124 1191//4124 
f 1223//4125 1191//4125 1217//4125 
f 1746//4126 2581//4126 1223//4126 
f 1224//4127 1225//4127 1226//4127 
f 1226//4128 1225//4128 1227//4128 
f 1229//4129 2582//4129 1558//4129 
f 1228//4130 1227//4130 2582//4130 
f 1228//4131 2582//4131 1229//4131 
f 1242//4132 1229//4132 1232//4132 
f 1242//4133 1232//4133 1234//4133 
f 1242//4134 1234//4134 1236//4134 
f 1242//4135 1236//4135 1239//4135 
f 1265//4136 1266//4136 1267//4136 
f 1265//4137 1267//4137 1268//4137 
f 1265//4138 1268//4138 1269//4138 
f 1265//4139 1269//4139 1270//4139 
f 1265//4140 1270//4140 1271//4140 
f 1249//4141 1247//4141 1248//4141 
f 1251//4142 1242//4142 1245//4142 
f 1251//4143 1245//4143 1247//4143 
f 1251//4144 1249//4144 1250//4144 
f 1251//4145 1247//4145 1249//4145 
f 1252//4146 1271//4146 1228//4146 
f 1252//4147 1228//4147 1229//4147 
f 1252//4148 1229//4148 1242//4148 
f 1252//4149 1242//4149 1251//4149 
f 1260//4150 1261//4150 1262//4150 
f 1260//4151 1262//4151 1263//4151 
f 1260//4152 1263//4152 1264//4152 
f 1259//4153 1260//4153 1264//4153 
f 1258//4154 1264//4154 1265//4154 
f 1258//4155 1259//4155 1264//4155 
f 1257//4156 1258//4156 1265//4156 
f 1256//4157 1257//4157 1265//4157 
f 1256//4158 1252//4158 1253//4158 
f 1256//4159 1253//4159 1254//4159 
f 1256//4160 1254//4160 1255//4160 
f 1256//4161 1265//4161 1271//4161 
f 1256//4162 1271//4162 1252//4162 
f 1558//4163 2582//4163 2583//4163 
f 1558//4164 2583//4164 1779//4164 
f 2583//4165 2584//4165 1779//4165 
f 2584//4166 1920//4166 1779//4166 
f 2581//4167 1746//4167 2584//4167 
f 2584//4168 1746//4168 1920//4168 
f 1619//4169 1621//4169 2585//4169 
f 2585//4170 1621//4170 2586//4170 
f 2586//4171 1623//4171 2587//4171 
f 2587//4172 1623//4172 2588//4172 
f 1621//4173 1623//4173 2586//4173 
f 1623//4174 1624//4174 2588//4174 
f 2588//4175 1625//4175 2589//4175 
f 2589//4176 1625//4176 2590//4176 
f 1624//4177 1625//4177 2588//4177 
f 2590//4178 1626//4178 2591//4178 
f 1625//4179 1626//4179 2590//4179 
f 1626//4180 1627//4180 2591//4180 
f 2591//4181 1628//4181 2592//4181 
f 1627//4182 1628//4182 2591//4182 
f 2592//4183 1629//4183 2593//4183 
f 2593//4184 1629//4184 2594//4184 
f 1628//4185 1629//4185 2592//4185 
f 1629//4186 1630//4186 2594//4186 
f 2594//4187 1631//4187 2595//4187 
f 1630//4188 1631//4188 2594//4188 
f 1631//4189 1632//4189 2595//4189 
f 2595//4190 1632//4190 2596//4190 
f 1632//4191 1633//4191 2596//4191 
f 2596//4192 1633//4192 2597//4192 
f 1633//4193 1634//4193 2597//4193 
f 2597//4194 1634//4194 2598//4194 
f 1634//4195 1635//4195 2598//4195 
f 2598//4196 1635//4196 2599//4196 
f 1635//4197 1636//4197 2599//4197 
f 2599//4198 1636//4198 2600//4198 
f 1636//4199 1637//4199 2600//4199 
f 2600//4200 1637//4200 2601//4200 
f 1637//4201 1638//4201 2601//4201 
f 2601//4202 1638//4202 2602//4202 
f 1638//4203 1639//4203 2602//4203 
f 2602//4204 1639//4204 2603//4204 
f 1639//4205 1640//4205 2603//4205 
f 2603//4206 1640//4206 2604//4206 
f 1640//4207 1641//4207 2604//4207 
f 2604//4208 1641//4208 2605//4208 
f 2605//4209 1641//4209 2606//4209 
f 1641//4210 1642//4210 2606//4210 
f 1642//4211 1643//4211 2606//4211 
f 2606//4212 1643//4212 2607//4212 
f 2607//4213 1643//4213 2608//4213 
f 1643//4214 1644//4214 2608//4214 
f 2608//4215 1645//4215 2609//4215 
f 2609//4216 1645//4216 2610//4216 
f 1644//4217 1645//4217 2608//4217 
f 1645//4218 1646//4218 2610//4218 
f 2610//4219 1647//4219 2611//4219 
f 1646//4220 1647//4220 2610//4220 
f 2611//4221 1648//4221 2612//4221 
f 2612//4222 1648//4222 2613//4222 
f 1647//4223 1648//4223 2611//4223 
f 2613//4224 1649//4224 2614//4224 
f 1648//4225 1649//4225 2613//4225 
f 1649//4226 1650//4226 2614//4226 
f 2614//4227 1622//4227 2615//4227 
f 2615//4228 1622//4228 2616//4228 
f 1650//4229 1622//4229 2614//4229 
f 1622//4230 1620//4230 2616//4230 
f 2616//4231 1618//4231 2617//4231 
f 2617//4232 1618//4232 2618//4232 
f 1620//4233 1618//4233 2616//4233 
f 1618//4234 1616//4234 2618//4234 
f 2618//4235 1614//4235 2619//4235 
f 2619//4236 1614//4236 2620//4236 
f 1616//4237 1614//4237 2618//4237 
f 1614//4238 1612//4238 2620//4238 
f 1612//4239 1610//4239 2620//4239 
f 2620//4240 1610//4240 2621//4240 
f 1610//4241 1608//4241 2621//4241 
f 2621//4242 1608//4242 2622//4242 
f 1608//4243 1582//4243 2622//4243 
f 2622//4244 1582//4244 2623//4244 
f 1582//4245 1581//4245 2623//4245 
f 2623//4246 1581//4246 2624//4246 
f 1581//4247 1580//4247 2624//4247 
f 2624//4248 1580//4248 2625//4248 
f 2625//4249 1580//4249 2626//4249 
f 1580//4250 1579//4250 2626//4250 
f 1579//4251 1578//4251 2626//4251 
f 2626//4252 1578//4252 2627//4252 
f 1578//4253 1577//4253 2627//4253 
f 2627//4254 1577//4254 2628//4254 
f 1577//4255 1576//4255 2628//4255 
f 2628//4256 1576//4256 2629//4256 
f 1576//4257 1575//4257 2629//4257 
f 2629//4258 1575//4258 2630//4258 
f 1575//4259 1574//4259 2630//4259 
f 2630//4260 1574//4260 2631//4260 
f 1574//4261 1560//4261 2631//4261 
f 2631//4262 1560//4262 2632//4262 
f 1560//4263 1559//4263 2632//4263 
f 2632//4264 1559//4264 2633//4264 
f 1559//4265 1561//4265 2633//4265 
f 2633//4266 1561//4266 2634//4266 
f 1561//4267 1562//4267 2634//4267 
f 2634//4268 1562//4268 2635//4268 
f 1562//4269 1563//4269 2635//4269 
f 2635//4270 1563//4270 2636//4270 
f 1563//4271 1564//4271 2636//4271 
f 2636//4272 1564//4272 2637//4272 
f 1564//4273 1565//4273 2637//4273 
f 2637//4274 1565//4274 2638//4274 
f 1565//4275 1566//4275 2638//4275 
f 2638//4276 1566//4276 2639//4276 
f 1566//4277 1567//4277 2639//4277 
f 2639//4278 1567//4278 2640//4278 
f 1567//4279 1568//4279 2640//4279 
f 2640//4280 1568//4280 2641//4280 
f 1568//4281 1569//4281 2641//4281 
f 2641//4282 1569//4282 2642//4282 
f 2642//4283 1570//4283 2643//4283 
f 1569//4284 1570//4284 2642//4284 
f 2643//4285 1571//4285 2644//4285 
f 1570//4286 1571//4286 2643//4286 
f 2644//4287 1572//4287 2645//4287 
f 1571//4288 1572//4288 2644//4288 
f 2645//4289 1573//4289 2646//4289 
f 1572//4290 1573//4290 2645//4290 
f 1573//4291 1557//4291 2646//4291 
f 2646//4292 1557//4292 2647//4292 
f 1557//4293 1555//4293 2647//4293 
f 2647//4294 1555//4294 2648//4294 
f 1555//4295 1553//4295 2648//4295 
f 2648//4296 1553//4296 2649//4296 
f 1553//4297 1551//4297 2649//4297 
f 2649//4298 1551//4298 2650//4298 
f 1551//4299 1549//4299 2650//4299 
f 2650//4300 1549//4300 2651//4300 
f 1549//4301 1547//4301 2651//4301 
f 2651//4302 1547//4302 2652//4302 
f 1547//4303 1545//4303 2652//4303 
f 2652//4304 1545//4304 2653//4304 
f 1545//4305 1543//4305 2653//4305 
f 2653//4306 1543//4306 2654//4306 
f 1543//4307 1541//4307 2654//4307 
f 2654//4308 1541//4308 2655//4308 
f 1541//4309 1539//4309 2655//4309 
f 2655//4310 1539//4310 2656//4310 
f 1539//4311 1537//4311 2656//4311 
f 2656//4312 1537//4312 2657//4312 
f 1537//4313 1535//4313 2657//4313 
f 2657//4314 1535//4314 2658//4314 
f 1535//4315 1533//4315 2658//4315 
f 2658//4316 1533//4316 2659//4316 
f 2659//4317 1531//4317 2660//4317 
f 1533//4318 1531//4318 2659//4318 
f 2660//4319 1529//4319 2661//4319 
f 1531//4320 1529//4320 2660//4320 
f 2661//4321 1527//4321 2662//4321 
f 1529//4322 1527//4322 2661//4322 
f 2662//4323 1524//4323 2663//4323 
f 1527//4324 1524//4324 2662//4324 
f 2663//4325 1525//4325 2664//4325 
f 1524//4326 1525//4326 2663//4326 
f 2664//4327 1526//4327 2665//4327 
f 1525//4328 1526//4328 2664//4328 
f 2665//4329 1528//4329 2666//4329 
f 1526//4330 1528//4330 2665//4330 
f 2666//4331 1530//4331 2667//4331 
f 1528//4332 1530//4332 2666//4332 
f 2667//4333 1532//4333 2668//4333 
f 1530//4334 1532//4334 2667//4334 
f 2668//4335 1534//4335 2669//4335 
f 1532//4336 1534//4336 2668//4336 
f 2669//4337 1536//4337 2670//4337 
f 1534//4338 1536//4338 2669//4338 
f 2670//4339 1538//4339 2671//4339 
f 1536//4340 1538//4340 2670//4340 
f 2671//4341 1540//4341 2672//4341 
f 1538//4342 1540//4342 2671//4342 
f 1540//4343 1542//4343 2672//4343 
f 2672//4344 1542//4344 2673//4344 
f 1542//4345 1544//4345 2673//4345 
f 2673//4346 1544//4346 2674//4346 
f 1544//4347 1546//4347 2674//4347 
f 2674//4348 1546//4348 2675//4348 
f 1546//4349 1548//4349 2675//4349 
f 2675//4350 1548//4350 2676//4350 
f 2676//4351 1550//4351 2677//4351 
f 1548//4352 1550//4352 2676//4352 
f 2677//4353 1552//4353 2678//4353 
f 2678//4354 1552//4354 2679//4354 
f 1550//4355 1552//4355 2677//4355 
f 1552//4356 1554//4356 2679//4356 
f 2679//4357 1556//4357 2680//4357 
f 1554//4358 1556//4358 2679//4358 
f 2680//4359 1583//4359 2681//4359 
f 1556//4360 1583//4360 2680//4360 
f 2681//4361 1584//4361 2682//4361 
f 1583//4362 1584//4362 2681//4362 
f 2682//4363 1585//4363 2683//4363 
f 1584//4364 1585//4364 2682//4364 
f 2683//4365 1586//4365 2684//4365 
f 2684//4366 1586//4366 2685//4366 
f 1585//4367 1586//4367 2683//4367 
f 1586//4368 1587//4368 2685//4368 
f 2685//4369 1588//4369 2686//4369 
f 1587//4370 1588//4370 2685//4370 
f 2686//4371 1589//4371 2687//4371 
f 1588//4372 1589//4372 2686//4372 
f 2687//4373 1590//4373 2688//4373 
f 2688//4374 1590//4374 2689//4374 
f 1589//4375 1590//4375 2687//4375 
f 1590//4376 1591//4376 2689//4376 
f 2689//4377 1592//4377 2690//4377 
f 1591//4378 1592//4378 2689//4378 
f 2690//4379 1593//4379 2691//4379 
f 1592//4380 1593//4380 2690//4380 
f 2691//4381 1594//4381 2692//4381 
f 2692//4382 1594//4382 2693//4382 
f 1593//4383 1594//4383 2691//4383 
f 1594//4384 1595//4384 2693//4384 
f 2693//4385 1596//4385 2694//4385 
f 2694//4386 1596//4386 2695//4386 
f 1595//4387 1596//4387 2693//4387 
f 1596//4388 1597//4388 2695//4388 
f 2695//4389 1598//4389 2696//4389 
f 1597//4390 1598//4390 2695//4390 
f 1598//4391 1599//4391 2696//4391 
f 2696//4392 1599//4392 2697//4392 
f 1599//4393 1600//4393 2697//4393 
f 2697//4394 1600//4394 2698//4394 
f 1600//4395 1601//4395 2698//4395 
f 2698//4396 1601//4396 2699//4396 
f 1601//4397 1602//4397 2699//4397 
f 2699//4398 1602//4398 2700//4398 
f 1602//4399 1603//4399 2700//4399 
f 2700//4400 1603//4400 2701//4400 
f 1603//4401 1604//4401 2701//4401 
f 2701//4402 1604//4402 2702//4402 
f 1604//4403 1605//4403 2702//4403 
f 2702//4404 1605//4404 2703//4404 
f 1605//4405 1606//4405 2703//4405 
f 2703//4406 1606//4406 2704//4406 
f 1606//4407 1607//4407 2704//4407 
f 2704//4408 1607//4408 2705//4408 
f 1607//4409 1609//4409 2705//4409 
f 2705//4410 1609//4410 2706//4410 
f 1609//4411 1611//4411 2706//4411 
f 2706//4412 1611//4412 2707//4412 
f 1611//4413 1613//4413 2707//4413 
f 2707//4414 1613//4414 2708//4414 
f 2708//4415 1615//4415 2709//4415 
f 1613//4416 1615//4416 2708//4416 
f 1615//4417 1617//4417 2709//4417 
f 2709//4418 1617//4418 2710//4418 
f 2710//4419 1619//4419 2585//4419 
f 1617//4420 1619//4420 2710//4420 
f 1744//4421 1745//4421 2711//4421 
f 2711//4422 1745//4422 2712//4422 
f 2712//4423 1747//4423 2713//4423 
f 2713//4424 1747//4424 2714//4424 
f 1745//4425 1747//4425 2712//4425 
f 1747//4426 1748//4426 2714//4426 
f 2714//4427 1749//4427 2715//4427 
f 2715//4428 1749//4428 2716//4428 
f 1748//4429 1749//4429 2714//4429 
f 2716//4430 1750//4430 2717//4430 
f 1749//4431 1750//4431 2716//4431 
f 1750//4432 1751//4432 2717//4432 
f 2717//4433 1752//4433 2718//4433 
f 1751//4434 1752//4434 2717//4434 
f 2718//4435 1753//4435 2719//4435 
f 2719//4436 1753//4436 2720//4436 
f 1752//4437 1753//4437 2718//4437 
f 1753//4438 1754//4438 2720//4438 
f 2720//4439 1755//4439 2721//4439 
f 1754//4440 1755//4440 2720//4440 
f 1755//4441 1756//4441 2721//4441 
f 2721//4442 1756//4442 2722//4442 
f 1756//4443 1757//4443 2722//4443 
f 2722//4444 1757//4444 2723//4444 
f 1757//4445 1758//4445 2723//4445 
f 2723//4446 1758//4446 2724//4446 
f 1758//4447 1759//4447 2724//4447 
f 2724//4448 1759//4448 2725//4448 
f 1759//4449 1760//4449 2725//4449 
f 2725//4450 1760//4450 2726//4450 
f 1760//4451 1761//4451 2726//4451 
f 2726//4452 1761//4452 2727//4452 
f 1761//4453 1762//4453 2727//4453 
f 2727//4454 1762//4454 2728//4454 
f 1762//4455 1763//4455 2728//4455 
f 2728//4456 1763//4456 2729//4456 
f 1763//4457 1764//4457 2729//4457 
f 2729//4458 1764//4458 2730//4458 
f 1764//4459 1765//4459 2730//4459 
f 2730//4460 1765//4460 2731//4460 
f 2731//4461 1765//4461 2732//4461 
f 1765//4462 1766//4462 2732//4462 
f 1766//4463 1767//4463 2732//4463 
f 2732//4464 1767//4464 2733//4464 
f 2733//4465 1767//4465 2734//4465 
f 1767//4466 1768//4466 2734//4466 
f 2734//4467 1769//4467 2735//4467 
f 2735//4468 1769//4468 2736//4468 
f 1768//4469 1769//4469 2734//4469 
f 1769//4470 1770//4470 2736//4470 
f 2736//4471 1771//4471 2737//4471 
f 1770//4472 1771//4472 2736//4472 
f 2737//4473 1772//4473 2738//4473 
f 2738//4474 1772//4474 2739//4474 
f 1771//4475 1772//4475 2737//4475 
f 2739//4476 1773//4476 2740//4476 
f 1772//4477 1773//4477 2739//4477 
f 1773//4478 1774//4478 2740//4478 
f 2740//4479 1775//4479 2741//4479 
f 2741//4480 1775//4480 2742//4480 
f 1774//4481 1775//4481 2740//4481 
f 1775//4482 1776//4482 2742//4482 
f 2742//4483 1777//4483 2743//4483 
f 2743//4484 1777//4484 2744//4484 
f 1776//4485 1777//4485 2742//4485 
f 1777//4486 1742//4486 2744//4486 
f 2744//4487 1740//4487 2745//4487 
f 2745//4488 1740//4488 2746//4488 
f 1742//4489 1740//4489 2744//4489 
f 1740//4490 1738//4490 2746//4490 
f 1738//4491 1736//4491 2746//4491 
f 2746//4492 1736//4492 2747//4492 
f 1736//4493 1734//4493 2747//4493 
f 2747//4494 1734//4494 2748//4494 
f 1734//4495 1732//4495 2748//4495 
f 2748//4496 1732//4496 2749//4496 
f 1732//4497 1730//4497 2749//4497 
f 2749//4498 1730//4498 2750//4498 
f 1730//4499 1728//4499 2750//4499 
f 2750//4500 1728//4500 2751//4500 
f 2751//4501 1728//4501 2752//4501 
f 1728//4502 1726//4502 2752//4502 
f 1726//4503 1724//4503 2752//4503 
f 2752//4504 1724//4504 2753//4504 
f 1724//4505 1722//4505 2753//4505 
f 2753//4506 1722//4506 2754//4506 
f 1722//4507 1720//4507 2754//4507 
f 2754//4508 1720//4508 2755//4508 
f 1720//4509 1700//4509 2755//4509 
f 2755//4510 1700//4510 2756//4510 
f 1700//4511 1699//4511 2756//4511 
f 2756//4512 1699//4512 2757//4512 
f 1699//4513 1698//4513 2757//4513 
f 2757//4514 1698//4514 2758//4514 
f 1698//4515 1697//4515 2758//4515 
f 2758//4516 1697//4516 2759//4516 
f 1697//4517 1696//4517 2759//4517 
f 2759//4518 1696//4518 2760//4518 
f 1696//4519 1695//4519 2760//4519 
f 2760//4520 1695//4520 2761//4520 
f 1695//4521 1694//4521 2761//4521 
f 2761//4522 1694//4522 2762//4522 
f 1694//4523 1693//4523 2762//4523 
f 2762//4524 1693//4524 2763//4524 
f 1693//4525 1692//4525 2763//4525 
f 2763//4526 1692//4526 2764//4526 
f 1692//4527 1691//4527 2764//4527 
f 2764//4528 1691//4528 2765//4528 
f 1691//4529 1685//4529 2765//4529 
f 2765//4530 1685//4530 2766//4530 
f 1685//4531 1684//4531 2766//4531 
f 2766//4532 1684//4532 2767//4532 
f 1684//4533 1686//4533 2767//4533 
f 2767//4534 1686//4534 2768//4534 
f 2768//4535 1687//4535 2769//4535 
f 1686//4536 1687//4536 2768//4536 
f 2769//4537 1688//4537 2770//4537 
f 1687//4538 1688//4538 2769//4538 
f 2770//4539 1689//4539 2771//4539 
f 1688//4540 1689//4540 2770//4540 
f 2771//4541 1690//4541 2772//4541 
f 1689//4542 1690//4542 2771//4542 
f 1690//4543 1683//4543 2772//4543 
f 2772//4544 1683//4544 2773//4544 
f 1683//4545 1682//4545 2773//4545 
f 2773//4546 1682//4546 2774//4546 
f 1682//4547 1680//4547 2774//4547 
f 2774//4548 1680//4548 2775//4548 
f 1680//4549 1678//4549 2775//4549 
f 2775//4550 1678//4550 2776//4550 
f 1678//4551 1676//4551 2776//4551 
f 2776//4552 1676//4552 2777//4552 
f 1676//4553 1674//4553 2777//4553 
f 2777//4554 1674//4554 2778//4554 
f 1674//4555 1672//4555 2778//4555 
f 2778//4556 1672//4556 2779//4556 
f 1672//4557 1670//4557 2779//4557 
f 2779//4558 1670//4558 2780//4558 
f 1670//4559 1668//4559 2780//4559 
f 2780//4560 1668//4560 2781//4560 
f 1668//4561 1666//4561 2781//4561 
f 2781//4562 1666//4562 2782//4562 
f 1666//4563 1664//4563 2782//4563 
f 2782//4564 1664//4564 2783//4564 
f 1664//4565 1662//4565 2783//4565 
f 2783//4566 1662//4566 2784//4566 
f 1662//4567 1660//4567 2784//4567 
f 2784//4568 1660//4568 2785//4568 
f 2785//4569 1658//4569 2786//4569 
f 1660//4570 1658//4570 2785//4570 
f 2786//4571 1656//4571 2787//4571 
f 1658//4572 1656//4572 2786//4572 
f 2787//4573 1654//4573 2788//4573 
f 1656//4574 1654//4574 2787//4574 
f 2788//4575 1651//4575 2789//4575 
f 1654//4576 1651//4576 2788//4576 
f 2789//4577 1652//4577 2790//4577 
f 1651//4578 1652//4578 2789//4578 
f 2790//4579 1653//4579 2791//4579 
f 1652//4580 1653//4580 2790//4580 
f 2791//4581 1655//4581 2792//4581 
f 1653//4582 1655//4582 2791//4582 
f 2792//4583 1657//4583 2793//4583 
f 1655//4584 1657//4584 2792//4584 
f 2793//4585 1659//4585 2794//4585 
f 1657//4586 1659//4586 2793//4586 
f 2794//4587 1661//4587 2795//4587 
f 1659//4588 1661//4588 2794//4588 
f 2795//4589 1663//4589 2796//4589 
f 1661//4590 1663//4590 2795//4590 
f 2796//4591 1665//4591 2797//4591 
f 1663//4592 1665//4592 2796//4592 
f 2797//4593 1667//4593 2798//4593 
f 1665//4594 1667//4594 2797//4594 
f 1667//4595 1669//4595 2798//4595 
f 2798//4596 1669//4596 2799//4596 
f 1669//4597 1671//4597 2799//4597 
f 2799//4598 1671//4598 2800//4598 
f 1671//4599 1673//4599 2800//4599 
f 2800//4600 1673//4600 2801//4600 
f 1673//4601 1675//4601 2801//4601 
f 2801//4602 1675//4602 2802//4602 
f 2802//4603 1677//4603 2803//4603 
f 1675//4604 1677//4604 2802//4604 
f 2803//4605 1679//4605 2804//4605 
f 2804//4606 1679//4606 2805//4606 
f 1677//4607 1679//4607 2803//4607 
f 1679//4608 1681//4608 2805//4608 
f 2805//4609 1701//4609 2806//4609 
f 1681//4610 1701//4610 2805//4610 
f 2806//4611 1702//4611 2807//4611 
f 1701//4612 1702//4612 2806//4612 
f 2807//4613 1703//4613 2808//4613 
f 1702//4614 1703//4614 2807//4614 
f 2808//4615 1704//4615 2809//4615 
f 1703//4616 1704//4616 2808//4616 
f 2809//4617 1705//4617 2810//4617 
f 2810//4618 1705//4618 2811//4618 
f 1704//4619 1705//4619 2809//4619 
f 1705//4620 1706//4620 2811//4620 
f 2811//4621 1707//4621 2812//4621 
f 1706//4622 1707//4622 2811//4622 
f 2812//4623 1708//4623 2813//4623 
f 1707//4624 1708//4624 2812//4624 
f 2813//4625 1709//4625 2814//4625 
f 2814//4626 1709//4626 2815//4626 
f 1708//4627 1709//4627 2813//4627 
f 1709//4628 1710//4628 2815//4628 
f 2815//4629 1711//4629 2816//4629 
f 1710//4630 1711//4630 2815//4630 
f 2816//4631 1712//4631 2817//4631 
f 1711//4632 1712//4632 2816//4632 
f 2817//4633 1713//4633 2818//4633 
f 2818//4634 1713//4634 2819//4634 
f 1712//4635 1713//4635 2817//4635 
f 1713//4636 1714//4636 2819//4636 
f 2819//4637 1715//4637 2820//4637 
f 2820//4638 1715//4638 2821//4638 
f 1714//4639 1715//4639 2819//4639 
f 1715//4640 1716//4640 2821//4640 
f 2821//4641 1717//4641 2822//4641 
f 1716//4642 1717//4642 2821//4642 
f 1717//4643 1718//4643 2822//4643 
f 2822//4644 1718//4644 2823//4644 
f 1718//4645 1719//4645 2823//4645 
f 2823//4646 1719//4646 2824//4646 
f 1719//4647 1721//4647 2824//4647 
f 2824//4648 1721//4648 2825//4648 
f 1721//4649 1723//4649 2825//4649 
f 2825//4650 1723//4650 2826//4650 
f 1723//4651 1725//4651 2826//4651 
f 2826//4652 1725//4652 2827//4652 
f 1725//4653 1727//4653 2827//4653 
f 2827//4654 1727//4654 2828//4654 
f 1727//4655 1729//4655 2828//4655 
f 2828//4656 1729//4656 2829//4656 
f 1729//4657 1731//4657 2829//4657 
f 2829//4658 1731//4658 2830//4658 
f 1731//4659 1733//4659 2830//4659 
f 2830//4660 1733//4660 2831//4660 
f 1733//4661 1735//4661 2831//4661 
f 2831//4662 1735//4662 2832//4662 
f 1735//4663 1737//4663 2832//4663 
f 2832//4664 1737//4664 2833//4664 
f 1737//4665 1739//4665 2833//4665 
f 2833//4666 1739//4666 2834//4666 
f 2834//4667 1741//4667 2835//4667 
f 1739//4668 1741//4668 2834//4668 
f 1741//4669 1743//4669 2835//4669 
f 2835//4670 1743//4670 2836//4670 
f 2836//4671 1744//4671 2711//4671 
f 1743//4672 1744//4672 2836//4672 
f 1891//4673 1893//4673 2837//4673 
f 2837//4674 1893//4674 2838//4674 
f 2838//4675 1894//4675 2839//4675 
f 2839//4676 1894//4676 2840//4676 
f 1893//4677 1894//4677 2838//4677 
f 1894//4678 1896//4678 2840//4678 
f 2840//4679 1899//4679 2841//4679 
f 2841//4680 1899//4680 2842//4680 
f 1896//4681 1899//4681 2840//4681 
f 2842//4682 1901//4682 2843//4682 
f 1899//4683 1901//4683 2842//4683 
f 1901//4684 1903//4684 2843//4684 
f 2843//4685 1905//4685 2844//4685 
f 1903//4686 1905//4686 2843//4686 
f 2844//4687 1907//4687 2845//4687 
f 2845//4688 1907//4688 2846//4688 
f 1905//4689 1907//4689 2844//4689 
f 1907//4690 1909//4690 2846//4690 
f 2846//4691 1911//4691 2847//4691 
f 1909//4692 1911//4692 2846//4692 
f 1911//4693 1912//4693 2847//4693 
f 2847//4694 1912//4694 2848//4694 
f 1912//4695 1915//4695 2848//4695 
f 2848//4696 1915//4696 2849//4696 
f 1915//4697 1917//4697 2849//4697 
f 2849//4698 1917//4698 2850//4698 
f 1917//4699 1919//4699 2850//4699 
f 2850//4700 1919//4700 2851//4700 
f 1919//4701 1941//4701 2851//4701 
f 2851//4702 1941//4702 2852//4702 
f 1941//4703 1944//4703 2852//4703 
f 2852//4704 1944//4704 2853//4704 
f 1944//4705 1947//4705 2853//4705 
f 2853//4706 1947//4706 2854//4706 
f 1947//4707 1950//4707 2854//4707 
f 2854//4708 1950//4708 2855//4708 
f 1950//4709 1953//4709 2855//4709 
f 2855//4710 1953//4710 2856//4710 
f 1953//4711 1956//4711 2856//4711 
f 2856//4712 1956//4712 2857//4712 
f 2857//4713 1956//4713 2858//4713 
f 1956//4714 1959//4714 2858//4714 
f 1959//4715 1962//4715 2858//4715 
f 2858//4716 1962//4716 2859//4716 
f 2859//4717 1962//4717 2860//4717 
f 1962//4718 2025//4718 2860//4718 
f 2860//4719 2024//4719 2861//4719 
f 2861//4720 2024//4720 2862//4720 
f 2025//4721 2024//4721 2860//4721 
f 2024//4722 2023//4722 2862//4722 
f 2862//4723 2022//4723 2863//4723 
f 2023//4724 2022//4724 2862//4724 
f 2863//4725 2021//4725 2864//4725 
f 2864//4726 2021//4726 2865//4726 
f 2022//4727 2021//4727 2863//4727 
f 2865//4728 2020//4728 2866//4728 
f 2021//4729 2020//4729 2865//4729 
f 2020//4730 2019//4730 2866//4730 
f 2866//4731 1847//4731 2867//4731 
f 2867//4732 1847//4732 2868//4732 
f 2019//4733 1847//4733 2866//4733 
f 1847//4734 1846//4734 2868//4734 
f 2868//4735 1845//4735 2869//4735 
f 2869//4736 1845//4736 2870//4736 
f 1846//4737 1845//4737 2868//4737 
f 1845//4738 1844//4738 2870//4738 
f 2870//4739 1843//4739 2871//4739 
f 2871//4740 1843//4740 2872//4740 
f 1844//4741 1843//4741 2870//4741 
f 1843//4742 1842//4742 2872//4742 
f 1842//4743 1841//4743 2872//4743 
f 2872//4744 1841//4744 2873//4744 
f 1841//4745 1840//4745 2873//4745 
f 2873//4746 1840//4746 2874//4746 
f 1840//4747 1839//4747 2874//4747 
f 2874//4748 1839//4748 2875//4748 
f 1839//4749 1838//4749 2875//4749 
f 2875//4750 1838//4750 2876//4750 
f 1838//4751 1837//4751 2876//4751 
f 2876//4752 1837//4752 2877//4752 
f 2877//4753 1837//4753 2878//4753 
f 1837//4754 1836//4754 2878//4754 
f 1836//4755 1835//4755 2878//4755 
f 2878//4756 1835//4756 2879//4756 
f 1835//4757 1834//4757 2879//4757 
f 2879//4758 1834//4758 2880//4758 
f 1834//4759 1833//4759 2880//4759 
f 2880//4760 1833//4760 2881//4760 
f 1833//4761 1832//4761 2881//4761 
f 2881//4762 1832//4762 2882//4762 
f 1832//4763 1831//4763 2882//4763 
f 2882//4764 1831//4764 2883//4764 
f 1831//4765 1830//4765 2883//4765 
f 2883//4766 1830//4766 2884//4766 
f 1830//4767 1829//4767 2884//4767 
f 2884//4768 1829//4768 2885//4768 
f 1829//4769 1828//4769 2885//4769 
f 2885//4770 1828//4770 2886//4770 
f 1828//4771 1827//4771 2886//4771 
f 2886//4772 1827//4772 2887//4772 
f 1827//4773 1815//4773 2887//4773 
f 2887//4774 1815//4774 2888//4774 
f 1815//4775 1814//4775 2888//4775 
f 2888//4776 1814//4776 2889//4776 
f 1814//4777 1816//4777 2889//4777 
f 2889//4778 1816//4778 2890//4778 
f 1816//4779 1817//4779 2890//4779 
f 2890//4780 1817//4780 2891//4780 
f 1817//4781 1818//4781 2891//4781 
f 2891//4782 1818//4782 2892//4782 
f 1818//4783 1819//4783 2892//4783 
f 2892//4784 1819//4784 2893//4784 
f 1819//4785 1820//4785 2893//4785 
f 2893//4786 1820//4786 2894//4786 
f 2894//4787 1821//4787 2895//4787 
f 1820//4788 1821//4788 2894//4788 
f 2895//4789 1822//4789 2896//4789 
f 1821//4790 1822//4790 2895//4790 
f 2896//4791 1823//4791 2897//4791 
f 1822//4792 1823//4792 2896//4792 
f 2897//4793 1824//4793 2898//4793 
f 1823//4794 1824//4794 2897//4794 
f 1824//4795 1825//4795 2898//4795 
f 2898//4796 1825//4796 2899//4796 
f 1825//4797 1826//4797 2899//4797 
f 2899//4798 1826//4798 2900//4798 
f 1826//4799 1808//4799 2900//4799 
f 2900//4800 1808//4800 2901//4800 
f 1808//4801 1806//4801 2901//4801 
f 2901//4802 1806//4802 2902//4802 
f 1806//4803 1804//4803 2902//4803 
f 2902//4804 1804//4804 2903//4804 
f 1804//4805 1802//4805 2903//4805 
f 2903//4806 1802//4806 2904//4806 
f 1802//4807 1800//4807 2904//4807 
f 2904//4808 1800//4808 2905//4808 
f 1800//4809 1798//4809 2905//4809 
f 2905//4810 1798//4810 2906//4810 
f 1798//4811 1796//4811 2906//4811 
f 2906//4812 1796//4812 2907//4812 
f 1796//4813 1794//4813 2907//4813 
f 2907//4814 1794//4814 2908//4814 
f 1794//4815 1792//4815 2908//4815 
f 2908//4816 1792//4816 2909//4816 
f 1792//4817 1790//4817 2909//4817 
f 2909//4818 1790//4818 2910//4818 
f 1790//4819 1788//4819 2910//4819 
f 2910//4820 1788//4820 2911//4820 
f 2911//4821 1786//4821 2912//4821 
f 1788//4822 1786//4822 2911//4822 
f 2912//4823 1784//4823 2913//4823 
f 1786//4824 1784//4824 2912//4824 
f 2913//4825 1782//4825 2914//4825 
f 1784//4826 1782//4826 2913//4826 
f 2914//4827 1778//4827 2915//4827 
f 1782//4828 1778//4828 2914//4828 
f 2915//4829 1780//4829 2916//4829 
f 1778//4830 1780//4830 2915//4830 
f 2916//4831 1781//4831 2917//4831 
f 1780//4832 1781//4832 2916//4832 
f 2917//4833 1783//4833 2918//4833 
f 1781//4834 1783//4834 2917//4834 
f 2918//4835 1785//4835 2919//4835 
f 1783//4836 1785//4836 2918//4836 
f 2919//4837 1787//4837 2920//4837 
f 1785//4838 1787//4838 2919//4838 
f 2920//4839 1789//4839 2921//4839 
f 1787//4840 1789//4840 2920//4840 
f 2921//4841 1791//4841 2922//4841 
f 1789//4842 1791//4842 2921//4842 
f 2922//4843 1793//4843 2923//4843 
f 1791//4844 1793//4844 2922//4844 
f 2923//4845 1795//4845 2924//4845 
f 1793//4846 1795//4846 2923//4846 
f 1795//4847 1797//4847 2924//4847 
f 2924//4848 1797//4848 2925//4848 
f 1797//4849 1799//4849 2925//4849 
f 2925//4850 1799//4850 2926//4850 
f 1799//4851 1801//4851 2926//4851 
f 2926//4852 1801//4852 2927//4852 
f 1801//4853 1803//4853 2927//4853 
f 2927//4854 1803//4854 2928//4854 
f 2928//4855 1805//4855 2929//4855 
f 1803//4856 1805//4856 2928//4856 
f 2929//4857 1807//4857 2930//4857 
f 2930//4858 1807//4858 2931//4858 
f 1805//4859 1807//4859 2929//4859 
f 1807//4860 1809//4860 2931//4860 
f 2931//4861 1810//4861 2932//4861 
f 1809//4862 1810//4862 2931//4862 
f 2932//4863 1811//4863 2933//4863 
f 1810//4864 1811//4864 2932//4864 
f 2933//4865 1812//4865 2934//4865 
f 1811//4866 1812//4866 2933//4866 
f 2934//4867 1813//4867 2935//4867 
f 1812//4868 1813//4868 2934//4868 
f 2935//4869 2013//4869 2936//4869 
f 2936//4870 2013//4870 2937//4870 
f 1813//4871 2013//4871 2935//4871 
f 2013//4872 2014//4872 2937//4872 
f 2937//4873 2015//4873 2938//4873 
f 2014//4874 2015//4874 2937//4874 
f 2938//4875 2016//4875 2939//4875 
f 2015//4876 2016//4876 2938//4876 
f 2939//4877 2017//4877 2940//4877 
f 2940//4878 2017//4878 2941//4878 
f 2016//4879 2017//4879 2939//4879 
f 2017//4880 2018//4880 2941//4880 
f 2941//4881 1869//4881 2942//4881 
f 2018//4882 1869//4882 2941//4882 
f 2942//4883 1862//4883 2943//4883 
f 1869//4884 1862//4884 2942//4884 
f 2943//4885 1861//4885 2944//4885 
f 2944//4886 1861//4886 2945//4886 
f 1862//4887 1861//4887 2943//4887 
f 1861//4888 1858//4888 2945//4888 
f 2945//4889 1853//4889 2946//4889 
f 2946//4890 1853//4890 2947//4890 
f 1858//4891 1853//4891 2945//4891 
f 1853//4892 1849//4892 2947//4892 
f 2947//4893 1851//4893 2948//4893 
f 1849//4894 1851//4894 2947//4894 
f 1851//4895 1855//4895 2948//4895 
f 2948//4896 1855//4896 2949//4896 
f 1855//4897 1856//4897 2949//4897 
f 2949//4898 1856//4898 2950//4898 
f 1856//4899 1864//4899 2950//4899 
f 2950//4900 1864//4900 2951//4900 
f 1864//4901 1867//4901 2951//4901 
f 2951//4902 1867//4902 2952//4902 
f 1867//4903 1871//4903 2952//4903 
f 2952//4904 1871//4904 2953//4904 
f 1871//4905 1872//4905 2953//4905 
f 2953//4906 1872//4906 2954//4906 
f 1872//4907 1875//4907 2954//4907 
f 2954//4908 1875//4908 2955//4908 
f 1875//4909 1876//4909 2955//4909 
f 2955//4910 1876//4910 2956//4910 
f 1876//4911 1879//4911 2956//4911 
f 2956//4912 1879//4912 2957//4912 
f 1879//4913 1881//4913 2957//4913 
f 2957//4914 1881//4914 2958//4914 
f 1881//4915 1883//4915 2958//4915 
f 2958//4916 1883//4916 2959//4916 
f 1883//4917 1885//4917 2959//4917 
f 2959//4918 1885//4918 2960//4918 
f 2960//4919 1887//4919 2961//4919 
f 1885//4920 1887//4920 2960//4920 
f 1887//4921 1889//4921 2961//4921 
f 2961//4922 1889//4922 2962//4922 
f 2962//4923 1891//4923 2837//4923 
f 1889//4924 1891//4924 2962//4924 
f 1985//4925 1995//4925 2963//4925 
f 2963//4926 1995//4926 2964//4926 
f 2964//4927 1996//4927 2965//4927 
f 2965//4928 1996//4928 2966//4928 
f 1995//4929 1996//4929 2964//4929 
f 1996//4930 1997//4930 2966//4930 
f 2966//4931 1998//4931 2967//4931 
f 2967//4932 1998//4932 2968//4932 
f 1997//4933 1998//4933 2966//4933 
f 2968//4934 1999//4934 2969//4934 
f 1998//4935 1999//4935 2968//4935 
f 1999//4936 2000//4936 2969//4936 
f 2969//4937 2001//4937 2970//4937 
f 2000//4938 2001//4938 2969//4938 
f 2970//4939 2002//4939 2971//4939 
f 2971//4940 2002//4940 2972//4940 
f 2001//4941 2002//4941 2970//4941 
f 2002//4942 2003//4942 2972//4942 
f 2972//4943 2004//4943 2973//4943 
f 2003//4944 2004//4944 2972//4944 
f 2004//4945 2005//4945 2973//4945 
f 2973//4946 2005//4946 2974//4946 
f 2005//4947 2006//4947 2974//4947 
f 2974//4948 2006//4948 2975//4948 
f 2006//4949 1974//4949 2975//4949 
f 2975//4950 1974//4950 2976//4950 
f 1974//4951 1973//4951 2976//4951 
f 2976//4952 1973//4952 2977//4952 
f 1973//4953 1975//4953 2977//4953 
f 2977//4954 1975//4954 2978//4954 
f 1975//4955 1976//4955 2978//4955 
f 2978//4956 1976//4956 2979//4956 
f 1976//4957 1977//4957 2979//4957 
f 2979//4958 1977//4958 2980//4958 
f 1977//4959 1978//4959 2980//4959 
f 2980//4960 1978//4960 2981//4960 
f 1978//4961 1979//4961 2981//4961 
f 2981//4962 1979//4962 2982//4962 
f 1979//4963 1980//4963 2982//4963 
f 2982//4964 1980//4964 2983//4964 
f 2983//4965 1980//4965 2984//4965 
f 1980//4966 1981//4966 2984//4966 
f 1981//4967 1982//4967 2984//4967 
f 2984//4968 1982//4968 2985//4968 
f 2985//4969 1982//4969 2986//4969 
f 1982//4970 1983//4970 2986//4970 
f 2986//4971 1984//4971 2987//4971 
f 2987//4972 1984//4972 2988//4972 
f 1983//4973 1984//4973 2986//4973 
f 1984//4974 1986//4974 2988//4974 
f 2988//4975 1987//4975 2989//4975 
f 1986//4976 1987//4976 2988//4976 
f 2989//4977 1988//4977 2990//4977 
f 2990//4978 1988//4978 2991//4978 
f 1987//4979 1988//4979 2989//4979 
f 2991//4980 1989//4980 2992//4980 
f 1988//4981 1989//4981 2991//4981 
f 1989//4982 1990//4982 2992//4982 
f 2992//4983 1991//4983 2993//4983 
f 2993//4984 1991//4984 2994//4984 
f 1990//4985 1991//4985 2992//4985 
f 1991//4986 1992//4986 2994//4986 
f 2994//4987 1993//4987 2995//4987 
f 2995//4988 1993//4988 2996//4988 
f 1992//4989 1993//4989 2994//4989 
f 1993//4990 1994//4990 2996//4990 
f 2996//4991 2026//4991 2997//4991 
f 2997//4992 2026//4992 2998//4992 
f 1994//4993 2026//4993 2996//4993 
f 2026//4994 2027//4994 2998//4994 
f 2027//4995 2028//4995 2998//4995 
f 2998//4996 2028//4996 2999//4996 
f 2028//4997 2029//4997 2999//4997 
f 2999//4998 2029//4998 3000//4998 
f 2029//4999 2030//4999 3000//4999 
f 3000//5000 2030//5000 3001//5000 
f 2030//5001 2031//5001 3001//5001 
f 3001//5002 2031//5002 3002//5002 
f 2031//5003 2032//5003 3002//5003 
f 3002//5004 2032//5004 3003//5004 
f 3003//5005 2032//5005 3004//5005 
f 2032//5006 1961//5006 3004//5006 
f 1961//5007 1958//5007 3004//5007 
f 3004//5008 1958//5008 3005//5008 
f 1958//5009 1955//5009 3005//5009 
f 3005//5010 1955//5010 3006//5010 
f 1955//5011 1952//5011 3006//5011 
f 3006//5012 1952//5012 3007//5012 
f 1952//5013 1949//5013 3007//5013 
f 3007//5014 1949//5014 3008//5014 
f 1949//5015 1946//5015 3008//5015 
f 3008//5016 1946//5016 3009//5016 
f 1946//5017 1943//5017 3009//5017 
f 3009//5018 1943//5018 3010//5018 
f 1943//5019 1940//5019 3010//5019 
f 3010//5020 1940//5020 3011//5020 
f 1940//5021 1918//5021 3011//5021 
f 3011//5022 1918//5022 3012//5022 
f 1918//5023 1916//5023 3012//5023 
f 3012//5024 1916//5024 3013//5024 
f 1916//5025 1914//5025 3013//5025 
f 3013//5026 1914//5026 3014//5026 
f 1914//5027 1913//5027 3014//5027 
f 3014//5028 1913//5028 3015//5028 
f 1913//5029 1910//5029 3015//5029 
f 3015//5030 1910//5030 3016//5030 
f 1910//5031 1908//5031 3016//5031 
f 3016//5032 1908//5032 3017//5032 
f 1908//5033 1906//5033 3017//5033 
f 3017//5034 1906//5034 3018//5034 
f 1906//5035 1904//5035 3018//5035 
f 3018//5036 1904//5036 3019//5036 
f 1904//5037 1902//5037 3019//5037 
f 3019//5038 1902//5038 3020//5038 
f 3020//5039 1900//5039 3021//5039 
f 1902//5040 1900//5040 3020//5040 
f 3021//5041 1898//5041 3022//5041 
f 1900//5042 1898//5042 3021//5042 
f 3022//5043 1897//5043 3023//5043 
f 1898//5044 1897//5044 3022//5044 
f 3023//5045 1895//5045 3024//5045 
f 1897//5046 1895//5046 3023//5046 
f 1895//5047 1892//5047 3024//5047 
f 3024//5048 1892//5048 3025//5048 
f 1892//5049 1890//5049 3025//5049 
f 3025//5050 1890//5050 3026//5050 
f 1890//5051 1888//5051 3026//5051 
f 3026//5052 1888//5052 3027//5052 
f 1888//5053 1886//5053 3027//5053 
f 3027//5054 1886//5054 3028//5054 
f 1886//5055 1884//5055 3028//5055 
f 3028//5056 1884//5056 3029//5056 
f 1884//5057 1882//5057 3029//5057 
f 3029//5058 1882//5058 3030//5058 
f 1882//5059 1880//5059 3030//5059 
f 3030//5060 1880//5060 3031//5060 
f 1880//5061 1878//5061 3031//5061 
f 3031//5062 1878//5062 3032//5062 
f 1878//5063 1877//5063 3032//5063 
f 3032//5064 1877//5064 3033//5064 
f 1877//5065 1874//5065 3033//5065 
f 3033//5066 1874//5066 3034//5066 
f 1874//5067 1873//5067 3034//5067 
f 3034//5068 1873//5068 3035//5068 
f 1873//5069 1870//5069 3035//5069 
f 3035//5070 1870//5070 3036//5070 
f 1870//5071 1866//5071 3036//5071 
f 3036//5072 1866//5072 3037//5072 
f 3037//5073 1863//5073 3038//5073 
f 1866//5074 1863//5074 3037//5074 
f 3038//5075 1859//5075 3039//5075 
f 1863//5076 1859//5076 3038//5076 
f 3039//5077 1854//5077 3040//5077 
f 1859//5078 1854//5078 3039//5078 
f 3040//5079 1848//5079 3041//5079 
f 1854//5080 1848//5080 3040//5080 
f 3041//5081 1850//5081 3042//5081 
f 1848//5082 1850//5082 3041//5082 
f 3042//5083 1852//5083 3043//5083 
f 1850//5084 1852//5084 3042//5084 
f 3043//5085 1857//5085 3044//5085 
f 1852//5086 1857//5086 3043//5086 
f 3044//5087 1860//5087 3045//5087 
f 1857//5088 1860//5088 3044//5088 
f 3045//5089 1865//5089 3046//5089 
f 1860//5090 1865//5090 3045//5090 
f 3046//5091 1868//5091 3047//5091 
f 1865//5092 1868//5092 3046//5092 
f 3047//5093 2012//5093 3048//5093 
f 1868//5094 2012//5094 3047//5094 
f 3048//5095 2011//5095 3049//5095 
f 2012//5096 2011//5096 3048//5096 
f 3049//5097 2010//5097 3050//5097 
f 2011//5098 2010//5098 3049//5098 
f 2010//5099 2009//5099 3050//5099 
f 3050//5100 2009//5100 3051//5100 
f 2009//5101 2008//5101 3051//5101 
f 3051//5102 2008//5102 3052//5102 
f 2008//5103 2007//5103 3052//5103 
f 3052//5104 2007//5104 3053//5104 
f 2007//5105 1922//5105 3053//5105 
f 3053//5106 1922//5106 3054//5106 
f 3054//5107 1921//5107 3055//5107 
f 1922//5108 1921//5108 3054//5108 
f 3055//5109 1923//5109 3056//5109 
f 3056//5110 1923//5110 3057//5110 
f 1921//5111 1923//5111 3055//5111 
f 1923//5112 1924//5112 3057//5112 
f 3057//5113 1925//5113 3058//5113 
f 1924//5114 1925//5114 3057//5114 
f 3058//5115 1926//5115 3059//5115 
f 1925//5116 1926//5116 3058//5116 
f 3059//5117 1927//5117 3060//5117 
f 1926//5118 1927//5118 3059//5118 
f 3060//5119 1928//5119 3061//5119 
f 1927//5120 1928//5120 3060//5120 
f 3061//5121 1929//5121 3062//5121 
f 3062//5122 1929//5122 3063//5122 
f 1928//5123 1929//5123 3061//5123 
f 1929//5124 1930//5124 3063//5124 
f 3063//5125 1931//5125 3064//5125 
f 1930//5126 1931//5126 3063//5126 
f 3064//5127 1932//5127 3065//5127 
f 1931//5128 1932//5128 3064//5128 
f 3065//5129 1933//5129 3066//5129 
f 3066//5130 1933//5130 3067//5130 
f 1932//5131 1933//5131 3065//5131 
f 1933//5132 1934//5132 3067//5132 
f 3067//5133 1935//5133 3068//5133 
f 1934//5134 1935//5134 3067//5134 
f 3068//5135 1936//5135 3069//5135 
f 1935//5136 1936//5136 3068//5136 
f 3069//5137 1937//5137 3070//5137 
f 3070//5138 1937//5138 3071//5138 
f 1936//5139 1937//5139 3069//5139 
f 1937//5140 1938//5140 3071//5140 
f 3071//5141 1939//5141 3072//5141 
f 3072//5142 1939//5142 3073//5142 
f 1938//5143 1939//5143 3071//5143 
f 1939//5144 1942//5144 3073//5144 
f 3073//5145 1945//5145 3074//5145 
f 1942//5146 1945//5146 3073//5146 
f 1945//5147 1948//5147 3074//5147 
f 3074//5148 1948//5148 3075//5148 
f 1948//5149 1951//5149 3075//5149 
f 3075//5150 1951//5150 3076//5150 
f 1951//5151 1954//5151 3076//5151 
f 3076//5152 1954//5152 3077//5152 
f 1954//5153 1957//5153 3077//5153 
f 3077//5154 1957//5154 3078//5154 
f 1957//5155 1960//5155 3078//5155 
f 3078//5156 1960//5156 3079//5156 
f 1960//5157 1963//5157 3079//5157 
f 3079//5158 1963//5158 3080//5158 
f 1963//5159 1964//5159 3080//5159 
f 3080//5160 1964//5160 3081//5160 
f 1964//5161 1965//5161 3081//5161 
f 3081//5162 1965//5162 3082//5162 
f 1965//5163 1966//5163 3082//5163 
f 3082//5164 1966//5164 3083//5164 
f 1966//5165 1967//5165 3083//5165 
f 3083//5166 1967//5166 3084//5166 
f 1967//5167 1968//5167 3084//5167 
f 3084//5168 1968//5168 3085//5168 
f 1968//5169 1969//5169 3085//5169 
f 3085//5170 1969//5170 3086//5170 
f 3086//5171 1970//5171 3087//5171 
f 1969//5172 1970//5172 3086//5172 
f 1970//5173 1971//5173 3087//5173 
f 3087//5174 1971//5174 3088//5174 
f 3088//5175 1985//5175 2963//5175 
f 1971//5176 1985//5176 3088//5176 
f 2151//5177 2153//5177 2152//5177 
f 2151//5178 2154//5178 2153//5178 
f 2149//5179 2154//5179 2150//5179 
f 2150//5180 2154//5180 2151//5180 
f 2144//5181 2143//5181 2145//5181 
f 2149//5182 2156//5182 2154//5182 
f 2146//5183 2156//5183 2147//5183 
f 2147//5184 2156//5184 2148//5184 
f 2148//5185 2156//5185 2149//5185 
f 2154//5186 2156//5186 2155//5186 
f 2140//5187 2139//5187 2141//5187 
f 2141//5188 2139//5188 2142//5188 
f 2142//5189 2139//5189 2143//5189 
f 2146//5190 2159//5190 2156//5190 
f 2156//5191 2159//5191 2157//5191 
f 2157//5192 2159//5192 2158//5192 
f 2160//5193 2162//5193 2161//5193 
f 2160//5194 2163//5194 2162//5194 
f 2159//5195 2163//5195 2160//5195 
f 2133//5196 2132//5196 2134//5196 
f 2134//5197 2132//5197 2135//5197 
f 2135//5198 2132//5198 2136//5198 
f 2136//5199 2132//5199 2137//5199 
f 2137//5200 2132//5200 2138//5200 
f 2138//5201 2132//5201 2139//5201 
f 2164//5202 2166//5202 2165//5202 
f 2166//5203 2168//5203 2167//5203 
f 2166//5204 2170//5204 2168//5204 
f 2168//5205 2170//5205 2169//5205 
f 2128//5206 2127//5206 2129//5206 
f 2129//5207 2126//5207 2130//5207 
f 2127//5208 2126//5208 2129//5208 
f 2126//5209 2125//5209 2130//5209 
f 2170//5210 2173//5210 2171//5210 
f 2171//5211 2173//5211 2172//5211 
f 2166//5212 2173//5212 2170//5212 
f 2163//5213 2173//5213 2164//5213 
f 2164//5214 2173//5214 2166//5214 
f 2124//5215 2123//5215 2125//5215 
f 2130//5216 2123//5216 2131//5216 
f 2131//5217 2123//5217 2132//5217 
f 2125//5218 2123//5218 2130//5218 
f 2123//5219 2122//5219 2132//5219 
f 2174//5220 2177//5220 2175//5220 
f 2175//5221 2177//5221 2176//5221 
f 2121//5222 2120//5222 2122//5222 
f 2174//5223 2178//5223 2177//5223 
f 2174//5224 2179//5224 2178//5224 
f 2122//5225 2117//5225 2132//5225 
f 2120//5226 2117//5226 2122//5226 
f 2118//5227 2117//5227 2119//5227 
f 2119//5228 2117//5228 2120//5228 
f 2143//5229 2117//5229 2145//5229 
f 2139//5230 2117//5230 2143//5230 
f 2132//5231 2117//5231 2139//5231 
f 2173//5232 2181//5232 2174//5232 
f 2179//5233 2181//5233 2180//5233 
f 2163//5234 2181//5234 2173//5234 
f 2174//5235 2181//5235 2179//5235 
f 2159//5236 2181//5236 2163//5236 
f 2115//5237 2114//5237 2116//5237 
f 2116//5238 2114//5238 2117//5238 
f 2181//5239 2184//5239 2182//5239 
f 2182//5240 2184//5240 2183//5240 
f 2114//5241 2113//5241 2117//5241 
f 2181//5242 2185//5242 2184//5242 
f 2113//5243 2112//5243 2117//5243 
f 2111//5244 2110//5244 2112//5244 
f 2185//5245 2188//5245 2186//5245 
f 2186//5246 2188//5246 2187//5246 
f 2188//5247 2190//5247 2189//5247 
f 2181//5248 2190//5248 2185//5248 
f 2185//5249 2190//5249 2188//5249 
f 2107//5250 2106//5250 2108//5250 
f 2108//5251 2106//5251 2109//5251 
f 2109//5252 2106//5252 2110//5252 
f 2110//5253 2106//5253 2112//5253 
f 2190//5254 2193//5254 2191//5254 
f 2191//5255 2193//5255 2192//5255 
f 2181//5256 2193//5256 2190//5256 
f 2105//5257 2104//5257 2106//5257 
f 2193//5258 2195//5258 2194//5258 
f 2193//5259 2070//5259 2195//5259 
f 2181//5260 2099//5260 2193//5260 
f 2193//5261 2099//5261 2070//5261 
f 2100//5262 2099//5262 2101//5262 
f 2101//5263 2099//5263 2102//5263 
f 2102//5264 2099//5264 2103//5264 
f 2103//5265 2099//5265 2104//5265 
f 2117//5266 2099//5266 2145//5266 
f 2146//5267 2099//5267 2159//5267 
f 2159//5268 2099//5268 2181//5268 
f 2104//5269 2099//5269 2106//5269 
f 2112//5270 2099//5270 2117//5270 
f 2145//5271 2099//5271 2146//5271 
f 2106//5272 2099//5272 2112//5272 
f 2070//5273 2073//5273 2071//5273 
f 2071//5274 2073//5274 2072//5274 
f 2097//5275 2096//5275 2098//5275 
f 2098//5276 2096//5276 2099//5276 
f 2073//5277 2076//5277 2074//5277 
f 2074//5278 2076//5278 2075//5278 
f 2076//5279 2078//5279 2077//5279 
f 2073//5280 2078//5280 2076//5280 
f 2094//5281 2093//5281 2095//5281 
f 2070//5282 2079//5282 2073//5282 
f 2073//5283 2079//5283 2078//5283 
f 2095//5284 2092//5284 2096//5284 
f 2093//5285 2092//5285 2095//5285 
f 2070//5286 2080//5286 2079//5286 
f 2091//5287 2090//5287 2092//5287 
f 2090//5288 2089//5288 2092//5288 
f 2080//5289 2083//5289 2081//5289 
f 2081//5290 2083//5290 2082//5290 
f 2070//5291 2083//5291 2080//5291 
f 2092//5292 2088//5292 2096//5292 
f 2089//5293 2088//5293 2092//5293 
f 2070//5294 2084//5294 2083//5294 
f 2070//5295 2085//5295 2084//5295 
f 2087//5296 2086//5296 2088//5296 
f 2099//5297 2086//5297 2070//5297 
f 2096//5298 2086//5298 2099//5298 
f 2088//5299 2086//5299 2096//5299 
f 2070//5300 2086//5300 2085//5300 
f 2273//5301 2272//5301 2274//5301 
f 2274//5302 2272//5302 2275//5302 
f 2277//5303 2280//5303 2278//5303 
f 2278//5304 2280//5304 2279//5304 
f 2270//5305 2269//5305 2271//5305 
f 2277//5306 2281//5306 2280//5306 
f 2275//5307 2281//5307 2276//5307 
f 2276//5308 2281//5308 2277//5308 
f 2268//5309 2267//5309 2269//5309 
f 2281//5310 2283//5310 2282//5310 
f 2281//5311 2284//5311 2283//5311 
f 2272//5312 2285//5312 2275//5312 
f 2275//5313 2285//5313 2281//5313 
f 2281//5314 2285//5314 2284//5314 
f 2265//5315 2264//5315 2266//5315 
f 2266//5316 2264//5316 2267//5316 
f 2285//5317 2287//5317 2286//5317 
f 2259//5318 2258//5318 2260//5318 
f 2260//5319 2258//5319 2261//5319 
f 2291//5320 2294//5320 2292//5320 
f 2292//5321 2294//5321 2293//5321 
f 2255//5322 2254//5322 2256//5322 
f 2256//5323 2254//5323 2257//5323 
f 2291//5324 2296//5324 2294//5324 
f 2294//5325 2296//5325 2295//5325 
f 2291//5326 2297//5326 2296//5326 
f 2289//5327 2297//5327 2290//5327 
f 2290//5328 2297//5328 2291//5328 
f 2252//5329 2251//5329 2253//5329 
f 2253//5330 2251//5330 2254//5330 
f 2297//5331 2299//5331 2298//5331 
f 2251//5332 2250//5332 2254//5332 
f 2250//5333 2249//5333 2254//5333 
f 2257//5334 2249//5334 2258//5334 
f 2254//5335 2249//5335 2257//5335 
f 2299//5336 2301//5336 2300//5336 
f 2289//5337 2302//5337 2297//5337 
f 2299//5338 2302//5338 2301//5338 
f 2297//5339 2302//5339 2299//5339 
f 2287//5340 2302//5340 2288//5340 
f 2288//5341 2302//5341 2289//5341 
f 2247//5342 2246//5342 2248//5342 
f 2246//5343 2245//5343 2248//5343 
f 2304//5344 2306//5344 2305//5344 
f 2249//5345 2243//5345 2258//5345 
f 2245//5346 2243//5346 2248//5346 
f 2244//5347 2243//5347 2245//5347 
f 2248//5348 2243//5348 2249//5348 
f 2302//5349 2307//5349 2303//5349 
f 2303//5350 2307//5350 2304//5350 
f 2304//5351 2307//5351 2306//5351 
f 2287//5352 2307//5352 2302//5352 
f 2285//5353 2307//5353 2287//5353 
f 2242//5354 2241//5354 2243//5354 
f 2308//5355 2310//5355 2309//5355 
f 2307//5356 2311//5356 2308//5356 
f 2285//5357 2311//5357 2307//5357 
f 2269//5358 2311//5358 2271//5358 
f 2267//5359 2311//5359 2269//5359 
f 2272//5360 2311//5360 2285//5360 
f 2308//5361 2311//5361 2310//5361 
f 2271//5362 2311//5362 2272//5362 
f 2267//5363 2312//5363 2311//5363 
f 2264//5364 2312//5364 2267//5364 
f 2261//5365 2312//5365 2262//5365 
f 2262//5366 2312//5366 2263//5366 
f 2263//5367 2312//5367 2264//5367 
f 2238//5368 2237//5368 2239//5368 
f 2239//5369 2237//5369 2240//5369 
f 2240//5370 2237//5370 2241//5370 
f 2236//5371 2235//5371 2237//5371 
f 2241//5372 2235//5372 2243//5372 
f 2237//5373 2235//5373 2241//5373 
f 2312//5374 2315//5374 2313//5374 
f 2313//5375 2315//5375 2314//5375 
f 2235//5376 2234//5376 2243//5376 
f 2312//5377 2316//5377 2315//5377 
f 2234//5378 2233//5378 2243//5378 
f 2316//5379 2318//5379 2317//5379 
f 2312//5380 2318//5380 2316//5380 
f 2232//5381 2231//5381 2233//5381 
f 2312//5382 2319//5382 2318//5382 
f 2231//5383 2230//5383 2233//5383 
f 2233//5384 2230//5384 2243//5384 
f 2312//5385 2320//5385 2319//5385 
f 2312//5386 2321//5386 2320//5386 
f 2229//5387 2228//5387 2230//5387 
f 2312//5388 2196//5388 2321//5388 
f 2226//5389 2225//5389 2227//5389 
f 2196//5390 2199//5390 2197//5390 
f 2197//5391 2199//5391 2198//5391 
f 2225//5392 2224//5392 2227//5392 
f 2199//5393 2201//5393 2200//5393 
f 2199//5394 2202//5394 2201//5394 
f 2221//5395 2220//5395 2222//5395 
f 2222//5396 2220//5396 2223//5396 
f 2223//5397 2220//5397 2224//5397 
f 2224//5398 2220//5398 2227//5398 
f 2227//5399 2220//5399 2228//5399 
f 2202//5400 2204//5400 2203//5400 
f 2196//5401 2204//5401 2199//5401 
f 2199//5402 2204//5402 2202//5402 
f 2218//5403 2217//5403 2219//5403 
f 2219//5404 2217//5404 2220//5404 
f 2204//5405 2207//5405 2205//5405 
f 2205//5406 2207//5406 2206//5406 
f 2228//5407 2216//5407 2230//5407 
f 2220//5408 2216//5408 2228//5408 
f 2217//5409 2216//5409 2220//5409 
f 2207//5410 2210//5410 2208//5410 
f 2208//5411 2210//5411 2209//5411 
f 2204//5412 2210//5412 2207//5412 
f 2214//5413 2213//5413 2215//5413 
f 2215//5414 2213//5414 2216//5414 
f 2204//5415 2211//5415 2210//5415 
f 2196//5416 2212//5416 2204//5416 
f 2312//5417 2212//5417 2196//5417 
f 2230//5418 2212//5418 2243//5418 
f 2261//5419 2212//5419 2312//5419 
f 2243//5420 2212//5420 2258//5420 
f 2216//5421 2212//5421 2230//5421 
f 2213//5422 2212//5422 2216//5422 
f 2204//5423 2212//5423 2211//5423 
f 2258//5424 2212//5424 2261//5424 
f 2403//5425 2405//5425 2404//5425 
f 2403//5426 2406//5426 2405//5426 
f 2401//5427 2406//5427 2402//5427 
f 2402//5428 2406//5428 2403//5428 
f 2396//5429 2395//5429 2397//5429 
f 2401//5430 2408//5430 2406//5430 
f 2398//5431 2408//5431 2399//5431 
f 2399//5432 2408//5432 2400//5432 
f 2400//5433 2408//5433 2401//5433 
f 2406//5434 2408//5434 2407//5434 
f 2392//5435 2391//5435 2393//5435 
f 2393//5436 2391//5436 2394//5436 
f 2394//5437 2391//5437 2395//5437 
f 2398//5438 2411//5438 2408//5438 
f 2408//5439 2411//5439 2409//5439 
f 2409//5440 2411//5440 2410//5440 
f 2412//5441 2414//5441 2413//5441 
f 2412//5442 2415//5442 2414//5442 
f 2411//5443 2415//5443 2412//5443 
f 2385//5444 2384//5444 2386//5444 
f 2386//5445 2384//5445 2387//5445 
f 2387//5446 2384//5446 2388//5446 
f 2388//5447 2384//5447 2389//5447 
f 2389//5448 2384//5448 2390//5448 
f 2390//5449 2384//5449 2391//5449 
f 2416//5450 2418//5450 2417//5450 
f 2418//5451 2420//5451 2419//5451 
f 2418//5452 2422//5452 2420//5452 
f 2420//5453 2422//5453 2421//5453 
f 2380//5454 2379//5454 2381//5454 
f 2381//5455 2378//5455 2382//5455 
f 2379//5456 2378//5456 2381//5456 
f 2378//5457 2377//5457 2382//5457 
f 2422//5458 2425//5458 2423//5458 
f 2423//5459 2425//5459 2424//5459 
f 2418//5460 2425//5460 2422//5460 
f 2415//5461 2425//5461 2416//5461 
f 2416//5462 2425//5462 2418//5462 
f 2376//5463 2375//5463 2377//5463 
f 2382//5464 2375//5464 2383//5464 
f 2383//5465 2375//5465 2384//5465 
f 2377//5466 2375//5466 2382//5466 
f 2375//5467 2374//5467 2384//5467 
f 2426//5468 2429//5468 2427//5468 
f 2427//5469 2429//5469 2428//5469 
f 2373//5470 2372//5470 2374//5470 
f 2426//5471 2430//5471 2429//5471 
f 2426//5472 2431//5472 2430//5472 
f 2374//5473 2369//5473 2384//5473 
f 2372//5474 2369//5474 2374//5474 
f 2370//5475 2369//5475 2371//5475 
f 2371//5476 2369//5476 2372//5476 
f 2395//5477 2369//5477 2397//5477 
f 2391//5478 2369//5478 2395//5478 
f 2384//5479 2369//5479 2391//5479 
f 2425//5480 2433//5480 2426//5480 
f 2431//5481 2433//5481 2432//5481 
f 2415//5482 2433//5482 2425//5482 
f 2426//5483 2433//5483 2431//5483 
f 2411//5484 2433//5484 2415//5484 
f 2367//5485 2366//5485 2368//5485 
f 2368//5486 2366//5486 2369//5486 
f 2433//5487 2436//5487 2434//5487 
f 2434//5488 2436//5488 2435//5488 
f 2366//5489 2365//5489 2369//5489 
f 2433//5490 2437//5490 2436//5490 
f 2365//5491 2364//5491 2369//5491 
f 2363//5492 2362//5492 2364//5492 
f 2437//5493 2440//5493 2438//5493 
f 2438//5494 2440//5494 2439//5494 
f 2440//5495 2442//5495 2441//5495 
f 2433//5496 2442//5496 2437//5496 
f 2437//5497 2442//5497 2440//5497 
f 2359//5498 2358//5498 2360//5498 
f 2360//5499 2358//5499 2361//5499 
f 2361//5500 2358//5500 2362//5500 
f 2362//5501 2358//5501 2364//5501 
f 2442//5502 2445//5502 2443//5502 
f 2443//5503 2445//5503 2444//5503 
f 2433//5504 2445//5504 2442//5504 
f 2357//5505 2356//5505 2358//5505 
f 2445//5506 2447//5506 2446//5506 
f 2445//5507 2322//5507 2447//5507 
f 2433//5508 2351//5508 2445//5508 
f 2445//5509 2351//5509 2322//5509 
f 2352//5510 2351//5510 2353//5510 
f 2353//5511 2351//5511 2354//5511 
f 2354//5512 2351//5512 2355//5512 
f 2355//5513 2351//5513 2356//5513 
f 2369//5514 2351//5514 2397//5514 
f 2398//5515 2351//5515 2411//5515 
f 2411//5516 2351//5516 2433//5516 
f 2356//5517 2351//5517 2358//5517 
f 2364//5518 2351//5518 2369//5518 
f 2397//5519 2351//5519 2398//5519 
f 2358//5520 2351//5520 2364//5520 
f 2322//5521 2325//5521 2323//5521 
f 2323//5522 2325//5522 2324//5522 
f 2349//5523 2348//5523 2350//5523 
f 2350//5524 2348//5524 2351//5524 
f 2325//5525 2328//5525 2326//5525 
f 2326//5526 2328//5526 2327//5526 
f 2328//5527 2330//5527 2329//5527 
f 2325//5528 2330//5528 2328//5528 
f 2346//5529 2345//5529 2347//5529 
f 2322//5530 2331//5530 2325//5530 
f 2325//5531 2331//5531 2330//5531 
f 2347//5532 2344//5532 2348//5532 
f 2345//5533 2344//5533 2347//5533 
f 2322//5534 2332//5534 2331//5534 
f 2343//5535 2342//5535 2344//5535 
f 2342//5536 2341//5536 2344//5536 
f 2332//5537 2335//5537 2333//5537 
f 2333//5538 2335//5538 2334//5538 
f 2322//5539 2335//5539 2332//5539 
f 2344//5540 2340//5540 2348//5540 
f 2341//5541 2340//5541 2344//5541 
f 2322//5542 2336//5542 2335//5542 
f 2322//5543 2337//5543 2336//5543 
f 2339//5544 2338//5544 2340//5544 
f 2351//5545 2338//5545 2322//5545 
f 2348//5546 2338//5546 2351//5546 
f 2340//5547 2338//5547 2348//5547 
f 2322//5548 2338//5548 2337//5548 
f 2525//5549 2524//5549 2526//5549 
f 2526//5550 2524//5550 2527//5550 
f 2529//5551 2532//5551 2530//5551 
f 2530//5552 2532//5552 2531//5552 
f 2522//5553 2521//5553 2523//5553 
f 2529//5554 2533//5554 2532//5554 
f 2527//5555 2533//5555 2528//5555 
f 2528//5556 2533//5556 2529//5556 
f 2520//5557 2519//5557 2521//5557 
f 2533//5558 2535//5558 2534//5558 
f 2533//5559 2536//5559 2535//5559 
f 2524//5560 2537//5560 2527//5560 
f 2527//5561 2537//5561 2533//5561 
f 2533//5562 2537//5562 2536//5562 
f 2517//5563 2516//5563 2518//5563 
f 2518//5564 2516//5564 2519//5564 
f 2537//5565 2539//5565 2538//5565 
f 2511//5566 2510//5566 2512//5566 
f 2512//5567 2510//5567 2513//5567 
f 2543//5568 2546//5568 2544//5568 
f 2544//5569 2546//5569 2545//5569 
f 2507//5570 2506//5570 2508//5570 
f 2508//5571 2506//5571 2509//5571 
f 2543//5572 2548//5572 2546//5572 
f 2546//5573 2548//5573 2547//5573 
f 2543//5574 2549//5574 2548//5574 
f 2541//5575 2549//5575 2542//5575 
f 2542//5576 2549//5576 2543//5576 
f 2504//5577 2503//5577 2505//5577 
f 2505//5578 2503//5578 2506//5578 
f 2549//5579 2551//5579 2550//5579 
f 2503//5580 2502//5580 2506//5580 
f 2502//5581 2501//5581 2506//5581 
f 2509//5582 2501//5582 2510//5582 
f 2506//5583 2501//5583 2509//5583 
f 2551//5584 2553//5584 2552//5584 
f 2541//5585 2554//5585 2549//5585 
f 2551//5586 2554//5586 2553//5586 
f 2549//5587 2554//5587 2551//5587 
f 2539//5588 2554//5588 2540//5588 
f 2540//5589 2554//5589 2541//5589 
f 2499//5590 2498//5590 2500//5590 
f 2498//5591 2497//5591 2500//5591 
f 2556//5592 2558//5592 2557//5592 
f 2501//5593 2495//5593 2510//5593 
f 2497//5594 2495//5594 2500//5594 
f 2496//5595 2495//5595 2497//5595 
f 2500//5596 2495//5596 2501//5596 
f 2554//5597 2559//5597 2555//5597 
f 2555//5598 2559//5598 2556//5598 
f 2556//5599 2559//5599 2558//5599 
f 2539//5600 2559//5600 2554//5600 
f 2537//5601 2559//5601 2539//5601 
f 2494//5602 2493//5602 2495//5602 
f 2560//5603 2562//5603 2561//5603 
f 2559//5604 2563//5604 2560//5604 
f 2537//5605 2563//5605 2559//5605 
f 2521//5606 2563//5606 2523//5606 
f 2519//5607 2563//5607 2521//5607 
f 2524//5608 2563//5608 2537//5608 
f 2560//5609 2563//5609 2562//5609 
f 2523//5610 2563//5610 2524//5610 
f 2519//5611 2564//5611 2563//5611 
f 2516//5612 2564//5612 2519//5612 
f 2513//5613 2564//5613 2514//5613 
f 2514//5614 2564//5614 2515//5614 
f 2515//5615 2564//5615 2516//5615 
f 2490//5616 2489//5616 2491//5616 
f 2491//5617 2489//5617 2492//5617 
f 2492//5618 2489//5618 2493//5618 
f 2488//5619 2487//5619 2489//5619 
f 2493//5620 2487//5620 2495//5620 
f 2489//5621 2487//5621 2493//5621 
f 2564//5622 2567//5622 2565//5622 
f 2565//5623 2567//5623 2566//5623 
f 2487//5624 2486//5624 2495//5624 
f 2564//5625 2568//5625 2567//5625 
f 2486//5626 2485//5626 2495//5626 
f 2568//5627 2570//5627 2569//5627 
f 2564//5628 2570//5628 2568//5628 
f 2484//5629 2483//5629 2485//5629 
f 2564//5630 2571//5630 2570//5630 
f 2483//5631 2482//5631 2485//5631 
f 2485//5632 2482//5632 2495//5632 
f 2564//5633 2572//5633 2571//5633 
f 2564//5634 2573//5634 2572//5634 
f 2481//5635 2480//5635 2482//5635 
f 2564//5636 2448//5636 2573//5636 
f 2478//5637 2477//5637 2479//5637 
f 2448//5638 2451//5638 2449//5638 
f 2449//5639 2451//5639 2450//5639 
f 2477//5640 2476//5640 2479//5640 
f 2451//5641 2453//5641 2452//5641 
f 2451//5642 2454//5642 2453//5642 
f 2473//5643 2472//5643 2474//5643 
f 2474//5644 2472//5644 2475//5644 
f 2475//5645 2472//5645 2476//5645 
f 2476//5646 2472//5646 2479//5646 
f 2479//5647 2472//5647 2480//5647 
f 2454//5648 2456//5648 2455//5648 
f 2448//5649 2456//5649 2451//5649 
f 2451//5650 2456//5650 2454//5650 
f 2470//5651 2469//5651 2471//5651 
f 2471//5652 2469//5652 2472//5652 
f 2456//5653 2459//5653 2457//5653 
f 2457//5654 2459//5654 2458//5654 
f 2480//5655 2468//5655 2482//5655 
f 2472//5656 2468//5656 2480//5656 
f 2469//5657 2468//5657 2472//5657 
f 2459//5658 2462//5658 2460//5658 
f 2460//5659 2462//5659 2461//5659 
f 2456//5660 2462//5660 2459//5660 
f 2466//5661 2465//5661 2467//5661 
f 2467//5662 2465//5662 2468//5662 
f 2456//5663 2463//5663 2462//5663 
f 2448//5664 2464//5664 2456//5664 
f 2564//5665 2464//5665 2448//5665 
f 2482//5666 2464//5666 2495//5666 
f 2513//5667 2464//5667 2564//5667 
f 2495//5668 2464//5668 2510//5668 
f 2468//5669 2464//5669 2482//5669 
f 2465//5670 2464//5670 2468//5670 
f 2456//5671 2464//5671 2463//5671 
f 2510//5672 2464//5672 2513//5672 
f 1227//5673 3089//5673 2582//5673 
f 1227//5674 1225//5674 3089//5674 
f 2581//5675 3090//5675 1225//5675 
f 1225//5676 3090//5676 3089//5676 
f 3089//5677 3091//5677 3092//5677 
f 3090//5678 3091//5678 3089//5678 
f 3092//5679 3093//5679 3094//5679 
f 3091//5680 3093//5680 3092//5680 
f 3094//5681 3095//5681 3096//5681 
f 3093//5682 3095//5682 3094//5682 
f 3096//5683 3097//5683 3098//5683 
f 3095//5684 3097//5684 3096//5684 
f 3098//5685 3099//5685 3100//5685 
f 3097//5686 3099//5686 3098//5686 
f 3100//5687 3101//5687 3102//5687 
f 3099//5688 3101//5688 3100//5688 
f 3102//5689 3103//5689 3104//5689 
f 3101//5690 3103//5690 3102//5690 
f 3104//5691 3105//5691 3106//5691 
f 3103//5692 3105//5692 3104//5692 
f 3106//5693 3107//5693 3108//5693 
f 3108//5694 3107//5694 3109//5694 
f 3105//5695 3107//5695 3106//5695 
f 3107//5696 3110//5696 3109//5696 
f 3109//5697 3110//5697 3111//5697 
f 3111//5698 3112//5698 3113//5698 
f 3110//5699 3112//5699 3111//5699 
f 3113//5700 3114//5700 3115//5700 
f 3112//5701 3114//5701 3113//5701 
f 3115//5702 3116//5702 3117//5702 
f 3114//5703 3116//5703 3115//5703 
f 3117//5704 3118//5704 3119//5704 
f 3116//5705 3118//5705 3117//5705 
f 3119//5706 3120//5706 3121//5706 
f 3118//5707 3120//5707 3119//5707 
f 3121//5708 3122//5708 3123//5708 
f 3120//5709 3122//5709 3121//5709 
f 3123//5710 3124//5710 3125//5710 
f 3122//5711 3124//5711 3123//5711 
f 3125//5712 3126//5712 3127//5712 
f 3124//5713 3126//5713 3125//5713 
f 3127//5714 3128//5714 3129//5714 
f 3126//5715 3128//5715 3127//5715 
f 3129//5716 3130//5716 3131//5716 
f 3128//5717 3130//5717 3129//5717 
f 3131//5718 3132//5718 3133//5718 
f 3130//5719 3132//5719 3131//5719 
f 3133//5720 3134//5720 3135//5720 
f 3132//5721 3134//5721 3133//5721 
f 3135//5722 3136//5722 3137//5722 
f 3134//5723 3136//5723 3135//5723 
f 3137//5724 3138//5724 3139//5724 
f 3136//5725 3138//5725 3137//5725 
f 3139//5726 3140//5726 3141//5726 
f 3138//5727 3140//5727 3139//5727 
f 3140//5728 3142//5728 3141//5728 
f 3141//5729 3142//5729 3143//5729 
f 3142//5730 3144//5730 3143//5730 
f 3143//5731 3144//5731 3145//5731 
f 3144//5732 3146//5732 3145//5732 
f 3145//5733 3146//5733 3147//5733 
f 3146//5734 3148//5734 3147//5734 
f 3147//5735 3148//5735 3149//5735 
f 3148//5736 3150//5736 3149//5736 
f 3149//5737 3150//5737 3151//5737 
f 3150//5738 3152//5738 3151//5738 
f 3151//5739 3152//5739 3153//5739 
f 3152//5740 3154//5740 3153//5740 
f 3153//5741 3154//5741 3155//5741 
f 3154//5742 3156//5742 3155//5742 
f 3156//5743 3157//5743 3155//5743 
f 3155//5744 3157//5744 3158//5744 
f 3157//5745 3159//5745 3158//5745 
f 3158//5746 3159//5746 3160//5746 
f 3160//5747 3161//5747 3162//5747 
f 3159//5748 3161//5748 3160//5748 
f 3162//5749 3163//5749 3164//5749 
f 3161//5750 3163//5750 3162//5750 
f 3164//5751 3165//5751 3166//5751 
f 3163//5752 3165//5752 3164//5752 
f 3166//5753 3167//5753 3168//5753 
f 3165//5754 3167//5754 3166//5754 
f 3168//5755 3169//5755 3170//5755 
f 3170//5756 3169//5756 3171//5756 
f 3167//5757 3169//5757 3168//5757 
f 3169//5758 3172//5758 3171//5758 
f 2583//5759 2582//5759 3089//5759 
f 3173//5760 3089//5760 3092//5760 
f 3173//5761 2583//5761 3089//5761 
f 3174//5762 3092//5762 3094//5762 
f 3174//5763 3173//5763 3092//5763 
f 3175//5764 3094//5764 3096//5764 
f 3175//5765 3174//5765 3094//5765 
f 3176//5766 3096//5766 3098//5766 
f 3176//5767 3175//5767 3096//5767 
f 3177//5768 3098//5768 3100//5768 
f 3177//5769 3176//5769 3098//5769 
f 3178//5770 3100//5770 3102//5770 
f 3178//5771 3177//5771 3100//5771 
f 3179//5772 3102//5772 3104//5772 
f 3179//5773 3178//5773 3102//5773 
f 3180//5774 3104//5774 3106//5774 
f 3180//5775 3179//5775 3104//5775 
f 3181//5776 3106//5776 3108//5776 
f 3181//5777 3180//5777 3106//5777 
f 3182//5778 3108//5778 3109//5778 
f 3182//5779 3181//5779 3108//5779 
f 3183//5780 3109//5780 3111//5780 
f 3183//5781 3182//5781 3109//5781 
f 3184//5782 3111//5782 3113//5782 
f 3184//5783 3183//5783 3111//5783 
f 3185//5784 3113//5784 3115//5784 
f 3185//5785 3184//5785 3113//5785 
f 3186//5786 3115//5786 3117//5786 
f 3186//5787 3185//5787 3115//5787 
f 3187//5788 3117//5788 3119//5788 
f 3187//5789 3186//5789 3117//5789 
f 3188//5790 3119//5790 3121//5790 
f 3188//5791 3187//5791 3119//5791 
f 3189//5792 3121//5792 3123//5792 
f 3189//5793 3188//5793 3121//5793 
f 3190//5794 3123//5794 3125//5794 
f 3190//5795 3189//5795 3123//5795 
f 3191//5796 3125//5796 3127//5796 
f 3191//5797 3190//5797 3125//5797 
f 3192//5798 3127//5798 3129//5798 
f 3192//5799 3191//5799 3127//5799 
f 3193//5800 3129//5800 3131//5800 
f 3193//5801 3192//5801 3129//5801 
f 3194//5802 3131//5802 3133//5802 
f 3194//5803 3193//5803 3131//5803 
f 3195//5804 3133//5804 3135//5804 
f 3195//5805 3194//5805 3133//5805 
f 3196//5806 3135//5806 3137//5806 
f 3196//5807 3195//5807 3135//5807 
f 3197//5808 3137//5808 3139//5808 
f 3197//5809 3196//5809 3137//5809 
f 3198//5810 3139//5810 3141//5810 
f 3198//5811 3197//5811 3139//5811 
f 3199//5812 3141//5812 3143//5812 
f 3199//5813 3198//5813 3141//5813 
f 3200//5814 3199//5814 3143//5814 
f 3200//5815 3143//5815 3145//5815 
f 3201//5816 3200//5816 3145//5816 
f 3201//5817 3145//5817 3147//5817 
f 3202//5818 3201//5818 3147//5818 
f 3202//5819 3147//5819 3149//5819 
f 3203//5820 3202//5820 3149//5820 
f 3203//5821 3149//5821 3151//5821 
f 3204//5822 3203//5822 3151//5822 
f 3204//5823 3151//5823 3153//5823 
f 3205//5824 3204//5824 3153//5824 
f 3205//5825 3153//5825 3155//5825 
f 3206//5826 3205//5826 3155//5826 
f 3206//5827 3155//5827 3158//5827 
f 3207//5828 3206//5828 3158//5828 
f 3207//5829 3158//5829 3160//5829 
f 3208//5830 3207//5830 3160//5830 
f 3209//5831 3208//5831 3160//5831 
f 3209//5832 3160//5832 3162//5832 
f 3210//5833 3209//5833 3162//5833 
f 3210//5834 3162//5834 3164//5834 
f 3211//5835 3164//5835 3166//5835 
f 3211//5836 3210//5836 3164//5836 
f 3212//5837 3166//5837 3168//5837 
f 3212//5838 3211//5838 3166//5838 
f 3213//5839 3168//5839 3170//5839 
f 3213//5840 3212//5840 3168//5840 
f 3214//5841 3170//5841 3171//5841 
f 3214//5842 3213//5842 3170//5842 
f 2584//5843 2583//5843 3173//5843 
f 3215//5844 3173//5844 3174//5844 
f 3215//5845 2584//5845 3173//5845 
f 3216//5846 3174//5846 3175//5846 
f 3216//5847 3215//5847 3174//5847 
f 3217//5848 3175//5848 3176//5848 
f 3217//5849 3216//5849 3175//5849 
f 3218//5850 3176//5850 3177//5850 
f 3218//5851 3217//5851 3176//5851 
f 3219//5852 3177//5852 3178//5852 
f 3219//5853 3218//5853 3177//5853 
f 3220//5854 3178//5854 3179//5854 
f 3220//5855 3219//5855 3178//5855 
f 3221//5856 3179//5856 3180//5856 
f 3221//5857 3220//5857 3179//5857 
f 3222//5858 3221//5858 3180//5858 
f 3223//5859 3180//5859 3181//5859 
f 3223//5860 3222//5860 3180//5860 
f 3224//5861 3181//5861 3182//5861 
f 3224//5862 3223//5862 3181//5862 
f 3225//5863 3182//5863 3183//5863 
f 3225//5864 3224//5864 3182//5864 
f 3226//5865 3183//5865 3184//5865 
f 3226//5866 3225//5866 3183//5866 
f 3227//5867 3184//5867 3185//5867 
f 3227//5868 3226//5868 3184//5868 
f 3228//5869 3185//5869 3186//5869 
f 3228//5870 3227//5870 3185//5870 
f 3229//5871 3186//5871 3187//5871 
f 3229//5872 3228//5872 3186//5872 
f 3230//5873 3187//5873 3188//5873 
f 3230//5874 3229//5874 3187//5874 
f 3231//5875 3188//5875 3189//5875 
f 3231//5876 3230//5876 3188//5876 
f 3232//5877 3189//5877 3190//5877 
f 3232//5878 3231//5878 3189//5878 
f 3233//5879 3190//5879 3191//5879 
f 3233//5880 3232//5880 3190//5880 
f 3234//5881 3191//5881 3192//5881 
f 3234//5882 3233//5882 3191//5882 
f 3235//5883 3192//5883 3193//5883 
f 3235//5884 3234//5884 3192//5884 
f 3236//5885 3193//5885 3194//5885 
f 3236//5886 3235//5886 3193//5886 
f 3237//5887 3194//5887 3195//5887 
f 3237//5888 3236//5888 3194//5888 
f 3238//5889 3195//5889 3196//5889 
f 3238//5890 3237//5890 3195//5890 
f 3239//5891 3196//5891 3197//5891 
f 3239//5892 3238//5892 3196//5892 
f 3240//5893 3197//5893 3198//5893 
f 3240//5894 3239//5894 3197//5894 
f 3241//5895 3198//5895 3199//5895 
f 3241//5896 3240//5896 3198//5896 
f 3242//5897 3241//5897 3199//5897 
f 3242//5898 3199//5898 3200//5898 
f 3243//5899 3242//5899 3200//5899 
f 3243//5900 3200//5900 3201//5900 
f 3244//5901 3243//5901 3201//5901 
f 3244//5902 3201//5902 3202//5902 
f 3245//5903 3244//5903 3202//5903 
f 3245//5904 3202//5904 3203//5904 
f 3246//5905 3245//5905 3203//5905 
f 3246//5906 3203//5906 3204//5906 
f 3246//5907 3204//5907 3205//5907 
f 3247//5908 3205//5908 3206//5908 
f 3247//5909 3246//5909 3205//5909 
f 3248//5910 3247//5910 3206//5910 
f 3248//5911 3206//5911 3207//5911 
f 3249//5912 3248//5912 3207//5912 
f 3249//5913 3207//5913 3208//5913 
f 3250//5914 3249//5914 3208//5914 
f 3250//5915 3208//5915 3209//5915 
f 3251//5916 3250//5916 3209//5916 
f 3251//5917 3209//5917 3210//5917 
f 3252//5918 3210//5918 3211//5918 
f 3252//5919 3251//5919 3210//5919 
f 3253//5920 3211//5920 3212//5920 
f 3253//5921 3252//5921 3211//5921 
f 3254//5922 3253//5922 3212//5922 
f 3255//5923 3212//5923 3213//5923 
f 3255//5924 3213//5924 3214//5924 
f 3255//5925 3254//5925 3212//5925 
f 3256//5926 3255//5926 3214//5926 
f 2581//5927 2584//5927 3090//5927 
f 3090//5928 3215//5928 3091//5928 
f 2584//5929 3215//5929 3090//5929 
f 3091//5930 3216//5930 3093//5930 
f 3215//5931 3216//5931 3091//5931 
f 3093//5932 3217//5932 3095//5932 
f 3216//5933 3217//5933 3093//5933 
f 3095//5934 3218//5934 3097//5934 
f 3217//5935 3218//5935 3095//5935 
f 3097//5936 3219//5936 3099//5936 
f 3218//5937 3219//5937 3097//5937 
f 3219//5938 3220//5938 3099//5938 
f 3099//5939 3221//5939 3101//5939 
f 3220//5940 3221//5940 3099//5940 
f 3101//5941 3222//5941 3103//5941 
f 3221//5942 3222//5942 3101//5942 
f 3103//5943 3223//5943 3105//5943 
f 3222//5944 3223//5944 3103//5944 
f 3105//5945 3224//5945 3107//5945 
f 3223//5946 3224//5946 3105//5946 
f 3107//5947 3225//5947 3110//5947 
f 3224//5948 3225//5948 3107//5948 
f 3110//5949 3226//5949 3112//5949 
f 3225//5950 3226//5950 3110//5950 
f 3112//5951 3227//5951 3114//5951 
f 3226//5952 3227//5952 3112//5952 
f 3114//5953 3228//5953 3116//5953 
f 3227//5954 3228//5954 3114//5954 
f 3116//5955 3229//5955 3118//5955 
f 3228//5956 3229//5956 3116//5956 
f 3118//5957 3230//5957 3120//5957 
f 3229//5958 3230//5958 3118//5958 
f 3120//5959 3231//5959 3122//5959 
f 3230//5960 3231//5960 3120//5960 
f 3122//5961 3232//5961 3124//5961 
f 3124//5962 3232//5962 3126//5962 
f 3231//5963 3232//5963 3122//5963 
f 3232//5964 3233//5964 3126//5964 
f 3126//5965 3233//5965 3128//5965 
f 3128//5966 3234//5966 3130//5966 
f 3233//5967 3234//5967 3128//5967 
f 3130//5968 3235//5968 3132//5968 
f 3234//5969 3235//5969 3130//5969 
f 3132//5970 3236//5970 3134//5970 
f 3235//5971 3236//5971 3132//5971 
f 3134//5972 3237//5972 3136//5972 
f 3236//5973 3237//5973 3134//5973 
f 3136//5974 3238//5974 3138//5974 
f 3237//5975 3238//5975 3136//5975 
f 3138//5976 3239//5976 3140//5976 
f 3238//5977 3239//5977 3138//5977 
f 3140//5978 3240//5978 3142//5978 
f 3239//5979 3240//5979 3140//5979 
f 3142//5980 3241//5980 3144//5980 
f 3240//5981 3241//5981 3142//5981 
f 3241//5982 3242//5982 3144//5982 
f 3144//5983 3242//5983 3146//5983 
f 3242//5984 3243//5984 3146//5984 
f 3146//5985 3243//5985 3148//5985 
f 3243//5986 3244//5986 3148//5986 
f 3148//5987 3244//5987 3150//5987 
f 3244//5988 3245//5988 3150//5988 
f 3150//5989 3245//5989 3152//5989 
f 3245//5990 3246//5990 3152//5990 
f 3152//5991 3246//5991 3154//5991 
f 3246//5992 3247//5992 3154//5992 
f 3154//5993 3247//5993 3156//5993 
f 3247//5994 3248//5994 3156//5994 
f 3156//5995 3248//5995 3157//5995 
f 3248//5996 3249//5996 3157//5996 
f 3157//5997 3249//5997 3159//5997 
f 3249//5998 3250//5998 3159//5998 
f 3250//5999 3251//5999 3159//5999 
f 3159//6000 3251//6000 3161//6000 
f 3251//6001 3252//6001 3161//6001 
f 3161//6002 3252//6002 3163//6002 
f 3163//6003 3253//6003 3165//6003 
f 3252//6004 3253//6004 3163//6004 
f 3165//6005 3254//6005 3167//6005 
f 3253//6006 3254//6006 3165//6006 
f 3167//6007 3255//6007 3169//6007 
f 3254//6008 3255//6008 3167//6008 
f 3169//6009 3256//6009 3172//6009 
f 3255//6010 3256//6010 3169//6010 
f 2668//6011 2666//6011 2667//6011 
f 2669//6012 2666//6012 2668//6012 
f 2669//6013 2664//6013 2665//6013 
f 2669//6014 2665//6014 2666//6014 
f 2658//6015 2659//6015 2660//6015 
f 2671//6016 2664//6016 2669//6016 
f 2671//6017 2661//6017 2662//6017 
f 2671//6018 2662//6018 2663//6018 
f 2671//6019 2663//6019 2664//6019 
f 2671//6020 2669//6020 2670//6020 
f 2654//6021 2655//6021 2656//6021 
f 2654//6022 2656//6022 2657//6022 
f 2654//6023 2657//6023 2658//6023 
f 2674//6024 2661//6024 2671//6024 
f 2674//6025 2671//6025 2672//6025 
f 2674//6026 2672//6026 2673//6026 
f 2677//6027 2675//6027 2676//6027 
f 2678//6028 2675//6028 2677//6028 
f 2678//6029 2674//6029 2675//6029 
f 2647//6030 2648//6030 2649//6030 
f 2647//6031 2649//6031 2650//6031 
f 2647//6032 2650//6032 2651//6032 
f 2647//6033 2651//6033 2652//6033 
f 2647//6034 2652//6034 2653//6034 
f 2647//6035 2653//6035 2654//6035 
f 2681//6036 2679//6036 2680//6036 
f 2683//6037 2681//6037 2682//6037 
f 2685//6038 2681//6038 2683//6038 
f 2685//6039 2683//6039 2684//6039 
f 2642//6040 2643//6040 2644//6040 
f 2641//6041 2644//6041 2645//6041 
f 2641//6042 2642//6042 2644//6042 
f 2640//6043 2641//6043 2645//6043 
f 2688//6044 2685//6044 2686//6044 
f 2688//6045 2686//6045 2687//6045 
f 2688//6046 2681//6046 2685//6046 
f 2688//6047 2678//6047 2679//6047 
f 2688//6048 2679//6048 2681//6048 
f 2638//6049 2639//6049 2640//6049 
f 2638//6050 2645//6050 2646//6050 
f 2638//6051 2646//6051 2647//6051 
f 2638//6052 2640//6052 2645//6052 
f 2637//6053 2638//6053 2647//6053 
f 2692//6054 2689//6054 2690//6054 
f 2692//6055 2690//6055 2691//6055 
f 2635//6056 2636//6056 2637//6056 
f 2693//6057 2689//6057 2692//6057 
f 2694//6058 2689//6058 2693//6058 
f 2632//6059 2637//6059 2647//6059 
f 2632//6060 2635//6060 2637//6060 
f 2632//6061 2633//6061 2634//6061 
f 2632//6062 2634//6062 2635//6062 
f 2632//6063 2658//6063 2660//6063 
f 2632//6064 2654//6064 2658//6064 
f 2632//6065 2647//6065 2654//6065 
f 2696//6066 2688//6066 2689//6066 
f 2696//6067 2694//6067 2695//6067 
f 2696//6068 2678//6068 2688//6068 
f 2696//6069 2689//6069 2694//6069 
f 2696//6070 2674//6070 2678//6070 
f 2629//6071 2630//6071 2631//6071 
f 2629//6072 2631//6072 2632//6072 
f 2699//6073 2696//6073 2697//6073 
f 2699//6074 2697//6074 2698//6074 
f 2628//6075 2629//6075 2632//6075 
f 2700//6076 2696//6076 2699//6076 
f 2627//6077 2628//6077 2632//6077 
f 2625//6078 2626//6078 2627//6078 
f 2703//6079 2700//6079 2701//6079 
f 2703//6080 2701//6080 2702//6080 
f 2705//6081 2703//6081 2704//6081 
f 2705//6082 2696//6082 2700//6082 
f 2705//6083 2700//6083 2703//6083 
f 2621//6084 2622//6084 2623//6084 
f 2621//6085 2623//6085 2624//6085 
f 2621//6086 2624//6086 2625//6086 
f 2621//6087 2625//6087 2627//6087 
f 2708//6088 2705//6088 2706//6088 
f 2708//6089 2706//6089 2707//6089 
f 2708//6090 2696//6090 2705//6090 
f 2619//6091 2620//6091 2621//6091 
f 2710//6092 2708//6092 2709//6092 
f 2585//6093 2708//6093 2710//6093 
f 2614//6094 2696//6094 2708//6094 
f 2614//6095 2708//6095 2585//6095 
f 2614//6096 2615//6096 2616//6096 
f 2614//6097 2616//6097 2617//6097 
f 2614//6098 2617//6098 2618//6098 
f 2614//6099 2618//6099 2619//6099 
f 2614//6100 2632//6100 2660//6100 
f 2614//6101 2661//6101 2674//6101 
f 2614//6102 2674//6102 2696//6102 
f 2614//6103 2619//6103 2621//6103 
f 2614//6104 2627//6104 2632//6104 
f 2614//6105 2660//6105 2661//6105 
f 2614//6106 2621//6106 2627//6106 
f 2588//6107 2585//6107 2586//6107 
f 2588//6108 2586//6108 2587//6108 
f 2611//6109 2612//6109 2613//6109 
f 2611//6110 2613//6110 2614//6110 
f 2591//6111 2588//6111 2589//6111 
f 2591//6112 2589//6112 2590//6112 
f 2593//6113 2591//6113 2592//6113 
f 2593//6114 2588//6114 2591//6114 
f 2608//6115 2609//6115 2610//6115 
f 2594//6116 2585//6116 2588//6116 
f 2594//6117 2588//6117 2593//6117 
f 2607//6118 2610//6118 2611//6118 
f 2607//6119 2608//6119 2610//6119 
f 2595//6120 2585//6120 2594//6120 
f 2605//6121 2606//6121 2607//6121 
f 2604//6122 2605//6122 2607//6122 
f 2598//6123 2595//6123 2596//6123 
f 2598//6124 2596//6124 2597//6124 
f 2598//6125 2585//6125 2595//6125 
f 2603//6126 2607//6126 2611//6126 
f 2603//6127 2604//6127 2607//6127 
f 2599//6128 2585//6128 2598//6128 
f 2600//6129 2585//6129 2599//6129 
f 2601//6130 2602//6130 2603//6130 
f 2601//6131 2614//6131 2585//6131 
f 2601//6132 2611//6132 2614//6132 
f 2601//6133 2603//6133 2611//6133 
f 2601//6134 2585//6134 2600//6134 
f 2787//6135 2788//6135 2789//6135 
f 2787//6136 2789//6136 2790//6136 
f 2795//6137 2792//6137 2793//6137 
f 2795//6138 2793//6138 2794//6138 
f 2784//6139 2785//6139 2786//6139 
f 2796//6140 2792//6140 2795//6140 
f 2796//6141 2790//6141 2791//6141 
f 2796//6142 2791//6142 2792//6142 
f 2782//6143 2783//6143 2784//6143 
f 2798//6144 2796//6144 2797//6144 
f 2799//6145 2796//6145 2798//6145 
f 2800//6146 2787//6146 2790//6146 
f 2800//6147 2790//6147 2796//6147 
f 2800//6148 2796//6148 2799//6148 
f 2779//6149 2780//6149 2781//6149 
f 2779//6150 2781//6150 2782//6150 
f 2802//6151 2800//6151 2801//6151 
f 2773//6152 2774//6152 2775//6152 
f 2773//6153 2775//6153 2776//6153 
f 2809//6154 2806//6154 2807//6154 
f 2809//6155 2807//6155 2808//6155 
f 2769//6156 2770//6156 2771//6156 
f 2769//6157 2771//6157 2772//6157 
f 2811//6158 2806//6158 2809//6158 
f 2811//6159 2809//6159 2810//6159 
f 2812//6160 2806//6160 2811//6160 
f 2812//6161 2804//6161 2805//6161 
f 2812//6162 2805//6162 2806//6162 
f 2766//6163 2767//6163 2768//6163 
f 2766//6164 2768//6164 2769//6164 
f 2814//6165 2812//6165 2813//6165 
f 2765//6166 2766//6166 2769//6166 
f 2764//6167 2765//6167 2769//6167 
f 2764//6168 2772//6168 2773//6168 
f 2764//6169 2769//6169 2772//6169 
f 2816//6170 2814//6170 2815//6170 
f 2817//6171 2804//6171 2812//6171 
f 2817//6172 2814//6172 2816//6172 
f 2817//6173 2812//6173 2814//6173 
f 2817//6174 2802//6174 2803//6174 
f 2817//6175 2803//6175 2804//6175 
f 2761//6176 2762//6176 2763//6176 
f 2760//6177 2761//6177 2763//6177 
f 2821//6178 2819//6178 2820//6178 
f 2758//6179 2764//6179 2773//6179 
f 2758//6180 2760//6180 2763//6180 
f 2758//6181 2759//6181 2760//6181 
f 2758//6182 2763//6182 2764//6182 
f 2822//6183 2817//6183 2818//6183 
f 2822//6184 2818//6184 2819//6184 
f 2822//6185 2819//6185 2821//6185 
f 2822//6186 2802//6186 2817//6186 
f 2822//6187 2800//6187 2802//6187 
f 2756//6188 2757//6188 2758//6188 
f 2825//6189 2823//6189 2824//6189 
f 2826//6190 2822//6190 2823//6190 
f 2826//6191 2800//6191 2822//6191 
f 2826//6192 2784//6192 2786//6192 
f 2826//6193 2782//6193 2784//6193 
f 2826//6194 2787//6194 2800//6194 
f 2826//6195 2823//6195 2825//6195 
f 2826//6196 2786//6196 2787//6196 
f 2827//6197 2782//6197 2826//6197 
f 2827//6198 2779//6198 2782//6198 
f 2827//6199 2776//6199 2777//6199 
f 2827//6200 2777//6200 2778//6200 
f 2827//6201 2778//6201 2779//6201 
f 2752//6202 2753//6202 2754//6202 
f 2752//6203 2754//6203 2755//6203 
f 2752//6204 2755//6204 2756//6204 
f 2750//6205 2751//6205 2752//6205 
f 2750//6206 2756//6206 2758//6206 
f 2750//6207 2752//6207 2756//6207 
f 2830//6208 2827//6208 2828//6208 
f 2830//6209 2828//6209 2829//6209 
f 2749//6210 2750//6210 2758//6210 
f 2831//6211 2827//6211 2830//6211 
f 2748//6212 2749//6212 2758//6212 
f 2833//6213 2831//6213 2832//6213 
f 2833//6214 2827//6214 2831//6214 
f 2746//6215 2747//6215 2748//6215 
f 2834//6216 2827//6216 2833//6216 
f 2745//6217 2746//6217 2748//6217 
f 2745//6218 2748//6218 2758//6218 
f 2835//6219 2827//6219 2834//6219 
f 2836//6220 2827//6220 2835//6220 
f 2743//6221 2744//6221 2745//6221 
f 2711//6222 2827//6222 2836//6222 
f 2740//6223 2741//6223 2742//6223 
f 2714//6224 2711//6224 2712//6224 
f 2714//6225 2712//6225 2713//6225 
f 2739//6226 2740//6226 2742//6226 
f 2716//6227 2714//6227 2715//6227 
f 2717//6228 2714//6228 2716//6228 
f 2735//6229 2736//6229 2737//6229 
f 2735//6230 2737//6230 2738//6230 
f 2735//6231 2738//6231 2739//6231 
f 2735//6232 2739//6232 2742//6232 
f 2735//6233 2742//6233 2743//6233 
f 2719//6234 2717//6234 2718//6234 
f 2719//6235 2711//6235 2714//6235 
f 2719//6236 2714//6236 2717//6236 
f 2732//6237 2733//6237 2734//6237 
f 2732//6238 2734//6238 2735//6238 
f 2722//6239 2719//6239 2720//6239 
f 2722//6240 2720//6240 2721//6240 
f 2731//6241 2743//6241 2745//6241 
f 2731//6242 2735//6242 2743//6242 
f 2731//6243 2732//6243 2735//6243 
f 2725//6244 2722//6244 2723//6244 
f 2725//6245 2723//6245 2724//6245 
f 2725//6246 2719//6246 2722//6246 
f 2728//6247 2729//6247 2730//6247 
f 2728//6248 2730//6248 2731//6248 
f 2726//6249 2719//6249 2725//6249 
f 2727//6250 2711//6250 2719//6250 
f 2727//6251 2827//6251 2711//6251 
f 2727//6252 2745//6252 2758//6252 
f 2727//6253 2776//6253 2827//6253 
f 2727//6254 2758//6254 2773//6254 
f 2727//6255 2731//6255 2745//6255 
f 2727//6256 2728//6256 2731//6256 
f 2727//6257 2719//6257 2726//6257 
f 2727//6258 2773//6258 2776//6258 
f 2920//6259 2918//6259 2919//6259 
f 2921//6260 2918//6260 2920//6260 
f 2921//6261 2916//6261 2917//6261 
f 2921//6262 2917//6262 2918//6262 
f 2910//6263 2911//6263 2912//6263 
f 2923//6264 2916//6264 2921//6264 
f 2923//6265 2913//6265 2914//6265 
f 2923//6266 2914//6266 2915//6266 
f 2923//6267 2915//6267 2916//6267 
f 2923//6268 2921//6268 2922//6268 
f 2906//6269 2907//6269 2908//6269 
f 2906//6270 2908//6270 2909//6270 
f 2906//6271 2909//6271 2910//6271 
f 2926//6272 2913//6272 2923//6272 
f 2926//6273 2923//6273 2924//6273 
f 2926//6274 2924//6274 2925//6274 
f 2929//6275 2927//6275 2928//6275 
f 2930//6276 2927//6276 2929//6276 
f 2930//6277 2926//6277 2927//6277 
f 2899//6278 2900//6278 2901//6278 
f 2899//6279 2901//6279 2902//6279 
f 2899//6280 2902//6280 2903//6280 
f 2899//6281 2903//6281 2904//6281 
f 2899//6282 2904//6282 2905//6282 
f 2899//6283 2905//6283 2906//6283 
f 2933//6284 2931//6284 2932//6284 
f 2935//6285 2933//6285 2934//6285 
f 2937//6286 2933//6286 2935//6286 
f 2937//6287 2935//6287 2936//6287 
f 2894//6288 2895//6288 2896//6288 
f 2893//6289 2896//6289 2897//6289 
f 2893//6290 2894//6290 2896//6290 
f 2892//6291 2893//6291 2897//6291 
f 2940//6292 2937//6292 2938//6292 
f 2940//6293 2938//6293 2939//6293 
f 2940//6294 2933//6294 2937//6294 
f 2940//6295 2930//6295 2931//6295 
f 2940//6296 2931//6296 2933//6296 
f 2890//6297 2891//6297 2892//6297 
f 2890//6298 2897//6298 2898//6298 
f 2890//6299 2898//6299 2899//6299 
f 2890//6300 2892//6300 2897//6300 
f 2889//6301 2890//6301 2899//6301 
f 2944//6302 2941//6302 2942//6302 
f 2944//6303 2942//6303 2943//6303 
f 2887//6304 2888//6304 2889//6304 
f 2945//6305 2941//6305 2944//6305 
f 2946//6306 2941//6306 2945//6306 
f 2884//6307 2889//6307 2899//6307 
f 2884//6308 2887//6308 2889//6308 
f 2884//6309 2885//6309 2886//6309 
f 2884//6310 2886//6310 2887//6310 
f 2884//6311 2910//6311 2912//6311 
f 2884//6312 2906//6312 2910//6312 
f 2884//6313 2899//6313 2906//6313 
f 2948//6314 2940//6314 2941//6314 
f 2948//6315 2946//6315 2947//6315 
f 2948//6316 2930//6316 2940//6316 
f 2948//6317 2941//6317 2946//6317 
f 2948//6318 2926//6318 2930//6318 
f 2881//6319 2882//6319 2883//6319 
f 2881//6320 2883//6320 2884//6320 
f 2951//6321 2948//6321 2949//6321 
f 2951//6322 2949//6322 2950//6322 
f 2880//6323 2881//6323 2884//6323 
f 2952//6324 2948//6324 2951//6324 
f 2879//6325 2880//6325 2884//6325 
f 2877//6326 2878//6326 2879//6326 
f 2955//6327 2952//6327 2953//6327 
f 2955//6328 2953//6328 2954//6328 
f 2957//6329 2955//6329 2956//6329 
f 2957//6330 2948//6330 2952//6330 
f 2957//6331 2952//6331 2955//6331 
f 2873//6332 2874//6332 2875//6332 
f 2873//6333 2875//6333 2876//6333 
f 2873//6334 2876//6334 2877//6334 
f 2873//6335 2877//6335 2879//6335 
f 2960//6336 2957//6336 2958//6336 
f 2960//6337 2958//6337 2959//6337 
f 2960//6338 2948//6338 2957//6338 
f 2871//6339 2872//6339 2873//6339 
f 2962//6340 2960//6340 2961//6340 
f 2837//6341 2960//6341 2962//6341 
f 2866//6342 2948//6342 2960//6342 
f 2866//6343 2960//6343 2837//6343 
f 2866//6344 2867//6344 2868//6344 
f 2866//6345 2868//6345 2869//6345 
f 2866//6346 2869//6346 2870//6346 
f 2866//6347 2870//6347 2871//6347 
f 2866//6348 2884//6348 2912//6348 
f 2866//6349 2913//6349 2926//6349 
f 2866//6350 2926//6350 2948//6350 
f 2866//6351 2871//6351 2873//6351 
f 2866//6352 2879//6352 2884//6352 
f 2866//6353 2912//6353 2913//6353 
f 2866//6354 2873//6354 2879//6354 
f 2840//6355 2837//6355 2838//6355 
f 2840//6356 2838//6356 2839//6356 
f 2863//6357 2864//6357 2865//6357 
f 2863//6358 2865//6358 2866//6358 
f 2843//6359 2840//6359 2841//6359 
f 2843//6360 2841//6360 2842//6360 
f 2845//6361 2843//6361 2844//6361 
f 2845//6362 2840//6362 2843//6362 
f 2860//6363 2861//6363 2862//6363 
f 2846//6364 2837//6364 2840//6364 
f 2846//6365 2840//6365 2845//6365 
f 2859//6366 2862//6366 2863//6366 
f 2859//6367 2860//6367 2862//6367 
f 2847//6368 2837//6368 2846//6368 
f 2857//6369 2858//6369 2859//6369 
f 2856//6370 2857//6370 2859//6370 
f 2850//6371 2847//6371 2848//6371 
f 2850//6372 2848//6372 2849//6372 
f 2850//6373 2837//6373 2847//6373 
f 2855//6374 2859//6374 2863//6374 
f 2855//6375 2856//6375 2859//6375 
f 2851//6376 2837//6376 2850//6376 
f 2852//6377 2837//6377 2851//6377 
f 2853//6378 2854//6378 2855//6378 
f 2853//6379 2866//6379 2837//6379 
f 2853//6380 2863//6380 2866//6380 
f 2853//6381 2855//6381 2863//6381 
f 2853//6382 2837//6382 2852//6382 
f 3039//6383 3040//6383 3041//6383 
f 3039//6384 3041//6384 3042//6384 
f 3047//6385 3044//6385 3045//6385 
f 3047//6386 3045//6386 3046//6386 
f 3036//6387 3037//6387 3038//6387 
f 3048//6388 3044//6388 3047//6388 
f 3048//6389 3042//6389 3043//6389 
f 3048//6390 3043//6390 3044//6390 
f 3034//6391 3035//6391 3036//6391 
f 3050//6392 3048//6392 3049//6392 
f 3051//6393 3048//6393 3050//6393 
f 3052//6394 3039//6394 3042//6394 
f 3052//6395 3042//6395 3048//6395 
f 3052//6396 3048//6396 3051//6396 
f 3031//6397 3032//6397 3033//6397 
f 3031//6398 3033//6398 3034//6398 
f 3054//6399 3052//6399 3053//6399 
f 3025//6400 3026//6400 3027//6400 
f 3025//6401 3027//6401 3028//6401 
f 3061//6402 3058//6402 3059//6402 
f 3061//6403 3059//6403 3060//6403 
f 3021//6404 3022//6404 3023//6404 
f 3021//6405 3023//6405 3024//6405 
f 3063//6406 3058//6406 3061//6406 
f 3063//6407 3061//6407 3062//6407 
f 3064//6408 3058//6408 3063//6408 
f 3064//6409 3056//6409 3057//6409 
f 3064//6410 3057//6410 3058//6410 
f 3018//6411 3019//6411 3020//6411 
f 3018//6412 3020//6412 3021//6412 
f 3066//6413 3064//6413 3065//6413 
f 3017//6414 3018//6414 3021//6414 
f 3016//6415 3017//6415 3021//6415 
f 3016//6416 3024//6416 3025//6416 
f 3016//6417 3021//6417 3024//6417 
f 3068//6418 3066//6418 3067//6418 
f 3069//6419 3056//6419 3064//6419 
f 3069//6420 3066//6420 3068//6420 
f 3069//6421 3064//6421 3066//6421 
f 3069//6422 3054//6422 3055//6422 
f 3069//6423 3055//6423 3056//6423 
f 3013//6424 3014//6424 3015//6424 
f 3012//6425 3013//6425 3015//6425 
f 3073//6426 3071//6426 3072//6426 
f 3010//6427 3016//6427 3025//6427 
f 3010//6428 3012//6428 3015//6428 
f 3010//6429 3011//6429 3012//6429 
f 3010//6430 3015//6430 3016//6430 
f 3074//6431 3069//6431 3070//6431 
f 3074//6432 3070//6432 3071//6432 
f 3074//6433 3071//6433 3073//6433 
f 3074//6434 3054//6434 3069//6434 
f 3074//6435 3052//6435 3054//6435 
f 3008//6436 3009//6436 3010//6436 
f 3077//6437 3075//6437 3076//6437 
f 3078//6438 3074//6438 3075//6438 
f 3078//6439 3052//6439 3074//6439 
f 3078//6440 3036//6440 3038//6440 
f 3078//6441 3034//6441 3036//6441 
f 3078//6442 3039//6442 3052//6442 
f 3078//6443 3075//6443 3077//6443 
f 3078//6444 3038//6444 3039//6444 
f 3079//6445 3034//6445 3078//6445 
f 3079//6446 3031//6446 3034//6446 
f 3079//6447 3028//6447 3029//6447 
f 3079//6448 3029//6448 3030//6448 
f 3079//6449 3030//6449 3031//6449 
f 3004//6450 3005//6450 3006//6450 
f 3004//6451 3006//6451 3007//6451 
f 3004//6452 3007//6452 3008//6452 
f 3002//6453 3003//6453 3004//6453 
f 3002//6454 3008//6454 3010//6454 
f 3002//6455 3004//6455 3008//6455 
f 3082//6456 3079//6456 3080//6456 
f 3082//6457 3080//6457 3081//6457 
f 3001//6458 3002//6458 3010//6458 
f 3083//6459 3079//6459 3082//6459 
f 3000//6460 3001//6460 3010//6460 
f 3085//6461 3083//6461 3084//6461 
f 3085//6462 3079//6462 3083//6462 
f 2998//6463 2999//6463 3000//6463 
f 3086//6464 3079//6464 3085//6464 
f 2997//6465 2998//6465 3000//6465 
f 2997//6466 3000//6466 3010//6466 
f 3087//6467 3079//6467 3086//6467 
f 3088//6468 3079//6468 3087//6468 
f 2995//6469 2996//6469 2997//6469 
f 2963//6470 3079//6470 3088//6470 
f 2992//6471 2993//6471 2994//6471 
f 2966//6472 2963//6472 2964//6472 
f 2966//6473 2964//6473 2965//6473 
f 2991//6474 2992//6474 2994//6474 
f 2968//6475 2966//6475 2967//6475 
f 2969//6476 2966//6476 2968//6476 
f 2987//6477 2988//6477 2989//6477 
f 2987//6478 2989//6478 2990//6478 
f 2987//6479 2990//6479 2991//6479 
f 2987//6480 2991//6480 2994//6480 
f 2987//6481 2994//6481 2995//6481 
f 2971//6482 2969//6482 2970//6482 
f 2971//6483 2963//6483 2966//6483 
f 2971//6484 2966//6484 2969//6484 
f 2984//6485 2985//6485 2986//6485 
f 2984//6486 2986//6486 2987//6486 
f 2974//6487 2971//6487 2972//6487 
f 2974//6488 2972//6488 2973//6488 
f 2983//6489 2995//6489 2997//6489 
f 2983//6490 2987//6490 2995//6490 
f 2983//6491 2984//6491 2987//6491 
f 2977//6492 2974//6492 2975//6492 
f 2977//6493 2975//6493 2976//6493 
f 2977//6494 2971//6494 2974//6494 
f 2980//6495 2981//6495 2982//6495 
f 2980//6496 2982//6496 2983//6496 
f 2978//6497 2971//6497 2977//6497 
f 2979//6498 2963//6498 2971//6498 
f 2979//6499 3079//6499 2963//6499 
f 2979//6500 2997//6500 3010//6500 
f 2979//6501 3028//6501 3079//6501 
f 2979//6502 3010//6502 3025//6502 
f 2979//6503 2983//6503 2997//6503 
f 2979//6504 2980//6504 2983//6504 
f 2979//6505 2971//6505 2978//6505 
f 2979//6506 3025//6506 3028//6506 
f 3257//6507 3171//6507 3258//6507 
f 3172//6508 3258//6508 3171//6508 
f 3259//6509 3258//6509 3172//6509 
f 3260//6510 3259//6510 3172//6510 
f 3214//6511 3261//6511 3262//6511 
f 3214//6512 3171//6512 3257//6512 
f 3214//6513 3257//6513 3261//6513 
f 3263//6514 3257//6514 3260//6514 
f 3263//6515 3261//6515 3257//6515 
f 3263//6516 3260//6516 3172//6516 
f 3256//6517 3262//6517 3264//6517 
f 3256//6518 3264//6518 3263//6518 
f 3256//6519 3214//6519 3262//6519 
f 3256//6520 3263//6520 3172//6520 
f 3259//6521 3265//6521 3258//6521 
f 3258//6522 3265//6522 3266//6522 
f 3258//6523 3266//6523 3257//6523 
f 3257//6524 3266//6524 3267//6524 
f 3265//6525 3259//6525 3260//6525 
f 3265//6526 3260//6526 3268//6526 
f 3268//6527 3260//6527 3257//6527 
f 3268//6528 3257//6528 3267//6528 
f 3263//6529 3269//6529 3261//6529 
f 3261//6530 3269//6530 3270//6530 
f 3269//6531 3263//6531 3264//6531 
f 3269//6532 3264//6532 3271//6532 
f 3271//6533 3264//6533 3262//6533 
f 3271//6534 3262//6534 3272//6534 
f 3261//6535 3270//6535 3262//6535 
f 3262//6536 3270//6536 3272//6536 
f 3265//6537 3267//6537 3266//6537 
f 3268//6538 3267//6538 3265//6538 
f 3269//6539 3272//6539 3270//6539 
f 3271//6540 3272//6540 3269//6540 
