# FreeCAD v1.0 build2 Arch module
# https://www.freecad.org
mtllib CardTray_1tray_42height.mtl
o CardTrays
usemtl color_acb5bc
v 0.0 111.199997 0.0
v 0.0 109.144569 19.830929
v 0.0 109.26236 19.945818
v 0.0 109.374275 20.066437
v 0.0 109.021202 19.722054
v 0.0 109.480042 20.192484
v 0.0 108.892555 19.619463
v 0.0 109.579399 20.323647
v 0.0 108.758957 19.523413
v 0.0 109.672089 20.459597
v 0.0 108.620735 19.434139
v 0.0 109.757881 20.6
v 0.0 108.478241 19.35187
v 0.0 109.836578 20.744505
v 0.0 108.331818 19.276802
v 0.0 109.907967 20.892752
v 0.0 108.181831 19.209129
v 0.0 109.971886 21.044374
v 0.0 108.028664 19.149014
v 0.0 110.02816 21.198994
v 0.0 107.872688 19.096609
v 0.0 110.07666 21.356226
v 0.0 107.714302 19.052046
v 0.0 110.117264 21.51568
v 0.0 107.553879 19.01543
v 0.0 110.149864 21.676962
v 0.0 107.391838 18.986858
v 0.0 110.174393 21.839666
v 0.0 107.228577 18.966398
v 0.0 110.190773 22.003391
v 0.0 107.064491 18.954102
v 0.0 110.198975 22.167728
v 0.0 106.900002 18.950001
v 0.0 106.735512 18.954102
v 0.0 106.571426 18.966398
v 0.0 106.408157 18.986858
v 0.0 106.246117 19.01543
v 0.0 106.085701 19.052046
v 0.0 105.927307 19.096609
v 0.0 105.771332 19.149014
v 0.0 105.618164 19.209129
v 0.0 105.468185 19.276802
v 0.0 105.321762 19.35187
v 0.0 105.17926 19.434139
v 0.0 105.041046 19.523413
v 0.0 104.907448 19.619463
v 0.0 104.778801 19.722054
v 0.0 104.655434 19.830929
v -0.0 110.198975 22.332272
v -0.0 111.199997 44.0
v -0.0 110.190773 22.496609
v -0.0 110.174393 22.660334
v -0.0 110.149864 22.823038
v -0.0 110.117264 22.98432
v -0.0 110.07666 23.143774
v -0.0 110.02816 23.301006
v -0.0 109.971886 23.455626
v -0.0 109.907967 23.607248
v -0.0 109.836578 23.755495
v -0.0 109.757881 23.9
v -0.0 109.672089 24.040403
v -0.0 109.579399 24.176353
v -0.0 109.480042 24.307516
v -0.0 109.374275 24.433563
v -0.0 109.26236 24.554182
v -0.0 109.144569 24.669071
v -0.0 109.021202 24.777946
v -0.0 108.892555 24.880537
v -0.0 108.758957 24.976587
v -0.0 108.620735 25.065861
v -0.0 108.478241 25.14813
v -0.0 108.331818 25.223198
v -0.0 108.181831 25.290871
v -0.0 108.028664 25.350986
v -0.0 107.872688 25.403391
v -0.0 107.714302 25.447954
v -0.0 107.553879 25.48457
v -0.0 107.391838 25.513142
v -0.0 107.228577 25.533602
v -0.0 107.064491 25.545898
v -0.0 106.900002 25.549999
v -0.0 106.735512 25.545898
v -0.0 106.571426 25.533602
v -0.0 106.408157 25.513142
v -0.0 106.246117 25.48457
v -0.0 106.085701 25.447954
v -0.0 105.927307 25.403391
v -0.0 105.771332 25.350986
v -0.0 105.618164 25.290871
v -0.0 105.468185 25.223198
v -0.0 105.321762 25.14813
v -0.0 105.17926 25.065861
v -0.0 105.041046 24.976587
v -0.0 104.907448 24.880537
v -0.0 104.778801 24.777946
v -0.0 104.655434 24.669071
v 0.0 68.047157 8.835151
v 0.0 68.700363 9.472266
v 0.0 69.320999 10.14115
v 0.0 67.363014 8.231387
v 0.0 69.907516 10.840137
v 0.0 66.64962 7.662475
v 0.0 70.458466 11.567491
v 0.0 65.90876 7.12983
v 0.0 70.972473 12.321404
v 0.0 65.142265 6.634777
v 0.0 71.448265 13.1
v 0.0 64.352051 6.178545
v 0.0 71.884651 13.901345
v 0.0 104.537636 19.945818
v 0.0 63.540073 5.762269
v 0.0 72.280556 14.723446
v 0.0 104.42572 20.066437
v 0.0 62.708355 5.386985
v 0.0 104.319954 20.192484
v 0.0 72.634987 15.56426
v 0.0 104.220604 20.323647
v 0.0 61.858967 5.053625
v 0.0 104.127914 20.459597
v 0.0 72.947067 16.421694
v 0.0 104.042114 20.6
v 0.0 60.994019 4.763018
v 0.0 73.216026 17.293619
v 0.0 103.963425 20.744505
v 0.0 60.115662 4.515886
v 0.0 103.892029 20.892752
v 0.0 73.441177 18.177866
v 0.0 103.828117 21.044374
v 0.0 59.226074 4.312843
v 0.0 103.771843 21.198994
v 0.0 73.621979 19.072239
v 0.0 103.723343 21.356226
v 0.0 103.682739 21.51568
v 0.0 73.75798 19.97451
v 0.0 103.650131 21.676962
v 0.0 103.62561 21.839666
v 0.0 73.848831 20.882439
v 0.0 103.60923 22.003391
v 0.0 73.89431 21.793768
v 0.0 103.601028 22.167728
v -0.0 103.601028 22.332272
v -0.0 73.89431 22.706232
v -0.0 103.60923 22.496609
v -0.0 103.62561 22.660334
v -0.0 73.848831 23.617561
v -0.0 103.650131 22.823038
v -0.0 73.75798 24.52549
v -0.0 103.682739 22.98432
v -0.0 103.723343 23.143774
v -0.0 73.621979 25.427761
v -0.0 103.771843 23.301006
v -0.0 103.828117 23.455626
v -0.0 73.441177 26.322134
v -0.0 103.892029 23.607248
v -0.0 103.963425 23.755495
v -0.0 73.216026 27.206381
v -0.0 104.042114 23.9
v -0.0 72.947067 28.078306
v -0.0 104.127914 24.040403
v -0.0 104.220604 24.176353
v -0.0 72.634987 28.935741
v -0.0 104.319954 24.307516
v -0.0 104.42572 24.433563
v -0.0 72.280556 29.776554
v -0.0 104.537636 24.554182
v -0.0 71.884651 30.598656
v -0.0 71.448265 31.4
v -0.0 70.972473 32.178596
v -0.0 70.458466 32.93251
v -0.0 69.907516 33.659863
v -0.0 69.320999 34.358852
v -0.0 68.700363 35.027733
v -0.0 68.047157 35.664848
v -0.0 67.363014 36.268612
v -0.0 66.64962 36.837524
v -0.0 65.90876 37.370171
v -0.0 65.142265 37.865223
v -0.0 64.352051 38.321453
v -0.0 63.540073 38.737732
v -0.0 62.708355 39.113014
v -0.0 61.858967 39.446377
v -0.0 60.994019 39.736984
v -0.0 60.115662 39.984116
v -0.0 59.226074 40.187157
v 0.0 39.751736 13.1
v 0.0 0.0 0.0
v 0.0 39.315346 13.901345
v 0.0 40.227524 12.321404
v 0.0 40.741535 11.567491
v 0.0 41.292484 10.840137
v 0.0 41.879005 10.14115
v 0.0 42.499638 9.472266
v 0.0 43.15284 8.835151
v 0.0 43.836987 8.231387
v 0.0 44.550381 7.662475
v 0.0 45.291245 7.12983
v 0.0 46.057735 6.634777
v 0.0 46.847954 6.178545
v 0.0 47.659927 5.762269
v 0.0 48.491642 5.386985
v 0.0 49.34103 5.053625
v 0.0 50.205982 4.763018
v 0.0 51.084339 4.515886
v 0.0 51.973927 4.312843
v 0.0 52.872528 4.154396
v 0.0 6.662361 19.945818
v 0.0 38.919441 14.723446
v 0.0 6.54457 19.830929
v 0.0 6.774278 20.066437
v 0.0 38.56501 15.56426
v 0.0 6.421199 19.722054
v 0.0 6.880044 20.192484
v 0.0 6.292554 19.619463
v 0.0 6.979395 20.323647
v 0.0 38.25293 16.421694
v 0.0 6.158956 19.523413
v 0.0 7.072085 20.459597
v 0.0 6.020736 19.434139
v 0.0 7.157884 20.6
v 0.0 37.983974 17.293619
v 0.0 5.878238 19.35187
v 0.0 7.236577 20.744505
v 0.0 37.75882 18.177866
v 0.0 5.731816 19.276802
v 0.0 7.307969 20.892752
v 0.0 5.581835 19.209129
v 0.0 7.371883 21.044374
v 0.0 37.578018 19.072239
v 0.0 5.428667 19.149014
v 0.0 7.42816 21.198994
v 0.0 5.272692 19.096609
v 0.0 7.47666 21.356226
v 0.0 37.442024 19.97451
v 0.0 5.114299 19.052046
v 0.0 7.517262 21.51568
v 0.0 4.953882 19.01543
v 0.0 7.549866 21.676962
v 0.0 37.35117 20.882439
v 0.0 4.79184 18.986858
v 0.0 7.574389 21.839666
v 0.0 4.628574 18.966398
v 0.0 7.590773 22.003391
v 0.0 37.305687 21.793768
v 0.0 4.464491 18.954102
v 0.0 7.598974 22.167728
v 0.0 4.3 18.950001
v -0.0 7.598974 22.332272
v -0.0 37.305687 22.706232
v 0.0 4.135509 18.954102
v -0.0 7.590773 22.496609
v -0.0 37.35117 23.617561
v 0.0 3.971426 18.966398
v -0.0 7.574389 22.660334
v 0.0 3.808161 18.986858
v -0.0 7.549866 22.823038
v -0.0 37.442024 24.52549
v 0.0 3.646118 19.01543
v -0.0 7.517262 22.98432
v 0.0 3.485701 19.052046
v -0.0 7.47666 23.143774
v -0.0 37.578018 25.427761
v 0.0 3.327308 19.096609
v -0.0 7.42816 23.301006
v 0.0 3.171334 19.149014
v -0.0 7.371883 23.455626
v -0.0 37.75882 26.322134
v 0.0 3.018165 19.209129
v -0.0 7.307969 23.607248
v 0.0 2.868184 19.276802
v -0.0 7.236577 23.755495
v -0.0 37.983974 27.206381
v 0.0 2.721762 19.35187
v -0.0 7.157884 23.9
v -0.0 38.25293 28.078306
v 0.0 2.579264 19.434139
v -0.0 7.072085 24.040403
v 0.0 2.441044 19.523413
v -0.0 6.979395 24.176353
v -0.0 38.56501 28.935741
v 0.0 2.307446 19.619463
v -0.0 6.880044 24.307516
v 0.0 2.178801 19.722054
v -0.0 6.774278 24.433563
v -0.0 38.919441 29.776554
v 0.0 2.05543 19.830929
v -0.0 6.662361 24.554182
v -0.0 39.315346 30.598656
v 0.0 1.937639 19.945818
v -0.0 6.54457 24.669071
v 0.0 1.825722 20.066437
v 0.0 1.719956 20.192484
v 0.0 1.620605 20.323647
v 0.0 1.527914 20.459597
v 0.0 1.442116 20.6
v 0.0 1.363423 20.744505
v 0.0 1.292031 20.892752
v 0.0 1.228117 21.044374
v 0.0 1.17184 21.198994
v 0.0 1.12334 21.356226
v 0.0 1.082738 21.51568
v 0.0 1.050134 21.676962
v 0.0 1.025611 21.839666
v -0.0 47.659927 38.737732
v -0.0 0.0 44.0
v -0.0 48.491642 39.113014
v -0.0 46.847954 38.321453
v -0.0 6.421199 24.777946
v -0.0 46.057735 37.865223
v -0.0 6.292554 24.880537
v -0.0 45.291245 37.370171
v -0.0 6.158956 24.976587
v -0.0 44.550381 36.837524
v -0.0 6.020736 25.065861
v -0.0 43.836987 36.268612
v -0.0 5.878238 25.14813
v -0.0 43.15284 35.664848
v -0.0 5.731816 25.223198
v -0.0 42.499638 35.027733
v -0.0 5.581835 25.290871
v -0.0 41.879005 34.358852
v -0.0 41.292484 33.659863
v -0.0 5.428667 25.350986
v -0.0 40.741535 32.93251
v -0.0 5.272692 25.403391
v -0.0 40.227524 32.178596
v -0.0 5.114299 25.447954
v -0.0 39.751736 31.4
v -0.0 4.953882 25.48457
v -0.0 4.79184 25.513142
v -0.0 4.628574 25.533602
v -0.0 4.464491 25.545898
v -0.0 4.3 25.549999
v -0.0 4.135509 25.545898
v -0.0 3.971426 25.533602
v -0.0 3.808161 25.513142
v -0.0 3.646118 25.48457
v -0.0 3.485701 25.447954
v -0.0 3.327308 25.403391
v -0.0 3.171334 25.350986
v -0.0 3.018165 25.290871
v -0.0 2.868184 25.223198
v -0.0 2.721762 25.14813
v -0.0 2.579264 25.065861
v -0.0 2.441044 24.976587
v -0.0 2.307446 24.880537
v -0.0 2.178801 24.777946
v -0.0 2.05543 24.669071
v -0.0 1.937639 24.554182
v -0.0 1.825722 24.433563
v -0.0 1.719956 24.307516
v -0.0 1.620605 24.176353
v -0.0 1.527914 24.040403
v -0.0 1.442116 23.9
v -0.0 1.363423 23.755495
v -0.0 1.292031 23.607248
v -0.0 1.228117 23.455626
v -0.0 1.17184 23.301006
v -0.0 1.12334 23.143774
v -0.0 1.082738 22.98432
v -0.0 1.050134 22.823038
v -0.0 1.025611 22.660334
v -0.0 51.973927 40.187157
v -0.0 52.872528 40.345604
v -0.0 51.084339 39.984116
v -0.0 50.205982 39.736984
v -0.0 49.34103 39.446377
v 0.0 1.001026 22.167728
v 0.0 1.009228 22.003391
v -0.0 1.001026 22.332272
v -0.0 1.009228 22.496609
v 0.0 55.599998 3.95
v 0.0 56.51218 3.972748
v 0.0 57.422092 4.040937
v 0.0 58.327473 4.154396
v 0.0 54.68782 3.972748
v 0.0 53.777908 4.040937
v -0.0 55.599998 40.549999
v -0.0 54.68782 40.527252
v -0.0 53.777908 40.459064
v -0.0 56.51218 40.527252
v -0.0 57.422092 40.459064
v -0.0 58.327473 40.345604
v 21.0 0.0 34.5
v 21.0 0.0 2.5
v 20.953569 -0.0 35.462536
v 20.89563 -0.0 35.941006
v 20.988386 -0.0 34.981827
v 20.814705 -0.0 36.41613
v 20.710981 -0.0 36.886806
v 20.5847 -0.0 37.351936
v 14.122499 -0.0 44.0
v 14.576608 -0.0 43.838516
v 20.436153 -0.0 37.81044
v 20.265688 -0.0 38.261253
v 20.073698 -0.0 38.703331
v 19.860632 -0.0 39.135643
v 15.884966 -0.0 43.225658
v 15.022409 -0.0 43.655338
v 15.458866 -0.0 43.450893
v 19.626982 -0.0 39.55719
v 16.70216 -0.0 42.714947
v 16.299719 -0.0 42.980152
v 17.091354 -0.0 42.43066
v 19.100155 -0.0 40.364086
v 18.808199 -0.0 40.747562
v 19.373293 -0.0 39.966988
v 18.498104 -0.0 41.116528
v 17.826426 -0.0 41.807526
v 17.466402 -0.0 42.127953
v 18.170593 -0.0 41.470119
v 67.0 0.0 0.0
v 46.0 0.0 34.5
v 46.0 0.0 2.5
v 46.011616 -0.0 34.981827
v 46.10437 -0.0 35.941006
v 46.046432 -0.0 35.462536
v 46.289017 -0.0 36.886806
v 46.185295 -0.0 36.41613
v 46.415298 -0.0 37.351936
v 46.563847 -0.0 37.81044
v 46.9263 -0.0 38.703331
v 46.734314 -0.0 38.261253
v 47.899845 -0.0 40.364086
v 47.13937 -0.0 39.135643
v 47.373016 -0.0 39.55719
v 47.626705 -0.0 39.966988
v 48.191803 -0.0 40.747562
v 48.501896 -0.0 41.116528
v 49.173573 -0.0 41.807526
v 48.829407 -0.0 41.470119
v 50.29784 -0.0 42.714947
v 49.5336 -0.0 42.127953
v 49.908646 -0.0 42.43066
v 50.700283 -0.0 42.980152
v 51.541134 -0.0 43.450893
v 51.115032 -0.0 43.225658
v 51.977592 -0.0 43.655338
v 52.423393 -0.0 43.838516
v 52.877502 -0.0 44.0
v 67.0 0.0 44.0
v 0.000385 111.199615 44.01963
v 0.000385 0.000385 44.01963
v 0.001498 111.198502 44.038681
v 0.001498 0.001498 44.038681
v 0.003336 0.003336 44.057659
v 0.003336 111.196663 44.057659
v 0.0059 0.0059 44.076584
v 0.0059 111.194099 44.076584
v 0.009195 0.009195 44.095448
v 0.009195 111.190804 44.095448
v 0.013223 111.186775 44.114227
v 0.013223 0.013223 44.114227
v 0.017989 111.182014 44.132912
v 0.017989 0.017989 44.132912
v 0.022914 111.177086 44.149628
v 0.022914 0.022914 44.149628
v 0.029094 0.029094 44.168068
v 0.029094 111.170906 44.168068
v 0.035987 0.035987 44.186256
v 0.035987 111.164017 44.186256
v 0.043681 0.043681 44.204384
v 0.043681 111.156319 44.204384
v 0.052335 0.052335 44.222702
v 0.052335 111.147667 44.222702
v 0.06157 0.06157 44.240372
v 0.06157 111.138428 44.240372
v 0.071799 0.071799 44.258156
v 0.071799 111.128204 44.258156
v 0.083808 0.083808 44.2771
v 0.083808 111.116196 44.2771
v 0.097037 0.097037 44.296009
v 0.097037 111.102966 44.296009
v 0.108718 0.108718 44.311283
v 0.108718 111.091286 44.311283
v 0.123687 0.123687 44.329224
v 0.123687 111.076309 44.329224
v 0.138281 0.138281 44.345196
v 0.138281 111.061722 44.345196
v 0.153553 0.153553 44.360519
v 0.153553 111.046448 44.360519
v 0.169473 0.169473 44.375168
v 0.169473 111.030525 44.375168
v 0.186012 0.186012 44.389114
v 0.186012 111.013985 44.389114
v 0.203138 0.203138 44.402336
v 0.203138 110.996864 44.402336
v 0.220821 0.220821 44.414799
v 0.220821 110.979179 44.414799
v 0.239026 0.239026 44.426487
v 0.239026 110.960976 44.426487
v 0.25772 0.25772 44.437378
v 0.25772 110.942284 44.437378
v 0.276867 0.276867 44.447449
v 0.276867 110.923134 44.447449
v 0.296432 0.296432 44.456684
v 0.296432 110.903564 44.456684
v 0.316379 0.316379 44.465061
v 0.316379 110.883621 44.465061
v 0.336669 0.336669 44.472572
v 0.336669 110.863335 44.472572
v 0.357264 0.357264 44.479195
v 0.357264 110.842735 44.479195
v 0.378128 0.378128 44.484921
v 0.378128 110.821869 44.484921
v 0.399219 0.399219 44.489738
v 0.399219 110.800781 44.489738
v 0.420499 110.779503 44.493641
v 0.420499 0.420499 44.493641
v 0.441928 110.758072 44.496616
v 0.441928 0.441928 44.496616
v 0.463465 110.736534 44.498665
v 0.463465 0.463465 44.498665
v 0.48172 110.718277 44.499664
v 0.48172 0.48172 44.499664
v 0.5 110.699997 44.5
v 0.5 0.5 44.5
v 2.630929 2.05543 0.0
v 2.745819 1.937639 0.0
v 2.866437 1.825722 0.0
v 2.522053 2.178801 0.0
v 2.992484 1.719956 0.0
v 2.419463 2.307446 0.0
v 3.123646 1.620605 0.0
v 2.323412 2.441044 0.0
v 3.259597 1.527914 0.0
v 2.23414 2.579264 0.0
v 3.4 1.442116 0.0
v 2.151869 2.721762 0.0
v 3.544505 1.363423 0.0
v 2.076803 2.868184 0.0
v 3.692753 1.292031 0.0
v 2.009129 3.018165 0.0
v 3.844375 1.228117 0.0
v 1.949014 3.171334 0.0
v 3.998994 1.17184 0.0
v 1.89661 3.327308 0.0
v 4.156227 1.12334 0.0
v 1.852045 3.485701 0.0
v 4.315681 1.082738 0.0
v 1.815431 3.646118 0.0
v 4.476961 1.050134 0.0
v 1.786858 3.808161 0.0
v 4.639666 1.025611 0.0
v 1.766398 3.971426 0.0
v 4.803391 1.009228 0.0
v 1.754102 4.135509 0.0
v 4.967729 1.001026 0.0
v 1.75 4.3 0.0
v 5.132271 1.001026 0.0
v 1.754102 4.464491 0.0
v 5.296609 1.009228 0.0
v 1.766398 4.628574 0.0
v 5.460334 1.025611 0.0
v 1.786858 4.79184 0.0
v 5.623039 1.050134 0.0
v 1.815431 4.953882 0.0
v 1.852045 5.114299 0.0
v 1.89661 5.272692 0.0
v 7.469071 2.05543 0.0
v 59.53093 2.05543 0.0
v 7.354181 1.937639 0.0
v 59.645817 1.937639 0.0
v 7.233563 1.825722 0.0
v 59.766438 1.825722 0.0
v 7.107516 1.719956 0.0
v 7.577947 2.178801 0.0
v 59.422054 2.178801 0.0
v 59.892483 1.719956 0.0
v 6.976354 1.620605 0.0
v 7.680537 2.307446 0.0
v 59.319462 2.307446 0.0
v 60.023647 1.620605 0.0
v 59.223412 2.441044 0.0
v 7.776588 2.441044 0.0
v 60.159595 1.527914 0.0
v 6.840403 1.527914 0.0
v 7.86586 2.579264 0.0
v 59.13414 2.579264 0.0
v 60.299999 1.442116 0.0
v 6.7 1.442116 0.0
v 7.948131 2.721762 0.0
v 59.051868 2.721762 0.0
v 6.555495 1.363423 0.0
v 60.444504 1.363423 0.0
v 6.407248 1.292031 0.0
v 8.023197 2.868184 0.0
v 58.976803 2.868184 0.0
v 60.592754 1.292031 0.0
v 6.255625 1.228117 0.0
v 8.090872 3.018165 0.0
v 58.90913 3.018165 0.0
v 60.744373 1.228117 0.0
v 58.849014 3.171334 0.0
v 8.150986 3.171334 0.0
v 6.101006 1.17184 0.0
v 60.898994 1.17184 0.0
v 5.943774 1.12334 0.0
v 8.20339 3.327308 0.0
v 58.796608 3.327308 0.0
v 61.056225 1.12334 0.0
v 58.752045 3.485701 0.0
v 8.247955 3.485701 0.0
v 8.284569 3.646118 0.0
v 61.215679 1.082738 0.0
v 5.784319 1.082738 0.0
v 58.715431 3.646118 0.0
v 61.376961 1.050134 0.0
v 58.686859 3.808161 0.0
v 8.313142 3.808161 0.0
v 58.666397 3.971426 0.0
v 8.333602 3.971426 0.0
v 58.654102 4.135509 0.0
v 8.345898 4.135509 0.0
v 58.650002 4.3 0.0
v 8.35 4.3 0.0
v 8.345898 4.464491 0.0
v 58.654102 4.464491 0.0
v 8.333602 4.628574 0.0
v 58.666397 4.628574 0.0
v 8.313142 4.79184 0.0
v 58.686859 4.79184 0.0
v 8.284569 4.953882 0.0
v 58.715431 4.953882 0.0
v 8.247955 5.114299 0.0
v 58.752045 5.114299 0.0
v 8.20339 5.272692 0.0
v 58.796608 5.272692 0.0
v 8.150986 5.428667 0.0
v 58.849014 5.428667 0.0
v 8.090872 5.581835 0.0
v 58.90913 5.581835 0.0
v 8.023197 5.731816 0.0
v 58.976803 5.731816 0.0
v 7.948131 5.878238 0.0
v 59.051868 5.878238 0.0
v 59.13414 6.020736 0.0
v 7.86586 6.020736 0.0
v 7.776588 6.158956 0.0
v 59.223412 6.158956 0.0
v 7.680537 6.292554 0.0
v 59.319462 6.292554 0.0
v 59.422054 6.421199 0.0
v 7.577947 6.421199 0.0
v 7.469071 6.54457 0.0
v 59.53093 6.54457 0.0
v 7.354181 6.662361 0.0
v 59.645817 6.662361 0.0
v 7.233563 6.774278 0.0
v 59.766438 6.774278 0.0
v 7.107516 6.880044 0.0
v 59.892483 6.880044 0.0
v 61.539665 1.025611 0.0
v 61.703392 1.009228 0.0
v 61.867729 1.001026 0.0
v 62.032272 1.001026 0.0
v 62.196609 1.009228 0.0
v 62.360332 1.025611 0.0
v 62.523041 1.050134 0.0
v 62.684319 1.082738 0.0
v 62.843773 1.12334 0.0
v 63.001007 1.17184 0.0
v 63.155624 1.228117 0.0
v 63.307247 1.292031 0.0
v 63.455494 1.363423 0.0
v 63.599998 1.442116 0.0
v 63.740402 1.527914 0.0
v 63.876354 1.620605 0.0
v 64.007515 1.719956 0.0
v 64.13356 1.825722 0.0
v 64.254181 1.937639 0.0
v 64.369072 2.05543 0.0
v 64.477943 2.178801 0.0
v 64.580536 2.307446 0.0
v 6.976354 6.979395 0.0
v 60.023647 6.979395 0.0
v 64.67659 2.441044 0.0
v 6.840403 7.072085 0.0
v 60.159595 7.072085 0.0
v 64.765862 2.579264 0.0
v 60.299999 7.157884 0.0
v 6.7 7.157884 0.0
v 64.848129 2.721762 0.0
v 64.923195 2.868184 0.0
v 64.990875 3.018165 0.0
v 65.050987 3.171334 0.0
v 65.103394 3.327308 0.0
v 65.147957 3.485701 0.0
v 65.18457 3.646118 0.0
v 65.213142 3.808161 0.0
v 65.233604 3.971426 0.0
v 65.245895 4.135509 0.0
v 65.25 4.3 0.0
v 65.245895 4.464491 0.0
v 65.233604 4.628574 0.0
v 65.213142 4.79184 0.0
v 65.18457 4.953882 0.0
v 65.147957 5.114299 0.0
v 65.103394 5.272692 0.0
v 2.745819 6.662361 0.0
v 2.745819 104.537636 0.0
v 2.866437 6.774278 0.0
v 2.630929 104.655434 0.0
v 2.630929 6.54457 0.0
v 2.522053 6.421199 0.0
v 2.866437 104.42572 0.0
v 2.419463 6.292554 0.0
v 2.522053 104.778801 0.0
v 2.992484 104.319954 0.0
v 2.992484 6.880044 0.0
v 2.419463 104.907448 0.0
v 2.323412 6.158956 0.0
v 3.123646 104.220604 0.0
v 3.123646 6.979395 0.0
v 2.323412 105.041046 0.0
v 3.259597 104.127914 0.0
v 3.259597 7.072085 0.0
v 2.23414 105.17926 0.0
v 2.23414 6.020736 0.0
v 3.4 104.042114 0.0
v 3.4 7.157884 0.0
v 2.151869 105.321762 0.0
v 2.151869 5.878238 0.0
v 2.076803 5.731816 0.0
v 3.544505 103.963425 0.0
v 3.544505 7.236577 0.0
v 3.692753 7.307969 0.0
v 2.076803 105.468185 0.0
v 3.692753 103.892029 0.0
v 2.009129 105.618164 0.0
v 2.009129 5.581835 0.0
v 3.844375 103.828117 0.0
v 3.844375 7.371883 0.0
v 3.998994 103.771843 0.0
v 3.998994 7.42816 0.0
v 4.156227 103.723343 0.0
v 4.156227 7.47666 0.0
v 4.315681 103.682739 0.0
v 4.315681 7.517262 0.0
v 4.476961 103.650131 0.0
v 4.476961 7.549866 0.0
v 4.639666 103.62561 0.0
v 4.639666 7.574389 0.0
v 4.803391 103.60923 0.0
v 4.803391 7.590773 0.0
v 4.967729 103.601028 0.0
v 4.967729 7.598974 0.0
v 5.132271 103.601028 0.0
v 5.132271 7.598974 0.0
v 5.296609 103.60923 0.0
v 5.296609 7.590773 0.0
v 5.460334 103.62561 0.0
v 5.460334 7.574389 0.0
v 5.623039 103.650131 0.0
v 5.623039 7.549866 0.0
v 5.784319 7.517262 0.0
v 5.784319 103.682739 0.0
v 5.943774 103.723343 0.0
v 5.943774 7.47666 0.0
v 6.101006 103.771843 0.0
v 6.101006 7.42816 0.0
v 6.255625 103.828117 0.0
v 6.255625 7.371883 0.0
v 6.407248 7.307969 0.0
v 6.407248 103.892029 0.0
v 6.555495 103.963425 0.0
v 6.555495 7.236577 0.0
v 6.7 104.042114 0.0
v 2.23414 108.620735 0.0
v 2.323412 108.758957 0.0
v 2.151869 108.478241 0.0
v 2.076803 108.331818 0.0
v 2.009129 108.181831 0.0
v 1.949014 108.028664 0.0
v 1.89661 107.872688 0.0
v 1.852045 107.714302 0.0
v 1.815431 107.553879 0.0
v 1.786858 107.391838 0.0
v 1.766398 107.228577 0.0
v 1.754102 107.064491 0.0
v 1.75 106.900002 0.0
v 1.754102 106.735512 0.0
v 1.766398 106.571426 0.0
v 1.786858 106.408157 0.0
v 1.815431 106.246117 0.0
v 1.852045 106.085701 0.0
v 1.89661 105.927307 0.0
v 1.949014 105.771332 0.0
v 2.419463 108.892555 0.0
v 2.522053 109.021202 0.0
v 2.630929 109.144569 0.0
v 2.745819 109.26236 0.0
v 2.866437 109.374275 0.0
v 2.992484 109.480042 0.0
v 3.123646 109.579399 0.0
v 3.259597 109.672089 0.0
v 3.4 109.757881 0.0
v 3.544505 109.836578 0.0
v 3.692753 109.907967 0.0
v 3.844375 109.971886 0.0
v 3.998994 110.02816 0.0
v 4.156227 110.07666 0.0
v 4.315681 110.117264 0.0
v 4.476961 110.149864 0.0
v 4.639666 110.174393 0.0
v 4.803391 110.190773 0.0
v 4.967729 110.198975 0.0
v 5.132271 110.198975 0.0
v 5.296609 110.190773 0.0
v 5.460334 110.174393 0.0
v 7.469071 104.655434 0.0
v 59.53093 104.655434 0.0
v 7.354181 104.537636 0.0
v 59.645817 104.537636 0.0
v 7.233563 104.42572 0.0
v 59.766438 104.42572 0.0
v 7.107516 104.319954 0.0
v 59.422054 104.778801 0.0
v 7.577947 104.778801 0.0
v 59.892483 104.319954 0.0
v 59.319462 104.907448 0.0
v 7.680537 104.907448 0.0
v 60.023647 104.220604 0.0
v 6.976354 104.220604 0.0
v 7.776588 105.041046 0.0
v 59.223412 105.041046 0.0
v 7.86586 105.17926 0.0
v 60.159595 104.127914 0.0
v 6.840403 104.127914 0.0
v 59.13414 105.17926 0.0
v 60.299999 104.042114 0.0
v 7.948131 105.321762 0.0
v 59.051868 105.321762 0.0
v 60.444504 7.236577 0.0
v 60.444504 103.963425 0.0
v 60.592754 7.307969 0.0
v 8.023197 105.468185 0.0
v 58.976803 105.468185 0.0
v 60.592754 103.892029 0.0
v 8.090872 105.618164 0.0
v 58.90913 105.618164 0.0
v 60.744373 103.828117 0.0
v 60.744373 7.371883 0.0
v 58.849014 105.771332 0.0
v 8.150986 105.771332 0.0
v 60.898994 103.771843 0.0
v 60.898994 7.42816 0.0
v 58.796608 105.927307 0.0
v 8.20339 105.927307 0.0
v 61.056225 103.723343 0.0
v 61.056225 7.47666 0.0
v 58.752045 106.085701 0.0
v 8.247955 106.085701 0.0
v 61.215679 103.682739 0.0
v 61.215679 7.517262 0.0
v 61.376961 7.549866 0.0
v 58.715431 106.246117 0.0
v 8.284569 106.246117 0.0
v 61.376961 103.650131 0.0
v 8.313142 106.408157 0.0
v 58.686859 106.408157 0.0
v 61.539665 7.574389 0.0
v 61.539665 103.62561 0.0
v 61.703392 7.590773 0.0
v 58.666397 106.571426 0.0
v 8.333602 106.571426 0.0
v 61.703392 103.60923 0.0
v 61.867729 7.598974 0.0
v 58.654102 106.735512 0.0
v 8.345898 106.735512 0.0
v 8.35 106.900002 0.0
v 61.867729 103.601028 0.0
v 62.032272 7.598974 0.0
v 58.650002 106.900002 0.0
v 62.032272 103.601028 0.0
v 58.654102 107.064491 0.0
v 8.345898 107.064491 0.0
v 8.333602 107.228577 0.0
v 62.196609 103.60923 0.0
v 62.196609 7.590773 0.0
v 8.313142 107.391838 0.0
v 58.666397 107.228577 0.0
v 62.360332 103.62561 0.0
v 62.360332 7.574389 0.0
v 62.523041 7.549866 0.0
v 58.686859 107.391838 0.0
v 62.523041 103.650131 0.0
v 62.684319 7.517262 0.0
v 58.715431 107.553879 0.0
v 8.284569 107.553879 0.0
v 62.684319 103.682739 0.0
v 58.752045 107.714302 0.0
v 8.247955 107.714302 0.0
v 62.843773 103.723343 0.0
v 62.843773 7.47666 0.0
v 63.001007 7.42816 0.0
v 58.796608 107.872688 0.0
v 8.20339 107.872688 0.0
v 63.001007 103.771843 0.0
v 63.155624 7.371883 0.0
v 8.150986 108.028664 0.0
v 58.849014 108.028664 0.0
v 63.155624 103.828117 0.0
v 58.90913 108.181831 0.0
v 8.090872 108.181831 0.0
v 8.023197 108.331818 0.0
v 63.307247 7.307969 0.0
v 63.307247 103.892029 0.0
v 63.455494 7.236577 0.0
v 58.976803 108.331818 0.0
v 63.455494 103.963425 0.0
v 59.051868 108.478241 0.0
v 7.948131 108.478241 0.0
v 63.599998 7.157884 0.0
v 63.599998 104.042114 0.0
v 63.740402 7.072085 0.0
v 59.13414 108.620735 0.0
v 7.86586 108.620735 0.0
v 63.740402 104.127914 0.0
v 7.776588 108.758957 0.0
v 59.223412 108.758957 0.0
v 63.876354 104.220604 0.0
v 63.876354 6.979395 0.0
v 59.319462 108.892555 0.0
v 7.680537 108.892555 0.0
v 64.007515 104.319954 0.0
v 64.007515 6.880044 0.0
v 59.422054 109.021202 0.0
v 7.577947 109.021202 0.0
v 7.469071 109.144569 0.0
v 64.13356 104.42572 0.0
v 64.13356 6.774278 0.0
v 59.53093 109.144569 0.0
v 64.254181 104.537636 0.0
v 64.254181 6.662361 0.0
v 7.354181 109.26236 0.0
v 59.645817 109.26236 0.0
v 7.233563 109.374275 0.0
v 64.369072 104.655434 0.0
v 64.369072 6.54457 0.0
v 59.766438 109.374275 0.0
v 64.477943 104.778801 0.0
v 64.477943 6.421199 0.0
v 7.107516 109.480042 0.0
v 59.892483 109.480042 0.0
v 64.580536 104.907448 0.0
v 64.580536 6.292554 0.0
v 6.976354 109.579399 0.0
v 60.023647 109.579399 0.0
v 64.67659 105.041046 0.0
v 64.67659 6.158956 0.0
v 64.765862 6.020736 0.0
v 6.840403 109.672089 0.0
v 60.159595 109.672089 0.0
v 64.765862 105.17926 0.0
v 60.299999 109.757881 0.0
v 6.7 109.757881 0.0
v 64.848129 105.321762 0.0
v 64.848129 5.878238 0.0
v 60.444504 109.836578 0.0
v 6.555495 109.836578 0.0
v 64.923195 105.468185 0.0
v 64.923195 5.731816 0.0
v 64.990875 5.581835 0.0
v 64.990875 105.618164 0.0
v 65.213142 106.408157 0.0
v 67.0 111.199997 0.0
v 65.18457 106.246117 0.0
v 63.455494 109.836578 0.0
v 63.599998 109.757881 0.0
v 65.233604 106.571426 0.0
v 63.307247 109.907967 0.0
v 65.245895 106.735512 0.0
v 63.155624 109.971886 0.0
v 65.25 106.900002 0.0
v 63.001007 110.02816 0.0
v 62.843773 110.07666 0.0
v 62.684319 110.117264 0.0
v 62.523041 110.149864 0.0
v 62.360332 110.174393 0.0
v 62.196609 110.190773 0.0
v 62.032272 110.198975 0.0
v 61.867729 110.198975 0.0
v 61.703392 110.190773 0.0
v 61.539665 110.174393 0.0
v 65.245895 107.064491 0.0
v 65.233604 107.228577 0.0
v 65.213142 107.391838 0.0
v 65.18457 107.553879 0.0
v 65.147957 107.714302 0.0
v 65.103394 107.872688 0.0
v 65.050987 108.028664 0.0
v 64.990875 108.181831 0.0
v 64.923195 108.331818 0.0
v 64.848129 108.478241 0.0
v 64.765862 108.620735 0.0
v 64.67659 108.758957 0.0
v 64.580536 108.892555 0.0
v 64.477943 109.021202 0.0
v 64.369072 109.144569 0.0
v 64.254181 109.26236 0.0
v 64.13356 109.374275 0.0
v 64.007515 109.480042 0.0
v 65.103394 105.927307 0.0
v 65.050987 105.771332 0.0
v 63.876354 109.579399 0.0
v 65.147957 106.085701 0.0
v 63.740402 109.672089 0.0
v 1.949014 5.428667 0.0
v 65.050987 5.428667 0.0
v 5.623039 110.149864 0.0
v 5.784319 110.117264 0.0
v 5.943774 110.07666 0.0
v 6.101006 110.02816 0.0
v 6.255625 109.971886 0.0
v 6.407248 109.907967 0.0
v 61.376961 110.149864 0.0
v 61.215679 110.117264 0.0
v 61.056225 110.07666 0.0
v 60.898994 110.02816 0.0
v 60.744373 109.971886 0.0
v 60.592754 109.907967 0.0
v 67.0 111.199997 44.0
v 3.15 106.900002 18.950001
v 3.15 107.064491 18.954102
v 3.15 107.228577 18.966398
v 3.15 107.391838 18.986858
v 3.15 107.553879 19.01543
v 3.15 107.714302 19.052046
v 3.15 107.872688 19.096609
v 3.15 108.028664 19.149014
v 3.15 108.181831 19.209129
v 3.15 108.331818 19.276802
v 3.15 108.478241 19.35187
v 3.15 108.620735 19.434139
v 3.15 108.758957 19.523413
v 3.15 108.892555 19.619463
v 3.15 109.021202 19.722054
v 3.15 109.144569 19.830929
v 3.15 109.26236 19.945818
v 3.15 109.374275 20.066437
v 3.15 109.480042 20.192484
v 3.15 109.579399 20.323647
v 3.15 109.672089 20.459597
v 3.15 109.836578 20.744505
v 3.15 109.907967 20.892752
v 3.15 109.971886 21.044374
v 3.15 110.02816 21.198994
v 3.15 110.190773 22.003391
v 3.15 110.198975 22.167728
v 3.15 110.198975 22.332272
v 3.15 110.190773 22.496609
v 3.15 110.174393 22.660334
v 3.15 110.149864 22.823038
v 3.15 110.117264 22.98432
v 3.15 110.07666 23.143774
v 3.15 110.02816 23.301006
v 3.15 109.971886 23.455626
v 3.15 109.907967 23.607248
v 3.15 109.836578 23.755495
v 3.15 109.757881 23.9
v 3.15 109.672089 24.040403
v 3.15 109.579399 24.176353
v 3.15 109.480042 24.307516
v 3.15 109.26236 24.554182
v 3.15 109.144569 24.669071
v 3.15 108.758957 24.976587
v 3.15 108.478241 25.14813
v 3.15 108.028664 25.350986
v 3.15 107.391838 25.513142
v 3.15 107.228577 25.533602
v 3.15 106.900002 25.549999
v 3.15 106.571426 25.533602
v 3.15 106.246117 25.48457
v 3.15 106.085701 25.447954
v 3.15 105.927307 25.403391
v 3.15 105.771332 25.350986
v 3.15 105.618164 25.290871
v 3.15 105.468185 25.223198
v 3.15 105.321762 25.14813
v 3.15 105.041046 24.976587
v 3.15 104.907448 24.880537
v 3.15 104.778801 24.777946
v 3.15 104.655434 24.669071
v 3.15 104.537636 24.554182
v 3.15 104.42572 24.433563
v 3.15 104.319954 24.307516
v 3.15 104.220604 24.176353
v 3.15 104.127914 24.040403
v 3.15 104.042114 23.9
v 3.15 103.963425 23.755495
v 3.15 103.892029 23.607248
v 3.15 103.828117 23.455626
v 3.15 103.771843 23.301006
v 3.15 103.723343 23.143774
v 3.15 103.682739 22.98432
v 3.15 103.650131 22.823038
v 3.15 103.62561 22.660334
v 3.15 103.60923 22.496609
v 3.15 103.601028 22.332272
v 3.15 103.601028 22.167728
v 3.15 103.60923 22.003391
v 3.15 103.62561 21.839666
v 3.15 103.682739 21.51568
v 3.15 103.723343 21.356226
v 3.15 103.771843 21.198994
v 3.15 103.828117 21.044374
v 3.15 104.042114 20.6
v 3.15 104.127914 20.459597
v 3.15 104.319954 20.192484
v 3.15 104.42572 20.066437
v 3.15 104.537636 19.945818
v 3.15 104.655434 19.830929
v 3.15 104.778801 19.722054
v 3.15 104.907448 19.619463
v 3.15 105.041046 19.523413
v 3.15 105.17926 19.434139
v 3.15 105.321762 19.35187
v 3.15 105.468185 19.276802
v 3.15 105.618164 19.209129
v 3.15 105.771332 19.149014
v 3.15 105.927307 19.096609
v 3.15 106.085701 19.052046
v 3.15 106.246117 19.01543
v 3.15 106.408157 18.986858
v 3.15 106.571426 18.966398
v 3.15 106.735512 18.954102
v 0.55 55.599998 3.95
v 0.55 56.51218 3.972748
v 0.55 57.422092 4.040937
v 0.55 58.327473 4.154396
v 0.55 59.226074 4.312843
v 0.55 60.994019 4.763018
v 0.55 61.858967 5.053625
v 0.55 62.708355 5.386985
v 0.55 63.540073 5.762269
v 0.55 64.352051 6.178545
v 0.55 65.90876 7.12983
v 0.55 67.363014 8.231387
v 0.55 68.047157 8.835151
v 0.55 68.700363 9.472266
v 0.55 69.320999 10.14115
v 0.55 69.907516 10.840137
v 0.55 70.458466 11.567491
v 0.55 70.972473 12.321404
v 0.55 71.448265 13.1
v 0.55 71.884651 13.901345
v 0.55 72.280556 14.723446
v 0.55 72.634987 15.56426
v 0.55 72.947067 16.421694
v 0.55 73.216026 17.293619
v 0.55 73.441177 18.177866
v 0.55 73.621979 19.072239
v 0.55 73.75798 19.97451
v 0.55 73.848831 20.882439
v 0.55 73.89431 21.793768
v 0.55 73.89431 22.706232
v 0.55 73.848831 23.617561
v 0.55 73.75798 24.52549
v 0.55 73.621979 25.427761
v 0.55 73.441177 26.322134
v 0.55 73.216026 27.206381
v 0.55 72.947067 28.078306
v 0.55 72.634987 28.935741
v 0.55 72.280556 29.776554
v 0.55 71.448265 31.4
v 0.55 70.972473 32.178596
v 0.55 70.458466 32.93251
v 0.55 69.320999 34.358852
v 0.55 68.700363 35.027733
v 0.55 67.363014 36.268612
v 0.55 66.64962 36.837524
v 0.55 65.90876 37.370171
v 0.55 65.142265 37.865223
v 0.55 64.352051 38.321453
v 0.55 63.540073 38.737732
v 0.55 62.708355 39.113014
v 0.55 61.858967 39.446377
v 0.55 60.994019 39.736984
v 0.55 60.115662 39.984116
v 0.55 59.226074 40.187157
v 0.55 58.327473 40.345604
v 0.55 57.422092 40.459064
v 0.55 56.51218 40.527252
v 0.55 54.68782 40.527252
v 0.55 53.777908 40.459064
v 0.55 52.872528 40.345604
v 0.55 51.973927 40.187157
v 0.55 51.084339 39.984116
v 0.55 50.205982 39.736984
v 0.55 49.34103 39.446377
v 0.55 48.491642 39.113014
v 0.55 46.847954 38.321453
v 0.55 46.057735 37.865223
v 0.55 45.291245 37.370171
v 0.55 44.550381 36.837524
v 0.55 43.836987 36.268612
v 0.55 43.15284 35.664848
v 0.55 42.499638 35.027733
v 0.55 41.879005 34.358852
v 0.55 40.741535 32.93251
v 0.55 40.227524 32.178596
v 0.55 39.751736 31.4
v 0.55 39.315346 30.598656
v 0.55 38.919441 29.776554
v 0.55 38.56501 28.935741
v 0.55 38.25293 28.078306
v 0.55 37.983974 27.206381
v 0.55 37.75882 26.322134
v 0.55 37.578018 25.427761
v 0.55 37.442024 24.52549
v 0.55 37.35117 23.617561
v 0.55 37.305687 22.706232
v 0.55 37.305687 21.793768
v 0.55 37.35117 20.882439
v 0.55 37.442024 19.97451
v 0.55 37.578018 19.072239
v 0.55 37.75882 18.177866
v 0.55 37.983974 17.293619
v 0.55 38.25293 16.421694
v 0.55 38.56501 15.56426
v 0.55 38.919441 14.723446
v 0.55 39.315346 13.901345
v 0.55 39.751736 13.1
v 0.55 40.227524 12.321404
v 0.55 40.741535 11.567491
v 0.55 41.292484 10.840137
v 0.55 41.879005 10.14115
v 0.55 42.499638 9.472266
v 0.55 43.15284 8.835151
v 0.55 43.836987 8.231387
v 0.55 45.291245 7.12983
v 0.55 46.847954 6.178545
v 0.55 47.659927 5.762269
v 0.55 48.491642 5.386985
v 0.55 49.34103 5.053625
v 0.55 50.205982 4.763018
v 0.55 51.084339 4.515886
v 0.55 51.973927 4.312843
v 0.55 52.872528 4.154396
v 0.55 53.777908 4.040937
v 0.55 54.68782 3.972748
v 3.15 4.3 18.950001
v 3.15 4.464491 18.954102
v 3.15 4.628574 18.966398
v 3.15 4.79184 18.986858
v 3.15 4.953882 19.01543
v 3.15 5.114299 19.052046
v 3.15 5.272692 19.096609
v 3.15 5.428667 19.149014
v 3.15 5.581835 19.209129
v 3.15 5.731816 19.276802
v 3.15 5.878238 19.35187
v 3.15 6.020736 19.434139
v 3.15 6.158956 19.523413
v 3.15 6.292554 19.619463
v 3.15 6.421199 19.722054
v 3.15 6.54457 19.830929
v 3.15 6.662361 19.945818
v 3.15 6.774278 20.066437
v 3.15 6.880044 20.192484
v 3.15 7.157884 20.6
v 3.15 7.307969 20.892752
v 3.15 7.371883 21.044374
v 3.15 7.549866 21.676962
v 3.15 7.590773 22.003391
v 3.15 7.598974 22.167728
v 3.15 7.598974 22.332272
v 3.15 7.590773 22.496609
v 3.15 7.574389 22.660334
v 3.15 7.549866 22.823038
v 3.15 7.517262 22.98432
v 3.15 7.47666 23.143774
v 3.15 7.42816 23.301006
v 3.15 7.371883 23.455626
v 3.15 7.307969 23.607248
v 3.15 7.236577 23.755495
v 3.15 7.157884 23.9
v 3.15 7.072085 24.040403
v 3.15 6.979395 24.176353
v 3.15 6.880044 24.307516
v 3.15 5.878238 25.14813
v 3.15 5.272692 25.403391
v 3.15 4.628574 25.533602
v 3.15 4.3 25.549999
v 3.15 4.135509 25.545898
v 3.15 3.808161 25.513142
v 3.15 3.646118 25.48457
v 3.15 3.018165 25.290871
v 3.15 2.868184 25.223198
v 3.15 2.441044 24.976587
v 3.15 2.307446 24.880537
v 3.15 2.178801 24.777946
v 3.15 2.05543 24.669071
v 3.15 1.825722 24.433563
v 3.15 1.620605 24.176353
v 3.15 1.527914 24.040403
v 3.15 1.442116 23.9
v 3.15 1.363423 23.755495
v 3.15 1.292031 23.607248
v 3.15 1.228117 23.455626
v 3.15 1.17184 23.301006
v 3.15 1.12334 23.143774
v 3.15 1.082738 22.98432
v 3.15 1.050134 22.823038
v 3.15 1.025611 22.660334
v 3.15 1.009228 22.496609
v 3.15 1.001026 22.332272
v 3.15 1.001026 22.167728
v 3.15 1.009228 22.003391
v 3.15 1.050134 21.676962
v 3.15 1.12334 21.356226
v 3.15 1.17184 21.198994
v 3.15 1.719956 20.192484
v 3.15 1.825722 20.066437
v 3.15 1.937639 19.945818
v 3.15 2.05543 19.830929
v 3.15 2.178801 19.722054
v 3.15 2.307446 19.619463
v 3.15 2.441044 19.523413
v 3.15 2.579264 19.434139
v 3.15 2.721762 19.35187
v 3.15 2.868184 19.276802
v 3.15 3.018165 19.209129
v 3.15 3.171334 19.149014
v 3.15 3.327308 19.096609
v 3.15 3.485701 19.052046
v 3.15 3.646118 19.01543
v 3.15 3.808161 18.986858
v 3.15 3.971426 18.966398
v 3.15 4.135509 18.954102
v 66.999611 0.000385 44.01963
v 66.998505 0.001498 44.038681
v 53.103054 0.005094 44.071194
v 66.996666 0.003336 44.057659
v 66.994102 0.0059 44.076584
v 66.990807 0.009195 44.095448
v 53.332405 0.019315 44.13763
v 66.986778 0.013223 44.114227
v 66.98201 0.017989 44.132912
v 66.977089 0.022914 44.149628
v 66.970909 0.029094 44.168068
v 53.564098 0.041213 44.198784
v 66.964012 0.035987 44.186256
v 66.956322 0.043681 44.204384
v 66.947662 0.052335 44.222702
v 53.797096 0.069524 44.254345
v 66.938431 0.06157 44.240372
v 66.9282 0.071799 44.258156
v 66.916191 0.083808 44.2771
v 54.030724 0.103169 44.30418
v 66.902962 0.097037 44.296009
v 66.891281 0.108718 44.311283
v 66.876312 0.123687 44.329224
v 54.264648 0.141248 44.348278
v 66.861717 0.138281 44.345196
v 66.846451 0.153553 44.360519
v 66.830528 0.169473 44.375168
v 54.577068 0.197675 44.398247
v 66.813988 0.186012 44.389114
v 66.79686 0.203138 44.402336
v 66.779182 0.220821 44.414799
v 66.760971 0.239026 44.426487
v 54.930412 0.26746 44.442635
v 66.742279 0.25772 44.437378
v 66.723129 0.276867 44.447449
v 66.703568 0.296432 44.456684
v 55.286606 0.342425 44.474522
v 66.683624 0.316379 44.465061
v 66.66333 0.336669 44.472572
v 66.642738 0.357264 44.479195
v 66.621872 0.378128 44.484921
v 55.64323 0.420466 44.493633
v 66.600784 0.399219 44.489738
v 66.579498 0.420499 44.493641
v 66.558075 0.441928 44.496616
v 66.536537 0.463465 44.498665
v 56.0 0.5 44.5
v 66.51828 0.48172 44.499664
v 66.5 0.5 44.5
v 46.0 8.6 34.5
v 46.012047 8.6 34.990677
v 46.048153 8.6 35.480171
v 46.108234 8.6 35.967304
v 46.192146 8.6 36.450905
v 46.299686 8.6 36.929802
v 46.430595 8.6 37.402847
v 46.58456 8.6 37.8689
v 46.761204 8.6 38.326836
v 46.960106 8.6 38.775551
v 47.180786 8.6 39.213966
v 47.422714 8.6 39.641026
v 47.685303 8.6 40.055702
v 47.967926 8.6 40.456993
v 48.269894 8.6 40.843933
v 48.590488 8.6 41.215591
v 48.928932 8.6 41.571068
v 49.284409 8.6 41.909512
v 49.656067 8.6 42.230106
v 50.043007 8.6 42.532074
v 50.444298 8.6 42.814697
v 50.858974 8.6 43.077286
v 51.286034 8.6 43.319214
v 51.724449 8.6 43.539894
v 52.173164 8.6 43.738796
v 52.6311 8.6 43.91544
v 53.097153 8.6 44.069405
v 53.570198 8.6 44.200314
v 54.049095 8.6 44.307854
v 54.532696 8.6 44.391766
v 55.019829 8.6 44.451847
v 55.509323 8.6 44.487953
v 56.0 8.6 44.5
v 46.0 8.6 2.5
v 46.0 8.6 4.5
v 21.0 8.6 2.5
v 21.0 8.6 4.5
v 21.0 8.6 34.5
v 11.0 8.6 44.5
v 11.0 0.5 44.5
v 11.35677 0.420466 44.493633
v 11.490677 8.6 44.487953
v 11.713394 0.342425 44.474522
v 11.980171 8.6 44.451847
v 12.06959 0.26746 44.442635
v 12.467305 8.6 44.391766
v 12.422932 0.197675 44.398247
v 12.735352 0.141248 44.348278
v 12.950903 8.6 44.307854
v 12.969278 0.103169 44.30418
v 13.202906 0.069524 44.254345
v 13.429802 8.6 44.200314
v 13.435902 0.041213 44.198784
v 13.667595 0.019315 44.13763
v 13.902846 8.6 44.069405
v 13.896944 0.005094 44.071194
v 14.368898 8.6 43.91544
v 14.826835 8.6 43.738796
v 15.275551 8.6 43.539894
v 15.713967 8.6 43.319214
v 16.141027 8.6 43.077286
v 16.555702 8.6 42.814697
v 16.956993 8.6 42.532074
v 17.343933 8.6 42.230106
v 17.71559 8.6 41.909512
v 18.071068 8.6 41.571068
v 18.409512 8.6 41.215591
v 18.730104 8.6 40.843933
v 19.032076 8.6 40.456993
v 19.314695 8.6 40.055702
v 19.577286 8.6 39.641026
v 19.819212 8.6 39.213966
v 20.039892 8.6 38.775551
v 20.238796 8.6 38.326836
v 20.415442 8.6 37.8689
v 20.569403 8.6 37.402847
v 20.700312 8.6 36.929802
v 20.807854 8.6 36.450905
v 20.891766 8.6 35.967304
v 20.951847 8.6 35.480171
v 20.987955 8.6 34.990677
v 67.0 109.144569 19.830929
v 67.0 109.26236 19.945818
v 67.0 109.374275 20.066437
v 67.0 109.021202 19.722054
v 67.0 109.480042 20.192484
v 67.0 108.892555 19.619463
v 67.0 109.579399 20.323647
v 67.0 108.758957 19.523413
v 67.0 109.672089 20.459597
v 67.0 108.620735 19.434139
v 67.0 109.757881 20.6
v 67.0 108.478241 19.35187
v 67.0 109.836578 20.744505
v 67.0 108.331818 19.276802
v 67.0 109.907967 20.892752
v 67.0 108.181831 19.209129
v 67.0 109.971886 21.044374
v 67.0 108.028664 19.149014
v 67.0 110.02816 21.198994
v 67.0 107.872688 19.096609
v 67.0 110.07666 21.356226
v 67.0 107.714302 19.052046
v 67.0 110.117264 21.51568
v 67.0 107.553879 19.01543
v 67.0 110.149864 21.676962
v 67.0 107.391838 18.986858
v 67.0 110.174393 21.839666
v 67.0 107.228577 18.966398
v 67.0 110.190773 22.003391
v 67.0 107.064491 18.954102
v 67.0 110.198975 22.167728
v 67.0 106.900002 18.950001
v 67.0 106.735512 18.954102
v 67.0 106.571426 18.966398
v 67.0 106.408157 18.986858
v 67.0 106.246117 19.01543
v 67.0 106.085701 19.052046
v 67.0 105.927307 19.096609
v 67.0 105.771332 19.149014
v 67.0 105.618164 19.209129
v 67.0 105.468185 19.276802
v 67.0 105.321762 19.35187
v 67.0 105.17926 19.434139
v 67.0 105.041046 19.523413
v 67.0 104.907448 19.619463
v 67.0 104.778801 19.722054
v 67.0 104.655434 19.830929
v 67.0 106.900002 25.549999
v 67.0 107.064491 25.545898
v 67.0 107.228577 25.533602
v 67.0 107.391838 25.513142
v 67.0 107.553879 25.48457
v 67.0 107.714302 25.447954
v 67.0 107.872688 25.403391
v 67.0 108.028664 25.350986
v 67.0 108.181831 25.290871
v 67.0 108.331818 25.223198
v 67.0 108.478241 25.14813
v 67.0 108.620735 25.065861
v 67.0 104.655434 24.669071
v 67.0 104.778801 24.777946
v 67.0 108.758957 24.976587
v 67.0 104.907448 24.880537
v 67.0 108.892555 24.880537
v 67.0 105.041046 24.976587
v 67.0 109.021202 24.777946
v 67.0 105.17926 25.065861
v 67.0 109.144569 24.669071
v 67.0 105.321762 25.14813
v 67.0 109.26236 24.554182
v 67.0 105.468185 25.223198
v 67.0 109.374275 24.433563
v 67.0 105.618164 25.290871
v 67.0 109.480042 24.307516
v 67.0 105.771332 25.350986
v 67.0 109.579399 24.176353
v 67.0 105.927307 25.403391
v 67.0 109.672089 24.040403
v 67.0 106.085701 25.447954
v 67.0 109.757881 23.9
v 67.0 106.246117 25.48457
v 67.0 109.836578 23.755495
v 67.0 106.408157 25.513142
v 67.0 109.907967 23.607248
v 67.0 106.571426 25.533602
v 67.0 109.971886 23.455626
v 67.0 106.735512 25.545898
v 67.0 110.02816 23.301006
v 67.0 110.07666 23.143774
v 67.0 110.117264 22.98432
v 67.0 110.149864 22.823038
v 67.0 110.174393 22.660334
v 67.0 110.190773 22.496609
v 67.0 110.198975 22.332272
v 67.0 68.047157 8.835151
v 67.0 68.700363 9.472266
v 67.0 69.320999 10.14115
v 67.0 67.363014 8.231387
v 67.0 69.907516 10.840137
v 67.0 66.64962 7.662475
v 67.0 70.458466 11.567491
v 67.0 65.90876 7.12983
v 67.0 70.972473 12.321404
v 67.0 65.142265 6.634777
v 67.0 71.448265 13.1
v 67.0 64.352051 6.178545
v 67.0 71.884651 13.901345
v 67.0 104.537636 19.945818
v 67.0 63.540073 5.762269
v 67.0 72.280556 14.723446
v 67.0 104.42572 20.066437
v 67.0 62.708355 5.386985
v 67.0 72.634987 15.56426
v 67.0 104.319954 20.192484
v 67.0 104.220604 20.323647
v 67.0 61.858967 5.053625
v 67.0 72.947067 16.421694
v 67.0 104.127914 20.459597
v 67.0 104.042114 20.6
v 67.0 60.994019 4.763018
v 67.0 73.216026 17.293619
v 67.0 103.963425 20.744505
v 67.0 60.115662 4.515886
v 67.0 73.441177 18.177866
v 67.0 103.892029 20.892752
v 67.0 103.828117 21.044374
v 67.0 59.226074 4.312843
v 67.0 73.621979 19.072239
v 67.0 103.771843 21.198994
v 67.0 103.723343 21.356226
v 67.0 73.75798 19.97451
v 67.0 103.682739 21.51568
v 67.0 103.650131 21.676962
v 67.0 73.848831 20.882439
v 67.0 103.62561 21.839666
v 67.0 103.60923 22.003391
v 67.0 73.89431 21.793768
v 67.0 103.601028 22.167728
v 67.0 103.601028 22.332272
v 67.0 73.89431 22.706232
v 67.0 103.60923 22.496609
v 67.0 73.848831 23.617561
v 67.0 103.62561 22.660334
v 67.0 103.650131 22.823038
v 67.0 73.75798 24.52549
v 67.0 103.682739 22.98432
v 67.0 103.723343 23.143774
v 67.0 73.621979 25.427761
v 67.0 103.771843 23.301006
v 67.0 103.828117 23.455626
v 67.0 73.441177 26.322134
v 67.0 103.892029 23.607248
v 67.0 103.963425 23.755495
v 67.0 73.216026 27.206381
v 67.0 104.042114 23.9
v 67.0 72.947067 28.078306
v 67.0 104.127914 24.040403
v 67.0 104.220604 24.176353
v 67.0 72.634987 28.935741
v 67.0 104.319954 24.307516
v 67.0 104.42572 24.433563
v 67.0 72.280556 29.776554
v 67.0 104.537636 24.554182
v 67.0 71.884651 30.598656
v 67.0 71.448265 31.4
v 67.0 70.972473 32.178596
v 67.0 70.458466 32.93251
v 67.0 69.907516 33.659863
v 67.0 69.320999 34.358852
v 67.0 68.700363 35.027733
v 67.0 68.047157 35.664848
v 67.0 67.363014 36.268612
v 67.0 66.64962 36.837524
v 67.0 65.90876 37.370171
v 67.0 65.142265 37.865223
v 67.0 64.352051 38.321453
v 67.0 63.540073 38.737732
v 67.0 62.708355 39.113014
v 67.0 61.858967 39.446377
v 67.0 60.994019 39.736984
v 67.0 60.115662 39.984116
v 67.0 59.226074 40.187157
v 67.0 48.491642 5.386985
v 67.0 47.659927 5.762269
v 67.0 46.847954 6.178545
v 67.0 46.057735 6.634777
v 67.0 45.291245 7.12983
v 67.0 44.550381 7.662475
v 67.0 43.836987 8.231387
v 67.0 43.15284 8.835151
v 67.0 42.499638 9.472266
v 67.0 41.879005 10.14115
v 67.0 41.292484 10.840137
v 67.0 40.741535 11.567491
v 67.0 40.227524 12.321404
v 67.0 39.751736 13.1
v 67.0 39.315346 13.901345
v 67.0 52.872528 4.154396
v 67.0 51.973927 4.312843
v 67.0 51.084339 4.515886
v 67.0 50.205982 4.763018
v 67.0 49.34103 5.053625
v 67.0 6.662361 19.945818
v 67.0 38.919441 14.723446
v 67.0 6.54457 19.830929
v 67.0 6.774278 20.066437
v 67.0 38.56501 15.56426
v 67.0 6.421199 19.722054
v 67.0 6.880044 20.192484
v 67.0 6.292554 19.619463
v 67.0 6.979395 20.323647
v 67.0 38.25293 16.421694
v 67.0 6.158956 19.523413
v 67.0 7.072085 20.459597
v 67.0 6.020736 19.434139
v 67.0 7.157884 20.6
v 67.0 37.983974 17.293619
v 67.0 5.878238 19.35187
v 67.0 7.236577 20.744505
v 67.0 37.75882 18.177866
v 67.0 5.731816 19.276802
v 67.0 7.307969 20.892752
v 67.0 5.581835 19.209129
v 67.0 7.371883 21.044374
v 67.0 37.578018 19.072239
v 67.0 5.428667 19.149014
v 67.0 7.42816 21.198994
v 67.0 5.272692 19.096609
v 67.0 7.47666 21.356226
v 67.0 37.442024 19.97451
v 67.0 5.114299 19.052046
v 67.0 7.517262 21.51568
v 67.0 4.953882 19.01543
v 67.0 7.549866 21.676962
v 67.0 37.35117 20.882439
v 67.0 4.79184 18.986858
v 67.0 7.574389 21.839666
v 67.0 4.628574 18.966398
v 67.0 7.590773 22.003391
v 67.0 37.305687 21.793768
v 67.0 4.464491 18.954102
v 67.0 7.598974 22.167728
v 67.0 4.3 18.950001
v 67.0 7.598974 22.332272
v 67.0 37.305687 22.706232
v 67.0 4.135509 18.954102
v 67.0 7.590773 22.496609
v 67.0 37.35117 23.617561
v 67.0 3.971426 18.966398
v 67.0 7.574389 22.660334
v 67.0 3.808161 18.986858
v 67.0 7.549866 22.823038
v 67.0 37.442024 24.52549
v 67.0 3.646118 19.01543
v 67.0 7.517262 22.98432
v 67.0 3.485701 19.052046
v 67.0 7.47666 23.143774
v 67.0 37.578018 25.427761
v 67.0 3.327308 19.096609
v 67.0 7.42816 23.301006
v 67.0 3.171334 19.149014
v 67.0 7.371883 23.455626
v 67.0 37.75882 26.322134
v 67.0 3.018165 19.209129
v 67.0 7.307969 23.607248
v 67.0 2.868184 19.276802
v 67.0 7.236577 23.755495
v 67.0 37.983974 27.206381
v 67.0 2.721762 19.35187
v 67.0 7.157884 23.9
v 67.0 38.25293 28.078306
v 67.0 2.579264 19.434139
v 67.0 7.072085 24.040403
v 67.0 2.441044 19.523413
v 67.0 6.979395 24.176353
v 67.0 38.56501 28.935741
v 67.0 2.307446 19.619463
v 67.0 6.880044 24.307516
v 67.0 2.178801 19.722054
v 67.0 6.774278 24.433563
v 67.0 38.919441 29.776554
v 67.0 2.05543 19.830929
v 67.0 6.662361 24.554182
v 67.0 39.315346 30.598656
v 67.0 1.937639 19.945818
v 67.0 6.54457 24.669071
v 67.0 1.825722 20.066437
v 67.0 1.719956 20.192484
v 67.0 1.620605 20.323647
v 67.0 1.527914 20.459597
v 67.0 1.442116 20.6
v 67.0 1.363423 20.744505
v 67.0 1.292031 20.892752
v 67.0 1.228117 21.044374
v 67.0 1.17184 21.198994
v 67.0 1.12334 21.356226
v 67.0 1.082738 21.51568
v 67.0 1.050134 21.676962
v 67.0 1.025611 21.839666
v 67.0 39.751736 31.4
v 67.0 40.227524 32.178596
v 67.0 40.741535 32.93251
v 67.0 41.292484 33.659863
v 67.0 41.879005 34.358852
v 67.0 42.499638 35.027733
v 67.0 43.15284 35.664848
v 67.0 43.836987 36.268612
v 67.0 44.550381 36.837524
v 67.0 45.291245 37.370171
v 67.0 46.057735 37.865223
v 67.0 46.847954 38.321453
v 67.0 47.659927 38.737732
v 67.0 48.491642 39.113014
v 67.0 49.34103 39.446377
v 67.0 50.205982 39.736984
v 67.0 51.084339 39.984116
v 67.0 51.973927 40.187157
v 67.0 52.872528 40.345604
v 67.0 1.025611 22.660334
v 67.0 1.050134 22.823038
v 67.0 1.082738 22.98432
v 67.0 1.12334 23.143774
v 67.0 1.17184 23.301006
v 67.0 4.3 25.549999
v 67.0 4.464491 25.545898
v 67.0 1.228117 23.455626
v 67.0 4.628574 25.533602
v 67.0 1.292031 23.607248
v 67.0 4.79184 25.513142
v 67.0 1.363423 23.755495
v 67.0 4.953882 25.48457
v 67.0 1.442116 23.9
v 67.0 5.114299 25.447954
v 67.0 1.527914 24.040403
v 67.0 5.272692 25.403391
v 67.0 1.620605 24.176353
v 67.0 5.428667 25.350986
v 67.0 1.719956 24.307516
v 67.0 5.581835 25.290871
v 67.0 1.825722 24.433563
v 67.0 5.731816 25.223198
v 67.0 1.937639 24.554182
v 67.0 5.878238 25.14813
v 67.0 2.05543 24.669071
v 67.0 6.020736 25.065861
v 67.0 2.178801 24.777946
v 67.0 6.158956 24.976587
v 67.0 2.307446 24.880537
v 67.0 6.292554 24.880537
v 67.0 2.441044 24.976587
v 67.0 6.421199 24.777946
v 67.0 2.579264 25.065861
v 67.0 2.721762 25.14813
v 67.0 2.868184 25.223198
v 67.0 3.018165 25.290871
v 67.0 3.171334 25.350986
v 67.0 3.327308 25.403391
v 67.0 3.485701 25.447954
v 67.0 3.646118 25.48457
v 67.0 3.808161 25.513142
v 67.0 3.971426 25.533602
v 67.0 4.135509 25.545898
v 67.0 1.001026 22.167728
v 67.0 1.009228 22.003391
v 67.0 1.001026 22.332272
v 67.0 1.009228 22.496609
v 67.0 55.599998 3.95
v 67.0 56.51218 3.972748
v 67.0 57.422092 4.040937
v 67.0 58.327473 4.154396
v 67.0 54.68782 3.972748
v 67.0 53.777908 4.040937
v 67.0 55.599998 40.549999
v 67.0 54.68782 40.527252
v 67.0 53.777908 40.459064
v 67.0 56.51218 40.527252
v 67.0 57.422092 40.459064
v 67.0 58.327473 40.345604
v 2.630929 2.05543 44.5
v 2.745819 1.937639 44.5
v 2.866437 1.825722 44.5
v 2.522053 2.178801 44.5
v 2.992484 1.719956 44.5
v 2.419463 2.307446 44.5
v 3.123646 1.620605 44.5
v 2.323412 2.441044 44.5
v 3.259597 1.527914 44.5
v 2.23414 2.579264 44.5
v 3.4 1.442116 44.5
v 2.151869 2.721762 44.5
v 3.544505 1.363423 44.5
v 2.076803 2.868184 44.5
v 3.692753 1.292031 44.5
v 2.009129 3.018165 44.5
v 3.844375 1.228117 44.5
v 1.949014 3.171334 44.5
v 3.998994 1.17184 44.5
v 1.89661 3.327308 44.5
v 4.156227 1.12334 44.5
v 1.852045 3.485701 44.5
v 4.315681 1.082738 44.5
v 1.815431 3.646118 44.5
v 4.476961 1.050134 44.5
v 1.786858 3.808161 44.5
v 4.639666 1.025611 44.5
v 1.766398 3.971426 44.5
v 4.803391 1.009228 44.5
v 1.754102 4.135509 44.5
v 4.967729 1.001026 44.5
v 1.75 4.3 44.5
v 5.132271 1.001026 44.5
v 1.754102 4.464491 44.5
v 1.0 8.6 44.5
v 2.630929 6.54457 44.5
v 2.745819 6.662361 44.5
v 2.522053 6.421199 44.5
v 2.419463 6.292554 44.5
v 2.323412 6.158956 44.5
v 2.23414 6.020736 44.5
v 2.151869 5.878238 44.5
v 2.076803 5.731816 44.5
v 2.009129 5.581835 44.5
v 1.949014 5.428667 44.5
v 1.89661 5.272692 44.5
v 1.852045 5.114299 44.5
v 1.815431 4.953882 44.5
v 1.786858 4.79184 44.5
v 1.766398 4.628574 44.5
v 2.866437 6.774278 44.5
v 2.992484 6.880044 44.5
v 3.123646 6.979395 44.5
v 3.259597 7.072085 44.5
v 3.4 7.157884 44.5
v 3.544505 7.236577 44.5
v 3.692753 7.307969 44.5
v 3.844375 7.371883 44.5
v 3.998994 7.42816 44.5
v 5.296609 1.009228 44.5
v 5.460334 1.025611 44.5
v 5.623039 1.050134 44.5
v 5.784319 1.082738 44.5
v 5.943774 1.12334 44.5
v 6.101006 1.17184 44.5
v 6.255625 1.228117 44.5
v 6.407248 1.292031 44.5
v 6.555495 1.363423 44.5
v 6.7 1.442116 44.5
v 6.840403 1.527914 44.5
v 6.976354 1.620605 44.5
v 7.107516 1.719956 44.5
v 7.233563 1.825722 44.5
v 7.354181 1.937639 44.5
v 7.469071 2.05543 44.5
v 7.577947 2.178801 44.5
v 7.680537 2.307446 44.5
v 7.776588 2.441044 44.5
v 7.86586 2.579264 44.5
v 7.948131 2.721762 44.5
v 8.023197 2.868184 44.5
v 8.090872 3.018165 44.5
v 8.150986 3.171334 44.5
v 8.20339 3.327308 44.5
v 4.156227 7.47666 44.5
v 8.247955 3.485701 44.5
v 4.315681 7.517262 44.5
v 8.284569 3.646118 44.5
v 4.476961 7.549866 44.5
v 8.313142 3.808161 44.5
v 4.639666 7.574389 44.5
v 8.333602 3.971426 44.5
v 4.803391 7.590773 44.5
v 8.345898 4.135509 44.5
v 4.967729 7.598974 44.5
v 8.35 4.3 44.5
v 5.132271 7.598974 44.5
v 8.345898 4.464491 44.5
v 5.296609 7.590773 44.5
v 8.333602 4.628574 44.5
v 8.313142 4.79184 44.5
v 8.284569 4.953882 44.5
v 8.247955 5.114299 44.5
v 8.20339 5.272692 44.5
v 8.150986 5.428667 44.5
v 8.090872 5.581835 44.5
v 8.023197 5.731816 44.5
v 7.948131 5.878238 44.5
v 7.86586 6.020736 44.5
v 7.776588 6.158956 44.5
v 7.680537 6.292554 44.5
v 7.577947 6.421199 44.5
v 7.469071 6.54457 44.5
v 7.354181 6.662361 44.5
v 7.233563 6.774278 44.5
v 7.107516 6.880044 44.5
v 6.976354 6.979395 44.5
v 6.840403 7.072085 44.5
v 6.7 7.157884 44.5
v 6.555495 7.236577 44.5
v 6.407248 7.307969 44.5
v 6.255625 7.371883 44.5
v 6.101006 7.42816 44.5
v 5.943774 7.47666 44.5
v 5.784319 7.517262 44.5
v 5.623039 7.549866 44.5
v 5.460334 7.574389 44.5
v 59.53093 2.05543 44.5
v 59.645817 1.937639 44.5
v 59.766438 1.825722 44.5
v 59.422054 2.178801 44.5
v 59.892483 1.719956 44.5
v 59.319462 2.307446 44.5
v 60.023647 1.620605 44.5
v 59.223412 2.441044 44.5
v 60.159595 1.527914 44.5
v 59.13414 2.579264 44.5
v 60.299999 1.442116 44.5
v 59.051868 2.721762 44.5
v 60.444504 1.363423 44.5
v 58.976803 2.868184 44.5
v 60.592754 1.292031 44.5
v 58.90913 3.018165 44.5
v 60.744373 1.228117 44.5
v 58.849014 3.171334 44.5
v 60.898994 1.17184 44.5
v 58.796608 3.327308 44.5
v 61.056225 1.12334 44.5
v 58.752045 3.485701 44.5
v 61.215679 1.082738 44.5
v 58.715431 3.646118 44.5
v 61.376961 1.050134 44.5
v 58.686859 3.808161 44.5
v 61.539665 1.025611 44.5
v 58.666397 3.971426 44.5
v 61.703392 1.009228 44.5
v 58.654102 4.135509 44.5
v 61.867729 1.001026 44.5
v 58.650002 4.3 44.5
v 58.654102 4.464491 44.5
v 58.849014 5.428667 44.5
v 58.90913 5.581835 44.5
v 58.796608 5.272692 44.5
v 58.752045 5.114299 44.5
v 58.715431 4.953882 44.5
v 58.686859 4.79184 44.5
v 58.666397 4.628574 44.5
v 58.976803 5.731816 44.5
v 59.051868 5.878238 44.5
v 59.13414 6.020736 44.5
v 59.223412 6.158956 44.5
v 59.319462 6.292554 44.5
v 59.422054 6.421199 44.5
v 59.53093 6.54457 44.5
v 59.645817 6.662361 44.5
v 59.766438 6.774278 44.5
v 59.892483 6.880044 44.5
v 62.032272 1.001026 44.5
v 62.196609 1.009228 44.5
v 62.360332 1.025611 44.5
v 62.523041 1.050134 44.5
v 62.684319 1.082738 44.5
v 62.843773 1.12334 44.5
v 63.001007 1.17184 44.5
v 63.155624 1.228117 44.5
v 63.307247 1.292031 44.5
v 63.455494 1.363423 44.5
v 63.599998 1.442116 44.5
v 63.740402 1.527914 44.5
v 63.876354 1.620605 44.5
v 64.007515 1.719956 44.5
v 64.13356 1.825722 44.5
v 64.254181 1.937639 44.5
v 64.369072 2.05543 44.5
v 64.477943 2.178801 44.5
v 64.580536 2.307446 44.5
v 60.023647 6.979395 44.5
v 64.67659 2.441044 44.5
v 60.159595 7.072085 44.5
v 64.765862 2.579264 44.5
v 60.299999 7.157884 44.5
v 64.848129 2.721762 44.5
v 60.444504 7.236577 44.5
v 64.923195 2.868184 44.5
v 60.592754 7.307969 44.5
v 64.990875 3.018165 44.5
v 60.744373 7.371883 44.5
v 65.050987 3.171334 44.5
v 60.898994 7.42816 44.5
v 65.103394 3.327308 44.5
v 61.056225 7.47666 44.5
v 65.147957 3.485701 44.5
v 61.215679 7.517262 44.5
v 65.18457 3.646118 44.5
v 61.376961 7.549866 44.5
v 65.213142 3.808161 44.5
v 61.539665 7.574389 44.5
v 65.233604 3.971426 44.5
v 61.703392 7.590773 44.5
v 65.245895 4.135509 44.5
v 65.25 4.3 44.5
v 65.245895 4.464491 44.5
v 66.0 8.6 44.5
v 65.233604 4.628574 44.5
v 65.213142 4.79184 44.5
v 65.18457 4.953882 44.5
v 65.147957 5.114299 44.5
v 65.103394 5.272692 44.5
v 65.050987 5.428667 44.5
v 64.990875 5.581835 44.5
v 64.923195 5.731816 44.5
v 64.848129 5.878238 44.5
v 64.765862 6.020736 44.5
v 64.67659 6.158956 44.5
v 64.580536 6.292554 44.5
v 64.477943 6.421199 44.5
v 64.369072 6.54457 44.5
v 64.254181 6.662361 44.5
v 64.13356 6.774278 44.5
v 64.007515 6.880044 44.5
v 63.876354 6.979395 44.5
v 63.740402 7.072085 44.5
v 63.599998 7.157884 44.5
v 63.455494 7.236577 44.5
v 63.307247 7.307969 44.5
v 63.155624 7.371883 44.5
v 63.001007 7.42816 44.5
v 62.843773 7.47666 44.5
v 62.684319 7.517262 44.5
v 62.523041 7.549866 44.5
v 62.360332 7.574389 44.5
v 62.196609 7.590773 44.5
v 62.032272 7.598974 44.5
v 61.867729 7.598974 44.5
v 2.630929 104.655434 44.5
v 1.0 98.599998 44.5
v 2.745819 104.537636 44.5
v 2.866437 104.42572 44.5
v 2.522053 104.778801 44.5
v 2.992484 104.319954 44.5
v 2.419463 104.907448 44.5
v 3.123646 104.220604 44.5
v 2.323412 105.041046 44.5
v 3.259597 104.127914 44.5
v 2.23414 105.17926 44.5
v 3.4 104.042114 44.5
v 2.151869 105.321762 44.5
v 3.544505 103.963425 44.5
v 2.076803 105.468185 44.5
v 3.692753 103.892029 44.5
v 2.009129 105.618164 44.5
v 3.844375 103.828117 44.5
v 1.949014 105.771332 44.5
v 3.998994 103.771843 44.5
v 1.89661 105.927307 44.5
v 4.156227 103.723343 44.5
v 1.852045 106.085701 44.5
v 4.315681 103.682739 44.5
v 1.815431 106.246117 44.5
v 4.476961 103.650131 44.5
v 1.786858 106.408157 44.5
v 4.639666 103.62561 44.5
v 4.803391 103.60923 44.5
v 4.967729 103.601028 44.5
v 5.132271 103.601028 44.5
v 5.296609 103.60923 44.5
v 5.460334 103.62561 44.5
v 5.623039 103.650131 44.5
v 5.784319 103.682739 44.5
v 5.943774 103.723343 44.5
v 6.101006 103.771843 44.5
v 6.255625 103.828117 44.5
v 6.407248 103.892029 44.5
v 6.555495 103.963425 44.5
v 6.7 104.042114 44.5
v 2.23414 108.620735 44.5
v 2.323412 108.758957 44.5
v 2.151869 108.478241 44.5
v 2.076803 108.331818 44.5
v 2.009129 108.181831 44.5
v 1.949014 108.028664 44.5
v 1.89661 107.872688 44.5
v 1.852045 107.714302 44.5
v 1.815431 107.553879 44.5
v 1.786858 107.391838 44.5
v 1.766398 107.228577 44.5
v 1.754102 107.064491 44.5
v 1.75 106.900002 44.5
v 1.754102 106.735512 44.5
v 1.766398 106.571426 44.5
v 2.419463 108.892555 44.5
v 2.522053 109.021202 44.5
v 2.630929 109.144569 44.5
v 2.745819 109.26236 44.5
v 2.866437 109.374275 44.5
v 2.992484 109.480042 44.5
v 3.123646 109.579399 44.5
v 3.259597 109.672089 44.5
v 3.4 109.757881 44.5
v 3.544505 109.836578 44.5
v 3.692753 109.907967 44.5
v 3.844375 109.971886 44.5
v 3.998994 110.02816 44.5
v 4.156227 110.07666 44.5
v 4.315681 110.117264 44.5
v 4.476961 110.149864 44.5
v 4.639666 110.174393 44.5
v 4.803391 110.190773 44.5
v 4.967729 110.198975 44.5
v 5.132271 110.198975 44.5
v 5.296609 110.190773 44.5
v 29.799345 101.105904 44.5
v 29.614824 101.295082 44.5
v 6.840403 104.127914 44.5
v 6.976354 104.220604 44.5
v 29.993065 100.926163 44.5
v 29.439964 101.493225 44.5
v 7.107516 104.319954 44.5
v 30.195503 100.756294 44.5
v 29.275198 101.699837 44.5
v 7.233563 104.42572 44.5
v 30.406158 100.596725 44.5
v 29.120935 101.914406 44.5
v 7.354181 104.537636 44.5
v 30.624504 100.447861 44.5
v 28.977558 102.136391 44.5
v 7.469071 104.655434 44.5
v 30.85 100.310066 44.5
v 28.845427 102.365257 44.5
v 7.577947 104.778801 44.5
v 31.082083 100.183678 44.5
v 28.724865 102.600418 44.5
v 7.680537 104.907448 44.5
v 31.320179 100.069016 44.5
v 28.616177 102.841293 44.5
v 7.776588 105.041046 44.5
v 31.563692 99.96637 44.5
v 28.519629 103.087296 44.5
v 7.86586 105.17926 44.5
v 7.948131 105.321762 44.5
v 31.812021 99.875984 44.5
v 28.435465 103.337799 44.5
v 8.023197 105.468185 44.5
v 32.064545 99.798088 44.5
v 28.36389 103.592186 44.5
v 8.090872 105.618164 44.5
v 28.305086 103.849823 44.5
v 8.150986 105.771332 44.5
v 28.259197 104.110077 44.5
v 8.20339 105.927307 44.5
v 28.226337 104.372292 44.5
v 8.247955 106.085701 44.5
v 28.206589 104.635818 44.5
v 8.284569 106.246117 44.5
v 28.200001 104.900002 44.5
v 8.313142 106.408157 44.5
v 8.333602 106.571426 44.5
v 28.206589 105.164185 44.5
v 8.345898 106.735512 44.5
v 28.226337 105.427711 44.5
v 8.35 106.900002 44.5
v 28.259197 105.689926 44.5
v 8.345898 107.064491 44.5
v 28.305086 105.950172 44.5
v 8.333602 107.228577 44.5
v 28.36389 106.207817 44.5
v 8.313142 107.391838 44.5
v 28.435465 106.462204 44.5
v 8.284569 107.553879 44.5
v 28.519629 106.712708 44.5
v 8.247955 107.714302 44.5
v 8.20339 107.872688 44.5
v 28.616177 106.958702 44.5
v 8.150986 108.028664 44.5
v 28.724865 107.199585 44.5
v 8.090872 108.181831 44.5
v 28.845427 107.434746 44.5
v 8.023197 108.331818 44.5
v 28.977558 107.663605 44.5
v 7.948131 108.478241 44.5
v 29.120935 107.885597 44.5
v 7.86586 108.620735 44.5
v 29.275198 108.100166 44.5
v 7.776588 108.758957 44.5
v 29.439964 108.306778 44.5
v 7.680537 108.892555 44.5
v 29.614824 108.504913 44.5
v 7.577947 109.021202 44.5
v 7.469071 109.144569 44.5
v 29.799345 108.694092 44.5
v 7.354181 109.26236 44.5
v 29.993065 108.87384 44.5
v 7.233563 109.374275 44.5
v 30.195503 109.043709 44.5
v 7.107516 109.480042 44.5
v 30.406158 109.20327 44.5
v 6.976354 109.579399 44.5
v 30.624504 109.352135 44.5
v 6.840403 109.672089 44.5
v 30.85 109.489937 44.5
v 6.7 109.757881 44.5
v 31.082083 109.616318 44.5
v 6.555495 109.836578 44.5
v 31.320179 109.73098 44.5
v 6.407248 109.907967 44.5
v 31.563692 109.833633 44.5
v 6.255625 109.971886 44.5
v 31.812021 109.924011 44.5
v 6.101006 110.02816 44.5
v 32.064545 110.001907 44.5
v 5.943774 110.07666 44.5
v 32.320641 110.067116 44.5
v 5.784319 110.117264 44.5
v 59.645817 104.537636 44.5
v 38.022442 102.136391 44.5
v 37.879066 101.914406 44.5
v 59.53093 104.655434 44.5
v 38.154575 102.365257 44.5
v 59.766438 104.42572 44.5
v 37.724804 101.699837 44.5
v 59.422054 104.778801 44.5
v 38.275135 102.600418 44.5
v 59.892483 104.319954 44.5
v 37.560036 101.493225 44.5
v 59.319462 104.907448 44.5
v 38.383823 102.841293 44.5
v 60.023647 104.220604 44.5
v 37.385174 101.295082 44.5
v 59.223412 105.041046 44.5
v 38.48037 103.087296 44.5
v 60.159595 104.127914 44.5
v 59.13414 105.17926 44.5
v 60.299999 104.042114 44.5
v 37.200657 101.105904 44.5
v 59.051868 105.321762 44.5
v 38.564537 103.337799 44.5
v 58.976803 105.468185 44.5
v 38.636108 103.592186 44.5
v 58.90913 105.618164 44.5
v 38.694916 103.849823 44.5
v 66.0 98.599998 44.5
v 35.187981 99.875984 44.5
v 34.935455 99.798088 44.5
v 35.436306 99.96637 44.5
v 35.679821 100.069016 44.5
v 35.917915 100.183678 44.5
v 36.150002 100.310066 44.5
v 36.375496 100.447861 44.5
v 36.593842 100.596725 44.5
v 36.804497 100.756294 44.5
v 37.006935 100.926163 44.5
v 60.444504 103.963425 44.5
v 60.592754 103.892029 44.5
v 60.744373 103.828117 44.5
v 58.849014 105.771332 44.5
v 38.740803 104.110077 44.5
v 60.898994 103.771843 44.5
v 58.796608 105.927307 44.5
v 38.773663 104.372292 44.5
v 61.056225 103.723343 44.5
v 58.752045 106.085701 44.5
v 38.793411 104.635818 44.5
v 61.215679 103.682739 44.5
v 58.715431 106.246117 44.5
v 38.799999 104.900002 44.5
v 61.376961 103.650131 44.5
v 58.686859 106.408157 44.5
v 61.539665 103.62561 44.5
v 58.666397 106.571426 44.5
v 38.793411 105.164185 44.5
v 61.703392 103.60923 44.5
v 58.654102 106.735512 44.5
v 38.773663 105.427711 44.5
v 61.867729 103.601028 44.5
v 58.650002 106.900002 44.5
v 38.740803 105.689926 44.5
v 62.032272 103.601028 44.5
v 58.654102 107.064491 44.5
v 38.694916 105.950172 44.5
v 62.196609 103.60923 44.5
v 58.666397 107.228577 44.5
v 38.636108 106.207817 44.5
v 62.360332 103.62561 44.5
v 58.686859 107.391838 44.5
v 38.564537 106.462204 44.5
v 62.523041 103.650131 44.5
v 58.715431 107.553879 44.5
v 38.48037 106.712708 44.5
v 62.684319 103.682739 44.5
v 58.752045 107.714302 44.5
v 62.843773 103.723343 44.5
v 58.796608 107.872688 44.5
v 38.383823 106.958702 44.5
v 63.001007 103.771843 44.5
v 58.849014 108.028664 44.5
v 38.275135 107.199585 44.5
v 63.155624 103.828117 44.5
v 58.90913 108.181831 44.5
v 38.154575 107.434746 44.5
v 63.307247 103.892029 44.5
v 58.976803 108.331818 44.5
v 38.022442 107.663605 44.5
v 63.455494 103.963425 44.5
v 59.051868 108.478241 44.5
v 37.879066 107.885597 44.5
v 63.599998 104.042114 44.5
v 59.13414 108.620735 44.5
v 37.724804 108.100166 44.5
v 63.740402 104.127914 44.5
v 59.223412 108.758957 44.5
v 37.560036 108.306778 44.5
v 63.876354 104.220604 44.5
v 59.319462 108.892555 44.5
v 37.385174 108.504913 44.5
v 64.007515 104.319954 44.5
v 59.422054 109.021202 44.5
v 64.13356 104.42572 44.5
v 59.53093 109.144569 44.5
v 37.200657 108.694092 44.5
v 64.254181 104.537636 44.5
v 59.645817 109.26236 44.5
v 37.006935 108.87384 44.5
v 64.369072 104.655434 44.5
v 59.766438 109.374275 44.5
v 36.804497 109.043709 44.5
v 64.477943 104.778801 44.5
v 59.892483 109.480042 44.5
v 36.593842 109.20327 44.5
v 64.580536 104.907448 44.5
v 60.023647 109.579399 44.5
v 36.375496 109.352135 44.5
v 64.67659 105.041046 44.5
v 60.159595 109.672089 44.5
v 36.150002 109.489937 44.5
v 64.765862 105.17926 44.5
v 60.299999 109.757881 44.5
v 35.917915 109.616318 44.5
v 64.848129 105.321762 44.5
v 60.444504 109.836578 44.5
v 35.679821 109.73098 44.5
v 64.923195 105.468185 44.5
v 60.592754 109.907967 44.5
v 35.436306 109.833633 44.5
v 64.990875 105.618164 44.5
v 60.744373 109.971886 44.5
v 35.187981 109.924011 44.5
v 65.050987 105.771332 44.5
v 60.898994 110.02816 44.5
v 34.935455 110.001907 44.5
v 65.103394 105.927307 44.5
v 61.056225 110.07666 44.5
v 34.679359 110.067116 44.5
v 65.147957 106.085701 44.5
v 61.215679 110.117264 44.5
v 65.18457 106.246117 44.5
v 65.213142 106.408157 44.5
v 66.5 110.699997 44.5
v 65.245895 107.064491 44.5
v 65.25 106.900002 44.5
v 65.233604 107.228577 44.5
v 65.213142 107.391838 44.5
v 65.18457 107.553879 44.5
v 65.147957 107.714302 44.5
v 65.103394 107.872688 44.5
v 65.050987 108.028664 44.5
v 64.990875 108.181831 44.5
v 64.923195 108.331818 44.5
v 64.848129 108.478241 44.5
v 64.765862 108.620735 44.5
v 64.67659 108.758957 44.5
v 64.580536 108.892555 44.5
v 64.477943 109.021202 44.5
v 64.369072 109.144569 44.5
v 64.254181 109.26236 44.5
v 64.13356 109.374275 44.5
v 64.007515 109.480042 44.5
v 63.876354 109.579399 44.5
v 63.740402 109.672089 44.5
v 63.599998 109.757881 44.5
v 63.455494 109.836578 44.5
v 65.233604 106.571426 44.5
v 63.307247 109.907967 44.5
v 65.245895 106.735512 44.5
v 63.155624 109.971886 44.5
v 63.001007 110.02816 44.5
v 62.843773 110.07666 44.5
v 62.684319 110.117264 44.5
v 62.523041 110.149864 44.5
v 62.360332 110.174393 44.5
v 62.196609 110.190773 44.5
v 62.032272 110.198975 44.5
v 61.867729 110.198975 44.5
v 61.703392 110.190773 44.5
v 33.632133 99.601646 44.5
v 33.896069 99.614822 44.5
v 34.159023 99.641129 44.5
v 34.420334 99.680519 44.5
v 34.679359 99.73288 44.5
v 33.367867 99.601646 44.5
v 33.103931 99.614822 44.5
v 32.840977 99.641129 44.5
v 32.579666 99.680519 44.5
v 32.320641 99.73288 44.5
v 33.367867 110.198349 44.5
v 33.103931 110.185181 44.5
v 32.840977 110.158867 44.5
v 32.579666 110.119484 44.5
v 5.460334 110.174393 44.5
v 5.623039 110.149864 44.5
v 33.632133 110.198349 44.5
v 33.896069 110.185181 44.5
v 34.159023 110.158867 44.5
v 34.420334 110.119484 44.5
v 61.539665 110.174393 44.5
v 61.376961 110.149864 44.5
v 66.999611 111.199615 44.01963
v 66.998505 111.198502 44.038681
v 66.996666 111.196663 44.057659
v 66.994102 111.194099 44.076584
v 66.990807 111.190804 44.095448
v 66.986778 111.186775 44.114227
v 66.98201 111.182014 44.132912
v 66.977089 111.177086 44.149628
v 66.970909 111.170906 44.168068
v 66.964012 111.164017 44.186256
v 66.956322 111.156319 44.204384
v 66.947662 111.147667 44.222702
v 66.938431 111.138428 44.240372
v 66.9282 111.128204 44.258156
v 66.916191 111.116196 44.2771
v 66.902962 111.102966 44.296009
v 66.891281 111.091286 44.311283
v 66.876312 111.076309 44.329224
v 66.861717 111.061722 44.345196
v 66.846451 111.046448 44.360519
v 66.830528 111.030525 44.375168
v 66.813988 111.013985 44.389114
v 66.79686 110.996864 44.402336
v 66.779182 110.979179 44.414799
v 66.760971 110.960976 44.426487
v 66.742279 110.942284 44.437378
v 66.723129 110.923134 44.447449
v 66.703568 110.903564 44.456684
v 66.683624 110.883621 44.465061
v 66.66333 110.863335 44.472572
v 66.642738 110.842735 44.479195
v 66.621872 110.821869 44.484921
v 66.600784 110.800781 44.489738
v 66.579498 110.779503 44.493641
v 66.558075 110.758072 44.496616
v 66.536537 110.736534 44.498665
v 66.51828 110.718277 44.499664
v 8.35 4.3 3.15
v 8.345898 4.464491 3.15
v 8.333602 4.628574 3.15
v 8.313142 4.79184 3.15
v 8.284569 4.953882 3.15
v 8.247955 5.114299 3.15
v 8.20339 5.272692 3.15
v 8.150986 5.428667 3.15
v 8.090872 5.581835 3.15
v 8.023197 5.731816 3.15
v 7.948131 5.878238 3.15
v 7.86586 6.020736 3.15
v 7.776588 6.158956 3.15
v 7.680537 6.292554 3.15
v 7.577947 6.421199 3.15
v 7.469071 6.54457 3.15
v 7.354181 6.662361 3.15
v 7.233563 6.774278 3.15
v 7.107516 6.880044 3.15
v 6.976354 6.979395 3.15
v 6.840403 7.072085 3.15
v 6.7 7.157884 3.15
v 6.555495 7.236577 3.15
v 6.407248 7.307969 3.15
v 6.255625 7.371883 3.15
v 6.101006 7.42816 3.15
v 5.943774 7.47666 3.15
v 5.784319 7.517262 3.15
v 5.623039 7.549866 3.15
v 5.460334 7.574389 3.15
v 5.296609 7.590773 3.15
v 5.132271 7.598974 3.15
v 4.967729 7.598974 3.15
v 4.803391 7.590773 3.15
v 4.639666 7.574389 3.15
v 4.476961 7.549866 3.15
v 4.315681 7.517262 3.15
v 4.156227 7.47666 3.15
v 3.998994 7.42816 3.15
v 3.844375 7.371883 3.15
v 3.692753 7.307969 3.15
v 3.544505 7.236577 3.15
v 3.4 7.157884 3.15
v 3.259597 7.072085 3.15
v 3.123646 6.979395 3.15
v 2.992484 6.880044 3.15
v 2.866437 6.774278 3.15
v 2.745819 6.662361 3.15
v 2.630929 6.54457 3.15
v 2.522053 6.421199 3.15
v 2.419463 6.292554 3.15
v 2.323412 6.158956 3.15
v 2.23414 6.020736 3.15
v 2.151869 5.878238 3.15
v 2.076803 5.731816 3.15
v 2.009129 5.581835 3.15
v 1.949014 5.428667 3.15
v 1.89661 5.272692 3.15
v 1.852045 5.114299 3.15
v 1.815431 4.953882 3.15
v 1.786858 4.79184 3.15
v 1.766398 4.628574 3.15
v 1.754102 4.464491 3.15
v 1.75 4.3 3.15
v 1.754102 4.135509 3.15
v 1.766398 3.971426 3.15
v 1.786858 3.808161 3.15
v 1.815431 3.646118 3.15
v 1.852045 3.485701 3.15
v 1.89661 3.327308 3.15
v 1.949014 3.171334 3.15
v 2.009129 3.018165 3.15
v 2.076803 2.868184 3.15
v 2.151869 2.721762 3.15
v 2.23414 2.579264 3.15
v 2.323412 2.441044 3.15
v 2.419463 2.307446 3.15
v 2.522053 2.178801 3.15
v 2.630929 2.05543 3.15
v 2.745819 1.937639 3.15
v 2.866437 1.825722 3.15
v 2.992484 1.719956 3.15
v 3.123646 1.620605 3.15
v 3.259597 1.527914 3.15
v 3.4 1.442116 3.15
v 3.544505 1.363423 3.15
v 3.692753 1.292031 3.15
v 3.844375 1.228117 3.15
v 3.998994 1.17184 3.15
v 4.156227 1.12334 3.15
v 4.315681 1.082738 3.15
v 4.476961 1.050134 3.15
v 4.639666 1.025611 3.15
v 4.803391 1.009228 3.15
v 4.967729 1.001026 3.15
v 5.132271 1.001026 3.15
v 5.296609 1.009228 3.15
v 5.460334 1.025611 3.15
v 5.623039 1.050134 3.15
v 5.784319 1.082738 3.15
v 5.943774 1.12334 3.15
v 6.101006 1.17184 3.15
v 6.255625 1.228117 3.15
v 6.407248 1.292031 3.15
v 6.555495 1.363423 3.15
v 6.7 1.442116 3.15
v 6.840403 1.527914 3.15
v 6.976354 1.620605 3.15
v 7.107516 1.719956 3.15
v 7.233563 1.825722 3.15
v 7.354181 1.937639 3.15
v 7.469071 2.05543 3.15
v 7.577947 2.178801 3.15
v 7.680537 2.307446 3.15
v 7.776588 2.441044 3.15
v 7.86586 2.579264 3.15
v 7.948131 2.721762 3.15
v 8.023197 2.868184 3.15
v 8.090872 3.018165 3.15
v 8.150986 3.171334 3.15
v 8.20339 3.327308 3.15
v 8.247955 3.485701 3.15
v 8.284569 3.646118 3.15
v 8.313142 3.808161 3.15
v 8.333602 3.971426 3.15
v 8.345898 4.135509 3.15
v 65.25 4.3 3.15
v 65.245895 4.464491 3.15
v 65.233604 4.628574 3.15
v 65.213142 4.79184 3.15
v 65.18457 4.953882 3.15
v 65.147957 5.114299 3.15
v 65.103394 5.272692 3.15
v 65.050987 5.428667 3.15
v 64.990875 5.581835 3.15
v 64.923195 5.731816 3.15
v 64.848129 5.878238 3.15
v 64.765862 6.020736 3.15
v 64.67659 6.158956 3.15
v 64.580536 6.292554 3.15
v 64.477943 6.421199 3.15
v 64.369072 6.54457 3.15
v 64.254181 6.662361 3.15
v 64.13356 6.774278 3.15
v 64.007515 6.880044 3.15
v 63.876354 6.979395 3.15
v 63.740402 7.072085 3.15
v 63.599998 7.157884 3.15
v 63.455494 7.236577 3.15
v 63.307247 7.307969 3.15
v 63.155624 7.371883 3.15
v 63.001007 7.42816 3.15
v 62.843773 7.47666 3.15
v 62.684319 7.517262 3.15
v 62.523041 7.549866 3.15
v 62.360332 7.574389 3.15
v 62.196609 7.590773 3.15
v 62.032272 7.598974 3.15
v 61.867729 7.598974 3.15
v 61.703392 7.590773 3.15
v 61.539665 7.574389 3.15
v 61.376961 7.549866 3.15
v 61.215679 7.517262 3.15
v 61.056225 7.47666 3.15
v 60.898994 7.42816 3.15
v 60.744373 7.371883 3.15
v 60.592754 7.307969 3.15
v 60.444504 7.236577 3.15
v 60.299999 7.157884 3.15
v 60.159595 7.072085 3.15
v 60.023647 6.979395 3.15
v 59.892483 6.880044 3.15
v 59.766438 6.774278 3.15
v 59.645817 6.662361 3.15
v 59.53093 6.54457 3.15
v 59.422054 6.421199 3.15
v 59.319462 6.292554 3.15
v 59.223412 6.158956 3.15
v 59.13414 6.020736 3.15
v 59.051868 5.878238 3.15
v 58.976803 5.731816 3.15
v 58.90913 5.581835 3.15
v 58.849014 5.428667 3.15
v 58.796608 5.272692 3.15
v 58.752045 5.114299 3.15
v 58.715431 4.953882 3.15
v 58.686859 4.79184 3.15
v 58.666397 4.628574 3.15
v 58.654102 4.464491 3.15
v 58.650002 4.3 3.15
v 58.654102 4.135509 3.15
v 58.666397 3.971426 3.15
v 58.686859 3.808161 3.15
v 58.715431 3.646118 3.15
v 58.752045 3.485701 3.15
v 58.796608 3.327308 3.15
v 58.849014 3.171334 3.15
v 58.90913 3.018165 3.15
v 58.976803 2.868184 3.15
v 59.051868 2.721762 3.15
v 59.13414 2.579264 3.15
v 59.223412 2.441044 3.15
v 59.319462 2.307446 3.15
v 59.422054 2.178801 3.15
v 59.53093 2.05543 3.15
v 59.645817 1.937639 3.15
v 59.766438 1.825722 3.15
v 59.892483 1.719956 3.15
v 60.023647 1.620605 3.15
v 60.159595 1.527914 3.15
v 60.299999 1.442116 3.15
v 60.444504 1.363423 3.15
v 60.592754 1.292031 3.15
v 60.744373 1.228117 3.15
v 60.898994 1.17184 3.15
v 61.056225 1.12334 3.15
v 61.215679 1.082738 3.15
v 61.376961 1.050134 3.15
v 61.539665 1.025611 3.15
v 61.703392 1.009228 3.15
v 61.867729 1.001026 3.15
v 62.032272 1.001026 3.15
v 62.196609 1.009228 3.15
v 62.360332 1.025611 3.15
v 62.523041 1.050134 3.15
v 62.684319 1.082738 3.15
v 62.843773 1.12334 3.15
v 63.001007 1.17184 3.15
v 63.155624 1.228117 3.15
v 63.307247 1.292031 3.15
v 63.455494 1.363423 3.15
v 63.599998 1.442116 3.15
v 63.740402 1.527914 3.15
v 63.876354 1.620605 3.15
v 64.007515 1.719956 3.15
v 64.13356 1.825722 3.15
v 64.254181 1.937639 3.15
v 64.369072 2.05543 3.15
v 64.477943 2.178801 3.15
v 64.580536 2.307446 3.15
v 64.67659 2.441044 3.15
v 64.765862 2.579264 3.15
v 64.848129 2.721762 3.15
v 64.923195 2.868184 3.15
v 64.990875 3.018165 3.15
v 65.050987 3.171334 3.15
v 65.103394 3.327308 3.15
v 65.147957 3.485701 3.15
v 65.18457 3.646118 3.15
v 65.213142 3.808161 3.15
v 65.233604 3.971426 3.15
v 65.245895 4.135509 3.15
v 8.35 106.900002 3.15
v 8.345898 107.064491 3.15
v 8.333602 107.228577 3.15
v 8.313142 107.391838 3.15
v 8.284569 107.553879 3.15
v 8.247955 107.714302 3.15
v 8.20339 107.872688 3.15
v 8.150986 108.028664 3.15
v 8.090872 108.181831 3.15
v 8.023197 108.331818 3.15
v 7.948131 108.478241 3.15
v 7.86586 108.620735 3.15
v 7.776588 108.758957 3.15
v 7.680537 108.892555 3.15
v 7.577947 109.021202 3.15
v 7.469071 109.144569 3.15
v 7.354181 109.26236 3.15
v 7.233563 109.374275 3.15
v 7.107516 109.480042 3.15
v 6.976354 109.579399 3.15
v 6.840403 109.672089 3.15
v 6.7 109.757881 3.15
v 6.555495 109.836578 3.15
v 6.407248 109.907967 3.15
v 6.255625 109.971886 3.15
v 6.101006 110.02816 3.15
v 5.943774 110.07666 3.15
v 5.784319 110.117264 3.15
v 5.623039 110.149864 3.15
v 5.460334 110.174393 3.15
v 5.296609 110.190773 3.15
v 5.132271 110.198975 3.15
v 4.967729 110.198975 3.15
v 4.803391 110.190773 3.15
v 4.639666 110.174393 3.15
v 4.476961 110.149864 3.15
v 4.315681 110.117264 3.15
v 4.156227 110.07666 3.15
v 3.998994 110.02816 3.15
v 3.844375 109.971886 3.15
v 3.692753 109.907967 3.15
v 3.544505 109.836578 3.15
v 3.4 109.757881 3.15
v 3.259597 109.672089 3.15
v 3.123646 109.579399 3.15
v 2.992484 109.480042 3.15
v 2.866437 109.374275 3.15
v 2.745819 109.26236 3.15
v 2.630929 109.144569 3.15
v 2.522053 109.021202 3.15
v 2.419463 108.892555 3.15
v 2.323412 108.758957 3.15
v 2.23414 108.620735 3.15
v 2.151869 108.478241 3.15
v 2.076803 108.331818 3.15
v 2.009129 108.181831 3.15
v 1.949014 108.028664 3.15
v 1.89661 107.872688 3.15
v 1.852045 107.714302 3.15
v 1.815431 107.553879 3.15
v 1.786858 107.391838 3.15
v 1.766398 107.228577 3.15
v 1.754102 107.064491 3.15
v 1.75 106.900002 3.15
v 1.754102 106.735512 3.15
v 1.766398 106.571426 3.15
v 1.786858 106.408157 3.15
v 1.815431 106.246117 3.15
v 1.852045 106.085701 3.15
v 1.89661 105.927307 3.15
v 1.949014 105.771332 3.15
v 2.009129 105.618164 3.15
v 2.076803 105.468185 3.15
v 2.151869 105.321762 3.15
v 2.23414 105.17926 3.15
v 2.323412 105.041046 3.15
v 2.419463 104.907448 3.15
v 2.522053 104.778801 3.15
v 2.630929 104.655434 3.15
v 2.745819 104.537636 3.15
v 2.866437 104.42572 3.15
v 2.992484 104.319954 3.15
v 3.123646 104.220604 3.15
v 3.259597 104.127914 3.15
v 3.4 104.042114 3.15
v 3.544505 103.963425 3.15
v 3.692753 103.892029 3.15
v 3.844375 103.828117 3.15
v 3.998994 103.771843 3.15
v 4.156227 103.723343 3.15
v 4.315681 103.682739 3.15
v 4.476961 103.650131 3.15
v 4.639666 103.62561 3.15
v 4.803391 103.60923 3.15
v 4.967729 103.601028 3.15
v 5.132271 103.601028 3.15
v 5.296609 103.60923 3.15
v 5.460334 103.62561 3.15
v 5.623039 103.650131 3.15
v 5.784319 103.682739 3.15
v 5.943774 103.723343 3.15
v 6.101006 103.771843 3.15
v 6.255625 103.828117 3.15
v 6.407248 103.892029 3.15
v 6.555495 103.963425 3.15
v 6.7 104.042114 3.15
v 6.840403 104.127914 3.15
v 6.976354 104.220604 3.15
v 7.107516 104.319954 3.15
v 7.233563 104.42572 3.15
v 7.354181 104.537636 3.15
v 7.469071 104.655434 3.15
v 7.577947 104.778801 3.15
v 7.680537 104.907448 3.15
v 7.776588 105.041046 3.15
v 7.86586 105.17926 3.15
v 7.948131 105.321762 3.15
v 8.023197 105.468185 3.15
v 8.090872 105.618164 3.15
v 8.150986 105.771332 3.15
v 8.20339 105.927307 3.15
v 8.247955 106.085701 3.15
v 8.284569 106.246117 3.15
v 8.313142 106.408157 3.15
v 8.333602 106.571426 3.15
v 8.345898 106.735512 3.15
v 65.25 106.900002 3.15
v 65.245895 107.064491 3.15
v 65.233604 107.228577 3.15
v 65.213142 107.391838 3.15
v 65.18457 107.553879 3.15
v 65.147957 107.714302 3.15
v 65.103394 107.872688 3.15
v 65.050987 108.028664 3.15
v 64.990875 108.181831 3.15
v 64.923195 108.331818 3.15
v 64.848129 108.478241 3.15
v 64.765862 108.620735 3.15
v 64.67659 108.758957 3.15
v 64.580536 108.892555 3.15
v 64.477943 109.021202 3.15
v 64.369072 109.144569 3.15
v 64.254181 109.26236 3.15
v 64.13356 109.374275 3.15
v 64.007515 109.480042 3.15
v 63.876354 109.579399 3.15
v 63.740402 109.672089 3.15
v 63.599998 109.757881 3.15
v 63.455494 109.836578 3.15
v 63.307247 109.907967 3.15
v 63.155624 109.971886 3.15
v 63.001007 110.02816 3.15
v 62.843773 110.07666 3.15
v 62.684319 110.117264 3.15
v 62.523041 110.149864 3.15
v 62.360332 110.174393 3.15
v 62.196609 110.190773 3.15
v 62.032272 110.198975 3.15
v 61.867729 110.198975 3.15
v 61.703392 110.190773 3.15
v 61.539665 110.174393 3.15
v 61.376961 110.149864 3.15
v 61.215679 110.117264 3.15
v 61.056225 110.07666 3.15
v 60.898994 110.02816 3.15
v 60.744373 109.971886 3.15
v 60.592754 109.907967 3.15
v 60.444504 109.836578 3.15
v 60.299999 109.757881 3.15
v 60.159595 109.672089 3.15
v 60.023647 109.579399 3.15
v 59.892483 109.480042 3.15
v 59.766438 109.374275 3.15
v 59.645817 109.26236 3.15
v 59.53093 109.144569 3.15
v 59.422054 109.021202 3.15
v 59.319462 108.892555 3.15
v 59.223412 108.758957 3.15
v 59.13414 108.620735 3.15
v 59.051868 108.478241 3.15
v 58.976803 108.331818 3.15
v 58.90913 108.181831 3.15
v 58.849014 108.028664 3.15
v 58.796608 107.872688 3.15
v 58.752045 107.714302 3.15
v 58.715431 107.553879 3.15
v 58.686859 107.391838 3.15
v 58.666397 107.228577 3.15
v 58.654102 107.064491 3.15
v 58.650002 106.900002 3.15
v 58.654102 106.735512 3.15
v 58.666397 106.571426 3.15
v 58.686859 106.408157 3.15
v 58.715431 106.246117 3.15
v 58.752045 106.085701 3.15
v 58.796608 105.927307 3.15
v 58.849014 105.771332 3.15
v 58.90913 105.618164 3.15
v 58.976803 105.468185 3.15
v 59.051868 105.321762 3.15
v 59.13414 105.17926 3.15
v 59.223412 105.041046 3.15
v 59.319462 104.907448 3.15
v 59.422054 104.778801 3.15
v 59.53093 104.655434 3.15
v 59.645817 104.537636 3.15
v 59.766438 104.42572 3.15
v 59.892483 104.319954 3.15
v 60.023647 104.220604 3.15
v 60.159595 104.127914 3.15
v 60.299999 104.042114 3.15
v 60.444504 103.963425 3.15
v 60.592754 103.892029 3.15
v 60.744373 103.828117 3.15
v 60.898994 103.771843 3.15
v 61.056225 103.723343 3.15
v 61.215679 103.682739 3.15
v 61.376961 103.650131 3.15
v 61.539665 103.62561 3.15
v 61.703392 103.60923 3.15
v 61.867729 103.601028 3.15
v 62.032272 103.601028 3.15
v 62.196609 103.60923 3.15
v 62.360332 103.62561 3.15
v 62.523041 103.650131 3.15
v 62.684319 103.682739 3.15
v 62.843773 103.723343 3.15
v 63.001007 103.771843 3.15
v 63.155624 103.828117 3.15
v 63.307247 103.892029 3.15
v 63.455494 103.963425 3.15
v 63.599998 104.042114 3.15
v 63.740402 104.127914 3.15
v 63.876354 104.220604 3.15
v 64.007515 104.319954 3.15
v 64.13356 104.42572 3.15
v 64.254181 104.537636 3.15
v 64.369072 104.655434 3.15
v 64.477943 104.778801 3.15
v 64.580536 104.907448 3.15
v 64.67659 105.041046 3.15
v 64.765862 105.17926 3.15
v 64.848129 105.321762 3.15
v 64.923195 105.468185 3.15
v 64.990875 105.618164 3.15
v 65.050987 105.771332 3.15
v 65.103394 105.927307 3.15
v 65.147957 106.085701 3.15
v 65.18457 106.246117 3.15
v 65.213142 106.408157 3.15
v 65.233604 106.571426 3.15
v 65.245895 106.735512 3.15
v 3.15 105.17926 25.065861
v 3.15 107.064491 25.545898
v 3.15 106.735512 25.545898
v 3.15 106.408157 25.513142
v 3.15 103.650131 21.676962
v 3.15 107.553879 25.48457
v 3.15 107.714302 25.447954
v 3.15 108.181831 25.290871
v 3.15 107.872688 25.403391
v 3.15 103.892029 20.892752
v 3.15 108.620735 25.065861
v 3.15 108.331818 25.223198
v 3.15 103.963425 20.744505
v 3.15 104.220604 20.323647
v 3.15 109.021202 24.777946
v 3.15 108.892555 24.880537
v 3.15 109.374275 24.433563
v 3.15 110.174393 21.839666
v 3.15 110.149864 21.676962
v 3.15 110.07666 21.356226
v 3.15 110.117264 21.51568
v 3.15 109.757881 20.6
v 0.55 41.292484 33.659863
v 0.55 47.659927 38.737732
v 0.55 55.599998 40.549999
v 0.55 68.047157 35.664848
v 0.55 69.907516 33.659863
v 0.55 44.550381 7.662475
v 0.55 46.057735 6.634777
v 0.55 71.884651 30.598656
v 0.55 60.115662 4.515886
v 0.55 65.142265 6.634777
v 0.55 66.64962 7.662475
v 3.15 1.719956 24.307516
v 3.15 2.721762 25.14813
v 3.15 3.171334 25.350986
v 3.15 3.327308 25.403391
v 3.15 3.485701 25.447954
v 3.15 2.579264 25.065861
v 3.15 1.937639 24.554182
v 3.15 4.464491 25.545898
v 3.15 3.971426 25.533602
v 3.15 4.79184 25.513142
v 3.15 1.025611 21.839666
v 3.15 4.953882 25.48457
v 3.15 5.114299 25.447954
v 3.15 1.082738 21.51568
v 3.15 5.428667 25.350986
v 3.15 5.581835 25.290871
v 3.15 1.292031 20.892752
v 3.15 1.228117 21.044374
v 3.15 6.020736 25.065861
v 3.15 5.731816 25.223198
v 3.15 1.527914 20.459597
v 3.15 1.363423 20.744505
v 3.15 1.442116 20.6
v 3.15 6.158956 24.976587
v 3.15 1.620605 20.323647
v 3.15 6.421199 24.777946
v 3.15 6.292554 24.880537
v 3.15 6.662361 24.554182
v 3.15 6.54457 24.669071
v 3.15 6.774278 24.433563
v 3.15 7.574389 21.839666
v 3.15 7.47666 21.356226
v 3.15 7.517262 21.51568
v 3.15 7.42816 21.198994
v 3.15 7.072085 20.459597
v 3.15 7.236577 20.744505
v 3.15 6.979395 20.323647
v 66.0 8.6 4.5
v 1.0 8.6 4.5
v 63.849998 106.900002 25.549999
v 63.849998 107.064491 25.545898
v 63.849998 107.228577 25.533602
v 63.849998 107.391838 25.513142
v 63.849998 107.553879 25.48457
v 63.849998 107.714302 25.447954
v 63.849998 107.872688 25.403391
v 63.849998 108.028664 25.350986
v 63.849998 108.181831 25.290871
v 63.849998 108.331818 25.223198
v 63.849998 108.478241 25.14813
v 63.849998 108.620735 25.065861
v 63.849998 108.758957 24.976587
v 63.849998 108.892555 24.880537
v 63.849998 109.021202 24.777946
v 63.849998 109.144569 24.669071
v 63.849998 109.26236 24.554182
v 63.849998 109.374275 24.433563
v 63.849998 109.480042 24.307516
v 63.849998 109.579399 24.176353
v 63.849998 109.672089 24.040403
v 63.849998 109.757881 23.9
v 63.849998 109.836578 23.755495
v 63.849998 109.907967 23.607248
v 63.849998 109.971886 23.455626
v 63.849998 110.02816 23.301006
v 63.849998 110.07666 23.143774
v 63.849998 110.117264 22.98432
v 63.849998 110.149864 22.823038
v 63.849998 110.174393 22.660334
v 63.849998 110.190773 22.496609
v 63.849998 110.198975 22.332272
v 63.849998 110.198975 22.167728
v 63.849998 110.190773 22.003391
v 63.849998 110.174393 21.839666
v 63.849998 110.149864 21.676962
v 63.849998 110.117264 21.51568
v 63.849998 110.07666 21.356226
v 63.849998 110.02816 21.198994
v 63.849998 109.971886 21.044374
v 63.849998 109.907967 20.892752
v 63.849998 109.836578 20.744505
v 63.849998 109.757881 20.6
v 63.849998 109.672089 20.459597
v 63.849998 109.579399 20.323647
v 63.849998 109.480042 20.192484
v 63.849998 109.374275 20.066437
v 63.849998 109.26236 19.945818
v 63.849998 109.144569 19.830929
v 63.849998 109.021202 19.722054
v 63.849998 108.892555 19.619463
v 63.849998 108.758957 19.523413
v 63.849998 108.620735 19.434139
v 63.849998 108.478241 19.35187
v 63.849998 108.331818 19.276802
v 63.849998 108.181831 19.209129
v 63.849998 108.028664 19.149014
v 63.849998 107.872688 19.096609
v 63.849998 107.714302 19.052046
v 63.849998 107.553879 19.01543
v 63.849998 107.391838 18.986858
v 63.849998 107.228577 18.966398
v 63.849998 107.064491 18.954102
v 63.849998 106.900002 18.950001
v 63.849998 106.735512 18.954102
v 63.849998 106.571426 18.966398
v 63.849998 106.408157 18.986858
v 63.849998 106.246117 19.01543
v 63.849998 106.085701 19.052046
v 63.849998 105.927307 19.096609
v 63.849998 105.771332 19.149014
v 63.849998 105.618164 19.209129
v 63.849998 105.468185 19.276802
v 63.849998 105.321762 19.35187
v 63.849998 105.17926 19.434139
v 63.849998 105.041046 19.523413
v 63.849998 104.907448 19.619463
v 63.849998 104.778801 19.722054
v 63.849998 104.655434 19.830929
v 63.849998 104.537636 19.945818
v 63.849998 104.42572 20.066437
v 63.849998 104.319954 20.192484
v 63.849998 104.220604 20.323647
v 63.849998 104.127914 20.459597
v 63.849998 104.042114 20.6
v 63.849998 103.963425 20.744505
v 63.849998 103.892029 20.892752
v 63.849998 103.828117 21.044374
v 63.849998 103.771843 21.198994
v 63.849998 103.723343 21.356226
v 63.849998 103.682739 21.51568
v 63.849998 103.650131 21.676962
v 63.849998 103.62561 21.839666
v 63.849998 103.60923 22.003391
v 63.849998 103.601028 22.167728
v 63.849998 103.601028 22.332272
v 63.849998 103.60923 22.496609
v 63.849998 103.62561 22.660334
v 63.849998 103.650131 22.823038
v 63.849998 103.682739 22.98432
v 63.849998 103.723343 23.143774
v 63.849998 103.771843 23.301006
v 63.849998 103.828117 23.455626
v 63.849998 103.892029 23.607248
v 63.849998 103.963425 23.755495
v 63.849998 104.042114 23.9
v 63.849998 104.127914 24.040403
v 63.849998 104.220604 24.176353
v 63.849998 104.319954 24.307516
v 63.849998 104.42572 24.433563
v 63.849998 104.537636 24.554182
v 63.849998 104.655434 24.669071
v 63.849998 104.778801 24.777946
v 63.849998 104.907448 24.880537
v 63.849998 105.041046 24.976587
v 63.849998 105.17926 25.065861
v 63.849998 105.321762 25.14813
v 63.849998 105.468185 25.223198
v 63.849998 105.618164 25.290871
v 63.849998 105.771332 25.350986
v 63.849998 105.927307 25.403391
v 63.849998 106.085701 25.447954
v 63.849998 106.246117 25.48457
v 63.849998 106.408157 25.513142
v 63.849998 106.571426 25.533602
v 63.849998 106.735512 25.545898
v 66.449997 55.599998 40.549999
v 66.449997 56.51218 40.527252
v 66.449997 57.422092 40.459064
v 66.449997 58.327473 40.345604
v 66.449997 59.226074 40.187157
v 66.449997 60.115662 39.984116
v 66.449997 60.994019 39.736984
v 66.449997 61.858967 39.446377
v 66.449997 62.708355 39.113014
v 66.449997 63.540073 38.737732
v 66.449997 64.352051 38.321453
v 66.449997 65.142265 37.865223
v 66.449997 65.90876 37.370171
v 66.449997 66.64962 36.837524
v 66.449997 67.363014 36.268612
v 66.449997 68.047157 35.664848
v 66.449997 68.700363 35.027733
v 66.449997 69.320999 34.358852
v 66.449997 69.907516 33.659863
v 66.449997 70.458466 32.93251
v 66.449997 70.972473 32.178596
v 66.449997 71.448265 31.4
v 66.449997 71.884651 30.598656
v 66.449997 72.280556 29.776554
v 66.449997 72.634987 28.935741
v 66.449997 72.947067 28.078306
v 66.449997 73.216026 27.206381
v 66.449997 73.441177 26.322134
v 66.449997 73.621979 25.427761
v 66.449997 73.75798 24.52549
v 66.449997 73.848831 23.617561
v 66.449997 73.89431 22.706232
v 66.449997 73.89431 21.793768
v 66.449997 73.848831 20.882439
v 66.449997 73.75798 19.97451
v 66.449997 73.621979 19.072239
v 66.449997 73.441177 18.177866
v 66.449997 73.216026 17.293619
v 66.449997 72.947067 16.421694
v 66.449997 72.634987 15.56426
v 66.449997 72.280556 14.723446
v 66.449997 71.884651 13.901345
v 66.449997 71.448265 13.1
v 66.449997 70.972473 12.321404
v 66.449997 70.458466 11.567491
v 66.449997 69.907516 10.840137
v 66.449997 69.320999 10.14115
v 66.449997 68.700363 9.472266
v 66.449997 68.047157 8.835151
v 66.449997 67.363014 8.231387
v 66.449997 66.64962 7.662475
v 66.449997 65.90876 7.12983
v 66.449997 65.142265 6.634777
v 66.449997 64.352051 6.178545
v 66.449997 63.540073 5.762269
v 66.449997 62.708355 5.386985
v 66.449997 61.858967 5.053625
v 66.449997 60.994019 4.763018
v 66.449997 60.115662 4.515886
v 66.449997 59.226074 4.312843
v 66.449997 58.327473 4.154396
v 66.449997 57.422092 4.040937
v 66.449997 56.51218 3.972748
v 66.449997 55.599998 3.95
v 66.449997 54.68782 3.972748
v 66.449997 53.777908 4.040937
v 66.449997 52.872528 4.154396
v 66.449997 51.973927 4.312843
v 66.449997 51.084339 4.515886
v 66.449997 50.205982 4.763018
v 66.449997 49.34103 5.053625
v 66.449997 48.491642 5.386985
v 66.449997 47.659927 5.762269
v 66.449997 46.847954 6.178545
v 66.449997 46.057735 6.634777
v 66.449997 45.291245 7.12983
v 66.449997 44.550381 7.662475
v 66.449997 43.836987 8.231387
v 66.449997 43.15284 8.835151
v 66.449997 42.499638 9.472266
v 66.449997 41.879005 10.14115
v 66.449997 41.292484 10.840137
v 66.449997 40.741535 11.567491
v 66.449997 40.227524 12.321404
v 66.449997 39.751736 13.1
v 66.449997 39.315346 13.901345
v 66.449997 38.919441 14.723446
v 66.449997 38.56501 15.56426
v 66.449997 38.25293 16.421694
v 66.449997 37.983974 17.293619
v 66.449997 37.75882 18.177866
v 66.449997 37.578018 19.072239
v 66.449997 37.442024 19.97451
v 66.449997 37.35117 20.882439
v 66.449997 37.305687 21.793768
v 66.449997 37.305687 22.706232
v 66.449997 37.35117 23.617561
v 66.449997 37.442024 24.52549
v 66.449997 37.578018 25.427761
v 66.449997 37.75882 26.322134
v 66.449997 37.983974 27.206381
v 66.449997 38.25293 28.078306
v 66.449997 38.56501 28.935741
v 66.449997 38.919441 29.776554
v 66.449997 39.315346 30.598656
v 66.449997 39.751736 31.4
v 66.449997 40.227524 32.178596
v 66.449997 40.741535 32.93251
v 66.449997 41.292484 33.659863
v 66.449997 41.879005 34.358852
v 66.449997 42.499638 35.027733
v 66.449997 43.15284 35.664848
v 66.449997 43.836987 36.268612
v 66.449997 44.550381 36.837524
v 66.449997 45.291245 37.370171
v 66.449997 46.057735 37.865223
v 66.449997 46.847954 38.321453
v 66.449997 47.659927 38.737732
v 66.449997 48.491642 39.113014
v 66.449997 49.34103 39.446377
v 66.449997 50.205982 39.736984
v 66.449997 51.084339 39.984116
v 66.449997 51.973927 40.187157
v 66.449997 52.872528 40.345604
v 66.449997 53.777908 40.459064
v 66.449997 54.68782 40.527252
v 63.849998 4.3 25.549999
v 63.849998 4.464491 25.545898
v 63.849998 4.628574 25.533602
v 63.849998 4.79184 25.513142
v 63.849998 4.953882 25.48457
v 63.849998 5.114299 25.447954
v 63.849998 5.272692 25.403391
v 63.849998 5.428667 25.350986
v 63.849998 5.581835 25.290871
v 63.849998 5.731816 25.223198
v 63.849998 5.878238 25.14813
v 63.849998 6.020736 25.065861
v 63.849998 6.158956 24.976587
v 63.849998 6.292554 24.880537
v 63.849998 6.421199 24.777946
v 63.849998 6.54457 24.669071
v 63.849998 6.662361 24.554182
v 63.849998 6.774278 24.433563
v 63.849998 6.880044 24.307516
v 63.849998 6.979395 24.176353
v 63.849998 7.072085 24.040403
v 63.849998 7.157884 23.9
v 63.849998 7.236577 23.755495
v 63.849998 7.307969 23.607248
v 63.849998 7.371883 23.455626
v 63.849998 7.42816 23.301006
v 63.849998 7.47666 23.143774
v 63.849998 7.517262 22.98432
v 63.849998 7.549866 22.823038
v 63.849998 7.574389 22.660334
v 63.849998 7.590773 22.496609
v 63.849998 7.598974 22.332272
v 63.849998 7.598974 22.167728
v 63.849998 7.590773 22.003391
v 63.849998 7.574389 21.839666
v 63.849998 7.549866 21.676962
v 63.849998 7.517262 21.51568
v 63.849998 7.47666 21.356226
v 63.849998 7.42816 21.198994
v 63.849998 7.371883 21.044374
v 63.849998 7.307969 20.892752
v 63.849998 7.236577 20.744505
v 63.849998 7.157884 20.6
v 63.849998 7.072085 20.459597
v 63.849998 6.979395 20.323647
v 63.849998 6.880044 20.192484
v 63.849998 6.774278 20.066437
v 63.849998 6.662361 19.945818
v 63.849998 6.54457 19.830929
v 63.849998 6.421199 19.722054
v 63.849998 6.292554 19.619463
v 63.849998 6.158956 19.523413
v 63.849998 6.020736 19.434139
v 63.849998 5.878238 19.35187
v 63.849998 5.731816 19.276802
v 63.849998 5.581835 19.209129
v 63.849998 5.428667 19.149014
v 63.849998 5.272692 19.096609
v 63.849998 5.114299 19.052046
v 63.849998 4.953882 19.01543
v 63.849998 4.79184 18.986858
v 63.849998 4.628574 18.966398
v 63.849998 4.464491 18.954102
v 63.849998 4.3 18.950001
v 63.849998 4.135509 18.954102
v 63.849998 3.971426 18.966398
v 63.849998 3.808161 18.986858
v 63.849998 3.646118 19.01543
v 63.849998 3.485701 19.052046
v 63.849998 3.327308 19.096609
v 63.849998 3.171334 19.149014
v 63.849998 3.018165 19.209129
v 63.849998 2.868184 19.276802
v 63.849998 2.721762 19.35187
v 63.849998 2.579264 19.434139
v 63.849998 2.441044 19.523413
v 63.849998 2.307446 19.619463
v 63.849998 2.178801 19.722054
v 63.849998 2.05543 19.830929
v 63.849998 1.937639 19.945818
v 63.849998 1.825722 20.066437
v 63.849998 1.719956 20.192484
v 63.849998 1.620605 20.323647
v 63.849998 1.527914 20.459597
v 63.849998 1.442116 20.6
v 63.849998 1.363423 20.744505
v 63.849998 1.292031 20.892752
v 63.849998 1.228117 21.044374
v 63.849998 1.17184 21.198994
v 63.849998 1.12334 21.356226
v 63.849998 1.082738 21.51568
v 63.849998 1.050134 21.676962
v 63.849998 1.025611 21.839666
v 63.849998 1.009228 22.003391
v 63.849998 1.001026 22.167728
v 63.849998 1.001026 22.332272
v 63.849998 1.009228 22.496609
v 63.849998 1.025611 22.660334
v 63.849998 1.050134 22.823038
v 63.849998 1.082738 22.98432
v 63.849998 1.12334 23.143774
v 63.849998 1.17184 23.301006
v 63.849998 1.228117 23.455626
v 63.849998 1.292031 23.607248
v 63.849998 1.363423 23.755495
v 63.849998 1.442116 23.9
v 63.849998 1.527914 24.040403
v 63.849998 1.620605 24.176353
v 63.849998 1.719956 24.307516
v 63.849998 1.825722 24.433563
v 63.849998 1.937639 24.554182
v 63.849998 2.05543 24.669071
v 63.849998 2.178801 24.777946
v 63.849998 2.307446 24.880537
v 63.849998 2.441044 24.976587
v 63.849998 2.579264 25.065861
v 63.849998 2.721762 25.14813
v 63.849998 2.868184 25.223198
v 63.849998 3.018165 25.290871
v 63.849998 3.171334 25.350986
v 63.849998 3.327308 25.403391
v 63.849998 3.485701 25.447954
v 63.849998 3.646118 25.48457
v 63.849998 3.808161 25.513142
v 63.849998 3.971426 25.533602
v 63.849998 4.135509 25.545898
v 1.0 98.599998 4.5
v 66.0 98.599998 4.5
v 8.35 4.3 41.5
v 8.345898 4.464491 41.5
v 8.333602 4.628574 41.5
v 8.313142 4.79184 41.5
v 8.284569 4.953882 41.5
v 8.247955 5.114299 41.5
v 8.20339 5.272692 41.5
v 8.150986 5.428667 41.5
v 8.090872 5.581835 41.5
v 8.023197 5.731816 41.5
v 7.948131 5.878238 41.5
v 7.86586 6.020736 41.5
v 7.776588 6.158956 41.5
v 7.680537 6.292554 41.5
v 7.577947 6.421199 41.5
v 7.469071 6.54457 41.5
v 7.354181 6.662361 41.5
v 7.233563 6.774278 41.5
v 7.107516 6.880044 41.5
v 6.976354 6.979395 41.5
v 6.840403 7.072085 41.5
v 6.7 7.157884 41.5
v 6.555495 7.236577 41.5
v 6.407248 7.307969 41.5
v 6.255625 7.371883 41.5
v 6.101006 7.42816 41.5
v 5.943774 7.47666 41.5
v 5.784319 7.517262 41.5
v 5.623039 7.549866 41.5
v 5.460334 7.574389 41.5
v 5.296609 7.590773 41.5
v 5.132271 7.598974 41.5
v 4.967729 7.598974 41.5
v 4.803391 7.590773 41.5
v 4.639666 7.574389 41.5
v 4.476961 7.549866 41.5
v 4.315681 7.517262 41.5
v 4.156227 7.47666 41.5
v 3.998994 7.42816 41.5
v 3.844375 7.371883 41.5
v 3.692753 7.307969 41.5
v 3.544505 7.236577 41.5
v 3.4 7.157884 41.5
v 3.259597 7.072085 41.5
v 3.123646 6.979395 41.5
v 2.992484 6.880044 41.5
v 2.866437 6.774278 41.5
v 2.745819 6.662361 41.5
v 2.630929 6.54457 41.5
v 2.522053 6.421199 41.5
v 2.419463 6.292554 41.5
v 2.323412 6.158956 41.5
v 2.23414 6.020736 41.5
v 2.151869 5.878238 41.5
v 2.076803 5.731816 41.5
v 2.009129 5.581835 41.5
v 1.949014 5.428667 41.5
v 1.89661 5.272692 41.5
v 1.852045 5.114299 41.5
v 1.815431 4.953882 41.5
v 1.786858 4.79184 41.5
v 1.766398 4.628574 41.5
v 1.754102 4.464491 41.5
v 1.75 4.3 41.5
v 1.754102 4.135509 41.5
v 1.766398 3.971426 41.5
v 1.786858 3.808161 41.5
v 1.815431 3.646118 41.5
v 1.852045 3.485701 41.5
v 1.89661 3.327308 41.5
v 1.949014 3.171334 41.5
v 2.009129 3.018165 41.5
v 2.076803 2.868184 41.5
v 2.151869 2.721762 41.5
v 2.23414 2.579264 41.5
v 2.323412 2.441044 41.5
v 2.419463 2.307446 41.5
v 2.522053 2.178801 41.5
v 2.630929 2.05543 41.5
v 2.745819 1.937639 41.5
v 2.866437 1.825722 41.5
v 2.992484 1.719956 41.5
v 3.123646 1.620605 41.5
v 3.259597 1.527914 41.5
v 3.4 1.442116 41.5
v 3.544505 1.363423 41.5
v 3.692753 1.292031 41.5
v 3.844375 1.228117 41.5
v 3.998994 1.17184 41.5
v 4.156227 1.12334 41.5
v 4.315681 1.082738 41.5
v 4.476961 1.050134 41.5
v 4.639666 1.025611 41.5
v 4.803391 1.009228 41.5
v 4.967729 1.001026 41.5
v 5.132271 1.001026 41.5
v 5.296609 1.009228 41.5
v 5.460334 1.025611 41.5
v 5.623039 1.050134 41.5
v 5.784319 1.082738 41.5
v 5.943774 1.12334 41.5
v 6.101006 1.17184 41.5
v 6.255625 1.228117 41.5
v 6.407248 1.292031 41.5
v 6.555495 1.363423 41.5
v 6.7 1.442116 41.5
v 6.840403 1.527914 41.5
v 6.976354 1.620605 41.5
v 7.107516 1.719956 41.5
v 7.233563 1.825722 41.5
v 7.354181 1.937639 41.5
v 7.469071 2.05543 41.5
v 7.577947 2.178801 41.5
v 7.680537 2.307446 41.5
v 7.776588 2.441044 41.5
v 7.86586 2.579264 41.5
v 7.948131 2.721762 41.5
v 8.023197 2.868184 41.5
v 8.090872 3.018165 41.5
v 8.150986 3.171334 41.5
v 8.20339 3.327308 41.5
v 8.247955 3.485701 41.5
v 8.284569 3.646118 41.5
v 8.313142 3.808161 41.5
v 8.333602 3.971426 41.5
v 8.345898 4.135509 41.5
v 65.25 4.3 41.5
v 65.245895 4.464491 41.5
v 65.233604 4.628574 41.5
v 65.213142 4.79184 41.5
v 65.18457 4.953882 41.5
v 65.147957 5.114299 41.5
v 65.103394 5.272692 41.5
v 65.050987 5.428667 41.5
v 64.990875 5.581835 41.5
v 64.923195 5.731816 41.5
v 64.848129 5.878238 41.5
v 64.765862 6.020736 41.5
v 64.67659 6.158956 41.5
v 64.580536 6.292554 41.5
v 64.477943 6.421199 41.5
v 64.369072 6.54457 41.5
v 64.254181 6.662361 41.5
v 64.13356 6.774278 41.5
v 64.007515 6.880044 41.5
v 63.876354 6.979395 41.5
v 63.740402 7.072085 41.5
v 63.599998 7.157884 41.5
v 63.455494 7.236577 41.5
v 63.307247 7.307969 41.5
v 63.155624 7.371883 41.5
v 63.001007 7.42816 41.5
v 62.843773 7.47666 41.5
v 62.684319 7.517262 41.5
v 62.523041 7.549866 41.5
v 62.360332 7.574389 41.5
v 62.196609 7.590773 41.5
v 62.032272 7.598974 41.5
v 61.867729 7.598974 41.5
v 61.703392 7.590773 41.5
v 61.539665 7.574389 41.5
v 61.376961 7.549866 41.5
v 61.215679 7.517262 41.5
v 61.056225 7.47666 41.5
v 60.898994 7.42816 41.5
v 60.744373 7.371883 41.5
v 60.592754 7.307969 41.5
v 60.444504 7.236577 41.5
v 60.299999 7.157884 41.5
v 60.159595 7.072085 41.5
v 60.023647 6.979395 41.5
v 59.892483 6.880044 41.5
v 59.766438 6.774278 41.5
v 59.645817 6.662361 41.5
v 59.53093 6.54457 41.5
v 59.422054 6.421199 41.5
v 59.319462 6.292554 41.5
v 59.223412 6.158956 41.5
v 59.13414 6.020736 41.5
v 59.051868 5.878238 41.5
v 58.976803 5.731816 41.5
v 58.90913 5.581835 41.5
v 58.849014 5.428667 41.5
v 58.796608 5.272692 41.5
v 58.752045 5.114299 41.5
v 58.715431 4.953882 41.5
v 58.686859 4.79184 41.5
v 58.666397 4.628574 41.5
v 58.654102 4.464491 41.5
v 58.650002 4.3 41.5
v 58.654102 4.135509 41.5
v 58.666397 3.971426 41.5
v 58.686859 3.808161 41.5
v 58.715431 3.646118 41.5
v 58.752045 3.485701 41.5
v 58.796608 3.327308 41.5
v 58.849014 3.171334 41.5
v 58.90913 3.018165 41.5
v 58.976803 2.868184 41.5
v 59.051868 2.721762 41.5
v 59.13414 2.579264 41.5
v 59.223412 2.441044 41.5
v 59.319462 2.307446 41.5
v 59.422054 2.178801 41.5
v 59.53093 2.05543 41.5
v 59.645817 1.937639 41.5
v 59.766438 1.825722 41.5
v 59.892483 1.719956 41.5
v 60.023647 1.620605 41.5
v 60.159595 1.527914 41.5
v 60.299999 1.442116 41.5
v 60.444504 1.363423 41.5
v 60.592754 1.292031 41.5
v 60.744373 1.228117 41.5
v 60.898994 1.17184 41.5
v 61.056225 1.12334 41.5
v 61.215679 1.082738 41.5
v 61.376961 1.050134 41.5
v 61.539665 1.025611 41.5
v 61.703392 1.009228 41.5
v 61.867729 1.001026 41.5
v 62.032272 1.001026 41.5
v 62.196609 1.009228 41.5
v 62.360332 1.025611 41.5
v 62.523041 1.050134 41.5
v 62.684319 1.082738 41.5
v 62.843773 1.12334 41.5
v 63.001007 1.17184 41.5
v 63.155624 1.228117 41.5
v 63.307247 1.292031 41.5
v 63.455494 1.363423 41.5
v 63.599998 1.442116 41.5
v 63.740402 1.527914 41.5
v 63.876354 1.620605 41.5
v 64.007515 1.719956 41.5
v 64.13356 1.825722 41.5
v 64.254181 1.937639 41.5
v 64.369072 2.05543 41.5
v 64.477943 2.178801 41.5
v 64.580536 2.307446 41.5
v 64.67659 2.441044 41.5
v 64.765862 2.579264 41.5
v 64.848129 2.721762 41.5
v 64.923195 2.868184 41.5
v 64.990875 3.018165 41.5
v 65.050987 3.171334 41.5
v 65.103394 3.327308 41.5
v 65.147957 3.485701 41.5
v 65.18457 3.646118 41.5
v 65.213142 3.808161 41.5
v 65.233604 3.971426 41.5
v 65.245895 4.135509 41.5
v 8.35 106.900002 41.5
v 8.345898 107.064491 41.5
v 8.333602 107.228577 41.5
v 8.313142 107.391838 41.5
v 8.284569 107.553879 41.5
v 8.247955 107.714302 41.5
v 8.20339 107.872688 41.5
v 8.150986 108.028664 41.5
v 8.090872 108.181831 41.5
v 8.023197 108.331818 41.5
v 7.948131 108.478241 41.5
v 7.86586 108.620735 41.5
v 7.776588 108.758957 41.5
v 7.680537 108.892555 41.5
v 7.577947 109.021202 41.5
v 7.469071 109.144569 41.5
v 7.354181 109.26236 41.5
v 7.233563 109.374275 41.5
v 7.107516 109.480042 41.5
v 6.976354 109.579399 41.5
v 6.840403 109.672089 41.5
v 6.7 109.757881 41.5
v 6.555495 109.836578 41.5
v 6.407248 109.907967 41.5
v 6.255625 109.971886 41.5
v 6.101006 110.02816 41.5
v 5.943774 110.07666 41.5
v 5.784319 110.117264 41.5
v 5.623039 110.149864 41.5
v 5.460334 110.174393 41.5
v 5.296609 110.190773 41.5
v 5.132271 110.198975 41.5
v 4.967729 110.198975 41.5
v 4.803391 110.190773 41.5
v 4.639666 110.174393 41.5
v 4.476961 110.149864 41.5
v 4.315681 110.117264 41.5
v 4.156227 110.07666 41.5
v 3.998994 110.02816 41.5
v 3.844375 109.971886 41.5
v 3.692753 109.907967 41.5
v 3.544505 109.836578 41.5
v 3.4 109.757881 41.5
v 3.259597 109.672089 41.5
v 3.123646 109.579399 41.5
v 2.992484 109.480042 41.5
v 2.866437 109.374275 41.5
v 2.745819 109.26236 41.5
v 2.630929 109.144569 41.5
v 2.522053 109.021202 41.5
v 2.419463 108.892555 41.5
v 2.323412 108.758957 41.5
v 2.23414 108.620735 41.5
v 2.151869 108.478241 41.5
v 2.076803 108.331818 41.5
v 2.009129 108.181831 41.5
v 1.949014 108.028664 41.5
v 1.89661 107.872688 41.5
v 1.852045 107.714302 41.5
v 1.815431 107.553879 41.5
v 1.786858 107.391838 41.5
v 1.766398 107.228577 41.5
v 1.754102 107.064491 41.5
v 1.75 106.900002 41.5
v 1.754102 106.735512 41.5
v 1.766398 106.571426 41.5
v 1.786858 106.408157 41.5
v 1.815431 106.246117 41.5
v 1.852045 106.085701 41.5
v 1.89661 105.927307 41.5
v 1.949014 105.771332 41.5
v 2.009129 105.618164 41.5
v 2.076803 105.468185 41.5
v 2.151869 105.321762 41.5
v 2.23414 105.17926 41.5
v 2.323412 105.041046 41.5
v 2.419463 104.907448 41.5
v 2.522053 104.778801 41.5
v 2.630929 104.655434 41.5
v 2.745819 104.537636 41.5
v 2.866437 104.42572 41.5
v 2.992484 104.319954 41.5
v 3.123646 104.220604 41.5
v 3.259597 104.127914 41.5
v 3.4 104.042114 41.5
v 3.544505 103.963425 41.5
v 3.692753 103.892029 41.5
v 3.844375 103.828117 41.5
v 3.998994 103.771843 41.5
v 4.156227 103.723343 41.5
v 4.315681 103.682739 41.5
v 4.476961 103.650131 41.5
v 4.639666 103.62561 41.5
v 4.803391 103.60923 41.5
v 4.967729 103.601028 41.5
v 5.132271 103.601028 41.5
v 5.296609 103.60923 41.5
v 5.460334 103.62561 41.5
v 5.623039 103.650131 41.5
v 5.784319 103.682739 41.5
v 5.943774 103.723343 41.5
v 6.101006 103.771843 41.5
v 6.255625 103.828117 41.5
v 6.407248 103.892029 41.5
v 6.555495 103.963425 41.5
v 6.7 104.042114 41.5
v 6.840403 104.127914 41.5
v 6.976354 104.220604 41.5
v 7.107516 104.319954 41.5
v 7.233563 104.42572 41.5
v 7.354181 104.537636 41.5
v 7.469071 104.655434 41.5
v 7.577947 104.778801 41.5
v 7.680537 104.907448 41.5
v 7.776588 105.041046 41.5
v 7.86586 105.17926 41.5
v 7.948131 105.321762 41.5
v 8.023197 105.468185 41.5
v 8.090872 105.618164 41.5
v 8.150986 105.771332 41.5
v 8.20339 105.927307 41.5
v 8.247955 106.085701 41.5
v 8.284569 106.246117 41.5
v 8.313142 106.408157 41.5
v 8.333602 106.571426 41.5
v 8.345898 106.735512 41.5
v 38.799999 104.900002 44.099998
v 38.793411 105.164185 44.099998
v 38.773663 105.427711 44.099998
v 38.740803 105.689926 44.099998
v 38.694916 105.950172 44.099998
v 38.636108 106.207817 44.099998
v 38.564537 106.462204 44.099998
v 38.48037 106.712708 44.099998
v 38.383823 106.958702 44.099998
v 38.275135 107.199585 44.099998
v 38.154575 107.434746 44.099998
v 38.022442 107.663605 44.099998
v 37.879066 107.885597 44.099998
v 37.724804 108.100166 44.099998
v 37.560036 108.306778 44.099998
v 37.385174 108.504913 44.099998
v 37.200657 108.694092 44.099998
v 37.006935 108.87384 44.099998
v 36.804497 109.043709 44.099998
v 36.593842 109.20327 44.099998
v 36.375496 109.352135 44.099998
v 36.150002 109.489937 44.099998
v 35.917915 109.616318 44.099998
v 35.679821 109.73098 44.099998
v 35.436306 109.833633 44.099998
v 35.187981 109.924011 44.099998
v 34.935455 110.001907 44.099998
v 34.679359 110.067116 44.099998
v 34.420334 110.119484 44.099998
v 34.159023 110.158867 44.099998
v 33.896069 110.185181 44.099998
v 33.632133 110.198349 44.099998
v 33.367867 110.198349 44.099998
v 33.103931 110.185181 44.099998
v 32.840977 110.158867 44.099998
v 32.579666 110.119484 44.099998
v 32.320641 110.067116 44.099998
v 32.064545 110.001907 44.099998
v 31.812021 109.924011 44.099998
v 31.563692 109.833633 44.099998
v 31.320179 109.73098 44.099998
v 31.082083 109.616318 44.099998
v 30.85 109.489937 44.099998
v 30.624504 109.352135 44.099998
v 30.406158 109.20327 44.099998
v 30.195503 109.043709 44.099998
v 29.993065 108.87384 44.099998
v 29.799345 108.694092 44.099998
v 29.614824 108.504913 44.099998
v 29.439964 108.306778 44.099998
v 29.275198 108.100166 44.099998
v 29.120935 107.885597 44.099998
v 28.977558 107.663605 44.099998
v 28.845427 107.434746 44.099998
v 28.724865 107.199585 44.099998
v 28.616177 106.958702 44.099998
v 28.519629 106.712708 44.099998
v 28.435465 106.462204 44.099998
v 28.36389 106.207817 44.099998
v 28.305086 105.950172 44.099998
v 28.259197 105.689926 44.099998
v 28.226337 105.427711 44.099998
v 28.206589 105.164185 44.099998
v 28.200001 104.900002 44.099998
v 28.206589 104.635818 44.099998
v 28.226337 104.372292 44.099998
v 28.259197 104.110077 44.099998
v 28.305086 103.849823 44.099998
v 28.36389 103.592186 44.099998
v 28.435465 103.337799 44.099998
v 28.519629 103.087296 44.099998
v 28.616177 102.841293 44.099998
v 28.724865 102.600418 44.099998
v 28.845427 102.365257 44.099998
v 28.977558 102.136391 44.099998
v 29.120935 101.914406 44.099998
v 29.275198 101.699837 44.099998
v 29.439964 101.493225 44.099998
v 29.614824 101.295082 44.099998
v 29.799345 101.105904 44.099998
v 29.993065 100.926163 44.099998
v 30.195503 100.756294 44.099998
v 30.406158 100.596725 44.099998
v 30.624504 100.447861 44.099998
v 30.85 100.310066 44.099998
v 31.082083 100.183678 44.099998
v 31.320179 100.069016 44.099998
v 31.563692 99.96637 44.099998
v 31.812021 99.875984 44.099998
v 32.064545 99.798088 44.099998
v 32.320641 99.73288 44.099998
v 32.579666 99.680519 44.099998
v 32.840977 99.641129 44.099998
v 33.103931 99.614822 44.099998
v 33.367867 99.601646 44.099998
v 33.632133 99.601646 44.099998
v 33.896069 99.614822 44.099998
v 34.159023 99.641129 44.099998
v 34.420334 99.680519 44.099998
v 34.679359 99.73288 44.099998
v 34.935455 99.798088 44.099998
v 35.187981 99.875984 44.099998
v 35.436306 99.96637 44.099998
v 35.679821 100.069016 44.099998
v 35.917915 100.183678 44.099998
v 36.150002 100.310066 44.099998
v 36.375496 100.447861 44.099998
v 36.593842 100.596725 44.099998
v 36.804497 100.756294 44.099998
v 37.006935 100.926163 44.099998
v 37.200657 101.105904 44.099998
v 37.385174 101.295082 44.099998
v 37.560036 101.493225 44.099998
v 37.724804 101.699837 44.099998
v 37.879066 101.914406 44.099998
v 38.022442 102.136391 44.099998
v 38.154575 102.365257 44.099998
v 38.275135 102.600418 44.099998
v 38.383823 102.841293 44.099998
v 38.48037 103.087296 44.099998
v 38.564537 103.337799 44.099998
v 38.636108 103.592186 44.099998
v 38.694916 103.849823 44.099998
v 38.740803 104.110077 44.099998
v 38.773663 104.372292 44.099998
v 38.793411 104.635818 44.099998
v 65.25 106.900002 41.5
v 65.245895 107.064491 41.5
v 65.233604 107.228577 41.5
v 65.213142 107.391838 41.5
v 65.18457 107.553879 41.5
v 65.147957 107.714302 41.5
v 65.103394 107.872688 41.5
v 65.050987 108.028664 41.5
v 64.990875 108.181831 41.5
v 64.923195 108.331818 41.5
v 64.848129 108.478241 41.5
v 64.765862 108.620735 41.5
v 64.67659 108.758957 41.5
v 64.580536 108.892555 41.5
v 64.477943 109.021202 41.5
v 64.369072 109.144569 41.5
v 64.254181 109.26236 41.5
v 64.13356 109.374275 41.5
v 64.007515 109.480042 41.5
v 63.876354 109.579399 41.5
v 63.740402 109.672089 41.5
v 63.599998 109.757881 41.5
v 63.455494 109.836578 41.5
v 63.307247 109.907967 41.5
v 63.155624 109.971886 41.5
v 63.001007 110.02816 41.5
v 62.843773 110.07666 41.5
v 62.684319 110.117264 41.5
v 62.523041 110.149864 41.5
v 62.360332 110.174393 41.5
v 62.196609 110.190773 41.5
v 62.032272 110.198975 41.5
v 61.867729 110.198975 41.5
v 61.703392 110.190773 41.5
v 61.539665 110.174393 41.5
v 61.376961 110.149864 41.5
v 61.215679 110.117264 41.5
v 61.056225 110.07666 41.5
v 60.898994 110.02816 41.5
v 60.744373 109.971886 41.5
v 60.592754 109.907967 41.5
v 60.444504 109.836578 41.5
v 60.299999 109.757881 41.5
v 60.159595 109.672089 41.5
v 60.023647 109.579399 41.5
v 59.892483 109.480042 41.5
v 59.766438 109.374275 41.5
v 59.645817 109.26236 41.5
v 59.53093 109.144569 41.5
v 59.422054 109.021202 41.5
v 59.319462 108.892555 41.5
v 59.223412 108.758957 41.5
v 59.13414 108.620735 41.5
v 59.051868 108.478241 41.5
v 58.976803 108.331818 41.5
v 58.90913 108.181831 41.5
v 58.849014 108.028664 41.5
v 58.796608 107.872688 41.5
v 58.752045 107.714302 41.5
v 58.715431 107.553879 41.5
v 58.686859 107.391838 41.5
v 58.666397 107.228577 41.5
v 58.654102 107.064491 41.5
v 58.650002 106.900002 41.5
v 58.654102 106.735512 41.5
v 58.666397 106.571426 41.5
v 58.686859 106.408157 41.5
v 58.715431 106.246117 41.5
v 58.752045 106.085701 41.5
v 58.796608 105.927307 41.5
v 58.849014 105.771332 41.5
v 58.90913 105.618164 41.5
v 58.976803 105.468185 41.5
v 59.051868 105.321762 41.5
v 59.13414 105.17926 41.5
v 59.223412 105.041046 41.5
v 59.319462 104.907448 41.5
v 59.422054 104.778801 41.5
v 59.53093 104.655434 41.5
v 59.645817 104.537636 41.5
v 59.766438 104.42572 41.5
v 59.892483 104.319954 41.5
v 60.023647 104.220604 41.5
v 60.159595 104.127914 41.5
v 60.299999 104.042114 41.5
v 60.444504 103.963425 41.5
v 60.592754 103.892029 41.5
v 60.744373 103.828117 41.5
v 60.898994 103.771843 41.5
v 61.056225 103.723343 41.5
v 61.215679 103.682739 41.5
v 61.376961 103.650131 41.5
v 61.539665 103.62561 41.5
v 61.703392 103.60923 41.5
v 61.867729 103.601028 41.5
v 62.032272 103.601028 41.5
v 62.196609 103.60923 41.5
v 62.360332 103.62561 41.5
v 62.523041 103.650131 41.5
v 62.684319 103.682739 41.5
v 62.843773 103.723343 41.5
v 63.001007 103.771843 41.5
v 63.155624 103.828117 41.5
v 63.307247 103.892029 41.5
v 63.455494 103.963425 41.5
v 63.599998 104.042114 41.5
v 63.740402 104.127914 41.5
v 63.876354 104.220604 41.5
v 64.007515 104.319954 41.5
v 64.13356 104.42572 41.5
v 64.254181 104.537636 41.5
v 64.369072 104.655434 41.5
v 64.477943 104.778801 41.5
v 64.580536 104.907448 41.5
v 64.67659 105.041046 41.5
v 64.765862 105.17926 41.5
v 64.848129 105.321762 41.5
v 64.923195 105.468185 41.5
v 64.990875 105.618164 41.5
v 65.050987 105.771332 41.5
v 65.103394 105.927307 41.5
v 65.147957 106.085701 41.5
v 65.18457 106.246117 41.5
v 65.213142 106.408157 41.5
v 65.233604 106.571426 41.5
v 65.245895 106.735512 41.5
v 1.001174 8.601174 4.431477
v 65.998825 8.601174 4.431477
v 65.995308 8.604695 4.363033
v 1.004696 8.604695 4.363033
v 65.989441 8.610559 4.294751
v 1.01056 8.610559 4.294751
v 65.981239 8.61876 4.22671
v 1.01876 8.61876 4.22671
v 65.970711 8.629287 4.158989
v 1.029287 8.629287 4.158989
v 65.95787 8.642127 4.09167
v 1.042127 8.642127 4.09167
v 65.942734 8.657267 4.024829
v 1.057267 8.657267 4.024829
v 65.925316 8.674687 3.958546
v 1.074688 8.674687 3.958546
v 65.905632 8.694369 3.8929
v 1.094369 8.694369 3.8929
v 65.883713 8.716289 3.827966
v 1.116288 8.716289 3.827966
v 1.140419 8.740419 3.763821
v 65.859581 8.740419 3.763821
v 1.166734 8.766734 3.700541
v 65.833267 8.766734 3.700541
v 1.195201 8.795201 3.638199
v 65.804802 8.795201 3.638199
v 1.225788 8.825788 3.576869
v 65.774216 8.825788 3.576869
v 1.258457 8.858458 3.516623
v 65.741539 8.858458 3.516623
v 1.293172 8.893172 3.457533
v 65.706825 8.893172 3.457533
v 1.329891 8.929891 3.399666
v 65.670113 8.929891 3.399666
v 1.368571 8.968571 3.343091
v 65.631432 8.968571 3.343091
v 1.409166 9.009167 3.287874
v 65.590836 9.009167 3.287874
v 1.45163 9.05163 3.234081
v 65.54837 9.05163 3.234081
v 1.495912 9.095912 3.181774
v 65.504089 9.095912 3.181774
v 1.54196 9.141959 3.131016
v 65.458038 9.141959 3.131016
v 1.58972 9.189719 3.081864
v 65.410278 9.189719 3.081864
v 1.639135 9.239136 3.034378
v 65.360863 9.239136 3.034378
v 1.690149 9.290149 2.988613
v 65.309853 9.290149 2.988613
v 1.742701 9.342701 2.944623
v 65.257301 9.342701 2.944623
v 1.796729 9.396729 2.902458
v 65.20327 9.396729 2.902458
v 1.85217 9.45217 2.86217
v 65.147827 9.45217 2.86217
v 1.908959 9.508959 2.823805
v 65.091042 9.508959 2.823805
v 1.967029 9.567029 2.787408
v 65.032974 9.567029 2.787408
v 2.026312 9.626312 2.753022
v 64.973686 9.626312 2.753022
v 2.107122 9.707122 2.710372
v 64.892876 9.707122 2.710372
v 2.200253 9.800253 2.666859
v 64.799744 9.800253 2.666859
v 2.295496 9.895496 2.62819
v 64.704506 9.895496 2.62819
v 64.607399 9.9926 2.594464
v 2.392601 9.9926 2.594464
v 64.50869 10.09131 2.565773
v 2.491309 10.09131 2.565773
v 64.408638 10.191362 2.542191
v 2.591362 10.191362 2.542191
v 64.307503 10.292495 2.523781
v 2.692494 10.292495 2.523781
v 64.205559 10.394439 2.510592
v 2.794439 10.394439 2.510592
v 64.103073 10.496926 2.502658
v 2.896926 10.496926 2.502658
v 64.051552 10.548446 2.500664
v 2.948446 10.548446 2.500664
v 3.0 10.6 2.5
v 64.0 10.6 2.5
v 1.001174 98.598824 4.431477
v 1.004696 98.595306 4.363033
v 1.01056 98.589439 4.294751
v 1.01876 98.581238 4.22671
v 1.029287 98.570717 4.158989
v 1.042127 98.557877 4.09167
v 1.057267 98.542732 4.024829
v 1.074688 98.525314 3.958546
v 1.094369 98.50563 3.8929
v 1.116288 98.483711 3.827966
v 1.140419 98.459579 3.763821
v 1.166734 98.433266 3.700541
v 1.195201 98.4048 3.638199
v 1.225788 98.374214 3.576869
v 1.258457 98.341545 3.516623
v 1.293172 98.306831 3.457533
v 1.329891 98.270111 3.399666
v 1.368571 98.23143 3.343091
v 1.409166 98.190834 3.287874
v 1.45163 98.148369 3.234081
v 1.495912 98.104088 3.181774
v 1.54196 98.058037 3.131016
v 1.58972 98.010277 3.081864
v 1.639135 97.960861 3.034378
v 1.690149 97.909851 2.988613
v 1.742701 97.8573 2.944623
v 1.796729 97.803268 2.902458
v 1.85217 97.747833 2.86217
v 1.908959 97.69104 2.823805
v 1.967029 97.632973 2.787408
v 2.026312 97.573685 2.753022
v 2.107122 97.492874 2.710372
v 2.200253 97.39975 2.666859
v 2.295496 97.304504 2.62819
v 2.392601 97.207397 2.594464
v 2.491309 97.108688 2.565773
v 2.591362 97.008636 2.542191
v 2.692494 96.907509 2.523781
v 2.794439 96.805565 2.510592
v 2.896926 96.703072 2.502658
v 2.948446 96.65155 2.500664
v 3.0 96.599998 2.5
v 65.998825 98.598824 4.431477
v 65.995308 98.595306 4.363033
v 65.989441 98.589439 4.294751
v 65.981239 98.581238 4.22671
v 65.970711 98.570717 4.158989
v 65.95787 98.557877 4.09167
v 65.942734 98.542732 4.024829
v 65.925316 98.525314 3.958546
v 65.905632 98.50563 3.8929
v 65.883713 98.483711 3.827966
v 65.859581 98.459579 3.763821
v 65.833267 98.433266 3.700541
v 65.804802 98.4048 3.638199
v 65.774216 98.374214 3.576869
v 65.741539 98.341545 3.516623
v 65.706825 98.306831 3.457533
v 65.670113 98.270111 3.399666
v 65.631432 98.23143 3.343091
v 65.590836 98.190834 3.287874
v 65.54837 98.148369 3.234081
v 65.504089 98.104088 3.181774
v 65.458038 98.058037 3.131016
v 65.410278 98.010277 3.081864
v 65.360863 97.960861 3.034378
v 65.309853 97.909851 2.988613
v 65.257301 97.8573 2.944623
v 65.20327 97.803268 2.902458
v 65.147827 97.747833 2.86217
v 65.091042 97.69104 2.823805
v 65.032974 97.632973 2.787408
v 64.973686 97.573685 2.753022
v 64.892876 97.492874 2.710372
v 64.799744 97.39975 2.666859
v 64.704506 97.304504 2.62819
v 64.607399 97.207397 2.594464
v 64.50869 97.108688 2.565773
v 64.408638 97.008636 2.542191
v 64.307503 96.907509 2.523781
v 64.205559 96.805565 2.510592
v 64.103073 96.703072 2.502658
v 64.051552 96.65155 2.500664
v 64.0 96.599998 2.5
v 21.0 42.349998 2.5
v 21.0 31.1 2.5
v 46.0 31.1 2.5
v 46.0 42.349998 2.5
v 21.0 64.849998 2.5
v 21.0 76.099998 2.5
v 46.0 64.849998 2.5
v 46.0 76.099998 2.5
v 46.0 31.1 4.0
v 21.0 31.1 4.0
v 21.0 42.349998 4.0
v 46.0 42.349998 4.0
v 46.0 64.849998 4.0
v 21.0 64.849998 4.0
v 46.0 76.099998 4.0
v 21.0 76.099998 4.0
vn -1.0 -0.0 0.0
vn -1.0 -0.0 0.0
vn -1.0 -0.0 0.0
vn -1.0 -0.0 0.0
vn -1.0 -0.0 0.0
vn -1.0 -0.0 -0.0
vn -1.0 -0.0 0.0
vn -1.0 -0.0 -0.0
vn -1.0 -0.0 0.0
vn -1.0 -0.0 -0.0
vn -1.0 -0.0 0.0
vn -1.0 -0.0 -0.0
vn -1.0 -0.0 0.0
vn -1.0 -0.0 -0.0
vn -1.0 -0.0 0.0
vn -1.0 -0.0 -0.0
vn -1.0 -0.0 0.0
vn -1.0 -0.0 -0.0
vn -1.0 -0.0 0.0
vn -1.0 -0.0 -0.0
vn -1.0 -0.0 0.0
vn -1.0 -0.0 -0.0
vn -1.0 -0.0 0.0
vn -1.0 -0.0 -0.0
vn -1.0 -0.0 0.0
vn -1.0 -0.0 -0.0
vn -1.0 -0.0 0.0
vn -1.0 -0.0 -0.0
vn -1.0 -0.0 0.0
vn -1.0 -0.0 -0.0
vn -1.0 -0.0 0.0
vn -1.0 0.0 0.0
vn -1.0 0.0 0.0
vn -1.0 0.0 0.0
vn -1.0 0.0 0.0
vn -1.0 0.0 0.0
vn -1.0 0.0 0.0
vn -1.0 0.0 0.0
vn -1.0 0.0 0.0
vn -1.0 0.0 0.0
vn -1.0 0.0 0.0
vn -1.0 0.0 0.0
vn -1.0 0.0 0.0
vn -1.0 0.0 0.0
vn -1.0 0.0 0.0
vn -1.0 0.0 0.0
vn -1.0 0.0 -0.0
vn -1.0 0.0 -0.0
vn -1.0 0.0 -0.0
vn -1.0 0.0 -0.0
vn -1.0 0.0 -0.0
vn -1.0 0.0 -0.0
vn -1.0 0.0 -0.0
vn -1.0 -0.0 -0.0
vn -1.0 0.0 -0.0
vn -1.0 0.0 -0.0
vn -1.0 0.0 -0.0
vn -1.0 0.0 -0.0
vn -1.0 0.0 -0.0
vn -1.0 0.0 -0.0
vn -1.0 0.0 -0.0
vn -1.0 0.0 -0.0
vn -1.0 0.0 -0.0
vn -1.0 0.0 -0.0
vn -1.0 0.0 -0.0
vn -1.0 0.0 -0.0
vn -1.0 0.0 -0.0
vn -1.0 0.0 0.0
vn -1.0 0.0 0.0
vn -1.0 0.0 0.0
vn -1.0 0.0 0.0
vn -1.0 0.0 0.0
vn -1.0 0.0 0.0
vn -1.0 0.0 0.0
vn -1.0 0.0 0.0
vn -1.0 0.0 0.0
vn -1.0 0.0 0.0
vn -1.0 0.0 0.0
vn -1.0 0.0 0.0
vn -1.0 -0.0 0.0
vn -1.0 -0.0 0.0
vn -1.0 -0.0 0.0
vn -1.0 -0.0 0.0
vn -1.0 -0.0 0.0
vn -1.0 -0.0 0.0
vn -1.0 -0.0 0.0
vn -1.0 -0.0 0.0
vn -1.0 -0.0 0.0
vn -1.0 -0.0 0.0
vn -1.0 -0.0 0.0
vn -1.0 -0.0 0.0
vn -1.0 -0.0 0.0
vn -1.0 -0.0 0.0
vn -1.0 -0.0 0.0
vn -1.0 -0.0 -0.0
vn -1.0 -0.0 -0.0
vn -1.0 -0.0 -0.0
vn -1.0 -0.0 -0.0
vn -1.0 -0.0 -0.0
vn -1.0 -0.0 -0.0
vn -1.0 -0.0 -0.0
vn -1.0 -0.0 -0.0
vn -1.0 -0.0 -0.0
vn -1.0 -0.0 -0.0
vn -1.0 -0.0 -0.0
vn -1.0 -0.0 0.0
vn -1.0 0.0 -0.0
vn -1.0 -0.0 -0.0
vn -1.0 -0.0 -0.0
vn -1.0 -0.0 -0.0
vn -1.0 -0.0 -0.0
vn -1.0 -0.0 -0.0
vn -1.0 -0.0 -0.0
vn -1.0 -0.0 -0.0
vn -1.0 -0.0 -0.0
vn -1.0 -0.0 -0.0
vn -1.0 -0.0 -0.0
vn -1.0 0.0 -0.0
vn -1.0 0.0 -0.0
vn -1.0 -0.0 0.0
vn -1.0 0.0 -0.0
vn -1.0 0.0 -0.0
vn -1.0 -0.0 0.0
vn -1.0 -0.0 -0.0
vn -1.0 0.0 -0.0
vn -1.0 0.0 -0.0
vn -1.0 -0.0 0.0
vn -1.0 0.0 -0.0
vn -1.0 0.0 -0.0
vn -1.0 -0.0 -0.0
vn -1.0 -0.0 -0.0
vn -1.0 0.0 -0.0
vn -1.0 0.0 -0.0
vn -1.0 0.0 -0.0
vn -1.0 0.0 -0.0
vn -1.0 0.0 -0.0
vn -1.0 0.0 -0.0
vn -1.0 0.0 -0.0
vn -1.0 -0.0 -0.0
vn -1.0 0.0 -0.0
vn -1.0 -0.0 -0.0
vn -1.0 -0.0 -0.0
vn -1.0 -0.0 -0.0
vn -1.0 -0.0 -0.0
vn -1.0 -0.0 -0.0
vn -1.0 -0.0 -0.0
vn -1.0 0.0 -0.0
vn -1.0 -0.0 -0.0
vn -1.0 -0.0 -0.0
vn -1.0 -0.0 -0.0
vn -1.0 0.0 -0.0
vn -1.0 -0.0 -0.0
vn -1.0 0.0 -0.0
vn -1.0 -0.0 -0.0
vn -1.0 -0.0 -0.0
vn -1.0 -0.0 -0.0
vn -1.0 -0.0 -0.0
vn -1.0 0.0 -0.0
vn -1.0 -0.0 -0.0
vn -1.0 0.0 -0.0
vn -1.0 0.0 -0.0
vn -1.0 -0.0 -0.0
vn -1.0 0.0 -0.0
vn -1.0 0.0 -0.0
vn -1.0 0.0 0.0
vn -1.0 -0.0 -0.0
vn -1.0 0.0 -0.0
vn -1.0 0.0 -0.0
vn -1.0 0.0 -0.0
vn -1.0 0.0 -0.0
vn -1.0 0.0 -0.0
vn -1.0 0.0 -0.0
vn -1.0 0.0 -0.0
vn -1.0 0.0 -0.0
vn -1.0 0.0 -0.0
vn -1.0 0.0 -0.0
vn -1.0 0.0 -0.0
vn -1.0 0.0 -0.0
vn -1.0 0.0 -0.0
vn -1.0 0.0 -0.0
vn -1.0 0.0 -0.0
vn -1.0 0.0 -0.0
vn -1.0 0.0 0.0
vn -1.0 0.0 0.0
vn -1.0 0.0 -0.0
vn -1.0 0.0 -0.0
vn -1.0 0.0 -0.0
vn -1.0 0.0 -0.0
vn -1.0 0.0 -0.0
vn -1.0 0.0 -0.0
vn -1.0 0.0 -0.0
vn -1.0 0.0 -0.0
vn -1.0 0.0 -0.0
vn -1.0 0.0 -0.0
vn -1.0 0.0 -0.0
vn -1.0 0.0 -0.0
vn -1.0 0.0 -0.0
vn -1.0 0.0 -0.0
vn -1.0 0.0 -0.0
vn -1.0 0.0 0.0
vn -1.0 0.0 0.0
vn -1.0 0.0 0.0
vn -1.0 0.0 0.0
vn -1.0 0.0 -0.0
vn -1.0 0.0 0.0
vn -1.0 -0.0 -0.0
vn -1.0 0.0 -0.0
vn -1.0 0.0 -0.0
vn -1.0 -0.0 0.0
vn -1.0 0.0 -0.0
vn -1.0 -0.0 0.0
vn -1.0 -0.0 -0.0
vn -1.0 0.0 -0.0
vn -1.0 -0.0 0.0
vn -1.0 -0.0 -0.0
vn -1.0 -0.0 0.0
vn -1.0 -0.0 -0.0
vn -1.0 0.0 -0.0
vn -1.0 -0.0 0.0
vn -1.0 -0.0 -0.0
vn -1.0 -0.0 -0.0
vn -1.0 -0.0 0.0
vn -1.0 -0.0 -0.0
vn -1.0 -0.0 0.0
vn -1.0 0.0 -0.0
vn -1.0 0.0 -0.0
vn -1.0 -0.0 0.0
vn -1.0 -0.0 -0.0
vn -1.0 -0.0 0.0
vn -1.0 -0.0 -0.0
vn -1.0 -0.0 -0.0
vn -1.0 -0.0 0.0
vn -1.0 -0.0 -0.0
vn -1.0 -0.0 0.0
vn -1.0 -0.0 -0.0
vn -1.0 0.0 -0.0
vn -1.0 -0.0 0.0
vn -1.0 -0.0 -0.0
vn -1.0 -0.0 0.0
vn -1.0 -0.0 -0.0
vn -1.0 -0.0 -0.0
vn -1.0 -0.0 0.0
vn -1.0 -0.0 -0.0
vn -1.0 -0.0 0.0
vn -1.0 -0.0 -0.0
vn -1.0 0.0 -0.0
vn -1.0 0.0 0.0
vn -1.0 0.0 -0.0
vn -1.0 0.0 -0.0
vn -1.0 0.0 0.0
vn -1.0 0.0 -0.0
vn -1.0 0.0 0.0
vn -1.0 0.0 -0.0
vn -1.0 0.0 -0.0
vn -1.0 0.0 0.0
vn -1.0 -0.0 -0.0
vn -1.0 0.0 0.0
vn -1.0 0.0 -0.0
vn -1.0 0.0 -0.0
vn -1.0 0.0 0.0
vn -1.0 0.0 -0.0
vn -1.0 0.0 0.0
vn -1.0 -0.0 -0.0
vn -1.0 0.0 -0.0
vn -1.0 0.0 0.0
vn -1.0 -0.0 -0.0
vn -1.0 0.0 0.0
vn -1.0 0.0 -0.0
vn -1.0 0.0 -0.0
vn -1.0 0.0 0.0
vn -1.0 0.0 -0.0
vn -1.0 0.0 -0.0
vn -1.0 0.0 0.0
vn -1.0 -0.0 -0.0
vn -1.0 0.0 0.0
vn -1.0 0.0 -0.0
vn -1.0 0.0 -0.0
vn -1.0 0.0 0.0
vn -1.0 -0.0 -0.0
vn -1.0 0.0 0.0
vn -1.0 0.0 -0.0
vn -1.0 -0.0 -0.0
vn -1.0 0.0 0.0
vn -1.0 -0.0 -0.0
vn -1.0 -0.0 -0.0
vn -1.0 0.0 0.0
vn -1.0 0.0 -0.0
vn -1.0 0.0 0.0
vn -1.0 0.0 0.0
vn -1.0 0.0 -0.0
vn -1.0 0.0 -0.0
vn -1.0 0.0 -0.0
vn -1.0 0.0 -0.0
vn -1.0 0.0 -0.0
vn -1.0 0.0 -0.0
vn -1.0 0.0 -0.0
vn -1.0 0.0 -0.0
vn -1.0 0.0 -0.0
vn -1.0 0.0 -0.0
vn -1.0 0.0 -0.0
vn -1.0 -0.0 -0.0
vn -1.0 -0.0 -0.0
vn -1.0 -0.0 0.0
vn -1.0 0.0 0.0
vn -1.0 -0.0 -0.0
vn -1.0 0.0 0.0
vn -1.0 -0.0 -0.0
vn -1.0 0.0 0.0
vn -1.0 -0.0 -0.0
vn -1.0 0.0 0.0
vn -1.0 -0.0 -0.0
vn -1.0 0.0 0.0
vn -1.0 -0.0 -0.0
vn -1.0 0.0 0.0
vn -1.0 -0.0 -0.0
vn -1.0 0.0 0.0
vn -1.0 -0.0 -0.0
vn -1.0 -0.0 -0.0
vn -1.0 0.0 0.0
vn -1.0 -0.0 -0.0
vn -1.0 0.0 0.0
vn -1.0 -0.0 -0.0
vn -1.0 0.0 0.0
vn -1.0 -0.0 -0.0
vn -1.0 0.0 0.0
vn -1.0 -0.0 -0.0
vn -1.0 0.0 0.0
vn -1.0 0.0 0.0
vn -1.0 0.0 0.0
vn -1.0 0.0 0.0
vn -1.0 -0.0 0.0
vn -1.0 -0.0 0.0
vn -1.0 -0.0 0.0
vn -1.0 -0.0 0.0
vn -1.0 -0.0 0.0
vn -1.0 -0.0 0.0
vn -1.0 -0.0 0.0
vn -1.0 -0.0 0.0
vn -1.0 -0.0 0.0
vn -1.0 -0.0 0.0
vn -1.0 -0.0 0.0
vn -1.0 -0.0 0.0
vn -1.0 -0.0 -0.0
vn -1.0 -0.0 -0.0
vn -1.0 -0.0 -0.0
vn -1.0 -0.0 -0.0
vn -1.0 -0.0 -0.0
vn -1.0 -0.0 -0.0
vn -1.0 -0.0 -0.0
vn -1.0 -0.0 -0.0
vn -1.0 -0.0 -0.0
vn -1.0 -0.0 -0.0
vn -1.0 -0.0 -0.0
vn -1.0 -0.0 -0.0
vn -1.0 -0.0 -0.0
vn -1.0 -0.0 -0.0
vn -1.0 -0.0 -0.0
vn -1.0 -0.0 -0.0
vn -1.0 -0.0 -0.0
vn -1.0 -0.0 0.0
vn -1.0 -0.0 0.0
vn -1.0 -0.0 0.0
vn -1.0 -0.0 -0.0
vn -1.0 -0.0 -0.0
vn -1.0 0.0 -0.0
vn -1.0 0.0 -0.0
vn -1.0 0.0 -0.0
vn -1.0 -0.0 -0.0
vn -1.0 -0.0 -0.0
vn -1.0 -0.0 -0.0
vn -1.0 0.0 0.0
vn -1.0 -0.0 0.0
vn -1.0 -0.0 0.0
vn -1.0 -0.0 0.0
vn -1.0 -0.0 0.0
vn -1.0 0.0 0.0
vn -1.0 0.0 0.0
vn -1.0 0.0 0.0
vn -1.0 0.0 0.0
vn -1.0 -0.0 0.0
vn -1.0 -0.0 0.0
vn -1.0 -0.0 0.0
vn -1.0 0.0 0.0
vn -1.0 0.0 0.0
vn -1.0 0.0 0.0
vn -1.0 0.0 0.0
vn 0.0 -1.0 0.0
vn -0.0 -1.0 0.0
vn 0.0 -1.0 -0.0
vn 0.0 -1.0 -0.0
vn -0.0 -1.0 -0.0
vn 0.0 -1.0 -0.0
vn -0.0 -1.0 -0.0
vn -0.0 -1.0 -0.0
vn 0.0 -1.0 -0.0
vn -0.0 -1.0 -0.0
vn 0.0 -1.0 -0.0
vn -0.0 -1.0 -0.0
vn 0.0 -1.0 -0.0
vn -0.0 -1.0 -0.0
vn -0.0 -1.0 -0.0
vn -0.0 -1.0 -0.0
vn 0.0 -1.0 -0.0
vn -0.0 -1.0 -0.0
vn 0.0 -1.0 -0.0
vn 0.0 -1.0 -0.0
vn 0.0 -1.0 -0.0
vn 0.0 -1.0 -0.0
vn -0.0 -1.0 -0.0
vn 0.0 -1.0 -0.0
vn -0.0 -1.0 -0.0
vn -0.0 -1.0 -0.0
vn 0.0 -1.0 -0.0
vn -0.0 -1.0 -0.0
vn 0.0 -1.0 0.0
vn -0.0 -1.0 -0.0
vn 0.0 -1.0 -0.0
vn 0.0 -1.0 -0.0
vn 0.0 -1.0 -0.0
vn 0.0 -1.0 -0.0
vn -0.0 -1.0 -0.0
vn -0.0 -1.0 -0.0
vn 0.0 -1.0 -0.0
vn 0.0 -1.0 -0.0
vn -0.0 -1.0 -0.0
vn 0.0 -1.0 -0.0
vn 0.0 -1.0 -0.0
vn -0.0 -1.0 -0.0
vn 0.0 -1.0 -0.0
vn 0.0 -1.0 -0.0
vn 0.0 -1.0 -0.0
vn 0.0 -1.0 -0.0
vn 0.0 -1.0 -0.0
vn -0.0 -1.0 -0.0
vn -0.0 -1.0 -0.0
vn -0.0 -1.0 -0.0
vn 0.0 -1.0 -0.0
vn 0.0 -1.0 -0.0
vn 0.0 -1.0 -0.0
vn 0.0 -1.0 -0.0
vn 0.0 -1.0 0.0
vn 0.0 -1.0 -0.0
vn 0.0 -1.0 0.0
vn 0.0 -1.0 0.0
vn -0.999807 0.0 0.019633
vn -0.999807 0.0 0.019633
vn -0.998298 0.0 0.058325
vn -0.995347 0.0 0.096349
vn -0.998298 0.0 0.058325
vn -0.990943 0.0 0.134283
vn -0.995348 0.0 0.096349
vn -0.985088 0.0 0.172049
vn -0.990943 0.0 0.134283
vn -0.985088 0.0 0.172049
vn -0.97776 0.0 0.209725
vn -0.97776 0.0 0.209725
vn -0.968975 0.0 0.247157
vn -0.968975 0.0 0.247157
vn -0.959234 0.0 0.282612
vn -0.959234 0.0 0.282612
vn -0.948166 0.0 0.317776
vn -0.935105 0.0 0.35437
vn -0.948166 0.0 0.317776
vn -0.920513 0.0 0.390712
vn -0.935105 0.0 0.35437
vn -0.904169 0.0 0.427175
vn -0.920513 0.0 0.390712
vn -0.886256 0.0 0.463196
vn -0.904169 0.0 0.427175
vn -0.866853 0.0 0.498564
vn -0.886256 0.0 0.463196
vn -0.844591 0.0 0.535413
vn -0.866853 0.0 0.498564
vn -0.819389 0.0 0.573238
vn -0.844591 0.0 0.535413
vn -0.794336 0.0 0.607479
vn -0.819389 0.0 0.573238
vn -0.767818 0.0 0.640668
vn -0.794336 0.0 0.607479
vn -0.738234 0.0 0.674545
vn -0.767818 0.0 0.640668
vn -0.708313 0.0 0.705899
vn -0.738234 0.0 0.674545
vn -0.677107 0.0 0.735885
vn -0.708313 0.0 0.705899
vn -0.644651 0.0 0.764477
vn -0.677107 0.0 0.735885
vn -0.611085 0.0 0.791565
vn -0.644651 0.0 0.764477
vn -0.576092 0.0 0.817385
vn -0.611085 0.0 0.791565
vn -0.540264 0.0 0.841496
vn -0.576092 0.0 0.817385
vn -0.503397 0.0 0.864055
vn -0.540264 0.0 0.841496
vn -0.465501 0.0 0.885047
vn -0.503397 0.0 0.864055
vn -0.426866 0.0 0.904315
vn -0.465501 0.0 0.885047
vn -0.387218 0.0 0.921988
vn -0.426866 0.0 0.904315
vn -0.347164 0.0 0.937804
vn -0.387218 0.0 0.921988
vn -0.347164 0.0 0.937804
vn -0.306103 0.0 0.951999
vn -0.306103 0.0 0.951999
vn -0.264663 0.0 0.964341
vn -0.264663 0.0 0.964341
vn -0.222698 0.0 0.974887
vn -0.222698 0.0 0.974887
vn -0.180378 0.0 0.983597
vn -0.180378 0.0 0.983597
vn -0.137534 0.0 0.990497
vn -0.137534 0.0 0.990497
vn -0.094686 0.0 0.995507
vn -0.094686 0.0 0.995507
vn -0.054667 0.0 0.998505
vn -0.054667 0.0 0.998505
vn -0.018361 0.0 0.999831
vn -0.018361 0.0 0.999831
vn 0.0 0.0 -1.0
vn 0.0 -0.0 -1.0
vn 0.0 0.0 -1.0
vn 0.0 -0.0 -1.0
vn 0.0 0.0 -1.0
vn 0.0 -0.0 -1.0
vn 0.0 0.0 -1.0
vn 0.0 -0.0 -1.0
vn 0.0 0.0 -1.0
vn 0.0 -0.0 -1.0
vn 0.0 0.0 -1.0
vn 0.0 -0.0 -1.0
vn 0.0 0.0 -1.0
vn 0.0 -0.0 -1.0
vn 0.0 0.0 -1.0
vn 0.0 -0.0 -1.0
vn 0.0 0.0 -1.0
vn 0.0 -0.0 -1.0
vn 0.0 0.0 -1.0
vn 0.0 -0.0 -1.0
vn 0.0 0.0 -1.0
vn 0.0 -0.0 -1.0
vn 0.0 0.0 -1.0
vn 0.0 -0.0 -1.0
vn 0.0 0.0 -1.0
vn 0.0 -0.0 -1.0
vn 0.0 0.0 -1.0
vn 0.0 -0.0 -1.0
vn 0.0 0.0 -1.0
vn 0.0 -0.0 -1.0
vn 0.0 0.0 -1.0
vn 0.0 -0.0 -1.0
vn 0.0 0.0 -1.0
vn 0.0 -0.0 -1.0
vn 0.0 0.0 -1.0
vn 0.0 -0.0 -1.0
vn 0.0 0.0 -1.0
vn 0.0 -0.0 -1.0
vn 0.0 0.0 -1.0
vn 0.0 0.0 -1.0
vn 0.0 0.0 -1.0
vn 0.0 -0.0 -1.0
vn 0.0 0.0 -1.0
vn 0.0 -0.0 -1.0
vn 0.0 -0.0 -1.0
vn -0.0 -0.0 -1.0
vn 0.0 -0.0 -1.0
vn 0.0 0.0 -1.0
vn 0.0 -0.0 -1.0
vn 0.0 -0.0 -1.0
vn 0.0 -0.0 -1.0
vn 0.0 0.0 -1.0
vn 0.0 -0.0 -1.0
vn 0.0 0.0 -1.0
vn 0.0 -0.0 -1.0
vn 0.0 -0.0 -1.0
vn -0.0 -0.0 -1.0
vn 0.0 -0.0 -1.0
vn 0.0 0.0 -1.0
vn 0.0 -0.0 -1.0
vn -0.0 -0.0 -1.0
vn 0.0 -0.0 -1.0
vn 0.0 0.0 -1.0
vn 0.0 -0.0 -1.0
vn 0.0 -0.0 -1.0
vn -0.0 -0.0 -1.0
vn 0.0 -0.0 -1.0
vn 0.0 0.0 -1.0
vn 0.0 -0.0 -1.0
vn 0.0 -0.0 -1.0
vn 0.0 -0.0 -1.0
vn 0.0 0.0 -1.0
vn 0.0 -0.0 -1.0
vn 0.0 0.0 -1.0
vn 0.0 -0.0 -1.0
vn 0.0 -0.0 -1.0
vn 0.0 -0.0 -1.0
vn -0.0 -0.0 -1.0
vn 0.0 -0.0 -1.0
vn 0.0 0.0 -1.0
vn 0.0 -0.0 -1.0
vn 0.0 0.0 -1.0
vn 0.0 -0.0 -1.0
vn 0.0 -0.0 -1.0
vn 0.0 -0.0 -1.0
vn -0.0 -0.0 -1.0
vn 0.0 0.0 -1.0
vn 0.0 -0.0 -1.0
vn -0.0 -0.0 -1.0
vn 0.0 0.0 -1.0
vn 0.0 -0.0 -1.0
vn 0.0 0.0 -1.0
vn 0.0 -0.0 -1.0
vn 0.0 0.0 -1.0
vn 0.0 -0.0 -1.0
vn 0.0 0.0 -1.0
vn 0.0 -0.0 -1.0
vn 0.0 0.0 -1.0
vn 0.0 0.0 -1.0
vn 0.0 0.0 -1.0
vn 0.0 0.0 -1.0
vn 0.0 0.0 -1.0
vn 0.0 0.0 -1.0
vn 0.0 0.0 -1.0
vn 0.0 0.0 -1.0
vn 0.0 0.0 -1.0
vn 0.0 0.0 -1.0
vn 0.0 0.0 -1.0
vn 0.0 0.0 -1.0
vn 0.0 0.0 -1.0
vn 0.0 0.0 -1.0
vn 0.0 0.0 -1.0
vn 0.0 0.0 -1.0
vn 0.0 0.0 -1.0
vn 0.0 0.0 -1.0
vn 0.0 0.0 -1.0
vn 0.0 0.0 -1.0
vn 0.0 0.0 -1.0
vn 0.0 0.0 -1.0
vn 0.0 0.0 -1.0
vn 0.0 0.0 -1.0
vn 0.0 0.0 -1.0
vn 0.0 0.0 -1.0
vn 0.0 0.0 -1.0
vn 0.0 0.0 -1.0
vn 0.0 0.0 -1.0
vn 0.0 0.0 -1.0
vn 0.0 0.0 -1.0
vn 0.0 0.0 -1.0
vn 0.0 0.0 -1.0
vn 0.0 0.0 -1.0
vn 0.0 0.0 -1.0
vn 0.0 0.0 -1.0
vn -0.0 -0.0 -1.0
vn -0.0 -0.0 -1.0
vn -0.0 -0.0 -1.0
vn -0.0 -0.0 -1.0
vn 0.0 -0.0 -1.0
vn 0.0 -0.0 -1.0
vn 0.0 -0.0 -1.0
vn 0.0 -0.0 -1.0
vn 0.0 -0.0 -1.0
vn 0.0 -0.0 -1.0
vn 0.0 -0.0 -1.0
vn 0.0 -0.0 -1.0
vn 0.0 -0.0 -1.0
vn 0.0 -0.0 -1.0
vn 0.0 -0.0 -1.0
vn 0.0 -0.0 -1.0
vn 0.0 -0.0 -1.0
vn 0.0 -0.0 -1.0
vn 0.0 -0.0 -1.0
vn 0.0 -0.0 -1.0
vn 0.0 -0.0 -1.0
vn 0.0 -0.0 -1.0
vn 0.0 -0.0 -1.0
vn -0.0 -0.0 -1.0
vn 0.0 0.0 -1.0
vn 0.0 0.0 -1.0
vn 0.0 0.0 -1.0
vn 0.0 0.0 -1.0
vn 0.0 0.0 -1.0
vn 0.0 0.0 -1.0
vn 0.0 0.0 -1.0
vn 0.0 0.0 -1.0
vn 0.0 0.0 -1.0
vn 0.0 0.0 -1.0
vn 0.0 0.0 -1.0
vn 0.0 0.0 -1.0
vn 0.0 0.0 -1.0
vn 0.0 0.0 -1.0
vn 0.0 0.0 -1.0
vn 0.0 0.0 -1.0
vn 0.0 0.0 -1.0
vn 0.0 0.0 -1.0
vn 0.0 0.0 -1.0
vn 0.0 0.0 -1.0
vn 0.0 0.0 -1.0
vn 0.0 0.0 -1.0
vn 0.0 0.0 -1.0
vn 0.0 0.0 -1.0
vn 0.0 0.0 -1.0
vn 0.0 0.0 -1.0
vn 0.0 0.0 -1.0
vn 0.0 0.0 -1.0
vn 0.0 0.0 -1.0
vn 0.0 0.0 -1.0
vn 0.0 0.0 -1.0
vn 0.0 0.0 -1.0
vn 0.0 0.0 -1.0
vn 0.0 0.0 -1.0
vn 0.0 0.0 -1.0
vn 0.0 0.0 -1.0
vn 0.0 0.0 -1.0
vn 0.0 0.0 -1.0
vn 0.0 0.0 -1.0
vn 0.0 0.0 -1.0
vn 0.0 0.0 -1.0
vn 0.0 0.0 -1.0
vn 0.0 0.0 -1.0
vn 0.0 0.0 -1.0
vn 0.0 0.0 -1.0
vn 0.0 0.0 -1.0
vn 0.0 0.0 -1.0
vn 0.0 0.0 -1.0
vn 0.0 0.0 -1.0
vn 0.0 0.0 -1.0
vn 0.0 0.0 -1.0
vn 0.0 0.0 -1.0
vn 0.0 0.0 -1.0
vn 0.0 0.0 -1.0
vn 0.0 0.0 -1.0
vn 0.0 0.0 -1.0
vn 0.0 0.0 -1.0
vn 0.0 0.0 -1.0
vn 0.0 0.0 -1.0
vn 0.0 0.0 -1.0
vn 0.0 0.0 -1.0
vn 0.0 0.0 -1.0
vn 0.0 0.0 -1.0
vn 0.0 0.0 -1.0
vn 0.0 0.0 -1.0
vn 0.0 0.0 -1.0
vn 0.0 0.0 -1.0
vn 0.0 0.0 -1.0
vn 0.0 0.0 -1.0
vn 0.0 0.0 -1.0
vn 0.0 0.0 -1.0
vn 0.0 0.0 -1.0
vn 0.0 0.0 -1.0
vn 0.0 0.0 -1.0
vn 0.0 0.0 -1.0
vn 0.0 0.0 -1.0
vn 0.0 0.0 -1.0
vn 0.0 0.0 -1.0
vn 0.0 0.0 -1.0
vn 0.0 0.0 -1.0
vn 0.0 0.0 -1.0
vn 0.0 0.0 -1.0
vn 0.0 0.0 -1.0
vn 0.0 0.0 -1.0
vn 0.0 0.0 -1.0
vn 0.0 0.0 -1.0
vn 0.0 0.0 -1.0
vn 0.0 0.0 -1.0
vn 0.0 0.0 -1.0
vn 0.0 0.0 -1.0
vn 0.0 0.0 -1.0
vn 0.0 0.0 -1.0
vn 0.0 0.0 -1.0
vn 0.0 0.0 -1.0
vn 0.0 0.0 -1.0
vn 0.0 0.0 -1.0
vn 0.0 0.0 -1.0
vn 0.0 0.0 -1.0
vn 0.0 0.0 -1.0
vn 0.0 0.0 -1.0
vn 0.0 0.0 -1.0
vn 0.0 0.0 -1.0
vn 0.0 0.0 -1.0
vn 0.0 0.0 -1.0
vn 0.0 0.0 -1.0
vn 0.0 0.0 -1.0
vn 0.0 0.0 -1.0
vn 0.0 0.0 -1.0
vn 0.0 0.0 -1.0
vn 0.0 0.0 -1.0
vn 0.0 0.0 -1.0
vn 0.0 0.0 -1.0
vn 0.0 0.0 -1.0
vn 0.0 0.0 -1.0
vn 0.0 0.0 -1.0
vn 0.0 0.0 -1.0
vn 0.0 0.0 -1.0
vn 0.0 0.0 -1.0
vn 0.0 0.0 -1.0
vn 0.0 0.0 -1.0
vn 0.0 0.0 -1.0
vn 0.0 0.0 -1.0
vn 0.0 0.0 -1.0
vn 0.0 0.0 -1.0
vn 0.0 0.0 -1.0
vn 0.0 0.0 -1.0
vn 0.0 0.0 -1.0
vn 0.0 0.0 -1.0
vn 0.0 0.0 -1.0
vn 0.0 0.0 -1.0
vn 0.0 0.0 -1.0
vn 0.0 0.0 -1.0
vn 0.0 0.0 -1.0
vn 0.0 0.0 -1.0
vn 0.0 -0.0 -1.0
vn 0.0 0.0 -1.0
vn 0.0 -0.0 -1.0
vn 0.0 -0.0 -1.0
vn -0.0 -0.0 -1.0
vn 0.0 0.0 -1.0
vn 0.0 -0.0 -1.0
vn 0.0 -0.0 -1.0
vn 0.0 0.0 -1.0
vn 0.0 -0.0 -1.0
vn -0.0 -0.0 -1.0
vn 0.0 -0.0 -1.0
vn 0.0 -0.0 -1.0
vn 0.0 -0.0 -1.0
vn 0.0 0.0 -1.0
vn -0.0 -0.0 -1.0
vn 0.0 -0.0 -1.0
vn 0.0 -0.0 -1.0
vn 0.0 0.0 -1.0
vn 0.0 -0.0 -1.0
vn 0.0 0.0 -1.0
vn 0.0 0.0 -1.0
vn 0.0 -0.0 -1.0
vn 0.0 0.0 -1.0
vn 0.0 0.0 -1.0
vn 0.0 0.0 -1.0
vn 0.0 0.0 -1.0
vn 0.0 -0.0 -1.0
vn 0.0 0.0 -1.0
vn 0.0 0.0 -1.0
vn 0.0 -0.0 -1.0
vn 0.0 0.0 -1.0
vn 0.0 0.0 -1.0
vn 0.0 0.0 -1.0
vn 0.0 0.0 -1.0
vn 0.0 -0.0 -1.0
vn 0.0 0.0 -1.0
vn 0.0 0.0 -1.0
vn 0.0 0.0 -1.0
vn 0.0 -0.0 -1.0
vn 0.0 0.0 -1.0
vn 0.0 0.0 -1.0
vn 0.0 0.0 -1.0
vn 0.0 -0.0 -1.0
vn 0.0 0.0 -1.0
vn 0.0 0.0 -1.0
vn 0.0 0.0 -1.0
vn 0.0 0.0 -1.0
vn 0.0 -0.0 -1.0
vn 0.0 0.0 -1.0
vn 0.0 -0.0 -1.0
vn 0.0 0.0 -1.0
vn 0.0 0.0 -1.0
vn 0.0 0.0 -1.0
vn 0.0 0.0 -1.0
vn 0.0 0.0 -1.0
vn 0.0 -0.0 -1.0
vn 0.0 0.0 -1.0
vn 0.0 0.0 -1.0
vn 0.0 0.0 -1.0
vn 0.0 -0.0 -1.0
vn 0.0 -0.0 -1.0
vn 0.0 0.0 -1.0
vn 0.0 0.0 -1.0
vn 0.0 0.0 -1.0
vn 0.0 0.0 -1.0
vn 0.0 0.0 -1.0
vn 0.0 0.0 -1.0
vn 0.0 0.0 -1.0
vn 0.0 0.0 -1.0
vn 0.0 0.0 -1.0
vn 0.0 0.0 -1.0
vn 0.0 0.0 -1.0
vn 0.0 0.0 -1.0
vn 0.0 0.0 -1.0
vn 0.0 0.0 -1.0
vn 0.0 0.0 -1.0
vn 0.0 0.0 -1.0
vn 0.0 0.0 -1.0
vn 0.0 0.0 -1.0
vn 0.0 0.0 -1.0
vn 0.0 0.0 -1.0
vn 0.0 0.0 -1.0
vn 0.0 0.0 -1.0
vn 0.0 0.0 -1.0
vn 0.0 0.0 -1.0
vn 0.0 0.0 -1.0
vn 0.0 0.0 -1.0
vn 0.0 0.0 -1.0
vn 0.0 0.0 -1.0
vn 0.0 0.0 -1.0
vn 0.0 0.0 -1.0
vn 0.0 0.0 -1.0
vn 0.0 0.0 -1.0
vn 0.0 0.0 -1.0
vn 0.0 0.0 -1.0
vn 0.0 0.0 -1.0
vn 0.0 0.0 -1.0
vn 0.0 0.0 -1.0
vn 0.0 0.0 -1.0
vn 0.0 0.0 -1.0
vn 0.0 0.0 -1.0
vn 0.0 0.0 -1.0
vn 0.0 0.0 -1.0
vn 0.0 0.0 -1.0
vn 0.0 0.0 -1.0
vn 0.0 0.0 -1.0
vn 0.0 0.0 -1.0
vn 0.0 0.0 -1.0
vn 0.0 0.0 -1.0
vn 0.0 0.0 -1.0
vn 0.0 0.0 -1.0
vn 0.0 0.0 -1.0
vn 0.0 0.0 -1.0
vn 0.0 0.0 -1.0
vn 0.0 0.0 -1.0
vn 0.0 0.0 -1.0
vn 0.0 0.0 -1.0
vn 0.0 0.0 -1.0
vn 0.0 0.0 -1.0
vn 0.0 0.0 -1.0
vn 0.0 0.0 -1.0
vn 0.0 0.0 -1.0
vn 0.0 0.0 -1.0
vn 0.0 0.0 -1.0
vn 0.0 0.0 -1.0
vn 0.0 0.0 -1.0
vn 0.0 0.0 -1.0
vn 0.0 0.0 -1.0
vn 0.0 0.0 -1.0
vn 0.0 0.0 -1.0
vn 0.0 0.0 -1.0
vn 0.0 0.0 -1.0
vn 0.0 0.0 -1.0
vn 0.0 0.0 -1.0
vn 0.0 0.0 -1.0
vn 0.0 0.0 -1.0
vn 0.0 0.0 -1.0
vn 0.0 0.0 -1.0
vn 0.0 0.0 -1.0
vn 0.0 0.0 -1.0
vn 0.0 0.0 -1.0
vn 0.0 0.0 -1.0
vn 0.0 0.0 -1.0
vn 0.0 0.0 -1.0
vn 0.0 0.0 -1.0
vn 0.0 0.0 -1.0
vn 0.0 0.0 -1.0
vn 0.0 0.0 -1.0
vn 0.0 0.0 -1.0
vn 0.0 0.0 -1.0
vn 0.0 0.0 -1.0
vn 0.0 0.0 -1.0
vn 0.0 0.0 -1.0
vn 0.0 0.0 -1.0
vn 0.0 0.0 -1.0
vn 0.0 -0.0 -1.0
vn 0.0 0.0 -1.0
vn 0.0 -0.0 -1.0
vn 0.0 0.0 -1.0
vn 0.0 -0.0 -1.0
vn 0.0 0.0 -1.0
vn 0.0 -0.0 -1.0
vn 0.0 0.0 -1.0
vn 0.0 0.0 -1.0
vn 0.0 0.0 -1.0
vn 0.0 0.0 -1.0
vn 0.0 0.0 -1.0
vn 0.0 0.0 -1.0
vn 0.0 0.0 -1.0
vn 0.0 0.0 -1.0
vn 0.0 0.0 -1.0
vn 0.0 0.0 -1.0
vn 0.0 0.0 -1.0
vn 0.0 0.0 -1.0
vn 0.0 0.0 -1.0
vn 0.0 0.0 -1.0
vn 0.0 0.0 -1.0
vn 0.0 0.0 -1.0
vn 0.0 0.0 -1.0
vn 0.0 0.0 -1.0
vn 0.0 0.0 -1.0
vn 0.0 0.0 -1.0
vn 0.0 0.0 -1.0
vn 0.0 0.0 -1.0
vn 0.0 0.0 -1.0
vn 0.0 0.0 -1.0
vn 0.0 0.0 -1.0
vn 0.0 0.0 -1.0
vn 0.0 0.0 -1.0
vn 0.0 0.0 -1.0
vn 0.0 -0.0 -1.0
vn 0.0 0.0 -1.0
vn 0.0 -0.0 -1.0
vn 0.0 0.0 -1.0
vn 0.0 -0.0 -1.0
vn 0.0 0.0 -1.0
vn 0.0 0.0 -1.0
vn 0.0 0.0 -1.0
vn 0.0 0.0 -1.0
vn 0.0 0.0 -1.0
vn 0.0 0.0 -1.0
vn 0.0 -0.0 -1.0
vn 0.0 0.0 -1.0
vn 0.0 0.0 -1.0
vn 0.0 0.0 -1.0
vn 0.0 0.0 -1.0
vn 0.0 0.0 -1.0
vn 0.0 0.0 -1.0
vn 0.0 0.0 -1.0
vn 0.0 0.0 -1.0
vn 0.0 0.0 -1.0
vn 0.0 0.0 -1.0
vn 0.0 0.0 -1.0
vn 0.0 0.0 -1.0
vn 0.0 0.0 -1.0
vn 0.0 0.0 -1.0
vn 0.0 0.0 -1.0
vn 0.0 0.0 -1.0
vn 0.0 0.0 -1.0
vn 0.0 0.0 -1.0
vn 0.0 0.0 -1.0
vn 0.0 0.0 -1.0
vn 0.0 1.0 0.0
vn 0.0 1.0 0.0
vn 0.0 -0.024923 0.999689
vn 0.0 -0.024923 0.999689
vn 0.0 -0.074731 0.997204
vn 0.0 -0.124349 0.992239
vn 0.0 -0.074731 0.997204
vn 0.0 -0.124349 0.992239
vn 0.0 -0.173648 0.984808
vn 0.0 -0.173648 0.984808
vn 0.0 -0.22252 0.974928
vn 0.0 -0.22252 0.974928
vn 0.0 -0.270842 0.962624
vn 0.0 -0.270842 0.962624
vn 0.0 -0.318484 0.947928
vn 0.0 -0.318484 0.947928
vn 0.0 -0.365351 0.93087
vn 0.0 -0.365351 0.93087
vn 0.0 -0.411269 0.911514
vn 0.0 -0.411269 0.911514
vn 0.0 -0.456214 0.88987
vn 0.0 -0.500003 0.866024
vn 0.0 -0.456214 0.88987
vn 0.0 -0.500003 0.866024
vn 0.0 -0.542548 0.840025
vn 0.0 -0.542548 0.840025
vn 0.0 -0.583742 0.811939
vn 0.0 -0.583742 0.811939
vn 0.0 -0.623483 0.781837
vn 0.0 -0.623483 0.781837
vn 0.0 -0.661696 0.749772
vn 0.0 -0.661696 0.749772
vn 0.0 -0.698236 0.715867
vn 0.0 -0.698236 0.715867
vn 0.0 -0.733059 0.680165
vn 0.0 -0.733059 0.680165
vn 0.0 -0.766044 0.642788
vn 0.0 -0.766044 0.642788
vn 0.0 -0.797116 0.603827
vn 0.0 -0.797116 0.603827
vn 0.0 -0.826238 0.563321
vn 0.0 -0.826238 0.563321
vn 0.0 -0.853308 0.521407
vn 0.0 -0.853308 0.521407
vn 0.0 -0.878211 0.478274
vn 0.0 -0.878211 0.478274
vn 0.0 -0.900977 0.433866
vn 0.0 -0.900977 0.433866
vn 0.0 -0.921466 0.388459
vn 0.0 -0.939697 0.342007
vn 0.0 -0.921466 0.388459
vn 0.0 -0.955572 0.294757
vn 0.0 -0.939697 0.342007
vn 0.0 -0.955572 0.294757
vn 0.0 -0.969075 0.246766
vn 0.0 -0.969075 0.246766
vn 0.0 -0.980176 0.198126
vn 0.0 -0.980176 0.198126
vn 0.0 -0.988827 0.149071
vn 0.0 -0.988827 0.149071
vn 0.0 -0.995033 0.099551
vn 0.0 -0.995033 0.099551
vn 0.0 -0.998757 0.049845
vn 0.0 -0.998757 0.049845
vn 0.0 -1.0 0.0
vn 0.0 -1.0 0.0
vn 0.0 -0.998757 -0.049845
vn -0.0 -0.998757 -0.049845
vn 0.0 -0.995033 -0.099551
vn -0.0 -0.995033 -0.099551
vn 0.0 -0.988827 -0.149071
vn -0.0 -0.988827 -0.149071
vn 0.0 -0.980176 -0.198126
vn 0.0 -0.969075 -0.246766
vn -0.0 -0.980176 -0.198126
vn 0.0 -0.969075 -0.246766
vn -0.0 -0.955572 -0.294757
vn 0.0 -0.955572 -0.294757
vn 0.0 -0.939697 -0.342007
vn 0.0 -0.939697 -0.342007
vn -0.0 -0.921466 -0.388459
vn 0.0 -0.921466 -0.388459
vn -0.0 -0.900977 -0.433866
vn 0.0 -0.900977 -0.433866
vn -0.0 -0.878211 -0.478274
vn 0.0 -0.878211 -0.478274
vn -0.0 -0.853308 -0.521407
vn 0.0 -0.853308 -0.521407
vn 0.0 -0.826238 -0.563321
vn 0.0 -0.826238 -0.563321
vn 0.0 -0.797116 -0.603827
vn 0.0 -0.797116 -0.603827
vn -0.0 -0.766044 -0.642788
vn 0.0 -0.766044 -0.642788
vn 0.0 -0.733059 -0.680165
vn 0.0 -0.733059 -0.680165
vn -0.0 -0.698236 -0.715867
vn 0.0 -0.698236 -0.715867
vn 0.0 -0.661696 -0.749772
vn 0.0 -0.661696 -0.749772
vn 0.0 -0.623483 -0.781837
vn 0.0 -0.623483 -0.781837
vn -0.0 -0.583742 -0.811939
vn 0.0 -0.583742 -0.811939
vn -0.0 -0.542548 -0.840025
vn 0.0 -0.542548 -0.840025
vn -0.0 -0.500003 -0.866024
vn 0.0 -0.500003 -0.866024
vn -0.0 -0.456214 -0.88987
vn 0.0 -0.456214 -0.88987
vn -0.0 -0.411269 -0.911514
vn 0.0 -0.411269 -0.911514
vn -0.0 -0.365351 -0.93087
vn 0.0 -0.365351 -0.93087
vn 0.0 -0.318484 -0.947928
vn 0.0 -0.318484 -0.947928
vn 0.0 -0.270842 -0.962624
vn -0.0 -0.270842 -0.962624
vn 0.0 -0.22252 -0.974928
vn -0.0 -0.22252 -0.974928
vn 0.0 -0.173648 -0.984808
vn -0.0 -0.173648 -0.984808
vn 0.0 -0.124349 -0.992239
vn -0.0 -0.124349 -0.992239
vn -0.0 -0.074731 -0.997204
vn 0.0 -0.074731 -0.997204
vn -0.0 -0.024923 -0.999689
vn 0.0 -0.024923 -0.999689
vn 0.0 0.024923 -0.999689
vn 0.0 0.024923 -0.999689
vn 0.0 0.074731 -0.997204
vn 0.0 0.074731 -0.997204
vn 0.0 0.124343 -0.992239
vn 0.0 0.124343 -0.992239
vn 0.0 0.173648 -0.984808
vn 0.0 0.173648 -0.984808
vn 0.0 0.22253 -0.974926
vn 0.0 0.22253 -0.974926
vn 0.0 0.27083 -0.962627
vn 0.0 0.27083 -0.962627
vn 0.0 0.318484 -0.947928
vn 0.0 0.318484 -0.947928
vn 0.0 0.365351 -0.93087
vn 0.0 0.365351 -0.93087
vn 0.0 0.411286 -0.911506
vn 0.0 0.411286 -0.911506
vn 0.0 0.456214 -0.88987
vn 0.0 0.456214 -0.88987
vn 0.0 0.499983 -0.866035
vn 0.0 0.499983 -0.866035
vn 0.0 0.542569 -0.840011
vn 0.0 0.542569 -0.840011
vn 0.0 0.583742 -0.811939
vn 0.0 0.583742 -0.811939
vn 0.0 0.623483 -0.781837
vn 0.0 0.623483 -0.781837
vn 0.0 0.661696 -0.749772
vn 0.0 0.661696 -0.749772
vn 0.0 0.698213 -0.71589
vn 0.0 0.698213 -0.71589
vn 0.0 0.733059 -0.680165
vn 0.0 0.733059 -0.680165
vn 0.0 0.766044 -0.642788
vn 0.0 0.766044 -0.642788
vn 0.0 0.797138 -0.603797
vn 0.0 0.797138 -0.603797
vn 0.0 0.826238 -0.563321
vn 0.0 0.826238 -0.563321
vn 0.0 0.853288 -0.521441
vn 0.0 0.853288 -0.521441
vn 0.0 0.87823 -0.478238
vn 0.0 0.87823 -0.478238
vn 0.0 0.900959 -0.433903
vn 0.0 0.900959 -0.433903
vn 0.0 0.921483 -0.38842
vn 0.0 0.921483 -0.38842
vn 0.0 0.939697 -0.342007
vn 0.0 0.939697 -0.342007
vn 0.0 0.955572 -0.294757
vn 0.0 0.955572 -0.294757
vn 0.0 0.969075 -0.246766
vn 0.0 0.969075 -0.246766
vn 0.0 0.980167 -0.198171
vn 0.0 0.980167 -0.198171
vn 0.0 0.988833 -0.149025
vn 0.0 0.988833 -0.149025
vn 0.0 0.995033 -0.099551
vn 0.0 0.995033 -0.099551
vn 0.0 0.998757 -0.049845
vn 0.0 0.998757 -0.049845
vn 0.0 1.0 0.0
vn 0.0 1.0 0.0
vn 0.0 0.998757 0.049845
vn 0.0 0.998757 0.049845
vn 0.0 0.995033 0.099551
vn 0.0 0.995033 0.099551
vn 0.0 0.988833 0.149025
vn 0.0 0.988833 0.149025
vn 0.0 0.980167 0.198171
vn 0.0 0.980167 0.198171
vn 0.0 0.969075 0.246766
vn 0.0 0.969075 0.246766
vn 0.0 0.955572 0.294757
vn 0.0 0.955572 0.294757
vn 0.0 0.939697 0.342007
vn 0.0 0.939697 0.342007
vn 0.0 0.921483 0.38842
vn 0.0 0.921483 0.38842
vn 0.0 0.900959 0.433903
vn 0.0 0.900959 0.433903
vn 0.0 0.87823 0.478238
vn 0.0 0.87823 0.478238
vn 0.0 0.853288 0.521441
vn 0.0 0.853288 0.521441
vn 0.0 0.826238 0.563321
vn 0.0 0.826238 0.563321
vn 0.0 0.797138 0.603797
vn 0.0 0.797138 0.603797
vn 0.0 0.766044 0.642788
vn 0.0 0.766044 0.642788
vn 0.0 0.733059 0.680165
vn 0.0 0.733059 0.680165
vn 0.0 0.698213 0.71589
vn 0.0 0.698213 0.71589
vn 0.0 0.661696 0.749772
vn 0.0 0.661696 0.749772
vn 0.0 0.623483 0.781837
vn 0.0 0.623483 0.781837
vn 0.0 0.583742 0.811939
vn 0.0 0.583742 0.811939
vn 0.0 0.542569 0.840011
vn 0.0 0.542569 0.840011
vn 0.0 0.499983 0.866035
vn 0.0 0.499983 0.866035
vn 0.0 0.456214 0.88987
vn 0.0 0.456214 0.88987
vn 0.0 0.411286 0.911506
vn 0.0 0.411286 0.911506
vn 0.0 0.365351 0.93087
vn 0.0 0.365351 0.93087
vn 0.0 0.318484 0.947928
vn 0.0 0.318484 0.947928
vn 0.0 0.27083 0.962627
vn 0.0 0.27083 0.962627
vn 0.0 0.22253 0.974926
vn 0.0 0.22253 0.974926
vn 0.0 0.173648 0.984808
vn 0.0 0.173648 0.984808
vn 0.0 0.124343 0.992239
vn 0.0 0.124343 0.992239
vn 0.0 0.074731 0.997204
vn 0.0 0.074731 0.997204
vn -0.0 0.024923 0.999689
vn 0.0 0.024923 0.999689
vn 0.0 -0.024931 0.999689
vn 0.0 -0.024931 0.999689
vn 0.0 -0.07473 0.997204
vn 0.0 -0.07473 0.997204
vn 0.0 -0.124344 0.992239
vn 0.0 -0.124344 0.992239
vn 0.0 -0.173648 0.984808
vn 0.0 -0.173648 0.984808
vn 0.0 -0.222521 0.974928
vn 0.0 -0.222521 0.974928
vn 0.0 -0.270841 0.962624
vn 0.0 -0.270841 0.962624
vn 0.0 -0.318487 0.947927
vn 0.0 -0.318487 0.947927
vn 0.0 -0.365341 0.930874
vn 0.0 -0.365341 0.930874
vn 0.0 -0.411286 0.911507
vn 0.0 -0.411286 0.911507
vn 0.0 -0.45621 0.889872
vn 0.0 -0.45621 0.889872
vn 0.0 -0.500001 0.866025
vn 0.0 -0.500001 0.866025
vn 0.0 -0.542545 0.840027
vn 0.0 -0.542545 0.840027
vn 0.0 -0.583746 0.811937
vn 0.0 -0.583746 0.811937
vn 0.0 -0.623489 0.781832
vn 0.0 -0.623489 0.781832
vn 0.0 -0.661688 0.749779
vn 0.0 -0.661688 0.749779
vn 0.0 -0.698235 0.715869
vn 0.0 -0.698235 0.715869
vn 0.0 -0.73305 0.680175
vn 0.0 -0.73305 0.680175
vn 0.0 -0.766046 0.642786
vn 0.0 -0.766046 0.642786
vn 0.0 -0.797133 0.603804
vn 0.0 -0.797133 0.603804
vn 0.0 -0.82624 0.563319
vn 0.0 -0.82624 0.563319
vn 0.0 -0.85329 0.521436
vn 0.0 -0.85329 0.521436
vn 0.0 -0.878223 0.478251
vn 0.0 -0.878223 0.478251
vn 0.0 -0.900968 0.433885
vn 0.0 -0.900968 0.433885
vn 0.0 -0.921477 0.388433
vn 0.0 -0.921477 0.388433
vn 0.0 -0.939693 0.34202
vn 0.0 -0.955571 0.294761
vn 0.0 -0.939693 0.34202
vn 0.0 -0.955571 0.294761
vn 0.0 -0.969079 0.246751
vn 0.0 -0.980173 0.198146
vn 0.0 -0.969079 0.246751
vn 0.0 -0.980173 0.198146
vn 0.0 -0.98883 0.149049
vn 0.0 -0.995031 0.099567
vn 0.0 -0.98883 0.149049
vn 0.0 -0.995031 0.099567
vn 0.0 -0.998757 0.049842
vn 0.0 -1.0 0.0
vn 0.0 -0.998757 0.049842
vn 0.0 -1.0 0.0
vn 0.0 -0.998757 -0.049842
vn -0.0 -0.998757 -0.049842
vn 0.0 -0.995031 -0.099567
vn -0.0 -0.995031 -0.099567
vn 0.0 -0.98883 -0.149049
vn -0.0 -0.98883 -0.149049
vn 0.0 -0.980173 -0.198146
vn 0.0 -0.969079 -0.246751
vn -0.0 -0.980173 -0.198146
vn 0.0 -0.969079 -0.246751
vn -0.0 -0.955571 -0.294761
vn 0.0 -0.955571 -0.294761
vn -0.0 -0.939693 -0.34202
vn 0.0 -0.939693 -0.34202
vn -0.0 -0.921477 -0.388434
vn 0.0 -0.921477 -0.388434
vn -0.0 -0.900968 -0.433885
vn 0.0 -0.900968 -0.433885
vn 0.0 -0.878223 -0.478252
vn 0.0 -0.878223 -0.478252
vn -0.0 -0.85329 -0.521436
vn 0.0 -0.85329 -0.521436
vn -0.0 -0.82624 -0.563318
vn 0.0 -0.82624 -0.563318
vn -0.0 -0.797132 -0.603805
vn 0.0 -0.797132 -0.603805
vn 0.0 -0.766047 -0.642785
vn 0.0 -0.766047 -0.642785
vn -0.0 -0.733049 -0.680176
vn 0.0 -0.733049 -0.680176
vn 0.0 -0.698235 -0.715869
vn 0.0 -0.698235 -0.715869
vn -0.0 -0.661688 -0.749779
vn 0.0 -0.661688 -0.749779
vn -0.0 -0.62349 -0.781832
vn 0.0 -0.62349 -0.781832
vn -0.0 -0.583747 -0.811936
vn 0.0 -0.583747 -0.811936
vn -0.0 -0.542544 -0.840027
vn 0.0 -0.542544 -0.840027
vn -0.0 -0.5 -0.866026
vn 0.0 -0.5 -0.866026
vn -0.0 -0.456213 -0.889871
vn 0.0 -0.456213 -0.889871
vn -0.0 -0.411284 -0.911507
vn 0.0 -0.411284 -0.911507
vn -0.0 -0.365343 -0.930873
vn 0.0 -0.365343 -0.930873
vn -0.0 -0.318487 -0.947927
vn 0.0 -0.318487 -0.947927
vn 0.0 -0.27084 -0.962624
vn -0.0 -0.27084 -0.962624
vn 0.0 -0.222519 -0.974928
vn -0.0 -0.222519 -0.974928
vn 0.0 -0.173648 -0.984808
vn -0.0 -0.173648 -0.984808
vn 0.0 -0.124346 -0.992239
vn -0.0 -0.124346 -0.992239
vn -0.0 -0.074729 -0.997204
vn 0.0 -0.074729 -0.997204
vn -0.0 -0.024929 -0.999689
vn 0.0 -0.024929 -0.999689
vn 0.0 0.024929 -0.999689
vn 0.0 0.024929 -0.999689
vn 0.0 0.074729 -0.997204
vn 0.0 0.074729 -0.997204
vn 0.0 0.124346 -0.992239
vn 0.0 0.124346 -0.992239
vn 0.0 0.173648 -0.984808
vn 0.0 0.173648 -0.984808
vn 0.0 0.222519 -0.974928
vn 0.0 0.222519 -0.974928
vn 0.0 0.27084 -0.962624
vn 0.0 0.27084 -0.962624
vn 0.0 0.318486 -0.947928
vn 0.0 0.318486 -0.947928
vn 0.0 0.365343 -0.930873
vn 0.0 0.365343 -0.930873
vn 0.0 0.411286 -0.911507
vn 0.0 0.411286 -0.911507
vn 0.0 0.456214 -0.88987
vn 0.0 0.456214 -0.88987
vn 0.0 0.499998 -0.866027
vn 0.0 0.499998 -0.866027
vn 0.0 0.542546 -0.840026
vn 0.0 0.542546 -0.840026
vn 0.0 0.583745 -0.811937
vn 0.0 0.583745 -0.811937
vn 0.0 0.62349 -0.781832
vn 0.0 0.62349 -0.781832
vn 0.0 0.661686 -0.749781
vn 0.0 0.661686 -0.749781
vn 0.0 0.698237 -0.715867
vn 0.0 0.733051 -0.680174
vn 0.0 0.698237 -0.715867
vn 0.0 0.766045 -0.642787
vn 0.0 0.733051 -0.680174
vn 0.0 0.766045 -0.642787
vn 0.0 0.797132 -0.603805
vn 0.0 0.797132 -0.603805
vn 0.0 0.826238 -0.563321
vn 0.0 0.853292 -0.521433
vn 0.0 0.826238 -0.563321
vn 0.0 0.853292 -0.521433
vn 0.0 0.878221 -0.478255
vn 0.0 0.878221 -0.478255
vn 0.0 0.900968 -0.433885
vn 0.0 0.900968 -0.433885
vn 0.0 0.921477 -0.388434
vn 0.0 0.921477 -0.388434
vn 0.0 0.939693 -0.34202
vn 0.0 0.939693 -0.34202
vn 0.0 0.955572 -0.294757
vn 0.0 0.955572 -0.294757
vn 0.0 0.969078 -0.246755
vn 0.0 0.980173 -0.198146
vn 0.0 0.969078 -0.246755
vn 0.0 0.980173 -0.198146
vn 0.0 0.988831 -0.149041
vn 0.0 0.99503 -0.099571
vn 0.0 0.988831 -0.149041
vn 0.0 0.99503 -0.099571
vn 0.0 0.998757 -0.049846
vn 0.0 0.998757 -0.049846
vn 0.0 1.0 0.0
vn -0.0 0.998757 0.049846
vn 0.0 1.0 0.0
vn 0.0 0.998757 0.049846
vn 0.0 0.99503 0.099571
vn -0.0 0.988831 0.149041
vn 0.0 0.99503 0.099571
vn 0.0 0.988831 0.149041
vn 0.0 0.980173 0.198146
vn 0.0 0.980173 0.198146
vn 0.0 0.969078 0.246755
vn 0.0 0.969078 0.246755
vn 0.0 0.955572 0.294757
vn 0.0 0.955572 0.294757
vn 0.0 0.939693 0.34202
vn 0.0 0.939693 0.34202
vn 0.0 0.921477 0.388433
vn 0.0 0.921477 0.388433
vn 0.0 0.900968 0.433885
vn 0.0 0.900968 0.433885
vn 0.0 0.878221 0.478255
vn 0.0 0.878221 0.478255
vn 0.0 0.853292 0.521433
vn 0.0 0.853292 0.521433
vn 0.0 0.826238 0.563322
vn -0.0 0.797133 0.603804
vn 0.0 0.826238 0.563322
vn -0.0 0.766044 0.642788
vn 0.0 0.797133 0.603804
vn 0.0 0.766044 0.642788
vn 0.0 0.733052 0.680172
vn -0.0 0.698237 0.715867
vn 0.0 0.733052 0.680172
vn 0.0 0.698237 0.715867
vn 0.0 0.661686 0.749781
vn 0.0 0.661686 0.749781
vn -0.0 0.623489 0.781832
vn 0.0 0.623489 0.781832
vn 0.0 0.583744 0.811938
vn 0.0 0.583744 0.811938
vn -0.0 0.542547 0.840025
vn 0.0 0.542547 0.840025
vn 0.0 0.499999 0.866026
vn 0.0 0.499999 0.866026
vn -0.0 0.456211 0.889871
vn 0.0 0.456211 0.889871
vn 0.0 0.411287 0.911506
vn 0.0 0.411287 0.911506
vn 0.0 0.365341 0.930874
vn 0.0 0.365341 0.930874
vn 0.0 0.318486 0.947928
vn 0.0 0.318486 0.947928
vn -0.0 0.270841 0.962624
vn 0.0 0.270841 0.962624
vn 0.0 0.222521 0.974928
vn 0.0 0.222521 0.974928
vn 0.0 0.173648 0.984808
vn 0.0 0.173648 0.984808
vn -0.0 0.124344 0.992239
vn 0.0 0.124344 0.992239
vn 0.0 0.07473 0.997204
vn -0.0 0.024931 0.999689
vn 0.0 0.07473 0.997204
vn 0.0 0.024931 0.999689
vn 0.0 -0.024922 0.999689
vn 0.0 -0.024922 0.999689
vn 0.0 -0.074732 0.997204
vn 0.0 -0.124345 0.992239
vn 0.0 -0.074732 0.997204
vn 0.0 -0.124345 0.992239
vn 0.0 -0.173646 0.984808
vn 0.0 -0.173646 0.984808
vn 0.0 -0.222528 0.974926
vn 0.0 -0.222528 0.974926
vn 0.0 -0.270832 0.962627
vn 0.0 -0.270832 0.962627
vn 0.0 -0.318486 0.947928
vn 0.0 -0.318486 0.947928
vn 0.0 -0.36535 0.93087
vn 0.0 -0.36535 0.93087
vn 0.0 -0.41128 0.911509
vn 0.0 -0.41128 0.911509
vn 0.0 -0.456217 0.889868
vn 0.0 -0.499993 0.86603
vn 0.0 -0.456217 0.889868
vn 0.0 -0.499993 0.86603
vn 0.0 -0.542553 0.840021
vn 0.0 -0.542553 0.840021
vn 0.0 -0.583742 0.811939
vn 0.0 -0.583742 0.811939
vn 0.0 -0.623488 0.781833
vn 0.0 -0.623488 0.781833
vn 0.0 -0.661686 0.749781
vn 0.0 -0.661686 0.749781
vn 0.0 -0.698235 0.715869
vn 0.0 -0.698235 0.715869
vn 0.0 -0.733053 0.680171
vn 0.0 -0.733053 0.680171
vn 0.0 -0.766045 0.642787
vn 0.0 -0.766045 0.642787
vn 0.0 -0.797134 0.603803
vn 0.0 -0.797134 0.603803
vn 0.0 -0.826237 0.563323
vn 0.0 -0.826237 0.563323
vn 0.0 -0.853293 0.521432
vn 0.0 -0.853293 0.521432
vn 0.0 -0.878221 0.478256
vn 0.0 -0.878221 0.478256
vn 0.0 -0.900968 0.433885
vn 0.0 -0.900968 0.433885
vn 0.0 -0.921476 0.388434
vn 0.0 -0.939693 0.34202
vn 0.0 -0.921476 0.388434
vn 0.0 -0.955572 0.294757
vn 0.0 -0.939693 0.34202
vn 0.0 -0.955572 0.294757
vn 0.0 -0.969078 0.246755
vn 0.0 -0.969078 0.246755
vn 0.0 -0.980173 0.198146
vn 0.0 -0.980173 0.198146
vn 0.0 -0.988831 0.149042
vn 0.0 -0.988831 0.149042
vn 0.0 -0.995031 0.099568
vn 0.0 -0.995031 0.099568
vn 0.0 -0.998757 0.049845
vn 0.0 -0.998757 0.049845
vn 0.0 -1.0 0.0
vn 0.0 -1.0 0.0
vn 0.0 -0.998757 -0.049845
vn -0.0 -0.998757 -0.049845
vn 0.0 -0.995031 -0.099568
vn -0.0 -0.995031 -0.099568
vn 0.0 -0.988831 -0.149042
vn -0.0 -0.988831 -0.149042
vn 0.0 -0.980173 -0.198146
vn 0.0 -0.969078 -0.246755
vn -0.0 -0.980173 -0.198146
vn 0.0 -0.969078 -0.246755
vn -0.0 -0.955572 -0.294757
vn 0.0 -0.955572 -0.294757
vn 0.0 -0.939693 -0.34202
vn 0.0 -0.939693 -0.34202
vn -0.0 -0.921476 -0.388434
vn 0.0 -0.921476 -0.388434
vn -0.0 -0.900968 -0.433885
vn 0.0 -0.900968 -0.433885
vn -0.0 -0.878221 -0.478256
vn 0.0 -0.878221 -0.478256
vn -0.0 -0.853293 -0.521432
vn 0.0 -0.853293 -0.521432
vn 0.0 -0.826237 -0.563323
vn 0.0 -0.826237 -0.563323
vn 0.0 -0.797134 -0.603803
vn 0.0 -0.797134 -0.603803
vn -0.0 -0.766045 -0.642787
vn 0.0 -0.766045 -0.642787
vn 0.0 -0.733053 -0.680171
vn 0.0 -0.733053 -0.680171
vn -0.0 -0.698235 -0.715869
vn 0.0 -0.698235 -0.715869
vn 0.0 -0.661686 -0.749781
vn 0.0 -0.661686 -0.749781
vn 0.0 -0.623488 -0.781833
vn 0.0 -0.623488 -0.781833
vn -0.0 -0.583742 -0.811939
vn 0.0 -0.583742 -0.811939
vn -0.0 -0.542553 -0.840021
vn 0.0 -0.542553 -0.840021
vn -0.0 -0.499993 -0.86603
vn 0.0 -0.499993 -0.86603
vn -0.0 -0.456217 -0.889868
vn 0.0 -0.456217 -0.889868
vn -0.0 -0.41128 -0.911509
vn 0.0 -0.41128 -0.911509
vn -0.0 -0.36535 -0.93087
vn 0.0 -0.36535 -0.93087
vn 0.0 -0.318486 -0.947928
vn 0.0 -0.318486 -0.947928
vn 0.0 -0.270832 -0.962627
vn -0.0 -0.270832 -0.962627
vn 0.0 -0.222528 -0.974926
vn -0.0 -0.222528 -0.974926
vn 0.0 -0.173646 -0.984808
vn -0.0 -0.173646 -0.984808
vn 0.0 -0.124345 -0.992239
vn -0.0 -0.124345 -0.992239
vn -0.0 -0.074732 -0.997204
vn 0.0 -0.074732 -0.997204
vn -0.0 -0.024922 -0.999689
vn 0.0 -0.024922 -0.999689
vn 0.0 0.024922 -0.999689
vn 0.0 0.024922 -0.999689
vn 0.0 0.074732 -0.997204
vn 0.0 0.074732 -0.997204
vn 0.0 0.124346 -0.992239
vn 0.0 0.124346 -0.992239
vn 0.0 0.173646 -0.984808
vn 0.0 0.173646 -0.984808
vn 0.0 0.222528 -0.974926
vn 0.0 0.222528 -0.974926
vn 0.0 0.270832 -0.962627
vn 0.0 0.270832 -0.962627
vn 0.0 0.318486 -0.947928
vn 0.0 0.318486 -0.947928
vn 0.0 0.36535 -0.93087
vn 0.0 0.36535 -0.93087
vn 0.0 0.41128 -0.911509
vn 0.0 0.41128 -0.911509
vn 0.0 0.456218 -0.889868
vn 0.0 0.456218 -0.889868
vn 0.0 0.499993 -0.86603
vn 0.0 0.499993 -0.86603
vn 0.0 0.542553 -0.840022
vn 0.0 0.542553 -0.840022
vn 0.0 0.583742 -0.811939
vn 0.0 0.583742 -0.811939
vn 0.0 0.623489 -0.781832
vn 0.0 0.623489 -0.781832
vn 0.0 0.661685 -0.749782
vn 0.0 0.661685 -0.749782
vn 0.0 0.698235 -0.715868
vn 0.0 0.698235 -0.715868
vn 0.0 0.733053 -0.680171
vn 0.0 0.733053 -0.680171
vn 0.0 0.766045 -0.642787
vn 0.0 0.766045 -0.642787
vn 0.0 0.797133 -0.603803
vn 0.0 0.797133 -0.603803
vn 0.0 0.826236 -0.563324
vn 0.0 0.826236 -0.563324
vn 0.0 0.853293 -0.521432
vn 0.0 0.853293 -0.521432
vn 0.0 0.878221 -0.478255
vn 0.0 0.878221 -0.478255
vn 0.0 0.900968 -0.433886
vn 0.0 0.900968 -0.433886
vn 0.0 0.921477 -0.388433
vn 0.0 0.921477 -0.388433
vn 0.0 0.939692 -0.342021
vn 0.0 0.939692 -0.342021
vn 0.0 0.955573 -0.294755
vn 0.0 0.955573 -0.294755
vn 0.0 0.969077 -0.246758
vn 0.0 0.969077 -0.246758
vn 0.0 0.980173 -0.198145
vn 0.0 0.980173 -0.198145
vn 0.0 0.988831 -0.149043
vn 0.0 0.988831 -0.149043
vn 0.0 0.995031 -0.099567
vn 0.0 0.995031 -0.099567
vn 0.0 0.998757 -0.049847
vn 0.0 0.998757 -0.049847
vn 0.0 1.0 0.0
vn 0.0 1.0 0.0
vn 0.0 0.998757 0.049847
vn 0.0 0.998757 0.049847
vn 0.0 0.995031 0.099567
vn 0.0 0.995031 0.099567
vn 0.0 0.988831 0.149043
vn 0.0 0.988831 0.149043
vn 0.0 0.980173 0.198145
vn 0.0 0.980173 0.198145
vn 0.0 0.969077 0.246758
vn 0.0 0.969077 0.246758
vn 0.0 0.955573 0.294755
vn 0.0 0.955573 0.294755
vn 0.0 0.939692 0.342021
vn 0.0 0.939692 0.342021
vn 0.0 0.921477 0.388433
vn 0.0 0.921477 0.388433
vn 0.0 0.900968 0.433886
vn 0.0 0.900968 0.433886
vn 0.0 0.878221 0.478255
vn 0.0 0.878221 0.478255
vn 0.0 0.853293 0.521432
vn 0.0 0.853293 0.521432
vn 0.0 0.826236 0.563324
vn 0.0 0.826236 0.563324
vn 0.0 0.797133 0.603803
vn 0.0 0.797133 0.603803
vn 0.0 0.766045 0.642787
vn 0.0 0.766045 0.642787
vn 0.0 0.733053 0.680171
vn 0.0 0.733053 0.680171
vn 0.0 0.698235 0.715868
vn 0.0 0.698235 0.715868
vn 0.0 0.661685 0.749782
vn 0.0 0.661685 0.749782
vn 0.0 0.623489 0.781832
vn 0.0 0.623489 0.781832
vn 0.0 0.583742 0.811939
vn 0.0 0.583742 0.811939
vn 0.0 0.542553 0.840022
vn 0.0 0.542553 0.840022
vn 0.0 0.499993 0.86603
vn 0.0 0.499993 0.86603
vn 0.0 0.456218 0.889868
vn 0.0 0.456218 0.889868
vn 0.0 0.41128 0.911509
vn 0.0 0.41128 0.911509
vn 0.0 0.36535 0.93087
vn 0.0 0.36535 0.93087
vn 0.0 0.318486 0.947928
vn 0.0 0.318486 0.947928
vn 0.0 0.270832 0.962627
vn 0.0 0.270832 0.962627
vn 0.0 0.222528 0.974926
vn 0.0 0.222528 0.974926
vn 0.0 0.173646 0.984808
vn 0.0 0.173646 0.984808
vn 0.0 0.124346 0.992239
vn 0.0 0.124346 0.992239
vn 0.0 0.074732 0.997204
vn 0.0 0.074732 0.997204
vn -0.0 0.024922 0.999689
vn 0.0 0.024922 0.999689
vn 0.0 -0.999807 0.019633
vn -9e-05 -0.997429 0.071657
vn -5.4e-05 -0.998298 0.058322
vn -3.2e-05 -0.995348 0.096346
vn 5e-06 -0.990943 0.134284
vn -7.7e-05 -0.977794 0.20957
vn -1e-05 -0.985089 0.172047
vn -7.7e-05 -0.977764 0.209709
vn -9e-06 -0.968976 0.247155
vn 4e-06 -0.959234 0.282614
vn -7.8e-05 -0.94137 0.337377
vn -2.9e-05 -0.948169 0.317767
vn -3.3e-05 -0.93511 0.354359
vn 6e-06 -0.920512 0.390714
vn -7.1e-05 -0.890877 0.454244
vn -1.2e-05 -0.904171 0.42717
vn -4.4e-05 -0.886265 0.463178
vn 5e-06 -0.866851 0.498567
vn -6.9e-05 -0.828649 0.559769
vn -9e-06 -0.844593 0.535409
vn -2.7e-05 -0.819398 0.573225
vn 7e-06 -0.794333 0.607482
vn -6.6e-05 -0.756703 0.653759
vn -2.3e-05 -0.767827 0.640657
vn -9e-06 -0.738238 0.674541
vn 6e-06 -0.70831 0.705902
vn -0.000114 -0.662608 0.748967
vn -5.4e-05 -0.677136 0.735858
vn -4.4e-05 -0.644677 0.764455
vn 8e-06 -0.61108 0.791569
vn -1.6e-05 -0.576103 0.817377
vn -0.000137 -0.536203 0.844089
vn -0.000116 -0.540346 0.841443
vn -3.1e-05 -0.50342 0.864042
vn 1e-05 -0.465493 0.885051
vn -2.9e-05 -0.42689 0.904304
vn -0.000137 -0.390871 0.920445
vn -0.00012 -0.38732 0.921945
vn -1.5e-05 -0.347177 0.9378
vn 8e-06 -0.306095 0.952001
vn -5.1e-05 -0.26471 0.964328
vn -0.000144 -0.237244 0.97145
vn -8.5e-05 -0.222779 0.974869
vn -0.0 -0.180378 0.983597
vn -0.0 -0.137534 0.990497
vn -0.000148 -0.079135 0.996864
vn -8.6e-05 -0.094771 0.995499
vn -6.3e-05 -0.05473 0.998501
vn 0.0 -0.018361 0.999831
vn -0.99971 0.0 0.024101
vn -0.997387 -2.4e-05 0.072239
vn -0.999699 2.5e-05 0.024544
vn -0.992748 -4.8e-05 0.120211
vn -0.997291 4.9e-05 0.073562
vn -0.985803 -7e-05 0.167906
vn -0.99248 7.2e-05 0.122409
vn -0.976569 -9.2e-05 0.215204
vn -0.985278 9.4e-05 0.17096
vn -0.965064 -0.000113 0.262013
vn -0.975702 0.000115 0.219102
vn -0.951318 -0.000132 0.308212
vn -0.963776 0.000135 0.266712
vn -0.949527 0.000155 0.313685
vn -0.935362 -0.000151 0.353691
vn -0.932994 0.000173 0.359892
vn -0.917238 -0.00017 0.398339
vn -0.914209 0.000191 0.405242
vn -0.896974 -0.000187 0.442084
vn -0.893224 0.000207 0.449612
vn -0.874638 -0.000203 0.484776
vn -0.870085 0.000223 0.492901
vn -0.850261 -0.000218 0.526361
vn -0.844856 0.000238 0.534994
vn -0.823911 -0.000232 0.566719
vn -0.817583 0.000252 0.575811
vn -0.795646 -0.000245 0.605762
vn -0.78835 0.000264 0.615227
vn -0.765539 -0.000258 0.643389
vn -0.757209 0.000276 0.653173
vn -0.733646 -0.00027 0.679532
vn -0.724245 0.000288 0.689543
vn -0.700059 -0.00028 0.714085
vn -0.689543 0.000298 0.724245
vn -0.66483 -0.00029 0.746994
vn -0.653173 0.000307 0.757209
vn -0.628069 -0.000299 0.778158
vn -0.615227 0.000315 0.78835
vn -0.589848 -0.000307 0.807515
vn -0.575811 0.000323 0.817583
vn -0.550254 -0.000314 0.834997
vn -0.534994 0.00033 0.844856
vn -0.509386 -0.00032 0.860538
vn -0.492901 0.000336 0.870085
vn -0.467323 -0.000325 0.884086
vn -0.449612 0.00034 0.893224
vn -0.424187 -0.00033 0.905575
vn -0.405242 0.000344 0.914209
vn -0.380063 -0.000333 0.924961
vn -0.335051 -0.000335 0.9422
vn -0.359892 0.000347 0.932994
vn -0.301004 -8e-06 0.953623
vn -0.278235 9e-06 0.960513
vn -0.313685 0.000349 0.949527
vn -0.255202 9e-06 0.966888
vn -0.231957 -9e-06 0.972726
vn -0.266712 0.000351 0.963776
vn -0.208621 2.8e-05 0.977996
vn -0.185246 -2.4e-05 0.982692
vn -0.219102 0.000352 0.975702
vn -0.157921 -7.2e-05 0.987452
vn -0.124663 0.000107 0.992199
vn -0.17096 0.000352 0.985278
vn -0.122409 0.000216 0.99248
vn -0.089135 -0.000145 0.99602
vn -0.073562 0.000362 0.997291
vn -0.053474 -0.000182 0.998569
vn -0.024544 0.000292 0.999699
vn -0.017843 0.0 0.999841
vn -1.0 0.0 0.0
vn -1.0 0.0 0.0
vn -1.0 0.0 0.0
vn 0.0 0.0 1.0
vn 0.0 0.0 1.0
vn 1.0 0.0 0.0
vn 1.0 -0.0 0.0
vn 1.0 0.0 0.0
vn 0.017843 0.0 0.999841
vn 0.053474 -0.000182 0.998569
vn 0.024544 0.000292 0.999699
vn 0.089134 -0.000145 0.99602
vn 0.073562 0.000362 0.997291
vn 0.157921 -7.2e-05 0.987452
vn 0.124664 0.000107 0.992199
vn 0.122409 0.000216 0.99248
vn 0.208621 2.8e-05 0.977997
vn 0.185245 -2.4e-05 0.982692
vn 0.170961 0.000352 0.985278
vn 0.255202 9e-06 0.966888
vn 0.231959 -9e-06 0.972726
vn 0.219101 0.000352 0.975702
vn 0.300999 -8e-06 0.953624
vn 0.278237 9e-06 0.960512
vn 0.266713 0.000351 0.963776
vn 0.335052 -0.000335 0.9422
vn 0.313686 0.000349 0.949527
vn 0.380062 -0.000333 0.924961
vn 0.359891 0.000347 0.932994
vn 0.424189 -0.00033 0.905574
vn 0.405241 0.000344 0.91421
vn 0.467325 -0.000325 0.884086
vn 0.449611 0.00034 0.893224
vn 0.509383 -0.00032 0.86054
vn 0.4929 0.000335 0.870086
vn 0.550256 -0.000314 0.834996
vn 0.534996 0.00033 0.844855
vn 0.589848 -0.000307 0.807515
vn 0.575811 0.000323 0.817583
vn 0.628066 -0.000299 0.77816
vn 0.615227 0.000315 0.78835
vn 0.664834 -0.00029 0.746991
vn 0.653175 0.000307 0.757207
vn 0.700057 -0.000281 0.714086
vn 0.689541 0.000298 0.724247
vn 0.733646 -0.00027 0.679532
vn 0.724245 0.000288 0.689543
vn 0.765537 -0.000258 0.643392
vn 0.757211 0.000276 0.653171
vn 0.795648 -0.000246 0.605759
vn 0.788346 0.000265 0.615232
vn 0.823913 -0.000232 0.566716
vn 0.817586 0.000252 0.575806
vn 0.850261 -0.000218 0.526361
vn 0.844854 0.000238 0.534997
vn 0.874635 -0.000203 0.484782
vn 0.870087 0.000223 0.492898
vn 0.896977 -0.000186 0.442077
vn 0.893224 0.000207 0.449612
vn 0.917235 -0.00017 0.398346
vn 0.914208 0.000191 0.405245
vn 0.935364 -0.000152 0.353688
vn 0.932993 0.000173 0.359895
vn 0.951319 -0.000132 0.308209
vn 0.949529 0.000155 0.313678
vn 0.965064 -0.000113 0.262013
vn 0.963776 0.000135 0.266712
vn 0.976568 -9.2e-05 0.215208
vn 0.975701 0.000115 0.219105
vn 0.985278 9.4e-05 0.17096
vn 0.985803 -7e-05 0.167906
vn 0.99248 7.2e-05 0.122409
vn 0.992748 -4.8e-05 0.120215
vn 0.99729 4.9e-05 0.073566
vn 0.997387 -2.4e-05 0.072239
vn 0.999699 2.5e-05 0.02454
vn 0.99971 0.0 0.024097
vn -0.0 -0.999807 0.019633
vn 5.4e-05 -0.998298 0.058322
vn 3.2e-05 -0.995348 0.096346
vn -5e-06 -0.990943 0.134284
vn 1e-05 -0.985089 0.172047
vn 9e-05 -0.997429 0.071657
vn 7.7e-05 -0.977764 0.20971
vn 9e-06 -0.968976 0.247155
vn -4e-06 -0.959234 0.282614
vn 2.9e-05 -0.948169 0.317767
vn 7.7e-05 -0.977794 0.20957
vn 3.3e-05 -0.935109 0.354359
vn -6e-06 -0.920512 0.390714
vn 1.2e-05 -0.904171 0.42717
vn 7.8e-05 -0.94137 0.337377
vn 4.4e-05 -0.886265 0.463178
vn -5e-06 -0.866851 0.498567
vn 9e-06 -0.844593 0.535409
vn 7.1e-05 -0.890877 0.454244
vn 2.7e-05 -0.819398 0.573225
vn -7e-06 -0.794333 0.607482
vn 2.3e-05 -0.767827 0.640657
vn 6.9e-05 -0.828649 0.559769
vn 9e-06 -0.738238 0.674541
vn -6e-06 -0.70831 0.705902
vn 5.4e-05 -0.677136 0.735858
vn 6.6e-05 -0.756703 0.653759
vn 0.000114 -0.662608 0.748966
vn 4.4e-05 -0.644677 0.764455
vn -8e-06 -0.611079 0.791569
vn 1.6e-05 -0.576103 0.817377
vn 0.000116 -0.540346 0.841443
vn 0.000137 -0.536203 0.844089
vn 3.1e-05 -0.50342 0.864042
vn -1e-05 -0.465493 0.885051
vn 2.9e-05 -0.42689 0.904304
vn 0.000137 -0.390871 0.920445
vn 0.00012 -0.38732 0.921945
vn 1.5e-05 -0.347177 0.937799
vn -8e-06 -0.306095 0.952001
vn 5.1e-05 -0.26471 0.964328
vn 8.5e-05 -0.222779 0.974869
vn 0.0 -0.180378 0.983597
vn 0.0 -0.137534 0.990497
vn 0.000144 -0.237244 0.97145
vn 8.6e-05 -0.094771 0.995499
vn 6.3e-05 -0.05473 0.998501
vn 0.0 -0.018361 0.999831
vn 0.000148 -0.079135 0.996864
vn 1.0 -0.0 0.0
vn 1.0 0.0 0.0
vn 1.0 -0.0 0.0
vn 1.0 0.0 0.0
vn 1.0 -0.0 0.0
vn 1.0 0.0 0.0
vn 1.0 -0.0 0.0
vn 1.0 0.0 0.0
vn 1.0 -0.0 0.0
vn 1.0 0.0 0.0
vn 1.0 -0.0 0.0
vn 1.0 0.0 0.0
vn 1.0 -0.0 0.0
vn 1.0 0.0 0.0
vn 1.0 -0.0 0.0
vn 1.0 0.0 0.0
vn 1.0 -0.0 0.0
vn 1.0 0.0 0.0
vn 1.0 -0.0 0.0
vn 1.0 0.0 0.0
vn 1.0 -0.0 0.0
vn 1.0 0.0 0.0
vn 1.0 -0.0 0.0
vn 1.0 0.0 0.0
vn 1.0 -0.0 0.0
vn 1.0 0.0 0.0
vn 1.0 -0.0 0.0
vn 1.0 0.0 0.0
vn 1.0 -0.0 0.0
vn 1.0 0.0 0.0
vn 1.0 -0.0 0.0
vn 1.0 0.0 0.0
vn 1.0 0.0 0.0
vn 1.0 0.0 0.0
vn 1.0 0.0 0.0
vn 1.0 0.0 0.0
vn 1.0 0.0 0.0
vn 1.0 0.0 0.0
vn 1.0 0.0 0.0
vn 1.0 0.0 0.0
vn 1.0 0.0 0.0
vn 1.0 0.0 0.0
vn 1.0 0.0 0.0
vn 1.0 0.0 0.0
vn 1.0 0.0 0.0
vn 1.0 0.0 0.0
vn 1.0 0.0 0.0
vn 1.0 0.0 0.0
vn 1.0 0.0 0.0
vn 1.0 0.0 0.0
vn 1.0 0.0 0.0
vn 1.0 0.0 0.0
vn 1.0 0.0 0.0
vn 1.0 0.0 0.0
vn 1.0 0.0 0.0
vn 1.0 0.0 0.0
vn 1.0 0.0 0.0
vn 1.0 0.0 0.0
vn 1.0 0.0 0.0
vn 1.0 0.0 0.0
vn 1.0 0.0 0.0
vn 1.0 0.0 0.0
vn 1.0 0.0 0.0
vn 1.0 0.0 0.0
vn 1.0 0.0 0.0
vn 1.0 0.0 0.0
vn 1.0 0.0 0.0
vn 1.0 0.0 0.0
vn 1.0 0.0 0.0
vn 1.0 0.0 0.0
vn 1.0 0.0 0.0
vn 1.0 0.0 0.0
vn 1.0 0.0 0.0
vn 1.0 0.0 0.0
vn 1.0 0.0 0.0
vn 1.0 0.0 0.0
vn 1.0 0.0 0.0
vn 1.0 0.0 0.0
vn 1.0 0.0 0.0
vn 1.0 0.0 0.0
vn 1.0 0.0 0.0
vn 1.0 0.0 0.0
vn 1.0 0.0 0.0
vn 1.0 0.0 0.0
vn 1.0 0.0 0.0
vn 1.0 0.0 0.0
vn 1.0 0.0 0.0
vn 1.0 0.0 0.0
vn 1.0 0.0 0.0
vn 1.0 0.0 0.0
vn 1.0 0.0 0.0
vn 1.0 0.0 0.0
vn 1.0 0.0 0.0
vn 1.0 0.0 0.0
vn 1.0 -0.0 0.0
vn 1.0 0.0 0.0
vn 1.0 -0.0 0.0
vn 1.0 0.0 0.0
vn 1.0 -0.0 0.0
vn 1.0 0.0 0.0
vn 1.0 -0.0 0.0
vn 1.0 0.0 0.0
vn 1.0 -0.0 0.0
vn 1.0 0.0 0.0
vn 1.0 -0.0 0.0
vn 1.0 0.0 0.0
vn 1.0 0.0 0.0
vn 1.0 -0.0 0.0
vn 1.0 -0.0 0.0
vn 1.0 -0.0 0.0
vn 1.0 0.0 0.0
vn 1.0 -0.0 0.0
vn 1.0 0.0 0.0
vn 1.0 0.0 0.0
vn 1.0 -0.0 0.0
vn 1.0 -0.0 0.0
vn 1.0 -0.0 0.0
vn 1.0 0.0 0.0
vn 1.0 0.0 0.0
vn 1.0 -0.0 0.0
vn 1.0 -0.0 0.0
vn 1.0 0.0 0.0
vn 1.0 -0.0 0.0
vn 1.0 -0.0 0.0
vn 1.0 0.0 0.0
vn 1.0 0.0 0.0
vn 1.0 -0.0 0.0
vn 1.0 -0.0 0.0
vn 1.0 0.0 0.0
vn 1.0 0.0 0.0
vn 1.0 -0.0 0.0
vn 1.0 0.0 0.0
vn 1.0 0.0 0.0
vn 1.0 0.0 0.0
vn 1.0 -0.0 0.0
vn 1.0 0.0 0.0
vn 1.0 -0.0 0.0
vn 1.0 0.0 0.0
vn 1.0 0.0 0.0
vn 1.0 0.0 0.0
vn 1.0 0.0 0.0
vn 1.0 0.0 0.0
vn 1.0 0.0 0.0
vn 1.0 0.0 0.0
vn 1.0 0.0 0.0
vn 1.0 0.0 0.0
vn 1.0 0.0 0.0
vn 1.0 0.0 0.0
vn 1.0 0.0 0.0
vn 1.0 0.0 0.0
vn 1.0 0.0 0.0
vn 1.0 0.0 0.0
vn 1.0 0.0 0.0
vn 1.0 0.0 0.0
vn 1.0 0.0 0.0
vn 1.0 0.0 0.0
vn 1.0 0.0 0.0
vn 1.0 0.0 0.0
vn 1.0 0.0 0.0
vn 1.0 0.0 0.0
vn 1.0 0.0 0.0
vn 1.0 0.0 0.0
vn 1.0 0.0 0.0
vn 1.0 0.0 0.0
vn 1.0 0.0 0.0
vn 1.0 -0.0 0.0
vn 1.0 -0.0 0.0
vn 1.0 -0.0 0.0
vn 1.0 -0.0 0.0
vn 1.0 -0.0 0.0
vn 1.0 -0.0 0.0
vn 1.0 -0.0 0.0
vn 1.0 -0.0 0.0
vn 1.0 -0.0 0.0
vn 1.0 -0.0 0.0
vn 1.0 -0.0 0.0
vn 1.0 -0.0 0.0
vn 1.0 -0.0 0.0
vn 1.0 -0.0 0.0
vn 1.0 -0.0 0.0
vn 1.0 -0.0 0.0
vn 1.0 -0.0 0.0
vn 1.0 -0.0 0.0
vn 1.0 -0.0 0.0
vn 1.0 0.0 0.0
vn 1.0 0.0 0.0
vn 1.0 0.0 0.0
vn 1.0 0.0 0.0
vn 1.0 0.0 0.0
vn 1.0 0.0 0.0
vn 1.0 0.0 0.0
vn 1.0 0.0 0.0
vn 1.0 0.0 0.0
vn 1.0 0.0 0.0
vn 1.0 0.0 0.0
vn 1.0 0.0 0.0
vn 1.0 0.0 0.0
vn 1.0 0.0 0.0
vn 1.0 0.0 0.0
vn 1.0 0.0 0.0
vn 1.0 0.0 0.0
vn 1.0 0.0 0.0
vn 1.0 0.0 0.0
vn 1.0 0.0 0.0
vn 1.0 0.0 0.0
vn 1.0 -0.0 0.0
vn 1.0 0.0 0.0
vn 1.0 0.0 0.0
vn 1.0 -0.0 0.0
vn 1.0 0.0 0.0
vn 1.0 -0.0 0.0
vn 1.0 0.0 0.0
vn 1.0 0.0 0.0
vn 1.0 -0.0 0.0
vn 1.0 0.0 0.0
vn 1.0 -0.0 0.0
vn 1.0 0.0 0.0
vn 1.0 0.0 0.0
vn 1.0 -0.0 0.0
vn 1.0 0.0 0.0
vn 1.0 0.0 0.0
vn 1.0 -0.0 0.0
vn 1.0 0.0 0.0
vn 1.0 -0.0 0.0
vn 1.0 0.0 0.0
vn 1.0 0.0 0.0
vn 1.0 -0.0 0.0
vn 1.0 0.0 0.0
vn 1.0 -0.0 0.0
vn 1.0 0.0 0.0
vn 1.0 0.0 0.0
vn 1.0 -0.0 0.0
vn 1.0 0.0 0.0
vn 1.0 -0.0 0.0
vn 1.0 0.0 0.0
vn 1.0 0.0 0.0
vn 1.0 -0.0 0.0
vn 1.0 0.0 0.0
vn 1.0 -0.0 0.0
vn 1.0 0.0 0.0
vn 1.0 0.0 0.0
vn 1.0 -0.0 0.0
vn 1.0 0.0 0.0
vn 1.0 -0.0 0.0
vn 1.0 -0.0 0.0
vn 1.0 0.0 0.0
vn 1.0 0.0 0.0
vn 1.0 0.0 0.0
vn 1.0 -0.0 0.0
vn 1.0 0.0 0.0
vn 1.0 -0.0 0.0
vn 1.0 0.0 0.0
vn 1.0 0.0 0.0
vn 1.0 -0.0 0.0
vn 1.0 0.0 0.0
vn 1.0 -0.0 0.0
vn 1.0 0.0 0.0
vn 1.0 0.0 0.0
vn 1.0 -0.0 0.0
vn 1.0 0.0 0.0
vn 1.0 -0.0 0.0
vn 1.0 0.0 0.0
vn 1.0 0.0 0.0
vn 1.0 -0.0 0.0
vn 1.0 0.0 0.0
vn 1.0 -0.0 0.0
vn 1.0 0.0 0.0
vn 1.0 0.0 0.0
vn 1.0 -0.0 0.0
vn 1.0 0.0 0.0
vn 1.0 0.0 0.0
vn 1.0 -0.0 0.0
vn 1.0 0.0 0.0
vn 1.0 -0.0 0.0
vn 1.0 0.0 0.0
vn 1.0 0.0 0.0
vn 1.0 -0.0 0.0
vn 1.0 0.0 0.0
vn 1.0 -0.0 0.0
vn 1.0 0.0 0.0
vn 1.0 0.0 0.0
vn 1.0 -0.0 0.0
vn 1.0 0.0 0.0
vn 1.0 -0.0 0.0
vn 1.0 0.0 0.0
vn 1.0 0.0 0.0
vn 1.0 -0.0 0.0
vn 1.0 0.0 0.0
vn 1.0 0.0 0.0
vn 1.0 0.0 0.0
vn 1.0 0.0 0.0
vn 1.0 0.0 0.0
vn 1.0 0.0 0.0
vn 1.0 0.0 0.0
vn 1.0 0.0 0.0
vn 1.0 0.0 0.0
vn 1.0 0.0 0.0
vn 1.0 0.0 0.0
vn 1.0 0.0 0.0
vn 1.0 0.0 0.0
vn 1.0 0.0 0.0
vn 1.0 0.0 0.0
vn 1.0 0.0 0.0
vn 1.0 0.0 0.0
vn 1.0 0.0 0.0
vn 1.0 0.0 0.0
vn 1.0 0.0 0.0
vn 1.0 0.0 0.0
vn 1.0 0.0 0.0
vn 1.0 0.0 0.0
vn 1.0 0.0 0.0
vn 1.0 0.0 0.0
vn 1.0 0.0 0.0
vn 1.0 0.0 0.0
vn 1.0 0.0 0.0
vn 1.0 0.0 0.0
vn 1.0 0.0 0.0
vn 1.0 0.0 0.0
vn 1.0 0.0 0.0
vn 1.0 0.0 0.0
vn 1.0 0.0 0.0
vn 1.0 0.0 0.0
vn 1.0 0.0 0.0
vn 1.0 0.0 0.0
vn 1.0 0.0 0.0
vn 1.0 0.0 0.0
vn 1.0 0.0 0.0
vn 1.0 0.0 0.0
vn 1.0 0.0 0.0
vn 1.0 0.0 0.0
vn 1.0 0.0 0.0
vn 1.0 0.0 0.0
vn 1.0 0.0 0.0
vn 1.0 0.0 0.0
vn 1.0 0.0 0.0
vn 1.0 0.0 0.0
vn 1.0 0.0 0.0
vn 1.0 0.0 0.0
vn 1.0 0.0 0.0
vn 1.0 0.0 0.0
vn 1.0 0.0 0.0
vn 1.0 0.0 0.0
vn 1.0 0.0 0.0
vn 1.0 0.0 0.0
vn 1.0 0.0 0.0
vn 1.0 0.0 0.0
vn 1.0 0.0 0.0
vn 1.0 0.0 0.0
vn 1.0 0.0 0.0
vn 1.0 0.0 0.0
vn 1.0 0.0 0.0
vn 1.0 0.0 0.0
vn 1.0 0.0 0.0
vn 1.0 0.0 0.0
vn 1.0 0.0 0.0
vn 1.0 0.0 0.0
vn 1.0 0.0 0.0
vn 1.0 0.0 0.0
vn 1.0 0.0 0.0
vn 1.0 0.0 0.0
vn 1.0 0.0 0.0
vn 1.0 0.0 0.0
vn 1.0 0.0 0.0
vn 1.0 0.0 0.0
vn 1.0 0.0 0.0
vn 1.0 0.0 0.0
vn 1.0 0.0 0.0
vn 1.0 0.0 0.0
vn 1.0 0.0 0.0
vn 1.0 0.0 0.0
vn 1.0 0.0 0.0
vn 1.0 -0.0 0.0
vn 1.0 -0.0 0.0
vn 1.0 -0.0 0.0
vn 1.0 -0.0 0.0
vn 1.0 0.0 0.0
vn 1.0 0.0 0.0
vn 1.0 0.0 0.0
vn 1.0 0.0 0.0
vn 1.0 0.0 0.0
vn 1.0 0.0 0.0
vn 1.0 0.0 0.0
vn 1.0 0.0 0.0
vn 1.0 0.0 0.0
vn 1.0 0.0 0.0
vn 1.0 0.0 0.0
vn 0.0 0.0 1.0
vn 0.0 0.0 1.0
vn 0.0 0.0 1.0
vn 0.0 0.0 1.0
vn 0.0 0.0 1.0
vn 0.0 0.0 1.0
vn 0.0 0.0 1.0
vn 0.0 0.0 1.0
vn 0.0 0.0 1.0
vn 0.0 0.0 1.0
vn 0.0 0.0 1.0
vn 0.0 0.0 1.0
vn 0.0 0.0 1.0
vn 0.0 0.0 1.0
vn 0.0 0.0 1.0
vn 0.0 0.0 1.0
vn 0.0 0.0 1.0
vn 0.0 0.0 1.0
vn 0.0 0.0 1.0
vn 0.0 0.0 1.0
vn 0.0 0.0 1.0
vn 0.0 0.0 1.0
vn 0.0 0.0 1.0
vn 0.0 0.0 1.0
vn 0.0 0.0 1.0
vn 0.0 0.0 1.0
vn 0.0 0.0 1.0
vn 0.0 0.0 1.0
vn 0.0 0.0 1.0
vn 0.0 0.0 1.0
vn 0.0 0.0 1.0
vn 0.0 0.0 1.0
vn 0.0 0.0 1.0
vn 0.0 0.0 1.0
vn 0.0 0.0 1.0
vn 0.0 0.0 1.0
vn 0.0 0.0 1.0
vn 0.0 0.0 1.0
vn 0.0 0.0 1.0
vn 0.0 0.0 1.0
vn 0.0 0.0 1.0
vn 0.0 0.0 1.0
vn 0.0 0.0 1.0
vn 0.0 0.0 1.0
vn 0.0 0.0 1.0
vn 0.0 0.0 1.0
vn 0.0 0.0 1.0
vn 0.0 0.0 1.0
vn 0.0 0.0 1.0
vn 0.0 0.0 1.0
vn 0.0 0.0 1.0
vn 0.0 0.0 1.0
vn 0.0 0.0 1.0
vn 0.0 0.0 1.0
vn 0.0 0.0 1.0
vn 0.0 0.0 1.0
vn 0.0 0.0 1.0
vn 0.0 0.0 1.0
vn 0.0 0.0 1.0
vn 0.0 0.0 1.0
vn 0.0 0.0 1.0
vn 0.0 0.0 1.0
vn 0.0 0.0 1.0
vn 0.0 0.0 1.0
vn 0.0 0.0 1.0
vn 0.0 0.0 1.0
vn 0.0 0.0 1.0
vn 0.0 0.0 1.0
vn 0.0 0.0 1.0
vn 0.0 0.0 1.0
vn 0.0 0.0 1.0
vn 0.0 0.0 1.0
vn 0.0 0.0 1.0
vn 0.0 0.0 1.0
vn 0.0 0.0 1.0
vn 0.0 0.0 1.0
vn 0.0 0.0 1.0
vn 0.0 0.0 1.0
vn 0.0 0.0 1.0
vn 0.0 0.0 1.0
vn 0.0 0.0 1.0
vn 0.0 0.0 1.0
vn 0.0 0.0 1.0
vn 0.0 0.0 1.0
vn 0.0 0.0 1.0
vn 0.0 0.0 1.0
vn 0.0 0.0 1.0
vn 0.0 0.0 1.0
vn 0.0 0.0 1.0
vn 0.0 0.0 1.0
vn 0.0 0.0 1.0
vn 0.0 0.0 1.0
vn 0.0 0.0 1.0
vn 0.0 0.0 1.0
vn 0.0 0.0 1.0
vn 0.0 0.0 1.0
vn 0.0 0.0 1.0
vn 0.0 0.0 1.0
vn 0.0 0.0 1.0
vn 0.0 0.0 1.0
vn 0.0 0.0 1.0
vn 0.0 0.0 1.0
vn 0.0 0.0 1.0
vn 0.0 0.0 1.0
vn 0.0 0.0 1.0
vn 0.0 0.0 1.0
vn 0.0 0.0 1.0
vn 0.0 0.0 1.0
vn 0.0 0.0 1.0
vn 0.0 0.0 1.0
vn 0.0 0.0 1.0
vn 0.0 0.0 1.0
vn 0.0 0.0 1.0
vn 0.0 0.0 1.0
vn 0.0 0.0 1.0
vn 0.0 0.0 1.0
vn 0.0 0.0 1.0
vn 0.0 0.0 1.0
vn 0.0 0.0 1.0
vn 0.0 0.0 1.0
vn 0.0 0.0 1.0
vn 0.0 0.0 1.0
vn 0.0 0.0 1.0
vn 0.0 0.0 1.0
vn 0.0 0.0 1.0
vn 0.0 0.0 1.0
vn 0.0 0.0 1.0
vn 0.0 0.0 1.0
vn 0.0 0.0 1.0
vn 0.0 0.0 1.0
vn 0.0 0.0 1.0
vn 0.0 0.0 1.0
vn 0.0 0.0 1.0
vn 0.0 0.0 1.0
vn 0.0 0.0 1.0
vn 0.0 0.0 1.0
vn 0.0 0.0 1.0
vn 0.0 0.0 1.0
vn 0.0 0.0 1.0
vn 0.0 0.0 1.0
vn 0.0 0.0 1.0
vn 0.0 0.0 1.0
vn 0.0 0.0 1.0
vn 0.0 0.0 1.0
vn 0.0 0.0 1.0
vn 0.0 0.0 1.0
vn 0.0 0.0 1.0
vn 0.0 0.0 1.0
vn 0.0 0.0 1.0
vn 0.0 0.0 1.0
vn 0.0 0.0 1.0
vn 0.0 0.0 1.0
vn 0.0 0.0 1.0
vn 0.0 0.0 1.0
vn 0.0 0.0 1.0
vn 0.0 0.0 1.0
vn 0.0 0.0 1.0
vn 0.0 0.0 1.0
vn 0.0 0.0 1.0
vn 0.0 0.0 1.0
vn 0.0 0.0 1.0
vn 0.0 0.0 1.0
vn 0.0 0.0 1.0
vn 0.0 0.0 1.0
vn 0.0 0.0 1.0
vn 0.0 0.0 1.0
vn 0.0 0.0 1.0
vn 0.0 0.0 1.0
vn 0.0 0.0 1.0
vn 0.0 0.0 1.0
vn 0.0 0.0 1.0
vn 0.0 0.0 1.0
vn 0.0 0.0 1.0
vn 0.0 0.0 1.0
vn 0.0 0.0 1.0
vn 0.0 0.0 1.0
vn 0.0 0.0 1.0
vn 0.0 0.0 1.0
vn 0.0 0.0 1.0
vn 0.0 0.0 1.0
vn 0.0 0.0 1.0
vn 0.0 0.0 1.0
vn 0.0 0.0 1.0
vn 0.0 0.0 1.0
vn 0.0 0.0 1.0
vn 0.0 0.0 1.0
vn 0.0 0.0 1.0
vn 0.0 0.0 1.0
vn 0.0 0.0 1.0
vn 0.0 0.0 1.0
vn 0.0 0.0 1.0
vn 0.0 0.0 1.0
vn 0.0 0.0 1.0
vn 0.0 0.0 1.0
vn 0.0 0.0 1.0
vn 0.0 0.0 1.0
vn 0.0 0.0 1.0
vn 0.0 0.0 1.0
vn 0.0 0.0 1.0
vn 0.0 0.0 1.0
vn 0.0 0.0 1.0
vn 0.0 0.0 1.0
vn 0.0 0.0 1.0
vn 0.0 0.0 1.0
vn 0.0 0.0 1.0
vn 0.0 0.0 1.0
vn 0.0 0.0 1.0
vn 0.0 0.0 1.0
vn 0.0 0.0 1.0
vn 0.0 0.0 1.0
vn 0.0 0.0 1.0
vn 0.0 0.0 1.0
vn 0.0 0.0 1.0
vn 0.0 0.0 1.0
vn 0.0 0.0 1.0
vn 0.0 0.0 1.0
vn 0.0 0.0 1.0
vn 0.0 0.0 1.0
vn 0.0 0.0 1.0
vn 0.0 0.0 1.0
vn 0.0 0.0 1.0
vn 0.0 0.0 1.0
vn 0.0 0.0 1.0
vn 0.0 0.0 1.0
vn 0.0 0.0 1.0
vn 0.0 0.0 1.0
vn 0.0 0.0 1.0
vn 0.0 0.0 1.0
vn 0.0 0.0 1.0
vn 0.0 0.0 1.0
vn 0.0 0.0 1.0
vn 0.0 0.0 1.0
vn 0.0 0.0 1.0
vn 0.0 0.0 1.0
vn 0.0 0.0 1.0
vn 0.0 0.0 1.0
vn 0.0 0.0 1.0
vn 0.0 0.0 1.0
vn 0.0 0.0 1.0
vn 0.0 0.0 1.0
vn 0.0 0.0 1.0
vn 0.0 0.0 1.0
vn 0.0 0.0 1.0
vn 0.0 0.0 1.0
vn 0.0 0.0 1.0
vn 0.0 0.0 1.0
vn 0.0 0.0 1.0
vn 0.0 0.0 1.0
vn 0.0 0.0 1.0
vn 0.0 0.0 1.0
vn 0.0 0.0 1.0
vn 0.0 0.0 1.0
vn 0.0 0.0 1.0
vn 0.0 0.0 1.0
vn 0.0 0.0 1.0
vn 0.0 0.0 1.0
vn 0.0 0.0 1.0
vn 0.0 0.0 1.0
vn 0.0 0.0 1.0
vn 0.0 0.0 1.0
vn 0.0 0.0 1.0
vn 0.0 0.0 1.0
vn 0.0 0.0 1.0
vn 0.0 0.0 1.0
vn 0.0 0.0 1.0
vn 0.0 0.0 1.0
vn 0.0 0.0 1.0
vn 0.0 0.0 1.0
vn 0.0 0.0 1.0
vn 0.0 0.0 1.0
vn 0.0 0.0 1.0
vn 0.0 0.0 1.0
vn 0.0 0.0 1.0
vn 0.0 0.0 1.0
vn 0.0 0.0 1.0
vn 0.0 0.0 1.0
vn 0.0 0.0 1.0
vn 0.0 0.0 1.0
vn 0.0 0.0 1.0
vn 0.0 0.0 1.0
vn 0.0 0.0 1.0
vn 0.0 0.0 1.0
vn 0.0 0.0 1.0
vn 0.0 0.0 1.0
vn 0.0 0.0 1.0
vn 0.0 0.0 1.0
vn 0.0 0.0 1.0
vn 0.0 0.0 1.0
vn 0.0 0.0 1.0
vn 0.0 0.0 1.0
vn 0.0 0.0 1.0
vn 0.0 0.0 1.0
vn 0.0 0.0 1.0
vn 0.0 0.0 1.0
vn 0.0 0.0 1.0
vn 0.0 0.0 1.0
vn 0.0 0.0 1.0
vn 0.0 0.0 1.0
vn 0.0 0.0 1.0
vn 0.0 0.0 1.0
vn 0.0 0.0 1.0
vn 0.0 0.0 1.0
vn 0.0 0.0 1.0
vn 0.0 0.0 1.0
vn 0.0 0.0 1.0
vn 0.0 0.0 1.0
vn 0.0 0.0 1.0
vn 0.0 0.0 1.0
vn 0.0 0.0 1.0
vn 0.0 0.0 1.0
vn 0.0 0.0 1.0
vn 0.0 0.0 1.0
vn 0.0 0.0 1.0
vn 0.0 0.0 1.0
vn 0.0 0.0 1.0
vn 0.0 0.0 1.0
vn 0.0 0.0 1.0
vn 0.0 0.0 1.0
vn 0.0 0.0 1.0
vn 0.0 0.0 1.0
vn 0.0 0.0 1.0
vn 0.0 0.0 1.0
vn 0.0 0.0 1.0
vn 0.0 0.0 1.0
vn 0.0 0.0 1.0
vn 0.0 0.0 1.0
vn 0.0 0.0 1.0
vn 0.0 0.0 1.0
vn 0.0 0.0 1.0
vn 0.0 0.0 1.0
vn 0.0 0.0 1.0
vn 0.0 0.0 1.0
vn 0.0 0.0 1.0
vn 0.0 0.0 1.0
vn 0.0 0.0 1.0
vn 0.0 0.0 1.0
vn 0.0 0.0 1.0
vn 0.0 0.0 1.0
vn 0.0 0.0 1.0
vn 0.0 0.0 1.0
vn 0.0 0.0 1.0
vn 0.0 0.0 1.0
vn 0.0 0.0 1.0
vn 0.0 0.0 1.0
vn 0.0 0.0 1.0
vn 0.0 0.0 1.0
vn 0.0 0.0 1.0
vn 0.0 0.0 1.0
vn 0.0 0.0 1.0
vn 0.0 0.0 1.0
vn 0.0 0.0 1.0
vn 0.0 0.0 1.0
vn 0.0 0.0 1.0
vn 0.0 0.0 1.0
vn 0.0 0.0 1.0
vn 0.0 0.0 1.0
vn 0.0 0.0 1.0
vn 0.0 0.0 1.0
vn 0.0 0.0 1.0
vn 0.0 0.0 1.0
vn 0.0 0.0 1.0
vn 0.0 0.0 1.0
vn 0.0 0.0 1.0
vn 0.0 0.0 1.0
vn 0.0 0.0 1.0
vn 0.0 0.0 1.0
vn 0.0 0.0 1.0
vn 0.0 0.0 1.0
vn 0.0 0.0 1.0
vn 0.0 0.0 1.0
vn 0.0 0.0 1.0
vn 0.0 0.0 1.0
vn 0.0 0.0 1.0
vn 0.0 0.0 1.0
vn 0.0 0.0 1.0
vn 0.0 0.0 1.0
vn 0.0 0.0 1.0
vn 0.0 0.0 1.0
vn 0.0 0.0 1.0
vn 0.0 0.0 1.0
vn 0.0 0.0 1.0
vn 0.0 0.0 1.0
vn 0.0 0.0 1.0
vn 0.0 0.0 1.0
vn 0.0 0.0 1.0
vn 0.0 0.0 1.0
vn 0.0 0.0 1.0
vn 0.0 0.0 1.0
vn 0.0 0.0 1.0
vn 0.0 0.0 1.0
vn 0.0 0.0 1.0
vn 0.0 0.0 1.0
vn 0.0 0.0 1.0
vn 0.0 0.0 1.0
vn 0.0 0.0 1.0
vn 0.0 0.0 1.0
vn 0.0 0.0 1.0
vn 0.0 0.0 1.0
vn 0.0 0.0 1.0
vn 0.0 0.0 1.0
vn 0.0 0.0 1.0
vn 0.0 0.0 1.0
vn 0.0 0.0 1.0
vn 0.0 0.0 1.0
vn 0.0 0.0 1.0
vn 0.0 0.0 1.0
vn 0.0 0.0 1.0
vn 0.0 0.0 1.0
vn 0.0 0.0 1.0
vn 0.0 0.0 1.0
vn 0.0 0.0 1.0
vn 0.0 0.0 1.0
vn 0.0 0.0 1.0
vn 0.0 0.0 1.0
vn 0.0 0.0 1.0
vn 0.0 0.0 1.0
vn 0.0 0.0 1.0
vn 0.0 0.0 1.0
vn 0.0 0.0 1.0
vn 0.0 0.0 1.0
vn 0.0 0.0 1.0
vn 0.0 0.0 1.0
vn 0.0 0.0 1.0
vn 0.0 0.0 1.0
vn 0.0 0.0 1.0
vn 0.0 0.0 1.0
vn 0.0 0.0 1.0
vn 0.0 0.0 1.0
vn 0.0 0.0 1.0
vn 0.0 0.0 1.0
vn 0.0 0.0 1.0
vn 0.0 0.0 1.0
vn 0.0 0.0 1.0
vn 0.0 0.0 1.0
vn 0.0 0.0 1.0
vn 0.0 0.0 1.0
vn 0.0 0.0 1.0
vn 0.0 0.0 1.0
vn 0.0 0.0 1.0
vn 0.0 0.0 1.0
vn 0.0 0.0 1.0
vn 0.0 0.0 1.0
vn 0.0 0.0 1.0
vn 0.0 0.0 1.0
vn 0.0 0.0 1.0
vn 0.0 0.0 1.0
vn 0.0 0.0 1.0
vn 0.0 0.0 1.0
vn 0.0 0.0 1.0
vn 0.0 0.0 1.0
vn 0.0 0.0 1.0
vn 0.0 0.0 1.0
vn 0.0 0.0 1.0
vn 0.0 0.0 1.0
vn 0.0 0.0 1.0
vn 0.0 0.0 1.0
vn 0.0 0.0 1.0
vn 0.0 0.0 1.0
vn 0.0 0.0 1.0
vn 0.0 0.0 1.0
vn 0.0 0.0 1.0
vn 0.0 0.0 1.0
vn 0.0 0.0 1.0
vn 0.0 0.0 1.0
vn 0.0 0.0 1.0
vn 0.0 0.0 1.0
vn 0.0 0.0 1.0
vn 0.0 0.0 1.0
vn 0.0 0.0 1.0
vn 0.0 0.0 1.0
vn 0.0 0.0 1.0
vn 0.0 0.0 1.0
vn 0.0 0.0 1.0
vn 0.0 0.0 1.0
vn 0.0 0.0 1.0
vn 0.0 0.0 1.0
vn 0.0 0.0 1.0
vn 0.0 0.0 1.0
vn 0.0 0.0 1.0
vn 0.0 0.0 1.0
vn 0.0 0.0 1.0
vn 0.0 0.0 1.0
vn 0.0 0.0 1.0
vn 0.0 0.0 1.0
vn 0.0 0.0 1.0
vn 0.0 0.0 1.0
vn 0.0 0.0 1.0
vn 0.0 0.0 1.0
vn 0.0 0.0 1.0
vn 0.0 0.0 1.0
vn 0.0 0.0 1.0
vn 0.0 0.0 1.0
vn 0.0 0.0 1.0
vn 0.0 0.0 1.0
vn 0.0 0.0 1.0
vn 0.0 0.0 1.0
vn 0.0 0.0 1.0
vn 0.0 0.0 1.0
vn 0.0 0.0 1.0
vn 0.0 0.0 1.0
vn 0.0 0.0 1.0
vn 0.0 0.0 1.0
vn 0.0 0.0 1.0
vn 0.0 0.0 1.0
vn 0.0 0.0 1.0
vn 0.0 0.0 1.0
vn 0.0 0.0 1.0
vn 0.0 0.0 1.0
vn 0.0 0.0 1.0
vn 0.0 0.0 1.0
vn 0.0 0.0 1.0
vn 0.0 0.0 1.0
vn 0.0 0.0 1.0
vn 0.0 0.0 1.0
vn 0.0 0.0 1.0
vn 0.0 0.0 1.0
vn 0.0 0.0 1.0
vn 0.0 0.0 1.0
vn 0.0 0.0 1.0
vn 0.0 0.0 1.0
vn 0.0 0.0 1.0
vn 0.0 0.0 1.0
vn 0.0 0.0 1.0
vn 0.0 0.0 1.0
vn 0.0 0.0 1.0
vn 0.0 0.0 1.0
vn 0.0 0.0 1.0
vn 0.0 0.0 1.0
vn 0.0 0.0 1.0
vn 0.0 0.0 1.0
vn 0.0 0.0 1.0
vn 0.0 0.0 1.0
vn 0.0 0.0 1.0
vn 0.0 0.0 1.0
vn 0.0 0.0 1.0
vn 0.0 0.0 1.0
vn 0.0 0.0 1.0
vn 0.0 0.0 1.0
vn 0.0 0.0 1.0
vn 0.0 0.0 1.0
vn 0.0 0.0 1.0
vn 0.0 0.0 1.0
vn 0.0 0.0 1.0
vn 0.0 0.0 1.0
vn 0.0 0.0 1.0
vn 0.0 0.0 1.0
vn 0.0 0.0 1.0
vn 0.0 0.0 1.0
vn 0.0 0.0 1.0
vn 0.0 0.0 1.0
vn 0.0 0.0 1.0
vn 0.0 0.0 1.0
vn 0.0 0.0 1.0
vn 0.0 0.0 1.0
vn 0.0 0.0 1.0
vn 0.0 0.0 1.0
vn 0.0 0.0 1.0
vn 0.0 0.0 1.0
vn 0.0 0.0 1.0
vn 0.0 0.0 1.0
vn 0.0 0.0 1.0
vn 0.0 0.0 1.0
vn 0.0 0.0 1.0
vn 0.0 0.0 1.0
vn 0.0 0.0 1.0
vn 0.0 0.0 1.0
vn 0.0 0.0 1.0
vn 0.0 0.0 1.0
vn 0.0 0.0 1.0
vn 0.0 0.0 1.0
vn 0.0 0.0 1.0
vn 0.0 0.0 1.0
vn 0.0 0.0 1.0
vn 0.0 0.0 1.0
vn 0.0 0.0 1.0
vn 0.0 0.0 1.0
vn 0.0 0.0 1.0
vn 0.0 0.0 1.0
vn 0.0 0.0 1.0
vn 0.0 0.0 1.0
vn 0.0 0.0 1.0
vn 0.0 0.0 1.0
vn 0.0 0.0 1.0
vn 0.0 0.0 1.0
vn 0.0 0.0 1.0
vn 0.0 0.0 1.0
vn 0.0 0.0 1.0
vn 0.0 0.0 1.0
vn 0.0 0.0 1.0
vn 0.0 0.0 1.0
vn 0.0 0.0 1.0
vn 0.0 0.0 1.0
vn 0.0 0.0 1.0
vn 0.0 0.0 1.0
vn 0.0 0.0 1.0
vn 0.0 0.0 1.0
vn 0.0 0.0 1.0
vn 0.0 0.0 1.0
vn 0.0 0.0 1.0
vn 0.0 0.0 1.0
vn 0.0 0.0 1.0
vn 0.0 0.0 1.0
vn 0.0 0.0 1.0
vn 0.0 0.0 1.0
vn 0.0 0.0 1.0
vn 0.0 0.0 1.0
vn 0.0 0.0 1.0
vn 0.0 0.0 1.0
vn 0.0 0.0 1.0
vn 0.0 0.0 1.0
vn 0.0 0.0 1.0
vn 0.0 0.0 1.0
vn 0.0 0.0 1.0
vn 0.0 0.0 1.0
vn 0.0 0.0 1.0
vn 0.0 0.0 1.0
vn 0.0 0.0 1.0
vn 0.0 0.0 1.0
vn 0.0 0.0 1.0
vn -0.0 0.0 1.0
vn -0.0 0.0 1.0
vn -0.0 0.0 1.0
vn -0.0 0.0 1.0
vn -0.0 0.0 1.0
vn 0.0 0.0 1.0
vn 0.0 0.0 1.0
vn 0.0 0.0 1.0
vn 0.0 0.0 1.0
vn 0.0 0.0 1.0
vn 0.0 0.0 1.0
vn 0.0 -0.0 1.0
vn 0.0 0.0 1.0
vn 0.0 0.0 1.0
vn 0.0 0.0 1.0
vn 0.0 0.0 1.0
vn 0.0 0.0 1.0
vn 0.0 0.0 1.0
vn 0.0 0.0 1.0
vn 0.0 0.0 1.0
vn 0.0 0.0 1.0
vn 0.0 0.0 1.0
vn 0.0 0.0 1.0
vn 0.0 0.0 1.0
vn 0.0 0.0 1.0
vn 0.0 0.0 1.0
vn 0.0 0.0 1.0
vn 0.0 0.0 1.0
vn 0.0 0.0 1.0
vn 0.0 0.0 1.0
vn 0.0 0.0 1.0
vn 0.0 0.999811 0.019429
vn 0.0 0.999811 0.019429
vn 0.0 0.998295 0.05837
vn 0.0 0.998295 0.05837
vn 0.0 0.995339 0.096433
vn 0.0 0.99534 0.096433
vn 0.0 0.99095 0.134231
vn 0.0 0.99095 0.134231
vn 0.0 0.985077 0.172115
vn 0.0 0.985077 0.172115
vn 0.0 0.977759 0.209733
vn 0.0 0.977759 0.209733
vn 0.0 0.969039 0.246909
vn 0.0 0.969039 0.246909
vn 0.0 0.959177 0.282806
vn 0.0 0.959177 0.282806
vn 0.0 0.948172 0.317757
vn 0.0 0.948172 0.317757
vn 0.0 0.935163 0.354217
vn 0.0 0.935163 0.354217
vn 0.0 0.920442 0.390878
vn 0.0 0.920442 0.390878
vn 0.0 0.90422 0.427066
vn 0.0 0.886168 0.463363
vn 0.0 0.90422 0.427066
vn 0.0 0.886168 0.463363
vn 0.0 0.866959 0.49838
vn 0.0 0.844599 0.5354
vn 0.0 0.866958 0.49838
vn 0.0 0.819379 0.573252
vn 0.0 0.844599 0.5354
vn 0.0 0.794347 0.607465
vn 0.0 0.819379 0.573252
vn 0.0 0.767672 0.640842
vn 0.0 0.794347 0.607465
vn 0.0 0.73839 0.674374
vn 0.0 0.767672 0.640842
vn 0.0 0.708252 0.70596
vn 0.0 0.73839 0.674374
vn 0.0 0.677049 0.735938
vn 0.0 0.708252 0.70596
vn 0.0 0.644613 0.764509
vn 0.0 0.677049 0.735938
vn 0.0 0.611227 0.791456
vn 0.0 0.644613 0.764509
vn 0.0 0.576039 0.817422
vn 0.0 0.611227 0.791456
vn 0.0 0.540294 0.841476
vn 0.0 0.576039 0.817422
vn 0.0 0.540294 0.841476
vn 0.0 0.503432 0.864035
vn 0.0 0.503432 0.864035
vn 0.0 0.465456 0.885071
vn 0.0 0.465456 0.885071
vn 0.0 0.42679 0.904351
vn 0.0 0.42679 0.904351
vn 0.0 0.387268 0.921967
vn 0.0 0.387268 0.921967
vn 0.0 0.347217 0.937785
vn 0.0 0.347217 0.937785
vn 0.0 0.306055 0.952014
vn 0.0 0.306055 0.952014
vn 0.0 0.264624 0.964352
vn 0.0 0.264624 0.964352
vn 0.0 0.222734 0.974879
vn 0.0 0.222734 0.974879
vn 0.0 0.18039 0.983595
vn 0.0 0.18039 0.983595
vn 0.0 0.13752 0.990499
vn 0.0 0.13752 0.990499
vn 0.0 0.094684 0.995507
vn 0.0 0.094684 0.995507
vn 0.0 0.054661 0.998505
vn 0.0 0.054661 0.998505
vn 0.0 0.018361 0.999831
vn 0.0 0.018361 0.999831
vn -0.999689 -0.024934 -0.0
vn -0.999689 -0.024934 0.0
vn -0.997204 -0.074727 0.0
vn -0.992239 -0.124345 0.0
vn -0.997204 -0.074727 -0.0
vn -0.992239 -0.124345 0.0
vn -0.984807 -0.173651 0.0
vn -0.984807 -0.173651 -0.0
vn -0.974929 -0.222517 0.0
vn -0.974929 -0.222517 -0.0
vn -0.962624 -0.270842 0.0
vn -0.962624 -0.270842 -0.0
vn -0.947928 -0.318486 0.0
vn -0.947928 -0.318486 -0.0
vn -0.930874 -0.36534 0.0
vn -0.930874 -0.36534 -0.0
vn -0.911505 -0.411289 0.0
vn -0.911505 -0.411289 -0.0
vn -0.889872 -0.45621 0.0
vn -0.866026 -0.499999 0.0
vn -0.889872 -0.45621 -0.0
vn -0.866026 -0.499999 0.0
vn -0.840025 -0.542547 -0.0
vn -0.840025 -0.542547 0.0
vn -0.811938 -0.583744 -0.0
vn -0.811938 -0.583744 0.0
vn -0.781833 -0.623488 0.0
vn -0.781833 -0.623488 0.0
vn -0.749781 -0.661686 -0.0
vn -0.749781 -0.661686 0.0
vn -0.715866 -0.698238 -0.0
vn -0.715866 -0.698238 0.0
vn -0.680174 -0.73305 0.0
vn -0.680174 -0.73305 0.0
vn -0.642787 -0.766045 -0.0
vn -0.642787 -0.766045 0.0
vn -0.603804 -0.797133 -0.0
vn -0.603804 -0.797133 0.0
vn -0.563319 -0.826239 -0.0
vn -0.563319 -0.826239 0.0
vn -0.521435 -0.853291 -0.0
vn -0.521435 -0.853291 0.0
vn -0.478256 -0.878221 -0.0
vn -0.478256 -0.878221 0.0
vn -0.433882 -0.90097 0.0
vn -0.433882 -0.90097 0.0
vn -0.388436 -0.921476 0.0
vn -0.34202 -0.939693 0.0
vn -0.388436 -0.921476 -0.0
vn -0.294757 -0.955572 0.0
vn -0.34202 -0.939693 0.0
vn -0.294757 -0.955572 0.0
vn -0.246755 -0.969078 0.0
vn -0.246755 -0.969078 -0.0
vn -0.198148 -0.980172 0.0
vn -0.198148 -0.980172 -0.0
vn -0.149042 -0.988831 0.0
vn -0.149042 -0.988831 -0.0
vn -0.099568 -0.995031 0.0
vn -0.099568 -0.995031 -0.0
vn -0.049845 -0.998757 0.0
vn -0.049845 -0.998757 -0.0
vn 0.0 -1.0 0.0
vn -0.0 -1.0 -0.0
vn 0.049845 -0.998757 0.0
vn 0.049845 -0.998757 0.0
vn 0.099568 -0.995031 0.0
vn 0.099568 -0.995031 0.0
vn 0.149042 -0.988831 0.0
vn 0.149042 -0.988831 0.0
vn 0.198148 -0.980172 0.0
vn 0.246755 -0.969078 0.0
vn 0.198148 -0.980172 0.0
vn 0.246755 -0.969078 0.0
vn 0.294757 -0.955572 0.0
vn 0.294757 -0.955572 0.0
vn 0.34202 -0.939693 0.0
vn 0.34202 -0.939693 0.0
vn 0.388436 -0.921476 0.0
vn 0.388436 -0.921476 0.0
vn 0.433882 -0.90097 0.0
vn 0.433882 -0.90097 0.0
vn 0.478255 -0.878221 0.0
vn 0.478255 -0.878221 0.0
vn 0.521435 -0.853291 0.0
vn 0.521435 -0.853291 0.0
vn 0.563319 -0.826239 0.0
vn 0.563319 -0.826239 0.0
vn 0.603804 -0.797133 0.0
vn 0.603804 -0.797133 0.0
vn 0.642787 -0.766045 0.0
vn 0.642787 -0.766045 0.0
vn 0.680174 -0.733051 0.0
vn 0.680174 -0.733051 0.0
vn 0.715867 -0.698237 0.0
vn 0.715867 -0.698237 0.0
vn 0.74978 -0.661687 0.0
vn 0.74978 -0.661687 0.0
vn 0.781833 -0.623488 0.0
vn 0.781833 -0.623488 0.0
vn 0.811938 -0.583744 0.0
vn 0.811938 -0.583744 0.0
vn 0.840026 -0.542546 0.0
vn 0.840026 -0.542546 0.0
vn 0.866025 -0.5 0.0
vn 0.866025 -0.5 0.0
vn 0.889872 -0.45621 0.0
vn 0.889872 -0.45621 0.0
vn 0.911506 -0.411287 0.0
vn 0.911506 -0.411287 0.0
vn 0.930873 -0.365342 0.0
vn 0.930873 -0.365342 0.0
vn 0.947928 -0.318486 0.0
vn 0.947928 -0.318486 0.0
vn 0.962624 -0.27084 0.0
vn 0.962624 -0.27084 0.0
vn 0.974928 -0.222521 0.0
vn 0.974928 -0.222521 0.0
vn 0.984808 -0.173648 0.0
vn 0.984808 -0.173648 0.0
vn 0.992239 -0.124344 0.0
vn 0.992239 -0.124344 0.0
vn 0.997204 -0.07473 0.0
vn 0.997204 -0.07473 0.0
vn 0.999689 -0.02493 0.0
vn 0.999689 -0.02493 0.0
vn 0.999689 0.02493 0.0
vn 0.999689 0.02493 0.0
vn 0.997204 0.07473 0.0
vn 0.997204 0.07473 0.0
vn 0.992239 0.124344 0.0
vn 0.992239 0.124344 0.0
vn 0.984808 0.173648 0.0
vn 0.984808 0.173648 0.0
vn 0.974928 0.222521 0.0
vn 0.974928 0.222521 0.0
vn 0.962624 0.270841 0.0
vn 0.962624 0.270841 0.0
vn 0.947928 0.318486 0.0
vn 0.947928 0.318486 0.0
vn 0.930874 0.365341 0.0
vn 0.930874 0.365341 0.0
vn 0.911506 0.411287 0.0
vn 0.911506 0.411287 0.0
vn 0.889872 0.456211 0.0
vn 0.889872 0.456211 0.0
vn 0.866025 0.5 0.0
vn 0.866025 0.5 0.0
vn 0.840026 0.542545 0.0
vn 0.840026 0.542545 0.0
vn 0.811938 0.583744 0.0
vn 0.811938 0.583744 0.0
vn 0.781832 0.623489 0.0
vn 0.781832 0.623489 0.0
vn 0.749781 0.661686 0.0
vn 0.749781 0.661686 0.0
vn 0.715866 0.698237 0.0
vn 0.715866 0.698237 0.0
vn 0.680173 0.733051 0.0
vn 0.680173 0.733051 0.0
vn 0.642787 0.766045 0.0
vn 0.642787 0.766045 0.0
vn 0.603805 0.797132 0.0
vn 0.603805 0.797132 0.0
vn 0.56332 0.826239 0.0
vn 0.56332 0.826239 0.0
vn 0.521435 0.853291 0.0
vn 0.521435 0.853291 0.0
vn 0.478254 0.878221 0.0
vn 0.478254 0.878221 0.0
vn 0.433884 0.900969 0.0
vn 0.433884 0.900969 0.0
vn 0.388435 0.921476 0.0
vn 0.388435 0.921476 0.0
vn 0.34202 0.939692 0.0
vn 0.34202 0.939692 0.0
vn 0.294755 0.955573 0.0
vn 0.294755 0.955573 0.0
vn 0.246758 0.969077 0.0
vn 0.246758 0.969077 0.0
vn 0.198146 0.980172 0.0
vn 0.198146 0.980172 0.0
vn 0.149043 0.988831 0.0
vn 0.149043 0.988831 0.0
vn 0.099567 0.995031 0.0
vn 0.099567 0.995031 0.0
vn 0.049846 0.998757 0.0
vn 0.049846 0.998757 0.0
vn 0.0 1.0 0.0
vn -0.0 1.0 0.0
vn -0.049846 0.998757 0.0
vn -0.049846 0.998757 0.0
vn -0.099567 0.995031 0.0
vn -0.099567 0.995031 0.0
vn -0.149043 0.988831 0.0
vn -0.149043 0.988831 0.0
vn -0.198146 0.980172 0.0
vn -0.198146 0.980172 0.0
vn -0.246757 0.969077 0.0
vn -0.246757 0.969077 0.0
vn -0.294755 0.955573 0.0
vn -0.294755 0.955573 0.0
vn -0.342021 0.939692 0.0
vn -0.342021 0.939692 0.0
vn -0.388434 0.921476 0.0
vn -0.388434 0.921476 0.0
vn -0.433884 0.900969 0.0
vn -0.433884 0.900969 0.0
vn -0.478255 0.878221 0.0
vn -0.478255 0.878221 0.0
vn -0.521435 0.853291 0.0
vn -0.521435 0.853291 0.0
vn -0.56332 0.826239 0.0
vn -0.56332 0.826239 0.0
vn -0.603805 0.797132 0.0
vn -0.603805 0.797132 0.0
vn -0.642787 0.766045 0.0
vn -0.642787 0.766045 0.0
vn -0.680174 0.733051 0.0
vn -0.680174 0.733051 0.0
vn -0.715866 0.698238 0.0
vn -0.715866 0.698238 0.0
vn -0.749782 0.661685 0.0
vn -0.749782 0.661685 0.0
vn -0.781832 0.623489 0.0
vn -0.781832 0.623489 0.0
vn -0.811938 0.583744 0.0
vn -0.811938 0.583744 0.0
vn -0.840026 0.542546 0.0
vn -0.840026 0.542546 0.0
vn -0.866026 0.499999 0.0
vn -0.866026 0.499999 0.0
vn -0.889872 0.456211 0.0
vn -0.889872 0.456211 0.0
vn -0.911505 0.411289 0.0
vn -0.911505 0.411289 0.0
vn -0.930874 0.36534 0.0
vn -0.930874 0.36534 0.0
vn -0.947928 0.318486 0.0
vn -0.947928 0.318486 0.0
vn -0.962624 0.270843 0.0
vn -0.962624 0.270843 0.0
vn -0.974929 0.222517 0.0
vn -0.974929 0.222517 0.0
vn -0.984807 0.173651 0.0
vn -0.984807 0.173651 0.0
vn -0.992239 0.124346 0.0
vn -0.992239 0.124346 0.0
vn -0.997204 0.074727 0.0
vn -0.997204 0.074727 0.0
vn -0.999689 0.024934 0.0
vn -0.999689 0.024934 0.0
vn -0.999689 -0.024946 -0.0
vn -0.999689 -0.024946 0.0
vn -0.997206 -0.074698 0.0
vn -0.992238 -0.124357 0.0
vn -0.997206 -0.074698 -0.0
vn -0.992238 -0.124357 0.0
vn -0.984808 -0.173646 0.0
vn -0.984808 -0.173646 -0.0
vn -0.974929 -0.222517 0.0
vn -0.974929 -0.222517 -0.0
vn -0.962627 -0.270832 0.0
vn -0.962627 -0.270832 -0.0
vn -0.947924 -0.318496 0.0
vn -0.947924 -0.318496 -0.0
vn -0.930878 -0.36533 0.0
vn -0.930878 -0.36533 -0.0
vn -0.911492 -0.411318 0.0
vn -0.911492 -0.411318 -0.0
vn -0.889873 -0.456208 0.0
vn -0.866035 -0.499984 0.0
vn -0.889873 -0.456208 -0.0
vn -0.866035 -0.499984 0.0
vn -0.840027 -0.542545 -0.0
vn -0.840027 -0.542545 0.0
vn -0.811928 -0.583757 -0.0
vn -0.811928 -0.583757 0.0
vn -0.781827 -0.623496 0.0
vn -0.781827 -0.623496 0.0
vn -0.749793 -0.661673 -0.0
vn -0.749793 -0.661673 0.0
vn -0.715863 -0.698241 -0.0
vn -0.715863 -0.698241 0.0
vn -0.680166 -0.733058 0.0
vn -0.680166 -0.733058 0.0
vn -0.642792 -0.766041 -0.0
vn -0.642792 -0.766041 0.0
vn -0.603808 -0.79713 -0.0
vn -0.603808 -0.79713 0.0
vn -0.563318 -0.82624 -0.0
vn -0.563318 -0.82624 0.0
vn -0.521432 -0.853293 -0.0
vn -0.521432 -0.853293 0.0
vn -0.478256 -0.878221 -0.0
vn -0.478256 -0.878221 0.0
vn -0.433885 -0.900968 0.0
vn -0.433885 -0.900968 0.0
vn -0.388434 -0.921476 0.0
vn -0.342024 -0.939691 0.0
vn -0.388434 -0.921476 -0.0
vn -0.294754 -0.955573 0.0
vn -0.342024 -0.939691 0.0
vn -0.294754 -0.955573 0.0
vn -0.246755 -0.969078 0.0
vn -0.246755 -0.969078 -0.0
vn -0.19815 -0.980172 0.0
vn -0.19815 -0.980172 -0.0
vn -0.149039 -0.988831 0.0
vn -0.149039 -0.988831 -0.0
vn -0.099569 -0.995031 0.0
vn -0.099569 -0.995031 -0.0
vn -0.049845 -0.998757 0.0
vn -0.049845 -0.998757 -0.0
vn 0.0 -1.0 0.0
vn -0.0 -1.0 -0.0
vn 0.049845 -0.998757 0.0
vn 0.049845 -0.998757 0.0
vn 0.099567 -0.995031 0.0
vn 0.099567 -0.995031 0.0
vn 0.149042 -0.988831 0.0
vn 0.149042 -0.988831 0.0
vn 0.198146 -0.980173 0.0
vn 0.246755 -0.969078 0.0
vn 0.198146 -0.980173 0.0
vn 0.246755 -0.969078 0.0
vn 0.29476 -0.955571 0.0
vn 0.29476 -0.955571 0.0
vn 0.342016 -0.939694 0.0
vn 0.342016 -0.939694 0.0
vn 0.388443 -0.921473 0.0
vn 0.388443 -0.921473 0.0
vn 0.433876 -0.900973 0.0
vn 0.433876 -0.900973 0.0
vn 0.478256 -0.878221 0.0
vn 0.478256 -0.878221 0.0
vn 0.521432 -0.853293 0.0
vn 0.521432 -0.853293 0.0
vn 0.563329 -0.826233 0.0
vn 0.563329 -0.826233 0.0
vn 0.603797 -0.797138 0.0
vn 0.603797 -0.797138 0.0
vn 0.642792 -0.766041 0.0
vn 0.642792 -0.766041 0.0
vn 0.680166 -0.733058 0.0
vn 0.680166 -0.733058 0.0
vn 0.715875 -0.698229 0.0
vn 0.715875 -0.698229 0.0
vn 0.749781 -0.661686 0.0
vn 0.749781 -0.661686 0.0
vn 0.781827 -0.623496 0.0
vn 0.781827 -0.623496 0.0
vn 0.811939 -0.583742 0.0
vn 0.811939 -0.583742 0.0
vn 0.840027 -0.542545 0.0
vn 0.840027 -0.542545 0.0
vn 0.866025 -0.500001 0.0
vn 0.866025 -0.500001 0.0
vn 0.889873 -0.456208 0.0
vn 0.889873 -0.456208 0.0
vn 0.911509 -0.41128 0.0
vn 0.911509 -0.41128 0.0
vn 0.93087 -0.36535 0.0
vn 0.93087 -0.36535 0.0
vn 0.947924 -0.318496 0.0
vn 0.947924 -0.318496 0.0
vn 0.962627 -0.270832 0.0
vn 0.962627 -0.270832 0.0
vn 0.974929 -0.222517 0.0
vn 0.974929 -0.222517 0.0
vn 0.984808 -0.173646 0.0
vn 0.984808 -0.173646 0.0
vn 0.992238 -0.124357 0.0
vn 0.992238 -0.124357 0.0
vn 0.997204 -0.074721 0.0
vn 0.997204 -0.074721 0.0
vn 0.999689 -0.024922 0.0
vn 0.999689 -0.024922 0.0
vn 0.999689 0.024922 0.0
vn 0.999689 0.024922 0.0
vn 0.997204 0.074721 0.0
vn 0.997204 0.074721 0.0
vn 0.992238 0.124357 0.0
vn 0.992238 0.124357 0.0
vn 0.984808 0.173646 0.0
vn 0.984808 0.173646 0.0
vn 0.974929 0.222517 0.0
vn 0.974929 0.222517 0.0
vn 0.962627 0.270832 0.0
vn 0.962627 0.270832 0.0
vn 0.947924 0.318496 0.0
vn 0.947924 0.318496 0.0
vn 0.93087 0.36535 0.0
vn 0.93087 0.36535 0.0
vn 0.911509 0.41128 0.0
vn 0.911509 0.41128 0.0
vn 0.889873 0.456209 0.0
vn 0.889873 0.456209 0.0
vn 0.866025 0.500001 0.0
vn 0.866025 0.500001 0.0
vn 0.840027 0.542544 0.0
vn 0.840027 0.542544 0.0
vn 0.811939 0.583742 0.0
vn 0.811939 0.583742 0.0
vn 0.781826 0.623496 0.0
vn 0.781826 0.623496 0.0
vn 0.749782 0.661685 0.0
vn 0.749782 0.661685 0.0
vn 0.715874 0.698229 0.0
vn 0.715874 0.698229 0.0
vn 0.680165 0.733059 0.0
vn 0.680165 0.733059 0.0
vn 0.642792 0.766041 0.0
vn 0.642792 0.766041 0.0
vn 0.603798 0.797138 0.0
vn 0.603798 0.797138 0.0
vn 0.56333 0.826232 0.0
vn 0.56333 0.826232 0.0
vn 0.521432 0.853293 0.0
vn 0.521432 0.853293 0.0
vn 0.478255 0.878221 0.0
vn 0.478255 0.878221 0.0
vn 0.433877 0.900972 0.0
vn 0.433877 0.900972 0.0
vn 0.388442 0.921473 0.0
vn 0.388442 0.921473 0.0
vn 0.342017 0.939694 0.0
vn 0.342017 0.939694 0.0
vn 0.294758 0.955572 0.0
vn 0.294758 0.955572 0.0
vn 0.246758 0.969077 0.0
vn 0.246758 0.969077 0.0
vn 0.198145 0.980173 0.0
vn 0.198145 0.980173 0.0
vn 0.149043 0.988831 0.0
vn 0.149043 0.988831 0.0
vn 0.099566 0.995031 0.0
vn 0.099566 0.995031 0.0
vn 0.049847 0.998757 0.0
vn 0.049847 0.998757 0.0
vn 0.0 1.0 0.0
vn -0.0 1.0 0.0
vn -0.049847 0.998757 0.0
vn -0.049847 0.998757 0.0
vn -0.099568 0.995031 0.0
vn -0.099568 0.995031 0.0
vn -0.149039 0.988831 0.0
vn -0.149039 0.988831 0.0
vn -0.198149 0.980172 0.0
vn -0.198149 0.980172 0.0
vn -0.246758 0.969077 0.0
vn -0.246758 0.969077 0.0
vn -0.294752 0.955574 0.0
vn -0.294752 0.955574 0.0
vn -0.342025 0.939691 0.0
vn -0.342025 0.939691 0.0
vn -0.388433 0.921477 0.0
vn -0.388433 0.921477 0.0
vn -0.433886 0.900968 0.0
vn -0.433886 0.900968 0.0
vn -0.478255 0.878221 0.0
vn -0.478255 0.878221 0.0
vn -0.521432 0.853293 0.0
vn -0.521432 0.853293 0.0
vn -0.563319 0.82624 0.0
vn -0.563319 0.82624 0.0
vn -0.603809 0.797129 0.0
vn -0.603809 0.797129 0.0
vn -0.642792 0.766041 0.0
vn -0.642792 0.766041 0.0
vn -0.680165 0.733059 0.0
vn -0.680165 0.733059 0.0
vn -0.715863 0.698241 0.0
vn -0.715863 0.698241 0.0
vn -0.749793 0.661672 0.0
vn -0.749793 0.661672 0.0
vn -0.781826 0.623496 0.0
vn -0.781826 0.623496 0.0
vn -0.811928 0.583757 0.0
vn -0.811928 0.583757 0.0
vn -0.840027 0.542544 0.0
vn -0.840027 0.542544 0.0
vn -0.866035 0.499984 0.0
vn -0.866035 0.499984 0.0
vn -0.889873 0.456209 0.0
vn -0.889873 0.456209 0.0
vn -0.911492 0.411318 0.0
vn -0.911492 0.411318 0.0
vn -0.930878 0.36533 0.0
vn -0.930878 0.36533 0.0
vn -0.947924 0.318496 0.0
vn -0.947924 0.318496 0.0
vn -0.962627 0.270832 0.0
vn -0.962627 0.270832 0.0
vn -0.974929 0.222517 0.0
vn -0.974929 0.222517 0.0
vn -0.984808 0.173646 0.0
vn -0.984808 0.173646 0.0
vn -0.992238 0.124357 0.0
vn -0.992238 0.124357 0.0
vn -0.997206 0.074698 0.0
vn -0.997206 0.074698 0.0
vn -0.999689 0.024946 0.0
vn -0.999689 0.024946 0.0
vn -0.999689 -0.024934 -0.0
vn -0.999689 -0.024934 0.0
vn -0.997204 -0.074725 0.0
vn -0.992239 -0.124349 0.0
vn -0.997204 -0.074725 -0.0
vn -0.992239 -0.124349 0.0
vn -0.984807 -0.173653 0.0
vn -0.984807 -0.173653 -0.0
vn -0.974931 -0.222509 0.0
vn -0.974931 -0.222509 -0.0
vn -0.962621 -0.270853 0.0
vn -0.962621 -0.270853 -0.0
vn -0.947928 -0.318484 0.0
vn -0.947928 -0.318484 -0.0
vn -0.930874 -0.365341 0.0
vn -0.930874 -0.365341 -0.0
vn -0.91151 -0.411278 0.0
vn -0.91151 -0.411278 -0.0
vn -0.889874 -0.456207 0.0
vn -0.86602 -0.500009 0.0
vn -0.889874 -0.456207 -0.0
vn -0.86602 -0.500009 0.0
vn -0.840029 -0.542542 -0.0
vn -0.840029 -0.542542 0.0
vn -0.811938 -0.583744 -0.0
vn -0.811938 -0.583744 0.0
vn -0.781837 -0.623483 0.0
vn -0.781837 -0.623483 0.0
vn -0.749772 -0.661696 -0.0
vn -0.749772 -0.661696 0.0
vn -0.715865 -0.698239 -0.0
vn -0.715865 -0.698239 0.0
vn -0.680168 -0.733056 0.0
vn -0.680168 -0.733056 0.0
vn -0.642788 -0.766044 -0.0
vn -0.642788 -0.766044 0.0
vn -0.603828 -0.797115 -0.0
vn -0.603828 -0.797115 0.0
vn -0.563317 -0.826241 -0.0
vn -0.563317 -0.826241 0.0
vn -0.521409 -0.853307 -0.0
vn -0.521409 -0.853307 0.0
vn -0.478274 -0.878211 -0.0
vn -0.478274 -0.878211 0.0
vn -0.433864 -0.900979 0.0
vn -0.433864 -0.900979 0.0
vn -0.38846 -0.921466 0.0
vn -0.342007 -0.939697 0.0
vn -0.38846 -0.921466 -0.0
vn -0.294757 -0.955572 0.0
vn -0.342007 -0.939697 0.0
vn -0.294757 -0.955572 0.0
vn -0.246766 -0.969075 0.0
vn -0.246766 -0.969075 -0.0
vn -0.198128 -0.980176 0.0
vn -0.198128 -0.980176 -0.0
vn -0.149071 -0.988827 0.0
vn -0.149071 -0.988827 -0.0
vn -0.099551 -0.995033 0.0
vn -0.099551 -0.995033 -0.0
vn -0.049845 -0.998757 0.0
vn -0.049845 -0.998757 -0.0
vn 0.0 -1.0 0.0
vn -0.0 -1.0 -0.0
vn 0.049845 -0.998757 0.0
vn 0.049845 -0.998757 0.0
vn 0.099551 -0.995033 0.0
vn 0.099551 -0.995033 0.0
vn 0.149071 -0.988827 0.0
vn 0.149071 -0.988827 0.0
vn 0.198128 -0.980176 0.0
vn 0.246766 -0.969075 0.0
vn 0.198128 -0.980176 0.0
vn 0.246766 -0.969075 0.0
vn 0.294757 -0.955572 0.0
vn 0.294757 -0.955572 0.0
vn 0.342007 -0.939698 0.0
vn 0.342007 -0.939698 0.0
vn 0.388461 -0.921465 0.0
vn 0.388461 -0.921465 0.0
vn 0.433864 -0.900979 0.0
vn 0.433864 -0.900979 0.0
vn 0.478273 -0.878211 0.0
vn 0.478273 -0.878211 0.0
vn 0.521409 -0.853307 0.0
vn 0.521409 -0.853307 0.0
vn 0.563317 -0.826241 0.0
vn 0.563317 -0.826241 0.0
vn 0.603828 -0.797115 0.0
vn 0.603828 -0.797115 0.0
vn 0.642789 -0.766043 0.0
vn 0.642789 -0.766043 0.0
vn 0.680167 -0.733057 0.0
vn 0.680167 -0.733057 0.0
vn 0.715865 -0.698238 0.0
vn 0.715865 -0.698238 0.0
vn 0.749772 -0.661697 0.0
vn 0.749772 -0.661697 0.0
vn 0.781837 -0.623483 0.0
vn 0.781837 -0.623483 0.0
vn 0.811938 -0.583744 0.0
vn 0.811938 -0.583744 0.0
vn 0.840029 -0.542541 0.0
vn 0.840029 -0.542541 0.0
vn 0.866019 -0.50001 0.0
vn 0.866019 -0.50001 0.0
vn 0.889874 -0.456207 0.0
vn 0.889874 -0.456207 0.0
vn 0.911511 -0.411276 0.0
vn 0.911511 -0.411276 0.0
vn 0.930873 -0.365343 0.0
vn 0.930873 -0.365343 0.0
vn 0.947928 -0.318484 0.0
vn 0.947928 -0.318484 0.0
vn 0.962621 -0.270851 0.0
vn 0.962621 -0.270851 0.0
vn 0.97493 -0.222513 0.0
vn 0.97493 -0.222513 0.0
vn 0.984807 -0.17365 0.0
vn 0.984807 -0.17365 0.0
vn 0.992239 -0.124347 0.0
vn 0.992239 -0.124347 0.0
vn 0.997204 -0.074729 0.0
vn 0.997204 -0.074729 0.0
vn 0.999689 -0.024931 0.0
vn 0.999689 -0.024931 0.0
vn 0.999689 0.024931 0.0
vn 0.999689 0.024931 0.0
vn 0.997204 0.074729 0.0
vn 0.997204 0.074729 0.0
vn 0.992239 0.124341 0.0
vn 0.992239 0.124341 0.0
vn 0.984807 0.17365 0.0
vn 0.984807 0.17365 0.0
vn 0.974927 0.222523 0.0
vn 0.974927 0.222523 0.0
vn 0.962625 0.270839 0.0
vn 0.962625 0.270839 0.0
vn 0.947928 0.318484 0.0
vn 0.947928 0.318484 0.0
vn 0.930873 0.365343 0.0
vn 0.930873 0.365343 0.0
vn 0.911503 0.411293 0.0
vn 0.911503 0.411293 0.0
vn 0.889874 0.456207 0.0
vn 0.889874 0.456207 0.0
vn 0.866031 0.49999 0.0
vn 0.866031 0.49999 0.0
vn 0.840016 0.542562 0.0
vn 0.840016 0.542562 0.0
vn 0.811938 0.583744 0.0
vn 0.811938 0.583744 0.0
vn 0.781837 0.623483 0.0
vn 0.781837 0.623483 0.0
vn 0.749772 0.661697 0.0
vn 0.749772 0.661697 0.0
vn 0.715888 0.698215 0.0
vn 0.715888 0.698215 0.0
vn 0.680167 0.733057 0.0
vn 0.680167 0.733057 0.0
vn 0.642789 0.766043 0.0
vn 0.642789 0.766043 0.0
vn 0.603799 0.797137 0.0
vn 0.603799 0.797137 0.0
vn 0.563317 0.826241 0.0
vn 0.563317 0.826241 0.0
vn 0.521443 0.853286 0.0
vn 0.521443 0.853286 0.0
vn 0.478237 0.878231 0.0
vn 0.478237 0.878231 0.0
vn 0.433901 0.900961 0.0
vn 0.433901 0.900961 0.0
vn 0.388421 0.921482 0.0
vn 0.388421 0.921482 0.0
vn 0.342007 0.939698 0.0
vn 0.342007 0.939698 0.0
vn 0.294757 0.955572 0.0
vn 0.294757 0.955572 0.0
vn 0.246766 0.969075 0.0
vn 0.246766 0.969075 0.0
vn 0.198173 0.980167 0.0
vn 0.198173 0.980167 0.0
vn 0.149025 0.988833 0.0
vn 0.149025 0.988833 0.0
vn 0.099551 0.995033 0.0
vn 0.099551 0.995033 0.0
vn 0.049845 0.998757 0.0
vn 0.049845 0.998757 0.0
vn 0.0 1.0 0.0
vn -0.0 1.0 0.0
vn -0.049845 0.998757 0.0
vn -0.049845 0.998757 0.0
vn -0.099551 0.995033 0.0
vn -0.099551 0.995033 0.0
vn -0.149025 0.988833 0.0
vn -0.149025 0.988833 0.0
vn -0.198173 0.980167 0.0
vn -0.198173 0.980167 0.0
vn -0.246766 0.969075 0.0
vn -0.246766 0.969075 0.0
vn -0.294757 0.955572 0.0
vn -0.294757 0.955572 0.0
vn -0.342007 0.939697 0.0
vn -0.342007 0.939697 0.0
vn -0.388421 0.921482 0.0
vn -0.388421 0.921482 0.0
vn -0.433901 0.900961 0.0
vn -0.433901 0.900961 0.0
vn -0.478238 0.87823 0.0
vn -0.478238 0.87823 0.0
vn -0.521443 0.853286 0.0
vn -0.521443 0.853286 0.0
vn -0.563317 0.826241 0.0
vn -0.563317 0.826241 0.0
vn -0.603799 0.797137 0.0
vn -0.603799 0.797137 0.0
vn -0.642788 0.766044 0.0
vn -0.642788 0.766044 0.0
vn -0.680168 0.733056 0.0
vn -0.680168 0.733056 0.0
vn -0.715887 0.698216 0.0
vn -0.715887 0.698216 0.0
vn -0.749772 0.661696 0.0
vn -0.749772 0.661696 0.0
vn -0.781837 0.623483 0.0
vn -0.781837 0.623483 0.0
vn -0.811938 0.583744 0.0
vn -0.811938 0.583744 0.0
vn -0.840015 0.542563 0.0
vn -0.840015 0.542563 0.0
vn -0.866032 0.499989 0.0
vn -0.866032 0.499989 0.0
vn -0.889874 0.456207 0.0
vn -0.889874 0.456207 0.0
vn -0.911502 0.411296 0.0
vn -0.911502 0.411296 0.0
vn -0.930874 0.365341 0.0
vn -0.930874 0.365341 0.0
vn -0.947928 0.318484 0.0
vn -0.947928 0.318484 0.0
vn -0.962624 0.270841 0.0
vn -0.962624 0.270841 0.0
vn -0.974928 0.222519 0.0
vn -0.974928 0.222519 0.0
vn -0.984807 0.173653 0.0
vn -0.984807 0.173653 0.0
vn -0.992239 0.124343 0.0
vn -0.992239 0.124343 0.0
vn -0.997204 0.074725 0.0
vn -0.997204 0.074725 0.0
vn -0.999689 0.024934 0.0
vn -0.999689 0.024934 0.0
vn -0.999689 -0.024946 -0.0
vn -0.999689 -0.024946 0.0
vn -0.997206 -0.074697 0.0
vn -0.992237 -0.12436 0.0
vn -0.997206 -0.074697 -0.0
vn -0.992237 -0.12436 0.0
vn -0.984808 -0.173648 0.0
vn -0.984808 -0.173648 -0.0
vn -0.974931 -0.222509 0.0
vn -0.974931 -0.222509 -0.0
vn -0.962624 -0.270842 0.0
vn -0.962624 -0.270842 -0.0
vn -0.947925 -0.318494 0.0
vn -0.947925 -0.318494 -0.0
vn -0.930878 -0.365331 0.0
vn -0.930878 -0.365331 -0.0
vn -0.911497 -0.411307 0.0
vn -0.911497 -0.411307 -0.0
vn -0.889875 -0.456205 0.0
vn -0.866029 -0.499994 0.0
vn -0.889875 -0.456205 -0.0
vn -0.866029 -0.499994 0.0
vn -0.84003 -0.54254 -0.0
vn -0.84003 -0.54254 0.0
vn -0.811928 -0.583757 -0.0
vn -0.811928 -0.583757 0.0
vn -0.781831 -0.62349 0.0
vn -0.781831 -0.62349 0.0
vn -0.749784 -0.661683 -0.0
vn -0.749784 -0.661683 0.0
vn -0.715862 -0.698242 -0.0
vn -0.715862 -0.698242 0.0
vn -0.680159 -0.733064 0.0
vn -0.680159 -0.733064 0.0
vn -0.642794 -0.766039 -0.0
vn -0.642794 -0.766039 0.0
vn -0.603832 -0.797111 -0.0
vn -0.603832 -0.797111 0.0
vn -0.563316 -0.826242 -0.0
vn -0.563316 -0.826242 0.0
vn -0.521407 -0.853308 -0.0
vn -0.521407 -0.853308 0.0
vn -0.478274 -0.878211 -0.0
vn -0.478274 -0.878211 0.0
vn -0.433866 -0.900977 0.0
vn -0.433866 -0.900977 0.0
vn -0.388459 -0.921466 0.0
vn -0.342011 -0.939696 0.0
vn -0.388459 -0.921466 -0.0
vn -0.294754 -0.955573 0.0
vn -0.342011 -0.939696 0.0
vn -0.294754 -0.955573 0.0
vn -0.246766 -0.969075 0.0
vn -0.246766 -0.969075 -0.0
vn -0.198131 -0.980176 0.0
vn -0.198131 -0.980176 -0.0
vn -0.149067 -0.988827 0.0
vn -0.149067 -0.988827 -0.0
vn -0.099552 -0.995032 0.0
vn -0.099552 -0.995032 -0.0
vn -0.049845 -0.998757 0.0
vn -0.049845 -0.998757 -0.0
vn 0.0 -1.0 0.0
vn -0.0 -1.0 -0.0
vn 0.049845 -0.998757 0.0
vn 0.049845 -0.998757 0.0
vn 0.09955 -0.995033 0.0
vn 0.09955 -0.995033 0.0
vn 0.149071 -0.988827 0.0
vn 0.149071 -0.988827 0.0
vn 0.198126 -0.980176 0.0
vn 0.246766 -0.969075 0.0
vn 0.198126 -0.980176 0.0
vn 0.246766 -0.969075 0.0
vn 0.29476 -0.955571 0.0
vn 0.29476 -0.955571 0.0
vn 0.342004 -0.939699 0.0
vn 0.342004 -0.939699 0.0
vn 0.388467 -0.921462 0.0
vn 0.388467 -0.921462 0.0
vn 0.433857 -0.900982 0.0
vn 0.433857 -0.900982 0.0
vn 0.478274 -0.878211 0.0
vn 0.478274 -0.878211 0.0
vn 0.521407 -0.853308 0.0
vn 0.521407 -0.853308 0.0
vn 0.563327 -0.826234 0.0
vn 0.563327 -0.826234 0.0
vn 0.603821 -0.79712 0.0
vn 0.603821 -0.79712 0.0
vn 0.642794 -0.766039 0.0
vn 0.642794 -0.766039 0.0
vn 0.680159 -0.733064 0.0
vn 0.680159 -0.733064 0.0
vn 0.715873 -0.69823 0.0
vn 0.715873 -0.69823 0.0
vn 0.749772 -0.661696 0.0
vn 0.749772 -0.661696 0.0
vn 0.781831 -0.62349 0.0
vn 0.781831 -0.62349 0.0
vn 0.811939 -0.583742 0.0
vn 0.811939 -0.583742 0.0
vn 0.84003 -0.54254 0.0
vn 0.84003 -0.54254 0.0
vn 0.866019 -0.500011 0.0
vn 0.866019 -0.500011 0.0
vn 0.889875 -0.456205 0.0
vn 0.889875 -0.456205 0.0
vn 0.911514 -0.411269 0.0
vn 0.911514 -0.411269 0.0
vn 0.93087 -0.365351 0.0
vn 0.93087 -0.365351 0.0
vn 0.947925 -0.318494 0.0
vn 0.947925 -0.318494 0.0
vn 0.962624 -0.270842 0.0
vn 0.962624 -0.270842 0.0
vn 0.974931 -0.222509 0.0
vn 0.974931 -0.222509 0.0
vn 0.984808 -0.173648 0.0
vn 0.984808 -0.173648 0.0
vn 0.992237 -0.12436 0.0
vn 0.992237 -0.12436 0.0
vn 0.997205 -0.07472 0.0
vn 0.997205 -0.07472 0.0
vn 0.999689 -0.024923 0.0
vn 0.999689 -0.024923 0.0
vn 0.999689 0.024923 0.0
vn 0.999689 0.024923 0.0
vn 0.997205 0.07472 0.0
vn 0.997205 0.07472 0.0
vn 0.992238 0.124354 0.0
vn 0.992238 0.124354 0.0
vn 0.984808 0.173648 0.0
vn 0.984808 0.173648 0.0
vn 0.974928 0.222519 0.0
vn 0.974928 0.222519 0.0
vn 0.962627 0.27083 0.0
vn 0.962627 0.27083 0.0
vn 0.947925 0.318494 0.0
vn 0.947925 0.318494 0.0
vn 0.93087 0.365351 0.0
vn 0.93087 0.365351 0.0
vn 0.911506 0.411286 0.0
vn 0.911506 0.411286 0.0
vn 0.889875 0.456205 0.0
vn 0.889875 0.456205 0.0
vn 0.86603 0.499991 0.0
vn 0.86603 0.499991 0.0
vn 0.840016 0.542561 0.0
vn 0.840016 0.542561 0.0
vn 0.811939 0.583742 0.0
vn 0.811939 0.583742 0.0
vn 0.781831 0.62349 0.0
vn 0.781831 0.62349 0.0
vn 0.749772 0.661696 0.0
vn 0.749772 0.661696 0.0
vn 0.715896 0.698207 0.0
vn 0.715896 0.698207 0.0
vn 0.680159 0.733064 0.0
vn 0.680159 0.733064 0.0
vn 0.642794 0.766039 0.0
vn 0.642794 0.766039 0.0
vn 0.603792 0.797142 0.0
vn 0.603792 0.797142 0.0
vn 0.563327 0.826234 0.0
vn 0.563327 0.826234 0.0
vn 0.521441 0.853288 0.0
vn 0.521441 0.853288 0.0
vn 0.478238 0.87823 0.0
vn 0.478238 0.87823 0.0
vn 0.433894 0.900964 0.0
vn 0.433894 0.900964 0.0
vn 0.388428 0.921479 0.0
vn 0.388428 0.921479 0.0
vn 0.342004 0.939699 0.0
vn 0.342004 0.939699 0.0
vn 0.29476 0.955571 0.0
vn 0.29476 0.955571 0.0
vn 0.246766 0.969075 0.0
vn 0.246766 0.969075 0.0
vn 0.198171 0.980167 0.0
vn 0.198171 0.980167 0.0
vn 0.149025 0.988833 0.0
vn 0.149025 0.988833 0.0
vn 0.09955 0.995033 0.0
vn 0.09955 0.995033 0.0
vn 0.049845 0.998757 0.0
vn 0.049845 0.998757 0.0
vn 0.0 1.0 0.0
vn -0.0 1.0 0.0
vn -0.049845 0.998757 0.0
vn -0.049845 0.998757 0.0
vn -0.099552 0.995032 0.0
vn -0.099552 0.995032 0.0
vn -0.149022 0.988834 0.0
vn -0.149022 0.988834 0.0
vn -0.198176 0.980167 0.0
vn -0.198176 0.980167 0.0
vn -0.246766 0.969075 0.0
vn -0.246766 0.969075 0.0
vn -0.294754 0.955573 0.0
vn -0.294754 0.955573 0.0
vn -0.342011 0.939696 0.0
vn -0.342011 0.939696 0.0
vn -0.38842 0.921483 0.0
vn -0.38842 0.921483 0.0
vn -0.433903 0.900959 0.0
vn -0.433903 0.900959 0.0
vn -0.478238 0.87823 0.0
vn -0.478238 0.87823 0.0
vn -0.521441 0.853288 0.0
vn -0.521441 0.853288 0.0
vn -0.563316 0.826242 0.0
vn -0.563316 0.826242 0.0
vn -0.603803 0.797134 0.0
vn -0.603803 0.797134 0.0
vn -0.642794 0.766039 0.0
vn -0.642794 0.766039 0.0
vn -0.680159 0.733064 0.0
vn -0.680159 0.733064 0.0
vn -0.715884 0.698219 0.0
vn -0.715884 0.698219 0.0
vn -0.749784 0.661683 0.0
vn -0.749784 0.661683 0.0
vn -0.781831 0.62349 0.0
vn -0.781831 0.62349 0.0
vn -0.811928 0.583757 0.0
vn -0.811928 0.583757 0.0
vn -0.840016 0.542561 0.0
vn -0.840016 0.542561 0.0
vn -0.86604 0.499974 0.0
vn -0.86604 0.499974 0.0
vn -0.889875 0.456205 0.0
vn -0.889875 0.456205 0.0
vn -0.911489 0.411325 0.0
vn -0.911489 0.411325 0.0
vn -0.930878 0.365331 0.0
vn -0.930878 0.365331 0.0
vn -0.947925 0.318494 0.0
vn -0.947925 0.318494 0.0
vn -0.962627 0.27083 0.0
vn -0.962627 0.27083 0.0
vn -0.974928 0.222519 0.0
vn -0.974928 0.222519 0.0
vn -0.984808 0.173648 0.0
vn -0.984808 0.173648 0.0
vn -0.992238 0.124354 0.0
vn -0.992238 0.124354 0.0
vn -0.997206 0.074697 0.0
vn -0.997206 0.074697 0.0
vn -0.999689 0.024946 0.0
vn -0.999689 0.024946 0.0
vn -1.0 0.0 -0.0
vn -1.0 0.0 -0.0
vn -1.0 0.0 0.0
vn -1.0 0.0 0.0
vn -1.0 0.0 0.0
vn -1.0 0.0 -0.0
vn -1.0 0.0 0.0
vn -1.0 0.0 0.0
vn -1.0 0.0 -0.0
vn -1.0 0.0 0.0
vn -1.0 0.0 -0.0
vn -1.0 0.0 -0.0
vn -1.0 0.0 -0.0
vn -1.0 0.0 -0.0
vn -1.0 0.0 -0.0
vn -1.0 0.0 0.0
vn -1.0 0.0 0.0
vn -1.0 0.0 0.0
vn -1.0 0.0 0.0
vn -1.0 0.0 0.0
vn -1.0 0.0 0.0
vn -1.0 0.0 0.0
vn -1.0 0.0 0.0
vn -1.0 0.0 -0.0
vn -1.0 0.0 -0.0
vn -1.0 0.0 0.0
vn -1.0 -0.0 -0.0
vn -1.0 0.0 -0.0
vn -1.0 0.0 -0.0
vn -1.0 0.0 -0.0
vn -1.0 0.0 0.0
vn -1.0 0.0 0.0
vn -1.0 -0.0 -0.0
vn -1.0 0.0 -0.0
vn -1.0 0.0 0.0
vn -1.0 0.0 0.0
vn -1.0 -0.0 -0.0
vn -1.0 -0.0 -0.0
vn -1.0 0.0 0.0
vn -1.0 0.0 0.0
vn -1.0 0.0 0.0
vn -1.0 -0.0 -0.0
vn -1.0 0.0 0.0
vn -1.0 0.0 0.0
vn -1.0 -0.0 -0.0
vn -1.0 0.0 0.0
vn -1.0 -0.0 -0.0
vn -1.0 -0.0 -0.0
vn -1.0 0.0 0.0
vn -1.0 -0.0 -0.0
vn -1.0 -0.0 -0.0
vn -1.0 -0.0 -0.0
vn -1.0 0.0 0.0
vn -1.0 0.0 0.0
vn -1.0 0.0 0.0
vn -1.0 0.0 0.0
vn -1.0 0.0 0.0
vn -1.0 0.0 -0.0
vn -1.0 0.0 -0.0
vn -1.0 0.0 0.0
vn -1.0 -0.0 -0.0
vn -1.0 -0.0 -0.0
vn -1.0 0.0 0.0
vn -1.0 0.0 0.0
vn -1.0 0.0 0.0
vn -1.0 -0.0 -0.0
vn -1.0 -0.0 -0.0
vn -1.0 -0.0 -0.0
vn -1.0 -0.0 -0.0
vn -1.0 0.0 0.0
vn -1.0 0.0 0.0
vn -1.0 0.0 0.0
vn -1.0 -0.0 -0.0
vn -1.0 -0.0 -0.0
vn -1.0 -0.0 -0.0
vn -1.0 0.0 0.0
vn -1.0 0.0 0.0
vn -1.0 -0.0 -0.0
vn -1.0 -0.0 -0.0
vn -1.0 0.0 0.0
vn -1.0 0.0 0.0
vn -1.0 -0.0 -0.0
vn -1.0 -0.0 -0.0
vn -1.0 -0.0 -0.0
vn -1.0 -0.0 -0.0
vn -1.0 -0.0 -0.0
vn -1.0 -0.0 -0.0
vn -1.0 0.0 0.0
vn -1.0 0.0 0.0
vn -1.0 0.0 0.0
vn -1.0 -0.0 0.0
vn -1.0 0.0 0.0
vn -1.0 0.0 0.0
vn -1.0 0.0 0.0
vn -1.0 -0.0 0.0
vn -1.0 -0.0 0.0
vn -1.0 -0.0 0.0
vn -1.0 0.0 0.0
vn -1.0 0.0 0.0
vn -1.0 -0.0 0.0
vn -1.0 0.0 0.0
vn -1.0 -0.0 0.0
vn -1.0 0.0 0.0
vn -1.0 -0.0 0.0
vn -1.0 -0.0 0.0
vn -1.0 -0.0 0.0
vn -1.0 0.0 0.0
vn -1.0 0.0 0.0
vn -1.0 0.0 0.0
vn -1.0 0.0 0.0
vn -1.0 0.0 0.0
vn -1.0 -0.0 0.0
vn -1.0 -0.0 0.0
vn -1.0 -0.0 0.0
vn -1.0 -0.0 0.0
vn -1.0 -0.0 -0.0
vn -1.0 0.0 0.0
vn -1.0 0.0 0.0
vn -1.0 -0.0 0.0
vn -1.0 0.0 0.0
vn -1.0 0.0 -0.0
vn -1.0 0.0 0.0
vn -1.0 -0.0 0.0
vn -1.0 0.0 -0.0
vn -1.0 0.0 0.0
vn -1.0 0.0 -0.0
vn -1.0 0.0 -0.0
vn -1.0 0.0 -0.0
vn -1.0 0.0 -0.0
vn -1.0 0.0 -0.0
vn -1.0 0.0 0.0
vn -1.0 0.0 0.0
vn -1.0 0.0 -0.0
vn -1.0 0.0 0.0
vn -1.0 0.0 0.0
vn -1.0 0.0 -0.0
vn -1.0 0.0 -0.0
vn -1.0 0.0 -0.0
vn -1.0 0.0 -0.0
vn -1.0 0.0 0.0
vn -1.0 0.0 -0.0
vn -1.0 0.0 0.0
vn -1.0 0.0 0.0
vn -1.0 0.0 0.0
vn -1.0 0.0 -0.0
vn -1.0 0.0 0.0
vn -1.0 -0.0 -0.0
vn -1.0 0.0 -0.0
vn -1.0 -0.0 -0.0
vn -1.0 0.0 -0.0
vn -1.0 0.0 -0.0
vn -1.0 0.0 -0.0
vn -1.0 0.0 0.0
vn -1.0 0.0 -0.0
vn -1.0 0.0 0.0
vn -1.0 0.0 0.0
vn -1.0 0.0 -0.0
vn -1.0 0.0 0.0
vn -1.0 0.0 0.0
vn -1.0 0.0 0.0
vn -1.0 0.0 0.0
vn -1.0 0.0 -0.0
vn -1.0 -0.0 -0.0
vn -1.0 -0.0 -0.0
vn -1.0 -0.0 -0.0
vn -1.0 -0.0 -0.0
vn -1.0 0.0 0.0
vn -1.0 0.0 0.0
vn -1.0 0.0 0.0
vn -1.0 0.0 0.0
vn -1.0 0.0 0.0
vn -1.0 0.0 0.0
vn -1.0 0.0 0.0
vn -1.0 -0.0 -0.0
vn -1.0 -0.0 -0.0
vn -1.0 -0.0 -0.0
vn -1.0 -0.0 -0.0
vn -1.0 -0.0 -0.0
vn -1.0 0.0 0.0
vn -1.0 0.0 0.0
vn -1.0 0.0 0.0
vn -1.0 -0.0 -0.0
vn -1.0 -0.0 -0.0
vn -1.0 0.0 -0.0
vn -1.0 0.0 0.0
vn -1.0 0.0 0.0
vn -1.0 0.0 0.0
vn -1.0 0.0 0.0
vn -1.0 0.0 0.0
vn -1.0 0.0 0.0
vn -1.0 0.0 0.0
vn -1.0 0.0 0.0
vn -1.0 -0.0 -0.0
vn -1.0 0.0 0.0
vn -1.0 -0.0 -0.0
vn -1.0 -0.0 -0.0
vn -1.0 -0.0 -0.0
vn -1.0 -0.0 -0.0
vn -1.0 -0.0 -0.0
vn -1.0 -0.0 -0.0
vn -1.0 -0.0 -0.0
vn -1.0 0.0 0.0
vn -1.0 0.0 0.0
vn -1.0 -0.0 -0.0
vn -1.0 -0.0 -0.0
vn -1.0 -0.0 -0.0
vn -1.0 0.0 0.0
vn -1.0 0.0 0.0
vn -1.0 -0.0 -0.0
vn -1.0 -0.0 -0.0
vn -1.0 -0.0 -0.0
vn -1.0 0.0 0.0
vn -1.0 0.0 0.0
vn -1.0 0.0 0.0
vn -1.0 0.0 0.0
vn -1.0 0.0 0.0
vn -1.0 -0.0 0.0
vn -1.0 -0.0 0.0
vn -1.0 -0.0 0.0
vn -1.0 0.0 0.0
vn -1.0 -0.0 0.0
vn -1.0 0.0 0.0
vn -1.0 -0.0 -0.0
vn -1.0 0.0 0.0
vn -1.0 0.0 0.0
vn -1.0 0.0 -0.0
vn -1.0 0.0 0.0
vn -1.0 -0.0 0.0
vn -1.0 -0.0 0.0
vn -1.0 -0.0 0.0
vn -1.0 0.0 0.0
vn -1.0 0.0 0.0
vn -1.0 -0.0 0.0
vn -1.0 -0.0 0.0
vn -1.0 -0.0 0.0
vn -1.0 0.0 0.0
vn -1.0 0.0 0.0
vn -1.0 0.0 0.0
vn -1.0 -0.0 0.0
vn -1.0 -0.0 0.0
vn -1.0 0.0 0.0
vn -1.0 0.0 0.0
vn -1.0 -0.0 0.0
vn -1.0 -0.0 0.0
vn -1.0 -0.0 0.0
vn -1.0 0.0 0.0
vn -1.0 0.0 0.0
vn -1.0 -0.0 0.0
vn -1.0 0.0 -0.0
vn -1.0 0.0 -0.0
vn -1.0 0.0 0.0
vn -1.0 0.0 0.0
vn -1.0 0.0 0.0
vn -1.0 0.0 -0.0
vn -1.0 0.0 0.0
vn -1.0 0.0 0.0
vn -1.0 0.0 -0.0
vn -1.0 0.0 0.0
vn -1.0 0.0 -0.0
vn -1.0 0.0 -0.0
vn -1.0 0.0 -0.0
vn -1.0 0.0 -0.0
vn -1.0 0.0 -0.0
vn -1.0 0.0 0.0
vn -1.0 0.0 0.0
vn -1.0 0.0 0.0
vn -1.0 0.0 0.0
vn -1.0 0.0 0.0
vn -1.0 0.0 0.0
vn -1.0 0.0 0.0
vn -1.0 0.0 0.0
vn -1.0 0.0 -0.0
vn -1.0 0.0 -0.0
vn -1.0 0.0 0.0
vn -1.0 -0.0 -0.0
vn -1.0 0.0 -0.0
vn -1.0 0.0 -0.0
vn -1.0 0.0 -0.0
vn -1.0 0.0 0.0
vn -1.0 0.0 0.0
vn -1.0 -0.0 -0.0
vn -1.0 0.0 -0.0
vn -1.0 0.0 0.0
vn -1.0 0.0 0.0
vn -1.0 -0.0 -0.0
vn -1.0 -0.0 -0.0
vn -1.0 0.0 0.0
vn -1.0 0.0 0.0
vn -1.0 0.0 0.0
vn -1.0 -0.0 -0.0
vn -1.0 0.0 0.0
vn -1.0 0.0 0.0
vn -1.0 -0.0 -0.0
vn -1.0 0.0 0.0
vn -1.0 -0.0 -0.0
vn -1.0 -0.0 -0.0
vn -1.0 0.0 0.0
vn -1.0 -0.0 -0.0
vn -1.0 -0.0 -0.0
vn -1.0 -0.0 -0.0
vn -1.0 0.0 0.0
vn -1.0 0.0 0.0
vn -1.0 0.0 0.0
vn -1.0 0.0 0.0
vn -1.0 0.0 0.0
vn -1.0 0.0 -0.0
vn -1.0 0.0 -0.0
vn -1.0 0.0 0.0
vn -1.0 -0.0 -0.0
vn -1.0 -0.0 -0.0
vn -1.0 0.0 0.0
vn -1.0 0.0 0.0
vn -1.0 0.0 0.0
vn -1.0 -0.0 -0.0
vn -1.0 -0.0 -0.0
vn -1.0 -0.0 -0.0
vn -1.0 -0.0 -0.0
vn -1.0 0.0 0.0
vn -1.0 0.0 0.0
vn -1.0 0.0 0.0
vn -1.0 -0.0 -0.0
vn -1.0 -0.0 -0.0
vn -1.0 -0.0 -0.0
vn -1.0 0.0 0.0
vn -1.0 0.0 0.0
vn -1.0 -0.0 -0.0
vn -1.0 -0.0 -0.0
vn -1.0 0.0 0.0
vn -1.0 0.0 0.0
vn -1.0 -0.0 -0.0
vn -1.0 -0.0 -0.0
vn -1.0 -0.0 -0.0
vn -1.0 -0.0 -0.0
vn -1.0 -0.0 -0.0
vn -1.0 -0.0 -0.0
vn -1.0 0.0 0.0
vn -1.0 0.0 0.0
vn -1.0 0.0 0.0
vn -1.0 -0.0 0.0
vn -1.0 0.0 0.0
vn -1.0 0.0 0.0
vn -1.0 0.0 0.0
vn -1.0 -0.0 0.0
vn -1.0 -0.0 0.0
vn -1.0 -0.0 0.0
vn -1.0 0.0 0.0
vn -1.0 0.0 0.0
vn -1.0 -0.0 0.0
vn -1.0 0.0 0.0
vn -1.0 -0.0 0.0
vn -1.0 0.0 0.0
vn -1.0 -0.0 0.0
vn -1.0 -0.0 0.0
vn -1.0 -0.0 0.0
vn -1.0 0.0 0.0
vn -1.0 0.0 0.0
vn -1.0 0.0 0.0
vn -1.0 0.0 0.0
vn -1.0 0.0 0.0
vn -1.0 -0.0 0.0
vn -1.0 -0.0 0.0
vn -1.0 -0.0 0.0
vn -1.0 -0.0 0.0
vn -1.0 -0.0 -0.0
vn -1.0 0.0 0.0
vn -1.0 0.0 0.0
vn -1.0 -0.0 0.0
vn -1.0 0.0 0.0
vn -1.0 0.0 -0.0
vn -1.0 0.0 0.0
vn -1.0 -0.0 0.0
vn -1.0 0.0 -0.0
vn 0.999804 0.0 0.019817
vn 0.999804 0.0 0.019817
vn 0.998318 0.0 0.057972
vn 0.998318 0.0 0.057972
vn 0.99534 0.0 0.096433
vn 0.995339 0.0 0.096433
vn 0.99095 0.0 0.134231
vn 0.99095 0.0 0.134231
vn 0.985077 0.0 0.172115
vn 0.985077 0.0 0.172115
vn 0.977759 0.0 0.209733
vn 0.977759 0.0 0.209733
vn 0.968944 0.0 0.24728
vn 0.968944 0.0 0.24728
vn 0.959296 0.0 0.282403
vn 0.959296 0.0 0.282403
vn 0.948172 0.0 0.317757
vn 0.948172 0.0 0.317757
vn 0.935033 0.0 0.35456
vn 0.935033 0.0 0.35456
vn 0.920582 0.0 0.39055
vn 0.920582 0.0 0.39055
vn 0.904075 0.0 0.427374
vn 0.904075 0.0 0.427374
vn 0.886325 0.0 0.463063
vn 0.886325 0.0 0.463063
vn 0.866798 0.0 0.49866
vn 0.866798 0.0 0.49866
vn 0.844599 0.0 0.5354
vn 0.844599 0.0 0.5354
vn 0.819379 0.0 0.573252
vn 0.819379 0.0 0.573251
vn 0.794347 0.0 0.607465
vn 0.794347 0.0 0.607465
vn 0.767833 0.0 0.64065
vn 0.767833 0.0 0.64065
vn 0.738214 0.0 0.674566
vn 0.738214 0.0 0.674566
vn 0.708428 0.0 0.705783
vn 0.708428 0.0 0.705783
vn 0.677049 0.0 0.735938
vn 0.677049 0.0 0.735938
vn 0.644613 0.0 0.764509
vn 0.644613 0.0 0.764509
vn 0.611056 0.0 0.791587
vn 0.611056 0.0 0.791587
vn 0.576205 0.0 0.817305
vn 0.576205 0.0 0.817305
vn 0.540134 0.0 0.841579
vn 0.540134 0.0 0.841579
vn 0.503432 0.0 0.864035
vn 0.503432 0.0 0.864035
vn 0.465456 0.0 0.885071
vn 0.465456 0.0 0.885071
vn 0.426926 0.0 0.904286
vn 0.426926 0.0 0.904286
vn 0.387268 0.0 0.921967
vn 0.387268 0.0 0.921967
vn 0.347102 0.0 0.937827
vn 0.347102 0.0 0.937827
vn 0.306158 0.0 0.951981
vn 0.306158 0.0 0.951981
vn 0.264624 0.0 0.964352
vn 0.264624 0.0 0.964352
vn 0.222734 0.0 0.974879
vn 0.222734 0.0 0.974879
vn 0.180328 0.0 0.983607
vn 0.180328 0.0 0.983607
vn 0.137568 0.0 0.990492
vn 0.137568 0.0 0.990492
vn 0.094684 0.0 0.995507
vn 0.094684 0.0 0.995507
vn 0.054661 0.0 0.998505
vn 0.054661 0.0 0.998505
vn 0.018361 0.0 0.999831
vn 0.018361 0.0 0.999831
vn 0.0 1.0 0.0
vn 0.0 1.0 0.0
vn 0.0 1.0 0.0
vn 0.0 1.0 0.0
vn 0.0 1.0 0.0
vn 0.0 1.0 0.0
vn 0.0 1.0 0.0
vn 0.0 1.0 0.0
vn 0.0 1.0 0.0
vn 0.0 1.0 0.0
vn 0.0 1.0 0.0
vn 0.0 1.0 0.0
vn 0.0 1.0 0.0
vn 0.0 1.0 0.0
vn 0.0 1.0 0.0
vn 0.0 1.0 0.0
vn 0.0 1.0 0.0
vn 0.0 1.0 0.0
vn 0.0 1.0 0.0
vn 0.0 1.0 0.0
vn 0.0 1.0 0.0
vn 0.0 1.0 0.0
vn 0.0 1.0 0.0
vn 0.0 1.0 0.0
vn 0.0 1.0 0.0
vn 0.0 1.0 0.0
vn 0.0 1.0 0.0
vn 0.0 1.0 0.0
vn 0.0 1.0 0.0
vn 0.0 1.0 0.0
vn 0.0 1.0 0.0
vn 0.0 1.0 0.0
vn 0.0 1.0 0.0
vn 0.0 1.0 0.0
vn 0.0 -1.0 0.0
vn 0.0 -1.0 0.0
vn 0.0 1.0 0.0
vn 0.0 1.0 0.0
vn 0.0 1.0 0.0
vn 0.0 1.0 0.0
vn 0.0 1.0 0.0
vn 0.0 1.0 0.0
vn 0.0 1.0 0.0
vn 0.0 1.0 0.0
vn 0.0 1.0 0.0
vn 0.0 1.0 0.0
vn 0.0 1.0 0.0
vn 0.0 1.0 0.0
vn 0.0 1.0 0.0
vn 0.0 1.0 0.0
vn 0.0 1.0 0.0
vn 0.0 1.0 0.0
vn 0.0 1.0 0.0
vn 0.0 1.0 0.0
vn 0.0 1.0 0.0
vn 0.0 1.0 0.0
vn 0.0 1.0 0.0
vn 0.0 1.0 0.0
vn 0.0 1.0 0.0
vn 0.0 1.0 0.0
vn 0.0 1.0 0.0
vn 0.0 1.0 0.0
vn 0.0 1.0 0.0
vn 0.0 1.0 0.0
vn 0.0 1.0 0.0
vn 0.0 1.0 0.0
vn 0.0 1.0 0.0
vn 0.0 1.0 0.0
vn 0.0 1.0 0.0
vn 0.0 1.0 0.0
vn 0.0 -0.024923 -0.999689
vn 0.0 -0.024923 -0.999689
vn 0.0 -0.074731 -0.997204
vn 0.0 -0.074731 -0.997204
vn 0.0 -0.124349 -0.992239
vn 0.0 -0.124349 -0.992239
vn 0.0 -0.173648 -0.984808
vn 0.0 -0.173648 -0.984808
vn 0.0 -0.22252 -0.974928
vn 0.0 -0.22252 -0.974928
vn 0.0 -0.270842 -0.962624
vn 0.0 -0.270842 -0.962624
vn 0.0 -0.318484 -0.947928
vn 0.0 -0.318484 -0.947928
vn 0.0 -0.365351 -0.93087
vn 0.0 -0.365351 -0.93087
vn 0.0 -0.411269 -0.911514
vn 0.0 -0.411269 -0.911514
vn 0.0 -0.456214 -0.88987
vn 0.0 -0.456214 -0.88987
vn 0.0 -0.500003 -0.866024
vn 0.0 -0.500003 -0.866024
vn 0.0 -0.542548 -0.840025
vn 0.0 -0.542548 -0.840025
vn 0.0 -0.583742 -0.811939
vn 0.0 -0.583742 -0.811939
vn 0.0 -0.623483 -0.781837
vn 0.0 -0.623483 -0.781837
vn 0.0 -0.661696 -0.749772
vn 0.0 -0.661696 -0.749772
vn 0.0 -0.698236 -0.715867
vn 0.0 -0.698236 -0.715867
vn 0.0 -0.733059 -0.680165
vn 0.0 -0.733059 -0.680165
vn -0.0 -0.766044 -0.642788
vn 0.0 -0.766044 -0.642788
vn 0.0 -0.797116 -0.603827
vn 0.0 -0.797116 -0.603827
vn 0.0 -0.826238 -0.563321
vn 0.0 -0.826238 -0.563321
vn -0.0 -0.853308 -0.521407
vn 0.0 -0.853308 -0.521407
vn -0.0 -0.878211 -0.478274
vn 0.0 -0.878211 -0.478274
vn 0.0 -0.900977 -0.433866
vn 0.0 -0.900977 -0.433866
vn -0.0 -0.921466 -0.388459
vn 0.0 -0.921466 -0.388459
vn 0.0 -0.939697 -0.342007
vn 0.0 -0.939697 -0.342007
vn 0.0 -0.955572 -0.294757
vn 0.0 -0.955572 -0.294757
vn 0.0 -0.969075 -0.246766
vn 0.0 -0.969075 -0.246766
vn 0.0 -0.980177 -0.198126
vn -0.0 -0.988827 -0.149071
vn 0.0 -0.980177 -0.198126
vn 0.0 -0.988827 -0.149071
vn 0.0 -0.995033 -0.099551
vn 0.0 -0.995033 -0.099551
vn 0.0 -0.998757 -0.049845
vn 0.0 -0.998757 -0.049845
vn 0.0 -1.0 -0.0
vn 0.0 -1.0 0.0
vn 0.0 -0.998757 0.049845
vn 0.0 -0.998757 0.049845
vn 0.0 -0.995033 0.099551
vn 0.0 -0.988827 0.149071
vn 0.0 -0.995033 0.099551
vn 0.0 -0.988827 0.149071
vn 0.0 -0.980177 0.198126
vn 0.0 -0.980177 0.198126
vn 0.0 -0.969075 0.246766
vn 0.0 -0.969075 0.246766
vn 0.0 -0.955572 0.294757
vn 0.0 -0.955572 0.294757
vn 0.0 -0.939697 0.342007
vn 0.0 -0.939697 0.342007
vn 0.0 -0.921466 0.388459
vn 0.0 -0.921466 0.388459
vn 0.0 -0.900977 0.433866
vn 0.0 -0.900977 0.433866
vn 0.0 -0.878211 0.478274
vn 0.0 -0.878211 0.478274
vn 0.0 -0.853308 0.521407
vn 0.0 -0.853308 0.521407
vn 0.0 -0.826238 0.563321
vn 0.0 -0.826238 0.563321
vn 0.0 -0.797116 0.603827
vn 0.0 -0.797116 0.603827
vn 0.0 -0.766044 0.642788
vn 0.0 -0.766044 0.642788
vn 0.0 -0.733059 0.680165
vn 0.0 -0.733059 0.680165
vn 0.0 -0.698236 0.715867
vn 0.0 -0.698236 0.715867
vn 0.0 -0.661696 0.749772
vn 0.0 -0.661696 0.749772
vn 0.0 -0.623483 0.781837
vn 0.0 -0.623483 0.781837
vn 0.0 -0.583742 0.811939
vn 0.0 -0.583742 0.811939
vn 0.0 -0.542548 0.840025
vn 0.0 -0.542548 0.840025
vn 0.0 -0.500003 0.866024
vn 0.0 -0.500003 0.866024
vn 0.0 -0.456214 0.88987
vn 0.0 -0.456214 0.88987
vn 0.0 -0.411269 0.911514
vn 0.0 -0.411269 0.911514
vn 0.0 -0.365351 0.93087
vn 0.0 -0.365351 0.93087
vn 0.0 -0.318484 0.947928
vn 0.0 -0.318484 0.947928
vn 0.0 -0.270842 0.962624
vn 0.0 -0.270842 0.962624
vn 0.0 -0.22252 0.974928
vn 0.0 -0.22252 0.974928
vn 0.0 -0.173648 0.984808
vn 0.0 -0.173648 0.984808
vn 0.0 -0.124349 0.992239
vn 0.0 -0.124349 0.992239
vn 0.0 -0.074731 0.997204
vn 0.0 -0.074731 0.997204
vn 0.0 -0.024923 0.999689
vn 0.0 -0.024923 0.999689
vn -0.0 0.024923 0.999689
vn 0.0 0.024923 0.999689
vn -0.0 0.074731 0.997204
vn 0.0 0.074731 0.997204
vn -0.0 0.124343 0.992239
vn 0.0 0.124343 0.992239
vn -0.0 0.173648 0.984808
vn 0.0 0.173648 0.984808
vn -0.0 0.22253 0.974926
vn 0.0 0.22253 0.974926
vn -0.0 0.27083 0.962627
vn 0.0 0.27083 0.962627
vn -0.0 0.318484 0.947928
vn 0.0 0.318484 0.947928
vn -0.0 0.365351 0.93087
vn 0.0 0.365351 0.93087
vn -0.0 0.411286 0.911506
vn 0.0 0.411286 0.911506
vn -0.0 0.456214 0.88987
vn 0.0 0.456214 0.88987
vn -0.0 0.499983 0.866035
vn 0.0 0.499983 0.866035
vn 0.0 0.542569 0.840011
vn -0.0 0.542569 0.840011
vn 0.0 0.583742 0.811939
vn -0.0 0.583742 0.811939
vn 0.0 0.623483 0.781837
vn -0.0 0.623483 0.781837
vn 0.0 0.661696 0.749772
vn -0.0 0.661696 0.749772
vn 0.0 0.698213 0.71589
vn -0.0 0.698213 0.71589
vn 0.0 0.733059 0.680165
vn -0.0 0.733059 0.680165
vn 0.0 0.766044 0.642788
vn -0.0 0.766044 0.642788
vn 0.0 0.797138 0.603797
vn -0.0 0.797138 0.603797
vn 0.0 0.826238 0.563321
vn -0.0 0.826238 0.563321
vn 0.0 0.853288 0.521441
vn -0.0 0.853288 0.521441
vn 0.0 0.87823 0.478238
vn -0.0 0.87823 0.478238
vn 0.0 0.900959 0.433903
vn -0.0 0.900959 0.433903
vn 0.0 0.921483 0.38842
vn -0.0 0.921483 0.38842
vn -0.0 0.939697 0.342007
vn 0.0 0.939697 0.342007
vn -0.0 0.955572 0.294757
vn 0.0 0.955572 0.294757
vn -0.0 0.969075 0.246766
vn 0.0 0.969075 0.246766
vn -0.0 0.980167 0.198171
vn 0.0 0.980167 0.198171
vn 0.0 0.988833 0.149025
vn -0.0 0.988833 0.149025
vn 0.0 0.995033 0.099551
vn -0.0 0.995033 0.099551
vn 0.0 0.998757 0.049845
vn -0.0 0.998757 0.049845
vn 0.0 1.0 -0.0
vn 0.0 1.0 0.0
vn 0.0 0.998757 -0.049845
vn 0.0 0.998757 -0.049845
vn 0.0 0.995033 -0.099551
vn 0.0 0.995033 -0.099551
vn 0.0 0.988833 -0.149025
vn 0.0 0.988833 -0.149025
vn 0.0 0.980167 -0.198171
vn 0.0 0.980167 -0.198171
vn 0.0 0.969075 -0.246766
vn 0.0 0.969075 -0.246766
vn 0.0 0.955572 -0.294757
vn 0.0 0.955572 -0.294757
vn 0.0 0.939697 -0.342007
vn 0.0 0.939697 -0.342007
vn 0.0 0.921483 -0.38842
vn 0.0 0.921483 -0.38842
vn 0.0 0.900959 -0.433903
vn 0.0 0.900959 -0.433903
vn 0.0 0.87823 -0.478238
vn 0.0 0.87823 -0.478238
vn 0.0 0.853288 -0.521441
vn 0.0 0.853288 -0.521441
vn 0.0 0.826238 -0.563321
vn 0.0 0.826238 -0.563321
vn 0.0 0.797138 -0.603797
vn 0.0 0.797138 -0.603797
vn 0.0 0.766044 -0.642788
vn 0.0 0.766044 -0.642788
vn 0.0 0.733059 -0.680165
vn 0.0 0.733059 -0.680165
vn 0.0 0.698213 -0.71589
vn 0.0 0.698213 -0.71589
vn 0.0 0.661696 -0.749772
vn 0.0 0.661696 -0.749772
vn 0.0 0.623483 -0.781837
vn 0.0 0.623483 -0.781837
vn 0.0 0.583742 -0.811939
vn 0.0 0.583742 -0.811939
vn 0.0 0.542569 -0.840011
vn 0.0 0.542569 -0.840011
vn 0.0 0.499983 -0.866035
vn 0.0 0.499983 -0.866035
vn 0.0 0.456214 -0.88987
vn 0.0 0.456214 -0.88987
vn 0.0 0.411286 -0.911506
vn 0.0 0.411286 -0.911506
vn 0.0 0.365351 -0.93087
vn 0.0 0.365351 -0.93087
vn 0.0 0.318484 -0.947928
vn 0.0 0.318484 -0.947928
vn 0.0 0.27083 -0.962627
vn 0.0 0.27083 -0.962627
vn 0.0 0.22253 -0.974926
vn 0.0 0.22253 -0.974926
vn 0.0 0.173648 -0.984808
vn 0.0 0.173648 -0.984808
vn 0.0 0.124343 -0.992239
vn 0.0 0.124343 -0.992239
vn 0.0 0.074731 -0.997204
vn 0.0 0.074731 -0.997204
vn 0.0 0.024923 -0.999689
vn 0.0 0.024923 -0.999689
vn 0.0 -0.024929 -0.999689
vn 0.0 -0.024929 -0.999689
vn 0.0 -0.074729 -0.997204
vn 0.0 -0.074729 -0.997204
vn 0.0 -0.124346 -0.992239
vn 0.0 -0.124346 -0.992239
vn 0.0 -0.173648 -0.984808
vn 0.0 -0.173648 -0.984808
vn 0.0 -0.222519 -0.974928
vn 0.0 -0.222519 -0.974928
vn 0.0 -0.27084 -0.962624
vn 0.0 -0.27084 -0.962624
vn 0.0 -0.318487 -0.947927
vn 0.0 -0.318487 -0.947927
vn 0.0 -0.365343 -0.930873
vn 0.0 -0.365343 -0.930873
vn 0.0 -0.411284 -0.911507
vn -0.0 -0.456213 -0.889871
vn 0.0 -0.411284 -0.911507
vn 0.0 -0.456213 -0.889871
vn 0.0 -0.5 -0.866026
vn 0.0 -0.5 -0.866026
vn 0.0 -0.542544 -0.840027
vn 0.0 -0.542544 -0.840027
vn 0.0 -0.583747 -0.811936
vn 0.0 -0.583747 -0.811936
vn 0.0 -0.623489 -0.781832
vn 0.0 -0.623489 -0.781832
vn -0.0 -0.661688 -0.749779
vn 0.0 -0.661688 -0.749779
vn 0.0 -0.698235 -0.715869
vn 0.0 -0.698235 -0.715869
vn 0.0 -0.733049 -0.680176
vn 0.0 -0.733049 -0.680176
vn 0.0 -0.766047 -0.642785
vn 0.0 -0.766047 -0.642785
vn -0.0 -0.797132 -0.603805
vn 0.0 -0.797132 -0.603805
vn -0.0 -0.82624 -0.563318
vn 0.0 -0.82624 -0.563318
vn 0.0 -0.85329 -0.521436
vn 0.0 -0.85329 -0.521436
vn -0.0 -0.878223 -0.478252
vn 0.0 -0.878223 -0.478252
vn 0.0 -0.900968 -0.433885
vn 0.0 -0.900968 -0.433885
vn -0.0 -0.921477 -0.388434
vn -0.0 -0.939693 -0.34202
vn 0.0 -0.921477 -0.388434
vn 0.0 -0.939693 -0.34202
vn 0.0 -0.955571 -0.294761
vn 0.0 -0.955571 -0.294761
vn 0.0 -0.969079 -0.246751
vn 0.0 -0.969079 -0.246751
vn 0.0 -0.980172 -0.198146
vn 0.0 -0.980172 -0.198146
vn 0.0 -0.98883 -0.149049
vn 0.0 -0.98883 -0.149049
vn 0.0 -0.995031 -0.099567
vn 0.0 -0.995031 -0.099567
vn 0.0 -0.998757 -0.049842
vn -0.0 -1.0 -0.0
vn 0.0 -0.998757 -0.049842
vn 0.0 -1.0 0.0
vn 0.0 -0.998757 0.049842
vn 0.0 -0.998757 0.049842
vn 0.0 -0.995031 0.099567
vn 0.0 -0.995031 0.099567
vn 0.0 -0.98883 0.149049
vn 0.0 -0.98883 0.149049
vn 0.0 -0.980172 0.198146
vn 0.0 -0.980172 0.198146
vn 0.0 -0.969079 0.246751
vn 0.0 -0.969079 0.246751
vn 0.0 -0.955571 0.294761
vn 0.0 -0.955571 0.294761
vn 0.0 -0.939693 0.34202
vn 0.0 -0.939693 0.34202
vn 0.0 -0.921477 0.388433
vn 0.0 -0.921477 0.388433
vn 0.0 -0.900968 0.433885
vn 0.0 -0.900968 0.433885
vn 0.0 -0.878223 0.478251
vn 0.0 -0.878223 0.478251
vn 0.0 -0.85329 0.521436
vn 0.0 -0.85329 0.521436
vn 0.0 -0.82624 0.563319
vn 0.0 -0.82624 0.563319
vn 0.0 -0.797133 0.603804
vn 0.0 -0.797133 0.603804
vn 0.0 -0.766046 0.642786
vn 0.0 -0.766046 0.642786
vn 0.0 -0.73305 0.680174
vn 0.0 -0.73305 0.680174
vn 0.0 -0.698235 0.715869
vn 0.0 -0.698235 0.715869
vn 0.0 -0.661688 0.749779
vn 0.0 -0.661688 0.749779
vn 0.0 -0.623489 0.781832
vn 0.0 -0.623489 0.781832
vn 0.0 -0.583746 0.811937
vn 0.0 -0.583746 0.811937
vn 0.0 -0.542545 0.840027
vn 0.0 -0.542545 0.840027
vn 0.0 -0.500001 0.866025
vn 0.0 -0.500001 0.866025
vn 0.0 -0.45621 0.889872
vn 0.0 -0.45621 0.889872
vn 0.0 -0.411286 0.911506
vn 0.0 -0.411286 0.911506
vn 0.0 -0.365341 0.930874
vn 0.0 -0.365341 0.930874
vn 0.0 -0.318487 0.947927
vn 0.0 -0.318487 0.947927
vn 0.0 -0.270841 0.962624
vn 0.0 -0.270841 0.962624
vn 0.0 -0.222521 0.974928
vn 0.0 -0.222521 0.974928
vn 0.0 -0.173648 0.984808
vn 0.0 -0.173648 0.984808
vn 0.0 -0.124344 0.992239
vn 0.0 -0.124344 0.992239
vn 0.0 -0.07473 0.997204
vn 0.0 -0.07473 0.997204
vn 0.0 -0.024931 0.999689
vn 0.0 -0.024931 0.999689
vn -0.0 0.024931 0.999689
vn 0.0 0.024931 0.999689
vn -0.0 0.07473 0.997204
vn 0.0 0.07473 0.997204
vn -0.0 0.124344 0.992239
vn 0.0 0.124344 0.992239
vn -0.0 0.173648 0.984808
vn 0.0 0.173648 0.984808
vn -0.0 0.222521 0.974928
vn 0.0 0.222521 0.974928
vn 0.0 0.270841 0.962624
vn 0.0 0.270841 0.962624
vn -0.0 0.318486 0.947928
vn 0.0 0.318486 0.947928
vn -0.0 0.365341 0.930874
vn 0.0 0.365341 0.930874
vn -0.0 0.411287 0.911506
vn 0.0 0.411287 0.911506
vn -0.0 0.456211 0.889871
vn 0.0 0.456211 0.889871
vn 0.0 0.542547 0.840025
vn -0.0 0.499999 0.866026
vn 0.0 0.499999 0.866026
vn 0.0 0.542547 0.840025
vn 0.0 0.583744 0.811938
vn -0.0 0.583744 0.811938
vn 0.0 0.623489 0.781832
vn -0.0 0.623489 0.781832
vn 0.0 0.661686 0.749781
vn -0.0 0.661686 0.749781
vn 0.0 0.698237 0.715867
vn 0.0 0.733052 0.680172
vn -0.0 0.698237 0.715867
vn 0.0 0.733052 0.680172
vn 0.0 0.766044 0.642789
vn -0.0 0.766044 0.642789
vn 0.0 0.797133 0.603804
vn -0.0 0.797133 0.603804
vn 0.0 0.826238 0.563322
vn -0.0 0.826238 0.563322
vn 0.0 0.853292 0.521433
vn -0.0 0.853292 0.521433
vn 0.0 0.878221 0.478255
vn 0.0 0.900968 0.433885
vn -0.0 0.878221 0.478255
vn 0.0 0.900968 0.433885
vn 0.0 0.921477 0.388433
vn -0.0 0.921477 0.388433
vn -0.0 0.939693 0.34202
vn 0.0 0.939693 0.34202
vn 0.0 0.955572 0.294757
vn 0.0 0.955572 0.294757
vn -0.0 0.969078 0.246755
vn 0.0 0.969078 0.246755
vn -0.0 0.980172 0.198146
vn 0.0 0.980172 0.198146
vn 0.0 0.988831 0.149041
vn 0.0 0.988831 0.149041
vn 0.0 0.995031 0.099571
vn -0.0 0.995031 0.099571
vn 0.0 0.998757 0.049846
vn 0.0 1.0 -0.0
vn -0.0 0.998757 0.049846
vn 0.0 1.0 0.0
vn 0.0 0.998757 -0.049846
vn 0.0 0.995031 -0.099571
vn 0.0 0.998757 -0.049846
vn 0.0 0.995031 -0.099571
vn 0.0 0.988831 -0.149041
vn 0.0 0.980172 -0.198146
vn 0.0 0.988831 -0.149041
vn 0.0 0.980172 -0.198146
vn 0.0 0.969078 -0.246755
vn 0.0 0.955572 -0.294757
vn 0.0 0.969078 -0.246755
vn 0.0 0.955572 -0.294757
vn 0.0 0.939693 -0.34202
vn 0.0 0.921477 -0.388434
vn 0.0 0.939693 -0.34202
vn 0.0 0.921477 -0.388434
vn 0.0 0.900968 -0.433885
vn 0.0 0.878221 -0.478255
vn 0.0 0.900968 -0.433885
vn 0.0 0.878221 -0.478255
vn 0.0 0.853292 -0.521433
vn 0.0 0.826238 -0.563321
vn 0.0 0.853292 -0.521433
vn 0.0 0.826238 -0.563321
vn 0.0 0.797132 -0.603805
vn 0.0 0.797132 -0.603805
vn 0.0 0.766045 -0.642787
vn 0.0 0.766045 -0.642787
vn 0.0 0.733051 -0.680174
vn 0.0 0.733051 -0.680174
vn 0.0 0.698237 -0.715867
vn 0.0 0.698237 -0.715867
vn 0.0 0.661686 -0.749781
vn 0.0 0.661686 -0.749781
vn 0.0 0.623489 -0.781832
vn 0.0 0.623489 -0.781832
vn 0.0 0.583745 -0.811937
vn 0.0 0.542546 -0.840026
vn 0.0 0.583745 -0.811937
vn 0.0 0.542546 -0.840026
vn 0.0 0.499998 -0.866027
vn 0.0 0.499998 -0.866027
vn 0.0 0.456214 -0.88987
vn 0.0 0.456214 -0.88987
vn 0.0 0.411286 -0.911507
vn 0.0 0.411286 -0.911507
vn 0.0 0.365343 -0.930873
vn 0.0 0.365343 -0.930873
vn 0.0 0.318486 -0.947928
vn 0.0 0.318486 -0.947928
vn 0.0 0.27084 -0.962624
vn 0.0 0.27084 -0.962624
vn 0.0 0.222519 -0.974928
vn 0.0 0.222519 -0.974928
vn 0.0 0.173648 -0.984808
vn 0.0 0.173648 -0.984808
vn 0.0 0.124346 -0.992239
vn 0.0 0.124346 -0.992239
vn 0.0 0.074729 -0.997204
vn 0.0 0.074729 -0.997204
vn 0.0 0.024929 -0.999689
vn 0.0 0.024929 -0.999689
vn 0.0 -0.024922 -0.999689
vn 0.0 -0.024922 -0.999689
vn 0.0 -0.074732 -0.997204
vn 0.0 -0.074732 -0.997204
vn 0.0 -0.124345 -0.992239
vn 0.0 -0.124345 -0.992239
vn 0.0 -0.173646 -0.984808
vn 0.0 -0.173646 -0.984808
vn 0.0 -0.222528 -0.974926
vn 0.0 -0.222528 -0.974926
vn 0.0 -0.270832 -0.962627
vn 0.0 -0.270832 -0.962627
vn 0.0 -0.318486 -0.947928
vn 0.0 -0.318486 -0.947928
vn 0.0 -0.36535 -0.93087
vn 0.0 -0.36535 -0.93087
vn 0.0 -0.41128 -0.911509
vn 0.0 -0.41128 -0.911509
vn 0.0 -0.456217 -0.889868
vn 0.0 -0.456217 -0.889868
vn 0.0 -0.499993 -0.86603
vn 0.0 -0.499993 -0.86603
vn 0.0 -0.542553 -0.840021
vn 0.0 -0.542553 -0.840021
vn 0.0 -0.583742 -0.811939
vn 0.0 -0.583742 -0.811939
vn 0.0 -0.623488 -0.781833
vn 0.0 -0.623488 -0.781833
vn 0.0 -0.661686 -0.749781
vn 0.0 -0.661686 -0.749781
vn 0.0 -0.698235 -0.715869
vn 0.0 -0.698235 -0.715869
vn 0.0 -0.733053 -0.680171
vn 0.0 -0.733053 -0.680171
vn -0.0 -0.766045 -0.642787
vn 0.0 -0.766045 -0.642787
vn 0.0 -0.797134 -0.603803
vn 0.0 -0.797134 -0.603803
vn 0.0 -0.826237 -0.563323
vn 0.0 -0.826237 -0.563323
vn -0.0 -0.853293 -0.521432
vn 0.0 -0.853293 -0.521432
vn -0.0 -0.878221 -0.478256
vn 0.0 -0.878221 -0.478256
vn 0.0 -0.900968 -0.433885
vn 0.0 -0.900968 -0.433885
vn -0.0 -0.921476 -0.388434
vn 0.0 -0.921476 -0.388434
vn 0.0 -0.939693 -0.34202
vn 0.0 -0.939693 -0.34202
vn 0.0 -0.955572 -0.294757
vn 0.0 -0.955572 -0.294757
vn 0.0 -0.969078 -0.246755
vn 0.0 -0.969078 -0.246755
vn 0.0 -0.980173 -0.198146
vn -0.0 -0.988831 -0.149042
vn 0.0 -0.980173 -0.198146
vn 0.0 -0.988831 -0.149042
vn 0.0 -0.995031 -0.099568
vn 0.0 -0.995031 -0.099568
vn 0.0 -0.998757 -0.049845
vn 0.0 -0.998757 -0.049845
vn 0.0 -1.0 -0.0
vn 0.0 -1.0 0.0
vn 0.0 -0.998757 0.049845
vn 0.0 -0.998757 0.049845
vn 0.0 -0.995031 0.099568
vn 0.0 -0.988831 0.149042
vn 0.0 -0.995031 0.099568
vn 0.0 -0.988831 0.149042
vn 0.0 -0.980173 0.198146
vn 0.0 -0.980173 0.198146
vn 0.0 -0.969078 0.246755
vn 0.0 -0.969078 0.246755
vn 0.0 -0.955572 0.294757
vn 0.0 -0.955572 0.294757
vn 0.0 -0.939693 0.34202
vn 0.0 -0.939693 0.34202
vn 0.0 -0.921476 0.388434
vn 0.0 -0.921476 0.388434
vn 0.0 -0.900968 0.433885
vn 0.0 -0.900968 0.433885
vn 0.0 -0.878221 0.478256
vn 0.0 -0.878221 0.478256
vn 0.0 -0.853293 0.521432
vn 0.0 -0.853293 0.521432
vn 0.0 -0.826237 0.563323
vn 0.0 -0.826237 0.563323
vn 0.0 -0.797134 0.603803
vn 0.0 -0.797134 0.603803
vn 0.0 -0.766045 0.642787
vn 0.0 -0.766045 0.642787
vn 0.0 -0.733053 0.680171
vn 0.0 -0.733053 0.680171
vn 0.0 -0.698235 0.715869
vn 0.0 -0.698235 0.715869
vn 0.0 -0.661686 0.749781
vn 0.0 -0.661686 0.749781
vn 0.0 -0.623488 0.781833
vn 0.0 -0.623488 0.781833
vn 0.0 -0.583742 0.811939
vn 0.0 -0.583742 0.811939
vn 0.0 -0.542553 0.840021
vn 0.0 -0.542553 0.840021
vn 0.0 -0.499993 0.86603
vn 0.0 -0.499993 0.86603
vn 0.0 -0.456217 0.889868
vn 0.0 -0.456217 0.889868
vn 0.0 -0.41128 0.911509
vn 0.0 -0.41128 0.911509
vn 0.0 -0.36535 0.93087
vn 0.0 -0.36535 0.93087
vn 0.0 -0.318486 0.947928
vn 0.0 -0.318486 0.947928
vn 0.0 -0.270832 0.962627
vn 0.0 -0.270832 0.962627
vn 0.0 -0.222528 0.974926
vn 0.0 -0.222528 0.974926
vn 0.0 -0.173646 0.984808
vn 0.0 -0.173646 0.984808
vn 0.0 -0.124345 0.992239
vn 0.0 -0.124345 0.992239
vn 0.0 -0.074732 0.997204
vn 0.0 -0.074732 0.997204
vn 0.0 -0.024922 0.999689
vn 0.0 -0.024922 0.999689
vn -0.0 0.024922 0.999689
vn 0.0 0.024922 0.999689
vn -0.0 0.074732 0.997204
vn 0.0 0.074732 0.997204
vn -0.0 0.124346 0.992239
vn 0.0 0.124346 0.992239
vn -0.0 0.173646 0.984808
vn 0.0 0.173646 0.984808
vn -0.0 0.222528 0.974926
vn 0.0 0.222528 0.974926
vn -0.0 0.270832 0.962627
vn 0.0 0.270832 0.962627
vn -0.0 0.318486 0.947928
vn 0.0 0.318486 0.947928
vn -0.0 0.36535 0.93087
vn 0.0 0.36535 0.93087
vn -0.0 0.41128 0.911509
vn 0.0 0.41128 0.911509
vn -0.0 0.456218 0.889868
vn 0.0 0.456218 0.889868
vn -0.0 0.499993 0.86603
vn 0.0 0.499993 0.86603
vn 0.0 0.542553 0.840022
vn -0.0 0.542553 0.840022
vn 0.0 0.583742 0.811939
vn -0.0 0.583742 0.811939
vn 0.0 0.623489 0.781832
vn -0.0 0.623489 0.781832
vn 0.0 0.661685 0.749782
vn -0.0 0.661685 0.749782
vn 0.0 0.698235 0.715869
vn -0.0 0.698235 0.715869
vn 0.0 0.733054 0.680171
vn -0.0 0.733054 0.680171
vn 0.0 0.766045 0.642787
vn -0.0 0.766045 0.642787
vn 0.0 0.797133 0.603803
vn -0.0 0.797133 0.603803
vn 0.0 0.826236 0.563324
vn -0.0 0.826236 0.563324
vn 0.0 0.853293 0.521432
vn -0.0 0.853293 0.521432
vn 0.0 0.878221 0.478255
vn -0.0 0.878221 0.478255
vn 0.0 0.900968 0.433886
vn -0.0 0.900968 0.433886
vn 0.0 0.921477 0.388433
vn -0.0 0.921477 0.388433
vn -0.0 0.939692 0.342021
vn 0.0 0.939692 0.342021
vn -0.0 0.955573 0.294755
vn 0.0 0.955573 0.294755
vn -0.0 0.969077 0.246758
vn 0.0 0.969077 0.246758
vn -0.0 0.980173 0.198145
vn 0.0 0.980173 0.198145
vn 0.0 0.988831 0.149043
vn -0.0 0.988831 0.149043
vn 0.0 0.995031 0.099567
vn -0.0 0.995031 0.099567
vn 0.0 0.998757 0.049847
vn -0.0 0.998757 0.049847
vn 0.0 1.0 -0.0
vn 0.0 1.0 0.0
vn 0.0 0.998757 -0.049847
vn 0.0 0.998757 -0.049847
vn 0.0 0.995031 -0.099567
vn 0.0 0.995031 -0.099567
vn 0.0 0.988831 -0.149043
vn 0.0 0.988831 -0.149043
vn 0.0 0.980173 -0.198145
vn 0.0 0.980173 -0.198145
vn 0.0 0.969077 -0.246758
vn 0.0 0.969077 -0.246758
vn 0.0 0.955573 -0.294755
vn 0.0 0.955573 -0.294755
vn 0.0 0.939692 -0.342021
vn 0.0 0.939692 -0.342021
vn 0.0 0.921477 -0.388433
vn 0.0 0.921477 -0.388433
vn 0.0 0.900968 -0.433886
vn 0.0 0.900968 -0.433886
vn 0.0 0.878221 -0.478255
vn 0.0 0.878221 -0.478255
vn 0.0 0.853293 -0.521432
vn 0.0 0.853293 -0.521432
vn 0.0 0.826236 -0.563324
vn 0.0 0.826236 -0.563324
vn 0.0 0.797133 -0.603803
vn 0.0 0.797133 -0.603803
vn 0.0 0.766045 -0.642787
vn 0.0 0.766045 -0.642787
vn 0.0 0.733054 -0.680171
vn 0.0 0.733054 -0.680171
vn 0.0 0.698235 -0.715869
vn 0.0 0.698235 -0.715869
vn 0.0 0.661685 -0.749782
vn 0.0 0.661685 -0.749782
vn 0.0 0.623489 -0.781832
vn 0.0 0.623489 -0.781832
vn 0.0 0.583742 -0.811939
vn 0.0 0.583742 -0.811939
vn 0.0 0.542553 -0.840022
vn 0.0 0.542553 -0.840022
vn 0.0 0.499993 -0.86603
vn 0.0 0.499993 -0.86603
vn 0.0 0.456218 -0.889868
vn 0.0 0.456218 -0.889868
vn 0.0 0.41128 -0.911509
vn 0.0 0.41128 -0.911509
vn 0.0 0.36535 -0.93087
vn 0.0 0.36535 -0.93087
vn 0.0 0.318486 -0.947928
vn 0.0 0.318486 -0.947928
vn 0.0 0.270832 -0.962627
vn 0.0 0.270832 -0.962627
vn 0.0 0.222528 -0.974926
vn 0.0 0.222528 -0.974926
vn 0.0 0.173646 -0.984808
vn 0.0 0.173646 -0.984808
vn 0.0 0.124346 -0.992239
vn 0.0 0.124346 -0.992239
vn 0.0 0.074732 -0.997204
vn 0.0 0.074732 -0.997204
vn 0.0 0.024922 -0.999689
vn 0.0 0.024922 -0.999689
vn 1.0 0.0 0.0
vn 1.0 -0.0 0.0
vn 0.0 -1.0 0.0
vn 0.0 -1.0 0.0
vn -1.0 0.0 0.0
vn -1.0 0.0 0.0
vn -0.999689 -0.024934 -0.0
vn -0.999689 -0.024934 0.0
vn -0.997204 -0.074727 0.0
vn -0.992239 -0.124345 0.0
vn -0.997204 -0.074727 -0.0
vn -0.992239 -0.124345 0.0
vn -0.984807 -0.173651 0.0
vn -0.974929 -0.222517 0.0
vn -0.984807 -0.173651 -0.0
vn -0.962624 -0.270842 0.0
vn -0.974929 -0.222517 0.0
vn -0.962624 -0.270842 0.0
vn -0.947928 -0.318486 0.0
vn -0.947928 -0.318486 -0.0
vn -0.930874 -0.36534 0.0
vn -0.911505 -0.411289 0.0
vn -0.930874 -0.36534 -0.0
vn -0.911505 -0.411289 0.0
vn -0.889872 -0.45621 0.0
vn -0.889872 -0.45621 -0.0
vn -0.866026 -0.499999 -0.0
vn -0.866026 -0.499999 0.0
vn -0.840025 -0.542547 -0.0
vn -0.840025 -0.542547 0.0
vn -0.811938 -0.583744 -0.0
vn -0.811938 -0.583744 0.0
vn -0.781833 -0.623488 -0.0
vn -0.781833 -0.623488 0.0
vn -0.749781 -0.661686 -0.0
vn -0.749781 -0.661686 0.0
vn -0.715866 -0.698238 -0.0
vn -0.715866 -0.698238 0.0
vn -0.680174 -0.73305 -0.0
vn -0.680174 -0.73305 0.0
vn -0.642787 -0.766045 -0.0
vn -0.642787 -0.766045 0.0
vn -0.603804 -0.797133 -0.0
vn -0.603804 -0.797133 0.0
vn -0.563319 -0.826239 -0.0
vn -0.563319 -0.826239 0.0
vn -0.521435 -0.853291 0.0
vn -0.521435 -0.853291 0.0
vn -0.478256 -0.878221 -0.0
vn -0.478256 -0.878221 0.0
vn -0.433882 -0.90097 0.0
vn -0.433882 -0.90097 0.0
vn -0.388436 -0.921476 0.0
vn -0.34202 -0.939693 0.0
vn -0.388436 -0.921476 -0.0
vn -0.34202 -0.939693 0.0
vn -0.294757 -0.955572 0.0
vn -0.294757 -0.955572 -0.0
vn -0.246755 -0.969078 0.0
vn -0.198148 -0.980172 0.0
vn -0.246755 -0.969078 -0.0
vn -0.149042 -0.988831 0.0
vn -0.198148 -0.980172 0.0
vn -0.149042 -0.988831 0.0
vn -0.099568 -0.995031 0.0
vn -0.049845 -0.998757 0.0
vn -0.099568 -0.995031 -0.0
vn -0.049845 -0.998757 0.0
vn 0.0 -1.0 0.0
vn 0.049845 -0.998757 0.0
vn -0.0 -1.0 -0.0
vn 0.049845 -0.998757 0.0
vn 0.099568 -0.995031 0.0
vn 0.149042 -0.988831 0.0
vn 0.099568 -0.995031 0.0
vn 0.149042 -0.988831 0.0
vn 0.198148 -0.980172 0.0
vn 0.198148 -0.980172 0.0
vn 0.246755 -0.969078 0.0
vn 0.246755 -0.969078 0.0
vn 0.294757 -0.955572 0.0
vn 0.294757 -0.955572 0.0
vn 0.34202 -0.939693 0.0
vn 0.34202 -0.939693 0.0
vn 0.388436 -0.921476 0.0
vn 0.388436 -0.921476 0.0
vn 0.433882 -0.90097 0.0
vn 0.433882 -0.90097 0.0
vn 0.478255 -0.878221 0.0
vn 0.478255 -0.878221 0.0
vn 0.521435 -0.853291 0.0
vn 0.521435 -0.853291 0.0
vn 0.563319 -0.826239 0.0
vn 0.563319 -0.826239 0.0
vn 0.603804 -0.797133 0.0
vn 0.603804 -0.797133 0.0
vn 0.642787 -0.766045 0.0
vn 0.642787 -0.766045 0.0
vn 0.680174 -0.733051 0.0
vn 0.680174 -0.733051 0.0
vn 0.715867 -0.698237 0.0
vn 0.715867 -0.698237 0.0
vn 0.74978 -0.661687 0.0
vn 0.74978 -0.661687 0.0
vn 0.781833 -0.623488 0.0
vn 0.781833 -0.623488 0.0
vn 0.811938 -0.583744 0.0
vn 0.811938 -0.583744 0.0
vn 0.840026 -0.542546 0.0
vn 0.840026 -0.542546 0.0
vn 0.866025 -0.5 0.0
vn 0.866025 -0.5 0.0
vn 0.889872 -0.45621 0.0
vn 0.889872 -0.45621 0.0
vn 0.911506 -0.411287 0.0
vn 0.911506 -0.411287 0.0
vn 0.930873 -0.365342 0.0
vn 0.930873 -0.365342 0.0
vn 0.947928 -0.318486 0.0
vn 0.947928 -0.318486 0.0
vn 0.962624 -0.27084 0.0
vn 0.962624 -0.27084 0.0
vn 0.974928 -0.222521 0.0
vn 0.974928 -0.222521 0.0
vn 0.984808 -0.173648 0.0
vn 0.984808 -0.173648 0.0
vn 0.992239 -0.124344 0.0
vn 0.992239 -0.124344 0.0
vn 0.997204 -0.07473 0.0
vn 0.997204 -0.07473 0.0
vn 0.999689 -0.02493 0.0
vn 0.999689 -0.02493 0.0
vn 0.999689 0.02493 0.0
vn 0.999689 0.02493 0.0
vn 0.997204 0.07473 0.0
vn 0.997204 0.07473 0.0
vn 0.992239 0.124344 0.0
vn 0.992239 0.124344 0.0
vn 0.984808 0.173648 0.0
vn 0.984808 0.173648 0.0
vn 0.974928 0.222521 0.0
vn 0.974928 0.222521 0.0
vn 0.962624 0.270841 0.0
vn 0.962624 0.270841 0.0
vn 0.947928 0.318486 0.0
vn 0.947928 0.318486 0.0
vn 0.930874 0.365341 0.0
vn 0.930874 0.365341 0.0
vn 0.911506 0.411287 0.0
vn 0.911506 0.411287 0.0
vn 0.889872 0.456211 0.0
vn 0.889872 0.456211 0.0
vn 0.866025 0.5 0.0
vn 0.866025 0.5 0.0
vn 0.840026 0.542545 0.0
vn 0.840026 0.542545 0.0
vn 0.811938 0.583744 0.0
vn 0.811938 0.583744 0.0
vn 0.781832 0.623489 0.0
vn 0.781832 0.623489 0.0
vn 0.749781 0.661686 0.0
vn 0.749781 0.661686 0.0
vn 0.715866 0.698237 0.0
vn 0.715866 0.698237 0.0
vn 0.680173 0.733051 0.0
vn 0.680173 0.733051 0.0
vn 0.642787 0.766045 0.0
vn 0.642787 0.766045 0.0
vn 0.603805 0.797132 0.0
vn 0.603805 0.797132 0.0
vn 0.56332 0.826239 0.0
vn 0.56332 0.826239 0.0
vn 0.521435 0.853291 0.0
vn 0.521435 0.853291 0.0
vn 0.478254 0.878222 0.0
vn 0.478254 0.878222 0.0
vn 0.433884 0.900969 0.0
vn 0.433884 0.900969 0.0
vn 0.388435 0.921476 0.0
vn 0.388435 0.921476 0.0
vn 0.34202 0.939692 0.0
vn 0.34202 0.939692 0.0
vn 0.294755 0.955573 0.0
vn 0.294755 0.955573 0.0
vn 0.246758 0.969077 0.0
vn 0.246758 0.969077 0.0
vn 0.198146 0.980172 0.0
vn 0.198146 0.980172 0.0
vn 0.149043 0.988831 0.0
vn 0.149043 0.988831 0.0
vn 0.099567 0.995031 0.0
vn 0.049846 0.998757 -0.0
vn 0.099567 0.995031 0.0
vn 0.049846 0.998757 0.0
vn 0.0 1.0 0.0
vn -0.0 1.0 0.0
vn -0.049846 0.998757 0.0
vn -0.049846 0.998757 0.0
vn -0.099567 0.995031 0.0
vn -0.099567 0.995031 0.0
vn -0.149043 0.988831 0.0
vn -0.149043 0.988831 0.0
vn -0.198146 0.980172 0.0
vn -0.246757 0.969077 0.0
vn -0.198146 0.980172 0.0
vn -0.246757 0.969077 0.0
vn -0.294755 0.955573 0.0
vn -0.294755 0.955573 0.0
vn -0.342021 0.939692 0.0
vn -0.342021 0.939692 0.0
vn -0.388434 0.921476 0.0
vn -0.433884 0.900969 0.0
vn -0.388434 0.921476 0.0
vn -0.433884 0.900969 0.0
vn -0.478255 0.878221 0.0
vn -0.478255 0.878221 0.0
vn -0.521435 0.853291 0.0
vn -0.521435 0.853291 0.0
vn -0.56332 0.826239 0.0
vn -0.603805 0.797132 0.0
vn -0.56332 0.826239 0.0
vn -0.603805 0.797132 0.0
vn -0.642787 0.766045 0.0
vn -0.680174 0.733051 0.0
vn -0.642787 0.766045 0.0
vn -0.680174 0.733051 0.0
vn -0.715866 0.698238 0.0
vn -0.715866 0.698238 0.0
vn -0.749782 0.661685 0.0
vn -0.749782 0.661685 0.0
vn -0.781832 0.623489 0.0
vn -0.781832 0.623489 0.0
vn -0.811938 0.583744 0.0
vn -0.811938 0.583744 0.0
vn -0.840026 0.542546 0.0
vn -0.840026 0.542546 0.0
vn -0.866026 0.499999 0.0
vn -0.866026 0.499999 0.0
vn -0.889872 0.456211 0.0
vn -0.889872 0.456211 0.0
vn -0.911505 0.411289 0.0
vn -0.911505 0.411289 0.0
vn -0.930874 0.36534 0.0
vn -0.930874 0.36534 0.0
vn -0.947928 0.318486 0.0
vn -0.947928 0.318486 0.0
vn -0.962624 0.270843 0.0
vn -0.962624 0.270843 0.0
vn -0.974929 0.222517 0.0
vn -0.974929 0.222517 0.0
vn -0.984807 0.173651 0.0
vn -0.984807 0.173651 0.0
vn -0.992239 0.124346 0.0
vn -0.992239 0.124346 0.0
vn -0.997204 0.074727 0.0
vn -0.997204 0.074727 0.0
vn -0.999689 0.024934 0.0
vn -0.999689 0.024934 0.0
vn -0.999689 -0.024946 -0.0
vn -0.999689 -0.024946 0.0
vn -0.997206 -0.074698 0.0
vn -0.992238 -0.124357 0.0
vn -0.997206 -0.074698 -0.0
vn -0.992238 -0.124357 0.0
vn -0.984808 -0.173646 0.0
vn -0.974929 -0.222517 0.0
vn -0.984808 -0.173646 -0.0
vn -0.962627 -0.270832 0.0
vn -0.974929 -0.222517 0.0
vn -0.962627 -0.270832 0.0
vn -0.947924 -0.318496 0.0
vn -0.947924 -0.318496 -0.0
vn -0.930878 -0.36533 0.0
vn -0.911492 -0.411318 0.0
vn -0.930878 -0.36533 -0.0
vn -0.911492 -0.411318 0.0
vn -0.889873 -0.456208 0.0
vn -0.889873 -0.456208 -0.0
vn -0.866035 -0.499984 -0.0
vn -0.866035 -0.499984 0.0
vn -0.840027 -0.542545 -0.0
vn -0.840027 -0.542545 0.0
vn -0.811928 -0.583757 -0.0
vn -0.811928 -0.583757 0.0
vn -0.781827 -0.623496 -0.0
vn -0.781827 -0.623496 0.0
vn -0.749793 -0.661673 -0.0
vn -0.749793 -0.661673 0.0
vn -0.715863 -0.698241 -0.0
vn -0.715863 -0.698241 0.0
vn -0.680166 -0.733058 -0.0
vn -0.680166 -0.733058 0.0
vn -0.642792 -0.766041 -0.0
vn -0.642792 -0.766041 0.0
vn -0.603808 -0.79713 -0.0
vn -0.603808 -0.79713 0.0
vn -0.563318 -0.82624 -0.0
vn -0.563318 -0.82624 0.0
vn -0.521432 -0.853293 0.0
vn -0.521432 -0.853293 0.0
vn -0.478256 -0.878221 -0.0
vn -0.478256 -0.878221 0.0
vn -0.433885 -0.900968 0.0
vn -0.433885 -0.900968 0.0
vn -0.388434 -0.921476 0.0
vn -0.342024 -0.939691 0.0
vn -0.388434 -0.921476 -0.0
vn -0.342024 -0.939691 0.0
vn -0.294754 -0.955573 0.0
vn -0.294754 -0.955573 -0.0
vn -0.246755 -0.969078 0.0
vn -0.19815 -0.980172 0.0
vn -0.246755 -0.969078 -0.0
vn -0.149039 -0.988831 0.0
vn -0.19815 -0.980172 0.0
vn -0.149039 -0.988831 0.0
vn -0.099569 -0.995031 0.0
vn -0.049845 -0.998757 0.0
vn -0.099569 -0.995031 -0.0
vn -0.049845 -0.998757 0.0
vn 0.0 -1.0 0.0
vn 0.049845 -0.998757 0.0
vn -0.0 -1.0 -0.0
vn 0.049845 -0.998757 0.0
vn 0.099567 -0.995031 0.0
vn 0.149042 -0.988831 0.0
vn 0.099567 -0.995031 0.0
vn 0.149042 -0.988831 0.0
vn 0.198146 -0.980173 0.0
vn 0.198146 -0.980173 0.0
vn 0.246755 -0.969078 0.0
vn 0.246755 -0.969078 0.0
vn 0.29476 -0.955571 0.0
vn 0.29476 -0.955571 0.0
vn 0.342016 -0.939694 0.0
vn 0.342016 -0.939694 0.0
vn 0.388443 -0.921473 0.0
vn 0.388443 -0.921473 0.0
vn 0.433876 -0.900973 0.0
vn 0.433876 -0.900973 0.0
vn 0.478256 -0.878221 0.0
vn 0.478256 -0.878221 0.0
vn 0.521432 -0.853293 0.0
vn 0.521432 -0.853293 0.0
vn 0.563329 -0.826233 0.0
vn 0.563329 -0.826233 0.0
vn 0.603797 -0.797138 0.0
vn 0.603797 -0.797138 0.0
vn 0.642792 -0.766041 0.0
vn 0.642792 -0.766041 0.0
vn 0.680166 -0.733058 0.0
vn 0.680166 -0.733058 0.0
vn 0.715875 -0.698229 0.0
vn 0.715875 -0.698229 0.0
vn 0.749781 -0.661686 0.0
vn 0.749781 -0.661686 0.0
vn 0.781827 -0.623496 0.0
vn 0.781827 -0.623496 0.0
vn 0.811939 -0.583742 0.0
vn 0.811939 -0.583742 0.0
vn 0.840027 -0.542545 0.0
vn 0.840027 -0.542545 0.0
vn 0.866025 -0.500001 0.0
vn 0.866025 -0.500001 0.0
vn 0.889873 -0.456208 0.0
vn 0.889873 -0.456208 0.0
vn 0.911509 -0.41128 0.0
vn 0.911509 -0.41128 0.0
vn 0.93087 -0.36535 0.0
vn 0.93087 -0.36535 0.0
vn 0.947924 -0.318496 0.0
vn 0.947924 -0.318496 0.0
vn 0.962627 -0.270832 0.0
vn 0.962627 -0.270832 0.0
vn 0.974929 -0.222517 0.0
vn 0.974929 -0.222517 0.0
vn 0.984808 -0.173646 0.0
vn 0.984808 -0.173646 0.0
vn 0.992238 -0.124357 0.0
vn 0.992238 -0.124357 0.0
vn 0.997204 -0.074721 0.0
vn 0.997204 -0.074721 0.0
vn 0.999689 -0.024922 0.0
vn 0.999689 -0.024922 0.0
vn 0.999689 0.024922 0.0
vn 0.999689 0.024922 0.0
vn 0.997204 0.074721 0.0
vn 0.997204 0.074721 0.0
vn 0.992238 0.124357 0.0
vn 0.992238 0.124357 0.0
vn 0.984808 0.173646 0.0
vn 0.984808 0.173646 0.0
vn 0.974929 0.222517 0.0
vn 0.974929 0.222517 0.0
vn 0.962627 0.270832 0.0
vn 0.962627 0.270832 0.0
vn 0.947924 0.318496 0.0
vn 0.947924 0.318496 0.0
vn 0.93087 0.36535 0.0
vn 0.93087 0.36535 0.0
vn 0.911509 0.41128 0.0
vn 0.911509 0.41128 0.0
vn 0.889873 0.456209 0.0
vn 0.889873 0.456209 0.0
vn 0.866025 0.500001 0.0
vn 0.866025 0.500001 0.0
vn 0.840027 0.542544 0.0
vn 0.840027 0.542544 0.0
vn 0.811939 0.583742 0.0
vn 0.811939 0.583742 0.0
vn 0.781826 0.623496 0.0
vn 0.781826 0.623496 0.0
vn 0.749782 0.661685 0.0
vn 0.749782 0.661685 0.0
vn 0.715874 0.698229 0.0
vn 0.715874 0.698229 0.0
vn 0.680165 0.733059 0.0
vn 0.680165 0.733059 0.0
vn 0.642792 0.766041 0.0
vn 0.642792 0.766041 0.0
vn 0.603798 0.797138 0.0
vn 0.603798 0.797138 0.0
vn 0.56333 0.826232 0.0
vn 0.56333 0.826232 0.0
vn 0.521432 0.853293 0.0
vn 0.521432 0.853293 0.0
vn 0.478255 0.878221 0.0
vn 0.478255 0.878221 0.0
vn 0.433877 0.900972 0.0
vn 0.433877 0.900972 0.0
vn 0.388442 0.921473 0.0
vn 0.388442 0.921473 0.0
vn 0.342017 0.939694 0.0
vn 0.342017 0.939694 0.0
vn 0.294758 0.955572 0.0
vn 0.294758 0.955572 0.0
vn 0.246758 0.969077 0.0
vn 0.246758 0.969077 0.0
vn 0.198145 0.980173 0.0
vn 0.198145 0.980173 0.0
vn 0.149043 0.988831 0.0
vn 0.149043 0.988831 0.0
vn 0.099566 0.995031 0.0
vn 0.049847 0.998757 -0.0
vn 0.099566 0.995031 0.0
vn 0.049847 0.998757 0.0
vn 0.0 1.0 0.0
vn -0.0 1.0 0.0
vn -0.049847 0.998757 0.0
vn -0.049847 0.998757 0.0
vn -0.099568 0.995031 0.0
vn -0.099568 0.995031 0.0
vn -0.149039 0.988831 0.0
vn -0.149039 0.988831 0.0
vn -0.198149 0.980172 0.0
vn -0.246758 0.969077 0.0
vn -0.198149 0.980172 0.0
vn -0.246758 0.969077 0.0
vn -0.294752 0.955574 0.0
vn -0.294752 0.955574 0.0
vn -0.342025 0.939691 0.0
vn -0.342025 0.939691 0.0
vn -0.388433 0.921477 0.0
vn -0.433886 0.900968 0.0
vn -0.388433 0.921477 0.0
vn -0.433886 0.900968 0.0
vn -0.478255 0.878221 0.0
vn -0.478255 0.878221 0.0
vn -0.521432 0.853293 0.0
vn -0.521432 0.853293 0.0
vn -0.563319 0.82624 0.0
vn -0.603809 0.797129 0.0
vn -0.563319 0.82624 0.0
vn -0.603809 0.797129 0.0
vn -0.642792 0.766041 0.0
vn -0.680165 0.733059 0.0
vn -0.642792 0.766041 0.0
vn -0.680165 0.733059 0.0
vn -0.715863 0.698241 0.0
vn -0.715863 0.698241 0.0
vn -0.749793 0.661672 0.0
vn -0.749793 0.661672 0.0
vn -0.781826 0.623496 0.0
vn -0.781826 0.623496 0.0
vn -0.811928 0.583757 0.0
vn -0.811928 0.583757 0.0
vn -0.840027 0.542544 0.0
vn -0.840027 0.542544 0.0
vn -0.866035 0.499984 0.0
vn -0.866035 0.499984 0.0
vn -0.889873 0.456209 0.0
vn -0.889873 0.456209 0.0
vn -0.911492 0.411318 0.0
vn -0.911492 0.411318 0.0
vn -0.930878 0.36533 0.0
vn -0.930878 0.36533 0.0
vn -0.947924 0.318496 0.0
vn -0.947924 0.318496 0.0
vn -0.962627 0.270832 0.0
vn -0.962627 0.270832 0.0
vn -0.974929 0.222517 0.0
vn -0.974929 0.222517 0.0
vn -0.984808 0.173646 0.0
vn -0.984808 0.173646 0.0
vn -0.992238 0.124357 0.0
vn -0.992238 0.124357 0.0
vn -0.997206 0.074698 0.0
vn -0.997206 0.074698 0.0
vn -0.999689 0.024946 0.0
vn -0.999689 0.024946 0.0
vn -0.999689 -0.024934 -0.0
vn -0.999689 -0.024934 0.0
vn -0.997204 -0.074725 0.0
vn -0.992239 -0.124349 0.0
vn -0.997204 -0.074725 -0.0
vn -0.992239 -0.124349 0.0
vn -0.984807 -0.173653 0.0
vn -0.974931 -0.222509 0.0
vn -0.984807 -0.173653 -0.0
vn -0.962621 -0.270853 0.0
vn -0.974931 -0.222509 0.0
vn -0.962621 -0.270853 0.0
vn -0.947928 -0.318484 0.0
vn -0.947928 -0.318484 -0.0
vn -0.930874 -0.365341 0.0
vn -0.91151 -0.411278 0.0
vn -0.930874 -0.365341 -0.0
vn -0.91151 -0.411278 0.0
vn -0.889874 -0.456207 0.0
vn -0.889874 -0.456207 -0.0
vn -0.86602 -0.500009 -0.0
vn -0.86602 -0.500009 0.0
vn -0.840029 -0.542542 -0.0
vn -0.840029 -0.542542 0.0
vn -0.811938 -0.583744 -0.0
vn -0.811938 -0.583744 0.0
vn -0.781837 -0.623483 -0.0
vn -0.781837 -0.623483 0.0
vn -0.749772 -0.661696 -0.0
vn -0.749772 -0.661696 0.0
vn -0.715865 -0.698239 -0.0
vn -0.715865 -0.698239 0.0
vn -0.680168 -0.733056 -0.0
vn -0.680168 -0.733056 0.0
vn -0.642788 -0.766044 -0.0
vn -0.642788 -0.766044 0.0
vn -0.603828 -0.797115 -0.0
vn -0.603828 -0.797115 0.0
vn -0.563317 -0.826241 -0.0
vn -0.563317 -0.826241 0.0
vn -0.521409 -0.853307 0.0
vn -0.521409 -0.853307 0.0
vn -0.478274 -0.878211 -0.0
vn -0.478274 -0.878211 0.0
vn -0.433864 -0.900979 0.0
vn -0.433864 -0.900979 0.0
vn -0.38846 -0.921466 0.0
vn -0.342007 -0.939697 0.0
vn -0.38846 -0.921466 -0.0
vn -0.342007 -0.939697 0.0
vn -0.294757 -0.955572 0.0
vn -0.294757 -0.955572 -0.0
vn -0.246766 -0.969075 0.0
vn -0.198128 -0.980176 0.0
vn -0.246766 -0.969075 -0.0
vn -0.14907 -0.988827 0.0
vn -0.198128 -0.980176 0.0
vn -0.14907 -0.988827 0.0
vn -0.099551 -0.995032 0.0
vn -0.049845 -0.998757 0.0
vn -0.099551 -0.995032 -0.0
vn -0.049845 -0.998757 0.0
vn 0.0 -1.0 0.0
vn 0.049845 -0.998757 0.0
vn -0.0 -1.0 -0.0
vn 0.049845 -0.998757 0.0
vn 0.099551 -0.995032 0.0
vn 0.14907 -0.988827 0.0
vn 0.099551 -0.995032 0.0
vn 0.14907 -0.988827 0.0
vn 0.198128 -0.980176 0.0
vn 0.198128 -0.980176 0.0
vn 0.246766 -0.969075 0.0
vn 0.246766 -0.969075 0.0
vn 0.294757 -0.955572 0.0
vn 0.294757 -0.955572 0.0
vn 0.342007 -0.939697 0.0
vn 0.342007 -0.939697 0.0
vn 0.388461 -0.921465 0.0
vn 0.388461 -0.921465 0.0
vn 0.433864 -0.900979 0.0
vn 0.433864 -0.900979 0.0
vn 0.478273 -0.878211 0.0
vn 0.478273 -0.878211 0.0
vn 0.521409 -0.853307 0.0
vn 0.521409 -0.853307 0.0
vn 0.563317 -0.826241 0.0
vn 0.563317 -0.826241 0.0
vn 0.603828 -0.797115 0.0
vn 0.603828 -0.797115 0.0
vn 0.642789 -0.766043 0.0
vn 0.642789 -0.766043 0.0
vn 0.680167 -0.733057 0.0
vn 0.680167 -0.733057 0.0
vn 0.715865 -0.698238 0.0
vn 0.715865 -0.698238 0.0
vn 0.749772 -0.661697 0.0
vn 0.749772 -0.661697 0.0
vn 0.781837 -0.623483 0.0
vn 0.781837 -0.623483 0.0
vn 0.811938 -0.583744 0.0
vn 0.811938 -0.583744 0.0
vn 0.840029 -0.542541 0.0
vn 0.840029 -0.542541 0.0
vn 0.866019 -0.50001 0.0
vn 0.866019 -0.50001 0.0
vn 0.889874 -0.456207 0.0
vn 0.889874 -0.456207 0.0
vn 0.911511 -0.411276 0.0
vn 0.911511 -0.411276 0.0
vn 0.930873 -0.365343 0.0
vn 0.930873 -0.365343 0.0
vn 0.947928 -0.318484 0.0
vn 0.947928 -0.318484 0.0
vn 0.962621 -0.270851 0.0
vn 0.962621 -0.270851 0.0
vn 0.97493 -0.222513 0.0
vn 0.97493 -0.222513 0.0
vn 0.984807 -0.17365 0.0
vn 0.984807 -0.17365 0.0
vn 0.992239 -0.124347 0.0
vn 0.992239 -0.124347 0.0
vn 0.997204 -0.074729 0.0
vn 0.997204 -0.074729 0.0
vn 0.999689 -0.024931 0.0
vn 0.999689 -0.024931 0.0
vn 0.999689 0.024931 0.0
vn 0.999689 0.024931 0.0
vn 0.997204 0.074729 0.0
vn 0.997204 0.074729 0.0
vn 0.992239 0.124341 0.0
vn 0.992239 0.124341 0.0
vn 0.984807 0.17365 0.0
vn 0.984807 0.17365 0.0
vn 0.974927 0.222523 0.0
vn 0.974927 0.222523 0.0
vn 0.962625 0.270839 0.0
vn 0.962625 0.270839 0.0
vn 0.947928 0.318484 0.0
vn 0.947928 0.318484 0.0
vn 0.930873 0.365343 0.0
vn 0.930873 0.365343 0.0
vn 0.911503 0.411293 0.0
vn 0.911503 0.411293 0.0
vn 0.889874 0.456207 0.0
vn 0.889874 0.456207 0.0
vn 0.866031 0.49999 0.0
vn 0.866031 0.49999 0.0
vn 0.840016 0.542562 0.0
vn 0.840016 0.542562 0.0
vn 0.811938 0.583744 0.0
vn 0.811938 0.583744 0.0
vn 0.781837 0.623483 0.0
vn 0.781837 0.623483 0.0
vn 0.749772 0.661697 0.0
vn 0.749772 0.661697 0.0
vn 0.715888 0.698215 0.0
vn 0.715888 0.698215 0.0
vn 0.680167 0.733057 0.0
vn 0.680167 0.733057 0.0
vn 0.642789 0.766043 0.0
vn 0.642789 0.766043 0.0
vn 0.603799 0.797137 0.0
vn 0.603799 0.797137 0.0
vn 0.563317 0.826241 0.0
vn 0.563317 0.826241 0.0
vn 0.521443 0.853286 0.0
vn 0.521443 0.853286 0.0
vn 0.478237 0.878231 0.0
vn 0.478237 0.878231 0.0
vn 0.433901 0.900961 0.0
vn 0.433901 0.900961 0.0
vn 0.388421 0.921482 0.0
vn 0.388421 0.921482 0.0
vn 0.342007 0.939697 0.0
vn 0.342007 0.939697 0.0
vn 0.294757 0.955572 0.0
vn 0.294757 0.955572 0.0
vn 0.246766 0.969075 0.0
vn 0.246766 0.969075 0.0
vn 0.198173 0.980167 0.0
vn 0.198173 0.980167 0.0
vn 0.149025 0.988833 0.0
vn 0.149025 0.988833 0.0
vn 0.099551 0.995032 0.0
vn 0.049845 0.998757 -0.0
vn 0.099551 0.995032 0.0
vn 0.049845 0.998757 0.0
vn 0.0 1.0 0.0
vn -0.0 1.0 0.0
vn -0.049845 0.998757 0.0
vn -0.049845 0.998757 0.0
vn -0.099551 0.995032 0.0
vn -0.099551 0.995032 0.0
vn -0.149025 0.988833 0.0
vn -0.149025 0.988833 0.0
vn -0.198173 0.980167 0.0
vn -0.246766 0.969075 0.0
vn -0.198173 0.980167 0.0
vn -0.246766 0.969075 0.0
vn -0.294757 0.955572 0.0
vn -0.294757 0.955572 0.0
vn -0.342007 0.939697 0.0
vn -0.342007 0.939697 0.0
vn -0.388421 0.921482 0.0
vn -0.433901 0.900961 0.0
vn -0.388421 0.921482 0.0
vn -0.433901 0.900961 0.0
vn -0.478238 0.87823 0.0
vn -0.478238 0.87823 0.0
vn -0.521443 0.853286 0.0
vn -0.521443 0.853286 0.0
vn -0.563317 0.826241 0.0
vn -0.603799 0.797137 0.0
vn -0.563317 0.826241 0.0
vn -0.603799 0.797137 0.0
vn -0.642788 0.766044 0.0
vn -0.680168 0.733056 0.0
vn -0.642788 0.766044 0.0
vn -0.680168 0.733056 0.0
vn -0.715887 0.698216 0.0
vn -0.715887 0.698216 0.0
vn -0.749772 0.661696 0.0
vn -0.749772 0.661696 0.0
vn -0.781837 0.623483 0.0
vn -0.781837 0.623483 0.0
vn -0.811938 0.583744 0.0
vn -0.811938 0.583744 0.0
vn -0.840015 0.542563 0.0
vn -0.840015 0.542563 0.0
vn -0.866032 0.499989 0.0
vn -0.866032 0.499989 0.0
vn -0.889874 0.456207 0.0
vn -0.889874 0.456207 0.0
vn -0.911502 0.411296 0.0
vn -0.911502 0.411296 0.0
vn -0.930874 0.365341 0.0
vn -0.930874 0.365341 0.0
vn -0.947928 0.318484 0.0
vn -0.947928 0.318484 0.0
vn -0.962624 0.270841 0.0
vn -0.962624 0.270841 0.0
vn -0.974928 0.222519 0.0
vn -0.974928 0.222519 0.0
vn -0.984807 0.173653 0.0
vn -0.984807 0.173653 0.0
vn -0.992239 0.124343 0.0
vn -0.992239 0.124343 0.0
vn -0.997204 0.074725 0.0
vn -0.997204 0.074725 0.0
vn -0.999689 0.024934 0.0
vn -0.999689 0.024934 0.0
vn -0.999689 -0.024929 -0.0
vn -0.999689 -0.024929 0.0
vn -0.997204 -0.07473 0.0
vn -0.997204 -0.07473 -0.0
vn -0.992239 -0.124344 0.0
vn -0.992239 -0.124344 -0.0
vn -0.984809 -0.173643 0.0
vn -0.984809 -0.173643 -0.0
vn -0.974927 -0.222527 0.0
vn -0.974927 -0.222527 -0.0
vn -0.962626 -0.270833 0.0
vn -0.962626 -0.270833 -0.0
vn -0.947924 -0.318496 0.0
vn -0.930873 -0.365342 0.0
vn -0.947924 -0.318496 -0.0
vn -0.930873 -0.365342 0.0
vn -0.911509 -0.41128 0.0
vn -0.911509 -0.41128 -0.0
vn -0.889872 -0.45621 0.0
vn -0.889872 -0.45621 -0.0
vn -0.866023 -0.500005 -0.0
vn -0.866023 -0.500005 0.0
vn -0.84003 -0.542539 -0.0
vn -0.84003 -0.542539 0.0
vn -0.811942 -0.583738 -0.0
vn -0.811942 -0.583738 0.0
vn -0.78183 -0.623492 0.0
vn -0.78183 -0.623492 0.0
vn -0.749769 -0.661699 -0.0
vn -0.749769 -0.661699 0.0
vn -0.715872 -0.698232 -0.0
vn -0.715872 -0.698232 0.0
vn -0.680175 -0.73305 -0.0
vn -0.680175 -0.73305 0.0
vn -0.642793 -0.76604 -0.0
vn -0.642793 -0.76604 0.0
vn -0.603795 -0.79714 0.0
vn -0.603795 -0.79714 0.0
vn -0.563318 -0.82624 -0.0
vn -0.563318 -0.82624 0.0
vn -0.52145 -0.853282 -0.0
vn -0.52145 -0.853282 0.0
vn -0.478235 -0.878232 -0.0
vn -0.478235 -0.878232 0.0
vn -0.43389 -0.900966 0.0
vn -0.43389 -0.900966 -0.0
vn -0.388445 -0.921472 0.0
vn -0.388445 -0.921472 -0.0
vn -0.342003 -0.939699 0.0
vn -0.342003 -0.939699 -0.0
vn -0.294763 -0.95557 0.0
vn -0.246752 -0.969079 0.0
vn -0.294763 -0.95557 -0.0
vn -0.246752 -0.969079 0.0
vn -0.198164 -0.980169 0.0
vn -0.198164 -0.980169 -0.0
vn -0.14903 -0.988833 0.0
vn -0.14903 -0.988833 -0.0
vn -0.099572 -0.99503 0.0
vn -0.04983 -0.998758 0.0
vn -0.099572 -0.99503 -0.0
vn -0.04983 -0.998758 0.0
vn 0.0 -1.0 0.0
vn 0.04983 -0.998758 0.0
vn -0.0 -1.0 -0.0
vn 0.099572 -0.99503 0.0
vn 0.04983 -0.998758 0.0
vn 0.099572 -0.99503 0.0
vn 0.14903 -0.988833 0.0
vn 0.198164 -0.980169 0.0
vn 0.14903 -0.988833 0.0
vn 0.246752 -0.969079 0.0
vn 0.198164 -0.980169 0.0
vn 0.246752 -0.969079 0.0
vn 0.294765 -0.95557 0.0
vn 0.294765 -0.95557 0.0
vn 0.341998 -0.939701 0.0
vn 0.341998 -0.939701 0.0
vn 0.388448 -0.921471 0.0
vn 0.388448 -0.921471 0.0
vn 0.433887 -0.900967 0.0
vn 0.433887 -0.900967 0.0
vn 0.478241 -0.878229 0.0
vn 0.478241 -0.878229 0.0
vn 0.521447 -0.853284 0.0
vn 0.521447 -0.853284 0.0
vn 0.563318 -0.82624 0.0
vn 0.563318 -0.82624 0.0
vn 0.603795 -0.79714 0.0
vn 0.603795 -0.79714 0.0
vn 0.642793 -0.76604 0.0
vn 0.642793 -0.76604 0.0
vn 0.680178 -0.733047 0.0
vn 0.680178 -0.733047 0.0
vn 0.715864 -0.698239 0.0
vn 0.715864 -0.698239 0.0
vn 0.749773 -0.661695 0.0
vn 0.749773 -0.661695 0.0
vn 0.781833 -0.623488 0.0
vn 0.781833 -0.623488 0.0
vn 0.811942 -0.583738 0.0
vn 0.811942 -0.583738 0.0
vn 0.840027 -0.542545 0.0
vn 0.840027 -0.542545 0.0
vn 0.866026 -0.499999 0.0
vn 0.866026 -0.499999 0.0
vn 0.889869 -0.456216 0.0
vn 0.889869 -0.456216 0.0
vn 0.911509 -0.41128 0.0
vn 0.911509 -0.41128 0.0
vn 0.930871 -0.365349 0.0
vn 0.930871 -0.365349 0.0
vn 0.947929 -0.318483 0.0
vn 0.947929 -0.318483 0.0
vn 0.962622 -0.270847 0.0
vn 0.962622 -0.270847 0.0
vn 0.97493 -0.222513 0.0
vn 0.97493 -0.222513 0.0
vn 0.984807 -0.17365 0.0
vn 0.984807 -0.17365 0.0
vn 0.992239 -0.124344 0.0
vn 0.997204 -0.07473 0.0
vn 0.992239 -0.124344 0.0
vn 0.997204 -0.07473 0.0
vn 0.999689 -0.024929 0.0
vn 0.999689 -0.024929 0.0
vn 0.999689 0.024929 0.0
vn 0.999689 0.024929 0.0
vn 0.997204 0.07473 0.0
vn 0.997204 0.07473 0.0
vn 0.992239 0.124344 -0.0
vn 0.992239 0.124344 0.0
vn 0.984808 0.173645 0.0
vn 0.984808 0.173645 0.0
vn 0.974928 0.222519 0.0
vn 0.974928 0.222519 0.0
vn 0.962622 0.270847 -0.0
vn 0.962622 0.270847 0.0
vn 0.947929 0.318483 0.0
vn 0.947929 0.318483 0.0
vn 0.930875 0.365339 -0.0
vn 0.930875 0.365339 0.0
vn 0.911504 0.411291 0.0
vn 0.911504 0.411291 0.0
vn 0.889869 0.456216 -0.0
vn 0.889869 0.456216 0.0
vn 0.866033 0.499987 0.0
vn 0.866033 0.499987 0.0
vn 0.840019 0.542558 0.0
vn 0.811942 0.583738 -0.0
vn 0.840019 0.542558 0.0
vn 0.811942 0.583738 0.0
vn 0.781833 0.623488 0.0
vn 0.749785 0.661681 -0.0
vn 0.781833 0.623488 0.0
vn 0.749785 0.661681 0.0
vn 0.715864 0.698239 0.0
vn 0.680163 0.733061 -0.0
vn 0.715864 0.698239 0.0
vn 0.680163 0.733061 0.0
vn 0.642793 0.76604 0.0
vn 0.642793 0.76604 0.0
vn 0.603813 0.797126 0.0
vn 0.603813 0.797126 0.0
vn 0.563318 0.82624 0.0
vn 0.563318 0.82624 0.0
vn 0.521426 0.853297 0.0
vn 0.521426 0.853297 0.0
vn 0.478263 0.878216 0.0
vn 0.478263 0.878216 0.0
vn 0.433887 0.900967 0.0
vn 0.433887 0.900967 0.0
vn 0.388424 0.921481 0.0
vn 0.388424 0.921481 0.0
vn 0.342024 0.939691 0.0
vn 0.342024 0.939691 0.0
vn 0.294765 0.95557 0.0
vn 0.294765 0.95557 0.0
vn 0.246752 0.969079 0.0
vn 0.246752 0.969079 0.0
vn 0.198137 0.980174 0.0
vn 0.198137 0.980174 0.0
vn 0.149058 0.988828 0.0
vn 0.149058 0.988828 0.0
vn 0.099544 0.995033 0.0
vn 0.099544 0.995033 0.0
vn 0.049859 0.998756 0.0
vn 0.049859 0.998756 0.0
vn 0.0 1.0 0.0
vn -0.0 1.0 0.0
vn -0.049859 0.998756 0.0
vn -0.049859 0.998756 0.0
vn -0.099544 0.995033 0.0
vn -0.099544 0.995033 0.0
vn -0.149058 0.988828 0.0
vn -0.149058 0.988828 0.0
vn -0.198137 0.980174 0.0
vn -0.198137 0.980174 0.0
vn -0.246752 0.969079 0.0
vn -0.246752 0.969079 0.0
vn -0.294763 0.95557 0.0
vn -0.294763 0.95557 0.0
vn -0.342028 0.93969 0.0
vn -0.342028 0.93969 0.0
vn -0.388421 0.921482 0.0
vn -0.388421 0.921482 0.0
vn -0.43389 0.900966 0.0
vn -0.43389 0.900966 0.0
vn -0.478257 0.87822 0.0
vn -0.478257 0.87822 0.0
vn -0.521429 0.853295 0.0
vn -0.521429 0.853295 0.0
vn -0.563318 0.82624 0.0
vn -0.563318 0.82624 0.0
vn -0.603813 0.797126 0.0
vn -0.603813 0.797126 0.0
vn -0.642793 0.76604 0.0
vn -0.642793 0.76604 0.0
vn -0.680159 0.733064 0.0
vn -0.680159 0.733064 0.0
vn -0.715872 0.698232 0.0
vn -0.715872 0.698232 0.0
vn -0.749782 0.661685 0.0
vn -0.749782 0.661685 0.0
vn -0.78183 0.623492 0.0
vn -0.78183 0.623492 0.0
vn -0.811942 0.583738 0.0
vn -0.811942 0.583738 0.0
vn -0.840022 0.542553 0.0
vn -0.840022 0.542553 0.0
vn -0.86603 0.499992 0.0
vn -0.86603 0.499992 0.0
vn -0.889872 0.45621 0.0
vn -0.889872 0.45621 0.0
vn -0.911504 0.411291 0.0
vn -0.911504 0.411291 0.0
vn -0.930877 0.365333 0.0
vn -0.930877 0.365333 0.0
vn -0.947924 0.318496 0.0
vn -0.947924 0.318496 0.0
vn -0.962626 0.270833 0.0
vn -0.962626 0.270833 0.0
vn -0.974925 0.222533 0.0
vn -0.974925 0.222533 0.0
vn -0.98481 0.173638 0.0
vn -0.98481 0.173638 0.0
vn -0.992239 0.124344 0.0
vn -0.992239 0.124344 0.0
vn -0.997204 0.07473 0.0
vn -0.997204 0.07473 0.0
vn -0.999689 0.024929 0.0
vn -0.999689 0.024929 0.0
vn -0.999689 -0.024946 -0.0
vn -0.999689 -0.024946 0.0
vn -0.997206 -0.074697 0.0
vn -0.992237 -0.12436 0.0
vn -0.997206 -0.074697 -0.0
vn -0.992237 -0.12436 0.0
vn -0.984808 -0.173648 0.0
vn -0.974931 -0.222509 0.0
vn -0.984808 -0.173648 -0.0
vn -0.962624 -0.270842 0.0
vn -0.974931 -0.222509 0.0
vn -0.962624 -0.270842 0.0
vn -0.947925 -0.318494 0.0
vn -0.947925 -0.318494 -0.0
vn -0.930878 -0.365331 0.0
vn -0.911497 -0.411307 0.0
vn -0.930878 -0.365331 -0.0
vn -0.911497 -0.411307 0.0
vn -0.889875 -0.456205 0.0
vn -0.889875 -0.456205 -0.0
vn -0.866029 -0.499994 -0.0
vn -0.866029 -0.499994 0.0
vn -0.84003 -0.54254 -0.0
vn -0.84003 -0.54254 0.0
vn -0.811928 -0.583757 -0.0
vn -0.811928 -0.583757 0.0
vn -0.781831 -0.62349 -0.0
vn -0.781831 -0.62349 0.0
vn -0.749784 -0.661683 -0.0
vn -0.749784 -0.661683 0.0
vn -0.715862 -0.698242 -0.0
vn -0.715862 -0.698242 0.0
vn -0.680159 -0.733064 -0.0
vn -0.680159 -0.733064 0.0
vn -0.642794 -0.766039 -0.0
vn -0.642794 -0.766039 0.0
vn -0.603832 -0.797111 -0.0
vn -0.603832 -0.797111 0.0
vn -0.563316 -0.826242 -0.0
vn -0.563316 -0.826242 0.0
vn -0.521407 -0.853308 0.0
vn -0.521407 -0.853308 0.0
vn -0.478274 -0.878211 -0.0
vn -0.478274 -0.878211 0.0
vn -0.433866 -0.900977 0.0
vn -0.433866 -0.900977 0.0
vn -0.388459 -0.921466 0.0
vn -0.342011 -0.939696 0.0
vn -0.388459 -0.921466 -0.0
vn -0.342011 -0.939696 0.0
vn -0.294754 -0.955573 0.0
vn -0.294754 -0.955573 -0.0
vn -0.246766 -0.969075 0.0
vn -0.198131 -0.980176 0.0
vn -0.246766 -0.969075 -0.0
vn -0.149067 -0.988827 0.0
vn -0.198131 -0.980176 0.0
vn -0.149067 -0.988827 0.0
vn -0.099552 -0.995032 0.0
vn -0.049845 -0.998757 0.0
vn -0.099552 -0.995032 -0.0
vn -0.049845 -0.998757 0.0
vn 0.0 -1.0 0.0
vn 0.049845 -0.998757 0.0
vn -0.0 -1.0 -0.0
vn 0.049845 -0.998757 0.0
vn 0.09955 -0.995033 0.0
vn 0.14907 -0.988827 0.0
vn 0.09955 -0.995033 0.0
vn 0.14907 -0.988827 0.0
vn 0.198126 -0.980176 0.0
vn 0.198126 -0.980176 0.0
vn 0.246766 -0.969075 0.0
vn 0.246766 -0.969075 0.0
vn 0.29476 -0.955571 0.0
vn 0.29476 -0.955571 0.0
vn 0.342004 -0.939699 0.0
vn 0.342004 -0.939699 0.0
vn 0.388467 -0.921462 0.0
vn 0.388467 -0.921462 0.0
vn 0.433857 -0.900982 0.0
vn 0.433857 -0.900982 0.0
vn 0.478274 -0.878211 0.0
vn 0.478274 -0.878211 0.0
vn 0.521407 -0.853308 0.0
vn 0.521407 -0.853308 0.0
vn 0.563327 -0.826234 0.0
vn 0.563327 -0.826234 0.0
vn 0.603821 -0.79712 0.0
vn 0.603821 -0.79712 0.0
vn 0.642794 -0.766039 0.0
vn 0.642794 -0.766039 0.0
vn 0.680159 -0.733064 0.0
vn 0.680159 -0.733064 0.0
vn 0.715873 -0.69823 0.0
vn 0.715873 -0.69823 0.0
vn 0.749772 -0.661696 0.0
vn 0.749772 -0.661696 0.0
vn 0.781831 -0.62349 0.0
vn 0.781831 -0.62349 0.0
vn 0.811939 -0.583742 0.0
vn 0.811939 -0.583742 0.0
vn 0.84003 -0.54254 0.0
vn 0.84003 -0.54254 0.0
vn 0.866019 -0.500011 0.0
vn 0.866019 -0.500011 0.0
vn 0.889875 -0.456205 0.0
vn 0.889875 -0.456205 0.0
vn 0.911514 -0.411269 0.0
vn 0.911514 -0.411269 0.0
vn 0.93087 -0.365351 0.0
vn 0.93087 -0.365351 0.0
vn 0.947925 -0.318494 0.0
vn 0.947925 -0.318494 0.0
vn 0.962624 -0.270842 0.0
vn 0.962624 -0.270842 0.0
vn 0.974931 -0.222509 0.0
vn 0.974931 -0.222509 0.0
vn 0.984808 -0.173648 0.0
vn 0.984808 -0.173648 0.0
vn 0.992237 -0.12436 0.0
vn 0.992237 -0.12436 0.0
vn 0.997205 -0.07472 0.0
vn 0.997205 -0.07472 0.0
vn 0.999689 -0.024923 0.0
vn 0.999689 -0.024923 0.0
vn 0.999689 0.024923 0.0
vn 0.999689 0.024923 0.0
vn 0.997205 0.07472 0.0
vn 0.997205 0.07472 0.0
vn 0.992238 0.124354 0.0
vn 0.992238 0.124354 0.0
vn 0.984808 0.173648 0.0
vn 0.984808 0.173648 0.0
vn 0.974928 0.222519 0.0
vn 0.974928 0.222519 0.0
vn 0.962627 0.27083 0.0
vn 0.962627 0.27083 0.0
vn 0.947925 0.318494 0.0
vn 0.947925 0.318494 0.0
vn 0.93087 0.365351 0.0
vn 0.93087 0.365351 0.0
vn 0.911506 0.411286 0.0
vn 0.911506 0.411286 0.0
vn 0.889875 0.456205 0.0
vn 0.889875 0.456205 0.0
vn 0.86603 0.499991 0.0
vn 0.86603 0.499991 0.0
vn 0.840016 0.542561 0.0
vn 0.840016 0.542561 0.0
vn 0.811939 0.583742 0.0
vn 0.811939 0.583742 0.0
vn 0.781831 0.62349 0.0
vn 0.781831 0.62349 0.0
vn 0.749772 0.661696 0.0
vn 0.749772 0.661696 0.0
vn 0.715896 0.698207 0.0
vn 0.715896 0.698207 0.0
vn 0.680159 0.733064 0.0
vn 0.680159 0.733064 0.0
vn 0.642794 0.766039 0.0
vn 0.642794 0.766039 0.0
vn 0.603792 0.797142 0.0
vn 0.603792 0.797142 0.0
vn 0.563327 0.826234 0.0
vn 0.563327 0.826234 0.0
vn 0.521441 0.853288 0.0
vn 0.521441 0.853288 0.0
vn 0.478238 0.87823 0.0
vn 0.478238 0.87823 0.0
vn 0.433894 0.900964 0.0
vn 0.433894 0.900964 0.0
vn 0.388428 0.921479 0.0
vn 0.388428 0.921479 0.0
vn 0.342004 0.939699 0.0
vn 0.342004 0.939699 0.0
vn 0.29476 0.955571 0.0
vn 0.29476 0.955571 0.0
vn 0.246766 0.969075 0.0
vn 0.246766 0.969075 0.0
vn 0.198171 0.980167 0.0
vn 0.198171 0.980167 0.0
vn 0.149025 0.988833 0.0
vn 0.149025 0.988833 0.0
vn 0.09955 0.995033 0.0
vn 0.049845 0.998757 -0.0
vn 0.09955 0.995033 0.0
vn 0.049845 0.998757 0.0
vn 0.0 1.0 0.0
vn -0.0 1.0 0.0
vn -0.049845 0.998757 0.0
vn -0.049845 0.998757 0.0
vn -0.099552 0.995032 0.0
vn -0.099552 0.995032 0.0
vn -0.149022 0.988834 0.0
vn -0.149022 0.988834 0.0
vn -0.198175 0.980166 0.0
vn -0.246766 0.969075 0.0
vn -0.198175 0.980166 0.0
vn -0.246766 0.969075 0.0
vn -0.294754 0.955573 0.0
vn -0.294754 0.955573 0.0
vn -0.342011 0.939696 0.0
vn -0.342011 0.939696 0.0
vn -0.38842 0.921483 0.0
vn -0.433903 0.900959 0.0
vn -0.38842 0.921483 0.0
vn -0.433903 0.900959 0.0
vn -0.478238 0.87823 0.0
vn -0.478238 0.87823 0.0
vn -0.521441 0.853288 0.0
vn -0.521441 0.853288 0.0
vn -0.563316 0.826242 0.0
vn -0.603803 0.797134 0.0
vn -0.563316 0.826242 0.0
vn -0.603803 0.797134 0.0
vn -0.642794 0.766039 0.0
vn -0.680159 0.733064 0.0
vn -0.642794 0.766039 0.0
vn -0.680159 0.733064 0.0
vn -0.715884 0.698219 0.0
vn -0.715884 0.698219 0.0
vn -0.749784 0.661683 0.0
vn -0.749784 0.661683 0.0
vn -0.781831 0.62349 0.0
vn -0.781831 0.62349 0.0
vn -0.811928 0.583757 0.0
vn -0.811928 0.583757 0.0
vn -0.840016 0.542561 0.0
vn -0.840016 0.542561 0.0
vn -0.86604 0.499974 0.0
vn -0.86604 0.499974 0.0
vn -0.889875 0.456205 0.0
vn -0.889875 0.456205 0.0
vn -0.911489 0.411325 0.0
vn -0.911489 0.411325 0.0
vn -0.930878 0.365331 0.0
vn -0.930878 0.365331 0.0
vn -0.947925 0.318494 0.0
vn -0.947925 0.318494 0.0
vn -0.962627 0.27083 0.0
vn -0.962627 0.27083 0.0
vn -0.974928 0.222519 0.0
vn -0.974928 0.222519 0.0
vn -0.984808 0.173648 0.0
vn -0.984808 0.173648 0.0
vn -0.992238 0.124354 0.0
vn -0.992238 0.124354 0.0
vn -0.997206 0.074697 0.0
vn -0.997206 0.074697 0.0
vn -0.999689 0.024946 0.0
vn -0.999689 0.024946 0.0
vn 0.0 0.0 -1.0
vn 0.0 0.0 -1.0
vn 0.0 0.0 -1.0
vn 0.0 0.0 -1.0
vn 0.0 0.0 -1.0
vn 0.0 0.0 -1.0
vn 0.0 0.0 -1.0
vn 0.0 0.0 -1.0
vn 0.0 0.0 -1.0
vn 0.0 0.0 -1.0
vn 0.0 0.0 -1.0
vn 0.0 0.0 -1.0
vn 0.0 0.0 -1.0
vn 0.0 0.0 -1.0
vn 0.0 0.0 -1.0
vn 0.0 0.0 -1.0
vn 0.0 0.0 -1.0
vn 0.0 0.0 -1.0
vn 0.0 0.0 -1.0
vn 0.0 0.0 -1.0
vn 0.0 0.0 -1.0
vn 0.0 0.0 -1.0
vn 0.0 0.0 -1.0
vn 0.0 0.0 -1.0
vn 0.0 0.0 -1.0
vn 0.0 0.0 -1.0
vn 0.0 0.0 -1.0
vn 0.0 0.0 -1.0
vn 0.0 0.0 -1.0
vn 0.0 -0.0 -1.0
vn 0.0 -0.0 -1.0
vn 0.0 -0.0 -1.0
vn 0.0 -0.0 -1.0
vn 0.0 0.0 -1.0
vn 0.0 0.0 -1.0
vn 0.0 0.0 -1.0
vn 0.0 0.0 -1.0
vn 0.0 0.0 -1.0
vn 0.0 -0.0 -1.0
vn 0.0 -0.0 -1.0
vn 0.0 -0.0 -1.0
vn 0.0 -0.0 -1.0
vn 0.0 -0.0 -1.0
vn 0.0 0.0 -1.0
vn 0.0 0.0 -1.0
vn 0.0 -0.0 -1.0
vn 0.0 0.0 -1.0
vn 0.0 0.0 -1.0
vn 0.0 -0.0 -1.0
vn 0.0 -0.0 -1.0
vn 0.0 -0.0 -1.0
vn 0.0 -0.0 -1.0
vn 0.0 0.0 -1.0
vn 0.0 0.0 -1.0
vn 0.0 0.0 -1.0
vn 0.0 0.0 -1.0
vn 0.0 0.0 -1.0
vn 0.0 0.0 -1.0
vn 0.0 0.0 -1.0
vn 0.0 0.0 -1.0
vn 0.0 -0.0 -1.0
vn 0.0 -0.0 -1.0
vn 0.0 0.0 -1.0
vn 0.0 0.0 -1.0
vn 0.0 -0.0 -1.0
vn 0.0 0.0 -1.0
vn 0.0 -0.0 -1.0
vn 0.0 -0.0 -1.0
vn 0.0 0.0 -1.0
vn 0.0 0.0 -1.0
vn 0.0 0.0 -1.0
vn 0.0 0.0 -1.0
vn 0.0 0.0 -1.0
vn 0.0 -0.0 -1.0
vn 0.0 -0.0 -1.0
vn 0.0 -0.0 -1.0
vn 0.0 -0.0 -1.0
vn 0.0 0.0 -1.0
vn 0.0 0.0 -1.0
vn 0.0 0.0 -1.0
vn 0.0 -0.0 -1.0
vn 0.0 0.0 -1.0
vn 0.0 0.0 -1.0
vn 0.0 0.0 -1.0
vn 0.0 0.0 -1.0
vn -0.0 -0.0 -1.0
vn -0.0 -0.0 -1.0
vn 0.0 -0.0 -1.0
vn 0.0 -0.0 -1.0
vn 0.0 -0.0 -1.0
vn 0.0 0.0 -1.0
vn 0.0 0.0 -1.0
vn 0.0 -0.0 -1.0
vn 0.0 -0.0 -1.0
vn 0.0 0.0 -1.0
vn 0.0 -0.0 -1.0
vn 0.0 0.0 -1.0
vn 0.0 0.0 -1.0
vn -0.0 -0.0 -1.0
vn -0.0 -0.0 -1.0
vn 0.0 0.0 -1.0
vn 0.0 0.0 -1.0
vn 0.0 0.0 -1.0
vn 0.0 0.0 -1.0
vn -0.0 -0.0 -1.0
vn 0.0 0.0 -1.0
vn 0.0 0.0 -1.0
vn -0.0 -0.0 -1.0
vn -0.0 -0.0 -1.0
vn 0.0 0.0 -1.0
vn -0.0 -0.0 -1.0
vn -0.0 -0.0 -1.0
vn 0.0 0.0 -1.0
vn 0.0 0.0 -1.0
vn 0.0 0.0 -1.0
vn -0.0 -0.0 -1.0
vn -0.0 -0.0 -1.0
vn 0.0 0.0 -1.0
vn 0.0 0.0 -1.0
vn -0.0 -0.0 -1.0
vn 0.0 0.0 -1.0
vn -0.0 -0.0 -1.0
vn -0.0 -0.0 -1.0
vn 0.0 0.0 -1.0
vn 0.0 0.0 -1.0
vn 0.0 0.0 -1.0
vn 0.0 0.0 -1.0
vn 0.0 0.0 -1.0
vn 0.0 0.0 -1.0
vn 0.0 0.0 -1.0
vn 0.0 0.0 -1.0
vn 0.0 0.0 -1.0
vn 0.0 0.0 -1.0
vn 0.0 0.0 -1.0
vn 0.0 0.0 -1.0
vn 0.0 0.0 -1.0
vn 0.0 0.0 -1.0
vn 0.0 0.0 -1.0
vn 0.0 0.0 -1.0
vn 0.0 0.0 -1.0
vn 0.0 0.0 -1.0
vn 0.0 0.0 -1.0
vn 0.0 0.0 -1.0
vn 0.0 0.0 -1.0
vn 0.0 0.0 -1.0
vn 0.0 -0.0 -1.0
vn 0.0 -0.0 -1.0
vn 0.0 0.0 -1.0
vn 0.0 0.0 -1.0
vn 0.0 0.0 -1.0
vn 0.0 0.0 -1.0
vn 0.0 0.0 -1.0
vn 0.0 -0.0 -1.0
vn 0.0 -0.0 -1.0
vn 0.0 0.0 -1.0
vn 0.0 -0.0 -1.0
vn 0.0 -0.0 -1.0
vn 0.0 -0.0 -1.0
vn 0.0 -0.0 -1.0
vn 0.0 0.0 -1.0
vn 0.0 0.0 -1.0
vn 0.0 0.0 -1.0
vn 0.0 0.0 -1.0
vn 0.0 0.0 -1.0
vn 0.0 0.0 -1.0
vn 0.0 -0.0 -1.0
vn 0.0 -0.0 -1.0
vn 0.0 0.0 -1.0
vn 0.0 -0.0 -1.0
vn 0.0 -0.0 -1.0
vn 0.0 -0.0 -1.0
vn 0.0 -0.0 -1.0
vn 0.0 0.0 -1.0
vn 0.0 0.0 -1.0
vn 0.0 0.0 -1.0
vn 0.0 0.0 -1.0
vn 0.0 0.0 -1.0
vn 0.0 -0.0 -1.0
vn 0.0 0.0 -1.0
vn 0.0 0.0 -1.0
vn 0.0 0.0 -1.0
vn 0.0 0.0 -1.0
vn 0.0 0.0 -1.0
vn 0.0 0.0 -1.0
vn 0.0 0.0 -1.0
vn 0.0 0.0 -1.0
vn 0.0 0.0 -1.0
vn 0.0 0.0 -1.0
vn 0.0 0.0 -1.0
vn 0.0 0.0 -1.0
vn 0.0 0.0 -1.0
vn 0.0 -0.0 -1.0
vn 0.0 -0.0 -1.0
vn 0.0 -0.0 -1.0
vn 0.0 -0.0 -1.0
vn 0.0 -0.0 -1.0
vn 0.0 -0.0 -1.0
vn 0.0 0.0 -1.0
vn 0.0 0.0 -1.0
vn 0.0 -0.0 -1.0
vn 0.0 0.0 -1.0
vn 0.0 -0.0 -1.0
vn 0.0 0.0 -1.0
vn 0.0 0.0 -1.0
vn 0.0 -0.0 -1.0
vn 0.0 0.0 -1.0
vn 0.0 -0.0 -1.0
vn 0.0 -0.0 -1.0
vn 0.0 0.0 -1.0
vn 0.0 0.0 -1.0
vn 0.0 -0.0 -1.0
vn 0.0 0.0 -1.0
vn -0.0 -0.0 -1.0
vn 0.0 0.0 -1.0
vn 0.0 0.0 -1.0
vn -0.0 -0.0 -1.0
vn 0.0 0.0 -1.0
vn 0.0 0.0 -1.0
vn -0.0 -0.0 -1.0
vn -0.0 -0.0 -1.0
vn -0.0 -0.0 -1.0
vn -0.0 -0.0 -1.0
vn -0.0 -0.0 -1.0
vn 0.0 0.0 -1.0
vn 0.0 0.0 -1.0
vn 0.0 0.0 -1.0
vn -0.0 -0.0 -1.0
vn -0.0 -0.0 -1.0
vn 0.0 0.0 -1.0
vn 0.0 0.0 -1.0
vn 0.0 -0.0 -1.0
vn -0.0 -0.0 -1.0
vn -0.0 -0.0 -1.0
vn 0.0 0.0 -1.0
vn 0.0 0.0 -1.0
vn 0.0 0.0 -1.0
vn -0.0 -0.0 -1.0
vn -0.0 -0.0 -1.0
vn 0.0 0.0 -1.0
vn 0.0 0.0 -1.0
vn 0.0 0.0 -1.0
vn 0.0 -0.0 -1.0
vn 0.0 0.0 -1.0
vn 0.0 -0.0 -1.0
vn -0.0 -0.0 -1.0
vn -0.0 -0.0 -1.0
vn 0.0 0.0 -1.0
vn 0.0 0.0 -1.0
vn 0.0 0.0 -1.0
vn 0.0 0.0 -1.0
vn 0.0 0.0 -1.0
vn 0.0 0.0 -1.0
vn 0.0 0.0 -1.0
vn 0.0 0.0 -1.0
vn 0.0 0.0 -1.0
vn 0.0 0.0 -1.0
vn 0.0 0.0 -1.0
vn 0.0 0.0 -1.0
vn 0.0 0.0 -1.0
vn 0.0 0.0 -1.0
vn 0.0 0.0 -1.0
vn 0.0 0.0 -1.0
vn 0.0 0.0 -1.0
vn 0.0 0.0 -1.0
vn 0.0 0.0 -1.0
vn 0.0 0.0 -1.0
vn 0.0 0.0 -1.0
vn 0.0 0.0 -1.0
vn 0.0 0.0 -1.0
vn 0.0 0.0 -1.0
vn 0.0 0.0 -1.0
vn 0.0 0.0 -1.0
vn 0.0 0.0 -1.0
vn 0.0 0.0 -1.0
vn 0.0 0.0 -1.0
vn 0.0 0.0 -1.0
vn 0.0 0.0 -1.0
vn 0.0 -0.0 -1.0
vn 0.0 -0.0 -1.0
vn 0.0 -0.0 -1.0
vn 0.0 -0.0 -1.0
vn 0.0 0.0 -1.0
vn 0.0 0.0 -1.0
vn 0.0 0.0 -1.0
vn 0.0 0.0 -1.0
vn 0.0 0.0 -1.0
vn 0.0 -0.0 -1.0
vn 0.0 -0.0 -1.0
vn 0.0 -0.0 -1.0
vn 0.0 -0.0 -1.0
vn 0.0 -0.0 -1.0
vn 0.0 0.0 -1.0
vn 0.0 0.0 -1.0
vn 0.0 -0.0 -1.0
vn 0.0 0.0 -1.0
vn 0.0 0.0 -1.0
vn 0.0 -0.0 -1.0
vn 0.0 -0.0 -1.0
vn 0.0 -0.0 -1.0
vn 0.0 -0.0 -1.0
vn 0.0 0.0 -1.0
vn 0.0 0.0 -1.0
vn 0.0 0.0 -1.0
vn 0.0 0.0 -1.0
vn 0.0 0.0 -1.0
vn 0.0 0.0 -1.0
vn 0.0 0.0 -1.0
vn 0.0 0.0 -1.0
vn 0.0 -0.0 -1.0
vn 0.0 -0.0 -1.0
vn 0.0 0.0 -1.0
vn 0.0 0.0 -1.0
vn 0.0 -0.0 -1.0
vn 0.0 0.0 -1.0
vn 0.0 -0.0 -1.0
vn 0.0 -0.0 -1.0
vn 0.0 0.0 -1.0
vn 0.0 0.0 -1.0
vn 0.0 0.0 -1.0
vn 0.0 0.0 -1.0
vn 0.0 0.0 -1.0
vn 0.0 -0.0 -1.0
vn 0.0 -0.0 -1.0
vn 0.0 -0.0 -1.0
vn 0.0 -0.0 -1.0
vn 0.0 0.0 -1.0
vn 0.0 0.0 -1.0
vn 0.0 0.0 -1.0
vn 0.0 -0.0 -1.0
vn 0.0 0.0 -1.0
vn 0.0 0.0 -1.0
vn 0.0 0.0 -1.0
vn 0.0 0.0 -1.0
vn -0.0 -0.0 -1.0
vn -0.0 -0.0 -1.0
vn 0.0 -0.0 -1.0
vn 0.0 -0.0 -1.0
vn 0.0 -0.0 -1.0
vn 0.0 0.0 -1.0
vn 0.0 0.0 -1.0
vn 0.0 -0.0 -1.0
vn 0.0 -0.0 -1.0
vn 0.0 0.0 -1.0
vn 0.0 -0.0 -1.0
vn 0.0 0.0 -1.0
vn 0.0 0.0 -1.0
vn -0.0 -0.0 -1.0
vn -0.0 -0.0 -1.0
vn 0.0 0.0 -1.0
vn 0.0 0.0 -1.0
vn 0.0 0.0 -1.0
vn 0.0 0.0 -1.0
vn -0.0 -0.0 -1.0
vn 0.0 0.0 -1.0
vn 0.0 0.0 -1.0
vn -0.0 -0.0 -1.0
vn -0.0 -0.0 -1.0
vn 0.0 0.0 -1.0
vn -0.0 -0.0 -1.0
vn -0.0 -0.0 -1.0
vn 0.0 0.0 -1.0
vn 0.0 0.0 -1.0
vn 0.0 0.0 -1.0
vn -0.0 -0.0 -1.0
vn -0.0 -0.0 -1.0
vn 0.0 0.0 -1.0
vn 0.0 0.0 -1.0
vn -0.0 -0.0 -1.0
vn 0.0 0.0 -1.0
vn -0.0 -0.0 -1.0
vn -0.0 -0.0 -1.0
vn 0.0 0.0 -1.0
vn 0.0 0.0 -1.0
vn 0.0 0.0 -1.0
vn 0.0 0.0 -1.0
vn 0.0 0.0 -1.0
vn 0.0 0.0 -1.0
vn 0.0 0.0 -1.0
vn 0.0 0.0 -1.0
vn 0.0 0.0 -1.0
vn 0.0 0.0 -1.0
vn 0.0 0.0 -1.0
vn 0.0 0.0 -1.0
vn 0.0 0.0 -1.0
vn 0.0 0.0 -1.0
vn 0.0 0.0 -1.0
vn 0.0 0.0 -1.0
vn 0.0 0.0 -1.0
vn 0.0 0.0 -1.0
vn 0.0 0.0 -1.0
vn 0.0 0.0 -1.0
vn 0.0 0.0 -1.0
vn 0.0 0.0 -1.0
vn 0.0 -0.0 -1.0
vn 0.0 -0.0 -1.0
vn 0.0 0.0 -1.0
vn 0.0 0.0 -1.0
vn 0.0 0.0 -1.0
vn 0.0 0.0 -1.0
vn 0.0 0.0 -1.0
vn 0.0 -0.0 -1.0
vn 0.0 -0.0 -1.0
vn 0.0 0.0 -1.0
vn 0.0 -0.0 -1.0
vn 0.0 -0.0 -1.0
vn 0.0 -0.0 -1.0
vn 0.0 -0.0 -1.0
vn 0.0 0.0 -1.0
vn 0.0 0.0 -1.0
vn 0.0 0.0 -1.0
vn 0.0 0.0 -1.0
vn 0.0 0.0 -1.0
vn 0.0 0.0 -1.0
vn 0.0 -0.0 -1.0
vn 0.0 -0.0 -1.0
vn 0.0 0.0 -1.0
vn 0.0 -0.0 -1.0
vn 0.0 -0.0 -1.0
vn 0.0 -0.0 -1.0
vn 0.0 -0.0 -1.0
vn 0.0 0.0 -1.0
vn 0.0 0.0 -1.0
vn 0.0 0.0 -1.0
vn 0.0 0.0 -1.0
vn 0.0 0.0 -1.0
vn 0.0 -0.0 -1.0
vn 0.0 0.0 -1.0
vn 0.0 0.0 -1.0
vn 0.0 0.0 -1.0
vn 0.0 0.0 -1.0
vn 0.0 0.0 -1.0
vn 0.0 0.0 -1.0
vn 0.0 0.0 -1.0
vn 0.0 0.0 -1.0
vn 0.0 0.0 -1.0
vn 0.0 0.0 -1.0
vn 0.0 0.0 -1.0
vn 0.0 0.0 -1.0
vn 0.0 0.0 -1.0
vn 0.0 -0.0 -1.0
vn 0.0 -0.0 -1.0
vn 0.0 -0.0 -1.0
vn 0.0 -0.0 -1.0
vn 0.0 -0.0 -1.0
vn 0.0 -0.0 -1.0
vn 0.0 0.0 -1.0
vn 0.0 0.0 -1.0
vn 0.0 -0.0 -1.0
vn 0.0 0.0 -1.0
vn 0.0 -0.0 -1.0
vn 0.0 0.0 -1.0
vn 0.0 0.0 -1.0
vn 0.0 -0.0 -1.0
vn 0.0 0.0 -1.0
vn 0.0 -0.0 -1.0
vn 0.0 -0.0 -1.0
vn 0.0 0.0 -1.0
vn 0.0 0.0 -1.0
vn 0.0 -0.0 -1.0
vn 0.0 0.0 -1.0
vn -0.0 -0.0 -1.0
vn 0.0 0.0 -1.0
vn 0.0 0.0 -1.0
vn -0.0 -0.0 -1.0
vn 0.0 0.0 -1.0
vn 0.0 0.0 -1.0
vn -0.0 -0.0 -1.0
vn -0.0 -0.0 -1.0
vn -0.0 -0.0 -1.0
vn -0.0 -0.0 -1.0
vn -0.0 -0.0 -1.0
vn 0.0 0.0 -1.0
vn 0.0 0.0 -1.0
vn 0.0 0.0 -1.0
vn -0.0 -0.0 -1.0
vn -0.0 -0.0 -1.0
vn 0.0 0.0 -1.0
vn 0.0 0.0 -1.0
vn 0.0 -0.0 -1.0
vn -0.0 -0.0 -1.0
vn -0.0 -0.0 -1.0
vn 0.0 0.0 -1.0
vn 0.0 0.0 -1.0
vn 0.0 0.0 -1.0
vn -0.0 -0.0 -1.0
vn -0.0 -0.0 -1.0
vn 0.0 0.0 -1.0
vn 0.0 0.0 -1.0
vn 0.0 0.0 -1.0
vn 0.0 -0.0 -1.0
vn 0.0 0.0 -1.0
vn 0.0 -0.0 -1.0
vn -0.0 -0.0 -1.0
vn -0.0 -0.0 -1.0
vn 0.0 0.0 -1.0
vn 0.0 0.0 -1.0
vn 0.0 0.999853 0.01713
vn -0.0 0.999853 0.01713
vn 0.0 0.999853 0.01713
vn 0.0 0.999853 0.01713
vn 0.0 0.998679 0.051376
vn 0.0 0.998679 0.051376
vn 0.0 0.996333 0.085566
vn 0.0 0.996332 0.085566
vn 0.0 0.992815 0.119659
vn 0.0 0.992815 0.119659
vn 0.0 0.988133 0.153598
vn 0.0 0.988133 0.153598
vn 0.0 0.982292 0.187358
vn 0.0 0.982292 0.187358
vn 0.0 0.975295 0.220907
vn 0.0 0.975295 0.220907
vn 0.0 0.967153 0.254193
vn 0.0 0.967154 0.254193
vn 0.0 0.957875 0.287185
vn 0.0 0.957875 0.287185
vn 0.0 0.947474 0.319832
vn -0.0 0.935962 0.352102
vn 0.0 0.947474 0.319832
vn 0.0 0.935962 0.352102
vn -0.0 0.923346 0.383968
vn -0.0 0.90965 0.415376
vn 0.0 0.923346 0.383968
vn -0.0 0.894886 0.446295
vn 0.0 0.90965 0.415376
vn -0.0 0.879066 0.476699
vn 0.0 0.894886 0.446295
vn -0.0 0.862219 0.506536
vn 0.0 0.879066 0.476699
vn -0.0 0.844362 0.535773
vn 0.0 0.862219 0.506536
vn -0.0 0.825504 0.564396
vn 0.0 0.844362 0.535773
vn -0.0 0.805682 0.592349
vn 0.0 0.825505 0.564396
vn -0.0 0.784918 0.619599
vn 0.0 0.805682 0.592349
vn -0.0 0.763224 0.646133
vn 0.0 0.784918 0.619599
vn -0.0 0.740646 0.671896
vn 0.0 0.763224 0.646133
vn -0.0 0.717183 0.696884
vn 0.0 0.740646 0.671896
vn -0.0 0.692884 0.721049
vn 0.0 0.717184 0.696884
vn -0.0 0.667783 0.744356
vn 0.0 0.692884 0.721049
vn -0.0 0.641878 0.766807
vn 0.0 0.667783 0.744356
vn -0.0 0.61523 0.788348
vn 0.0 0.641878 0.766807
vn 0.0 0.61523 0.788348
vn -0.0 0.587864 0.80896
vn 0.0 0.587864 0.80896
vn -0.0 0.559803 0.828626
vn 0.0 0.559803 0.828626
vn -0.0 0.531078 0.847323
vn 0.0 0.531078 0.847323
vn -0.0 0.501736 0.865021
vn 0.0 0.501736 0.865021
vn -0.0 0.466767 0.88438
vn 0.0 0.466767 0.88438
vn -0.0 0.423294 0.905992
vn 0.0 0.423294 0.905992
vn -0.0 0.376186 0.926544
vn 0.0 0.376186 0.926544
vn 0.0 0.328086 0.944648
vn 0.0 0.328086 0.944648
vn 0.0 0.279114 0.960258
vn 0.0 0.279114 0.960258
vn 0.0 0.229407 0.973331
vn 0.0 0.229407 0.973331
vn 0.0 0.179095 0.983832
vn 0.0 0.179095 0.983832
vn 0.0 0.128309 0.991734
vn 0.0 0.128309 0.991734
vn 0.0 0.077184 0.997017
vn 0.0 0.077184 0.997017
vn 0.0 0.038664 0.999252
vn -0.0 0.012888 0.999917
vn 0.0 0.038664 0.999252
vn 0.0 0.012888 0.999917
vn 1.0 -0.0 -0.0
vn 1.0 -0.0 -0.0
vn 1.0 0.0 0.0
vn 1.0 0.0 0.0
vn 1.0 0.0 0.0
vn 1.0 -0.0 -0.0
vn 1.0 0.0 0.0
vn 1.0 0.0 0.0
vn 1.0 -0.0 -0.0
vn 1.0 0.0 0.0
vn 1.0 -0.0 -0.0
vn 1.0 -0.0 -0.0
vn 1.0 -0.0 -0.0
vn 1.0 -0.0 -0.0
vn 1.0 -0.0 -0.0
vn 1.0 0.0 0.0
vn 1.0 0.0 0.0
vn 1.0 0.0 0.0
vn 1.0 0.0 0.0
vn 1.0 0.0 0.0
vn 1.0 0.0 0.0
vn 1.0 0.0 0.0
vn 1.0 0.0 0.0
vn 1.0 0.0 -0.0
vn 1.0 0.0 -0.0
vn 1.0 0.0 0.0
vn 1.0 0.0 -0.0
vn 1.0 0.0 -0.0
vn 1.0 0.0 -0.0
vn 1.0 0.0 -0.0
vn 1.0 0.0 0.0
vn 1.0 0.0 0.0
vn 1.0 0.0 -0.0
vn 1.0 0.0 -0.0
vn 1.0 0.0 0.0
vn 1.0 0.0 0.0
vn 1.0 0.0 -0.0
vn 1.0 0.0 -0.0
vn 1.0 0.0 0.0
vn 1.0 0.0 0.0
vn 1.0 0.0 0.0
vn 1.0 0.0 -0.0
vn 1.0 0.0 0.0
vn 1.0 0.0 0.0
vn 1.0 0.0 -0.0
vn 1.0 0.0 0.0
vn 1.0 0.0 -0.0
vn 1.0 0.0 -0.0
vn 1.0 0.0 0.0
vn 1.0 0.0 -0.0
vn 1.0 0.0 -0.0
vn 1.0 0.0 -0.0
vn 1.0 0.0 0.0
vn 1.0 0.0 0.0
vn 1.0 0.0 0.0
vn 1.0 0.0 0.0
vn 1.0 0.0 0.0
vn 1.0 0.0 -0.0
vn 1.0 0.0 -0.0
vn 1.0 0.0 0.0
vn 1.0 0.0 -0.0
vn 1.0 0.0 -0.0
vn 1.0 0.0 0.0
vn 1.0 0.0 0.0
vn 1.0 0.0 0.0
vn 1.0 0.0 -0.0
vn 1.0 0.0 -0.0
vn 1.0 0.0 -0.0
vn 1.0 0.0 -0.0
vn 1.0 0.0 0.0
vn 1.0 0.0 0.0
vn 1.0 0.0 0.0
vn 1.0 0.0 -0.0
vn 1.0 0.0 -0.0
vn 1.0 0.0 -0.0
vn 1.0 0.0 0.0
vn 1.0 0.0 0.0
vn 1.0 0.0 -0.0
vn 1.0 0.0 -0.0
vn 1.0 0.0 0.0
vn 1.0 0.0 0.0
vn 1.0 0.0 -0.0
vn 1.0 0.0 -0.0
vn 1.0 0.0 -0.0
vn 1.0 0.0 -0.0
vn 1.0 0.0 -0.0
vn 1.0 0.0 -0.0
vn 1.0 0.0 0.0
vn 1.0 0.0 0.0
vn 1.0 0.0 0.0
vn 1.0 0.0 0.0
vn 1.0 0.0 0.0
vn 1.0 0.0 0.0
vn 1.0 0.0 0.0
vn 1.0 0.0 0.0
vn 1.0 0.0 0.0
vn 1.0 0.0 0.0
vn 1.0 0.0 0.0
vn 1.0 0.0 0.0
vn 1.0 0.0 0.0
vn 1.0 0.0 0.0
vn 1.0 0.0 0.0
vn 1.0 0.0 0.0
vn 1.0 0.0 0.0
vn 1.0 0.0 0.0
vn 1.0 0.0 0.0
vn 1.0 0.0 0.0
vn 1.0 0.0 0.0
vn 1.0 0.0 0.0
vn 1.0 0.0 0.0
vn 1.0 0.0 0.0
vn 1.0 0.0 0.0
vn 1.0 0.0 0.0
vn 1.0 0.0 0.0
vn 1.0 0.0 0.0
vn 1.0 0.0 -0.0
vn 1.0 0.0 0.0
vn 1.0 0.0 0.0
vn 1.0 0.0 0.0
vn 1.0 -0.0 0.0
vn 1.0 0.0 -0.0
vn 1.0 0.0 0.0
vn 1.0 0.0 0.0
vn 1.0 0.0 -0.0
vn 1.0 0.0 0.0
vn 1.0 0.0 0.0
vn 1.0 -0.0 -0.0
vn 1.0 0.0 0.0
vn 1.0 -0.0 -0.0
vn 1.0 -0.0 -0.0
vn 1.0 -0.0 -0.0
vn 1.0 -0.0 -0.0
vn 1.0 -0.0 -0.0
vn 1.0 -0.0 -0.0
vn 1.0 0.0 0.0
vn 1.0 0.0 0.0
vn 1.0 0.0 0.0
vn 1.0 -0.0 -0.0
vn 1.0 -0.0 -0.0
vn 1.0 -0.0 -0.0
vn 1.0 0.0 0.0
vn 1.0 -0.0 -0.0
vn 1.0 -0.0 -0.0
vn 1.0 0.0 0.0
vn 1.0 0.0 0.0
vn 1.0 0.0 0.0
vn 1.0 -0.0 -0.0
vn 1.0 -0.0 -0.0
vn 1.0 0.0 0.0
vn 1.0 0.0 0.0
vn 1.0 0.0 0.0
vn 1.0 0.0 -0.0
vn 1.0 0.0 -0.0
vn 1.0 0.0 0.0
vn 1.0 0.0 0.0
vn 1.0 0.0 0.0
vn 1.0 0.0 0.0
vn 1.0 0.0 0.0
vn 1.0 0.0 0.0
vn 1.0 0.0 -0.0
vn 1.0 0.0 -0.0
vn 1.0 0.0 -0.0
vn 1.0 0.0 -0.0
vn 1.0 0.0 -0.0
vn 1.0 0.0 -0.0
vn 1.0 0.0 -0.0
vn 1.0 0.0 0.0
vn 1.0 0.0 0.0
vn 1.0 0.0 0.0
vn 1.0 0.0 -0.0
vn 1.0 0.0 -0.0
vn 1.0 0.0 0.0
vn 1.0 0.0 0.0
vn 1.0 0.0 0.0
vn 1.0 0.0 0.0
vn 1.0 0.0 0.0
vn 1.0 0.0 0.0
vn 1.0 0.0 0.0
vn 1.0 0.0 -0.0
vn 1.0 0.0 -0.0
vn 1.0 0.0 -0.0
vn 1.0 0.0 -0.0
vn 1.0 0.0 0.0
vn 1.0 0.0 0.0
vn 1.0 0.0 0.0
vn 1.0 0.0 -0.0
vn 1.0 0.0 -0.0
vn 1.0 0.0 -0.0
vn 1.0 0.0 -0.0
vn 1.0 0.0 0.0
vn 1.0 0.0 0.0
vn 1.0 0.0 0.0
vn 1.0 0.0 0.0
vn 1.0 0.0 0.0
vn 1.0 0.0 -0.0
vn 1.0 0.0 -0.0
vn 1.0 0.0 -0.0
vn 1.0 0.0 -0.0
vn 1.0 -0.0 0.0
vn 1.0 0.0 -0.0
vn 1.0 0.0 0.0
vn 1.0 0.0 0.0
vn 1.0 0.0 -0.0
vn 1.0 0.0 -0.0
vn 1.0 0.0 0.0
vn 1.0 0.0 0.0
vn 1.0 0.0 -0.0
vn 1.0 0.0 -0.0
vn 1.0 0.0 -0.0
vn 1.0 0.0 -0.0
vn 1.0 0.0 0.0
vn 1.0 0.0 0.0
vn 1.0 0.0 0.0
vn 1.0 0.0 -0.0
vn 1.0 0.0 -0.0
vn 1.0 0.0 0.0
vn 1.0 0.0 0.0
vn 1.0 0.0 0.0
vn 1.0 0.0 0.0
vn 1.0 0.0 0.0
vn 1.0 0.0 0.0
vn 1.0 0.0 0.0
vn 1.0 0.0 0.0
vn 1.0 0.0 0.0
vn 1.0 0.0 0.0
vn 1.0 0.0 0.0
vn 1.0 0.0 0.0
vn 1.0 0.0 0.0
vn 1.0 0.0 0.0
vn 1.0 0.0 0.0
vn 1.0 0.0 0.0
vn 1.0 0.0 0.0
vn 1.0 0.0 0.0
vn 1.0 0.0 0.0
vn 1.0 0.0 0.0
vn 1.0 0.0 0.0
vn 1.0 0.0 0.0
vn 1.0 0.0 0.0
vn 1.0 0.0 0.0
vn 1.0 0.0 0.0
vn 1.0 0.0 0.0
vn 1.0 0.0 0.0
vn 1.0 0.0 0.0
vn 1.0 0.0 0.0
vn 1.0 0.0 0.0
vn 1.0 0.0 0.0
vn 1.0 0.0 0.0
vn 1.0 0.0 0.0
vn 1.0 -0.0 -0.0
vn 1.0 -0.0 -0.0
vn 1.0 0.0 0.0
vn 1.0 0.0 0.0
vn 1.0 0.0 0.0
vn 1.0 -0.0 -0.0
vn 1.0 0.0 0.0
vn 1.0 0.0 0.0
vn 1.0 -0.0 -0.0
vn 1.0 0.0 0.0
vn 1.0 -0.0 -0.0
vn 1.0 -0.0 -0.0
vn 1.0 -0.0 -0.0
vn 1.0 -0.0 -0.0
vn 1.0 -0.0 -0.0
vn 1.0 0.0 0.0
vn 1.0 0.0 0.0
vn 1.0 0.0 0.0
vn 1.0 0.0 0.0
vn 1.0 0.0 0.0
vn 1.0 0.0 0.0
vn 1.0 0.0 0.0
vn 1.0 0.0 0.0
vn 1.0 0.0 -0.0
vn 1.0 0.0 -0.0
vn 1.0 0.0 0.0
vn 1.0 0.0 -0.0
vn 1.0 0.0 -0.0
vn 1.0 0.0 -0.0
vn 1.0 0.0 -0.0
vn 1.0 0.0 0.0
vn 1.0 0.0 0.0
vn 1.0 0.0 -0.0
vn 1.0 0.0 -0.0
vn 1.0 0.0 0.0
vn 1.0 0.0 0.0
vn 1.0 0.0 -0.0
vn 1.0 0.0 -0.0
vn 1.0 0.0 0.0
vn 1.0 0.0 0.0
vn 1.0 0.0 0.0
vn 1.0 0.0 -0.0
vn 1.0 0.0 0.0
vn 1.0 0.0 0.0
vn 1.0 0.0 -0.0
vn 1.0 0.0 0.0
vn 1.0 0.0 -0.0
vn 1.0 0.0 -0.0
vn 1.0 0.0 0.0
vn 1.0 0.0 -0.0
vn 1.0 0.0 -0.0
vn 1.0 0.0 -0.0
vn 1.0 0.0 0.0
vn 1.0 0.0 0.0
vn 1.0 0.0 0.0
vn 1.0 0.0 0.0
vn 1.0 0.0 0.0
vn 1.0 0.0 -0.0
vn 1.0 0.0 -0.0
vn 1.0 0.0 0.0
vn 1.0 0.0 -0.0
vn 1.0 0.0 -0.0
vn 1.0 0.0 0.0
vn 1.0 0.0 0.0
vn 1.0 0.0 0.0
vn 1.0 0.0 -0.0
vn 1.0 0.0 -0.0
vn 1.0 0.0 -0.0
vn 1.0 0.0 -0.0
vn 1.0 0.0 0.0
vn 1.0 0.0 0.0
vn 1.0 0.0 0.0
vn 1.0 0.0 -0.0
vn 1.0 0.0 -0.0
vn 1.0 0.0 -0.0
vn 1.0 0.0 0.0
vn 1.0 0.0 0.0
vn 1.0 0.0 -0.0
vn 1.0 0.0 -0.0
vn 1.0 0.0 0.0
vn 1.0 0.0 0.0
vn 1.0 0.0 -0.0
vn 1.0 0.0 -0.0
vn 1.0 0.0 -0.0
vn 1.0 0.0 -0.0
vn 1.0 0.0 -0.0
vn 1.0 0.0 -0.0
vn 1.0 0.0 0.0
vn 1.0 0.0 0.0
vn 1.0 0.0 0.0
vn 1.0 0.0 0.0
vn 1.0 0.0 0.0
vn 1.0 0.0 0.0
vn 1.0 0.0 0.0
vn 1.0 0.0 0.0
vn 1.0 0.0 0.0
vn 1.0 0.0 0.0
vn 1.0 0.0 0.0
vn 1.0 0.0 0.0
vn 1.0 0.0 0.0
vn 1.0 0.0 0.0
vn 1.0 0.0 0.0
vn 1.0 0.0 0.0
vn 1.0 0.0 0.0
vn 1.0 0.0 0.0
vn 1.0 0.0 0.0
vn 1.0 0.0 0.0
vn 1.0 0.0 0.0
vn 1.0 0.0 0.0
vn 1.0 0.0 0.0
vn 1.0 0.0 0.0
vn 1.0 0.0 0.0
vn 1.0 0.0 0.0
vn 1.0 0.0 0.0
vn 1.0 0.0 0.0
vn 1.0 0.0 -0.0
vn 1.0 0.0 0.0
vn 1.0 0.0 0.0
vn 1.0 0.0 0.0
vn 1.0 -0.0 0.0
vn 1.0 0.0 -0.0
vn 1.0 0.0 0.0
vn 1.0 0.0 0.0
vn 1.0 0.0 -0.0
vn 0.999853 0.0 0.017133
vn 0.998679 0.0 0.051381
vn 0.999853 0.0 0.017133
vn 0.996333 0.0 0.085566
vn 0.998679 0.0 0.051381
vn 0.992816 0.0 0.119652
vn 0.996332 0.0 0.085566
vn 0.988133 0.0 0.153598
vn 0.992816 0.0 0.119652
vn 0.982291 0.0 0.187363
vn 0.988133 0.0 0.153598
vn 0.975295 0.0 0.220907
vn 0.982291 0.0 0.187363
vn 0.967153 0.0 0.254195
vn 0.975295 0.0 0.220907
vn 0.957877 0.0 0.287179
vn 0.967153 0.0 0.254195
vn 0.947474 0.0 0.319832
vn 0.957877 0.0 0.287179
vn 0.935961 0.0 0.352103
vn 0.947474 0.0 0.319832
vn 0.923347 0.0 0.383966
vn 0.935961 0.0 0.352103
vn 0.909649 0.0 0.415378
vn 0.923347 0.0 0.383966
vn 0.894885 0.0 0.446296
vn 0.909649 0.0 0.415378
vn 0.879068 0.0 0.476697
vn 0.894885 0.0 0.446296
vn 0.862219 0.0 0.506536
vn 0.879068 0.0 0.476697
vn 0.844358 0.0 0.535779
vn 0.862219 0.0 0.506536
vn 0.825505 0.0 0.564394
vn 0.844358 0.0 0.535779
vn 0.805685 0.0 0.592344
vn 0.825505 0.0 0.564394
vn 0.784916 0.0 0.619603
vn 0.805685 0.0 0.592344
vn 0.763226 0.0 0.646131
vn 0.784916 0.0 0.619603
vn 0.740641 0.0 0.671901
vn 0.763226 0.0 0.646131
vn 0.717184 0.0 0.696883
vn 0.740641 0.0 0.671901
vn 0.69289 0.0 0.721044
vn 0.717184 0.0 0.696883
vn 0.667777 0.0 0.744362
vn 0.69289 0.0 0.721044
vn 0.641881 0.0 0.766804
vn 0.667777 0.0 0.744362
vn 0.615232 0.0 0.788346
vn 0.641881 0.0 0.766804
vn 0.587863 0.0 0.80896
vn 0.615232 0.0 0.788346
vn 0.587863 0.0 0.80896
vn 0.5598 0.0 0.828628
vn 0.5598 0.0 0.828628
vn 0.53108 0.0 0.847322
vn 0.53108 0.0 0.847322
vn 0.501737 0.0 0.86502
vn 0.501737 0.0 0.86502
vn 0.466765 0.0 0.884382
vn 0.466765 0.0 0.884382
vn 0.423296 0.0 0.905991
vn 0.423296 0.0 0.905991
vn 0.376186 0.0 0.926544
vn 0.376186 0.0 0.926544
vn 0.328085 0.0 0.944648
vn 0.328085 0.0 0.944648
vn 0.279114 0.0 0.960258
vn 0.279114 0.0 0.960258
vn 0.229407 0.0 0.973331
vn 0.229407 0.0 0.973331
vn 0.179095 0.0 0.983832
vn 0.179095 0.0 0.983832
vn 0.128308 0.0 0.991734
vn 0.128308 0.0 0.991734
vn 0.077184 0.0 0.997017
vn 0.077184 0.0 0.997017
vn 0.038663 0.0 0.999252
vn 0.038663 0.0 0.999252
vn 0.012888 0.0 0.999917
vn 0.012888 0.0 0.999917
vn 0.0 -0.999853 0.017144
vn 0.0 -0.998682 0.05132
vn 0.0 -0.999853 0.017144
vn 0.0 -0.996329 0.085608
vn 0.0 -0.998682 0.05132
vn 0.0 -0.992813 0.119672
vn 0.0 -0.996329 0.085608
vn 0.0 -0.988146 0.153517
vn 0.0 -0.992813 0.119672
vn 0.0 -0.982292 0.187358
vn 0.0 -0.988146 0.153517
vn 0.0 -0.97528 0.220973
vn 0.0 -0.982292 0.187358
vn 0.0 -0.967164 0.254154
vn 0.0 -0.97528 0.220973
vn 0.0 -0.967164 0.254154
vn 0.0 -0.957867 0.287211
vn 0.0 -0.957867 0.287211
vn 0.0 -0.947474 0.319832
vn 0.0 -0.947474 0.319832
vn 0.0 -0.935957 0.352114
vn 0.0 -0.935957 0.352114
vn 0.0 -0.923351 0.383956
vn 0.0 -0.923351 0.383956
vn 0.0 -0.90966 0.415353
vn 0.0 -0.90966 0.415353
vn 0.0 -0.894886 0.446295
vn 0.0 -0.894886 0.446295
vn 0.0 -0.879072 0.476689
vn 0.0 -0.879072 0.476689
vn 0.0 -0.862225 0.506526
vn 0.0 -0.862225 0.506526
vn 0.0 -0.84435 0.535793
vn 0.0 -0.84435 0.535793
vn 0.0 -0.825498 0.564405
vn 0.0 -0.825498 0.564405
vn 0.0 -0.805682 0.592349
vn 0.0 -0.805682 0.592349
vn 0.0 -0.784905 0.619616
vn 0.0 -0.784905 0.619616
vn 0.0 -0.763231 0.646125
vn 0.0 -0.763231 0.646125
vn 0.0 -0.740618 0.671926
vn 0.0 -0.740618 0.671927
vn 0.0 -0.717184 0.696884
vn 0.0 -0.717183 0.696884
vn 0.0 -0.692891 0.721042
vn 0.0 -0.692891 0.721042
vn 0.0 -0.667803 0.744338
vn 0.0 -0.667803 0.744338
vn 0.0 -0.641885 0.766801
vn 0.0 -0.641885 0.766801
vn 0.0 -0.61521 0.788363
vn 0.0 -0.61521 0.788364
vn 0.0 -0.587904 0.808931
vn 0.0 -0.587904 0.808931
vn 0.0 -0.559771 0.828648
vn 0.0 -0.559771 0.828648
vn 0.0 -0.531097 0.847311
vn 0.0 -0.531097 0.847311
vn 0.0 -0.501706 0.865038
vn 0.0 -0.501706 0.865038
vn 0.0 -0.466762 0.884383
vn 0.0 -0.466763 0.884383
vn 0.0 -0.423319 0.905981
vn 0.0 -0.37618 0.926547
vn 0.0 -0.423319 0.905981
vn 0.0 -0.37618 0.926547
vn 0.0 -0.328077 0.944651
vn 0.0 -0.328077 0.944651
vn 0.0 -0.279114 0.960258
vn 0.0 -0.279114 0.960258
vn 0.0 -0.229409 0.97333
vn 0.0 -0.229409 0.97333
vn 0.0 -0.179103 0.98383
vn 0.0 -0.128309 0.991734
vn 0.0 -0.179103 0.98383
vn 0.0 -0.07718 0.997017
vn 0.0 -0.128309 0.991734
vn 0.0 -0.07718 0.997017
vn 0.0 -0.038662 0.999252
vn 0.0 -0.012888 0.999917
vn 0.0 -0.038662 0.999252
vn 0.0 -0.012888 0.999917
vn -0.999853 0.0 0.017144
vn -0.998682 0.0 0.05132
vn -0.999853 0.0 0.017144
vn -0.996329 0.0 0.085608
vn -0.998682 0.0 0.05132
vn -0.992813 0.0 0.119672
vn -0.996329 0.0 0.085608
vn -0.988129 0.0 0.153625
vn -0.992813 0.0 0.119672
vn -0.982292 0.0 0.187358
vn -0.988129 0.0 0.153625
vn -0.982292 0.0 0.187358
vn -0.975304 0.0 0.220867
vn -0.975304 0.0 0.220867
vn -0.967164 0.0 0.254154
vn -0.967164 0.0 0.254154
vn -0.957867 0.0 0.287211
vn -0.957867 0.0 0.287211
vn -0.947474 0.0 0.319832
vn -0.947474 0.0 0.319832
vn -0.935957 0.0 0.352114
vn -0.935957 0.0 0.352114
vn -0.923351 0.0 0.383956
vn -0.923351 0.0 0.383956
vn -0.90966 0.0 0.415353
vn -0.90966 0.0 0.415353
vn -0.894886 0.0 0.446295
vn -0.894886 0.0 0.446295
vn -0.879026 0.0 0.476775
vn -0.879026 0.0 0.476775
vn -0.862225 0.0 0.506526
vn -0.862225 0.0 0.506526
vn -0.8444 0.0 0.535713
vn -0.8444 0.0 0.535713
vn -0.825498 0.0 0.564405
vn -0.805682 0.0 0.592349
vn -0.825498 0.0 0.564405
vn -0.805682 0.0 0.592349
vn -0.784905 0.0 0.619616
vn -0.763231 0.0 0.646125
vn -0.784905 0.0 0.619616
vn -0.740618 0.0 0.671926
vn -0.763231 0.0 0.646125
vn -0.717184 0.0 0.696884
vn -0.740618 0.0 0.671926
vn -0.692891 0.0 0.721042
vn -0.717183 0.0 0.696884
vn -0.667803 0.0 0.744338
vn -0.692891 0.0 0.721042
vn -0.641885 0.0 0.766801
vn -0.667803 0.0 0.744338
vn -0.61521 0.0 0.788364
vn -0.641885 0.0 0.766801
vn -0.587851 0.0 0.808969
vn -0.61521 0.0 0.788364
vn -0.587851 0.0 0.808969
vn -0.559822 0.0 0.828613
vn -0.559822 0.0 0.828613
vn -0.531097 0.0 0.847311
vn -0.531097 0.0 0.847311
vn -0.501706 0.0 0.865038
vn -0.501706 0.0 0.865038
vn -0.466762 0.0 0.884383
vn -0.466763 0.0 0.884383
vn -0.423291 0.0 0.905994
vn -0.423291 0.0 0.905994
vn -0.376206 0.0 0.926536
vn -0.376206 0.0 0.926536
vn -0.328077 0.0 0.944651
vn -0.328077 0.0 0.944651
vn -0.279114 0.0 0.960258
vn -0.279114 0.0 0.960258
vn -0.229409 0.0 0.97333
vn -0.229409 0.0 0.97333
vn -0.17909 0.0 0.983833
vn -0.17909 0.0 0.983833
vn -0.128309 0.0 0.991734
vn -0.128309 0.0 0.991734
vn -0.077186 0.0 0.997017
vn -0.077186 0.0 0.997017
vn -0.038662 0.0 0.999252
vn -0.038662 0.0 0.999252
vn -0.012888 0.0 0.999917
vn -0.012888 0.0 0.999917
vn 0.0 0.0 1.0
vn 0.0 0.0 1.0
vn 0.0 0.0 1.0
vn 0.0 0.0 1.0
vn 0.0 0.0 1.0
vn 0.0 0.0 1.0
vn 0.0 0.0 1.0
vn 0.0 0.0 1.0
vn 0.0 0.0 1.0
vn 0.0 0.0 1.0
vn 0.0 0.0 1.0
vn 0.0 0.0 1.0
vn 0.0 0.0 1.0
vn 0.0 0.0 1.0
vn 0.0 0.0 1.0
vn 0.0 0.0 1.0
vn 0.0 0.0 1.0
vn 0.0 0.0 1.0
vn 0.0 0.0 1.0
vn 0.0 0.0 1.0
vn 0.0 0.0 1.0
vn 0.0 0.0 1.0
vn 0.0 0.0 1.0
vn 0.0 0.0 1.0
vn 0.0 0.0 1.0
vn 0.0 0.0 1.0
vn 0.0 0.0 1.0
vn 0.0 0.0 1.0
vn 0.0 0.0 1.0
vn 0.0 0.0 1.0
vn 0.0 0.0 1.0
vn 0.0 0.0 1.0
vn 0.0 0.0 1.0
vn 0.0 0.0 1.0
vn 0.0 0.0 1.0
vn 0.0 0.0 1.0
vn 0.0 0.0 1.0
vn 0.0 0.0 1.0
vn 0.0 0.0 1.0
vn 0.0 0.0 1.0
vn 0.0 0.0 1.0
vn 0.0 0.0 1.0
vn 0.0 0.0 1.0
vn 0.0 0.0 1.0
vn 0.0 0.0 1.0
vn 0.0 0.0 1.0
vn 0.0 0.0 1.0
vn 0.0 0.0 1.0
vn 0.0 0.0 1.0
vn 0.0 0.0 1.0
vn 0.0 0.0 1.0
vn 0.0 0.0 1.0
vn 0.0 0.0 1.0
vn 0.0 0.0 1.0
vn 0.0 0.0 1.0
vn 0.0 0.0 1.0
vn 0.0 0.0 1.0
vn 0.0 0.0 1.0
vn 0.0 0.0 1.0
vn 0.0 0.0 1.0
vn 0.0 0.0 1.0
vn 0.0 0.0 1.0
vn 0.0 0.0 1.0
vn 0.0 0.0 1.0
vn 0.0 0.0 1.0
vn 0.0 0.0 1.0
vn 0.0 0.0 1.0
vn 0.0 0.0 1.0
vn 0.0 0.0 1.0
vn 0.0 0.0 1.0
vn 0.0 0.0 1.0
vn 0.0 0.0 1.0
vn 0.0 0.0 1.0
vn 0.0 0.0 1.0
vn 0.0 0.0 1.0
vn 0.0 0.0 1.0
vn 0.0 0.0 1.0
vn 0.0 0.0 1.0
vn 0.0 0.0 1.0
vn 0.0 0.0 1.0
vn 0.0 0.0 1.0
vn 0.0 0.0 1.0
vn 0.0 0.0 1.0
vn 0.0 0.0 1.0
vn 0.0 0.0 1.0
vn 0.0 0.0 1.0
vn 0.0 0.0 1.0
vn 0.0 0.0 1.0
vn 0.0 0.0 1.0
vn 0.0 0.0 1.0
vn 0.0 0.0 1.0
vn 0.0 0.0 1.0
vn 0.0 0.0 1.0
vn 0.0 0.0 1.0
vn 0.0 0.0 1.0
vn 0.0 0.0 1.0
vn 0.0 0.0 1.0
vn 0.0 0.0 1.0
vn 0.0 0.0 1.0
vn 0.0 0.0 1.0
vn 0.0 0.0 1.0
vn 0.0 0.0 1.0
vn 0.0 0.0 1.0
vn 0.0 0.0 1.0
vn 0.0 0.0 1.0
vn 0.0 0.0 1.0
vn 0.0 0.0 1.0
vn 0.0 0.0 1.0
vn 0.0 0.0 1.0
vn 0.0 0.0 1.0
vn 0.0 0.0 1.0
vn 0.0 0.0 1.0
vn 0.0 0.0 1.0
vn 0.0 0.0 1.0
vn 0.0 0.0 1.0
vn 0.0 0.0 1.0
vn 0.0 0.0 1.0
vn 0.0 0.0 1.0
vn 0.0 0.0 1.0
vn 0.0 0.0 1.0
vn 0.0 0.0 1.0
vn 0.0 0.0 1.0
vn 0.0 0.0 1.0
vn 0.0 0.0 1.0
vn 0.0 0.0 1.0
vn 0.0 0.0 1.0
vn 0.0 0.0 1.0
vn 0.0 0.0 1.0
vn 0.0 0.0 1.0
vn 0.0 0.0 1.0
vn 0.0 0.0 1.0
vn 0.0 0.0 1.0
vn 0.0 0.0 1.0
vn 0.0 0.0 1.0
vn 0.0 0.0 1.0
vn 0.0 0.0 1.0
vn 0.0 0.0 1.0
vn 0.0 0.0 1.0
vn 0.0 0.0 1.0
vn 0.0 0.0 1.0
vn 0.0 0.0 1.0
vn 0.0 0.0 1.0
vn 0.0 0.0 1.0
vn 0.0 0.0 1.0
vn 0.0 0.0 1.0
vn 0.0 0.0 1.0
vn 0.0 0.0 1.0
vn 0.0 0.0 1.0
vn 0.0 0.0 1.0
vn 0.0 0.0 1.0
vn 0.0 0.0 1.0
vn 0.0 0.0 1.0
vn 0.0 0.0 1.0
vn 0.0 0.0 1.0
vn 0.0 0.0 1.0
vn 0.0 0.0 1.0
vn 0.0 0.0 1.0
vn 0.0 0.0 1.0
vn 0.0 0.0 1.0
vn 0.0 0.0 1.0
vn 0.0 0.0 1.0
vn 0.0 0.0 1.0
vn 0.0 0.0 1.0
vn 0.0 0.0 1.0
vn 0.0 0.0 1.0
vn 0.0 0.0 1.0
vn 0.0 0.0 1.0
vn 0.0 0.0 1.0
vn 0.0 0.0 1.0
vn 0.0 0.0 1.0
vn 0.0 0.0 1.0
vn 0.0 0.0 1.0
vn 0.0 0.0 1.0
vn 0.0 0.0 1.0
vn 0.0 0.0 1.0
vn 0.0 0.0 1.0
vn 0.0 0.0 1.0
vn 0.0 0.0 1.0
vn 0.0 0.0 1.0
vn 0.0 0.0 1.0
vn 0.0 0.0 1.0
vn 0.0 0.0 1.0
vn 0.0 0.0 1.0
vn 0.0 0.0 1.0
vn 0.0 0.0 1.0
vn 0.0 0.0 1.0
vn 0.0 0.0 1.0
vn 0.0 0.0 1.0
vn 0.0 0.0 1.0
vn 0.0 0.0 1.0
vn 0.0 0.0 1.0
vn 0.0 0.0 1.0
vn 0.0 0.0 1.0
vn 0.0 0.0 1.0
vn 0.0 0.0 1.0
vn 0.0 0.0 1.0
vn 0.0 0.0 1.0
vn 0.0 0.0 1.0
vn 0.0 0.0 1.0
vn 0.0 0.0 1.0
vn 0.0 0.0 1.0
vn 0.0 0.0 1.0
vn 0.0 0.0 1.0
vn 0.0 0.0 1.0
vn 0.0 0.0 1.0
vn 0.0 0.0 1.0
vn 0.0 0.0 1.0
vn 0.0 0.0 1.0
vn 0.0 0.0 1.0
vn 0.0 0.0 1.0
vn 0.0 0.0 1.0
vn 0.0 0.0 1.0
vn 0.0 0.0 1.0
vn 0.0 0.0 1.0
vn 0.0 0.0 1.0
vn 0.0 0.0 1.0
vn 0.0 0.0 1.0
vn 0.0 0.0 1.0
vn 0.0 0.0 1.0
vn 0.0 0.0 1.0
vn 0.0 0.0 1.0
vn 0.0 0.0 1.0
vn 0.0 0.0 1.0
vn 0.0 0.0 1.0
vn 0.0 0.0 1.0
vn 0.0 0.0 1.0
vn 0.0 0.0 1.0
vn 0.0 0.0 1.0
vn 0.0 0.0 1.0
vn 0.0 0.0 1.0
vn 0.0 0.0 1.0
vn 0.0 0.0 1.0
vn 0.0 0.0 1.0
vn 0.0 0.0 1.0
vn 0.0 0.0 1.0
vn 0.0 0.0 1.0
vn 0.0 0.0 1.0
vn 0.0 0.0 1.0
vn 0.0 0.0 1.0
vn 0.0 0.0 1.0
vn 0.0 0.0 1.0
vn 0.0 0.0 1.0
vn 0.0 0.0 1.0
vn 0.0 0.0 1.0
vn 0.0 0.0 1.0
vn 0.0 0.0 1.0
vn 0.0 0.0 1.0
vn 0.0 0.0 1.0
vn 0.0 0.0 1.0
vn 0.0 0.0 1.0
vn 0.0 0.0 1.0
vn 0.0 0.0 1.0
vn 0.0 0.0 1.0
vn 0.0 0.0 1.0
vn 0.0 0.0 1.0
vn 0.0 0.0 1.0
vn 0.0 0.0 1.0
vn 0.0 0.0 1.0
vn 0.0 0.0 1.0
vn 0.0 0.0 1.0
vn 0.0 0.0 1.0
vn 0.0 0.0 1.0
vn 0.0 0.0 1.0
vn 0.0 0.0 1.0
vn 0.0 0.0 1.0
vn 0.0 0.0 1.0
vn 0.0 0.0 1.0
vn 0.0 0.0 1.0
vn 0.0 0.0 1.0
vn 0.0 0.0 1.0
vn 0.0 0.0 1.0
vn 0.0 0.0 1.0
vn 0.0 0.0 1.0
vn 0.0 0.0 1.0
vn 0.0 0.0 1.0
vn 0.0 0.0 1.0
vn 0.0 0.0 1.0
vn 0.0 0.0 1.0
vn 0.0 0.0 1.0
vn 0.0 0.0 1.0
vn 0.0 0.0 1.0
vn 0.0 0.0 1.0
vn 0.0 0.0 1.0
vn 0.0 0.0 1.0
vn 0.0 0.0 1.0
vn 0.0 0.0 1.0
vn 0.0 0.0 1.0
vn 0.0 0.0 1.0
vn 0.0 0.0 1.0
vn 0.0 0.0 1.0
vn 0.0 0.0 1.0
vn 0.0 0.0 1.0
vn 0.0 0.0 1.0
vn 0.0 0.0 1.0
vn 0.0 0.0 1.0
vn 0.0 0.0 1.0
vn 0.0 0.0 1.0
vn 0.0 0.0 1.0
vn 0.0 0.0 1.0
vn 0.0 0.0 1.0
vn 0.0 0.0 1.0
vn 0.0 0.0 1.0
vn 0.0 0.0 1.0
vn 0.0 0.0 1.0
vn 0.0 0.0 1.0
vn 0.0 0.0 1.0
vn 0.0 0.0 1.0
vn 0.0 0.0 1.0
vn 0.0 0.0 1.0
vn 0.0 0.0 1.0
vn 0.0 0.0 1.0
vn 0.0 0.0 1.0
vn 0.0 0.0 1.0
vn 0.0 0.0 1.0
vn 0.0 0.0 1.0
vn 0.0 0.0 1.0
vn 0.0 0.0 1.0
vn 0.0 0.0 1.0
vn 0.0 0.0 1.0
vn 0.0 0.0 1.0
vn 0.0 0.0 1.0
vn 0.0 0.0 1.0
vn 0.0 0.0 1.0
vn 0.0 0.0 1.0
vn 0.0 0.0 1.0
vn 0.0 0.0 1.0
vn 0.0 0.0 1.0
vn 0.0 0.0 1.0
vn 0.0 0.0 1.0
vn 0.0 0.0 1.0
vn 0.0 0.0 1.0
vn 0.0 0.0 1.0
vn 0.0 0.0 1.0
vn 0.0 0.0 1.0
vn 0.0 0.0 1.0
vn 0.0 0.0 1.0
vn 0.0 0.0 1.0
vn 0.0 0.0 1.0
vn 0.0 0.0 1.0
vn 0.0 0.0 1.0
vn 0.0 0.0 1.0
vn 0.0 0.0 1.0
vn 0.0 0.0 1.0
vn 0.0 0.0 1.0
vn 0.0 0.0 1.0
vn 0.0 0.0 1.0
vn 0.0 0.0 1.0
vn 0.0 0.0 1.0
vn 0.0 0.0 1.0
vn 0.0 0.0 1.0
vn 0.0 0.0 1.0
vn 0.0 0.0 1.0
vn 0.0 0.0 1.0
vn 0.0 0.0 1.0
vn 0.0 0.0 1.0
vn 0.0 0.0 1.0
vn 0.0 0.0 1.0
vn 0.0 0.0 1.0
vn 0.0 0.0 1.0
vn 0.0 0.0 1.0
vn 0.0 0.0 1.0
vn 0.0 0.0 1.0
vn 0.0 0.0 1.0
vn 0.0 0.0 1.0
vn 0.0 0.0 1.0
vn 0.0 0.0 1.0
vn 0.0 0.0 1.0
vn 0.0 0.0 1.0
vn 0.0 0.0 1.0
vn 0.0 0.0 1.0
vn 0.0 0.0 1.0
vn 0.0 0.0 1.0
vn 0.0 0.0 1.0
vn 0.0 0.0 1.0
vn 0.0 0.0 1.0
vn 0.0 0.0 1.0
vn 0.0 0.0 1.0
vn 0.0 0.0 1.0
vn 0.0 0.0 1.0
vn 0.0 0.0 1.0
vn 0.0 0.0 1.0
vn 0.0 0.0 1.0
vn 0.0 0.0 1.0
vn 0.0 0.0 1.0
vn 0.0 0.0 1.0
vn 0.0 0.0 1.0
vn 0.0 0.0 1.0
vn 0.0 0.0 1.0
vn 0.0 0.0 1.0
vn 0.0 0.0 1.0
vn 0.0 0.0 1.0
vn 0.0 0.0 1.0
vn 0.0 0.0 1.0
vn 0.0 0.0 1.0
vn 0.0 0.0 1.0
vn 0.0 0.0 1.0
vn 0.0 0.0 1.0
vn 0.0 0.0 1.0
vn 0.0 0.0 1.0
vn 0.0 0.0 1.0
vn 0.0 0.0 1.0
vn 0.0 0.0 1.0
vn 0.0 0.0 1.0
vn 0.0 0.0 1.0
vn 0.0 0.0 1.0
vn 0.0 0.0 1.0
vn 0.0 0.0 1.0
vn 0.0 0.0 1.0
vn 0.0 0.0 1.0
vn 0.0 0.0 1.0
vn 0.0 0.0 1.0
vn 0.0 0.0 1.0
vn 0.0 0.0 1.0
vn 0.0 0.0 1.0
vn 0.0 0.0 1.0
vn 0.0 0.0 1.0
vn 0.0 0.0 1.0
vn 0.0 0.0 1.0
vn 0.0 0.0 1.0
vn 0.0 0.0 1.0
vn 0.0 0.0 1.0
vn 0.0 0.0 1.0
vn 0.0 0.0 1.0
vn 0.0 0.0 1.0
vn 0.0 0.0 1.0
vn 0.0 0.0 1.0
vn 0.0 0.0 1.0
vn 0.0 0.0 1.0
vn 0.0 0.0 1.0
vn 0.0 0.0 1.0
vn 0.0 0.0 1.0
vn 0.0 0.0 1.0
vn 0.0 0.0 1.0
vn 0.0 0.0 1.0
vn 0.0 0.0 1.0
vn 0.0 0.0 1.0
vn 0.0 0.0 1.0
vn 0.0 0.0 1.0
vn 0.0 0.0 1.0
vn 0.0 0.0 1.0
vn 0.0 0.0 1.0
vn 0.0 0.0 1.0
vn 0.0 0.0 1.0
vn 0.0 0.0 1.0
vn 0.0 0.0 1.0
vn 0.0 0.0 1.0
vn 0.0 0.0 1.0
vn 0.0 0.0 1.0
vn 0.0 0.0 1.0
vn 0.0 0.0 1.0
vn 0.0 0.0 1.0
vn 0.0 0.0 1.0
vn 0.0 0.0 1.0
vn 0.0 0.0 1.0
vn 0.0 0.0 1.0
vn 0.0 0.0 1.0
vn 0.0 0.0 1.0
vn 0.0 0.0 1.0
vn 0.0 0.0 1.0
vn 0.0 0.0 1.0
vn 0.0 0.0 1.0
vn 0.0 0.0 1.0
vn 0.0 0.0 1.0
vn 0.0 0.0 1.0
vn 0.0 0.0 1.0
vn 0.0 0.0 1.0
vn 0.0 0.0 1.0
vn 0.0 0.0 1.0
vn 0.0 0.0 1.0
vn 0.0 0.0 1.0
vn 0.0 0.0 1.0
vn 0.0 0.0 1.0
vn 0.0 0.0 1.0
vn 0.0 0.0 1.0
vn 0.0 0.0 1.0
vn 0.0 0.0 1.0
vn 0.0 0.0 1.0
vn 0.0 0.0 1.0
vn 0.0 0.0 1.0
vn 0.0 0.0 1.0
vn 0.0 0.0 1.0
vn 0.0 0.0 1.0
vn 0.0 0.0 1.0
vn 0.0 0.0 1.0
vn 0.0 0.0 1.0
vn 0.0 0.0 1.0
vn 0.0 0.0 1.0
vn 0.0 0.0 1.0
vn 0.0 0.0 1.0
vn 0.0 0.0 1.0
vn 0.0 0.0 1.0
vn 0.0 0.0 1.0
vn 0.0 0.0 1.0
vn 0.0 0.0 1.0
vn 0.0 0.0 1.0
vn 0.0 0.0 1.0
vn 0.0 0.0 1.0
vn 0.0 0.0 1.0
vn 0.0 0.0 1.0
vn 0.0 0.0 1.0
vn 0.0 0.0 1.0
vn 0.0 0.0 1.0
vn 0.0 0.0 1.0
vn 0.0 0.0 1.0
vn 0.0 0.0 1.0
vn 0.0 0.0 1.0
vn 0.0 0.0 1.0
vn 0.0 0.0 1.0
vn 0.0 0.0 1.0
vn 0.0 0.0 1.0
vn 0.0 0.0 1.0
vn 0.0 0.0 1.0
vn 0.0 0.0 1.0
vn 0.0 0.0 1.0
vn 0.0 0.0 1.0
vn 0.0 0.0 1.0
vn 0.0 0.0 1.0
vn 0.0 0.0 1.0
vn 0.0 0.0 1.0
vn 0.0 0.0 1.0
vn 0.0 0.0 1.0
vn 0.0 0.0 1.0
vn 0.0 0.0 1.0
vn 0.0 0.0 1.0
vn 0.0 0.0 1.0
vn 0.0 0.0 1.0
vn 0.0 0.0 1.0
vn 0.0 0.0 1.0
vn 0.0 0.0 1.0
vn 0.0 0.0 1.0
vn 0.0 0.0 1.0
vn 0.0 0.0 1.0
vn 0.0 0.0 1.0
vn 0.0 0.0 1.0
vn 0.0 0.0 1.0
vn 0.0 0.0 1.0
vn 0.0 0.0 1.0
vn 0.0 0.0 1.0
vn 0.0 0.0 1.0
vn 0.0 0.0 1.0
vn 0.0 0.0 1.0
vn 0.0 0.0 1.0
vn 0.0 0.0 1.0
vn 0.0 0.0 1.0
vn 0.0 0.0 1.0
vn 0.0 0.0 1.0
vn 0.0 0.0 1.0
vn 0.0 0.0 1.0
vn 0.0 0.0 1.0
vn 0.0 0.0 1.0
vn 0.0 0.0 1.0
vn 0.0 0.0 1.0
vn 0.0 0.0 1.0
vn 0.0 0.0 1.0
vn 0.0 0.0 1.0
vn 0.0 0.0 1.0
vn 0.0 0.0 1.0
vn 0.0 0.0 1.0
vn 0.0 0.0 1.0
vn 0.0 0.0 1.0
vn 0.0 0.0 1.0
vn 0.0 0.0 1.0
vn 0.0 0.0 1.0
vn 0.0 0.0 1.0
vn 0.0 0.0 1.0
vn 0.0 0.0 1.0
vn 0.0 0.0 1.0
vn 0.0 0.0 1.0
vn 0.0 0.0 1.0
vn 0.0 0.0 1.0
vn 0.0 0.0 1.0
vn 0.0 0.0 1.0
vn 0.0 0.0 1.0
vn 0.0 0.0 1.0
vn 0.0 0.0 1.0
vn 0.0 0.0 1.0
vn 0.0 0.0 1.0
vn 0.0 0.0 1.0
vn 0.0 0.0 1.0
vn 0.0 0.0 1.0
vn 0.0 0.0 1.0
vn 0.0 0.0 1.0
vn 0.0 0.0 1.0
vn 0.0 0.0 1.0
vn 0.0 0.0 1.0
vn 0.0 0.0 1.0
vn 0.0 0.0 1.0
vn 0.0 0.0 1.0
vn 0.0 0.0 1.0
vn 0.0 0.0 1.0
vn 0.0 0.0 1.0
vn 0.0 0.0 1.0
vn 0.0 0.0 1.0
vn 0.0 0.0 1.0
vn 0.0 0.0 1.0
vn 0.0 0.0 1.0
vn 0.0 0.0 1.0
vn 0.0 0.0 1.0
vn 0.0 0.0 1.0
vn 0.0 0.0 1.0
vn 0.0 0.0 1.0
vn 0.0 0.0 1.0
vn 0.0 0.0 1.0
vn 0.0 0.0 1.0
vn 0.0 0.0 1.0
vn 0.0 0.0 1.0
vn 0.0 0.0 1.0
vn 0.0 0.0 1.0
vn 0.0 0.0 1.0
vn 0.0 0.0 1.0
vn 0.0 0.0 1.0
vn 0.0 0.0 1.0
vn 0.0 0.0 1.0
vn 0.0 0.0 1.0
vn 0.0 0.0 1.0
vn 0.0 0.0 1.0
vn 0.0 0.0 1.0
vn 0.0 0.0 1.0
vn 0.0 0.0 1.0
vn 0.0 0.0 1.0
vn 0.0 0.0 1.0
vn 0.0 0.0 1.0
vn 0.0 0.0 1.0
vn 0.0 0.0 1.0
vn 0.0 0.0 1.0
vn 0.0 0.0 1.0
vn 0.0 0.0 1.0
vn 0.0 0.0 1.0
vn 0.0 0.0 1.0
vn 0.0 0.0 1.0
vn 0.0 0.0 1.0
vn 0.0 0.0 1.0
vn 0.0 0.0 1.0
vn 0.0 0.0 1.0
vn 0.0 -1.0 0.0
vn 0.0 -1.0 0.0
vn -1.0 0.0 0.0
vn -1.0 0.0 0.0
vn 1.0 0.0 0.0
vn 1.0 -0.0 0.0
vn 0.0 1.0 0.0
vn 0.0 1.0 0.0
vn 0.0 -1.0 0.0
vn 0.0 -1.0 0.0
vn 1.0 0.0 0.0
vn 1.0 -0.0 0.0
vn 0.0 1.0 0.0
vn 0.0 1.0 0.0
vn -1.0 0.0 0.0
vn -1.0 0.0 0.0
vn 0.0 0.0 1.0
vn 0.0 0.0 1.0
vn 0.0 0.0 1.0
vn 0.0 0.0 1.0
f 1//1 2//1 3//1 
f 3//2 4//2 1//2 
f 1//3 5//3 2//3 
f 4//4 6//4 1//4 
f 1//5 7//5 5//5 
f 6//6 8//6 1//6 
f 1//7 9//7 7//7 
f 8//8 10//8 1//8 
f 1//9 11//9 9//9 
f 10//10 12//10 1//10 
f 1//11 13//11 11//11 
f 12//12 14//12 1//12 
f 1//13 15//13 13//13 
f 14//14 16//14 1//14 
f 1//15 17//15 15//15 
f 16//16 18//16 1//16 
f 1//17 19//17 17//17 
f 18//18 20//18 1//18 
f 1//19 21//19 19//19 
f 20//20 22//20 1//20 
f 1//21 23//21 21//21 
f 22//22 24//22 1//22 
f 1//23 25//23 23//23 
f 24//24 26//24 1//24 
f 1//25 27//25 25//25 
f 26//26 28//26 1//26 
f 1//27 29//27 27//27 
f 28//28 30//28 1//28 
f 1//29 31//29 29//29 
f 30//30 32//30 1//30 
f 1//31 33//31 31//31 
f 1//32 34//32 33//32 
f 1//33 35//33 34//33 
f 1//34 36//34 35//34 
f 1//35 37//35 36//35 
f 1//36 38//36 37//36 
f 1//37 39//37 38//37 
f 1//38 40//38 39//38 
f 1//39 41//39 40//39 
f 1//40 42//40 41//40 
f 1//41 43//41 42//41 
f 1//42 44//42 43//42 
f 1//43 45//43 44//43 
f 1//44 46//44 45//44 
f 1//45 47//45 46//45 
f 1//46 48//46 47//46 
f 49//47 50//47 32//47 
f 51//48 50//48 49//48 
f 52//49 50//49 51//49 
f 53//50 50//50 52//50 
f 54//51 50//51 53//51 
f 55//52 50//52 54//52 
f 56//53 50//53 55//53 
f 32//54 50//54 1//54 
f 57//55 50//55 56//55 
f 58//56 50//56 57//56 
f 59//57 50//57 58//57 
f 60//58 50//58 59//58 
f 61//59 50//59 60//59 
f 62//60 50//60 61//60 
f 63//61 50//61 62//61 
f 64//62 50//62 63//62 
f 65//63 50//63 64//63 
f 66//64 50//64 65//64 
f 67//65 50//65 66//65 
f 68//66 50//66 67//66 
f 69//67 50//67 68//67 
f 70//68 50//68 69//68 
f 71//69 50//69 70//69 
f 72//70 50//70 71//70 
f 73//71 50//71 72//71 
f 74//72 50//72 73//72 
f 75//73 50//73 74//73 
f 76//74 50//74 75//74 
f 77//75 50//75 76//75 
f 78//76 50//76 77//76 
f 79//77 50//77 78//77 
f 80//78 50//78 79//78 
f 81//79 50//79 80//79 
f 82//80 50//80 81//80 
f 83//81 50//81 82//81 
f 84//82 50//82 83//82 
f 85//83 50//83 84//83 
f 86//84 50//84 85//84 
f 87//85 50//85 86//85 
f 88//86 50//86 87//86 
f 89//87 50//87 88//87 
f 90//88 50//88 89//88 
f 91//89 50//89 90//89 
f 92//90 50//90 91//90 
f 93//91 50//91 92//91 
f 94//92 50//92 93//92 
f 95//93 50//93 94//93 
f 96//94 50//94 95//94 
f 1//95 97//95 98//95 
f 98//96 99//96 1//96 
f 1//97 100//97 97//97 
f 99//98 101//98 1//98 
f 1//99 102//99 100//99 
f 101//100 103//100 1//100 
f 1//101 104//101 102//101 
f 103//102 105//102 1//102 
f 1//103 106//103 104//103 
f 105//104 107//104 1//104 
f 1//105 108//105 106//105 
f 1//106 109//106 48//106 
f 48//107 109//107 110//107 
f 107//108 109//108 1//108 
f 1//109 111//109 108//109 
f 110//110 112//110 113//110 
f 109//111 112//111 110//111 
f 1//112 114//112 111//112 
f 115//113 116//113 117//113 
f 113//114 116//114 115//114 
f 112//115 116//115 113//115 
f 1//116 118//116 114//116 
f 119//117 120//117 121//117 
f 117//118 120//118 119//118 
f 116//119 120//119 117//119 
f 1//120 122//120 118//120 
f 121//121 123//121 124//121 
f 120//122 123//122 121//122 
f 1//123 125//123 122//123 
f 126//124 127//124 128//124 
f 124//125 127//125 126//125 
f 123//126 127//126 124//126 
f 1//127 129//127 125//127 
f 130//128 131//128 132//128 
f 128//129 131//129 130//129 
f 127//130 131//130 128//130 
f 133//131 134//131 135//131 
f 132//132 134//132 133//132 
f 131//133 134//133 132//133 
f 136//134 137//134 138//134 
f 135//135 137//135 136//135 
f 134//136 137//136 135//136 
f 137//137 139//137 138//137 
f 138//138 139//138 140//138 
f 141//139 142//139 143//139 
f 140//140 142//140 141//140 
f 139//141 142//141 140//141 
f 144//142 145//142 146//142 
f 143//143 145//143 144//143 
f 142//144 145//144 143//144 
f 145//145 147//145 146//145 
f 148//146 147//146 149//146 
f 146//147 147//147 148//147 
f 147//148 150//148 149//148 
f 151//149 150//149 152//149 
f 149//150 150//150 151//150 
f 150//151 153//151 152//151 
f 154//152 153//152 155//152 
f 152//153 153//153 154//153 
f 153//154 156//154 155//154 
f 155//155 156//155 157//155 
f 156//156 158//156 157//156 
f 159//157 158//157 160//157 
f 157//158 158//158 159//158 
f 158//159 161//159 160//159 
f 162//160 161//160 163//160 
f 160//161 161//161 162//161 
f 161//162 164//162 163//162 
f 163//163 164//163 165//163 
f 164//164 166//164 165//164 
f 96//165 166//165 50//165 
f 165//166 166//166 96//166 
f 166//167 167//167 50//167 
f 167//168 168//168 50//168 
f 168//169 169//169 50//169 
f 169//170 170//170 50//170 
f 170//171 171//171 50//171 
f 171//172 172//172 50//172 
f 172//173 173//173 50//173 
f 173//174 174//174 50//174 
f 174//175 175//175 50//175 
f 175//176 176//176 50//176 
f 176//177 177//177 50//177 
f 177//178 178//178 50//178 
f 178//179 179//179 50//179 
f 179//180 180//180 50//180 
f 180//181 181//181 50//181 
f 181//182 182//182 50//182 
f 182//183 183//183 50//183 
f 183//184 184//184 50//184 
f 185//185 186//185 187//185 
f 188//186 186//186 185//186 
f 189//187 186//187 188//187 
f 190//188 186//188 189//188 
f 191//189 186//189 190//189 
f 192//190 186//190 191//190 
f 193//191 186//191 192//191 
f 194//192 186//192 193//192 
f 195//193 186//193 194//193 
f 196//194 186//194 195//194 
f 197//195 186//195 196//195 
f 198//196 186//196 197//196 
f 199//197 186//197 198//197 
f 200//198 186//198 199//198 
f 201//199 186//199 200//199 
f 202//200 186//200 201//200 
f 203//201 186//201 202//201 
f 204//202 186//202 203//202 
f 205//203 186//203 204//203 
f 187//204 206//204 207//204 
f 186//205 208//205 187//205 
f 187//206 208//206 206//206 
f 207//207 209//207 210//207 
f 206//208 209//208 207//208 
f 186//209 211//209 208//209 
f 209//210 212//210 210//210 
f 186//211 213//211 211//211 
f 210//212 214//212 215//212 
f 212//213 214//213 210//213 
f 186//214 216//214 213//214 
f 214//215 217//215 215//215 
f 186//216 218//216 216//216 
f 215//217 219//217 220//217 
f 217//218 219//218 215//218 
f 186//219 221//219 218//219 
f 219//220 222//220 220//220 
f 220//221 222//221 223//221 
f 186//222 224//222 221//222 
f 222//223 225//223 223//223 
f 186//224 226//224 224//224 
f 223//225 227//225 228//225 
f 225//226 227//226 223//226 
f 186//227 229//227 226//227 
f 227//228 230//228 228//228 
f 186//229 231//229 229//229 
f 228//230 232//230 233//230 
f 230//231 232//231 228//231 
f 186//232 234//232 231//232 
f 232//233 235//233 233//233 
f 186//234 236//234 234//234 
f 233//235 237//235 238//235 
f 235//236 237//236 233//236 
f 186//237 239//237 236//237 
f 237//238 240//238 238//238 
f 186//239 241//239 239//239 
f 240//240 242//240 238//240 
f 238//241 242//241 243//241 
f 186//242 244//242 241//242 
f 242//243 245//243 243//243 
f 186//244 246//244 244//244 
f 243//245 247//245 248//245 
f 245//246 247//246 243//246 
f 186//247 249//247 246//247 
f 248//248 250//248 251//248 
f 247//249 250//249 248//249 
f 186//250 252//250 249//250 
f 250//251 253//251 251//251 
f 186//252 254//252 252//252 
f 253//253 255//253 251//253 
f 251//254 255//254 256//254 
f 186//255 257//255 254//255 
f 255//256 258//256 256//256 
f 186//257 259//257 257//257 
f 258//258 260//258 256//258 
f 256//259 260//259 261//259 
f 186//260 262//260 259//260 
f 260//261 263//261 261//261 
f 186//262 264//262 262//262 
f 261//263 265//263 266//263 
f 263//264 265//264 261//264 
f 186//265 267//265 264//265 
f 265//266 268//266 266//266 
f 186//267 269//267 267//267 
f 266//268 270//268 271//268 
f 268//269 270//269 266//269 
f 186//270 272//270 269//270 
f 271//271 273//271 274//271 
f 270//272 273//272 271//272 
f 186//273 275//273 272//273 
f 273//274 276//274 274//274 
f 186//275 277//275 275//275 
f 274//276 278//276 279//276 
f 276//277 278//277 274//277 
f 186//278 280//278 277//278 
f 278//279 281//279 279//279 
f 186//280 282//280 280//280 
f 279//281 283//281 284//281 
f 281//282 283//282 279//282 
f 186//283 285//283 282//283 
f 284//284 286//284 287//284 
f 283//285 286//285 284//285 
f 186//286 288//286 285//286 
f 286//287 289//287 287//287 
f 186//288 290//288 288//288 
f 186//289 291//289 290//289 
f 186//290 292//290 291//290 
f 186//291 293//291 292//291 
f 186//292 294//292 293//292 
f 186//293 295//293 294//293 
f 186//294 296//294 295//294 
f 186//295 297//295 296//295 
f 186//296 298//296 297//296 
f 186//297 299//297 298//297 
f 186//298 300//298 299//298 
f 186//299 301//299 300//299 
f 186//300 302//300 301//300 
f 303//301 304//301 305//301 
f 306//302 304//302 303//302 
f 289//303 304//303 287//303 
f 307//304 304//304 289//304 
f 308//305 304//305 306//305 
f 309//306 304//306 307//306 
f 310//307 304//307 308//307 
f 311//308 304//308 309//308 
f 312//309 304//309 310//309 
f 313//310 304//310 311//310 
f 314//311 304//311 312//311 
f 315//312 304//312 313//312 
f 316//313 304//313 314//313 
f 317//314 304//314 315//314 
f 318//315 304//315 316//315 
f 319//316 304//316 317//316 
f 320//317 304//317 318//317 
f 321//318 304//318 320//318 
f 322//319 304//319 319//319 
f 323//320 304//320 321//320 
f 324//321 304//321 322//321 
f 325//322 304//322 323//322 
f 326//323 304//323 324//323 
f 327//324 304//324 325//324 
f 328//325 304//325 326//325 
f 287//326 304//326 327//326 
f 329//327 304//327 328//327 
f 330//328 304//328 329//328 
f 331//329 304//329 330//329 
f 332//330 304//330 331//330 
f 333//331 304//331 332//331 
f 334//332 304//332 333//332 
f 335//333 304//333 334//333 
f 336//334 304//334 335//334 
f 337//335 304//335 336//335 
f 338//336 304//336 337//336 
f 339//337 304//337 338//337 
f 340//338 304//338 339//338 
f 341//339 304//339 340//339 
f 342//340 304//340 341//340 
f 343//341 304//341 342//341 
f 344//342 304//342 343//342 
f 345//343 304//343 344//343 
f 346//344 304//344 345//344 
f 347//345 304//345 346//345 
f 348//346 304//346 347//346 
f 349//347 304//347 348//347 
f 350//348 304//348 349//348 
f 351//349 304//349 350//349 
f 352//350 304//350 351//350 
f 353//351 304//351 352//351 
f 354//352 304//352 353//352 
f 355//353 304//353 354//353 
f 356//354 304//354 355//354 
f 357//355 304//355 356//355 
f 358//356 304//356 357//356 
f 359//357 304//357 358//357 
f 360//358 304//358 359//358 
f 361//359 304//359 360//359 
f 362//360 304//360 363//360 
f 364//361 304//361 362//361 
f 365//362 304//362 364//362 
f 366//363 304//363 365//363 
f 305//364 304//364 366//364 
f 186//365 304//365 367//365 
f 186//366 367//366 368//366 
f 186//367 368//367 302//367 
f 367//368 304//368 369//368 
f 369//369 304//369 370//369 
f 370//370 304//370 361//370 
f 1//371 186//371 371//371 
f 1//372 371//372 372//372 
f 1//373 372//373 373//373 
f 1//374 373//374 374//374 
f 1//375 374//375 129//375 
f 371//376 186//376 375//376 
f 375//377 186//377 376//377 
f 376//378 186//378 205//378 
f 304//379 50//379 377//379 
f 304//380 377//380 378//380 
f 304//381 378//381 379//381 
f 304//382 379//382 363//382 
f 377//383 50//383 380//383 
f 380//384 50//384 381//384 
f 381//385 50//385 382//385 
f 382//386 50//386 184//386 
f 186//387 383//387 304//387 
f 384//388 383//388 186//388 
f 385//389 386//389 387//389 
f 387//390 386//390 383//390 
f 386//391 388//391 383//391 
f 389//392 390//392 388//392 
f 388//393 390//393 383//393 
f 383//394 391//394 304//394 
f 390//395 392//395 383//395 
f 383//396 392//396 391//396 
f 393//397 394//397 390//397 
f 390//398 394//398 392//398 
f 395//399 396//399 394//399 
f 392//400 397//400 398//400 
f 398//401 397//401 399//401 
f 396//402 400//402 394//402 
f 397//403 401//403 402//403 
f 397//404 403//404 401//404 
f 392//405 403//405 397//405 
f 404//406 405//406 406//406 
f 406//407 405//407 400//407 
f 400//408 405//408 394//408 
f 405//409 407//409 394//409 
f 403//410 408//410 409//410 
f 392//411 408//411 403//411 
f 407//412 408//412 394//412 
f 394//413 408//413 392//413 
f 407//414 410//414 408//414 
f 411//415 412//415 413//415 
f 414//416 415//416 416//416 
f 414//417 417//417 415//417 
f 412//418 417//418 414//418 
f 415//419 417//419 418//419 
f 412//420 419//420 417//420 
f 412//421 420//421 419//421 
f 412//422 421//422 420//422 
f 420//423 421//423 422//423 
f 421//424 423//424 424//424 
f 424//425 423//425 425//425 
f 425//426 423//426 426//426 
f 412//427 427//427 421//427 
f 421//428 427//428 423//428 
f 412//429 428//429 427//429 
f 428//430 429//430 430//430 
f 412//431 429//431 428//431 
f 429//432 431//432 432//432 
f 432//433 431//433 433//433 
f 412//434 431//434 429//434 
f 434//435 435//435 436//435 
f 431//436 437//436 434//436 
f 434//437 437//437 435//437 
f 431//438 438//438 437//438 
f 412//439 439//439 431//439 
f 431//440 439//440 438//440 
f 411//441 440//441 412//441 
f 412//442 440//442 439//442 
f 186//443 411//443 384//443 
f 384//444 411//444 413//444 
f 441//445 304//445 442//445 
f 441//446 50//446 304//446 
f 443//447 442//447 444//447 
f 443//448 444//448 445//448 
f 443//449 441//449 442//449 
f 446//450 445//450 447//450 
f 446//451 443//451 445//451 
f 448//452 447//452 449//452 
f 448//453 446//453 447//453 
f 450//454 448//454 449//454 
f 451//455 450//455 449//455 
f 451//456 449//456 452//456 
f 453//457 452//457 454//457 
f 453//458 451//458 452//458 
f 455//459 453//459 454//459 
f 455//460 454//460 456//460 
f 455//461 456//461 457//461 
f 458//462 457//462 459//462 
f 458//463 455//463 457//463 
f 460//464 459//464 461//464 
f 460//465 458//465 459//465 
f 462//466 461//466 463//466 
f 462//467 460//467 461//467 
f 464//468 463//468 465//468 
f 464//469 462//469 463//469 
f 466//470 465//470 467//470 
f 466//471 464//471 465//471 
f 468//472 467//472 469//472 
f 468//473 466//473 467//473 
f 470//474 469//474 471//474 
f 470//475 468//475 469//475 
f 472//476 471//476 473//476 
f 472//477 470//477 471//477 
f 474//478 473//478 475//478 
f 474//479 472//479 473//479 
f 476//480 475//480 477//480 
f 476//481 474//481 475//481 
f 478//482 477//482 479//482 
f 478//483 476//483 477//483 
f 480//484 479//484 481//484 
f 480//485 478//485 479//485 
f 482//486 481//486 483//486 
f 482//487 480//487 481//487 
f 484//488 483//488 485//488 
f 484//489 482//489 483//489 
f 486//490 485//490 487//490 
f 486//491 484//491 485//491 
f 488//492 487//492 489//492 
f 488//493 486//493 487//493 
f 490//494 489//494 491//494 
f 490//495 488//495 489//495 
f 492//496 491//496 493//496 
f 492//497 490//497 491//497 
f 494//498 493//498 495//498 
f 494//499 492//499 493//499 
f 496//500 495//500 497//500 
f 496//501 494//501 495//501 
f 498//502 497//502 499//502 
f 498//503 496//503 497//503 
f 500//504 498//504 499//504 
f 500//505 499//505 501//505 
f 502//506 500//506 501//506 
f 502//507 501//507 503//507 
f 504//508 502//508 503//508 
f 504//509 503//509 505//509 
f 506//510 504//510 505//510 
f 507//511 506//511 505//511 
f 507//512 505//512 508//512 
f 509//513 507//513 508//513 
f 509//514 508//514 510//514 
f 511//515 509//515 510//515 
f 511//516 510//516 512//516 
f 513//517 511//517 512//517 
f 513//518 512//518 514//518 
f 515//519 513//519 514//519 
f 515//520 514//520 516//520 
f 186//521 517//521 518//521 
f 518//522 519//522 186//522 
f 186//523 520//523 517//523 
f 519//524 521//524 186//524 
f 186//525 522//525 520//525 
f 521//526 523//526 186//526 
f 186//527 524//527 522//527 
f 523//528 525//528 186//528 
f 186//529 526//529 524//529 
f 525//530 527//530 186//530 
f 186//531 528//531 526//531 
f 527//532 529//532 186//532 
f 186//533 530//533 528//533 
f 529//534 531//534 186//534 
f 186//535 532//535 530//535 
f 531//536 533//536 186//536 
f 186//537 534//537 532//537 
f 533//538 535//538 186//538 
f 186//539 536//539 534//539 
f 535//540 537//540 186//540 
f 186//541 538//541 536//541 
f 537//542 539//542 186//542 
f 186//543 540//543 538//543 
f 539//544 541//544 186//544 
f 186//545 542//545 540//545 
f 541//546 543//546 186//546 
f 186//547 544//547 542//547 
f 543//548 545//548 186//548 
f 186//549 546//549 544//549 
f 545//550 547//550 186//550 
f 186//551 548//551 546//551 
f 547//552 549//552 186//552 
f 186//553 550//553 548//553 
f 549//554 551//554 186//554 
f 186//555 552//555 550//555 
f 551//556 553//556 186//556 
f 186//557 554//557 552//557 
f 553//558 555//558 186//558 
f 186//559 556//559 554//559 
f 186//560 557//560 556//560 
f 186//561 558//561 557//561 
f 559//562 560//562 561//562 
f 561//563 560//563 562//563 
f 563//564 564//564 565//564 
f 561//565 564//565 563//565 
f 562//566 564//566 561//566 
f 566//567 567//567 559//567 
f 559//568 567//568 560//568 
f 565//569 568//569 569//569 
f 564//570 568//570 565//570 
f 570//571 571//571 566//571 
f 566//572 571//572 567//572 
f 568//573 572//573 569//573 
f 570//574 573//574 571//574 
f 574//575 573//575 570//575 
f 569//576 575//576 576//576 
f 572//577 575//577 569//577 
f 577//578 578//578 574//578 
f 574//579 578//579 573//579 
f 576//580 579//580 580//580 
f 575//581 579//581 576//581 
f 581//582 582//582 577//582 
f 577//583 582//583 578//583 
f 583//584 584//584 585//584 
f 580//585 584//585 583//585 
f 579//586 584//586 580//586 
f 586//587 587//587 581//587 
f 581//588 587//588 582//588 
f 585//589 588//589 589//589 
f 584//590 588//590 585//590 
f 590//591 591//591 586//591 
f 586//592 591//592 587//592 
f 588//593 592//593 589//593 
f 590//594 593//594 591//594 
f 594//595 593//595 590//595 
f 595//596 596//596 597//596 
f 589//597 596//597 595//597 
f 592//598 596//598 589//598 
f 598//599 599//599 594//599 
f 594//600 599//600 593//600 
f 596//601 600//601 597//601 
f 598//602 601//602 599//602 
f 602//603 601//603 598//603 
f 603//604 601//604 602//604 
f 597//605 604//605 605//605 
f 600//606 604//606 597//606 
f 603//607 606//607 601//607 
f 605//608 607//608 555//608 
f 604//609 607//609 605//609 
f 603//610 608//610 606//610 
f 609//611 608//611 603//611 
f 609//612 610//612 608//612 
f 611//613 610//613 609//613 
f 611//614 612//614 610//614 
f 613//615 612//615 611//615 
f 613//616 614//616 612//616 
f 615//617 614//617 613//617 
f 616//618 617//618 615//618 
f 615//619 617//619 614//619 
f 618//620 619//620 616//620 
f 616//621 619//621 617//621 
f 620//622 621//622 618//622 
f 622//623 621//623 620//623 
f 618//624 621//624 619//624 
f 622//625 623//625 621//625 
f 624//626 625//626 622//626 
f 622//627 625//627 623//627 
f 626//628 627//628 624//628 
f 624//629 627//629 625//629 
f 628//630 629//630 626//630 
f 626//631 629//631 627//631 
f 630//632 631//632 628//632 
f 628//633 631//633 629//633 
f 632//634 633//634 630//634 
f 634//635 633//635 632//635 
f 630//636 633//636 631//636 
f 634//637 635//637 633//637 
f 634//638 636//638 635//638 
f 637//639 636//639 634//639 
f 638//640 639//640 637//640 
f 637//641 639//641 636//641 
f 640//642 641//642 638//642 
f 638//643 641//643 639//643 
f 640//644 642//644 641//644 
f 643//645 642//645 640//645 
f 644//646 645//646 643//646 
f 643//647 645//647 642//647 
f 646//648 647//648 644//648 
f 644//649 647//649 645//649 
f 648//650 649//650 646//650 
f 650//651 649//651 648//651 
f 646//652 649//652 647//652 
f 650//653 651//653 649//653 
f 652//654 411//654 607//654 
f 653//655 411//655 652//655 
f 654//656 411//656 653//656 
f 655//657 411//657 654//657 
f 656//658 411//658 655//658 
f 657//659 411//659 656//659 
f 658//660 411//660 657//660 
f 659//661 411//661 658//661 
f 660//662 411//662 659//662 
f 661//663 411//663 660//663 
f 662//664 411//664 661//664 
f 663//665 411//665 662//665 
f 664//666 411//666 663//666 
f 665//667 411//667 664//667 
f 666//668 411//668 665//668 
f 667//669 411//669 666//669 
f 668//670 411//670 667//670 
f 669//671 411//671 668//671 
f 670//672 411//672 669//672 
f 671//673 411//673 670//673 
f 672//674 411//674 671//674 
f 673//675 411//675 672//675 
f 555//676 411//676 186//676 
f 607//677 411//677 555//677 
f 674//678 675//678 650//678 
f 650//679 675//679 651//679 
f 673//680 676//680 411//680 
f 677//681 678//681 674//681 
f 674//682 678//682 675//682 
f 676//683 679//683 411//683 
f 677//684 680//684 678//684 
f 681//685 680//685 677//685 
f 679//686 682//686 411//686 
f 682//687 683//687 411//687 
f 683//688 684//688 411//688 
f 684//689 685//689 411//689 
f 685//690 686//690 411//690 
f 686//691 687//691 411//691 
f 687//692 688//692 411//692 
f 688//693 689//693 411//693 
f 689//694 690//694 411//694 
f 690//695 691//695 411//695 
f 691//696 692//696 411//696 
f 692//697 693//697 411//697 
f 693//698 694//698 411//698 
f 694//699 695//699 411//699 
f 695//700 696//700 411//700 
f 696//701 697//701 411//701 
f 697//702 698//702 411//702 
f 699//703 700//703 701//703 
f 699//704 702//704 700//704 
f 703//705 702//705 699//705 
f 704//706 702//706 703//706 
f 700//707 705//707 701//707 
f 706//708 707//708 704//708 
f 704//709 707//709 702//709 
f 705//710 708//710 701//710 
f 701//711 708//711 709//711 
f 706//712 710//712 707//712 
f 711//713 710//713 706//713 
f 708//714 712//714 709//714 
f 709//715 712//715 713//715 
f 711//716 714//716 710//716 
f 712//717 715//717 713//717 
f 713//718 715//718 716//718 
f 711//719 717//719 714//719 
f 718//720 717//720 711//720 
f 716//721 719//721 720//721 
f 715//722 719//722 716//722 
f 718//723 721//723 717//723 
f 722//724 721//724 718//724 
f 723//725 721//725 722//725 
f 719//726 724//726 720//726 
f 725//727 724//727 726//727 
f 720//728 724//728 725//728 
f 723//729 727//729 721//729 
f 724//730 728//730 726//730 
f 723//731 729//731 727//731 
f 730//732 729//732 723//732 
f 728//733 731//733 726//733 
f 726//734 731//734 732//734 
f 731//735 733//735 732//735 
f 732//736 733//736 734//736 
f 734//737 735//737 736//737 
f 733//738 735//738 734//738 
f 735//739 737//739 736//739 
f 736//740 737//740 738//740 
f 738//741 739//741 740//741 
f 737//742 739//742 738//742 
f 739//743 741//743 740//743 
f 740//744 741//744 742//744 
f 741//745 743//745 742//745 
f 742//746 743//746 744//746 
f 744//747 745//747 746//747 
f 743//748 745//748 744//748 
f 746//749 747//749 748//749 
f 745//750 747//750 746//750 
f 747//751 749//751 748//751 
f 748//752 749//752 750//752 
f 750//753 751//753 752//753 
f 749//754 751//754 750//754 
f 751//755 753//755 752//755 
f 754//756 753//756 755//756 
f 752//757 753//757 754//757 
f 753//758 756//758 755//758 
f 755//759 757//759 758//759 
f 756//760 757//760 755//760 
f 758//761 759//761 760//761 
f 757//762 759//762 758//762 
f 759//763 761//763 760//763 
f 762//764 761//764 763//764 
f 760//765 761//765 762//765 
f 761//766 764//766 763//766 
f 763//767 765//767 766//767 
f 764//768 765//768 763//768 
f 765//769 767//769 766//769 
f 766//770 767//770 681//770 
f 768//771 1//771 769//771 
f 770//772 1//772 768//772 
f 771//773 1//773 770//773 
f 772//774 1//774 771//774 
f 773//775 1//775 772//775 
f 774//776 1//776 773//776 
f 775//777 1//777 774//777 
f 776//778 1//778 775//778 
f 777//779 1//779 776//779 
f 778//780 1//780 777//780 
f 779//781 1//781 778//781 
f 780//782 1//782 779//782 
f 781//783 1//783 780//783 
f 782//784 1//784 781//784 
f 783//785 1//785 782//785 
f 784//786 1//786 783//786 
f 785//787 1//787 784//787 
f 786//788 1//788 785//788 
f 787//789 1//789 786//789 
f 1//790 788//790 769//790 
f 1//791 789//791 788//791 
f 1//792 790//792 789//792 
f 1//793 791//793 790//793 
f 1//794 792//794 791//794 
f 1//795 793//795 792//795 
f 1//796 794//796 793//796 
f 1//797 795//797 794//797 
f 1//798 796//798 795//798 
f 1//799 797//799 796//799 
f 1//800 798//800 797//800 
f 1//801 799//801 798//801 
f 1//802 800//802 799//802 
f 1//803 801//803 800//803 
f 1//804 802//804 801//804 
f 1//805 803//805 802//805 
f 1//806 804//806 803//806 
f 1//807 805//807 804//807 
f 1//808 806//808 805//808 
f 1//809 807//809 806//809 
f 1//810 808//810 807//810 
f 1//811 809//811 808//811 
f 810//812 811//812 812//812 
f 812//813 811//813 813//813 
f 814//814 815//814 816//814 
f 812//815 815//815 814//815 
f 813//816 815//816 812//816 
f 810//817 817//817 811//817 
f 818//818 817//818 810//818 
f 815//819 819//819 816//819 
f 818//820 820//820 817//820 
f 821//821 820//821 818//821 
f 819//822 822//822 816//822 
f 816//823 822//823 823//823 
f 824//824 825//824 821//824 
f 826//825 825//825 824//825 
f 821//826 825//826 820//826 
f 822//827 827//827 823//827 
f 828//828 827//828 767//828 
f 823//829 827//829 828//829 
f 826//830 829//830 825//830 
f 827//831 830//831 767//831 
f 767//832 830//832 681//832 
f 681//833 830//833 680//833 
f 831//834 832//834 826//834 
f 826//835 832//835 829//835 
f 833//836 834//836 835//836 
f 680//837 834//837 833//837 
f 830//838 834//838 680//838 
f 836//839 837//839 831//839 
f 831//840 837//840 832//840 
f 834//841 838//841 835//841 
f 839//842 840//842 836//842 
f 836//843 840//843 837//843 
f 838//844 841//844 835//844 
f 835//845 841//845 842//845 
f 839//846 843//846 840//846 
f 844//847 843//847 839//847 
f 842//848 845//848 846//848 
f 841//849 845//849 842//849 
f 844//850 847//850 843//850 
f 848//851 847//851 844//851 
f 845//852 849//852 846//852 
f 846//853 849//853 850//853 
f 848//854 851//854 847//854 
f 852//855 851//855 848//855 
f 849//856 853//856 850//856 
f 854//857 853//857 855//857 
f 850//858 853//858 854//858 
f 852//859 856//859 851//859 
f 857//860 856//860 852//860 
f 853//861 858//861 855//861 
f 859//862 860//862 857//862 
f 857//863 860//863 856//863 
f 861//864 862//864 863//864 
f 855//865 862//865 861//865 
f 858//866 862//866 855//866 
f 859//867 864//867 860//867 
f 865//868 864//868 859//868 
f 862//869 866//869 863//869 
f 863//870 866//870 867//870 
f 865//871 868//871 864//871 
f 869//872 868//872 865//872 
f 870//873 868//873 869//873 
f 867//874 871//874 872//874 
f 866//875 871//875 867//875 
f 870//876 873//876 868//876 
f 871//877 874//877 872//877 
f 870//878 875//878 873//878 
f 876//879 875//879 870//879 
f 877//880 875//880 876//880 
f 872//881 878//881 879//881 
f 874//882 878//882 872//882 
f 880//883 881//883 877//883 
f 877//884 881//884 875//884 
f 878//885 882//885 879//885 
f 883//886 882//886 884//886 
f 879//887 882//887 883//887 
f 880//888 885//888 881//888 
f 882//889 886//889 884//889 
f 884//890 886//890 887//890 
f 880//891 888//891 885//891 
f 889//892 888//892 880//892 
f 886//893 890//893 887//893 
f 889//894 891//894 888//894 
f 892//895 891//895 889//895 
f 890//896 893//896 887//896 
f 894//897 893//897 895//897 
f 887//898 893//898 894//898 
f 892//899 896//899 891//899 
f 897//900 896//900 892//900 
f 893//901 898//901 895//901 
f 895//902 898//902 899//902 
f 900//903 901//903 897//903 
f 897//904 901//904 896//904 
f 898//905 902//905 899//905 
f 900//906 903//906 901//906 
f 904//907 903//907 900//907 
f 905//908 903//908 904//908 
f 906//909 907//909 908//909 
f 899//910 907//910 906//910 
f 902//911 907//911 899//911 
f 905//912 909//912 903//912 
f 907//913 910//913 908//913 
f 905//914 911//914 909//914 
f 912//915 911//915 905//915 
f 913//916 914//916 915//916 
f 908//917 914//917 913//917 
f 910//918 914//918 908//918 
f 912//919 916//919 911//919 
f 917//920 916//920 912//920 
f 914//921 918//921 915//921 
f 919//922 920//922 917//922 
f 917//923 920//923 916//923 
f 915//924 921//924 922//924 
f 918//925 921//925 915//925 
f 919//926 923//926 920//926 
f 924//927 923//927 919//927 
f 921//928 925//928 922//928 
f 922//929 925//929 926//929 
f 924//930 927//930 923//930 
f 928//931 927//931 924//931 
f 929//932 927//932 928//932 
f 926//933 930//933 931//933 
f 925//934 930//934 926//934 
f 929//935 932//935 927//935 
f 931//936 933//936 934//936 
f 930//937 933//937 931//937 
f 935//938 936//938 929//938 
f 937//939 936//939 935//939 
f 929//940 936//940 932//940 
f 934//941 938//941 939//941 
f 933//942 938//942 934//942 
f 937//943 940//943 936//943 
f 939//944 941//944 942//944 
f 938//945 941//945 939//945 
f 943//946 944//946 937//946 
f 937//947 944//947 940//947 
f 942//948 945//948 946//948 
f 941//949 945//949 942//949 
f 947//950 948//950 943//950 
f 943//951 948//951 944//951 
f 945//952 949//952 946//952 
f 950//953 949//953 951//953 
f 946//954 949//954 950//954 
f 952//955 953//955 947//955 
f 947//956 953//956 948//956 
f 949//957 954//957 951//957 
f 952//958 955//958 953//958 
f 956//959 955//959 952//959 
f 951//960 957//960 958//960 
f 954//961 957//961 951//961 
f 956//962 959//962 955//962 
f 960//963 959//963 956//963 
f 957//964 961//964 958//964 
f 962//965 961//965 963//965 
f 958//966 961//966 962//966 
f 961//967 964//967 963//967 
f 965//968 966//968 967//968 
f 968//969 966//969 969//969 
f 970//970 966//970 965//970 
f 971//971 966//971 968//971 
f 972//972 966//972 970//972 
f 973//973 966//973 971//973 
f 974//974 966//974 972//974 
f 975//975 966//975 973//975 
f 976//976 966//976 975//976 
f 977//977 966//977 976//977 
f 978//978 966//978 977//978 
f 979//979 966//979 978//979 
f 980//980 966//980 979//980 
f 981//981 966//981 980//981 
f 982//982 966//982 981//982 
f 983//983 966//983 982//983 
f 984//984 966//984 983//984 
f 985//985 966//985 974//985 
f 986//986 966//986 985//986 
f 987//987 966//987 986//987 
f 988//988 966//988 987//988 
f 989//989 966//989 988//989 
f 990//990 966//990 989//990 
f 991//991 966//991 990//991 
f 992//992 966//992 991//992 
f 993//993 966//993 992//993 
f 994//994 966//994 993//994 
f 995//995 966//995 994//995 
f 996//996 966//996 995//996 
f 997//997 966//997 996//997 
f 998//998 966//998 997//998 
f 999//999 966//999 998//999 
f 1000//1000 966//1000 999//1000 
f 1001//1001 966//1001 1000//1001 
f 1002//1002 966//1002 1001//1002 
f 1003//1003 966//1003 1004//1003 
f 1005//1004 966//1004 1002//1004 
f 1006//1005 966//1005 1003//1005 
f 1007//1006 966//1006 1005//1006 
f 967//1007 966//1007 1006//1007 
f 969//1008 966//1008 1007//1008 
f 186//1009 1//1009 558//1009 
f 558//1010 1//1010 1008//1010 
f 1008//1011 1//1011 730//1011 
f 730//1012 1//1012 787//1012 
f 730//1013 787//1013 729//1013 
f 966//1014 411//1014 698//1014 
f 966//1015 698//1015 1009//1015 
f 966//1016 1009//1016 963//1016 
f 966//1017 963//1017 1004//1017 
f 1004//1018 963//1018 964//1018 
f 1//1019 966//1019 809//1019 
f 809//1020 966//1020 1010//1020 
f 1010//1021 966//1021 1011//1021 
f 1011//1022 966//1022 1012//1022 
f 1012//1023 966//1023 1013//1023 
f 1013//1024 966//1024 1014//1024 
f 1014//1025 966//1025 1015//1025 
f 1015//1026 966//1026 960//1026 
f 960//1027 966//1027 984//1027 
f 960//1028 984//1028 1016//1028 
f 960//1029 1016//1029 1017//1029 
f 960//1030 1017//1030 1018//1030 
f 960//1031 1018//1031 1019//1031 
f 960//1032 1019//1032 1020//1032 
f 960//1033 1020//1033 1021//1033 
f 960//1034 1021//1034 959//1034 
f 1022//1035 966//1035 1//1035 
f 1022//1036 1//1036 50//1036 
f 1023//1037 1024//1037 33//1037 
f 33//1038 1024//1038 31//1038 
f 31//1039 1025//1039 29//1039 
f 29//1040 1025//1040 27//1040 
f 1024//1041 1025//1041 31//1041 
f 1025//1042 1026//1042 27//1042 
f 27//1043 1027//1043 25//1043 
f 1026//1044 1027//1044 27//1044 
f 25//1045 1028//1045 23//1045 
f 1027//1046 1028//1046 25//1046 
f 23//1047 1029//1047 21//1047 
f 1028//1048 1029//1048 23//1048 
f 21//1049 1030//1049 19//1049 
f 1029//1050 1030//1050 21//1050 
f 19//1051 1031//1051 17//1051 
f 1030//1052 1031//1052 19//1052 
f 17//1053 1032//1053 15//1053 
f 1031//1054 1032//1054 17//1054 
f 15//1055 1033//1055 13//1055 
f 13//1056 1033//1056 11//1056 
f 1032//1057 1033//1057 15//1057 
f 1033//1058 1034//1058 11//1058 
f 1034//1059 1035//1059 11//1059 
f 11//1060 1035//1060 9//1060 
f 1035//1061 1036//1061 9//1061 
f 9//1062 1036//1062 7//1062 
f 7//1063 1036//1063 5//1063 
f 1036//1064 1037//1064 5//1064 
f 1037//1065 1038//1065 5//1065 
f 5//1066 1038//1066 2//1066 
f 1038//1067 1039//1067 2//1067 
f 2//1068 1039//1068 3//1068 
f 3//1069 1039//1069 4//1069 
f 1039//1070 1040//1070 4//1070 
f 1040//1071 1041//1071 4//1071 
f 4//1072 1041//1072 6//1072 
f 1041//1073 1042//1073 6//1073 
f 6//1074 1042//1074 8//1074 
f 1042//1075 1043//1075 8//1075 
f 8//1076 1043//1076 10//1076 
f 1043//1077 3036//1077 10//1077 
f 10//1078 3036//1078 12//1078 
f 3036//1079 1044//1079 12//1079 
f 12//1080 1044//1080 14//1080 
f 14//1081 1044//1081 16//1081 
f 1044//1082 1045//1082 16//1082 
f 16//1083 1046//1083 18//1083 
f 18//1084 1046//1084 20//1084 
f 1045//1085 1046//1085 16//1085 
f 20//1086 1047//1086 22//1086 
f 1046//1087 1047//1087 20//1087 
f 1047//1088 3034//1088 22//1088 
f 22//1089 3035//1089 24//1089 
f 3034//1090 3035//1090 22//1090 
f 24//1091 3033//1091 26//1091 
f 3035//1092 3033//1092 24//1092 
f 26//1093 3032//1093 28//1093 
f 3033//1094 3032//1094 26//1094 
f 28//1095 1048//1095 30//1095 
f 3032//1096 1048//1096 28//1096 
f 30//1097 1049//1097 32//1097 
f 1048//1098 1049//1098 30//1098 
f 32//1099 1050//1099 49//1099 
f 1049//1100 1050//1100 32//1100 
f 49//1101 1051//1101 51//1101 
f 1050//1102 1051//1102 49//1102 
f 51//1103 1052//1103 52//1103 
f 1051//1104 1052//1104 51//1104 
f 52//1105 1053//1105 53//1105 
f 1052//1106 1053//1106 52//1106 
f 53//1107 1054//1107 54//1107 
f 54//1108 1054//1108 55//1108 
f 1053//1109 1054//1109 53//1109 
f 1054//1110 1055//1110 55//1110 
f 1055//1111 1056//1111 55//1111 
f 55//1112 1056//1112 56//1112 
f 56//1113 1056//1113 57//1113 
f 1056//1114 1057//1114 57//1114 
f 1057//1115 1058//1115 57//1115 
f 57//1116 1058//1116 58//1116 
f 1058//1117 1059//1117 58//1117 
f 58//1118 1059//1118 59//1118 
f 1059//1119 1060//1119 59//1119 
f 59//1120 1060//1120 60//1120 
f 1060//1121 1061//1121 60//1121 
f 60//1122 1061//1122 61//1122 
f 61//1123 1061//1123 62//1123 
f 1061//1124 1062//1124 62//1124 
f 62//1125 1062//1125 63//1125 
f 1062//1126 1063//1126 63//1126 
f 1063//1127 3031//1127 63//1127 
f 63//1128 3031//1128 64//1128 
f 64//1129 3031//1129 65//1129 
f 3031//1130 1064//1130 65//1130 
f 1064//1131 1065//1131 65//1131 
f 65//1132 1065//1132 66//1132 
f 66//1133 1065//1133 67//1133 
f 1065//1134 3029//1134 67//1134 
f 67//1135 3029//1135 68//1135 
f 3029//1136 3030//1136 68//1136 
f 3030//1137 1066//1137 68//1137 
f 68//1138 1066//1138 69//1138 
f 1066//1139 3025//1139 69//1139 
f 69//1140 3025//1140 70//1140 
f 3025//1141 1067//1141 70//1141 
f 70//1142 1067//1142 71//1142 
f 1067//1143 3026//1143 71//1143 
f 71//1144 3026//1144 72//1144 
f 3026//1145 3022//1145 72//1145 
f 72//1146 3022//1146 73//1146 
f 3022//1147 1068//1147 73//1147 
f 73//1148 1068//1148 74//1148 
f 74//1149 1068//1149 75//1149 
f 1068//1150 3023//1150 75//1150 
f 75//1151 3021//1151 76//1151 
f 3023//1152 3021//1152 75//1152 
f 76//1153 3020//1153 77//1153 
f 3021//1154 3020//1154 76//1154 
f 77//1155 1069//1155 78//1155 
f 3020//1156 1069//1156 77//1156 
f 78//1157 1070//1157 79//1157 
f 1069//1158 1070//1158 78//1158 
f 1070//1159 3016//1159 79//1159 
f 79//1160 3016//1160 80//1160 
f 3016//1161 1071//1161 80//1161 
f 80//1162 1071//1162 81//1162 
f 1071//1163 3017//1163 81//1163 
f 81//1164 3017//1164 82//1164 
f 3017//1165 1072//1165 82//1165 
f 82//1166 1072//1166 83//1166 
f 1072//1167 3018//1167 83//1167 
f 83//1168 3018//1168 84//1168 
f 3018//1169 1073//1169 84//1169 
f 84//1170 1073//1170 85//1170 
f 1073//1171 1074//1171 85//1171 
f 85//1172 1074//1172 86//1172 
f 1074//1173 1075//1173 86//1173 
f 86//1174 1075//1174 87//1174 
f 1075//1175 1076//1175 87//1175 
f 87//1176 1076//1176 88//1176 
f 1076//1177 1077//1177 88//1177 
f 88//1178 1077//1178 89//1178 
f 1077//1179 1078//1179 89//1179 
f 89//1180 1078//1180 90//1180 
f 1078//1181 1079//1181 90//1181 
f 90//1182 1079//1182 91//1182 
f 1079//1183 3015//1183 91//1183 
f 91//1184 3015//1184 92//1184 
f 92//1185 1080//1185 93//1185 
f 3015//1186 1080//1186 92//1186 
f 93//1187 1081//1187 94//1187 
f 1080//1188 1081//1188 93//1188 
f 94//1189 1082//1189 95//1189 
f 1081//1190 1082//1190 94//1190 
f 95//1191 1083//1191 96//1191 
f 1082//1192 1083//1192 95//1192 
f 96//1193 1084//1193 165//1193 
f 1083//1194 1084//1194 96//1194 
f 165//1195 1085//1195 163//1195 
f 1084//1196 1085//1196 165//1196 
f 163//1197 1086//1197 162//1197 
f 1085//1198 1086//1198 163//1198 
f 162//1199 1087//1199 160//1199 
f 1086//1200 1087//1200 162//1200 
f 160//1201 1088//1201 159//1201 
f 1087//1202 1088//1202 160//1202 
f 159//1203 1089//1203 157//1203 
f 1088//1204 1089//1204 159//1204 
f 157//1205 1090//1205 155//1205 
f 1089//1206 1090//1206 157//1206 
f 155//1207 1091//1207 154//1207 
f 1090//1208 1091//1208 155//1208 
f 154//1209 1092//1209 152//1209 
f 1091//1210 1092//1210 154//1210 
f 1092//1211 1093//1211 152//1211 
f 152//1212 1093//1212 151//1212 
f 1093//1213 1094//1213 151//1213 
f 151//1214 1094//1214 149//1214 
f 1094//1215 1095//1215 149//1215 
f 149//1216 1095//1216 148//1216 
f 1095//1217 1096//1217 148//1217 
f 148//1218 1096//1218 146//1218 
f 146//1219 1097//1219 144//1219 
f 1096//1220 1097//1220 146//1220 
f 144//1221 1098//1221 143//1221 
f 1097//1222 1098//1222 144//1222 
f 143//1223 1099//1223 141//1223 
f 1098//1224 1099//1224 143//1224 
f 141//1225 1100//1225 140//1225 
f 1099//1226 1100//1226 141//1226 
f 140//1227 1101//1227 138//1227 
f 1100//1228 1101//1228 140//1228 
f 138//1229 1102//1229 136//1229 
f 1101//1230 1102//1230 138//1230 
f 136//1231 3019//1231 135//1231 
f 1102//1232 3019//1232 136//1232 
f 135//1233 1103//1233 133//1233 
f 3019//1234 1103//1234 135//1234 
f 133//1235 1104//1235 132//1235 
f 1103//1236 1104//1236 133//1236 
f 132//1237 1105//1237 130//1237 
f 1104//1238 1105//1238 132//1238 
f 130//1239 1106//1239 128//1239 
f 1105//1240 1106//1240 130//1240 
f 128//1241 3024//1241 126//1241 
f 1106//1242 3024//1242 128//1242 
f 126//1243 3027//1243 124//1243 
f 3024//1244 3027//1244 126//1244 
f 124//1245 1107//1245 121//1245 
f 3027//1246 1107//1246 124//1246 
f 121//1247 1108//1247 119//1247 
f 1107//1248 1108//1248 121//1248 
f 119//1249 3028//1249 117//1249 
f 1108//1250 3028//1250 119//1250 
f 117//1251 1109//1251 115//1251 
f 3028//1252 1109//1252 117//1252 
f 115//1253 1110//1253 113//1253 
f 1109//1254 1110//1254 115//1254 
f 113//1255 1111//1255 110//1255 
f 1110//1256 1111//1256 113//1256 
f 110//1257 1112//1257 48//1257 
f 1111//1258 1112//1258 110//1258 
f 1112//1259 1113//1259 48//1259 
f 48//1260 1113//1260 47//1260 
f 1113//1261 1114//1261 47//1261 
f 47//1262 1114//1262 46//1262 
f 1114//1263 1115//1263 46//1263 
f 46//1264 1115//1264 45//1264 
f 1115//1265 1116//1265 45//1265 
f 45//1266 1116//1266 44//1266 
f 1116//1267 1117//1267 44//1267 
f 44//1268 1117//1268 43//1268 
f 1117//1269 1118//1269 43//1269 
f 43//1270 1118//1270 42//1270 
f 1118//1271 1119//1271 42//1271 
f 42//1272 1119//1272 41//1272 
f 1119//1273 1120//1273 41//1273 
f 41//1274 1120//1274 40//1274 
f 1120//1275 1121//1275 40//1275 
f 40//1276 1121//1276 39//1276 
f 1121//1277 1122//1277 39//1277 
f 39//1278 1122//1278 38//1278 
f 1122//1279 1123//1279 38//1279 
f 38//1280 1123//1280 37//1280 
f 1123//1281 1124//1281 37//1281 
f 37//1282 1124//1282 36//1282 
f 1124//1283 1125//1283 36//1283 
f 36//1284 1125//1284 35//1284 
f 35//1285 1126//1285 34//1285 
f 1125//1286 1126//1286 35//1286 
f 34//1287 1126//1287 33//1287 
f 1126//1288 1023//1288 33//1288 
f 1127//1289 1128//1289 371//1289 
f 371//1290 1128//1290 372//1290 
f 372//1291 1129//1291 373//1291 
f 1128//1292 1129//1292 372//1292 
f 373//1293 1130//1293 374//1293 
f 1129//1294 1130//1294 373//1294 
f 374//1295 1131//1295 129//1295 
f 1130//1296 1131//1296 374//1296 
f 129//1297 3045//1297 125//1297 
f 1131//1298 3045//1298 129//1298 
f 125//1299 1132//1299 122//1299 
f 3045//1300 1132//1300 125//1300 
f 122//1301 1133//1301 118//1301 
f 1132//1302 1133//1302 122//1302 
f 118//1303 1134//1303 114//1303 
f 1133//1304 1134//1304 118//1304 
f 114//1305 1135//1305 111//1305 
f 1134//1306 1135//1306 114//1306 
f 111//1307 1136//1307 108//1307 
f 1135//1308 1136//1308 111//1308 
f 1136//1309 3046//1309 108//1309 
f 108//1310 3046//1310 106//1310 
f 3046//1311 1137//1311 106//1311 
f 106//1312 1137//1312 104//1312 
f 104//1313 1137//1313 102//1313 
f 1137//1314 3047//1314 102//1314 
f 3047//1315 1138//1315 102//1315 
f 102//1316 1138//1316 100//1316 
f 1138//1317 1139//1317 100//1317 
f 100//1318 1139//1318 97//1318 
f 97//1319 1139//1319 98//1319 
f 1139//1320 1140//1320 98//1320 
f 98//1321 1140//1321 99//1321 
f 1140//1322 1141//1322 99//1322 
f 1141//1323 1142//1323 99//1323 
f 99//1324 1142//1324 101//1324 
f 101//1325 1142//1325 103//1325 
f 1142//1326 1143//1326 103//1326 
f 103//1327 1143//1327 105//1327 
f 1143//1328 1144//1328 105//1328 
f 105//1329 1144//1329 107//1329 
f 1144//1330 1145//1330 107//1330 
f 107//1331 1145//1331 109//1331 
f 1145//1332 1146//1332 109//1332 
f 109//1333 1147//1333 112//1333 
f 1146//1334 1147//1334 109//1334 
f 112//1335 1148//1335 116//1335 
f 1147//1336 1148//1336 112//1336 
f 116//1337 1149//1337 120//1337 
f 120//1338 1149//1338 123//1338 
f 1148//1339 1149//1339 116//1339 
f 1149//1340 1150//1340 123//1340 
f 123//1341 1151//1341 127//1341 
f 127//1342 1151//1342 131//1342 
f 1150//1343 1151//1343 123//1343 
f 1151//1344 1152//1344 131//1344 
f 131//1345 1153//1345 134//1345 
f 134//1346 1153//1346 137//1346 
f 1152//1347 1153//1347 131//1347 
f 1153//1348 1154//1348 137//1348 
f 137//1349 1155//1349 139//1349 
f 139//1350 1155//1350 142//1350 
f 1154//1351 1155//1351 137//1351 
f 1155//1352 1156//1352 142//1352 
f 142//1353 1157//1353 145//1353 
f 1156//1354 1157//1354 142//1354 
f 145//1355 1158//1355 147//1355 
f 1157//1356 1158//1356 145//1356 
f 147//1357 1159//1357 150//1357 
f 1158//1358 1159//1358 147//1358 
f 150//1359 1160//1359 153//1359 
f 153//1360 1160//1360 156//1360 
f 1159//1361 1160//1361 150//1361 
f 1160//1362 1161//1362 156//1362 
f 1161//1363 1162//1363 156//1363 
f 156//1364 1162//1364 158//1364 
f 1162//1365 1163//1365 158//1365 
f 158//1366 1163//1366 161//1366 
f 1163//1367 1164//1367 161//1367 
f 161//1368 1164//1368 164//1368 
f 1164//1369 3044//1369 164//1369 
f 164//1370 3044//1370 166//1370 
f 166//1371 3044//1371 167//1371 
f 3044//1372 1165//1372 167//1372 
f 1165//1373 1166//1373 167//1373 
f 167//1374 1166//1374 168//1374 
f 1166//1375 1167//1375 168//1375 
f 168//1376 1167//1376 169//1376 
f 1167//1377 3041//1377 169//1377 
f 169//1378 3041//1378 170//1378 
f 170//1379 3041//1379 171//1379 
f 3041//1380 1168//1380 171//1380 
f 1168//1381 1169//1381 171//1381 
f 171//1382 1169//1382 172//1382 
f 172//1383 1169//1383 173//1383 
f 1169//1384 3040//1384 173//1384 
f 3040//1385 1170//1385 173//1385 
f 173//1386 1170//1386 174//1386 
f 1170//1387 1171//1387 174//1387 
f 174//1388 1171//1388 175//1388 
f 1171//1389 1172//1389 175//1389 
f 175//1390 1172//1390 176//1390 
f 1172//1391 1173//1391 176//1391 
f 176//1392 1173//1392 177//1392 
f 1173//1393 1174//1393 177//1393 
f 177//1394 1174//1394 178//1394 
f 1174//1395 1175//1395 178//1395 
f 178//1396 1175//1396 179//1396 
f 1175//1397 1176//1397 179//1397 
f 179//1398 1176//1398 180//1398 
f 1176//1399 1177//1399 180//1399 
f 180//1400 1177//1400 181//1400 
f 1177//1401 1178//1401 181//1401 
f 181//1402 1178//1402 182//1402 
f 182//1403 1179//1403 183//1403 
f 1178//1404 1179//1404 182//1404 
f 183//1405 1180//1405 184//1405 
f 1179//1406 1180//1406 183//1406 
f 184//1407 1181//1407 382//1407 
f 1180//1408 1181//1408 184//1408 
f 382//1409 1182//1409 381//1409 
f 1181//1410 1182//1410 382//1410 
f 1182//1411 1183//1411 381//1411 
f 381//1412 1183//1412 380//1412 
f 1183//1413 3039//1413 380//1413 
f 380//1414 3039//1414 377//1414 
f 3039//1415 1184//1415 377//1415 
f 377//1416 1184//1416 378//1416 
f 1184//1417 1185//1417 378//1417 
f 378//1418 1185//1418 379//1418 
f 1185//1419 1186//1419 379//1419 
f 379//1420 1186//1420 363//1420 
f 1186//1421 1187//1421 363//1421 
f 363//1422 1187//1422 362//1422 
f 1187//1423 1188//1423 362//1423 
f 362//1424 1188//1424 364//1424 
f 1188//1425 1189//1425 364//1425 
f 364//1426 1189//1426 365//1426 
f 1189//1427 1190//1427 365//1427 
f 365//1428 1190//1428 366//1428 
f 1190//1429 1191//1429 366//1429 
f 366//1430 1191//1430 305//1430 
f 1191//1431 3038//1431 305//1431 
f 305//1432 3038//1432 303//1432 
f 3038//1433 1192//1433 303//1433 
f 303//1434 1192//1434 306//1434 
f 1192//1435 1193//1435 306//1435 
f 306//1436 1193//1436 308//1436 
f 308//1437 1194//1437 310//1437 
f 1193//1438 1194//1438 308//1438 
f 310//1439 1195//1439 312//1439 
f 1194//1440 1195//1440 310//1440 
f 312//1441 1196//1441 314//1441 
f 1195//1442 1196//1442 312//1442 
f 314//1443 1197//1443 316//1443 
f 1196//1444 1197//1444 314//1444 
f 316//1445 1198//1445 318//1445 
f 318//1446 1198//1446 320//1446 
f 1197//1447 1198//1447 316//1447 
f 320//1448 1199//1448 321//1448 
f 1198//1449 1199//1449 320//1449 
f 1199//1450 3037//1450 321//1450 
f 321//1451 1200//1451 323//1451 
f 3037//1452 1200//1452 321//1452 
f 323//1453 1201//1453 325//1453 
f 325//1454 1201//1454 327//1454 
f 1200//1455 1201//1455 323//1455 
f 1201//1456 1202//1456 327//1456 
f 327//1457 1203//1457 287//1457 
f 1202//1458 1203//1458 327//1458 
f 287//1459 1204//1459 284//1459 
f 1203//1460 1204//1460 287//1460 
f 284//1461 1205//1461 279//1461 
f 1204//1462 1205//1462 284//1462 
f 1205//1463 1206//1463 279//1463 
f 279//1464 1206//1464 274//1464 
f 1206//1465 1207//1465 274//1465 
f 274//1466 1207//1466 271//1466 
f 271//1467 1207//1467 266//1467 
f 266//1468 1208//1468 261//1468 
f 1207//1469 1208//1469 266//1469 
f 1208//1470 1209//1470 261//1470 
f 261//1471 1210//1471 256//1471 
f 256//1472 1210//1472 251//1472 
f 1209//1473 1210//1473 261//1473 
f 1210//1474 1211//1474 251//1474 
f 251//1475 1212//1475 248//1475 
f 1211//1476 1212//1476 251//1476 
f 248//1477 1213//1477 243//1477 
f 243//1478 1213//1478 238//1478 
f 1212//1479 1213//1479 248//1479 
f 1213//1480 1214//1480 238//1480 
f 238//1481 1215//1481 233//1481 
f 233//1482 1215//1482 228//1482 
f 1214//1483 1215//1483 238//1483 
f 1215//1484 1216//1484 228//1484 
f 228//1485 1217//1485 223//1485 
f 1216//1486 1217//1486 228//1486 
f 223//1487 1218//1487 220//1487 
f 1217//1488 1218//1488 223//1488 
f 220//1489 1219//1489 215//1489 
f 1218//1490 1219//1490 220//1490 
f 215//1491 1220//1491 210//1491 
f 1219//1492 1220//1492 215//1492 
f 210//1493 1221//1493 207//1493 
f 1220//1494 1221//1494 210//1494 
f 207//1495 1222//1495 187//1495 
f 1221//1496 1222//1496 207//1496 
f 187//1497 1223//1497 185//1497 
f 1222//1498 1223//1498 187//1498 
f 185//1499 1224//1499 188//1499 
f 1223//1500 1224//1500 185//1500 
f 188//1501 1225//1501 189//1501 
f 189//1502 1225//1502 190//1502 
f 1224//1503 1225//1503 188//1503 
f 190//1504 1226//1504 191//1504 
f 1225//1505 1226//1505 190//1505 
f 1226//1506 1227//1506 191//1506 
f 191//1507 1228//1507 192//1507 
f 192//1508 1228//1508 193//1508 
f 1227//1509 1228//1509 191//1509 
f 1228//1510 1229//1510 193//1510 
f 1229//1511 1230//1511 193//1511 
f 193//1512 1230//1512 194//1512 
f 194//1513 1230//1513 195//1513 
f 1230//1514 3042//1514 195//1514 
f 3042//1515 1231//1515 195//1515 
f 195//1516 1231//1516 196//1516 
f 196//1517 1231//1517 197//1517 
f 1231//1518 3043//1518 197//1518 
f 3043//1519 1232//1519 197//1519 
f 197//1520 1232//1520 198//1520 
f 198//1521 1232//1521 199//1521 
f 1232//1522 1233//1522 199//1522 
f 1233//1523 1234//1523 199//1523 
f 199//1524 1234//1524 200//1524 
f 1234//1525 1235//1525 200//1525 
f 200//1526 1235//1526 201//1526 
f 1235//1527 1236//1527 201//1527 
f 201//1528 1236//1528 202//1528 
f 202//1529 1236//1529 203//1529 
f 1236//1530 1237//1530 203//1530 
f 1237//1531 1238//1531 203//1531 
f 203//1532 1238//1532 204//1532 
f 1238//1533 1239//1533 204//1533 
f 204//1534 1239//1534 205//1534 
f 205//1535 1239//1535 376//1535 
f 1239//1536 1240//1536 376//1536 
f 376//1537 1241//1537 375//1537 
f 375//1538 1241//1538 371//1538 
f 1240//1539 1241//1539 376//1539 
f 1241//1540 1127//1540 371//1540 
f 1242//1541 1243//1541 246//1541 
f 246//1542 1243//1542 244//1542 
f 244//1543 1244//1543 241//1543 
f 241//1544 1244//1544 239//1544 
f 1243//1545 1244//1545 244//1545 
f 1244//1546 1245//1546 239//1546 
f 239//1547 1246//1547 236//1547 
f 1245//1548 1246//1548 239//1548 
f 236//1549 1247//1549 234//1549 
f 1246//1550 1247//1550 236//1550 
f 234//1551 1248//1551 231//1551 
f 1247//1552 1248//1552 234//1552 
f 231//1553 1249//1553 229//1553 
f 1248//1554 1249//1554 231//1554 
f 229//1555 1250//1555 226//1555 
f 1249//1556 1250//1556 229//1556 
f 226//1557 1251//1557 224//1557 
f 1250//1558 1251//1558 226//1558 
f 224//1559 1252//1559 221//1559 
f 221//1560 1252//1560 218//1560 
f 1251//1561 1252//1561 224//1561 
f 1252//1562 1253//1562 218//1562 
f 1253//1563 1254//1563 218//1563 
f 218//1564 1254//1564 216//1564 
f 1254//1565 1255//1565 216//1565 
f 216//1566 1255//1566 213//1566 
f 213//1567 1255//1567 211//1567 
f 1255//1568 1256//1568 211//1568 
f 1256//1569 1257//1569 211//1569 
f 211//1570 1257//1570 208//1570 
f 1257//1571 1258//1571 208//1571 
f 208//1572 1258//1572 206//1572 
f 206//1573 1258//1573 209//1573 
f 1258//1574 1259//1574 209//1574 
f 1259//1575 1260//1575 209//1575 
f 209//1576 1260//1576 212//1576 
f 1260//1577 3084//1577 212//1577 
f 212//1578 3084//1578 214//1578 
f 3084//1579 3082//1579 214//1579 
f 214//1580 3082//1580 217//1580 
f 3082//1581 1261//1581 217//1581 
f 217//1582 1261//1582 219//1582 
f 1261//1583 3083//1583 219//1583 
f 219//1584 3083//1584 222//1584 
f 222//1585 3083//1585 225//1585 
f 3083//1586 1262//1586 225//1586 
f 225//1587 1263//1587 227//1587 
f 227//1588 1263//1588 230//1588 
f 1262//1589 1263//1589 225//1589 
f 230//1590 3081//1590 232//1590 
f 1263//1591 3081//1591 230//1591 
f 3081//1592 3079//1592 232//1592 
f 232//1593 3080//1593 235//1593 
f 3079//1594 3080//1594 232//1594 
f 235//1595 1264//1595 237//1595 
f 3080//1596 1264//1596 235//1596 
f 237//1597 3078//1597 240//1597 
f 1264//1598 3078//1598 237//1598 
f 240//1599 1265//1599 242//1599 
f 3078//1600 1265//1600 240//1600 
f 242//1601 1266//1601 245//1601 
f 1265//1602 1266//1602 242//1602 
f 245//1603 1267//1603 247//1603 
f 1266//1604 1267//1604 245//1604 
f 247//1605 1268//1605 250//1605 
f 1267//1606 1268//1606 247//1606 
f 250//1607 1269//1607 253//1607 
f 1268//1608 1269//1608 250//1608 
f 253//1609 1270//1609 255//1609 
f 1269//1610 1270//1610 253//1610 
f 255//1611 1271//1611 258//1611 
f 258//1612 1271//1612 260//1612 
f 1270//1613 1271//1613 255//1613 
f 1271//1614 1272//1614 260//1614 
f 1272//1615 1273//1615 260//1615 
f 260//1616 1273//1616 263//1616 
f 263//1617 1273//1617 265//1617 
f 1273//1618 1274//1618 265//1618 
f 1274//1619 1275//1619 265//1619 
f 265//1620 1275//1620 268//1620 
f 1275//1621 1276//1621 268//1621 
f 268//1622 1276//1622 270//1622 
f 1276//1623 1277//1623 270//1623 
f 270//1624 1277//1624 273//1624 
f 1277//1625 1278//1625 273//1625 
f 273//1626 1278//1626 276//1626 
f 276//1627 1278//1627 278//1627 
f 1278//1628 1279//1628 278//1628 
f 278//1629 1279//1629 281//1629 
f 1279//1630 1280//1630 281//1630 
f 1280//1631 3077//1631 281//1631 
f 281//1632 3077//1632 283//1632 
f 283//1633 3077//1633 286//1633 
f 3077//1634 3075//1634 286//1634 
f 3075//1635 3076//1635 286//1635 
f 286//1636 3076//1636 289//1636 
f 289//1637 3076//1637 307//1637 
f 3076//1638 3073//1638 307//1638 
f 307//1639 3073//1639 309//1639 
f 3073//1640 3074//1640 309//1640 
f 3074//1641 3071//1641 309//1641 
f 309//1642 3071//1642 311//1642 
f 3071//1643 3066//1643 311//1643 
f 311//1644 3066//1644 313//1644 
f 3066//1645 1281//1645 313//1645 
f 313//1646 1281//1646 315//1646 
f 1281//1647 3067//1647 315//1647 
f 315//1648 3067//1648 317//1648 
f 3067//1649 3063//1649 317//1649 
f 317//1650 3063//1650 319//1650 
f 3063//1651 3062//1651 319//1651 
f 319//1652 3062//1652 322//1652 
f 322//1653 3062//1653 324//1653 
f 3062//1654 1282//1654 324//1654 
f 324//1655 3060//1655 326//1655 
f 1282//1656 3060//1656 324//1656 
f 326//1657 3059//1657 328//1657 
f 3060//1658 3059//1658 326//1658 
f 328//1659 3057//1659 329//1659 
f 3059//1660 3057//1660 328//1660 
f 329//1661 1283//1661 330//1661 
f 3057//1662 1283//1662 329//1662 
f 1283//1663 3055//1663 330//1663 
f 330//1664 3055//1664 331//1664 
f 3055//1665 1284//1665 331//1665 
f 331//1666 1284//1666 332//1666 
f 1284//1667 1285//1667 332//1667 
f 332//1668 1285//1668 333//1668 
f 1285//1669 3056//1669 333//1669 
f 333//1670 3056//1670 334//1670 
f 3056//1671 1286//1671 334//1671 
f 334//1672 1286//1672 335//1672 
f 1286//1673 1287//1673 335//1673 
f 335//1674 1287//1674 336//1674 
f 1287//1675 3052//1675 336//1675 
f 336//1676 3052//1676 337//1676 
f 3052//1677 3051//1677 337//1677 
f 337//1678 3051//1678 338//1678 
f 3051//1679 3050//1679 338//1679 
f 338//1680 3050//1680 339//1680 
f 3050//1681 1288//1681 339//1681 
f 339//1682 1288//1682 340//1682 
f 1288//1683 1289//1683 340//1683 
f 340//1684 1289//1684 341//1684 
f 1289//1685 3049//1685 341//1685 
f 341//1686 3049//1686 342//1686 
f 3049//1687 3053//1687 342//1687 
f 342//1688 3053//1688 343//1688 
f 343//1689 1290//1689 344//1689 
f 3053//1690 1290//1690 343//1690 
f 344//1691 1291//1691 345//1691 
f 1290//1692 1291//1692 344//1692 
f 345//1693 1292//1693 346//1693 
f 1291//1694 1292//1694 345//1694 
f 346//1695 1293//1695 347//1695 
f 1292//1696 1293//1696 346//1696 
f 347//1697 3054//1697 348//1697 
f 1293//1698 3054//1698 347//1698 
f 348//1699 1294//1699 349//1699 
f 3054//1700 1294//1700 348//1700 
f 349//1701 3048//1701 350//1701 
f 1294//1702 3048//1702 349//1702 
f 350//1703 1295//1703 351//1703 
f 3048//1704 1295//1704 350//1704 
f 351//1705 1296//1705 352//1705 
f 1295//1706 1296//1706 351//1706 
f 352//1707 1297//1707 353//1707 
f 1296//1708 1297//1708 352//1708 
f 353//1709 1298//1709 354//1709 
f 1297//1710 1298//1710 353//1710 
f 354//1711 1299//1711 355//1711 
f 1298//1712 1299//1712 354//1712 
f 355//1713 1300//1713 356//1713 
f 1299//1714 1300//1714 355//1714 
f 1300//1715 1301//1715 356//1715 
f 356//1716 1301//1716 357//1716 
f 1301//1717 1302//1717 357//1717 
f 357//1718 1302//1718 358//1718 
f 1302//1719 1303//1719 358//1719 
f 358//1720 1303//1720 359//1720 
f 1303//1721 1304//1721 359//1721 
f 359//1722 1304//1722 360//1722 
f 360//1723 1305//1723 361//1723 
f 1304//1724 1305//1724 360//1724 
f 361//1725 1306//1725 370//1725 
f 1305//1726 1306//1726 361//1726 
f 370//1727 1307//1727 369//1727 
f 1306//1728 1307//1728 370//1728 
f 369//1729 1308//1729 367//1729 
f 1307//1730 1308//1730 369//1730 
f 367//1731 1309//1731 368//1731 
f 1308//1732 1309//1732 367//1732 
f 368//1733 3058//1733 302//1733 
f 1309//1734 3058//1734 368//1734 
f 302//1735 1310//1735 301//1735 
f 3058//1736 1310//1736 302//1736 
f 301//1737 3061//1737 300//1737 
f 1310//1738 3061//1738 301//1738 
f 300//1739 1311//1739 299//1739 
f 3061//1740 1311//1740 300//1740 
f 299//1741 1312//1741 298//1741 
f 1311//1742 1312//1742 299//1742 
f 298//1743 3065//1743 297//1743 
f 1312//1744 3065//1744 298//1744 
f 297//1745 3064//1745 296//1745 
f 3065//1746 3064//1746 297//1746 
f 296//1747 3069//1747 295//1747 
f 3064//1748 3069//1748 296//1748 
f 295//1749 3070//1749 294//1749 
f 3069//1750 3070//1750 295//1750 
f 294//1751 3068//1751 293//1751 
f 3070//1752 3068//1752 294//1752 
f 293//1753 3072//1753 292//1753 
f 3068//1754 3072//1754 293//1754 
f 292//1755 1313//1755 291//1755 
f 3072//1756 1313//1756 292//1756 
f 291//1757 1314//1757 290//1757 
f 1313//1758 1314//1758 291//1758 
f 290//1759 1315//1759 288//1759 
f 1314//1760 1315//1760 290//1760 
f 288//1761 1316//1761 285//1761 
f 1315//1762 1316//1762 288//1762 
f 1316//1763 1317//1763 285//1763 
f 285//1764 1317//1764 282//1764 
f 1317//1765 1318//1765 282//1765 
f 282//1766 1318//1766 280//1766 
f 1318//1767 1319//1767 280//1767 
f 280//1768 1319//1768 277//1768 
f 1319//1769 1320//1769 277//1769 
f 277//1770 1320//1770 275//1770 
f 1320//1771 1321//1771 275//1771 
f 275//1772 1321//1772 272//1772 
f 1321//1773 1322//1773 272//1773 
f 272//1774 1322//1774 269//1774 
f 1322//1775 1323//1775 269//1775 
f 269//1776 1323//1776 267//1776 
f 1323//1777 1324//1777 267//1777 
f 267//1778 1324//1778 264//1778 
f 1324//1779 1325//1779 264//1779 
f 264//1780 1325//1780 262//1780 
f 1325//1781 1326//1781 262//1781 
f 262//1782 1326//1782 259//1782 
f 1326//1783 1327//1783 259//1783 
f 259//1784 1327//1784 257//1784 
f 1327//1785 1328//1785 257//1785 
f 257//1786 1328//1786 254//1786 
f 1328//1787 1329//1787 254//1787 
f 254//1788 1329//1788 252//1788 
f 252//1789 1330//1789 249//1789 
f 1329//1790 1330//1790 252//1790 
f 249//1791 1330//1791 246//1791 
f 1330//1792 1242//1792 246//1792 
f 440//1793 1331//1793 439//1793 
f 439//1794 1332//1794 1333//1794 
f 1331//1795 1332//1795 439//1795 
f 1332//1796 1334//1796 1333//1796 
f 1334//1797 1335//1797 1333//1797 
f 1333//1798 1336//1798 1337//1798 
f 1335//1799 1336//1799 1333//1799 
f 1336//1800 1338//1800 1337//1800 
f 1338//1801 1339//1801 1337//1801 
f 1339//1802 1340//1802 1337//1802 
f 1337//1803 1341//1803 1342//1803 
f 1340//1804 1341//1804 1337//1804 
f 1341//1805 1343//1805 1342//1805 
f 1343//1806 1344//1806 1342//1806 
f 1342//1807 1345//1807 1346//1807 
f 1344//1808 1345//1808 1342//1808 
f 1345//1809 1347//1809 1346//1809 
f 1347//1810 1348//1810 1346//1810 
f 1346//1811 1349//1811 1350//1811 
f 1348//1812 1349//1812 1346//1812 
f 1349//1813 1351//1813 1350//1813 
f 1351//1814 1352//1814 1350//1814 
f 1350//1815 1353//1815 1354//1815 
f 1352//1816 1353//1816 1350//1816 
f 1353//1817 1355//1817 1354//1817 
f 1355//1818 1356//1818 1354//1818 
f 1354//1819 1357//1819 1358//1819 
f 1356//1820 1357//1820 1354//1820 
f 1357//1821 1359//1821 1358//1821 
f 1359//1822 1360//1822 1358//1822 
f 1360//1823 1361//1823 1358//1823 
f 1358//1824 1362//1824 1363//1824 
f 1361//1825 1362//1825 1358//1825 
f 1362//1826 1364//1826 1363//1826 
f 1364//1827 1365//1827 1363//1827 
f 1365//1828 1366//1828 1363//1828 
f 1366//1829 1367//1829 1363//1829 
f 1366//1830 1368//1830 1367//1830 
f 1368//1831 1369//1831 1367//1831 
f 1369//1832 1370//1832 1367//1832 
f 1370//1833 1371//1833 1367//1833 
f 1371//1834 1372//1834 1367//1834 
f 1371//1835 1373//1835 1372//1835 
f 1373//1836 1374//1836 1372//1836 
f 1374//1837 1375//1837 1372//1837 
f 1372//1838 1376//1838 1377//1838 
f 1375//1839 1376//1839 1372//1839 
f 1376//1840 1378//1840 1377//1840 
f 1378//1841 1379//1841 1377//1841 
f 1380//1842 412//1842 414//1842 
f 1381//1843 414//1843 416//1843 
f 1381//1844 1380//1844 414//1844 
f 1382//1845 416//1845 415//1845 
f 1382//1846 1381//1846 416//1846 
f 1383//1847 415//1847 418//1847 
f 1383//1848 1382//1848 415//1848 
f 1384//1849 418//1849 417//1849 
f 1384//1850 1383//1850 418//1850 
f 1385//1851 417//1851 419//1851 
f 1385//1852 1384//1852 417//1852 
f 1386//1853 419//1853 420//1853 
f 1386//1854 1385//1854 419//1854 
f 1387//1855 1386//1855 420//1855 
f 1387//1856 420//1856 422//1856 
f 1388//1857 1387//1857 422//1857 
f 1388//1858 422//1858 421//1858 
f 1389//1859 1388//1859 421//1859 
f 1389//1860 421//1860 424//1860 
f 1390//1861 1389//1861 424//1861 
f 1390//1862 424//1862 425//1862 
f 1391//1863 1390//1863 425//1863 
f 1391//1864 425//1864 426//1864 
f 1392//1865 1391//1865 426//1865 
f 1392//1866 426//1866 423//1866 
f 1393//1867 1392//1867 423//1867 
f 1393//1868 423//1868 427//1868 
f 1394//1869 1393//1869 427//1869 
f 1394//1870 427//1870 428//1870 
f 1395//1871 1394//1871 428//1871 
f 1395//1872 428//1872 430//1872 
f 1396//1873 1395//1873 430//1873 
f 1396//1874 430//1874 429//1874 
f 1397//1875 1396//1875 429//1875 
f 1397//1876 429//1876 432//1876 
f 1398//1877 1397//1877 432//1877 
f 1398//1878 432//1878 433//1878 
f 1399//1879 1398//1879 433//1879 
f 1399//1880 433//1880 431//1880 
f 1400//1881 1399//1881 431//1881 
f 1400//1882 431//1882 434//1882 
f 1401//1883 1400//1883 434//1883 
f 1401//1884 434//1884 436//1884 
f 1402//1885 1401//1885 436//1885 
f 1402//1886 436//1886 435//1886 
f 1403//1887 1402//1887 435//1887 
f 1403//1888 435//1888 437//1888 
f 1404//1889 1403//1889 437//1889 
f 1404//1890 437//1890 438//1890 
f 1405//1891 438//1891 439//1891 
f 1405//1892 1404//1892 438//1892 
f 1406//1893 439//1893 1333//1893 
f 1406//1894 1333//1894 1337//1894 
f 1406//1895 1405//1895 439//1895 
f 1407//1896 1337//1896 1342//1896 
f 1407//1897 1342//1897 1346//1897 
f 1407//1898 1406//1898 1337//1898 
f 1408//1899 1346//1899 1350//1899 
f 1408//1900 1350//1900 1354//1900 
f 1408//1901 1407//1901 1346//1901 
f 1409//1902 1354//1902 1358//1902 
f 1409//1903 1358//1903 1363//1903 
f 1409//1904 1408//1904 1354//1904 
f 1410//1905 1409//1905 1363//1905 
f 1410//1906 1363//1906 1367//1906 
f 1411//1907 1410//1907 1367//1907 
f 1411//1908 1367//1908 1372//1908 
f 1412//1909 1411//1909 1372//1909 
f 1412//1910 1372//1910 1377//1910 
f 1413//1911 413//1911 1414//1911 
f 1414//1912 412//1912 1380//1912 
f 413//1913 412//1913 1414//1913 
f 413//1914 1415//1914 384//1914 
f 1413//1915 1415//1915 413//1915 
f 384//1916 1415//1916 1416//1916 
f 383//1917 1416//1917 1417//1917 
f 383//1918 384//1918 1416//1918 
f 1418//1919 1419//1919 1420//1919 
f 1421//1920 1420//1920 1422//1920 
f 1421//1921 1418//1921 1420//1921 
f 1423//1922 1422//1922 1424//1922 
f 1423//1923 1421//1923 1422//1923 
f 1425//1924 1426//1924 1427//1924 
f 1425//1925 1424//1925 1426//1925 
f 1425//1926 1423//1926 1424//1926 
f 1428//1927 1429//1927 1430//1927 
f 1428//1928 1427//1928 1429//1928 
f 1428//1929 1425//1929 1427//1929 
f 1431//1930 1432//1930 1433//1930 
f 1431//1931 1430//1931 1432//1931 
f 1431//1932 1428//1932 1430//1932 
f 1434//1933 1435//1933 391//1933 
f 1434//1934 1433//1934 1435//1934 
f 1434//1935 1431//1935 1433//1935 
f 1436//1936 391//1936 392//1936 
f 1436//1937 1434//1937 391//1937 
f 1437//1938 392//1938 398//1938 
f 1437//1939 1436//1939 392//1939 
f 1438//1940 398//1940 399//1940 
f 1438//1941 1437//1941 398//1941 
f 1439//1942 399//1942 397//1942 
f 1439//1943 1438//1943 399//1943 
f 1440//1944 397//1944 402//1944 
f 1440//1945 1439//1945 397//1945 
f 1441//1946 402//1946 401//1946 
f 1441//1947 1440//1947 402//1947 
f 1442//1948 401//1948 403//1948 
f 1442//1949 1441//1949 401//1949 
f 1443//1950 403//1950 409//1950 
f 1443//1951 1442//1951 403//1951 
f 1444//1952 409//1952 408//1952 
f 1444//1953 1443//1953 409//1953 
f 1445//1954 408//1954 410//1954 
f 1445//1955 1444//1955 408//1955 
f 1446//1956 410//1956 407//1956 
f 1446//1957 1445//1957 410//1957 
f 1447//1958 407//1958 405//1958 
f 1447//1959 1446//1959 407//1959 
f 1448//1960 405//1960 404//1960 
f 1448//1961 1447//1961 405//1961 
f 1449//1962 404//1962 406//1962 
f 1449//1963 1448//1963 404//1963 
f 1450//1964 406//1964 400//1964 
f 1450//1965 1449//1965 406//1965 
f 1451//1966 400//1966 396//1966 
f 1451//1967 1450//1967 400//1967 
f 1452//1968 396//1968 395//1968 
f 1452//1969 1451//1969 396//1969 
f 1453//1970 395//1970 394//1970 
f 1453//1971 1452//1971 395//1971 
f 1454//1972 394//1972 393//1972 
f 1454//1973 1453//1973 394//1973 
f 1455//1974 393//1974 390//1974 
f 1455//1975 1454//1975 393//1975 
f 1456//1976 390//1976 389//1976 
f 1456//1977 1455//1977 390//1977 
f 1457//1978 389//1978 388//1978 
f 1457//1979 1456//1979 389//1979 
f 1458//1980 1457//1980 388//1980 
f 1458//1981 388//1981 386//1981 
f 1459//1982 1458//1982 386//1982 
f 1459//1983 386//1983 385//1983 
f 1460//1984 1459//1984 385//1984 
f 1460//1985 385//1985 387//1985 
f 1417//1986 1460//1986 387//1986 
f 1417//1987 387//1987 383//1987 
f 304//1988 391//1988 442//1988 
f 442//1989 391//1989 444//1989 
f 444//1990 1435//1990 445//1990 
f 445//1991 1435//1991 447//1991 
f 447//1992 1435//1992 449//1992 
f 391//1993 1435//1993 444//1993 
f 449//1994 1433//1994 452//1994 
f 452//1995 1433//1995 454//1995 
f 454//1996 1433//1996 456//1996 
f 456//1997 1433//1997 457//1997 
f 1435//1998 1433//1998 449//1998 
f 457//1999 1432//1999 459//1999 
f 459//2000 1432//2000 461//2000 
f 461//2001 1432//2001 463//2001 
f 1433//2002 1432//2002 457//2002 
f 463//2003 1430//2003 465//2003 
f 465//2004 1430//2004 467//2004 
f 467//2005 1430//2005 469//2005 
f 1432//2006 1430//2006 463//2006 
f 469//2007 1429//2007 471//2007 
f 471//2008 1429//2008 473//2008 
f 473//2009 1429//2009 475//2009 
f 1430//2010 1429//2010 469//2010 
f 475//2011 1427//2011 477//2011 
f 477//2012 1427//2012 479//2012 
f 479//2013 1427//2013 481//2013 
f 1429//2014 1427//2014 475//2014 
f 1427//2015 1426//2015 481//2015 
f 481//2016 1426//2016 483//2016 
f 483//2017 1426//2017 485//2017 
f 485//2018 1426//2018 487//2018 
f 1426//2019 489//2019 487//2019 
f 1426//2020 1424//2020 489//2020 
f 489//2021 1424//2021 491//2021 
f 491//2022 1424//2022 493//2022 
f 493//2023 1424//2023 495//2023 
f 1424//2024 1422//2024 495//2024 
f 495//2025 1422//2025 497//2025 
f 497//2026 1422//2026 499//2026 
f 499//2027 1422//2027 501//2027 
f 501//2028 1422//2028 503//2028 
f 503//2029 1420//2029 505//2029 
f 505//2030 1420//2030 508//2030 
f 508//2031 1420//2031 510//2031 
f 1422//2032 1420//2032 503//2032 
f 1420//2033 512//2033 510//2033 
f 512//2034 1419//2034 514//2034 
f 514//2035 1419//2035 516//2035 
f 1420//2036 1419//2036 512//2036 
f 1461//2037 966//2037 1462//2037 
f 1463//2038 1462//2038 966//2038 
f 1464//2039 966//2039 1461//2039 
f 1465//2040 1463//2040 966//2040 
f 1466//2041 966//2041 1464//2041 
f 1467//2042 1465//2042 966//2042 
f 1468//2043 966//2043 1466//2043 
f 1469//2044 1467//2044 966//2044 
f 1470//2045 966//2045 1468//2045 
f 1471//2046 1469//2046 966//2046 
f 1472//2047 966//2047 1470//2047 
f 1473//2048 1471//2048 966//2048 
f 1474//2049 966//2049 1472//2049 
f 1475//2050 1473//2050 966//2050 
f 1476//2051 966//2051 1474//2051 
f 1477//2052 1475//2052 966//2052 
f 1478//2053 966//2053 1476//2053 
f 1479//2054 1477//2054 966//2054 
f 1480//2055 966//2055 1478//2055 
f 1481//2056 1479//2056 966//2056 
f 1482//2057 966//2057 1480//2057 
f 1483//2058 1481//2058 966//2058 
f 1484//2059 966//2059 1482//2059 
f 1485//2060 1483//2060 966//2060 
f 1486//2061 966//2061 1484//2061 
f 1487//2062 1485//2062 966//2062 
f 1488//2063 966//2063 1486//2063 
f 1489//2064 1487//2064 966//2064 
f 1490//2065 966//2065 1488//2065 
f 1491//2066 1489//2066 966//2066 
f 1492//2067 966//2067 1490//2067 
f 1493//2068 966//2068 1492//2068 
f 1494//2069 966//2069 1493//2069 
f 1495//2070 966//2070 1494//2070 
f 1496//2071 966//2071 1495//2071 
f 1497//2072 966//2072 1496//2072 
f 1498//2073 966//2073 1497//2073 
f 1499//2074 966//2074 1498//2074 
f 1500//2075 966//2075 1499//2075 
f 1501//2076 966//2076 1500//2076 
f 1502//2077 966//2077 1501//2077 
f 1503//2078 966//2078 1502//2078 
f 1504//2079 966//2079 1503//2079 
f 1505//2080 966//2080 1504//2080 
f 1506//2081 966//2081 1505//2081 
f 1507//2082 966//2082 1506//2082 
f 1022//2083 1508//2083 1509//2083 
f 1022//2084 1509//2084 1510//2084 
f 1022//2085 1510//2085 1511//2085 
f 1022//2086 1511//2086 1512//2086 
f 1022//2087 1512//2087 1513//2087 
f 1022//2088 1513//2088 1514//2088 
f 1022//2089 1514//2089 1515//2089 
f 1022//2090 1515//2090 1516//2090 
f 1022//2091 1516//2091 1517//2091 
f 1022//2092 1517//2092 1518//2092 
f 1022//2093 1518//2093 1519//2093 
f 1022//2094 1520//2094 1521//2094 
f 1022//2095 1519//2095 1522//2095 
f 1022//2096 1521//2096 1523//2096 
f 1022//2097 1522//2097 1524//2097 
f 1022//2098 1523//2098 1525//2098 
f 1022//2099 1524//2099 1526//2099 
f 1022//2100 1525//2100 1527//2100 
f 1022//2101 1526//2101 1528//2101 
f 1022//2102 1527//2102 1529//2102 
f 1022//2103 1528//2103 1530//2103 
f 1022//2104 1529//2104 1531//2104 
f 1022//2105 1530//2105 1532//2105 
f 1022//2106 1531//2106 1533//2106 
f 1022//2107 1532//2107 1534//2107 
f 1022//2108 1533//2108 1535//2108 
f 1022//2109 1534//2109 1536//2109 
f 1022//2110 1535//2110 1537//2110 
f 1022//2111 1536//2111 1538//2111 
f 1022//2112 1537//2112 1539//2112 
f 1022//2113 1538//2113 1540//2113 
f 1022//2114 1539//2114 1541//2114 
f 1022//2115 1540//2115 1542//2115 
f 1022//2116 1541//2116 1543//2116 
f 1022//2117 1542//2117 1544//2117 
f 1022//2118 1543//2118 1545//2118 
f 1022//2119 1544//2119 1546//2119 
f 1022//2120 1545//2120 1547//2120 
f 1022//2121 1546//2121 1548//2121 
f 1022//2122 1547//2122 1508//2122 
f 1022//2123 1548//2123 1549//2123 
f 1022//2124 1549//2124 1550//2124 
f 1022//2125 1550//2125 1551//2125 
f 1022//2126 1551//2126 1552//2126 
f 1022//2127 1552//2127 1553//2127 
f 1022//2128 1553//2128 1554//2128 
f 1022//2129 1554//2129 1491//2129 
f 1022//2130 1491//2130 966//2130 
f 1555//2131 966//2131 1556//2131 
f 1557//2132 1556//2132 966//2132 
f 1558//2133 966//2133 1555//2133 
f 1559//2134 1557//2134 966//2134 
f 1560//2135 966//2135 1558//2135 
f 1561//2136 1559//2136 966//2136 
f 1562//2137 966//2137 1560//2137 
f 1563//2138 1561//2138 966//2138 
f 1564//2139 966//2139 1562//2139 
f 1565//2140 1563//2140 966//2140 
f 1566//2141 966//2141 1564//2141 
f 1567//2142 1565//2142 966//2142 
f 1567//2143 1507//2143 1568//2143 
f 1567//2144 966//2144 1507//2144 
f 1569//2145 966//2145 1566//2145 
f 1570//2146 1567//2146 1568//2146 
f 1570//2147 1568//2147 1571//2147 
f 1572//2148 966//2148 1569//2148 
f 1573//2149 1571//2149 1574//2149 
f 1573//2150 1574//2150 1575//2150 
f 1573//2151 1570//2151 1571//2151 
f 1576//2152 966//2152 1572//2152 
f 1577//2153 1573//2153 1575//2153 
f 1577//2154 1575//2154 1578//2154 
f 1577//2155 1578//2155 1579//2155 
f 1580//2156 966//2156 1576//2156 
f 1581//2157 1577//2157 1579//2157 
f 1581//2158 1579//2158 1582//2158 
f 1583//2159 966//2159 1580//2159 
f 1584//2160 1581//2160 1582//2160 
f 1584//2161 1582//2161 1585//2161 
f 1584//2162 1585//2162 1586//2162 
f 1587//2163 966//2163 1583//2163 
f 1588//2164 1584//2164 1586//2164 
f 1588//2165 1586//2165 1589//2165 
f 1588//2166 1589//2166 1590//2166 
f 1591//2167 1588//2167 1590//2167 
f 1591//2168 1590//2168 1592//2168 
f 1591//2169 1592//2169 1593//2169 
f 1594//2170 1593//2170 1595//2170 
f 1594//2171 1591//2171 1593//2171 
f 1594//2172 1595//2172 1596//2172 
f 1597//2173 1594//2173 1596//2173 
f 1597//2174 1596//2174 1598//2174 
f 1597//2175 1598//2175 1599//2175 
f 1600//2176 1597//2176 1599//2176 
f 1600//2177 1599//2177 1601//2177 
f 1602//2178 1601//2178 1603//2178 
f 1602//2179 1603//2179 1604//2179 
f 1602//2180 1600//2180 1601//2180 
f 1605//2181 1604//2181 1606//2181 
f 1605//2182 1606//2182 1607//2182 
f 1605//2183 1602//2183 1604//2183 
f 1608//2184 1607//2184 1609//2184 
f 1608//2185 1609//2185 1610//2185 
f 1608//2186 1605//2186 1607//2186 
f 1611//2187 1610//2187 1612//2187 
f 1611//2188 1612//2188 1613//2188 
f 1611//2189 1608//2189 1610//2189 
f 1614//2190 1613//2190 1615//2190 
f 1614//2191 1611//2191 1613//2191 
f 1616//2192 1615//2192 1617//2192 
f 1616//2193 1617//2193 1618//2193 
f 1616//2194 1614//2194 1615//2194 
f 1619//2195 1618//2195 1620//2195 
f 1619//2196 1620//2196 1621//2196 
f 1619//2197 1616//2197 1618//2197 
f 1622//2198 1621//2198 1623//2198 
f 1622//2199 1619//2199 1621//2199 
f 1624//2200 1623//2200 1520//2200 
f 1624//2201 1622//2201 1623//2201 
f 1624//2202 1520//2202 1022//2202 
f 1625//2203 1624//2203 1022//2203 
f 1626//2204 1625//2204 1022//2204 
f 1627//2205 1626//2205 1022//2205 
f 1628//2206 1627//2206 1022//2206 
f 1629//2207 1628//2207 1022//2207 
f 1630//2208 1629//2208 1022//2208 
f 1631//2209 1630//2209 1022//2209 
f 1632//2210 1631//2210 1022//2210 
f 1633//2211 1632//2211 1022//2211 
f 1634//2212 1633//2212 1022//2212 
f 1635//2213 1634//2213 1022//2213 
f 1636//2214 1635//2214 1022//2214 
f 1637//2215 1636//2215 1022//2215 
f 1638//2216 1637//2216 1022//2216 
f 1639//2217 1638//2217 1022//2217 
f 1640//2218 1639//2218 1022//2218 
f 1641//2219 1640//2219 1022//2219 
f 1642//2220 1641//2220 1022//2220 
f 411//2221 1643//2221 1644//2221 
f 411//2222 1644//2222 1645//2222 
f 411//2223 1645//2223 1646//2223 
f 411//2224 1646//2224 1647//2224 
f 411//2225 1647//2225 1648//2225 
f 411//2226 1648//2226 1649//2226 
f 411//2227 1649//2227 1650//2227 
f 411//2228 1650//2228 1651//2228 
f 411//2229 1651//2229 1652//2229 
f 411//2230 1652//2230 1653//2230 
f 411//2231 1653//2231 1654//2231 
f 411//2232 1654//2232 1655//2232 
f 411//2233 1655//2233 1656//2233 
f 411//2234 1656//2234 1657//2234 
f 411//2235 1658//2235 1659//2235 
f 411//2236 1659//2236 1660//2236 
f 411//2237 1660//2237 1661//2237 
f 411//2238 1661//2238 1662//2238 
f 411//2239 1662//2239 1643//2239 
f 1663//2240 1657//2240 1664//2240 
f 1665//2241 411//2241 1657//2241 
f 1665//2242 1657//2242 1663//2242 
f 1666//2243 1664//2243 1667//2243 
f 1666//2244 1663//2244 1664//2244 
f 1668//2245 411//2245 1665//2245 
f 1669//2246 1666//2246 1667//2246 
f 1670//2247 411//2247 1668//2247 
f 1671//2248 1667//2248 1672//2248 
f 1671//2249 1669//2249 1667//2249 
f 1673//2250 411//2250 1670//2250 
f 1674//2251 1671//2251 1672//2251 
f 1675//2252 411//2252 1673//2252 
f 1676//2253 1672//2253 1677//2253 
f 1676//2254 1674//2254 1672//2254 
f 1678//2255 411//2255 1675//2255 
f 1679//2256 1677//2256 1680//2256 
f 1679//2257 1676//2257 1677//2257 
f 1681//2258 411//2258 1678//2258 
f 1682//2259 1679//2259 1680//2259 
f 1683//2260 411//2260 1681//2260 
f 1684//2261 1682//2261 1680//2261 
f 1684//2262 1680//2262 1685//2262 
f 1686//2263 411//2263 1683//2263 
f 1687//2264 1684//2264 1685//2264 
f 1688//2265 411//2265 1686//2265 
f 1689//2266 1685//2266 1690//2266 
f 1689//2267 1687//2267 1685//2267 
f 1691//2268 411//2268 1688//2268 
f 1692//2269 1689//2269 1690//2269 
f 1693//2270 411//2270 1691//2270 
f 1694//2271 1690//2271 1695//2271 
f 1694//2272 1692//2272 1690//2272 
f 1696//2273 411//2273 1693//2273 
f 1697//2274 1694//2274 1695//2274 
f 1698//2275 411//2275 1696//2275 
f 1699//2276 1695//2276 1700//2276 
f 1699//2277 1697//2277 1695//2277 
f 1701//2278 411//2278 1698//2278 
f 1702//2279 1699//2279 1700//2279 
f 1703//2280 411//2280 1701//2280 
f 1704//2281 1700//2281 1705//2281 
f 1704//2282 1702//2282 1700//2282 
f 1706//2283 411//2283 1703//2283 
f 1707//2284 1705//2284 1708//2284 
f 1707//2285 1704//2285 1705//2285 
f 1709//2286 411//2286 1706//2286 
f 1710//2287 1707//2287 1708//2287 
f 1711//2288 411//2288 1709//2288 
f 1712//2289 1708//2289 1713//2289 
f 1712//2290 1710//2290 1708//2290 
f 1714//2291 411//2291 1711//2291 
f 1715//2292 1712//2292 1713//2292 
f 1716//2293 411//2293 1714//2293 
f 1717//2294 1713//2294 1718//2294 
f 1717//2295 1715//2295 1713//2295 
f 1719//2296 411//2296 1716//2296 
f 1720//2297 1717//2297 1718//2297 
f 1721//2298 411//2298 1719//2298 
f 1722//2299 1718//2299 1723//2299 
f 1722//2300 1720//2300 1718//2300 
f 1724//2301 411//2301 1721//2301 
f 1725//2302 1722//2302 1723//2302 
f 1726//2303 411//2303 1724//2303 
f 1727//2304 1723//2304 1728//2304 
f 1727//2305 1725//2305 1723//2305 
f 1729//2306 411//2306 1726//2306 
f 1730//2307 1728//2307 1731//2307 
f 1730//2308 1727//2308 1728//2308 
f 1732//2309 411//2309 1729//2309 
f 1733//2310 1730//2310 1731//2310 
f 1734//2311 411//2311 1732//2311 
f 1735//2312 1731//2312 1736//2312 
f 1735//2313 1733//2313 1731//2313 
f 1737//2314 411//2314 1734//2314 
f 1738//2315 1735//2315 1736//2315 
f 1739//2316 411//2316 1737//2316 
f 1740//2317 1736//2317 1741//2317 
f 1740//2318 1738//2318 1736//2318 
f 1742//2319 411//2319 1739//2319 
f 1743//2320 1740//2320 1741//2320 
f 1743//2321 1741//2321 1744//2321 
f 1745//2322 411//2322 1742//2322 
f 1746//2323 1743//2323 1744//2323 
f 1747//2324 411//2324 1745//2324 
f 1748//2325 411//2325 1747//2325 
f 1749//2326 411//2326 1748//2326 
f 1750//2327 411//2327 1749//2327 
f 1751//2328 411//2328 1750//2328 
f 1752//2329 411//2329 1751//2329 
f 1753//2330 411//2330 1752//2330 
f 1754//2331 411//2331 1753//2331 
f 1755//2332 411//2332 1754//2332 
f 1756//2333 411//2333 1755//2333 
f 1757//2334 411//2334 1756//2334 
f 1758//2335 411//2335 1757//2335 
f 1759//2336 411//2336 1758//2336 
f 440//2337 1746//2337 1744//2337 
f 440//2338 1744//2338 1760//2338 
f 440//2339 1760//2339 1761//2339 
f 440//2340 1761//2340 1762//2340 
f 440//2341 1762//2341 1763//2341 
f 440//2342 1763//2342 1764//2342 
f 440//2343 1764//2343 1765//2343 
f 440//2344 1765//2344 1766//2344 
f 440//2345 1766//2345 1767//2345 
f 440//2346 1767//2346 1768//2346 
f 440//2347 1768//2347 1769//2347 
f 440//2348 1769//2348 1770//2348 
f 440//2349 1770//2349 1771//2349 
f 440//2350 1771//2350 1772//2350 
f 440//2351 1772//2351 1773//2351 
f 440//2352 1773//2352 1774//2352 
f 440//2353 1774//2353 1775//2353 
f 440//2354 1775//2354 1776//2354 
f 440//2355 1776//2355 1777//2355 
f 440//2356 1777//2356 1778//2356 
f 440//2357 1779//2357 1780//2357 
f 440//2358 1780//2358 1781//2358 
f 440//2359 1781//2359 1782//2359 
f 440//2360 1782//2360 1783//2360 
f 440//2361 1784//2361 1785//2361 
f 440//2362 1783//2362 1786//2362 
f 440//2363 1785//2363 1787//2363 
f 440//2364 1786//2364 1788//2364 
f 440//2365 1787//2365 1789//2365 
f 440//2366 1788//2366 1790//2366 
f 440//2367 1789//2367 1791//2367 
f 440//2368 1790//2368 1792//2368 
f 440//2369 1791//2369 1793//2369 
f 440//2370 1792//2370 1794//2370 
f 440//2371 1793//2371 1795//2371 
f 440//2372 1794//2372 1796//2372 
f 440//2373 1795//2373 1797//2373 
f 440//2374 1796//2374 1798//2374 
f 440//2375 1797//2375 1799//2375 
f 440//2376 1798//2376 1800//2376 
f 440//2377 1799//2377 1801//2377 
f 440//2378 1800//2378 1802//2378 
f 440//2379 1801//2379 1803//2379 
f 440//2380 1802//2380 1804//2380 
f 440//2381 1803//2381 1805//2381 
f 440//2382 1804//2382 1806//2382 
f 440//2383 1805//2383 1807//2383 
f 440//2384 1806//2384 1808//2384 
f 440//2385 1807//2385 1809//2385 
f 440//2386 1808//2386 1810//2386 
f 440//2387 1809//2387 1811//2387 
f 440//2388 1810//2388 1812//2388 
f 440//2389 1811//2389 1746//2389 
f 440//2390 1812//2390 1813//2390 
f 440//2391 1813//2391 1814//2391 
f 440//2392 1814//2392 1815//2392 
f 440//2393 1815//2393 1816//2393 
f 440//2394 1816//2394 1817//2394 
f 440//2395 1817//2395 1818//2395 
f 440//2396 1818//2396 1819//2396 
f 440//2397 1819//2397 1820//2397 
f 440//2398 1820//2398 1821//2398 
f 440//2399 1821//2399 1822//2399 
f 440//2400 1822//2400 1784//2400 
f 440//2401 411//2401 1823//2401 
f 1823//2402 411//2402 1824//2402 
f 1824//2403 411//2403 1759//2403 
f 440//2404 1823//2404 1825//2404 
f 440//2405 1825//2405 1826//2405 
f 440//2406 1826//2406 1779//2406 
f 411//2407 966//2407 1827//2407 
f 1827//2408 966//2408 1828//2408 
f 1828//2409 966//2409 1829//2409 
f 1829//2410 966//2410 1830//2410 
f 1830//2411 966//2411 1587//2411 
f 411//2412 1827//2412 1831//2412 
f 411//2413 1831//2413 1832//2413 
f 411//2414 1832//2414 1658//2414 
f 1022//2415 440//2415 1833//2415 
f 1833//2416 440//2416 1834//2416 
f 1834//2417 440//2417 1835//2417 
f 1835//2418 440//2418 1778//2418 
f 1022//2419 1833//2419 1836//2419 
f 1022//2420 1836//2420 1837//2420 
f 1022//2421 1837//2421 1838//2421 
f 1022//2422 1838//2422 1642//2422 
f 1839//2423 516//2423 1840//2423 
f 1841//2424 1840//2424 516//2424 
f 1842//2425 516//2425 1839//2425 
f 1843//2426 1841//2426 516//2426 
f 1844//2427 516//2427 1842//2427 
f 1845//2428 1843//2428 516//2428 
f 1846//2429 516//2429 1844//2429 
f 1847//2430 1845//2430 516//2430 
f 1848//2431 516//2431 1846//2431 
f 1849//2432 1847//2432 516//2432 
f 1850//2433 516//2433 1848//2433 
f 1851//2434 1849//2434 516//2434 
f 1852//2435 516//2435 1850//2435 
f 1853//2436 1851//2436 516//2436 
f 1854//2437 516//2437 1852//2437 
f 1855//2438 1853//2438 516//2438 
f 1856//2439 516//2439 1854//2439 
f 1857//2440 1855//2440 516//2440 
f 1858//2441 516//2441 1856//2441 
f 1859//2442 1857//2442 516//2442 
f 1860//2443 516//2443 1858//2443 
f 1861//2444 1859//2444 516//2444 
f 1862//2445 516//2445 1860//2445 
f 1863//2446 1861//2446 516//2446 
f 1864//2447 516//2447 1862//2447 
f 1865//2448 1863//2448 516//2448 
f 1866//2449 516//2449 1864//2449 
f 1867//2450 1865//2450 516//2450 
f 1868//2451 516//2451 1866//2451 
f 1869//2452 1867//2452 516//2452 
f 1870//2453 516//2453 1868//2453 
f 1871//2454 1869//2454 516//2454 
f 1872//2455 516//2455 1870//2455 
f 1873//2456 516//2456 1872//2456 
f 1873//2457 1874//2457 1875//2457 
f 1873//2458 1876//2458 1874//2458 
f 1873//2459 1877//2459 1876//2459 
f 1873//2460 1878//2460 1877//2460 
f 1873//2461 1879//2461 1878//2461 
f 1873//2462 1880//2462 1879//2462 
f 1873//2463 1881//2463 1880//2463 
f 1873//2464 1882//2464 1881//2464 
f 1873//2465 1883//2465 1882//2465 
f 1873//2466 1884//2466 1883//2466 
f 1873//2467 1885//2467 1884//2467 
f 1873//2468 1886//2468 1885//2468 
f 1873//2469 1887//2469 1886//2469 
f 1873//2470 1888//2470 1887//2470 
f 1873//2471 1872//2471 1888//2471 
f 1889//2472 1873//2472 1875//2472 
f 1890//2473 1873//2473 1889//2473 
f 1891//2474 1873//2474 1890//2474 
f 1892//2475 1873//2475 1891//2475 
f 1893//2476 1873//2476 1892//2476 
f 1894//2477 1873//2477 1893//2477 
f 1895//2478 1873//2478 1894//2478 
f 1896//2479 1873//2479 1895//2479 
f 1897//2480 1873//2480 1896//2480 
f 1419//2481 1871//2481 516//2481 
f 1419//2482 1898//2482 1871//2482 
f 1419//2483 1899//2483 1898//2483 
f 1419//2484 1900//2484 1899//2484 
f 1419//2485 1901//2485 1900//2485 
f 1419//2486 1902//2486 1901//2486 
f 1419//2487 1903//2487 1902//2487 
f 1419//2488 1904//2488 1903//2488 
f 1419//2489 1905//2489 1904//2489 
f 1419//2490 1906//2490 1905//2490 
f 1419//2491 1907//2491 1906//2491 
f 1419//2492 1908//2492 1907//2492 
f 1419//2493 1909//2493 1908//2493 
f 1419//2494 1910//2494 1909//2494 
f 1419//2495 1911//2495 1910//2495 
f 1419//2496 1912//2496 1911//2496 
f 1419//2497 1913//2497 1912//2497 
f 1419//2498 1914//2498 1913//2498 
f 1419//2499 1915//2499 1914//2499 
f 1419//2500 1916//2500 1915//2500 
f 1419//2501 1917//2501 1916//2501 
f 1419//2502 1918//2502 1917//2502 
f 1419//2503 1919//2503 1918//2503 
f 1419//2504 1920//2504 1919//2504 
f 1419//2505 1921//2505 1920//2505 
f 1922//2506 1921//2506 1419//2506 
f 1923//2507 1873//2507 1897//2507 
f 1924//2508 1922//2508 1419//2508 
f 1925//2509 1873//2509 1923//2509 
f 1926//2510 1924//2510 1419//2510 
f 1927//2511 1873//2511 1925//2511 
f 1928//2512 1926//2512 1419//2512 
f 1929//2513 1873//2513 1927//2513 
f 1930//2514 1928//2514 1419//2514 
f 1931//2515 1873//2515 1929//2515 
f 1932//2516 1930//2516 1419//2516 
f 1933//2517 1873//2517 1931//2517 
f 1934//2518 1932//2518 1419//2518 
f 1935//2519 1873//2519 1933//2519 
f 1936//2520 1934//2520 1419//2520 
f 1937//2521 1873//2521 1935//2521 
f 1418//2522 1938//2522 1936//2522 
f 1418//2523 1939//2523 1938//2523 
f 1418//2524 1940//2524 1939//2524 
f 1418//2525 1941//2525 1940//2525 
f 1418//2526 1942//2526 1941//2526 
f 1418//2527 1943//2527 1942//2527 
f 1418//2528 1944//2528 1943//2528 
f 1418//2529 1945//2529 1944//2529 
f 1418//2530 1946//2530 1945//2530 
f 1418//2531 1947//2531 1946//2531 
f 1418//2532 1948//2532 1947//2532 
f 1418//2533 1949//2533 1948//2533 
f 1418//2534 1950//2534 1949//2534 
f 1418//2535 1951//2535 1950//2535 
f 1418//2536 1952//2536 1951//2536 
f 1418//2537 1953//2537 1952//2537 
f 1418//2538 1954//2538 1953//2538 
f 1418//2539 1955//2539 1954//2539 
f 1418//2540 1956//2540 1955//2540 
f 1418//2541 1957//2541 1956//2541 
f 1418//2542 1873//2542 1937//2542 
f 1418//2543 1958//2543 1957//2543 
f 1418//2544 1959//2544 1958//2544 
f 1418//2545 1960//2545 1959//2545 
f 1418//2546 1936//2546 1419//2546 
f 1418//2547 1961//2547 1960//2547 
f 1418//2548 1962//2548 1961//2548 
f 1418//2549 1963//2549 1962//2549 
f 1418//2550 1964//2550 1963//2550 
f 1418//2551 1965//2551 1964//2551 
f 1418//2552 1937//2552 1965//2552 
f 1966//2553 1377//2553 1967//2553 
f 1968//2554 1967//2554 1377//2554 
f 1969//2555 1377//2555 1966//2555 
f 1970//2556 1968//2556 1377//2556 
f 1971//2557 1377//2557 1969//2557 
f 1972//2558 1970//2558 1377//2558 
f 1973//2559 1377//2559 1971//2559 
f 1974//2560 1972//2560 1377//2560 
f 1975//2561 1377//2561 1973//2561 
f 1976//2562 1974//2562 1377//2562 
f 1977//2563 1377//2563 1975//2563 
f 1978//2564 1976//2564 1377//2564 
f 1979//2565 1377//2565 1977//2565 
f 1980//2566 1978//2566 1377//2566 
f 1981//2567 1377//2567 1979//2567 
f 1982//2568 1980//2568 1377//2568 
f 1983//2569 1377//2569 1981//2569 
f 1984//2570 1982//2570 1377//2570 
f 1985//2571 1377//2571 1983//2571 
f 1986//2572 1984//2572 1377//2572 
f 1987//2573 1377//2573 1985//2573 
f 1988//2574 1986//2574 1377//2574 
f 1989//2575 1377//2575 1987//2575 
f 1990//2576 1988//2576 1377//2576 
f 1991//2577 1377//2577 1989//2577 
f 1992//2578 1990//2578 1377//2578 
f 1993//2579 1377//2579 1991//2579 
f 1994//2580 1992//2580 1377//2580 
f 1995//2581 1377//2581 1993//2581 
f 1996//2582 1994//2582 1377//2582 
f 1997//2583 1377//2583 1995//2583 
f 1998//2584 1377//2584 1997//2584 
f 1412//2585 1377//2585 1998//2585 
f 1412//2586 1999//2586 2000//2586 
f 1412//2587 2001//2587 1999//2587 
f 1412//2588 2002//2588 2001//2588 
f 1412//2589 2003//2589 2002//2589 
f 1412//2590 2004//2590 2003//2590 
f 1412//2591 2005//2591 2004//2591 
f 1412//2592 1998//2592 2005//2592 
f 2006//2593 1412//2593 2000//2593 
f 2007//2594 1412//2594 2006//2594 
f 2008//2595 1412//2595 2007//2595 
f 2009//2596 1412//2596 2008//2596 
f 2010//2597 1412//2597 2009//2597 
f 2011//2598 1412//2598 2010//2598 
f 2012//2599 1412//2599 2011//2599 
f 2013//2600 1412//2600 2012//2600 
f 2014//2601 1412//2601 2013//2601 
f 2015//2602 1412//2602 2014//2602 
f 1379//2603 2016//2603 1996//2603 
f 1379//2604 2017//2604 2016//2604 
f 1379//2605 2018//2605 2017//2605 
f 1379//2606 2019//2606 2018//2606 
f 1379//2607 2020//2607 2019//2607 
f 1379//2608 2021//2608 2020//2608 
f 1379//2609 2022//2609 2021//2609 
f 1379//2610 2023//2610 2022//2610 
f 1379//2611 2024//2611 2023//2611 
f 1379//2612 2025//2612 2024//2612 
f 1379//2613 2026//2613 2025//2613 
f 1379//2614 2027//2614 2026//2614 
f 1379//2615 2028//2615 2027//2615 
f 1379//2616 2029//2616 2028//2616 
f 1379//2617 2030//2617 2029//2617 
f 1379//2618 2031//2618 2030//2618 
f 1379//2619 2032//2619 2031//2619 
f 1379//2620 2033//2620 2032//2620 
f 1379//2621 2034//2621 2033//2621 
f 1379//2622 1996//2622 1377//2622 
f 2035//2623 1412//2623 2015//2623 
f 2036//2624 2034//2624 1379//2624 
f 2037//2625 1412//2625 2035//2625 
f 2038//2626 2036//2626 1379//2626 
f 2039//2627 1412//2627 2037//2627 
f 2040//2628 2038//2628 1379//2628 
f 2041//2629 1412//2629 2039//2629 
f 2042//2630 2040//2630 1379//2630 
f 2043//2631 1412//2631 2041//2631 
f 2044//2632 2042//2632 1379//2632 
f 2045//2633 1412//2633 2043//2633 
f 2046//2634 2044//2634 1379//2634 
f 2047//2635 1412//2635 2045//2635 
f 2048//2636 2046//2636 1379//2636 
f 2049//2637 1412//2637 2047//2637 
f 2050//2638 2048//2638 1379//2638 
f 2051//2639 1412//2639 2049//2639 
f 2052//2640 2050//2640 1379//2640 
f 2053//2641 1412//2641 2051//2641 
f 2054//2642 2052//2642 1379//2642 
f 2055//2643 1412//2643 2053//2643 
f 2056//2644 2054//2644 1379//2644 
f 2057//2645 1412//2645 2055//2645 
f 2058//2646 2056//2646 1379//2646 
f 2059//2647 2058//2647 1379//2647 
f 2060//2648 2059//2648 1379//2648 
f 2061//2649 2062//2649 2060//2649 
f 2061//2650 2063//2650 2062//2650 
f 2061//2651 2064//2651 2063//2651 
f 2061//2652 2065//2652 2064//2652 
f 2061//2653 2066//2653 2065//2653 
f 2061//2654 2067//2654 2066//2654 
f 2061//2655 2068//2655 2067//2655 
f 2061//2656 2069//2656 2068//2656 
f 2061//2657 2070//2657 2069//2657 
f 2061//2658 2071//2658 2070//2658 
f 2061//2659 2072//2659 2071//2659 
f 2061//2660 2073//2660 2072//2660 
f 2061//2661 2074//2661 2073//2661 
f 2061//2662 2075//2662 2074//2662 
f 2061//2663 2076//2663 2075//2663 
f 2061//2664 2077//2664 2076//2664 
f 2061//2665 2078//2665 2077//2665 
f 2061//2666 2079//2666 2078//2666 
f 2061//2667 2080//2667 2079//2667 
f 2061//2668 2081//2668 2080//2668 
f 2061//2669 2082//2669 2081//2669 
f 2061//2670 2083//2670 2082//2670 
f 2061//2671 2084//2671 2083//2671 
f 2061//2672 2085//2672 2084//2672 
f 2061//2673 2086//2673 2085//2673 
f 2061//2674 2087//2674 2086//2674 
f 2061//2675 2088//2675 2087//2675 
f 2061//2676 2089//2676 2088//2676 
f 2061//2677 2090//2677 2089//2677 
f 2061//2678 2091//2678 2090//2678 
f 2061//2679 2092//2679 2091//2679 
f 2061//2680 2057//2680 2092//2680 
f 2061//2681 2060//2681 1379//2681 
f 2061//2682 1412//2682 2057//2682 
f 2093//2683 2094//2683 2095//2683 
f 2096//2684 2095//2684 2094//2684 
f 2097//2685 2094//2685 2093//2685 
f 2098//2686 2096//2686 2094//2686 
f 2099//2687 2094//2687 2097//2687 
f 2100//2688 2098//2688 2094//2688 
f 2101//2689 2094//2689 2099//2689 
f 2102//2690 2100//2690 2094//2690 
f 2103//2691 2094//2691 2101//2691 
f 2104//2692 2102//2692 2094//2692 
f 2105//2693 2094//2693 2103//2693 
f 2106//2694 2104//2694 2094//2694 
f 2107//2695 2094//2695 2105//2695 
f 2108//2696 2106//2696 2094//2696 
f 2109//2697 2094//2697 2107//2697 
f 2110//2698 2108//2698 2094//2698 
f 2111//2699 2094//2699 2109//2699 
f 2112//2700 2110//2700 2094//2700 
f 2113//2701 2094//2701 2111//2701 
f 2114//2702 2112//2702 2094//2702 
f 2115//2703 2094//2703 2113//2703 
f 2116//2704 2114//2704 2094//2704 
f 2117//2705 2094//2705 2115//2705 
f 2118//2706 2116//2706 2094//2706 
f 2119//2707 2094//2707 2117//2707 
f 2120//2708 2118//2708 2094//2708 
f 2121//2709 2120//2709 2094//2709 
f 2122//2710 2121//2710 2094//2710 
f 2123//2711 2122//2711 2094//2711 
f 2124//2712 2123//2712 2094//2712 
f 2125//2713 2124//2713 2094//2713 
f 2126//2714 2125//2714 2094//2714 
f 2127//2715 2126//2715 2094//2715 
f 2128//2716 2127//2716 2094//2716 
f 2129//2717 2128//2717 2094//2717 
f 2130//2718 2129//2718 2094//2718 
f 2131//2719 2130//2719 2094//2719 
f 2132//2720 2131//2720 2094//2720 
f 2133//2721 2132//2721 2094//2721 
f 515//2722 2094//2722 2119//2722 
f 515//2723 2134//2723 2135//2723 
f 515//2724 2136//2724 2134//2724 
f 515//2725 2137//2725 2136//2725 
f 515//2726 2138//2726 2137//2726 
f 515//2727 2139//2727 2138//2727 
f 515//2728 2140//2728 2139//2728 
f 515//2729 2141//2729 2140//2729 
f 515//2730 2142//2730 2141//2730 
f 515//2731 2143//2731 2142//2731 
f 515//2732 2144//2732 2143//2732 
f 515//2733 2145//2733 2144//2733 
f 515//2734 2146//2734 2145//2734 
f 515//2735 2147//2735 2146//2735 
f 515//2736 2148//2736 2147//2736 
f 515//2737 2119//2737 2148//2737 
f 2149//2738 515//2738 2135//2738 
f 2150//2739 515//2739 2149//2739 
f 2151//2740 515//2740 2150//2740 
f 2152//2741 515//2741 2151//2741 
f 2153//2742 515//2742 2152//2742 
f 2154//2743 515//2743 2153//2743 
f 2155//2744 515//2744 2154//2744 
f 2156//2745 515//2745 2155//2745 
f 2157//2746 515//2746 2156//2746 
f 2158//2747 515//2747 2157//2747 
f 2159//2748 515//2748 2158//2748 
f 2160//2749 515//2749 2159//2749 
f 2161//2750 515//2750 2160//2750 
f 2162//2751 515//2751 2161//2751 
f 2163//2752 515//2752 2162//2752 
f 2164//2753 515//2753 2163//2753 
f 2165//2754 515//2754 2164//2754 
f 2166//2755 515//2755 2165//2755 
f 2167//2756 515//2756 2166//2756 
f 2168//2757 515//2757 2167//2757 
f 2169//2758 515//2758 2168//2758 
f 2170//2759 2133//2759 2094//2759 
f 2171//2760 2172//2760 2133//2760 
f 2171//2761 2173//2761 2172//2761 
f 2171//2762 2133//2762 2170//2762 
f 2174//2763 2170//2763 2094//2763 
f 2175//2764 2173//2764 2171//2764 
f 2175//2765 2176//2765 2173//2765 
f 2177//2766 2174//2766 2094//2766 
f 2178//2767 2179//2767 2176//2767 
f 2178//2768 2176//2768 2175//2768 
f 2180//2769 2177//2769 2094//2769 
f 2181//2770 2182//2770 2179//2770 
f 2181//2771 2179//2771 2178//2771 
f 2183//2772 2180//2772 2094//2772 
f 2184//2773 2182//2773 2181//2773 
f 2184//2774 2185//2774 2182//2774 
f 2186//2775 2183//2775 2094//2775 
f 2187//2776 2185//2776 2184//2776 
f 2187//2777 2188//2777 2185//2777 
f 2189//2778 2186//2778 2094//2778 
f 2190//2779 2191//2779 2188//2779 
f 2190//2780 2188//2780 2187//2780 
f 2192//2781 2189//2781 2094//2781 
f 2193//2782 2191//2782 2190//2782 
f 2193//2783 2194//2783 2191//2783 
f 2195//2784 2192//2784 2094//2784 
f 2196//2785 2194//2785 2193//2785 
f 2196//2786 2197//2786 2194//2786 
f 2196//2787 2198//2787 2197//2787 
f 2199//2788 2195//2788 2094//2788 
f 2200//2789 2198//2789 2196//2789 
f 2200//2790 2201//2790 2198//2790 
f 2202//2791 2199//2791 2094//2791 
f 2203//2792 2201//2792 2200//2792 
f 2203//2793 2204//2793 2201//2793 
f 2205//2794 2204//2794 2203//2794 
f 2205//2795 2206//2795 2204//2795 
f 2207//2796 2206//2796 2205//2796 
f 2207//2797 2208//2797 2206//2797 
f 2209//2798 2208//2798 2207//2798 
f 2209//2799 2210//2799 2208//2799 
f 2211//2800 2210//2800 2209//2800 
f 2211//2801 2212//2801 2210//2801 
f 2213//2802 2212//2802 2211//2802 
f 2213//2803 2214//2803 2212//2803 
f 2213//2804 2215//2804 2214//2804 
f 2216//2805 2215//2805 2213//2805 
f 2216//2806 2217//2806 2215//2806 
f 2218//2807 2217//2807 2216//2807 
f 2218//2808 2219//2808 2217//2808 
f 2220//2809 2221//2809 2219//2809 
f 2220//2810 2219//2810 2218//2810 
f 2222//2811 2223//2811 2221//2811 
f 2222//2812 2221//2812 2220//2812 
f 2224//2813 2225//2813 2223//2813 
f 2224//2814 2223//2814 2222//2814 
f 2226//2815 2227//2815 2225//2815 
f 2226//2816 2225//2816 2224//2816 
f 2228//2817 2227//2817 2226//2817 
f 2228//2818 2229//2818 2227//2818 
f 2228//2819 2230//2819 2229//2819 
f 2231//2820 2230//2820 2228//2820 
f 2231//2821 2232//2821 2230//2821 
f 2233//2822 2234//2822 2232//2822 
f 2233//2823 2232//2823 2231//2823 
f 2235//2824 2234//2824 2233//2824 
f 2235//2825 2236//2825 2234//2825 
f 2237//2826 2238//2826 2236//2826 
f 2237//2827 2236//2827 2235//2827 
f 2239//2828 2238//2828 2237//2828 
f 2239//2829 2240//2829 2238//2829 
f 2241//2830 2240//2830 2239//2830 
f 2241//2831 2242//2831 2240//2831 
f 2243//2832 2242//2832 2241//2832 
f 2243//2833 2244//2833 2242//2833 
f 2245//2834 2244//2834 2243//2834 
f 2245//2835 2246//2835 2244//2835 
f 2245//2836 2247//2836 2246//2836 
f 2248//2837 2247//2837 2245//2837 
f 2248//2838 2249//2838 2247//2838 
f 2250//2839 2249//2839 2248//2839 
f 2250//2840 2251//2840 2249//2840 
f 2252//2841 2253//2841 2251//2841 
f 2252//2842 2251//2842 2250//2842 
f 2254//2843 2253//2843 2252//2843 
f 2254//2844 2255//2844 2253//2844 
f 2256//2845 2255//2845 2254//2845 
f 2256//2846 2257//2846 2255//2846 
f 2258//2847 2259//2847 2257//2847 
f 2258//2848 2257//2848 2256//2848 
f 2260//2849 2259//2849 2258//2849 
f 2260//2850 2261//2850 2259//2850 
f 2262//2851 2261//2851 2260//2851 
f 2262//2852 2263//2852 2261//2852 
f 2264//2853 2265//2853 2263//2853 
f 2264//2854 2263//2854 2262//2854 
f 2266//2855 2265//2855 2264//2855 
f 2266//2856 2267//2856 2265//2856 
f 2268//2857 2267//2857 2266//2857 
f 2268//2858 2269//2858 2267//2858 
f 2270//2859 2269//2859 2268//2859 
f 2270//2860 2271//2860 2269//2860 
f 2272//2861 2273//2861 2274//2861 
f 2275//2862 2276//2862 2273//2862 
f 2275//2863 2273//2863 2272//2863 
f 2277//2864 2272//2864 2274//2864 
f 2277//2865 2274//2865 2278//2865 
f 2279//2866 2280//2866 2276//2866 
f 2279//2867 2276//2867 2275//2867 
f 2281//2868 2277//2868 2278//2868 
f 2281//2869 2278//2869 2282//2869 
f 2283//2870 2284//2870 2280//2870 
f 2283//2871 2280//2871 2279//2871 
f 2285//2872 2281//2872 2282//2872 
f 2285//2873 2282//2873 2286//2873 
f 2287//2874 2288//2874 2284//2874 
f 2287//2875 2284//2875 2283//2875 
f 2289//2876 2285//2876 2286//2876 
f 2290//2877 2288//2877 2287//2877 
f 2291//2878 2289//2878 2286//2878 
f 2291//2879 2286//2879 2292//2879 
f 2293//2880 2294//2880 2288//2880 
f 2293//2881 2288//2881 2290//2881 
f 2295//2882 2296//2882 2294//2882 
f 2295//2883 2294//2883 2293//2883 
f 2297//2884 2298//2884 2296//2884 
f 2297//2885 2296//2885 2295//2885 
f 2299//2886 2291//2886 2292//2886 
f 2299//2887 2300//2887 2301//2887 
f 2299//2888 2302//2888 2300//2888 
f 2299//2889 2303//2889 2302//2889 
f 2299//2890 2304//2890 2303//2890 
f 2299//2891 2305//2891 2304//2891 
f 2299//2892 2306//2892 2305//2892 
f 2299//2893 2307//2893 2306//2893 
f 2299//2894 2308//2894 2307//2894 
f 2299//2895 2309//2895 2308//2895 
f 2299//2896 2310//2896 2291//2896 
f 2299//2897 2292//2897 2309//2897 
f 2299//2898 2311//2898 2310//2898 
f 2299//2899 2312//2899 2311//2899 
f 2313//2900 2314//2900 2298//2900 
f 2313//2901 2298//2901 2297//2901 
f 2315//2902 2312//2902 2299//2902 
f 2316//2903 2317//2903 2314//2903 
f 2316//2904 2314//2904 2313//2904 
f 2318//2905 2315//2905 2299//2905 
f 2319//2906 2320//2906 2317//2906 
f 2319//2907 2317//2907 2316//2907 
f 2321//2908 2318//2908 2299//2908 
f 2322//2909 2323//2909 2320//2909 
f 2322//2910 2320//2910 2319//2910 
f 2324//2911 2321//2911 2299//2911 
f 2325//2912 2323//2912 2322//2912 
f 2326//2913 2324//2913 2299//2913 
f 2327//2914 2323//2914 2325//2914 
f 2327//2915 2328//2915 2323//2915 
f 2329//2916 2326//2916 2299//2916 
f 2330//2917 2328//2917 2327//2917 
f 2330//2918 2331//2918 2328//2918 
f 2332//2919 2329//2919 2299//2919 
f 2333//2920 2331//2920 2330//2920 
f 2333//2921 2334//2921 2331//2921 
f 2335//2922 2332//2922 2299//2922 
f 2336//2923 2334//2923 2333//2923 
f 2336//2924 2337//2924 2334//2924 
f 2338//2925 2335//2925 2299//2925 
f 2339//2926 2337//2926 2336//2926 
f 2339//2927 2340//2927 2337//2927 
f 2341//2928 2338//2928 2299//2928 
f 2342//2929 2340//2929 2339//2929 
f 2342//2930 2343//2930 2340//2930 
f 2344//2931 2341//2931 2299//2931 
f 2345//2932 2343//2932 2342//2932 
f 2345//2933 2346//2933 2343//2933 
f 2347//2934 2344//2934 2299//2934 
f 2348//2935 2346//2935 2345//2935 
f 2349//2936 2347//2936 2299//2936 
f 2350//2937 2346//2937 2348//2937 
f 2350//2938 2351//2938 2346//2938 
f 2352//2939 2349//2939 2299//2939 
f 2353//2940 2351//2940 2350//2940 
f 2353//2941 2354//2941 2351//2941 
f 2355//2942 2352//2942 2299//2942 
f 2356//2943 2354//2943 2353//2943 
f 2356//2944 2357//2944 2354//2944 
f 2358//2945 2355//2945 2299//2945 
f 2359//2946 2357//2946 2356//2946 
f 2359//2947 2360//2947 2357//2947 
f 2361//2948 2358//2948 2299//2948 
f 2362//2949 2360//2949 2359//2949 
f 2362//2950 2363//2950 2360//2950 
f 2364//2951 2361//2951 2299//2951 
f 2365//2952 2363//2952 2362//2952 
f 2365//2953 2366//2953 2363//2953 
f 2367//2954 2364//2954 2299//2954 
f 2368//2955 2369//2955 2366//2955 
f 2368//2956 2366//2956 2365//2956 
f 2370//2957 2367//2957 2299//2957 
f 2371//2958 2372//2958 2369//2958 
f 2371//2959 2369//2959 2368//2959 
f 2373//2960 2370//2960 2299//2960 
f 2374//2961 2372//2961 2371//2961 
f 2375//2962 2373//2962 2299//2962 
f 2376//2963 2377//2963 2372//2963 
f 2376//2964 2372//2964 2374//2964 
f 2378//2965 2375//2965 2299//2965 
f 2379//2966 2380//2966 2377//2966 
f 2379//2967 2377//2967 2376//2967 
f 2381//2968 2378//2968 2299//2968 
f 2382//2969 2383//2969 2380//2969 
f 2382//2970 2380//2970 2379//2970 
f 2384//2971 2381//2971 2299//2971 
f 2385//2972 2386//2972 2383//2972 
f 2385//2973 2383//2973 2382//2973 
f 2387//2974 2384//2974 2299//2974 
f 2388//2975 2389//2975 2386//2975 
f 2388//2976 2386//2976 2385//2976 
f 2390//2977 2387//2977 2299//2977 
f 2391//2978 2392//2978 2389//2978 
f 2391//2979 2389//2979 2388//2979 
f 2393//2980 2390//2980 2299//2980 
f 2394//2981 2392//2981 2391//2981 
f 2394//2982 2395//2982 2392//2982 
f 2396//2983 2393//2983 2299//2983 
f 2397//2984 2395//2984 2394//2984 
f 2397//2985 2398//2985 2395//2985 
f 2399//2986 2396//2986 2299//2986 
f 2400//2987 2401//2987 2398//2987 
f 2400//2988 2398//2988 2397//2988 
f 2402//2989 2399//2989 2299//2989 
f 2403//2990 2404//2990 2401//2990 
f 2403//2991 2401//2991 2400//2991 
f 2405//2992 2402//2992 2299//2992 
f 2406//2993 2407//2993 2404//2993 
f 2406//2994 2404//2994 2403//2994 
f 2408//2995 2405//2995 2299//2995 
f 2409//2996 2407//2996 2406//2996 
f 2409//2997 2410//2997 2407//2997 
f 2411//2998 2408//2998 2299//2998 
f 2412//2999 2410//2999 2409//2999 
f 2413//3000 2411//3000 2299//3000 
f 2414//3001 2413//3001 2299//3001 
f 2415//3002 2416//3002 2417//3002 
f 2415//3003 2418//3003 2416//3003 
f 2415//3004 2419//3004 2418//3004 
f 2415//3005 2420//3005 2419//3005 
f 2415//3006 2421//3006 2420//3006 
f 2415//3007 2422//3007 2421//3007 
f 2415//3008 2423//3008 2422//3008 
f 2415//3009 2424//3009 2423//3009 
f 2415//3010 2425//3010 2424//3010 
f 2415//3011 2426//3011 2425//3011 
f 2415//3012 2427//3012 2426//3012 
f 2415//3013 2428//3013 2427//3013 
f 2415//3014 2429//3014 2428//3014 
f 2415//3015 2430//3015 2429//3015 
f 2415//3016 2431//3016 2430//3016 
f 2415//3017 2432//3017 2431//3017 
f 2415//3018 2433//3018 2432//3018 
f 2415//3019 2434//3019 2433//3019 
f 2415//3020 2435//3020 2434//3020 
f 2415//3021 2436//3021 2435//3021 
f 2415//3022 2437//3022 2436//3022 
f 2415//3023 2438//3023 2437//3023 
f 2415//3024 2439//3024 2414//3024 
f 2415//3025 2440//3025 2438//3025 
f 2415//3026 2441//3026 2439//3026 
f 2415//3027 2442//3027 2440//3027 
f 2415//3028 2417//3028 2441//3028 
f 2415//3029 2443//3029 2442//3029 
f 2415//3030 2444//3030 2443//3030 
f 2415//3031 2414//3031 2299//3031 
f 2415//3032 2445//3032 2444//3032 
f 2415//3033 2446//3033 2445//3033 
f 2415//3034 2447//3034 2446//3034 
f 2415//3035 2448//3035 2447//3035 
f 2415//3036 2449//3036 2448//3036 
f 2415//3037 2450//3037 2449//3037 
f 2415//3038 2451//3038 2450//3038 
f 515//3039 516//3039 1873//3039 
f 515//3040 1873//3040 2094//3040 
f 2094//3041 2299//3041 2452//3041 
f 2452//3042 2299//3042 2453//3042 
f 2453//3043 2299//3043 2454//3043 
f 2454//3044 2299//3044 2455//3044 
f 2455//3045 2299//3045 2456//3045 
f 2456//3046 2299//3046 2301//3046 
f 2094//3047 2452//3047 2457//3047 
f 2094//3048 2457//3048 2458//3048 
f 2094//3049 2458//3049 2459//3049 
f 2094//3050 2459//3050 2460//3050 
f 2094//3051 2460//3051 2461//3051 
f 2094//3052 2461//3052 2202//3052 
f 1379//3053 2415//3053 2299//3053 
f 1379//3054 2299//3054 2061//3054 
f 2415//3055 515//3055 2462//3055 
f 2462//3056 515//3056 2463//3056 
f 2463//3057 515//3057 2464//3057 
f 2464//3058 515//3058 2465//3058 
f 2465//3059 515//3059 2270//3059 
f 2270//3060 515//3060 2169//3060 
f 2270//3061 2169//3061 2466//3061 
f 2270//3062 2466//3062 2467//3062 
f 2270//3063 2467//3063 2271//3063 
f 2415//3064 2462//3064 2468//3064 
f 2415//3065 2468//3065 2469//3065 
f 2415//3066 2469//3066 2470//3066 
f 2415//3067 2470//3067 2471//3067 
f 2415//3068 2471//3068 2410//3068 
f 2415//3069 2410//3069 2451//3069 
f 2451//3070 2410//3070 2472//3070 
f 2472//3071 2410//3071 2473//3071 
f 2473//3072 2410//3072 2412//3072 
f 2474//3073 50//3073 441//3073 
f 2474//3074 1022//3074 50//3074 
f 2475//3075 441//3075 443//3075 
f 2475//3076 2474//3076 441//3076 
f 2476//3077 443//3077 446//3077 
f 2476//3078 2475//3078 443//3078 
f 2477//3079 446//3079 448//3079 
f 2477//3080 2476//3080 446//3080 
f 2478//3081 448//3081 450//3081 
f 2478//3082 2477//3082 448//3082 
f 2479//3083 2478//3083 450//3083 
f 2479//3084 450//3084 451//3084 
f 2480//3085 451//3085 453//3085 
f 2480//3086 2479//3086 451//3086 
f 2481//3087 2480//3087 453//3087 
f 2481//3088 453//3088 455//3088 
f 2482//3089 455//3089 458//3089 
f 2482//3090 2481//3090 455//3090 
f 2483//3091 458//3091 460//3091 
f 2483//3092 2482//3092 458//3092 
f 2484//3093 460//3093 462//3093 
f 2484//3094 2483//3094 460//3094 
f 2485//3095 462//3095 464//3095 
f 2485//3096 464//3096 466//3096 
f 2485//3097 2484//3097 462//3097 
f 2486//3098 2485//3098 466//3098 
f 2486//3099 466//3099 468//3099 
f 2487//3100 468//3100 470//3100 
f 2487//3101 2486//3101 468//3101 
f 2488//3102 470//3102 472//3102 
f 2488//3103 2487//3103 470//3103 
f 2489//3104 472//3104 474//3104 
f 2489//3105 2488//3105 472//3105 
f 2490//3106 474//3106 476//3106 
f 2490//3107 2489//3107 474//3107 
f 2491//3108 476//3108 478//3108 
f 2491//3109 2490//3109 476//3109 
f 2492//3110 478//3110 480//3110 
f 2492//3111 2491//3111 478//3111 
f 2493//3112 480//3112 482//3112 
f 2493//3113 2492//3113 480//3113 
f 2494//3114 482//3114 484//3114 
f 2494//3115 2493//3115 482//3115 
f 2495//3116 484//3116 486//3116 
f 2495//3117 2494//3117 484//3117 
f 2496//3118 486//3118 488//3118 
f 2496//3119 2495//3119 486//3119 
f 2497//3120 488//3120 490//3120 
f 2497//3121 2496//3121 488//3121 
f 2498//3122 2497//3122 490//3122 
f 2499//3123 490//3123 492//3123 
f 2499//3124 2498//3124 490//3124 
f 2500//3125 492//3125 494//3125 
f 2500//3126 2499//3126 492//3126 
f 2501//3127 494//3127 496//3127 
f 2501//3128 2500//3128 494//3128 
f 2502//3129 496//3129 498//3129 
f 2502//3130 2501//3130 496//3130 
f 2503//3131 2502//3131 498//3131 
f 2503//3132 498//3132 500//3132 
f 2504//3133 2503//3133 500//3133 
f 2504//3134 500//3134 502//3134 
f 2505//3135 2504//3135 502//3135 
f 2505//3136 502//3136 504//3136 
f 2506//3137 2505//3137 504//3137 
f 2506//3138 504//3138 506//3138 
f 2507//3139 2506//3139 506//3139 
f 2507//3140 506//3140 507//3140 
f 2508//3141 2507//3141 507//3141 
f 2508//3142 507//3142 509//3142 
f 2509//3143 2508//3143 509//3143 
f 2509//3144 509//3144 511//3144 
f 2510//3145 2509//3145 511//3145 
f 2510//3146 511//3146 513//3146 
f 2510//3147 513//3147 515//3147 
f 2415//3148 2510//3148 515//3148 
f 2511//3149 2512//3149 615//3149 
f 615//3150 2512//3150 616//3150 
f 616//3151 2513//3151 618//3151 
f 618//3152 2513//3152 620//3152 
f 2512//3153 2513//3153 616//3153 
f 2513//3154 2514//3154 620//3154 
f 620//3155 2515//3155 622//3155 
f 2514//3156 2515//3156 620//3156 
f 622//3157 2516//3157 624//3157 
f 2515//3158 2516//3158 622//3158 
f 624//3159 2517//3159 626//3159 
f 2516//3160 2517//3160 624//3160 
f 626//3161 2518//3161 628//3161 
f 2517//3162 2518//3162 626//3162 
f 628//3163 2519//3163 630//3163 
f 2518//3164 2519//3164 628//3164 
f 630//3165 2520//3165 632//3165 
f 2519//3166 2520//3166 630//3166 
f 632//3167 2521//3167 634//3167 
f 634//3168 2521//3168 637//3168 
f 2520//3169 2521//3169 632//3169 
f 2521//3170 2522//3170 637//3170 
f 2522//3171 2523//3171 637//3171 
f 637//3172 2523//3172 638//3172 
f 2523//3173 2524//3173 638//3173 
f 638//3174 2524//3174 640//3174 
f 640//3175 2524//3175 643//3175 
f 2524//3176 2525//3176 643//3176 
f 2525//3177 2526//3177 643//3177 
f 643//3178 2526//3178 644//3178 
f 2526//3179 2527//3179 644//3179 
f 644//3180 2527//3180 646//3180 
f 646//3181 2527//3181 648//3181 
f 2527//3182 2528//3182 648//3182 
f 2528//3183 2529//3183 648//3183 
f 648//3184 2529//3184 650//3184 
f 2529//3185 2530//3185 650//3185 
f 650//3186 2530//3186 674//3186 
f 2530//3187 2531//3187 674//3187 
f 674//3188 2531//3188 677//3188 
f 2531//3189 2532//3189 677//3189 
f 677//3190 2532//3190 681//3190 
f 2532//3191 2533//3191 681//3191 
f 681//3192 2533//3192 766//3192 
f 766//3193 2533//3193 763//3193 
f 2533//3194 2534//3194 763//3194 
f 763//3195 2535//3195 762//3195 
f 762//3196 2535//3196 760//3196 
f 2534//3197 2535//3197 763//3197 
f 760//3198 2536//3198 758//3198 
f 2535//3199 2536//3199 760//3199 
f 2536//3200 2537//3200 758//3200 
f 758//3201 2538//3201 755//3201 
f 2537//3202 2538//3202 758//3202 
f 755//3203 2539//3203 754//3203 
f 2538//3204 2539//3204 755//3204 
f 754//3205 2540//3205 752//3205 
f 2539//3206 2540//3206 754//3206 
f 752//3207 2541//3207 750//3207 
f 2540//3208 2541//3208 752//3208 
f 750//3209 2542//3209 748//3209 
f 2541//3210 2542//3210 750//3210 
f 748//3211 2543//3211 746//3211 
f 2542//3212 2543//3212 748//3212 
f 746//3213 2544//3213 744//3213 
f 2543//3214 2544//3214 746//3214 
f 744//3215 2545//3215 742//3215 
f 2544//3216 2545//3216 744//3216 
f 742//3217 2546//3217 740//3217 
f 2545//3218 2546//3218 742//3218 
f 740//3219 2547//3219 738//3219 
f 738//3220 2547//3220 736//3220 
f 2546//3221 2547//3221 740//3221 
f 2547//3222 2548//3222 736//3222 
f 2548//3223 2549//3223 736//3223 
f 736//3224 2549//3224 734//3224 
f 734//3225 2549//3225 732//3225 
f 2549//3226 2550//3226 732//3226 
f 2550//3227 2551//3227 732//3227 
f 732//3228 2551//3228 726//3228 
f 2551//3229 2552//3229 726//3229 
f 726//3230 2552//3230 725//3230 
f 2552//3231 2553//3231 725//3231 
f 725//3232 2553//3232 720//3232 
f 2553//3233 2554//3233 720//3233 
f 720//3234 2554//3234 716//3234 
f 716//3235 2554//3235 713//3235 
f 2554//3236 2555//3236 713//3236 
f 713//3237 2555//3237 709//3237 
f 2555//3238 2556//3238 709//3238 
f 2556//3239 2557//3239 709//3239 
f 709//3240 2557//3240 701//3240 
f 701//3241 2557//3241 699//3241 
f 2557//3242 2558//3242 699//3242 
f 2558//3243 2559//3243 699//3243 
f 699//3244 2559//3244 703//3244 
f 703//3245 2559//3245 704//3245 
f 2559//3246 2560//3246 704//3246 
f 704//3247 2560//3247 706//3247 
f 2560//3248 2561//3248 706//3248 
f 2561//3249 2562//3249 706//3249 
f 706//3250 2562//3250 711//3250 
f 2562//3251 2563//3251 711//3251 
f 711//3252 2563//3252 718//3252 
f 2563//3253 2564//3253 718//3253 
f 718//3254 2564//3254 722//3254 
f 2564//3255 2565//3255 722//3255 
f 722//3256 2565//3256 723//3256 
f 2565//3257 2566//3257 723//3257 
f 723//3258 2566//3258 730//3258 
f 2566//3259 2567//3259 730//3259 
f 730//3260 2567//3260 1008//3260 
f 1008//3261 2567//3261 558//3261 
f 2567//3262 2568//3262 558//3262 
f 558//3263 2569//3263 557//3263 
f 2568//3264 2569//3264 558//3264 
f 557//3265 2570//3265 556//3265 
f 2569//3266 2570//3266 557//3266 
f 556//3267 2571//3267 554//3267 
f 2570//3268 2571//3268 556//3268 
f 554//3269 2572//3269 552//3269 
f 2571//3270 2572//3270 554//3270 
f 2572//3271 2573//3271 552//3271 
f 552//3272 2573//3272 550//3272 
f 2573//3273 2574//3273 550//3273 
f 550//3274 2574//3274 548//3274 
f 2574//3275 2575//3275 548//3275 
f 548//3276 2575//3276 546//3276 
f 2575//3277 2576//3277 546//3277 
f 546//3278 2576//3278 544//3278 
f 2576//3279 2577//3279 544//3279 
f 544//3280 2577//3280 542//3280 
f 2577//3281 2578//3281 542//3281 
f 542//3282 2578//3282 540//3282 
f 2578//3283 2579//3283 540//3283 
f 540//3284 2579//3284 538//3284 
f 2579//3285 2580//3285 538//3285 
f 538//3286 2580//3286 536//3286 
f 2580//3287 2581//3287 536//3287 
f 536//3288 2581//3288 534//3288 
f 2581//3289 2582//3289 534//3289 
f 534//3290 2582//3290 532//3290 
f 2582//3291 2583//3291 532//3291 
f 532//3292 2583//3292 530//3292 
f 2583//3293 2584//3293 530//3293 
f 530//3294 2584//3294 528//3294 
f 2584//3295 2585//3295 528//3295 
f 528//3296 2585//3296 526//3296 
f 526//3297 2586//3297 524//3297 
f 2585//3298 2586//3298 526//3298 
f 524//3299 2587//3299 522//3299 
f 2586//3300 2587//3300 524//3300 
f 522//3301 2588//3301 520//3301 
f 2587//3302 2588//3302 522//3302 
f 520//3303 2589//3303 517//3303 
f 2588//3304 2589//3304 520//3304 
f 517//3305 2590//3305 518//3305 
f 2589//3306 2590//3306 517//3306 
f 518//3307 2591//3307 519//3307 
f 2590//3308 2591//3308 518//3308 
f 519//3309 2592//3309 521//3309 
f 2591//3310 2592//3310 519//3310 
f 521//3311 2593//3311 523//3311 
f 2592//3312 2593//3312 521//3312 
f 523//3313 2594//3313 525//3313 
f 2593//3314 2594//3314 523//3314 
f 525//3315 2595//3315 527//3315 
f 2594//3316 2595//3316 525//3316 
f 527//3317 2596//3317 529//3317 
f 2595//3318 2596//3318 527//3318 
f 529//3319 2597//3319 531//3319 
f 2596//3320 2597//3320 529//3320 
f 531//3321 2598//3321 533//3321 
f 2597//3322 2598//3322 531//3322 
f 2598//3323 2599//3323 533//3323 
f 533//3324 2599//3324 535//3324 
f 2599//3325 2600//3325 535//3325 
f 535//3326 2600//3326 537//3326 
f 2600//3327 2601//3327 537//3327 
f 537//3328 2601//3328 539//3328 
f 2601//3329 2602//3329 539//3329 
f 539//3330 2602//3330 541//3330 
f 541//3331 2603//3331 543//3331 
f 2602//3332 2603//3332 541//3332 
f 543//3333 2604//3333 545//3333 
f 2603//3334 2604//3334 543//3334 
f 545//3335 2605//3335 547//3335 
f 2604//3336 2605//3336 545//3336 
f 547//3337 2606//3337 549//3337 
f 2605//3338 2606//3338 547//3338 
f 549//3339 2607//3339 551//3339 
f 2606//3340 2607//3340 549//3340 
f 551//3341 2608//3341 553//3341 
f 2607//3342 2608//3342 551//3342 
f 553//3343 2609//3343 555//3343 
f 2608//3344 2609//3344 553//3344 
f 555//3345 2610//3345 605//3345 
f 2609//3346 2610//3346 555//3346 
f 605//3347 2611//3347 597//3347 
f 2610//3348 2611//3348 605//3348 
f 597//3349 2612//3349 595//3349 
f 2611//3350 2612//3350 597//3350 
f 595//3351 2613//3351 589//3351 
f 2612//3352 2613//3352 595//3352 
f 589//3353 2614//3353 585//3353 
f 2613//3354 2614//3354 589//3354 
f 585//3355 2615//3355 583//3355 
f 2614//3356 2615//3356 585//3356 
f 583//3357 2616//3357 580//3357 
f 2615//3358 2616//3358 583//3358 
f 580//3359 2617//3359 576//3359 
f 2616//3360 2617//3360 580//3360 
f 576//3361 2618//3361 569//3361 
f 2617//3362 2618//3362 576//3362 
f 569//3363 2619//3363 565//3363 
f 2618//3364 2619//3364 569//3364 
f 565//3365 2620//3365 563//3365 
f 2619//3366 2620//3366 565//3366 
f 563//3367 2621//3367 561//3367 
f 2620//3368 2621//3368 563//3368 
f 561//3369 2622//3369 559//3369 
f 2621//3370 2622//3370 561//3370 
f 2622//3371 2623//3371 559//3371 
f 559//3372 2623//3372 566//3372 
f 2623//3373 2624//3373 566//3373 
f 566//3374 2624//3374 570//3374 
f 2624//3375 2625//3375 570//3375 
f 570//3376 2625//3376 574//3376 
f 2625//3377 2626//3377 574//3377 
f 574//3378 2626//3378 577//3378 
f 2626//3379 2627//3379 577//3379 
f 577//3380 2627//3380 581//3380 
f 2627//3381 2628//3381 581//3381 
f 581//3382 2628//3382 586//3382 
f 2628//3383 2629//3383 586//3383 
f 586//3384 2629//3384 590//3384 
f 2629//3385 2630//3385 590//3385 
f 590//3386 2630//3386 594//3386 
f 2630//3387 2631//3387 594//3387 
f 594//3388 2631//3388 598//3388 
f 2631//3389 2632//3389 598//3389 
f 598//3390 2632//3390 602//3390 
f 2632//3391 2633//3391 602//3391 
f 602//3392 2633//3392 603//3392 
f 2633//3393 2634//3393 603//3393 
f 603//3394 2634//3394 609//3394 
f 2634//3395 2635//3395 609//3395 
f 609//3396 2635//3396 611//3396 
f 611//3397 2636//3397 613//3397 
f 2635//3398 2636//3398 611//3398 
f 613//3399 2636//3399 615//3399 
f 2636//3400 2511//3400 615//3400 
f 2637//3401 2638//3401 692//3401 
f 692//3402 2638//3402 693//3402 
f 693//3403 2639//3403 694//3403 
f 694//3404 2639//3404 695//3404 
f 2638//3405 2639//3405 693//3405 
f 2639//3406 2640//3406 695//3406 
f 695//3407 2641//3407 696//3407 
f 2640//3408 2641//3408 695//3408 
f 696//3409 2642//3409 697//3409 
f 2641//3410 2642//3410 696//3410 
f 697//3411 2643//3411 698//3411 
f 2642//3412 2643//3412 697//3412 
f 698//3413 2644//3413 1009//3413 
f 2643//3414 2644//3414 698//3414 
f 1009//3415 2645//3415 963//3415 
f 2644//3416 2645//3416 1009//3416 
f 963//3417 2646//3417 962//3417 
f 2645//3418 2646//3418 963//3418 
f 962//3419 2647//3419 958//3419 
f 958//3420 2647//3420 951//3420 
f 2646//3421 2647//3421 962//3421 
f 2647//3422 2648//3422 951//3422 
f 2648//3423 2649//3423 951//3423 
f 951//3424 2649//3424 950//3424 
f 2649//3425 2650//3425 950//3425 
f 950//3426 2650//3426 946//3426 
f 946//3427 2650//3427 942//3427 
f 2650//3428 2651//3428 942//3428 
f 2651//3429 2652//3429 942//3429 
f 942//3430 2652//3430 939//3430 
f 2652//3431 2653//3431 939//3431 
f 939//3432 2653//3432 934//3432 
f 934//3433 2653//3433 931//3433 
f 2653//3434 2654//3434 931//3434 
f 2654//3435 2655//3435 931//3435 
f 931//3436 2655//3436 926//3436 
f 2655//3437 2656//3437 926//3437 
f 926//3438 2656//3438 922//3438 
f 2656//3439 2657//3439 922//3439 
f 922//3440 2657//3440 915//3440 
f 2657//3441 2658//3441 915//3441 
f 915//3442 2658//3442 913//3442 
f 2658//3443 2659//3443 913//3443 
f 913//3444 2659//3444 908//3444 
f 908//3445 2659//3445 906//3445 
f 2659//3446 2660//3446 906//3446 
f 906//3447 2661//3447 899//3447 
f 899//3448 2661//3448 895//3448 
f 2660//3449 2661//3449 906//3449 
f 895//3450 2662//3450 894//3450 
f 2661//3451 2662//3451 895//3451 
f 2662//3452 2663//3452 894//3452 
f 894//3453 2664//3453 887//3453 
f 2663//3454 2664//3454 894//3454 
f 887//3455 2665//3455 884//3455 
f 2664//3456 2665//3456 887//3456 
f 884//3457 2666//3457 883//3457 
f 2665//3458 2666//3458 884//3458 
f 883//3459 2667//3459 879//3459 
f 2666//3460 2667//3460 883//3460 
f 879//3461 2668//3461 872//3461 
f 2667//3462 2668//3462 879//3462 
f 872//3463 2669//3463 867//3463 
f 2668//3464 2669//3464 872//3464 
f 867//3465 2670//3465 863//3465 
f 2669//3466 2670//3466 867//3466 
f 863//3467 2671//3467 861//3467 
f 2670//3468 2671//3468 863//3468 
f 861//3469 2672//3469 855//3469 
f 2671//3470 2672//3470 861//3470 
f 855//3471 2673//3471 854//3471 
f 854//3472 2673//3472 850//3472 
f 2672//3473 2673//3473 855//3473 
f 2673//3474 2674//3474 850//3474 
f 2674//3475 2675//3475 850//3475 
f 850//3476 2675//3476 846//3476 
f 846//3477 2675//3477 842//3477 
f 2675//3478 2676//3478 842//3478 
f 2676//3479 2677//3479 842//3479 
f 842//3480 2677//3480 835//3480 
f 2677//3481 2678//3481 835//3481 
f 835//3482 2678//3482 833//3482 
f 2678//3483 2679//3483 833//3483 
f 833//3484 2679//3484 680//3484 
f 2679//3485 2680//3485 680//3485 
f 680//3486 2680//3486 678//3486 
f 678//3487 2680//3487 675//3487 
f 2680//3488 2681//3488 675//3488 
f 675//3489 2681//3489 651//3489 
f 2681//3490 2682//3490 651//3490 
f 2682//3491 2683//3491 651//3491 
f 651//3492 2683//3492 649//3492 
f 649//3493 2683//3493 647//3493 
f 2683//3494 2684//3494 647//3494 
f 2684//3495 2685//3495 647//3495 
f 647//3496 2685//3496 645//3496 
f 645//3497 2685//3497 642//3497 
f 2685//3498 2686//3498 642//3498 
f 642//3499 2686//3499 641//3499 
f 2686//3500 2687//3500 641//3500 
f 2687//3501 2688//3501 641//3501 
f 641//3502 2688//3502 639//3502 
f 2688//3503 2689//3503 639//3503 
f 639//3504 2689//3504 636//3504 
f 2689//3505 2690//3505 636//3505 
f 636//3506 2690//3506 635//3506 
f 2690//3507 2691//3507 635//3507 
f 635//3508 2691//3508 633//3508 
f 2691//3509 2692//3509 633//3509 
f 633//3510 2692//3510 631//3510 
f 2692//3511 2693//3511 631//3511 
f 631//3512 2693//3512 629//3512 
f 629//3513 2693//3513 627//3513 
f 2693//3514 2694//3514 627//3514 
f 627//3515 2695//3515 625//3515 
f 2694//3516 2695//3516 627//3516 
f 625//3517 2696//3517 623//3517 
f 2695//3518 2696//3518 625//3518 
f 623//3519 2697//3519 621//3519 
f 2696//3520 2697//3520 623//3520 
f 621//3521 2698//3521 619//3521 
f 2697//3522 2698//3522 621//3522 
f 2698//3523 2699//3523 619//3523 
f 619//3524 2699//3524 617//3524 
f 2699//3525 2700//3525 617//3525 
f 617//3526 2700//3526 614//3526 
f 2700//3527 2701//3527 614//3527 
f 614//3528 2701//3528 612//3528 
f 2701//3529 2702//3529 612//3529 
f 612//3530 2702//3530 610//3530 
f 2702//3531 2703//3531 610//3531 
f 610//3532 2703//3532 608//3532 
f 2703//3533 2704//3533 608//3533 
f 608//3534 2704//3534 606//3534 
f 2704//3535 2705//3535 606//3535 
f 606//3536 2705//3536 601//3536 
f 2705//3537 2706//3537 601//3537 
f 601//3538 2706//3538 599//3538 
f 2706//3539 2707//3539 599//3539 
f 599//3540 2707//3540 593//3540 
f 2707//3541 2708//3541 593//3541 
f 593//3542 2708//3542 591//3542 
f 2708//3543 2709//3543 591//3543 
f 591//3544 2709//3544 587//3544 
f 2709//3545 2710//3545 587//3545 
f 587//3546 2710//3546 582//3546 
f 2710//3547 2711//3547 582//3547 
f 582//3548 2711//3548 578//3548 
f 578//3549 2712//3549 573//3549 
f 2711//3550 2712//3550 578//3550 
f 573//3551 2713//3551 571//3551 
f 2712//3552 2713//3552 573//3552 
f 571//3553 2714//3553 567//3553 
f 2713//3554 2714//3554 571//3554 
f 567//3555 2715//3555 560//3555 
f 2714//3556 2715//3556 567//3556 
f 560//3557 2716//3557 562//3557 
f 2715//3558 2716//3558 560//3558 
f 562//3559 2717//3559 564//3559 
f 2716//3560 2717//3560 562//3560 
f 564//3561 2718//3561 568//3561 
f 2717//3562 2718//3562 564//3562 
f 568//3563 2719//3563 572//3563 
f 2718//3564 2719//3564 568//3564 
f 572//3565 2720//3565 575//3565 
f 2719//3566 2720//3566 572//3566 
f 575//3567 2721//3567 579//3567 
f 2720//3568 2721//3568 575//3568 
f 579//3569 2722//3569 584//3569 
f 2721//3570 2722//3570 579//3570 
f 584//3571 2723//3571 588//3571 
f 2722//3572 2723//3572 584//3572 
f 588//3573 2724//3573 592//3573 
f 2723//3574 2724//3574 588//3574 
f 2724//3575 2725//3575 592//3575 
f 592//3576 2725//3576 596//3576 
f 2725//3577 2726//3577 596//3577 
f 596//3578 2726//3578 600//3578 
f 2726//3579 2727//3579 600//3579 
f 600//3580 2727//3580 604//3580 
f 2727//3581 2728//3581 604//3581 
f 604//3582 2728//3582 607//3582 
f 607//3583 2729//3583 652//3583 
f 2728//3584 2729//3584 607//3584 
f 652//3585 2730//3585 653//3585 
f 2729//3586 2730//3586 652//3586 
f 653//3587 2731//3587 654//3587 
f 2730//3588 2731//3588 653//3588 
f 654//3589 2732//3589 655//3589 
f 2731//3590 2732//3590 654//3590 
f 655//3591 2733//3591 656//3591 
f 2732//3592 2733//3592 655//3592 
f 656//3593 2734//3593 657//3593 
f 2733//3594 2734//3594 656//3594 
f 657//3595 2735//3595 658//3595 
f 2734//3596 2735//3596 657//3596 
f 658//3597 2736//3597 659//3597 
f 2735//3598 2736//3598 658//3598 
f 659//3599 2737//3599 660//3599 
f 2736//3600 2737//3600 659//3600 
f 660//3601 2738//3601 661//3601 
f 2737//3602 2738//3602 660//3602 
f 661//3603 2739//3603 662//3603 
f 2738//3604 2739//3604 661//3604 
f 662//3605 2740//3605 663//3605 
f 2739//3606 2740//3606 662//3606 
f 663//3607 2741//3607 664//3607 
f 2740//3608 2741//3608 663//3608 
f 664//3609 2742//3609 665//3609 
f 2741//3610 2742//3610 664//3610 
f 665//3611 2743//3611 666//3611 
f 2742//3612 2743//3612 665//3612 
f 666//3613 2744//3613 667//3613 
f 2743//3614 2744//3614 666//3614 
f 667//3615 2745//3615 668//3615 
f 2744//3616 2745//3616 667//3616 
f 668//3617 2746//3617 669//3617 
f 2745//3618 2746//3618 668//3618 
f 669//3619 2747//3619 670//3619 
f 2746//3620 2747//3620 669//3620 
f 670//3621 2748//3621 671//3621 
f 2747//3622 2748//3622 670//3622 
f 2748//3623 2749//3623 671//3623 
f 671//3624 2749//3624 672//3624 
f 2749//3625 2750//3625 672//3625 
f 672//3626 2750//3626 673//3626 
f 2750//3627 2751//3627 673//3627 
f 673//3628 2751//3628 676//3628 
f 2751//3629 2752//3629 676//3629 
f 676//3630 2752//3630 679//3630 
f 2752//3631 2753//3631 679//3631 
f 679//3632 2753//3632 682//3632 
f 2753//3633 2754//3633 682//3633 
f 682//3634 2754//3634 683//3634 
f 2754//3635 2755//3635 683//3635 
f 683//3636 2755//3636 684//3636 
f 2755//3637 2756//3637 684//3637 
f 684//3638 2756//3638 685//3638 
f 2756//3639 2757//3639 685//3639 
f 685//3640 2757//3640 686//3640 
f 2757//3641 2758//3641 686//3641 
f 686//3642 2758//3642 687//3642 
f 2758//3643 2759//3643 687//3643 
f 687//3644 2759//3644 688//3644 
f 2759//3645 2760//3645 688//3645 
f 688//3646 2760//3646 689//3646 
f 2760//3647 2761//3647 689//3647 
f 689//3648 2761//3648 690//3648 
f 690//3649 2762//3649 691//3649 
f 2761//3650 2762//3650 690//3650 
f 691//3651 2762//3651 692//3651 
f 2762//3652 2637//3652 692//3652 
f 2763//3653 2764//3653 870//3653 
f 870//3654 2764//3654 876//3654 
f 876//3655 2765//3655 877//3655 
f 877//3656 2765//3656 880//3656 
f 2764//3657 2765//3657 876//3657 
f 2765//3658 2766//3658 880//3658 
f 880//3659 2767//3659 889//3659 
f 2766//3660 2767//3660 880//3660 
f 889//3661 2768//3661 892//3661 
f 2767//3662 2768//3662 889//3662 
f 892//3663 2769//3663 897//3663 
f 2768//3664 2769//3664 892//3664 
f 897//3665 2770//3665 900//3665 
f 2769//3666 2770//3666 897//3666 
f 900//3667 2771//3667 904//3667 
f 2770//3668 2771//3668 900//3668 
f 904//3669 2772//3669 905//3669 
f 2771//3670 2772//3670 904//3670 
f 905//3671 2773//3671 912//3671 
f 912//3672 2773//3672 917//3672 
f 2772//3673 2773//3673 905//3673 
f 2773//3674 2774//3674 917//3674 
f 2774//3675 2775//3675 917//3675 
f 917//3676 2775//3676 919//3676 
f 2775//3677 2776//3677 919//3677 
f 919//3678 2776//3678 924//3678 
f 924//3679 2776//3679 928//3679 
f 2776//3680 2777//3680 928//3680 
f 2777//3681 2778//3681 928//3681 
f 928//3682 2778//3682 929//3682 
f 2778//3683 2779//3683 929//3683 
f 929//3684 2779//3684 935//3684 
f 935//3685 2779//3685 937//3685 
f 2779//3686 2780//3686 937//3686 
f 2780//3687 2781//3687 937//3687 
f 937//3688 2781//3688 943//3688 
f 2781//3689 2782//3689 943//3689 
f 943//3690 2782//3690 947//3690 
f 2782//3691 2783//3691 947//3691 
f 947//3692 2783//3692 952//3692 
f 2783//3693 2784//3693 952//3693 
f 952//3694 2784//3694 956//3694 
f 2784//3695 2785//3695 956//3695 
f 956//3696 2785//3696 960//3696 
f 960//3697 2785//3697 1015//3697 
f 2785//3698 2786//3698 1015//3698 
f 1015//3699 2787//3699 1014//3699 
f 1014//3700 2787//3700 1013//3700 
f 2786//3701 2787//3701 1015//3701 
f 1013//3702 2788//3702 1012//3702 
f 2787//3703 2788//3703 1013//3703 
f 2788//3704 2789//3704 1012//3704 
f 1012//3705 2790//3705 1011//3705 
f 2789//3706 2790//3706 1012//3706 
f 1011//3707 2791//3707 1010//3707 
f 2790//3708 2791//3708 1011//3708 
f 1010//3709 2792//3709 809//3709 
f 2791//3710 2792//3710 1010//3710 
f 809//3711 2793//3711 808//3711 
f 2792//3712 2793//3712 809//3712 
f 808//3713 2794//3713 807//3713 
f 2793//3714 2794//3714 808//3714 
f 807//3715 2795//3715 806//3715 
f 2794//3716 2795//3716 807//3716 
f 806//3717 2796//3717 805//3717 
f 2795//3718 2796//3718 806//3718 
f 805//3719 2797//3719 804//3719 
f 2796//3720 2797//3720 805//3720 
f 804//3721 2798//3721 803//3721 
f 2797//3722 2798//3722 804//3722 
f 803//3723 2799//3723 802//3723 
f 802//3724 2799//3724 801//3724 
f 2798//3725 2799//3725 803//3725 
f 2799//3726 2800//3726 801//3726 
f 2800//3727 2801//3727 801//3727 
f 801//3728 2801//3728 800//3728 
f 800//3729 2801//3729 799//3729 
f 2801//3730 2802//3730 799//3730 
f 2802//3731 2803//3731 799//3731 
f 799//3732 2803//3732 798//3732 
f 2803//3733 2804//3733 798//3733 
f 798//3734 2804//3734 797//3734 
f 2804//3735 2805//3735 797//3735 
f 797//3736 2805//3736 796//3736 
f 2805//3737 2806//3737 796//3737 
f 796//3738 2806//3738 795//3738 
f 795//3739 2806//3739 794//3739 
f 2806//3740 2807//3740 794//3740 
f 794//3741 2807//3741 793//3741 
f 2807//3742 2808//3742 793//3742 
f 2808//3743 2809//3743 793//3743 
f 793//3744 2809//3744 792//3744 
f 792//3745 2809//3745 791//3745 
f 2809//3746 2810//3746 791//3746 
f 2810//3747 2811//3747 791//3747 
f 791//3748 2811//3748 790//3748 
f 790//3749 2811//3749 789//3749 
f 2811//3750 2812//3750 789//3750 
f 789//3751 2812//3751 788//3751 
f 2812//3752 2813//3752 788//3752 
f 2813//3753 2814//3753 788//3753 
f 788//3754 2814//3754 769//3754 
f 2814//3755 2815//3755 769//3755 
f 769//3756 2815//3756 768//3756 
f 2815//3757 2816//3757 768//3757 
f 768//3758 2816//3758 770//3758 
f 2816//3759 2817//3759 770//3759 
f 770//3760 2817//3760 771//3760 
f 2817//3761 2818//3761 771//3761 
f 771//3762 2818//3762 772//3762 
f 2818//3763 2819//3763 772//3763 
f 772//3764 2819//3764 773//3764 
f 773//3765 2819//3765 774//3765 
f 2819//3766 2820//3766 774//3766 
f 774//3767 2821//3767 775//3767 
f 2820//3768 2821//3768 774//3768 
f 775//3769 2822//3769 776//3769 
f 2821//3770 2822//3770 775//3770 
f 776//3771 2823//3771 777//3771 
f 2822//3772 2823//3772 776//3772 
f 777//3773 2824//3773 778//3773 
f 2823//3774 2824//3774 777//3774 
f 2824//3775 2825//3775 778//3775 
f 778//3776 2825//3776 779//3776 
f 2825//3777 2826//3777 779//3777 
f 779//3778 2826//3778 780//3778 
f 2826//3779 2827//3779 780//3779 
f 780//3780 2827//3780 781//3780 
f 2827//3781 2828//3781 781//3781 
f 781//3782 2828//3782 782//3782 
f 2828//3783 2829//3783 782//3783 
f 782//3784 2829//3784 783//3784 
f 2829//3785 2830//3785 783//3785 
f 783//3786 2830//3786 784//3786 
f 2830//3787 2831//3787 784//3787 
f 784//3788 2831//3788 785//3788 
f 2831//3789 2832//3789 785//3789 
f 785//3790 2832//3790 786//3790 
f 2832//3791 2833//3791 786//3791 
f 786//3792 2833//3792 787//3792 
f 2833//3793 2834//3793 787//3793 
f 787//3794 2834//3794 729//3794 
f 2834//3795 2835//3795 729//3795 
f 729//3796 2835//3796 727//3796 
f 2835//3797 2836//3797 727//3797 
f 727//3798 2836//3798 721//3798 
f 2836//3799 2837//3799 721//3799 
f 721//3800 2837//3800 717//3800 
f 717//3801 2838//3801 714//3801 
f 2837//3802 2838//3802 717//3802 
f 714//3803 2839//3803 710//3803 
f 2838//3804 2839//3804 714//3804 
f 710//3805 2840//3805 707//3805 
f 2839//3806 2840//3806 710//3806 
f 707//3807 2841//3807 702//3807 
f 2840//3808 2841//3808 707//3808 
f 702//3809 2842//3809 700//3809 
f 2841//3810 2842//3810 702//3810 
f 700//3811 2843//3811 705//3811 
f 2842//3812 2843//3812 700//3812 
f 705//3813 2844//3813 708//3813 
f 2843//3814 2844//3814 705//3814 
f 708//3815 2845//3815 712//3815 
f 2844//3816 2845//3816 708//3816 
f 712//3817 2846//3817 715//3817 
f 2845//3818 2846//3818 712//3818 
f 715//3819 2847//3819 719//3819 
f 2846//3820 2847//3820 715//3820 
f 719//3821 2848//3821 724//3821 
f 2847//3822 2848//3822 719//3822 
f 724//3823 2849//3823 728//3823 
f 2848//3824 2849//3824 724//3824 
f 728//3825 2850//3825 731//3825 
f 2849//3826 2850//3826 728//3826 
f 2850//3827 2851//3827 731//3827 
f 731//3828 2851//3828 733//3828 
f 2851//3829 2852//3829 733//3829 
f 733//3830 2852//3830 735//3830 
f 2852//3831 2853//3831 735//3831 
f 735//3832 2853//3832 737//3832 
f 2853//3833 2854//3833 737//3833 
f 737//3834 2854//3834 739//3834 
f 739//3835 2855//3835 741//3835 
f 2854//3836 2855//3836 739//3836 
f 741//3837 2856//3837 743//3837 
f 2855//3838 2856//3838 741//3838 
f 743//3839 2857//3839 745//3839 
f 2856//3840 2857//3840 743//3840 
f 745//3841 2858//3841 747//3841 
f 2857//3842 2858//3842 745//3842 
f 747//3843 2859//3843 749//3843 
f 2858//3844 2859//3844 747//3844 
f 749//3845 2860//3845 751//3845 
f 2859//3846 2860//3846 749//3846 
f 751//3847 2861//3847 753//3847 
f 2860//3848 2861//3848 751//3848 
f 753//3849 2862//3849 756//3849 
f 2861//3850 2862//3850 753//3850 
f 756//3851 2863//3851 757//3851 
f 2862//3852 2863//3852 756//3852 
f 757//3853 2864//3853 759//3853 
f 2863//3854 2864//3854 757//3854 
f 759//3855 2865//3855 761//3855 
f 2864//3856 2865//3856 759//3856 
f 761//3857 2866//3857 764//3857 
f 2865//3858 2866//3858 761//3858 
f 764//3859 2867//3859 765//3859 
f 2866//3860 2867//3860 764//3860 
f 765//3861 2868//3861 767//3861 
f 2867//3862 2868//3862 765//3862 
f 767//3863 2869//3863 828//3863 
f 2868//3864 2869//3864 767//3864 
f 828//3865 2870//3865 823//3865 
f 2869//3866 2870//3866 828//3866 
f 823//3867 2871//3867 816//3867 
f 2870//3868 2871//3868 823//3868 
f 816//3869 2872//3869 814//3869 
f 2871//3870 2872//3870 816//3870 
f 814//3871 2873//3871 812//3871 
f 2872//3872 2873//3872 814//3872 
f 812//3873 2874//3873 810//3873 
f 2873//3874 2874//3874 812//3874 
f 2874//3875 2875//3875 810//3875 
f 810//3876 2875//3876 818//3876 
f 2875//3877 2876//3877 818//3877 
f 818//3878 2876//3878 821//3878 
f 2876//3879 2877//3879 821//3879 
f 821//3880 2877//3880 824//3880 
f 2877//3881 2878//3881 824//3881 
f 824//3882 2878//3882 826//3882 
f 2878//3883 2879//3883 826//3883 
f 826//3884 2879//3884 831//3884 
f 2879//3885 2880//3885 831//3885 
f 831//3886 2880//3886 836//3886 
f 2880//3887 2881//3887 836//3887 
f 836//3888 2881//3888 839//3888 
f 2881//3889 2882//3889 839//3889 
f 839//3890 2882//3890 844//3890 
f 2882//3891 2883//3891 844//3891 
f 844//3892 2883//3892 848//3892 
f 2883//3893 2884//3893 848//3893 
f 848//3894 2884//3894 852//3894 
f 2884//3895 2885//3895 852//3895 
f 852//3896 2885//3896 857//3896 
f 2885//3897 2886//3897 857//3897 
f 857//3898 2886//3898 859//3898 
f 2886//3899 2887//3899 859//3899 
f 859//3900 2887//3900 865//3900 
f 865//3901 2888//3901 869//3901 
f 2887//3902 2888//3902 865//3902 
f 869//3903 2888//3903 870//3903 
f 2888//3904 2763//3904 870//3904 
f 2889//3905 2890//3905 974//3905 
f 974//3906 2890//3906 985//3906 
f 985//3907 2891//3907 986//3907 
f 986//3908 2891//3908 987//3908 
f 2890//3909 2891//3909 985//3909 
f 2891//3910 2892//3910 987//3910 
f 987//3911 2893//3911 988//3911 
f 2892//3912 2893//3912 987//3912 
f 988//3913 2894//3913 989//3913 
f 2893//3914 2894//3914 988//3914 
f 989//3915 2895//3915 990//3915 
f 2894//3916 2895//3916 989//3916 
f 990//3917 2896//3917 991//3917 
f 2895//3918 2896//3918 990//3918 
f 991//3919 2897//3919 992//3919 
f 2896//3920 2897//3920 991//3920 
f 992//3921 2898//3921 993//3921 
f 2897//3922 2898//3922 992//3922 
f 993//3923 2899//3923 994//3923 
f 994//3924 2899//3924 995//3924 
f 2898//3925 2899//3925 993//3925 
f 2899//3926 2900//3926 995//3926 
f 2900//3927 2901//3927 995//3927 
f 995//3928 2901//3928 996//3928 
f 2901//3929 2902//3929 996//3929 
f 996//3930 2902//3930 997//3930 
f 997//3931 2902//3931 998//3931 
f 2902//3932 2903//3932 998//3932 
f 2903//3933 2904//3933 998//3933 
f 998//3934 2904//3934 999//3934 
f 2904//3935 2905//3935 999//3935 
f 999//3936 2905//3936 1000//3936 
f 1000//3937 2905//3937 1001//3937 
f 2905//3938 2906//3938 1001//3938 
f 2906//3939 2907//3939 1001//3939 
f 1001//3940 2907//3940 1002//3940 
f 2907//3941 2908//3941 1002//3941 
f 1002//3942 2908//3942 1005//3942 
f 2908//3943 2909//3943 1005//3943 
f 1005//3944 2909//3944 1007//3944 
f 2909//3945 2910//3945 1007//3945 
f 1007//3946 2910//3946 969//3946 
f 2910//3947 2911//3947 969//3947 
f 969//3948 2911//3948 968//3948 
f 968//3949 2911//3949 971//3949 
f 2911//3950 2912//3950 971//3950 
f 971//3951 2913//3951 973//3951 
f 973//3952 2913//3952 975//3952 
f 2912//3953 2913//3953 971//3953 
f 975//3954 2914//3954 976//3954 
f 2913//3955 2914//3955 975//3955 
f 2914//3956 2915//3956 976//3956 
f 976//3957 2916//3957 977//3957 
f 2915//3958 2916//3958 976//3958 
f 977//3959 2917//3959 978//3959 
f 2916//3960 2917//3960 977//3960 
f 978//3961 2918//3961 979//3961 
f 2917//3962 2918//3962 978//3962 
f 979//3963 2919//3963 980//3963 
f 2918//3964 2919//3964 979//3964 
f 980//3965 2920//3965 981//3965 
f 2919//3966 2920//3966 980//3966 
f 981//3967 2921//3967 982//3967 
f 2920//3968 2921//3968 981//3968 
f 982//3969 2922//3969 983//3969 
f 2921//3970 2922//3970 982//3970 
f 983//3971 2923//3971 984//3971 
f 2922//3972 2923//3972 983//3972 
f 984//3973 2924//3973 1016//3973 
f 2923//3974 2924//3974 984//3974 
f 1016//3975 2925//3975 1017//3975 
f 1017//3976 2925//3976 1018//3976 
f 2924//3977 2925//3977 1016//3977 
f 2925//3978 2926//3978 1018//3978 
f 2926//3979 2927//3979 1018//3979 
f 1018//3980 2927//3980 1019//3980 
f 1019//3981 2927//3981 1020//3981 
f 2927//3982 2928//3982 1020//3982 
f 2928//3983 2929//3983 1020//3983 
f 1020//3984 2929//3984 1021//3984 
f 2929//3985 2930//3985 1021//3985 
f 1021//3986 2930//3986 959//3986 
f 2930//3987 2931//3987 959//3987 
f 959//3988 2931//3988 955//3988 
f 2931//3989 2932//3989 955//3989 
f 955//3990 2932//3990 953//3990 
f 953//3991 2932//3991 948//3991 
f 2932//3992 2933//3992 948//3992 
f 948//3993 2933//3993 944//3993 
f 2933//3994 2934//3994 944//3994 
f 2934//3995 2935//3995 944//3995 
f 944//3996 2935//3996 940//3996 
f 940//3997 2935//3997 936//3997 
f 2935//3998 2936//3998 936//3998 
f 2936//3999 2937//3999 936//3999 
f 936//4000 2937//4000 932//4000 
f 932//4001 2937//4001 927//4001 
f 2937//4002 2938//4002 927//4002 
f 927//4003 2938//4003 923//4003 
f 2938//4004 2939//4004 923//4004 
f 2939//4005 2940//4005 923//4005 
f 923//4006 2940//4006 920//4006 
f 2940//4007 2941//4007 920//4007 
f 920//4008 2941//4008 916//4008 
f 2941//4009 2942//4009 916//4009 
f 916//4010 2942//4010 911//4010 
f 2942//4011 2943//4011 911//4011 
f 911//4012 2943//4012 909//4012 
f 2943//4013 2944//4013 909//4013 
f 909//4014 2944//4014 903//4014 
f 2944//4015 2945//4015 903//4015 
f 903//4016 2945//4016 901//4016 
f 901//4017 2945//4017 896//4017 
f 2945//4018 2946//4018 896//4018 
f 896//4019 2947//4019 891//4019 
f 2946//4020 2947//4020 896//4020 
f 891//4021 2948//4021 888//4021 
f 2947//4022 2948//4022 891//4022 
f 888//4023 2949//4023 885//4023 
f 2948//4024 2949//4024 888//4024 
f 885//4025 2950//4025 881//4025 
f 2949//4026 2950//4026 885//4026 
f 2950//4027 2951//4027 881//4027 
f 881//4028 2951//4028 875//4028 
f 2951//4029 2952//4029 875//4029 
f 875//4030 2952//4030 873//4030 
f 2952//4031 2953//4031 873//4031 
f 873//4032 2953//4032 868//4032 
f 2953//4033 2954//4033 868//4033 
f 868//4034 2954//4034 864//4034 
f 2954//4035 2955//4035 864//4035 
f 864//4036 2955//4036 860//4036 
f 2955//4037 2956//4037 860//4037 
f 860//4038 2956//4038 856//4038 
f 2956//4039 2957//4039 856//4039 
f 856//4040 2957//4040 851//4040 
f 2957//4041 2958//4041 851//4041 
f 851//4042 2958//4042 847//4042 
f 2958//4043 2959//4043 847//4043 
f 847//4044 2959//4044 843//4044 
f 2959//4045 2960//4045 843//4045 
f 843//4046 2960//4046 840//4046 
f 2960//4047 2961//4047 840//4047 
f 840//4048 2961//4048 837//4048 
f 2961//4049 2962//4049 837//4049 
f 837//4050 2962//4050 832//4050 
f 2962//4051 2963//4051 832//4051 
f 832//4052 2963//4052 829//4052 
f 829//4053 2964//4053 825//4053 
f 2963//4054 2964//4054 829//4054 
f 825//4055 2965//4055 820//4055 
f 2964//4056 2965//4056 825//4056 
f 820//4057 2966//4057 817//4057 
f 2965//4058 2966//4058 820//4058 
f 817//4059 2967//4059 811//4059 
f 2966//4060 2967//4060 817//4060 
f 811//4061 2968//4061 813//4061 
f 2967//4062 2968//4062 811//4062 
f 813//4063 2969//4063 815//4063 
f 2968//4064 2969//4064 813//4064 
f 815//4065 2970//4065 819//4065 
f 2969//4066 2970//4066 815//4066 
f 819//4067 2971//4067 822//4067 
f 2970//4068 2971//4068 819//4068 
f 822//4069 2972//4069 827//4069 
f 2971//4070 2972//4070 822//4070 
f 827//4071 2973//4071 830//4071 
f 2972//4072 2973//4072 827//4072 
f 830//4073 2974//4073 834//4073 
f 2973//4074 2974//4074 830//4074 
f 834//4075 2975//4075 838//4075 
f 2974//4076 2975//4076 834//4076 
f 838//4077 2976//4077 841//4077 
f 2975//4078 2976//4078 838//4078 
f 2976//4079 2977//4079 841//4079 
f 841//4080 2977//4080 845//4080 
f 2977//4081 2978//4081 845//4081 
f 845//4082 2978//4082 849//4082 
f 2978//4083 2979//4083 849//4083 
f 849//4084 2979//4084 853//4084 
f 2979//4085 2980//4085 853//4085 
f 853//4086 2980//4086 858//4086 
f 858//4087 2981//4087 862//4087 
f 2980//4088 2981//4088 858//4088 
f 862//4089 2982//4089 866//4089 
f 2981//4090 2982//4090 862//4090 
f 866//4091 2983//4091 871//4091 
f 2982//4092 2983//4092 866//4092 
f 871//4093 2984//4093 874//4093 
f 2983//4094 2984//4094 871//4094 
f 874//4095 2985//4095 878//4095 
f 2984//4096 2985//4096 874//4096 
f 878//4097 2986//4097 882//4097 
f 2985//4098 2986//4098 878//4098 
f 882//4099 2987//4099 886//4099 
f 2986//4100 2987//4100 882//4100 
f 886//4101 2988//4101 890//4101 
f 2987//4102 2988//4102 886//4102 
f 890//4103 2989//4103 893//4103 
f 2988//4104 2989//4104 890//4104 
f 893//4105 2990//4105 898//4105 
f 2989//4106 2990//4106 893//4106 
f 898//4107 2991//4107 902//4107 
f 2990//4108 2991//4108 898//4108 
f 902//4109 2992//4109 907//4109 
f 2991//4110 2992//4110 902//4110 
f 907//4111 2993//4111 910//4111 
f 2992//4112 2993//4112 907//4112 
f 910//4113 2994//4113 914//4113 
f 2993//4114 2994//4114 910//4114 
f 914//4115 2995//4115 918//4115 
f 2994//4116 2995//4116 914//4116 
f 918//4117 2996//4117 921//4117 
f 2995//4118 2996//4118 918//4118 
f 921//4119 2997//4119 925//4119 
f 2996//4120 2997//4120 921//4120 
f 925//4121 2998//4121 930//4121 
f 2997//4122 2998//4122 925//4122 
f 930//4123 2999//4123 933//4123 
f 2998//4124 2999//4124 930//4124 
f 933//4125 3000//4125 938//4125 
f 2999//4126 3000//4126 933//4126 
f 3000//4127 3001//4127 938//4127 
f 938//4128 3001//4128 941//4128 
f 3001//4129 3002//4129 941//4129 
f 941//4130 3002//4130 945//4130 
f 3002//4131 3003//4131 945//4131 
f 945//4132 3003//4132 949//4132 
f 3003//4133 3004//4133 949//4133 
f 949//4134 3004//4134 954//4134 
f 3004//4135 3005//4135 954//4135 
f 954//4136 3005//4136 957//4136 
f 3005//4137 3006//4137 957//4137 
f 957//4138 3006//4138 961//4138 
f 3006//4139 3007//4139 961//4139 
f 961//4140 3007//4140 964//4140 
f 3007//4141 3008//4141 964//4141 
f 964//4142 3008//4142 1004//4142 
f 3008//4143 3009//4143 1004//4143 
f 1004//4144 3009//4144 1003//4144 
f 3009//4145 3010//4145 1003//4145 
f 1003//4146 3010//4146 1006//4146 
f 3010//4147 3011//4147 1006//4147 
f 1006//4148 3011//4148 967//4148 
f 3011//4149 3012//4149 967//4149 
f 967//4150 3012//4150 965//4150 
f 3012//4151 3013//4151 965//4151 
f 965//4152 3013//4152 970//4152 
f 970//4153 3014//4153 972//4153 
f 3013//4154 3014//4154 970//4154 
f 972//4155 3014//4155 974//4155 
f 3014//4156 2889//4156 974//4156 
f 1081//4157 1080//4157 1082//4157 
f 1082//4158 1080//4158 1083//4158 
f 1086//4159 1090//4159 1087//4159 
f 1087//4160 1090//4160 1088//4160 
f 1088//4161 1090//4161 1089//4161 
f 1078//4162 1077//4162 1079//4162 
f 1090//4163 1093//4163 1091//4163 
f 1091//4164 1093//4164 1092//4164 
f 1076//4165 1075//4165 1077//4165 
f 1093//4166 1095//4166 1094//4166 
f 1075//4167 1073//4167 1077//4167 
f 1077//4168 1073//4168 1079//4168 
f 1074//4169 1073//4169 1075//4169 
f 1079//4170 1073//4170 3015//4170 
f 3015//4171 1073//4171 1080//4171 
f 1095//4172 1098//4172 1096//4172 
f 1096//4173 1098//4173 1097//4173 
f 1086//4174 1099//4174 1090//4174 
f 1090//4175 1099//4175 1093//4175 
f 1093//4176 1099//4176 1095//4176 
f 1095//4177 1099//4177 1098//4177 
f 1084//4178 1099//4178 1085//4178 
f 1085//4179 1099//4179 1086//4179 
f 1071//4180 3016//4180 3017//4180 
f 3017//4181 3016//4181 1072//4181 
f 1099//4182 1101//4182 1100//4182 
f 1070//4183 1069//4183 3016//4183 
f 1072//4184 1069//4184 3018//4184 
f 3018//4185 1069//4185 1073//4185 
f 3016//4186 1069//4186 1072//4186 
f 1101//4187 3019//4187 1102//4187 
f 1099//4188 3019//4188 1101//4188 
f 3020//4189 3021//4189 1069//4189 
f 1069//4190 3021//4190 1073//4190 
f 3019//4191 1105//4191 1103//4191 
f 1103//4192 1105//4192 1104//4192 
f 1068//4193 3022//4193 3023//4193 
f 3023//4194 3022//4194 3021//4194 
f 1105//4195 3024//4195 1106//4195 
f 1099//4196 3024//4196 3019//4196 
f 3019//4197 3024//4197 1105//4197 
f 1067//4198 3025//4198 3026//4198 
f 3024//4199 1108//4199 3027//4199 
f 3027//4200 1108//4200 1107//4200 
f 3025//4201 1066//4201 3026//4201 
f 1108//4202 1109//4202 3028//4202 
f 1066//4203 3029//4203 3026//4203 
f 3030//4204 3029//4204 1066//4204 
f 1109//4205 1111//4205 1110//4205 
f 3029//4206 1064//4206 3026//4206 
f 1065//4207 1064//4207 3029//4207 
f 3026//4208 1064//4208 3022//4208 
f 1099//4209 1112//4209 3024//4209 
f 3024//4210 1112//4210 1108//4210 
f 1108//4211 1112//4211 1109//4211 
f 1080//4212 1112//4212 1083//4212 
f 1109//4213 1112//4213 1111//4213 
f 1083//4214 1112//4214 1084//4214 
f 1084//4215 1112//4215 1099//4215 
f 1112//4216 1114//4216 1113//4216 
f 1063//4217 1062//4217 3031//4217 
f 3031//4218 1062//4218 1064//4218 
f 1114//4219 1116//4219 1115//4219 
f 1112//4220 1117//4220 1114//4220 
f 1114//4221 1117//4221 1116//4221 
f 1060//4222 1059//4222 1061//4222 
f 1061//4223 1059//4223 1062//4223 
f 1058//4224 1057//4224 1059//4224 
f 1059//4225 1057//4225 1062//4225 
f 1117//4226 1121//4226 1118//4226 
f 1118//4227 1121//4227 1119//4227 
f 1119//4228 1121//4228 1120//4228 
f 1056//4229 1055//4229 1057//4229 
f 1062//4230 1055//4230 1064//4230 
f 1057//4231 1055//4231 1062//4231 
f 1112//4232 1122//4232 1117//4232 
f 1117//4233 1122//4233 1121//4233 
f 1055//4234 1054//4234 1064//4234 
f 1054//4235 1053//4235 1064//4235 
f 1123//4236 1126//4236 1124//4236 
f 1124//4237 1126//4237 1125//4237 
f 1051//4238 1050//4238 1052//4238 
f 1052//4239 1050//4239 1053//4239 
f 1050//4240 1049//4240 1053//4240 
f 3022//4241 1049//4241 3021//4241 
f 1064//4242 1049//4242 3022//4242 
f 1053//4243 1049//4243 1064//4243 
f 1123//4244 1024//4244 1126//4244 
f 1122//4245 1024//4245 1123//4245 
f 1126//4246 1024//4246 1023//4246 
f 1048//4247 3032//4247 1049//4247 
f 1024//4248 1026//4248 1025//4248 
f 1122//4249 1026//4249 1024//4249 
f 1112//4250 1026//4250 1122//4250 
f 3032//4251 3033//4251 1049//4251 
f 3033//4252 3034//4252 1049//4252 
f 3035//4253 3034//4253 3033//4253 
f 1026//4254 1029//4254 1027//4254 
f 1027//4255 1029//4255 1028//4255 
f 3034//4256 1047//4256 1049//4256 
f 1026//4257 1030//4257 1029//4257 
f 1046//4258 1045//4258 1047//4258 
f 1030//4259 1032//4259 1031//4259 
f 3036//4260 1043//4260 1044//4260 
f 1044//4261 1043//4261 1045//4261 
f 1045//4262 1043//4262 1047//4262 
f 1032//4263 1035//4263 1033//4263 
f 1033//4264 1035//4264 1034//4264 
f 1026//4265 1035//4265 1030//4265 
f 1030//4266 1035//4266 1032//4266 
f 1026//4267 1036//4267 1035//4267 
f 1042//4268 1041//4268 1043//4268 
f 1043//4269 1041//4269 1047//4269 
f 1049//4270 1039//4270 3021//4270 
f 1047//4271 1039//4271 1049//4271 
f 3021//4272 1039//4272 1073//4272 
f 1036//4273 1039//4273 1037//4273 
f 1037//4274 1039//4274 1038//4274 
f 1040//4275 1039//4275 1041//4275 
f 1112//4276 1039//4276 1026//4276 
f 1080//4277 1039//4277 1112//4277 
f 1026//4278 1039//4278 1036//4278 
f 1041//4279 1039//4279 1047//4279 
f 1073//4280 1039//4280 1080//4280 
f 1198//4281 3037//4281 1199//4281 
f 1196//4282 1195//4282 1197//4282 
f 1197//4283 1195//4283 1198//4283 
f 1198//4284 1193//4284 3037//4284 
f 1195//4285 1193//4285 1198//4285 
f 1194//4286 1193//4286 1195//4286 
f 3037//4287 1202//4287 1200//4287 
f 1200//4288 1202//4288 1201//4288 
f 1192//4289 3038//4289 1193//4289 
f 3037//4290 1204//4290 1202//4290 
f 1202//4291 1204//4291 1203//4291 
f 1193//4292 1191//4292 3037//4292 
f 3038//4293 1191//4293 1193//4293 
f 1191//4294 1189//4294 3037//4294 
f 1190//4295 1189//4295 1191//4295 
f 1206//4296 1208//4296 1207//4296 
f 1187//4297 1186//4297 1188//4297 
f 1206//4298 1211//4298 1208//4298 
f 1208//4299 1211//4299 1209//4299 
f 1209//4300 1211//4300 1210//4300 
f 1184//4301 3039//4301 1185//4301 
f 1211//4302 1213//4302 1212//4302 
f 1183//4303 1182//4303 3039//4303 
f 1185//4304 1181//4304 1186//4304 
f 1182//4305 1181//4305 3039//4305 
f 1188//4306 1181//4306 1189//4306 
f 1186//4307 1181//4307 1188//4307 
f 3039//4308 1181//4308 1185//4308 
f 1206//4309 1216//4309 1211//4309 
f 1211//4310 1216//4310 1213//4310 
f 1213//4311 1216//4311 1214//4311 
f 1214//4312 1216//4312 1215//4312 
f 1181//4313 1180//4313 1189//4313 
f 3037//4314 1217//4314 1204//4314 
f 1204//4315 1217//4315 1205//4315 
f 1205//4316 1217//4316 1206//4316 
f 1206//4317 1217//4317 1216//4317 
f 1180//4318 1178//4318 1189//4318 
f 1179//4319 1178//4319 1180//4319 
f 1177//4320 1176//4320 1178//4320 
f 1176//4321 1174//4321 1178//4321 
f 1175//4322 1174//4322 1176//4322 
f 1221//4323 1223//4323 1222//4323 
f 1221//4324 1224//4324 1223//4324 
f 1218//4325 1225//4325 1219//4325 
f 1219//4326 1225//4326 1220//4326 
f 1220//4327 1225//4327 1221//4327 
f 1221//4328 1225//4328 1224//4328 
f 1217//4329 1225//4329 1218//4329 
f 1172//4330 1171//4330 1173//4330 
f 1173//4331 1171//4331 1174//4331 
f 1171//4332 1170//4332 1174//4332 
f 1170//4333 3040//4333 1174//4333 
f 1174//4334 3040//4334 1178//4334 
f 1226//4335 1228//4335 1227//4335 
f 1226//4336 1229//4336 1228//4336 
f 1226//4337 1230//4337 1229//4337 
f 1168//4338 3041//4338 1169//4338 
f 3041//4339 1167//4339 1169//4339 
f 3037//4340 1233//4340 1217//4340 
f 1225//4341 1233//4341 1226//4341 
f 1230//4342 1233//4342 3042//4342 
f 3042//4343 1233//4343 1231//4343 
f 1231//4344 1233//4344 3043//4344 
f 3043//4345 1233//4345 1232//4345 
f 1217//4346 1233//4346 1225//4346 
f 1226//4347 1233//4347 1230//4347 
f 1189//4348 1233//4348 3037//4348 
f 3044//4349 1164//4349 1165//4349 
f 1189//4350 1234//4350 1233//4350 
f 1165//4351 1163//4351 1166//4351 
f 1166//4352 1163//4352 1167//4352 
f 1169//4353 1163//4353 3040//4353 
f 3040//4354 1163//4354 1178//4354 
f 1167//4355 1163//4355 1169//4355 
f 1164//4356 1163//4356 1165//4356 
f 1163//4357 1162//4357 1178//4357 
f 1235//4358 1238//4358 1236//4358 
f 1236//4359 1238//4359 1237//4359 
f 1160//4360 1159//4360 1161//4360 
f 1159//4361 1158//4361 1161//4361 
f 1161//4362 1158//4362 1162//4362 
f 1238//4363 1240//4363 1239//4363 
f 1235//4364 1240//4364 1238//4364 
f 1157//4365 1156//4365 1158//4365 
f 1158//4366 1155//4366 1162//4366 
f 1156//4367 1155//4367 1158//4367 
f 1240//4368 1128//4368 1241//4368 
f 1241//4369 1128//4369 1127//4369 
f 1128//4370 1130//4370 1129//4370 
f 1235//4371 1130//4371 1240//4371 
f 1240//4372 1130//4372 1128//4372 
f 1153//4373 1152//4373 1154//4373 
f 1154//4374 1152//4374 1155//4374 
f 1152//4375 1151//4375 1155//4375 
f 1130//4376 3045//4376 1131//4376 
f 1151//4377 1150//4377 1155//4377 
f 1235//4378 1132//4378 1130//4378 
f 1178//4379 1132//4379 1189//4379 
f 1234//4380 1132//4380 1235//4380 
f 1130//4381 1132//4381 3045//4381 
f 1189//4382 1132//4382 1234//4382 
f 1132//4383 1134//4383 1133//4383 
f 1148//4384 1147//4384 1149//4384 
f 1149//4385 1147//4385 1150//4385 
f 1150//4386 1147//4386 1155//4386 
f 1134//4387 1136//4387 1135//4387 
f 1132//4388 1136//4388 1134//4388 
f 1155//4389 1145//4389 1162//4389 
f 1146//4390 1145//4390 1147//4390 
f 1147//4391 1145//4391 1155//4391 
f 1132//4392 3046//4392 1136//4392 
f 1178//4393 1137//4393 1132//4393 
f 1132//4394 1137//4394 3046//4394 
f 1144//4395 1143//4395 1145//4395 
f 1143//4396 1142//4396 1145//4396 
f 1137//4397 1138//4397 3047//4397 
f 1138//4398 1140//4398 1139//4398 
f 1141//4399 1140//4399 1142//4399 
f 1145//4400 1140//4400 1162//4400 
f 1142//4401 1140//4401 1145//4401 
f 1178//4402 1140//4402 1137//4402 
f 1137//4403 1140//4403 1138//4403 
f 1162//4404 1140//4404 1178//4404 
f 1291//4405 1290//4405 1292//4405 
f 1292//4406 1290//4406 1293//4406 
f 3048//4407 1298//4407 1295//4407 
f 1295//4408 1298//4408 1296//4408 
f 1296//4409 1298//4409 1297//4409 
f 1289//4410 1288//4410 3049//4410 
f 1298//4411 1301//4411 1299//4411 
f 1299//4412 1301//4412 1300//4412 
f 3050//4413 3051//4413 1288//4413 
f 1301//4414 1303//4414 1302//4414 
f 3051//4415 1287//4415 1288//4415 
f 1288//4416 1287//4416 3049//4416 
f 3052//4417 1287//4417 3051//4417 
f 3049//4418 1287//4418 3053//4418 
f 3053//4419 1287//4419 1290//4419 
f 1303//4420 1306//4420 1304//4420 
f 1304//4421 1306//4421 1305//4421 
f 3048//4422 1307//4422 1298//4422 
f 1298//4423 1307//4423 1301//4423 
f 1301//4424 1307//4424 1303//4424 
f 1303//4425 1307//4425 1306//4425 
f 3054//4426 1307//4426 1294//4426 
f 1294//4427 1307//4427 3048//4427 
f 1284//4428 3055//4428 1285//4428 
f 1285//4429 3055//4429 3056//4429 
f 1307//4430 1309//4430 1308//4430 
f 1283//4431 3057//4431 3055//4431 
f 3056//4432 3057//4432 1286//4432 
f 1286//4433 3057//4433 1287//4433 
f 3055//4434 3057//4434 3056//4434 
f 1309//4435 1310//4435 3058//4435 
f 1307//4436 1310//4436 1309//4436 
f 3059//4437 3060//4437 3057//4437 
f 3057//4438 3060//4438 1287//4438 
f 1310//4439 1312//4439 3061//4439 
f 3061//4440 1312//4440 1311//4440 
f 3062//4441 3063//4441 1282//4441 
f 1282//4442 3063//4442 3060//4442 
f 1312//4443 3064//4443 3065//4443 
f 1307//4444 3064//4444 1310//4444 
f 1310//4445 3064//4445 1312//4445 
f 1281//4446 3066//4446 3067//4446 
f 3064//4447 3068//4447 3069//4447 
f 3069//4448 3068//4448 3070//4448 
f 3066//4449 3071//4449 3067//4449 
f 3068//4450 1313//4450 3072//4450 
f 3071//4451 3073//4451 3067//4451 
f 3074//4452 3073//4452 3071//4452 
f 1313//4453 1315//4453 1314//4453 
f 3073//4454 3075//4454 3067//4454 
f 3076//4455 3075//4455 3073//4455 
f 3067//4456 3075//4456 3063//4456 
f 1307//4457 1316//4457 3064//4457 
f 3064//4458 1316//4458 3068//4458 
f 3068//4459 1316//4459 1313//4459 
f 1290//4460 1316//4460 1293//4460 
f 1313//4461 1316//4461 1315//4461 
f 1293//4462 1316//4462 3054//4462 
f 3054//4463 1316//4463 1307//4463 
f 1316//4464 1318//4464 1317//4464 
f 1280//4465 1279//4465 3077//4465 
f 3077//4466 1279//4466 3075//4466 
f 1318//4467 1320//4467 1319//4467 
f 1316//4468 1321//4468 1318//4468 
f 1318//4469 1321//4469 1320//4469 
f 1277//4470 1276//4470 1278//4470 
f 1278//4471 1276//4471 1279//4471 
f 1275//4472 1274//4472 1276//4472 
f 1276//4473 1274//4473 1279//4473 
f 1321//4474 1325//4474 1322//4474 
f 1322//4475 1325//4475 1323//4475 
f 1323//4476 1325//4476 1324//4476 
f 1273//4477 1272//4477 1274//4477 
f 1279//4478 1272//4478 3075//4478 
f 1274//4479 1272//4479 1279//4479 
f 1316//4480 1326//4480 1321//4480 
f 1321//4481 1326//4481 1325//4481 
f 1272//4482 1271//4482 3075//4482 
f 1271//4483 1270//4483 3075//4483 
f 1327//4484 1330//4484 1328//4484 
f 1328//4485 1330//4485 1329//4485 
f 1268//4486 1267//4486 1269//4486 
f 1269//4487 1267//4487 1270//4487 
f 1267//4488 1266//4488 1270//4488 
f 3063//4489 1266//4489 3060//4489 
f 3075//4490 1266//4490 3063//4490 
f 1270//4491 1266//4491 3075//4491 
f 1327//4492 1243//4492 1330//4492 
f 1326//4493 1243//4493 1327//4493 
f 1330//4494 1243//4494 1242//4494 
f 1265//4495 3078//4495 1266//4495 
f 1243//4496 1245//4496 1244//4496 
f 1326//4497 1245//4497 1243//4497 
f 1316//4498 1245//4498 1326//4498 
f 3078//4499 1264//4499 1266//4499 
f 1264//4500 3079//4500 1266//4500 
f 3080//4501 3079//4501 1264//4501 
f 1245//4502 1248//4502 1246//4502 
f 1246//4503 1248//4503 1247//4503 
f 3079//4504 3081//4504 1266//4504 
f 1245//4505 1249//4505 1248//4505 
f 1263//4506 1262//4506 3081//4506 
f 1249//4507 1251//4507 1250//4507 
f 1261//4508 3082//4508 3083//4508 
f 3083//4509 3082//4509 1262//4509 
f 1262//4510 3082//4510 3081//4510 
f 1251//4511 1254//4511 1252//4511 
f 1252//4512 1254//4512 1253//4512 
f 1245//4513 1254//4513 1249//4513 
f 1249//4514 1254//4514 1251//4514 
f 1245//4515 1255//4515 1254//4515 
f 3084//4516 1260//4516 3082//4516 
f 3082//4517 1260//4517 3081//4517 
f 1266//4518 1258//4518 3060//4518 
f 3081//4519 1258//4519 1266//4519 
f 3060//4520 1258//4520 1287//4520 
f 1255//4521 1258//4521 1256//4521 
f 1256//4522 1258//4522 1257//4522 
f 1259//4523 1258//4523 1260//4523 
f 1316//4524 1258//4524 1245//4524 
f 1290//4525 1258//4525 1316//4525 
f 1245//4526 1258//4526 1255//4526 
f 1260//4527 1258//4527 3081//4527 
f 1287//4528 1258//4528 1290//4528 
f 440//4529 2474//4529 1331//4529 
f 1022//4530 2474//4530 440//4530 
f 1331//4531 2475//4531 1332//4531 
f 2474//4532 2475//4532 1331//4532 
f 1332//4533 2476//4533 1334//4533 
f 2475//4534 2476//4534 1332//4534 
f 1334//4535 2477//4535 1335//4535 
f 2476//4536 2477//4536 1334//4536 
f 1335//4537 2478//4537 1336//4537 
f 2477//4538 2478//4538 1335//4538 
f 2478//4539 2479//4539 1336//4539 
f 1336//4540 2479//4540 1338//4540 
f 1338//4541 2480//4541 1339//4541 
f 2479//4542 2480//4542 1338//4542 
f 2480//4543 2481//4543 1339//4543 
f 1339//4544 2481//4544 1340//4544 
f 1340//4545 2482//4545 1341//4545 
f 2481//4546 2482//4546 1340//4546 
f 1341//4547 2483//4547 1343//4547 
f 2482//4548 2483//4548 1341//4548 
f 1343//4549 2484//4549 1344//4549 
f 2483//4550 2484//4550 1343//4550 
f 1344//4551 2485//4551 1345//4551 
f 2484//4552 2485//4552 1344//4552 
f 1345//4553 2486//4553 1347//4553 
f 2485//4554 2486//4554 1345//4554 
f 1347//4555 2487//4555 1348//4555 
f 2486//4556 2487//4556 1347//4556 
f 1348//4557 2488//4557 1349//4557 
f 2487//4558 2488//4558 1348//4558 
f 1349//4559 2489//4559 1351//4559 
f 2488//4560 2489//4560 1349//4560 
f 1351//4561 2490//4561 1352//4561 
f 2489//4562 2490//4562 1351//4562 
f 1352//4563 2491//4563 1353//4563 
f 2490//4564 2491//4564 1352//4564 
f 1353//4565 2492//4565 1355//4565 
f 2491//4566 2492//4566 1353//4566 
f 1355//4567 2493//4567 1356//4567 
f 2492//4568 2493//4568 1355//4568 
f 1356//4569 2494//4569 1357//4569 
f 2493//4570 2494//4570 1356//4570 
f 1357//4571 2495//4571 1359//4571 
f 2494//4572 2495//4572 1357//4572 
f 1359//4573 2496//4573 1360//4573 
f 2495//4574 2496//4574 1359//4574 
f 1360//4575 2497//4575 1361//4575 
f 2496//4576 2497//4576 1360//4576 
f 1361//4577 2498//4577 1362//4577 
f 2497//4578 2498//4578 1361//4578 
f 1362//4579 2499//4579 1364//4579 
f 2498//4580 2499//4580 1362//4580 
f 1364//4581 2500//4581 1365//4581 
f 2499//4582 2500//4582 1364//4582 
f 1365//4583 2501//4583 1366//4583 
f 2500//4584 2501//4584 1365//4584 
f 1366//4585 2502//4585 1368//4585 
f 2501//4586 2502//4586 1366//4586 
f 2502//4587 2503//4587 1368//4587 
f 1368//4588 2503//4588 1369//4588 
f 2503//4589 2504//4589 1369//4589 
f 1369//4590 2504//4590 1370//4590 
f 2504//4591 2505//4591 1370//4591 
f 1370//4592 2505//4592 1371//4592 
f 2505//4593 2506//4593 1371//4593 
f 1371//4594 2506//4594 1373//4594 
f 2506//4595 2507//4595 1373//4595 
f 1373//4596 2507//4596 1374//4596 
f 2507//4597 2508//4597 1374//4597 
f 1374//4598 2508//4598 1375//4598 
f 2508//4599 2509//4599 1375//4599 
f 1375//4600 2509//4600 1376//4600 
f 2509//4601 2510//4601 1376//4601 
f 1376//4602 2510//4602 1378//4602 
f 2510//4603 2415//4603 1378//4603 
f 1378//4604 2415//4604 1379//4604 
f 1380//4605 3085//4605 1414//4605 
f 1382//4606 1380//4606 1381//4606 
f 1385//4607 1382//4607 1383//4607 
f 1385//4608 1383//4608 1384//4608 
f 1386//4609 1380//4609 1382//4609 
f 1386//4610 1382//4610 1385//4610 
f 1388//4611 1386//4611 1387//4611 
f 1388//4612 1380//4612 1386//4612 
f 1389//4613 1380//4613 1388//4613 
f 1391//4614 1389//4614 1390//4614 
f 1391//4615 1380//4615 1389//4615 
f 1394//4616 1391//4616 1392//4616 
f 1394//4617 1392//4617 1393//4617 
f 1395//4618 1391//4618 1394//4618 
f 1396//4619 1391//4619 1395//4619 
f 1397//4620 1380//4620 1391//4620 
f 1397//4621 1391//4621 1396//4621 
f 1399//4622 1397//4622 1398//4622 
f 1399//4623 1380//4623 1397//4623 
f 1400//4624 1380//4624 1399//4624 
f 1401//4625 1380//4625 1400//4625 
f 1404//4626 1401//4626 1402//4626 
f 1404//4627 1402//4627 1403//4627 
f 1404//4628 1380//4628 1401//4628 
f 1407//4629 1404//4629 1405//4629 
f 1407//4630 1405//4630 1406//4630 
f 1409//4631 1407//4631 1408//4631 
f 1409//4632 1380//4632 1404//4632 
f 1409//4633 1404//4633 1407//4633 
f 1412//4634 1380//4634 1409//4634 
f 1412//4635 1409//4635 1410//4635 
f 1412//4636 1410//4636 1411//4636 
f 2061//4637 1380//4637 1412//4637 
f 2061//4638 3085//4638 1380//4638 
f 1413//4639 1414//4639 1415//4639 
f 1415//4640 1414//4640 1416//4640 
f 1417//4641 1416//4641 3086//4641 
f 1417//4642 3086//4642 1873//4642 
f 1417//4643 1873//4643 1418//4643 
f 1425//4644 1421//4644 1423//4644 
f 1458//4645 1459//4645 1460//4645 
f 1458//4646 1460//4646 1417//4646 
f 1428//4647 1421//4647 1425//4647 
f 1457//4648 1417//4648 1418//4648 
f 1457//4649 1458//4649 1417//4649 
f 1431//4650 1421//4650 1428//4650 
f 1434//4651 1421//4651 1431//4651 
f 1455//4652 1456//4652 1457//4652 
f 1454//4653 1418//4653 1421//4653 
f 1454//4654 1457//4654 1418//4654 
f 1454//4655 1455//4655 1457//4655 
f 1454//4656 1421//4656 1434//4656 
f 1438//4657 1436//4657 1437//4657 
f 1439//4658 1434//4658 1436//4658 
f 1439//4659 1453//4659 1454//4659 
f 1439//4660 1454//4660 1434//4660 
f 1439//4661 1436//4661 1438//4661 
f 1441//4662 1439//4662 1440//4662 
f 1449//4663 1450//4663 1451//4663 
f 1449//4664 1451//4664 1452//4664 
f 1449//4665 1452//4665 1453//4665 
f 1442//4666 1439//4666 1441//4666 
f 1448//4667 1453//4667 1439//4667 
f 1448//4668 1449//4668 1453//4668 
f 1448//4669 1439//4669 1442//4669 
f 1444//4670 1442//4670 1443//4670 
f 1445//4671 1448//4671 1442//4671 
f 1445//4672 1442//4672 1444//4672 
f 1445//4673 1446//4673 1447//4673 
f 1445//4674 1447//4674 1448//4674 
f 3087//4675 3088//4675 1508//4675 
f 1508//4676 3088//4676 1509//4676 
f 1509//4677 3089//4677 1510//4677 
f 3088//4678 3089//4678 1509//4678 
f 1510//4679 3090//4679 1511//4679 
f 3089//4680 3090//4680 1510//4680 
f 1511//4681 3091//4681 1512//4681 
f 3090//4682 3091//4682 1511//4682 
f 1512//4683 3092//4683 1513//4683 
f 3091//4684 3092//4684 1512//4684 
f 1513//4685 3093//4685 1514//4685 
f 3092//4686 3093//4686 1513//4686 
f 1514//4687 3094//4687 1515//4687 
f 3093//4688 3094//4688 1514//4688 
f 1515//4689 3095//4689 1516//4689 
f 3094//4690 3095//4690 1515//4690 
f 1516//4691 3096//4691 1517//4691 
f 3095//4692 3096//4692 1516//4692 
f 1517//4693 3097//4693 1518//4693 
f 3096//4694 3097//4694 1517//4694 
f 3097//4695 3098//4695 1518//4695 
f 1518//4696 3098//4696 1519//4696 
f 3098//4697 3099//4697 1519//4697 
f 1519//4698 3099//4698 1522//4698 
f 3099//4699 3100//4699 1522//4699 
f 1522//4700 3100//4700 1524//4700 
f 3100//4701 3101//4701 1524//4701 
f 1524//4702 3101//4702 1526//4702 
f 3101//4703 3102//4703 1526//4703 
f 1526//4704 3102//4704 1528//4704 
f 3102//4705 3103//4705 1528//4705 
f 1528//4706 3103//4706 1530//4706 
f 3103//4707 3104//4707 1530//4707 
f 1530//4708 3104//4708 1532//4708 
f 1532//4709 3104//4709 1534//4709 
f 3104//4710 3105//4710 1534//4710 
f 3105//4711 3106//4711 1534//4711 
f 1534//4712 3106//4712 1536//4712 
f 3106//4713 3107//4713 1536//4713 
f 1536//4714 3107//4714 1538//4714 
f 1538//4715 3107//4715 1540//4715 
f 3107//4716 3108//4716 1540//4716 
f 1540//4717 3108//4717 1542//4717 
f 3108//4718 3109//4718 1542//4718 
f 1542//4719 3110//4719 1544//4719 
f 3109//4720 3110//4720 1542//4720 
f 1544//4721 3110//4721 1546//4721 
f 3110//4722 3111//4722 1546//4722 
f 1546//4723 3112//4723 1548//4723 
f 3111//4724 3112//4724 1546//4724 
f 1548//4725 3113//4725 1549//4725 
f 3112//4726 3113//4726 1548//4726 
f 1549//4727 3114//4727 1550//4727 
f 3113//4728 3114//4728 1549//4728 
f 1550//4729 3115//4729 1551//4729 
f 1551//4730 3115//4730 1552//4730 
f 3114//4731 3115//4731 1550//4731 
f 3115//4732 3116//4732 1552//4732 
f 1552//4733 3117//4733 1553//4733 
f 3116//4734 3117//4734 1552//4734 
f 1553//4735 3118//4735 1554//4735 
f 3117//4736 3118//4736 1553//4736 
f 1554//4737 3119//4737 1491//4737 
f 3118//4738 3119//4738 1554//4738 
f 1491//4739 3120//4739 1489//4739 
f 3119//4740 3120//4740 1491//4740 
f 1489//4741 3121//4741 1487//4741 
f 1487//4742 3121//4742 1485//4742 
f 3120//4743 3121//4743 1489//4743 
f 3121//4744 3122//4744 1485//4744 
f 3122//4745 3123//4745 1485//4745 
f 1485//4746 3123//4746 1483//4746 
f 1483//4747 3123//4747 1481//4747 
f 3123//4748 3124//4748 1481//4748 
f 1481//4749 3125//4749 1479//4749 
f 3124//4750 3125//4750 1481//4750 
f 3125//4751 3126//4751 1479//4751 
f 1479//4752 3126//4752 1477//4752 
f 1477//4753 3126//4753 1475//4753 
f 3126//4754 3127//4754 1475//4754 
f 3127//4755 3128//4755 1475//4755 
f 1475//4756 3128//4756 1473//4756 
f 3128//4757 3129//4757 1473//4757 
f 1473//4758 3129//4758 1471//4758 
f 1471//4759 3129//4759 1469//4759 
f 3129//4760 3130//4760 1469//4760 
f 3130//4761 3131//4761 1469//4761 
f 1469//4762 3131//4762 1467//4762 
f 3131//4763 3132//4763 1467//4763 
f 1467//4764 3132//4764 1465//4764 
f 3132//4765 3133//4765 1465//4765 
f 1465//4766 3133//4766 1463//4766 
f 1463//4767 3133//4767 1462//4767 
f 3133//4768 3134//4768 1462//4768 
f 1462//4769 3134//4769 1461//4769 
f 3134//4770 3135//4770 1461//4770 
f 3135//4771 3136//4771 1461//4771 
f 1461//4772 3136//4772 1464//4772 
f 1464//4773 3136//4773 1466//4773 
f 3136//4774 3137//4774 1466//4774 
f 3137//4775 3138//4775 1466//4775 
f 1466//4776 3138//4776 1468//4776 
f 3138//4777 3139//4777 1468//4777 
f 1468//4778 3139//4778 1470//4778 
f 3139//4779 3140//4779 1470//4779 
f 1470//4780 3140//4780 1472//4780 
f 3140//4781 3141//4781 1472//4781 
f 1472//4782 3141//4782 1474//4782 
f 3141//4783 3142//4783 1474//4783 
f 1474//4784 3142//4784 1476//4784 
f 1476//4785 3142//4785 1478//4785 
f 3142//4786 3143//4786 1478//4786 
f 3143//4787 3144//4787 1478//4787 
f 1478//4788 3144//4788 1480//4788 
f 1480//4789 3145//4789 1482//4789 
f 3144//4790 3145//4790 1480//4790 
f 1482//4791 3146//4791 1484//4791 
f 3145//4792 3146//4792 1482//4792 
f 1484//4793 3147//4793 1486//4793 
f 3146//4794 3147//4794 1484//4794 
f 1486//4795 3148//4795 1488//4795 
f 3147//4796 3148//4796 1486//4796 
f 3148//4797 3149//4797 1488//4797 
f 1488//4798 3149//4798 1490//4798 
f 3149//4799 3150//4799 1490//4799 
f 1490//4800 3150//4800 1492//4800 
f 3150//4801 3151//4801 1492//4801 
f 1492//4802 3151//4802 1493//4802 
f 3151//4803 3152//4803 1493//4803 
f 1493//4804 3152//4804 1494//4804 
f 3152//4805 3153//4805 1494//4805 
f 1494//4806 3153//4806 1495//4806 
f 3153//4807 3154//4807 1495//4807 
f 1495//4808 3154//4808 1496//4808 
f 3154//4809 3155//4809 1496//4809 
f 1496//4810 3155//4810 1497//4810 
f 3155//4811 3156//4811 1497//4811 
f 1497//4812 3156//4812 1498//4812 
f 3156//4813 3157//4813 1498//4813 
f 1498//4814 3157//4814 1499//4814 
f 3157//4815 3158//4815 1499//4815 
f 1499//4816 3158//4816 1500//4816 
f 3158//4817 3159//4817 1500//4817 
f 1500//4818 3159//4818 1501//4818 
f 3159//4819 3160//4819 1501//4819 
f 1501//4820 3160//4820 1502//4820 
f 3160//4821 3161//4821 1502//4821 
f 1502//4822 3161//4822 1503//4822 
f 1503//4823 3162//4823 1504//4823 
f 3161//4824 3162//4824 1503//4824 
f 1504//4825 3163//4825 1505//4825 
f 3162//4826 3163//4826 1504//4826 
f 1505//4827 3164//4827 1506//4827 
f 3163//4828 3164//4828 1505//4828 
f 1506//4829 3165//4829 1507//4829 
f 3164//4830 3165//4830 1506//4830 
f 1507//4831 3166//4831 1568//4831 
f 3165//4832 3166//4832 1507//4832 
f 1568//4833 3167//4833 1571//4833 
f 3166//4834 3167//4834 1568//4834 
f 1571//4835 3168//4835 1574//4835 
f 3167//4836 3168//4836 1571//4836 
f 1574//4837 3169//4837 1575//4837 
f 3168//4838 3169//4838 1574//4838 
f 1575//4839 3170//4839 1578//4839 
f 3169//4840 3170//4840 1575//4840 
f 1578//4841 3171//4841 1579//4841 
f 3170//4842 3171//4842 1578//4842 
f 1579//4843 3172//4843 1582//4843 
f 3171//4844 3172//4844 1579//4844 
f 1582//4845 3173//4845 1585//4845 
f 3172//4846 3173//4846 1582//4846 
f 1585//4847 3174//4847 1586//4847 
f 3173//4848 3174//4848 1585//4848 
f 3174//4849 3175//4849 1586//4849 
f 1586//4850 3175//4850 1589//4850 
f 3175//4851 3176//4851 1589//4851 
f 1589//4852 3176//4852 1590//4852 
f 3176//4853 3177//4853 1590//4853 
f 1590//4854 3177//4854 1592//4854 
f 3177//4855 3178//4855 1592//4855 
f 1592//4856 3178//4856 1593//4856 
f 1593//4857 3179//4857 1595//4857 
f 3178//4858 3179//4858 1593//4858 
f 1595//4859 3180//4859 1596//4859 
f 3179//4860 3180//4860 1595//4860 
f 1596//4861 3181//4861 1598//4861 
f 3180//4862 3181//4862 1596//4862 
f 1598//4863 3182//4863 1599//4863 
f 3181//4864 3182//4864 1598//4864 
f 1599//4865 3183//4865 1601//4865 
f 3182//4866 3183//4866 1599//4866 
f 1601//4867 3184//4867 1603//4867 
f 3183//4868 3184//4868 1601//4868 
f 1603//4869 3185//4869 1604//4869 
f 3184//4870 3185//4870 1603//4870 
f 1604//4871 3186//4871 1606//4871 
f 3185//4872 3186//4872 1604//4872 
f 1606//4873 3187//4873 1607//4873 
f 3186//4874 3187//4874 1606//4874 
f 1607//4875 3188//4875 1609//4875 
f 3187//4876 3188//4876 1607//4876 
f 1609//4877 3189//4877 1610//4877 
f 3188//4878 3189//4878 1609//4878 
f 1610//4879 3190//4879 1612//4879 
f 3189//4880 3190//4880 1610//4880 
f 1612//4881 3191//4881 1613//4881 
f 3190//4882 3191//4882 1612//4882 
f 1613//4883 3192//4883 1615//4883 
f 3191//4884 3192//4884 1613//4884 
f 1615//4885 3193//4885 1617//4885 
f 3192//4886 3193//4886 1615//4886 
f 1617//4887 3194//4887 1618//4887 
f 3193//4888 3194//4888 1617//4888 
f 1618//4889 3195//4889 1620//4889 
f 3194//4890 3195//4890 1618//4890 
f 1620//4891 3196//4891 1621//4891 
f 3195//4892 3196//4892 1620//4892 
f 1621//4893 3197//4893 1623//4893 
f 3196//4894 3197//4894 1621//4894 
f 1623//4895 3198//4895 1520//4895 
f 3197//4896 3198//4896 1623//4896 
f 3198//4897 3199//4897 1520//4897 
f 1520//4898 3199//4898 1521//4898 
f 3199//4899 3200//4899 1521//4899 
f 1521//4900 3200//4900 1523//4900 
f 3200//4901 3201//4901 1523//4901 
f 1523//4902 3201//4902 1525//4902 
f 3201//4903 3202//4903 1525//4903 
f 1525//4904 3202//4904 1527//4904 
f 3202//4905 3203//4905 1527//4905 
f 1527//4906 3203//4906 1529//4906 
f 3203//4907 3204//4907 1529//4907 
f 1529//4908 3204//4908 1531//4908 
f 3204//4909 3205//4909 1531//4909 
f 1531//4910 3205//4910 1533//4910 
f 3205//4911 3206//4911 1533//4911 
f 1533//4912 3206//4912 1535//4912 
f 3206//4913 3207//4913 1535//4913 
f 1535//4914 3207//4914 1537//4914 
f 3207//4915 3208//4915 1537//4915 
f 1537//4916 3208//4916 1539//4916 
f 3208//4917 3209//4917 1539//4917 
f 1539//4918 3209//4918 1541//4918 
f 3209//4919 3210//4919 1541//4919 
f 1541//4920 3210//4920 1543//4920 
f 3210//4921 3211//4921 1543//4921 
f 1543//4922 3211//4922 1545//4922 
f 1545//4923 3212//4923 1547//4923 
f 3211//4924 3212//4924 1545//4924 
f 1547//4925 3212//4925 1508//4925 
f 3212//4926 3087//4926 1508//4926 
f 3213//4927 3214//4927 1833//4927 
f 1833//4928 3214//4928 1836//4928 
f 1836//4929 3215//4929 1837//4929 
f 3214//4930 3215//4930 1836//4930 
f 1837//4931 3216//4931 1838//4931 
f 3215//4932 3216//4932 1837//4932 
f 1838//4933 3217//4933 1642//4933 
f 3216//4934 3217//4934 1838//4934 
f 1642//4935 3218//4935 1641//4935 
f 3217//4936 3218//4936 1642//4936 
f 1641//4937 3219//4937 1640//4937 
f 3218//4938 3219//4938 1641//4938 
f 1640//4939 3220//4939 1639//4939 
f 3219//4940 3220//4940 1640//4940 
f 1639//4941 3221//4941 1638//4941 
f 3220//4942 3221//4942 1639//4942 
f 1638//4943 3222//4943 1637//4943 
f 1637//4944 3222//4944 1636//4944 
f 3221//4945 3222//4945 1638//4945 
f 3222//4946 3223//4946 1636//4946 
f 3223//4947 3224//4947 1636//4947 
f 1636//4948 3224//4948 1635//4948 
f 3224//4949 3225//4949 1635//4949 
f 1635//4950 3225//4950 1634//4950 
f 3225//4951 3226//4951 1634//4951 
f 1634//4952 3226//4952 1633//4952 
f 3226//4953 3227//4953 1633//4953 
f 1633//4954 3227//4954 1632//4954 
f 1632//4955 3227//4955 1631//4955 
f 3227//4956 3228//4956 1631//4956 
f 3228//4957 3229//4957 1631//4957 
f 1631//4958 3229//4958 1630//4958 
f 3229//4959 3230//4959 1630//4959 
f 1630//4960 3230//4960 1629//4960 
f 3230//4961 3231//4961 1629//4961 
f 1629//4962 3231//4962 1628//4962 
f 1628//4963 3231//4963 1627//4963 
f 3231//4964 3232//4964 1627//4964 
f 1627//4965 3232//4965 1626//4965 
f 3232//4966 3233//4966 1626//4966 
f 3233//4967 3234//4967 1626//4967 
f 1626//4968 3234//4968 1625//4968 
f 1625//4969 3234//4969 1624//4969 
f 3234//4970 3235//4970 1624//4970 
f 1624//4971 3236//4971 1622//4971 
f 3235//4972 3236//4972 1624//4972 
f 1622//4973 3236//4973 1619//4973 
f 1619//4974 3237//4974 1616//4974 
f 3236//4975 3237//4975 1619//4975 
f 3237//4976 3238//4976 1616//4976 
f 1616//4977 3239//4977 1614//4977 
f 3238//4978 3239//4978 1616//4978 
f 1614//4979 3240//4979 1611//4979 
f 3239//4980 3240//4980 1614//4980 
f 1611//4981 3241//4981 1608//4981 
f 3240//4982 3241//4982 1611//4982 
f 1608//4983 3242//4983 1605//4983 
f 3241//4984 3242//4984 1608//4984 
f 1605//4985 3243//4985 1602//4985 
f 3242//4986 3243//4986 1605//4986 
f 1602//4987 3244//4987 1600//4987 
f 1600//4988 3244//4988 1597//4988 
f 3243//4989 3244//4989 1602//4989 
f 3244//4990 3245//4990 1597//4990 
f 1597//4991 3246//4991 1594//4991 
f 3245//4992 3246//4992 1597//4992 
f 1594//4993 3247//4993 1591//4993 
f 3246//4994 3247//4994 1594//4994 
f 1591//4995 3248//4995 1588//4995 
f 3247//4996 3248//4996 1591//4996 
f 1588//4997 3249//4997 1584//4997 
f 3248//4998 3249//4998 1588//4998 
f 3249//4999 3250//4999 1584//4999 
f 1584//5000 3250//5000 1581//5000 
f 3250//5001 3251//5001 1581//5001 
f 1581//5002 3251//5002 1577//5002 
f 3251//5003 3252//5003 1577//5003 
f 1577//5004 3252//5004 1573//5004 
f 1573//5005 3252//5005 1570//5005 
f 3252//5006 3253//5006 1570//5006 
f 3253//5007 3254//5007 1570//5007 
f 1570//5008 3254//5008 1567//5008 
f 1567//5009 3254//5009 1565//5009 
f 3254//5010 3255//5010 1565//5010 
f 3255//5011 3256//5011 1565//5011 
f 1565//5012 3256//5012 1563//5012 
f 3256//5013 3257//5013 1563//5013 
f 1563//5014 3257//5014 1561//5014 
f 3257//5015 3258//5015 1561//5015 
f 1561//5016 3258//5016 1559//5016 
f 3258//5017 3259//5017 1559//5017 
f 1559//5018 3259//5018 1557//5018 
f 3259//5019 3260//5019 1557//5019 
f 1557//5020 3260//5020 1556//5020 
f 3260//5021 3261//5021 1556//5021 
f 1556//5022 3261//5022 1555//5022 
f 1555//5023 3261//5023 1558//5023 
f 3261//5024 3262//5024 1558//5024 
f 3262//5025 3263//5025 1558//5025 
f 1558//5026 3263//5026 1560//5026 
f 3263//5027 3264//5027 1560//5027 
f 1560//5028 3264//5028 1562//5028 
f 3264//5029 3265//5029 1562//5029 
f 1562//5030 3265//5030 1564//5030 
f 3265//5031 3266//5031 1564//5031 
f 1564//5032 3266//5032 1566//5032 
f 3266//5033 3267//5033 1566//5033 
f 1566//5034 3267//5034 1569//5034 
f 3267//5035 3268//5035 1569//5035 
f 1569//5036 3268//5036 1572//5036 
f 3268//5037 3269//5037 1572//5037 
f 1572//5038 3269//5038 1576//5038 
f 3269//5039 3270//5039 1576//5039 
f 1576//5040 3270//5040 1580//5040 
f 1580//5041 3271//5041 1583//5041 
f 3270//5042 3271//5042 1580//5042 
f 1583//5043 3272//5043 1587//5043 
f 3271//5044 3272//5044 1583//5044 
f 1587//5045 3273//5045 1830//5045 
f 3272//5046 3273//5046 1587//5046 
f 1830//5047 3274//5047 1829//5047 
f 3273//5048 3274//5048 1830//5048 
f 3274//5049 3275//5049 1829//5049 
f 1829//5050 3275//5050 1828//5050 
f 3275//5051 3276//5051 1828//5051 
f 1828//5052 3276//5052 1827//5052 
f 3276//5053 3277//5053 1827//5053 
f 1827//5054 3277//5054 1831//5054 
f 3277//5055 3278//5055 1831//5055 
f 1831//5056 3278//5056 1832//5056 
f 3278//5057 3279//5057 1832//5057 
f 1832//5058 3279//5058 1658//5058 
f 3279//5059 3280//5059 1658//5059 
f 1658//5060 3280//5060 1659//5060 
f 3280//5061 3281//5061 1659//5061 
f 1659//5062 3281//5062 1660//5062 
f 1660//5063 3281//5063 1661//5063 
f 3281//5064 3282//5064 1661//5064 
f 3282//5065 3283//5065 1661//5065 
f 1661//5066 3283//5066 1662//5066 
f 3283//5067 3284//5067 1662//5067 
f 1662//5068 3284//5068 1643//5068 
f 3284//5069 3285//5069 1643//5069 
f 1643//5070 3285//5070 1644//5070 
f 3285//5071 3286//5071 1644//5071 
f 1644//5072 3286//5072 1645//5072 
f 1646//5073 3287//5073 1647//5073 
f 3286//5074 3287//5074 1645//5074 
f 1645//5075 3287//5075 1646//5075 
f 3287//5076 3288//5076 1647//5076 
f 1647//5077 3289//5077 1648//5077 
f 3288//5078 3289//5078 1647//5078 
f 1648//5079 3290//5079 1649//5079 
f 3289//5080 3290//5080 1648//5080 
f 1649//5081 3291//5081 1650//5081 
f 3290//5082 3291//5082 1649//5082 
f 1650//5083 3292//5083 1651//5083 
f 1651//5084 3292//5084 1652//5084 
f 3291//5085 3292//5085 1650//5085 
f 3292//5086 3293//5086 1652//5086 
f 1652//5087 3294//5087 1653//5087 
f 3293//5088 3294//5088 1652//5088 
f 1653//5089 3295//5089 1654//5089 
f 3294//5090 3295//5090 1653//5090 
f 1654//5091 3296//5091 1655//5091 
f 3295//5092 3296//5092 1654//5092 
f 1655//5093 3297//5093 1656//5093 
f 3296//5094 3297//5094 1655//5094 
f 1656//5095 3298//5095 1657//5095 
f 1657//5096 3298//5096 1664//5096 
f 3297//5097 3298//5097 1656//5097 
f 3298//5098 3299//5098 1664//5098 
f 1664//5099 3300//5099 1667//5099 
f 3299//5100 3300//5100 1664//5100 
f 3300//5101 3301//5101 1667//5101 
f 1667//5102 3301//5102 1672//5102 
f 1672//5103 3301//5103 1677//5103 
f 3301//5104 3302//5104 1677//5104 
f 3302//5105 3303//5105 1677//5105 
f 1677//5106 3303//5106 1680//5106 
f 3303//5107 3304//5107 1680//5107 
f 1680//5108 3304//5108 1685//5108 
f 1685//5109 3304//5109 1690//5109 
f 3304//5110 3305//5110 1690//5110 
f 1690//5111 3306//5111 1695//5111 
f 3305//5112 3306//5112 1690//5112 
f 1695//5113 3307//5113 1700//5113 
f 1700//5114 3307//5114 1705//5114 
f 3306//5115 3307//5115 1695//5115 
f 3307//5116 3308//5116 1705//5116 
f 1705//5117 3309//5117 1708//5117 
f 1708//5118 3309//5118 1713//5118 
f 3308//5119 3309//5119 1705//5119 
f 3309//5120 3310//5120 1713//5120 
f 1713//5121 3311//5121 1718//5121 
f 1718//5122 3311//5122 1723//5122 
f 3310//5123 3311//5123 1713//5123 
f 3311//5124 3312//5124 1723//5124 
f 1723//5125 3313//5125 1728//5125 
f 1728//5126 3313//5126 1731//5126 
f 3312//5127 3313//5127 1723//5127 
f 3313//5128 3314//5128 1731//5128 
f 1731//5129 3315//5129 1736//5129 
f 1736//5130 3315//5130 1741//5130 
f 3314//5131 3315//5131 1731//5131 
f 3315//5132 3316//5132 1741//5132 
f 1741//5133 3317//5133 1744//5133 
f 1744//5134 3317//5134 1760//5134 
f 3316//5135 3317//5135 1741//5135 
f 3317//5136 3318//5136 1760//5136 
f 1760//5137 3319//5137 1761//5137 
f 1761//5138 3319//5138 1762//5138 
f 3318//5139 3319//5139 1760//5139 
f 3319//5140 3320//5140 1762//5140 
f 1762//5141 3321//5141 1763//5141 
f 3320//5142 3321//5142 1762//5142 
f 1763//5143 3322//5143 1764//5143 
f 3321//5144 3322//5144 1763//5144 
f 1764//5145 3323//5145 1765//5145 
f 3322//5146 3323//5146 1764//5146 
f 1765//5147 3324//5147 1766//5147 
f 3323//5148 3324//5148 1765//5148 
f 3324//5149 3325//5149 1766//5149 
f 1766//5150 3325//5150 1767//5150 
f 1767//5151 3325//5151 1768//5151 
f 3325//5152 3326//5152 1768//5152 
f 1768//5153 3327//5153 1769//5153 
f 1769//5154 3327//5154 1770//5154 
f 3326//5155 3327//5155 1768//5155 
f 3327//5156 3328//5156 1770//5156 
f 1770//5157 3329//5157 1771//5157 
f 3328//5158 3329//5158 1770//5158 
f 3329//5159 3330//5159 1771//5159 
f 1771//5160 3330//5160 1772//5160 
f 1772//5161 3330//5161 1773//5161 
f 3330//5162 3331//5162 1773//5162 
f 1773//5163 3331//5163 1774//5163 
f 3331//5164 3332//5164 1774//5164 
f 3332//5165 3333//5165 1774//5165 
f 1774//5166 3333//5166 1775//5166 
f 3333//5167 3334//5167 1775//5167 
f 1775//5168 3334//5168 1776//5168 
f 3334//5169 3335//5169 1776//5169 
f 1776//5170 3335//5170 1777//5170 
f 1777//5171 3335//5171 1778//5171 
f 3335//5172 3336//5172 1778//5172 
f 1778//5173 3336//5173 1835//5173 
f 3336//5174 3337//5174 1835//5174 
f 1835//5175 3338//5175 1834//5175 
f 3337//5176 3338//5176 1835//5176 
f 1834//5177 3338//5177 1833//5177 
f 3338//5178 3213//5178 1833//5178 
f 3339//5179 3340//5179 1784//5179 
f 1784//5180 3340//5180 1785//5180 
f 1785//5181 3341//5181 1787//5181 
f 3340//5182 3341//5182 1785//5182 
f 1787//5183 3342//5183 1789//5183 
f 3341//5184 3342//5184 1787//5184 
f 1789//5185 3343//5185 1791//5185 
f 3342//5186 3343//5186 1789//5186 
f 1791//5187 3344//5187 1793//5187 
f 3343//5188 3344//5188 1791//5188 
f 1793//5189 3345//5189 1795//5189 
f 3344//5190 3345//5190 1793//5190 
f 1795//5191 3346//5191 1797//5191 
f 3345//5192 3346//5192 1795//5192 
f 1797//5193 3347//5193 1799//5193 
f 3346//5194 3347//5194 1797//5194 
f 1799//5195 3348//5195 1801//5195 
f 3347//5196 3348//5196 1799//5196 
f 1801//5197 3349//5197 1803//5197 
f 3348//5198 3349//5198 1801//5198 
f 3349//5199 3350//5199 1803//5199 
f 1803//5200 3350//5200 1805//5200 
f 3350//5201 3351//5201 1805//5201 
f 1805//5202 3351//5202 1807//5202 
f 3351//5203 3352//5203 1807//5203 
f 1807//5204 3352//5204 1809//5204 
f 3352//5205 3353//5205 1809//5205 
f 1809//5206 3353//5206 1811//5206 
f 3353//5207 3354//5207 1811//5207 
f 1811//5208 3354//5208 1746//5208 
f 3354//5209 3355//5209 1746//5209 
f 1746//5210 3355//5210 1743//5210 
f 3355//5211 3356//5211 1743//5211 
f 1743//5212 3356//5212 1740//5212 
f 1740//5213 3356//5213 1738//5213 
f 3356//5214 3357//5214 1738//5214 
f 3357//5215 3358//5215 1738//5215 
f 1738//5216 3358//5216 1735//5216 
f 3358//5217 3359//5217 1735//5217 
f 1735//5218 3359//5218 1733//5218 
f 1733//5219 3359//5219 1730//5219 
f 3359//5220 3360//5220 1730//5220 
f 1730//5221 3360//5221 1727//5221 
f 3360//5222 3361//5222 1727//5222 
f 1727//5223 3362//5223 1725//5223 
f 3361//5224 3362//5224 1727//5224 
f 1725//5225 3362//5225 1722//5225 
f 3362//5226 3363//5226 1722//5226 
f 1722//5227 3364//5227 1720//5227 
f 3363//5228 3364//5228 1722//5228 
f 1720//5229 3365//5229 1717//5229 
f 3364//5230 3365//5230 1720//5230 
f 1717//5231 3366//5231 1715//5231 
f 3365//5232 3366//5232 1717//5232 
f 1715//5233 3367//5233 1712//5233 
f 1712//5234 3367//5234 1710//5234 
f 3366//5235 3367//5235 1715//5235 
f 3367//5236 3368//5236 1710//5236 
f 1710//5237 3369//5237 1707//5237 
f 3368//5238 3369//5238 1710//5238 
f 1707//5239 3370//5239 1704//5239 
f 3369//5240 3370//5240 1707//5240 
f 1704//5241 3371//5241 1702//5241 
f 3370//5242 3371//5242 1704//5242 
f 1702//5243 3372//5243 1699//5243 
f 3371//5244 3372//5244 1702//5244 
f 1699//5245 3373//5245 1697//5245 
f 1697//5246 3373//5246 1694//5246 
f 3372//5247 3373//5247 1699//5247 
f 3373//5248 3374//5248 1694//5248 
f 3374//5249 3375//5249 1694//5249 
f 1694//5250 3375//5250 1692//5250 
f 1692//5251 3375//5251 1689//5251 
f 3375//5252 3376//5252 1689//5252 
f 1689//5253 3377//5253 1687//5253 
f 3376//5254 3377//5254 1689//5254 
f 3377//5255 3378//5255 1687//5255 
f 1687//5256 3378//5256 1684//5256 
f 1684//5257 3378//5257 1682//5257 
f 3378//5258 3379//5258 1682//5258 
f 3379//5259 3380//5259 1682//5259 
f 1682//5260 3380//5260 1679//5260 
f 3380//5261 3381//5261 1679//5261 
f 1679//5262 3381//5262 1676//5262 
f 1676//5263 3381//5263 1674//5263 
f 3381//5264 3382//5264 1674//5264 
f 3382//5265 3383//5265 1674//5265 
f 1674//5266 3383//5266 1671//5266 
f 3383//5267 3384//5267 1671//5267 
f 1671//5268 3384//5268 1669//5268 
f 3384//5269 3385//5269 1669//5269 
f 1669//5270 3385//5270 1666//5270 
f 1666//5271 3385//5271 1663//5271 
f 3385//5272 3386//5272 1663//5272 
f 1663//5273 3386//5273 1665//5273 
f 3386//5274 3387//5274 1665//5274 
f 3387//5275 3388//5275 1665//5275 
f 1665//5276 3388//5276 1668//5276 
f 1668//5277 3388//5277 1670//5277 
f 3388//5278 3389//5278 1670//5278 
f 3389//5279 3390//5279 1670//5279 
f 1670//5280 3390//5280 1673//5280 
f 3390//5281 3391//5281 1673//5281 
f 1673//5282 3391//5282 1675//5282 
f 3391//5283 3392//5283 1675//5283 
f 1675//5284 3392//5284 1678//5284 
f 3392//5285 3393//5285 1678//5285 
f 1678//5286 3393//5286 1681//5286 
f 3393//5287 3394//5287 1681//5287 
f 1681//5288 3394//5288 1683//5288 
f 1683//5289 3394//5289 1686//5289 
f 3394//5290 3395//5290 1686//5290 
f 3395//5291 3396//5291 1686//5291 
f 1686//5292 3396//5292 1688//5292 
f 1688//5293 3397//5293 1691//5293 
f 3396//5294 3397//5294 1688//5294 
f 1691//5295 3398//5295 1693//5295 
f 3397//5296 3398//5296 1691//5296 
f 1693//5297 3399//5297 1696//5297 
f 3398//5298 3399//5298 1693//5298 
f 1696//5299 3400//5299 1698//5299 
f 3399//5300 3400//5300 1696//5300 
f 3400//5301 3401//5301 1698//5301 
f 1698//5302 3401//5302 1701//5302 
f 3401//5303 3402//5303 1701//5303 
f 1701//5304 3402//5304 1703//5304 
f 3402//5305 3403//5305 1703//5305 
f 1703//5306 3403//5306 1706//5306 
f 3403//5307 3404//5307 1706//5307 
f 1706//5308 3404//5308 1709//5308 
f 3404//5309 3405//5309 1709//5309 
f 1709//5310 3405//5310 1711//5310 
f 3405//5311 3406//5311 1711//5311 
f 1711//5312 3406//5312 1714//5312 
f 3406//5313 3407//5313 1714//5313 
f 1714//5314 3407//5314 1716//5314 
f 3407//5315 3408//5315 1716//5315 
f 1716//5316 3408//5316 1719//5316 
f 3408//5317 3409//5317 1719//5317 
f 1719//5318 3409//5318 1721//5318 
f 3409//5319 3410//5319 1721//5319 
f 1721//5320 3410//5320 1724//5320 
f 3410//5321 3411//5321 1724//5321 
f 1724//5322 3411//5322 1726//5322 
f 3411//5323 3412//5323 1726//5323 
f 1726//5324 3412//5324 1729//5324 
f 3412//5325 3413//5325 1729//5325 
f 1729//5326 3413//5326 1732//5326 
f 1732//5327 3414//5327 1734//5327 
f 3413//5328 3414//5328 1732//5328 
f 1734//5329 3415//5329 1737//5329 
f 3414//5330 3415//5330 1734//5330 
f 1737//5331 3416//5331 1739//5331 
f 3415//5332 3416//5332 1737//5332 
f 1739//5333 3417//5333 1742//5333 
f 3416//5334 3417//5334 1739//5334 
f 1742//5335 3418//5335 1745//5335 
f 3417//5336 3418//5336 1742//5336 
f 1745//5337 3419//5337 1747//5337 
f 3418//5338 3419//5338 1745//5338 
f 1747//5339 3420//5339 1748//5339 
f 3419//5340 3420//5340 1747//5340 
f 1748//5341 3421//5341 1749//5341 
f 3420//5342 3421//5342 1748//5342 
f 1749//5343 3422//5343 1750//5343 
f 3421//5344 3422//5344 1749//5344 
f 1750//5345 3423//5345 1751//5345 
f 3422//5346 3423//5346 1750//5346 
f 1751//5347 3424//5347 1752//5347 
f 3423//5348 3424//5348 1751//5348 
f 1752//5349 3425//5349 1753//5349 
f 3424//5350 3425//5350 1752//5350 
f 1753//5351 3426//5351 1754//5351 
f 3425//5352 3426//5352 1753//5352 
f 3426//5353 3427//5353 1754//5353 
f 1754//5354 3427//5354 1755//5354 
f 3427//5355 3428//5355 1755//5355 
f 1755//5356 3428//5356 1756//5356 
f 3428//5357 3429//5357 1756//5357 
f 1756//5358 3429//5358 1757//5358 
f 3429//5359 3430//5359 1757//5359 
f 1757//5360 3430//5360 1758//5360 
f 1758//5361 3431//5361 1759//5361 
f 3430//5362 3431//5362 1758//5362 
f 1759//5363 3432//5363 1824//5363 
f 3431//5364 3432//5364 1759//5364 
f 1824//5365 3433//5365 1823//5365 
f 3432//5366 3433//5366 1824//5366 
f 1823//5367 3434//5367 1825//5367 
f 3433//5368 3434//5368 1823//5368 
f 1825//5369 3435//5369 1826//5369 
f 3434//5370 3435//5370 1825//5370 
f 1826//5371 3436//5371 1779//5371 
f 3435//5372 3436//5372 1826//5372 
f 1779//5373 3437//5373 1780//5373 
f 3436//5374 3437//5374 1779//5374 
f 1780//5375 3438//5375 1781//5375 
f 3437//5376 3438//5376 1780//5376 
f 1781//5377 3439//5377 1782//5377 
f 3438//5378 3439//5378 1781//5378 
f 1782//5379 3440//5379 1783//5379 
f 3439//5380 3440//5380 1782//5380 
f 1783//5381 3441//5381 1786//5381 
f 3440//5382 3441//5382 1783//5382 
f 1786//5383 3442//5383 1788//5383 
f 3441//5384 3442//5384 1786//5384 
f 1788//5385 3443//5385 1790//5385 
f 3442//5386 3443//5386 1788//5386 
f 1790//5387 3444//5387 1792//5387 
f 3443//5388 3444//5388 1790//5388 
f 1792//5389 3445//5389 1794//5389 
f 3444//5390 3445//5390 1792//5390 
f 1794//5391 3446//5391 1796//5391 
f 3445//5392 3446//5392 1794//5392 
f 1796//5393 3447//5393 1798//5393 
f 3446//5394 3447//5394 1796//5394 
f 1798//5395 3448//5395 1800//5395 
f 3447//5396 3448//5396 1798//5396 
f 1800//5397 3449//5397 1802//5397 
f 3448//5398 3449//5398 1800//5398 
f 1802//5399 3450//5399 1804//5399 
f 3449//5400 3450//5400 1802//5400 
f 3450//5401 3451//5401 1804//5401 
f 1804//5402 3451//5402 1806//5402 
f 3451//5403 3452//5403 1806//5403 
f 1806//5404 3452//5404 1808//5404 
f 3452//5405 3453//5405 1808//5405 
f 1808//5406 3453//5406 1810//5406 
f 3453//5407 3454//5407 1810//5407 
f 1810//5408 3454//5408 1812//5408 
f 3454//5409 3455//5409 1812//5409 
f 1812//5410 3455//5410 1813//5410 
f 3455//5411 3456//5411 1813//5411 
f 1813//5412 3456//5412 1814//5412 
f 3456//5413 3457//5413 1814//5413 
f 1814//5414 3457//5414 1815//5414 
f 3457//5415 3458//5415 1815//5415 
f 1815//5416 3458//5416 1816//5416 
f 3458//5417 3459//5417 1816//5417 
f 1816//5418 3459//5418 1817//5418 
f 3459//5419 3460//5419 1817//5419 
f 1817//5420 3460//5420 1818//5420 
f 3460//5421 3461//5421 1818//5421 
f 1818//5422 3461//5422 1819//5422 
f 3461//5423 3462//5423 1819//5423 
f 1819//5424 3462//5424 1820//5424 
f 3462//5425 3463//5425 1820//5425 
f 1820//5426 3463//5426 1821//5426 
f 1821//5427 3464//5427 1822//5427 
f 3463//5428 3464//5428 1821//5428 
f 1822//5429 3464//5429 1784//5429 
f 3464//5430 3339//5430 1784//5430 
f 1873//5431 3086//5431 3465//5431 
f 1873//5432 3465//5432 2094//5432 
f 3465//5433 3466//5433 2094//5433 
f 3466//5434 2299//5434 2094//5434 
f 3085//5435 2061//5435 3466//5435 
f 3466//5436 2061//5436 2299//5436 
f 1934//5437 1936//5437 3467//5437 
f 3467//5438 1936//5438 3468//5438 
f 3468//5439 1938//5439 3469//5439 
f 3469//5440 1938//5440 3470//5440 
f 1936//5441 1938//5441 3468//5441 
f 1938//5442 1939//5442 3470//5442 
f 3470//5443 1940//5443 3471//5443 
f 3471//5444 1940//5444 3472//5444 
f 1939//5445 1940//5445 3470//5445 
f 3472//5446 1941//5446 3473//5446 
f 1940//5447 1941//5447 3472//5447 
f 1941//5448 1942//5448 3473//5448 
f 3473//5449 1943//5449 3474//5449 
f 1942//5450 1943//5450 3473//5450 
f 3474//5451 1944//5451 3475//5451 
f 3475//5452 1944//5452 3476//5452 
f 1943//5453 1944//5453 3474//5453 
f 1944//5454 1945//5454 3476//5454 
f 3476//5455 1946//5455 3477//5455 
f 1945//5456 1946//5456 3476//5456 
f 1946//5457 1947//5457 3477//5457 
f 3477//5458 1947//5458 3478//5458 
f 1947//5459 1948//5459 3478//5459 
f 3478//5460 1948//5460 3479//5460 
f 1948//5461 1949//5461 3479//5461 
f 3479//5462 1949//5462 3480//5462 
f 1949//5463 1950//5463 3480//5463 
f 3480//5464 1950//5464 3481//5464 
f 1950//5465 1951//5465 3481//5465 
f 3481//5466 1951//5466 3482//5466 
f 1951//5467 1952//5467 3482//5467 
f 3482//5468 1952//5468 3483//5468 
f 1952//5469 1953//5469 3483//5469 
f 3483//5470 1953//5470 3484//5470 
f 1953//5471 1954//5471 3484//5471 
f 3484//5472 1954//5472 3485//5472 
f 1954//5473 1955//5473 3485//5473 
f 3485//5474 1955//5474 3486//5474 
f 1955//5475 1956//5475 3486//5475 
f 3486//5476 1956//5476 3487//5476 
f 3487//5477 1956//5477 3488//5477 
f 1956//5478 1957//5478 3488//5478 
f 1957//5479 1958//5479 3488//5479 
f 3488//5480 1958//5480 3489//5480 
f 3489//5481 1958//5481 3490//5481 
f 1958//5482 1959//5482 3490//5482 
f 3490//5483 1960//5483 3491//5483 
f 3491//5484 1960//5484 3492//5484 
f 1959//5485 1960//5485 3490//5485 
f 1960//5486 1961//5486 3492//5486 
f 3492//5487 1962//5487 3493//5487 
f 1961//5488 1962//5488 3492//5488 
f 3493//5489 1963//5489 3494//5489 
f 3494//5490 1963//5490 3495//5490 
f 1962//5491 1963//5491 3493//5491 
f 3495//5492 1964//5492 3496//5492 
f 1963//5493 1964//5493 3495//5493 
f 1964//5494 1965//5494 3496//5494 
f 3496//5495 1937//5495 3497//5495 
f 3497//5496 1937//5496 3498//5496 
f 1965//5497 1937//5497 3496//5497 
f 1937//5498 1935//5498 3498//5498 
f 3498//5499 1933//5499 3499//5499 
f 3499//5500 1933//5500 3500//5500 
f 1935//5501 1933//5501 3498//5501 
f 1933//5502 1931//5502 3500//5502 
f 3500//5503 1929//5503 3501//5503 
f 3501//5504 1929//5504 3502//5504 
f 1931//5505 1929//5505 3500//5505 
f 1929//5506 1927//5506 3502//5506 
f 1927//5507 1925//5507 3502//5507 
f 3502//5508 1925//5508 3503//5508 
f 1925//5509 1923//5509 3503//5509 
f 3503//5510 1923//5510 3504//5510 
f 1923//5511 1897//5511 3504//5511 
f 3504//5512 1897//5512 3505//5512 
f 1897//5513 1896//5513 3505//5513 
f 3505//5514 1896//5514 3506//5514 
f 1896//5515 1895//5515 3506//5515 
f 3506//5516 1895//5516 3507//5516 
f 3507//5517 1895//5517 3508//5517 
f 1895//5518 1894//5518 3508//5518 
f 1894//5519 1893//5519 3508//5519 
f 3508//5520 1893//5520 3509//5520 
f 1893//5521 1892//5521 3509//5521 
f 3509//5522 1892//5522 3510//5522 
f 1892//5523 1891//5523 3510//5523 
f 3510//5524 1891//5524 3511//5524 
f 1891//5525 1890//5525 3511//5525 
f 3511//5526 1890//5526 3512//5526 
f 1890//5527 1889//5527 3512//5527 
f 3512//5528 1889//5528 3513//5528 
f 1889//5529 1875//5529 3513//5529 
f 3513//5530 1875//5530 3514//5530 
f 1875//5531 1874//5531 3514//5531 
f 3514//5532 1874//5532 3515//5532 
f 1874//5533 1876//5533 3515//5533 
f 3515//5534 1876//5534 3516//5534 
f 1876//5535 1877//5535 3516//5535 
f 3516//5536 1877//5536 3517//5536 
f 1877//5537 1878//5537 3517//5537 
f 3517//5538 1878//5538 3518//5538 
f 1878//5539 1879//5539 3518//5539 
f 3518//5540 1879//5540 3519//5540 
f 1879//5541 1880//5541 3519//5541 
f 3519//5542 1880//5542 3520//5542 
f 1880//5543 1881//5543 3520//5543 
f 3520//5544 1881//5544 3521//5544 
f 1881//5545 1882//5545 3521//5545 
f 3521//5546 1882//5546 3522//5546 
f 1882//5547 1883//5547 3522//5547 
f 3522//5548 1883//5548 3523//5548 
f 1883//5549 1884//5549 3523//5549 
f 3523//5550 1884//5550 3524//5550 
f 3524//5551 1885//5551 3525//5551 
f 1884//5552 1885//5552 3524//5552 
f 3525//5553 1886//5553 3526//5553 
f 1885//5554 1886//5554 3525//5554 
f 3526//5555 1887//5555 3527//5555 
f 1886//5556 1887//5556 3526//5556 
f 3527//5557 1888//5557 3528//5557 
f 1887//5558 1888//5558 3527//5558 
f 1888//5559 1872//5559 3528//5559 
f 3528//5560 1872//5560 3529//5560 
f 1872//5561 1870//5561 3529//5561 
f 3529//5562 1870//5562 3530//5562 
f 1870//5563 1868//5563 3530//5563 
f 3530//5564 1868//5564 3531//5564 
f 1868//5565 1866//5565 3531//5565 
f 3531//5566 1866//5566 3532//5566 
f 1866//5567 1864//5567 3532//5567 
f 3532//5568 1864//5568 3533//5568 
f 1864//5569 1862//5569 3533//5569 
f 3533//5570 1862//5570 3534//5570 
f 1862//5571 1860//5571 3534//5571 
f 3534//5572 1860//5572 3535//5572 
f 1860//5573 1858//5573 3535//5573 
f 3535//5574 1858//5574 3536//5574 
f 1858//5575 1856//5575 3536//5575 
f 3536//5576 1856//5576 3537//5576 
f 1856//5577 1854//5577 3537//5577 
f 3537//5578 1854//5578 3538//5578 
f 1854//5579 1852//5579 3538//5579 
f 3538//5580 1852//5580 3539//5580 
f 1852//5581 1850//5581 3539//5581 
f 3539//5582 1850//5582 3540//5582 
f 1850//5583 1848//5583 3540//5583 
f 3540//5584 1848//5584 3541//5584 
f 3541//5585 1846//5585 3542//5585 
f 1848//5586 1846//5586 3541//5586 
f 3542//5587 1844//5587 3543//5587 
f 1846//5588 1844//5588 3542//5588 
f 3543//5589 1842//5589 3544//5589 
f 1844//5590 1842//5590 3543//5590 
f 3544//5591 1839//5591 3545//5591 
f 1842//5592 1839//5592 3544//5592 
f 3545//5593 1840//5593 3546//5593 
f 1839//5594 1840//5594 3545//5594 
f 3546//5595 1841//5595 3547//5595 
f 1840//5596 1841//5596 3546//5596 
f 3547//5597 1843//5597 3548//5597 
f 1841//5598 1843//5598 3547//5598 
f 3548//5599 1845//5599 3549//5599 
f 1843//5600 1845//5600 3548//5600 
f 3549//5601 1847//5601 3550//5601 
f 1845//5602 1847//5602 3549//5602 
f 3550//5603 1849//5603 3551//5603 
f 1847//5604 1849//5604 3550//5604 
f 3551//5605 1851//5605 3552//5605 
f 1849//5606 1851//5606 3551//5606 
f 3552//5607 1853//5607 3553//5607 
f 1851//5608 1853//5608 3552//5608 
f 3553//5609 1855//5609 3554//5609 
f 1853//5610 1855//5610 3553//5610 
f 1855//5611 1857//5611 3554//5611 
f 3554//5612 1857//5612 3555//5612 
f 1857//5613 1859//5613 3555//5613 
f 3555//5614 1859//5614 3556//5614 
f 1859//5615 1861//5615 3556//5615 
f 3556//5616 1861//5616 3557//5616 
f 1861//5617 1863//5617 3557//5617 
f 3557//5618 1863//5618 3558//5618 
f 3558//5619 1865//5619 3559//5619 
f 1863//5620 1865//5620 3558//5620 
f 3559//5621 1867//5621 3560//5621 
f 3560//5622 1867//5622 3561//5622 
f 1865//5623 1867//5623 3559//5623 
f 1867//5624 1869//5624 3561//5624 
f 3561//5625 1871//5625 3562//5625 
f 1869//5626 1871//5626 3561//5626 
f 3562//5627 1898//5627 3563//5627 
f 1871//5628 1898//5628 3562//5628 
f 3563//5629 1899//5629 3564//5629 
f 1898//5630 1899//5630 3563//5630 
f 3564//5631 1900//5631 3565//5631 
f 1899//5632 1900//5632 3564//5632 
f 3565//5633 1901//5633 3566//5633 
f 3566//5634 1901//5634 3567//5634 
f 1900//5635 1901//5635 3565//5635 
f 1901//5636 1902//5636 3567//5636 
f 3567//5637 1903//5637 3568//5637 
f 1902//5638 1903//5638 3567//5638 
f 3568//5639 1904//5639 3569//5639 
f 1903//5640 1904//5640 3568//5640 
f 3569//5641 1905//5641 3570//5641 
f 3570//5642 1905//5642 3571//5642 
f 1904//5643 1905//5643 3569//5643 
f 1905//5644 1906//5644 3571//5644 
f 3571//5645 1907//5645 3572//5645 
f 1906//5646 1907//5646 3571//5646 
f 3572//5647 1908//5647 3573//5647 
f 1907//5648 1908//5648 3572//5648 
f 3573//5649 1909//5649 3574//5649 
f 3574//5650 1909//5650 3575//5650 
f 1908//5651 1909//5651 3573//5651 
f 1909//5652 1910//5652 3575//5652 
f 3575//5653 1911//5653 3576//5653 
f 3576//5654 1911//5654 3577//5654 
f 1910//5655 1911//5655 3575//5655 
f 1911//5656 1912//5656 3577//5656 
f 3577//5657 1913//5657 3578//5657 
f 1912//5658 1913//5658 3577//5658 
f 1913//5659 1914//5659 3578//5659 
f 3578//5660 1914//5660 3579//5660 
f 1914//5661 1915//5661 3579//5661 
f 3579//5662 1915//5662 3580//5662 
f 1915//5663 1916//5663 3580//5663 
f 3580//5664 1916//5664 3581//5664 
f 1916//5665 1917//5665 3581//5665 
f 3581//5666 1917//5666 3582//5666 
f 1917//5667 1918//5667 3582//5667 
f 3582//5668 1918//5668 3583//5668 
f 1918//5669 1919//5669 3583//5669 
f 3583//5670 1919//5670 3584//5670 
f 1919//5671 1920//5671 3584//5671 
f 3584//5672 1920//5672 3585//5672 
f 1920//5673 1921//5673 3585//5673 
f 3585//5674 1921//5674 3586//5674 
f 1921//5675 1922//5675 3586//5675 
f 3586//5676 1922//5676 3587//5676 
f 1922//5677 1924//5677 3587//5677 
f 3587//5678 1924//5678 3588//5678 
f 1924//5679 1926//5679 3588//5679 
f 3588//5680 1926//5680 3589//5680 
f 1926//5681 1928//5681 3589//5681 
f 3589//5682 1928//5682 3590//5682 
f 3590//5683 1930//5683 3591//5683 
f 1928//5684 1930//5684 3590//5684 
f 1930//5685 1932//5685 3591//5685 
f 3591//5686 1932//5686 3592//5686 
f 3592//5687 1934//5687 3467//5687 
f 1932//5688 1934//5688 3592//5688 
f 2059//5689 2060//5689 3593//5689 
f 3593//5690 2060//5690 3594//5690 
f 3594//5691 2062//5691 3595//5691 
f 3595//5692 2062//5692 3596//5692 
f 2060//5693 2062//5693 3594//5693 
f 2062//5694 2063//5694 3596//5694 
f 3596//5695 2064//5695 3597//5695 
f 3597//5696 2064//5696 3598//5696 
f 2063//5697 2064//5697 3596//5697 
f 3598//5698 2065//5698 3599//5698 
f 2064//5699 2065//5699 3598//5699 
f 2065//5700 2066//5700 3599//5700 
f 3599//5701 2067//5701 3600//5701 
f 2066//5702 2067//5702 3599//5702 
f 3600//5703 2068//5703 3601//5703 
f 3601//5704 2068//5704 3602//5704 
f 2067//5705 2068//5705 3600//5705 
f 2068//5706 2069//5706 3602//5706 
f 3602//5707 2070//5707 3603//5707 
f 2069//5708 2070//5708 3602//5708 
f 2070//5709 2071//5709 3603//5709 
f 3603//5710 2071//5710 3604//5710 
f 2071//5711 2072//5711 3604//5711 
f 3604//5712 2072//5712 3605//5712 
f 2072//5713 2073//5713 3605//5713 
f 3605//5714 2073//5714 3606//5714 
f 2073//5715 2074//5715 3606//5715 
f 3606//5716 2074//5716 3607//5716 
f 2074//5717 2075//5717 3607//5717 
f 3607//5718 2075//5718 3608//5718 
f 2075//5719 2076//5719 3608//5719 
f 3608//5720 2076//5720 3609//5720 
f 2076//5721 2077//5721 3609//5721 
f 3609//5722 2077//5722 3610//5722 
f 2077//5723 2078//5723 3610//5723 
f 3610//5724 2078//5724 3611//5724 
f 2078//5725 2079//5725 3611//5725 
f 3611//5726 2079//5726 3612//5726 
f 2079//5727 2080//5727 3612//5727 
f 3612//5728 2080//5728 3613//5728 
f 3613//5729 2080//5729 3614//5729 
f 2080//5730 2081//5730 3614//5730 
f 2081//5731 2082//5731 3614//5731 
f 3614//5732 2082//5732 3615//5732 
f 3615//5733 2082//5733 3616//5733 
f 2082//5734 2083//5734 3616//5734 
f 3616//5735 2084//5735 3617//5735 
f 3617//5736 2084//5736 3618//5736 
f 2083//5737 2084//5737 3616//5737 
f 2084//5738 2085//5738 3618//5738 
f 3618//5739 2086//5739 3619//5739 
f 2085//5740 2086//5740 3618//5740 
f 3619//5741 2087//5741 3620//5741 
f 3620//5742 2087//5742 3621//5742 
f 2086//5743 2087//5743 3619//5743 
f 3621//5744 2088//5744 3622//5744 
f 2087//5745 2088//5745 3621//5745 
f 2088//5746 2089//5746 3622//5746 
f 3622//5747 2090//5747 3623//5747 
f 3623//5748 2090//5748 3624//5748 
f 2089//5749 2090//5749 3622//5749 
f 2090//5750 2091//5750 3624//5750 
f 3624//5751 2092//5751 3625//5751 
f 3625//5752 2092//5752 3626//5752 
f 2091//5753 2092//5753 3624//5753 
f 2092//5754 2057//5754 3626//5754 
f 3626//5755 2055//5755 3627//5755 
f 3627//5756 2055//5756 3628//5756 
f 2057//5757 2055//5757 3626//5757 
f 2055//5758 2053//5758 3628//5758 
f 2053//5759 2051//5759 3628//5759 
f 3628//5760 2051//5760 3629//5760 
f 2051//5761 2049//5761 3629//5761 
f 3629//5762 2049//5762 3630//5762 
f 2049//5763 2047//5763 3630//5763 
f 3630//5764 2047//5764 3631//5764 
f 2047//5765 2045//5765 3631//5765 
f 3631//5766 2045//5766 3632//5766 
f 2045//5767 2043//5767 3632//5767 
f 3632//5768 2043//5768 3633//5768 
f 3633//5769 2043//5769 3634//5769 
f 2043//5770 2041//5770 3634//5770 
f 2041//5771 2039//5771 3634//5771 
f 3634//5772 2039//5772 3635//5772 
f 2039//5773 2037//5773 3635//5773 
f 3635//5774 2037//5774 3636//5774 
f 2037//5775 2035//5775 3636//5775 
f 3636//5776 2035//5776 3637//5776 
f 2035//5777 2015//5777 3637//5777 
f 3637//5778 2015//5778 3638//5778 
f 2015//5779 2014//5779 3638//5779 
f 3638//5780 2014//5780 3639//5780 
f 2014//5781 2013//5781 3639//5781 
f 3639//5782 2013//5782 3640//5782 
f 2013//5783 2012//5783 3640//5783 
f 3640//5784 2012//5784 3641//5784 
f 2012//5785 2011//5785 3641//5785 
f 3641//5786 2011//5786 3642//5786 
f 2011//5787 2010//5787 3642//5787 
f 3642//5788 2010//5788 3643//5788 
f 2010//5789 2009//5789 3643//5789 
f 3643//5790 2009//5790 3644//5790 
f 2009//5791 2008//5791 3644//5791 
f 3644//5792 2008//5792 3645//5792 
f 2008//5793 2007//5793 3645//5793 
f 3645//5794 2007//5794 3646//5794 
f 2007//5795 2006//5795 3646//5795 
f 3646//5796 2006//5796 3647//5796 
f 2006//5797 2000//5797 3647//5797 
f 3647//5798 2000//5798 3648//5798 
f 2000//5799 1999//5799 3648//5799 
f 3648//5800 1999//5800 3649//5800 
f 1999//5801 2001//5801 3649//5801 
f 3649//5802 2001//5802 3650//5802 
f 3650//5803 2002//5803 3651//5803 
f 2001//5804 2002//5804 3650//5804 
f 3651//5805 2003//5805 3652//5805 
f 2002//5806 2003//5806 3651//5806 
f 3652//5807 2004//5807 3653//5807 
f 2003//5808 2004//5808 3652//5808 
f 3653//5809 2005//5809 3654//5809 
f 2004//5810 2005//5810 3653//5810 
f 2005//5811 1998//5811 3654//5811 
f 3654//5812 1998//5812 3655//5812 
f 1998//5813 1997//5813 3655//5813 
f 3655//5814 1997//5814 3656//5814 
f 1997//5815 1995//5815 3656//5815 
f 3656//5816 1995//5816 3657//5816 
f 1995//5817 1993//5817 3657//5817 
f 3657//5818 1993//5818 3658//5818 
f 1993//5819 1991//5819 3658//5819 
f 3658//5820 1991//5820 3659//5820 
f 1991//5821 1989//5821 3659//5821 
f 3659//5822 1989//5822 3660//5822 
f 1989//5823 1987//5823 3660//5823 
f 3660//5824 1987//5824 3661//5824 
f 1987//5825 1985//5825 3661//5825 
f 3661//5826 1985//5826 3662//5826 
f 1985//5827 1983//5827 3662//5827 
f 3662//5828 1983//5828 3663//5828 
f 1983//5829 1981//5829 3663//5829 
f 3663//5830 1981//5830 3664//5830 
f 1981//5831 1979//5831 3664//5831 
f 3664//5832 1979//5832 3665//5832 
f 1979//5833 1977//5833 3665//5833 
f 3665//5834 1977//5834 3666//5834 
f 1977//5835 1975//5835 3666//5835 
f 3666//5836 1975//5836 3667//5836 
f 3667//5837 1973//5837 3668//5837 
f 1975//5838 1973//5838 3667//5838 
f 3668//5839 1971//5839 3669//5839 
f 1973//5840 1971//5840 3668//5840 
f 3669//5841 1969//5841 3670//5841 
f 1971//5842 1969//5842 3669//5842 
f 3670//5843 1966//5843 3671//5843 
f 1969//5844 1966//5844 3670//5844 
f 3671//5845 1967//5845 3672//5845 
f 1966//5846 1967//5846 3671//5846 
f 3672//5847 1968//5847 3673//5847 
f 1967//5848 1968//5848 3672//5848 
f 3673//5849 1970//5849 3674//5849 
f 1968//5850 1970//5850 3673//5850 
f 3674//5851 1972//5851 3675//5851 
f 1970//5852 1972//5852 3674//5852 
f 3675//5853 1974//5853 3676//5853 
f 1972//5854 1974//5854 3675//5854 
f 3676//5855 1976//5855 3677//5855 
f 1974//5856 1976//5856 3676//5856 
f 3677//5857 1978//5857 3678//5857 
f 1976//5858 1978//5858 3677//5858 
f 3678//5859 1980//5859 3679//5859 
f 1978//5860 1980//5860 3678//5860 
f 3679//5861 1982//5861 3680//5861 
f 1980//5862 1982//5862 3679//5862 
f 1982//5863 1984//5863 3680//5863 
f 3680//5864 1984//5864 3681//5864 
f 1984//5865 1986//5865 3681//5865 
f 3681//5866 1986//5866 3682//5866 
f 1986//5867 1988//5867 3682//5867 
f 3682//5868 1988//5868 3683//5868 
f 1988//5869 1990//5869 3683//5869 
f 3683//5870 1990//5870 3684//5870 
f 3684//5871 1992//5871 3685//5871 
f 1990//5872 1992//5872 3684//5872 
f 3685//5873 1994//5873 3686//5873 
f 3686//5874 1994//5874 3687//5874 
f 1992//5875 1994//5875 3685//5875 
f 1994//5876 1996//5876 3687//5876 
f 3687//5877 2016//5877 3688//5877 
f 1996//5878 2016//5878 3687//5878 
f 3688//5879 2017//5879 3689//5879 
f 2016//5880 2017//5880 3688//5880 
f 3689//5881 2018//5881 3690//5881 
f 2017//5882 2018//5882 3689//5882 
f 3690//5883 2019//5883 3691//5883 
f 2018//5884 2019//5884 3690//5884 
f 3691//5885 2020//5885 3692//5885 
f 3692//5886 2020//5886 3693//5886 
f 2019//5887 2020//5887 3691//5887 
f 2020//5888 2021//5888 3693//5888 
f 3693//5889 2022//5889 3694//5889 
f 2021//5890 2022//5890 3693//5890 
f 3694//5891 2023//5891 3695//5891 
f 2022//5892 2023//5892 3694//5892 
f 3695//5893 2024//5893 3696//5893 
f 3696//5894 2024//5894 3697//5894 
f 2023//5895 2024//5895 3695//5895 
f 2024//5896 2025//5896 3697//5896 
f 3697//5897 2026//5897 3698//5897 
f 2025//5898 2026//5898 3697//5898 
f 3698//5899 2027//5899 3699//5899 
f 2026//5900 2027//5900 3698//5900 
f 3699//5901 2028//5901 3700//5901 
f 3700//5902 2028//5902 3701//5902 
f 2027//5903 2028//5903 3699//5903 
f 2028//5904 2029//5904 3701//5904 
f 3701//5905 2030//5905 3702//5905 
f 3702//5906 2030//5906 3703//5906 
f 2029//5907 2030//5907 3701//5907 
f 2030//5908 2031//5908 3703//5908 
f 3703//5909 2032//5909 3704//5909 
f 2031//5910 2032//5910 3703//5910 
f 2032//5911 2033//5911 3704//5911 
f 3704//5912 2033//5912 3705//5912 
f 2033//5913 2034//5913 3705//5913 
f 3705//5914 2034//5914 3706//5914 
f 2034//5915 2036//5915 3706//5915 
f 3706//5916 2036//5916 3707//5916 
f 2036//5917 2038//5917 3707//5917 
f 3707//5918 2038//5918 3708//5918 
f 2038//5919 2040//5919 3708//5919 
f 3708//5920 2040//5920 3709//5920 
f 2040//5921 2042//5921 3709//5921 
f 3709//5922 2042//5922 3710//5922 
f 2042//5923 2044//5923 3710//5923 
f 3710//5924 2044//5924 3711//5924 
f 2044//5925 2046//5925 3711//5925 
f 3711//5926 2046//5926 3712//5926 
f 2046//5927 2048//5927 3712//5927 
f 3712//5928 2048//5928 3713//5928 
f 2048//5929 2050//5929 3713//5929 
f 3713//5930 2050//5930 3714//5930 
f 2050//5931 2052//5931 3714//5931 
f 3714//5932 2052//5932 3715//5932 
f 2052//5933 2054//5933 3715//5933 
f 3715//5934 2054//5934 3716//5934 
f 3716//5935 2056//5935 3717//5935 
f 2054//5936 2056//5936 3716//5936 
f 2056//5937 2058//5937 3717//5937 
f 3717//5938 2058//5938 3718//5938 
f 3718//5939 2059//5939 3593//5939 
f 2058//5940 2059//5940 3718//5940 
f 2219//5941 2221//5941 3719//5941 
f 3719//5942 2221//5942 3720//5942 
f 3720//5943 2223//5943 3721//5943 
f 3721//5944 2223//5944 3722//5944 
f 2221//5945 2223//5945 3720//5945 
f 2223//5946 2225//5946 3722//5946 
f 3722//5947 2227//5947 3723//5947 
f 3723//5948 2227//5948 3724//5948 
f 2225//5949 2227//5949 3722//5949 
f 3724//5950 2229//5950 3725//5950 
f 2227//5951 2229//5951 3724//5951 
f 2229//5952 2230//5952 3725//5952 
f 3725//5953 2232//5953 3726//5953 
f 2230//5954 2232//5954 3725//5954 
f 3726//5955 2234//5955 3727//5955 
f 3727//5956 2234//5956 3728//5956 
f 2232//5957 2234//5957 3726//5957 
f 2234//5958 2236//5958 3728//5958 
f 3728//5959 2238//5959 3729//5959 
f 2236//5960 2238//5960 3728//5960 
f 2238//5961 2240//5961 3729//5961 
f 3729//5962 2240//5962 3730//5962 
f 2240//5963 2242//5963 3730//5963 
f 3730//5964 2242//5964 3731//5964 
f 2242//5965 2244//5965 3731//5965 
f 3731//5966 2244//5966 3732//5966 
f 2244//5967 2246//5967 3732//5967 
f 3732//5968 2246//5968 3733//5968 
f 2246//5969 2247//5969 3733//5969 
f 3733//5970 2247//5970 3734//5970 
f 2247//5971 2249//5971 3734//5971 
f 3734//5972 2249//5972 3735//5972 
f 2249//5973 2251//5973 3735//5973 
f 3735//5974 2251//5974 3736//5974 
f 2251//5975 2253//5975 3736//5975 
f 3736//5976 2253//5976 3737//5976 
f 2253//5977 2255//5977 3737//5977 
f 3737//5978 2255//5978 3738//5978 
f 2255//5979 2257//5979 3738//5979 
f 3738//5980 2257//5980 3739//5980 
f 3739//5981 2257//5981 3740//5981 
f 2257//5982 2259//5982 3740//5982 
f 2259//5983 2261//5983 3740//5983 
f 3740//5984 2261//5984 3741//5984 
f 3741//5985 2261//5985 3742//5985 
f 2261//5986 2263//5986 3742//5986 
f 3742//5987 2265//5987 3743//5987 
f 3743//5988 2265//5988 3744//5988 
f 2263//5989 2265//5989 3742//5989 
f 2265//5990 2267//5990 3744//5990 
f 3744//5991 2269//5991 3745//5991 
f 2267//5992 2269//5992 3744//5992 
f 3745//5993 2271//5993 3746//5993 
f 3746//5994 2271//5994 3747//5994 
f 2269//5995 2271//5995 3745//5995 
f 3747//5996 2467//5996 3748//5996 
f 2271//5997 2467//5997 3747//5997 
f 2467//5998 2466//5998 3748//5998 
f 3748//5999 2169//5999 3749//5999 
f 3749//6000 2169//6000 3750//6000 
f 2466//6001 2169//6001 3748//6001 
f 2169//6002 2168//6002 3750//6002 
f 3750//6003 2167//6003 3751//6003 
f 3751//6004 2167//6004 3752//6004 
f 2168//6005 2167//6005 3750//6005 
f 2167//6006 2166//6006 3752//6006 
f 3752//6007 2165//6007 3753//6007 
f 3753//6008 2165//6008 3754//6008 
f 2166//6009 2165//6009 3752//6009 
f 2165//6010 2164//6010 3754//6010 
f 2164//6011 2163//6011 3754//6011 
f 3754//6012 2163//6012 3755//6012 
f 2163//6013 2162//6013 3755//6013 
f 3755//6014 2162//6014 3756//6014 
f 2162//6015 2161//6015 3756//6015 
f 3756//6016 2161//6016 3757//6016 
f 2161//6017 2160//6017 3757//6017 
f 3757//6018 2160//6018 3758//6018 
f 2160//6019 2159//6019 3758//6019 
f 3758//6020 2159//6020 3759//6020 
f 3759//6021 2159//6021 3760//6021 
f 2159//6022 2158//6022 3760//6022 
f 2158//6023 2157//6023 3760//6023 
f 3760//6024 2157//6024 3761//6024 
f 2157//6025 2156//6025 3761//6025 
f 3761//6026 2156//6026 3762//6026 
f 2156//6027 2155//6027 3762//6027 
f 3762//6028 2155//6028 3763//6028 
f 2155//6029 2154//6029 3763//6029 
f 3763//6030 2154//6030 3764//6030 
f 2154//6031 2153//6031 3764//6031 
f 3764//6032 2153//6032 3765//6032 
f 2153//6033 2152//6033 3765//6033 
f 3765//6034 2152//6034 3766//6034 
f 2152//6035 2151//6035 3766//6035 
f 3766//6036 2151//6036 3767//6036 
f 2151//6037 2150//6037 3767//6037 
f 3767//6038 2150//6038 3768//6038 
f 2150//6039 2149//6039 3768//6039 
f 3768//6040 2149//6040 3769//6040 
f 2149//6041 2135//6041 3769//6041 
f 3769//6042 2135//6042 3770//6042 
f 2135//6043 2134//6043 3770//6043 
f 3770//6044 2134//6044 3771//6044 
f 2134//6045 2136//6045 3771//6045 
f 3771//6046 2136//6046 3772//6046 
f 2136//6047 2137//6047 3772//6047 
f 3772//6048 2137//6048 3773//6048 
f 2137//6049 2138//6049 3773//6049 
f 3773//6050 2138//6050 3774//6050 
f 2138//6051 2139//6051 3774//6051 
f 3774//6052 2139//6052 3775//6052 
f 2139//6053 2140//6053 3775//6053 
f 3775//6054 2140//6054 3776//6054 
f 3776//6055 2141//6055 3777//6055 
f 2140//6056 2141//6056 3776//6056 
f 3777//6057 2142//6057 3778//6057 
f 2141//6058 2142//6058 3777//6058 
f 3778//6059 2143//6059 3779//6059 
f 2142//6060 2143//6060 3778//6060 
f 3779//6061 2144//6061 3780//6061 
f 2143//6062 2144//6062 3779//6062 
f 2144//6063 2145//6063 3780//6063 
f 3780//6064 2145//6064 3781//6064 
f 2145//6065 2146//6065 3781//6065 
f 3781//6066 2146//6066 3782//6066 
f 2146//6067 2147//6067 3782//6067 
f 3782//6068 2147//6068 3783//6068 
f 2147//6069 2148//6069 3783//6069 
f 3783//6070 2148//6070 3784//6070 
f 2148//6071 2119//6071 3784//6071 
f 3784//6072 2119//6072 3785//6072 
f 2119//6073 2117//6073 3785//6073 
f 3785//6074 2117//6074 3786//6074 
f 2117//6075 2115//6075 3786//6075 
f 3786//6076 2115//6076 3787//6076 
f 2115//6077 2113//6077 3787//6077 
f 3787//6078 2113//6078 3788//6078 
f 2113//6079 2111//6079 3788//6079 
f 3788//6080 2111//6080 3789//6080 
f 2111//6081 2109//6081 3789//6081 
f 3789//6082 2109//6082 3790//6082 
f 2109//6083 2107//6083 3790//6083 
f 3790//6084 2107//6084 3791//6084 
f 2107//6085 2105//6085 3791//6085 
f 3791//6086 2105//6086 3792//6086 
f 2105//6087 2103//6087 3792//6087 
f 3792//6088 2103//6088 3793//6088 
f 3793//6089 2101//6089 3794//6089 
f 2103//6090 2101//6090 3793//6090 
f 3794//6091 2099//6091 3795//6091 
f 2101//6092 2099//6092 3794//6092 
f 3795//6093 2097//6093 3796//6093 
f 2099//6094 2097//6094 3795//6094 
f 3796//6095 2093//6095 3797//6095 
f 2097//6096 2093//6096 3796//6096 
f 3797//6097 2095//6097 3798//6097 
f 2093//6098 2095//6098 3797//6098 
f 3798//6099 2096//6099 3799//6099 
f 2095//6100 2096//6100 3798//6100 
f 3799//6101 2098//6101 3800//6101 
f 2096//6102 2098//6102 3799//6102 
f 3800//6103 2100//6103 3801//6103 
f 2098//6104 2100//6104 3800//6104 
f 3801//6105 2102//6105 3802//6105 
f 2100//6106 2102//6106 3801//6106 
f 3802//6107 2104//6107 3803//6107 
f 2102//6108 2104//6108 3802//6108 
f 3803//6109 2106//6109 3804//6109 
f 2104//6110 2106//6110 3803//6110 
f 3804//6111 2108//6111 3805//6111 
f 2106//6112 2108//6112 3804//6112 
f 3805//6113 2110//6113 3806//6113 
f 2108//6114 2110//6114 3805//6114 
f 2110//6115 2112//6115 3806//6115 
f 3806//6116 2112//6116 3807//6116 
f 2112//6117 2114//6117 3807//6117 
f 3807//6118 2114//6118 3808//6118 
f 2114//6119 2116//6119 3808//6119 
f 3808//6120 2116//6120 3809//6120 
f 2116//6121 2118//6121 3809//6121 
f 3809//6122 2118//6122 3810//6122 
f 3810//6123 2120//6123 3811//6123 
f 2118//6124 2120//6124 3810//6124 
f 3811//6125 2121//6125 3812//6125 
f 3812//6126 2121//6126 3813//6126 
f 2120//6127 2121//6127 3811//6127 
f 2121//6128 2122//6128 3813//6128 
f 3813//6129 2123//6129 3814//6129 
f 2122//6130 2123//6130 3813//6130 
f 3814//6131 2124//6131 3815//6131 
f 2123//6132 2124//6132 3814//6132 
f 3815//6133 2125//6133 3816//6133 
f 2124//6134 2125//6134 3815//6134 
f 3816//6135 2126//6135 3817//6135 
f 2125//6136 2126//6136 3816//6136 
f 3817//6137 2127//6137 3818//6137 
f 3818//6138 2127//6138 3819//6138 
f 2126//6139 2127//6139 3817//6139 
f 2127//6140 2128//6140 3819//6140 
f 3819//6141 2129//6141 3820//6141 
f 2128//6142 2129//6142 3819//6142 
f 3820//6143 2130//6143 3821//6143 
f 2129//6144 2130//6144 3820//6144 
f 3821//6145 2131//6145 3822//6145 
f 3822//6146 2131//6146 3823//6146 
f 2130//6147 2131//6147 3821//6147 
f 2131//6148 2132//6148 3823//6148 
f 3823//6149 2133//6149 3824//6149 
f 2132//6150 2133//6150 3823//6150 
f 3824//6151 2172//6151 3825//6151 
f 2133//6152 2172//6152 3824//6152 
f 3825//6153 2173//6153 3826//6153 
f 3826//6154 2173//6154 3827//6154 
f 2172//6155 2173//6155 3825//6155 
f 2173//6156 2176//6156 3827//6156 
f 3827//6157 2179//6157 3828//6157 
f 3828//6158 2179//6158 3829//6158 
f 2176//6159 2179//6159 3827//6159 
f 2179//6160 2182//6160 3829//6160 
f 3829//6161 2185//6161 3830//6161 
f 2182//6162 2185//6162 3829//6162 
f 2185//6163 2188//6163 3830//6163 
f 3830//6164 2188//6164 3831//6164 
f 2188//6165 2191//6165 3831//6165 
f 3831//6166 2191//6166 3832//6166 
f 2191//6167 2194//6167 3832//6167 
f 3832//6168 2194//6168 3833//6168 
f 2194//6169 2197//6169 3833//6169 
f 3833//6170 2197//6170 3834//6170 
f 2197//6171 2198//6171 3834//6171 
f 3834//6172 2198//6172 3835//6172 
f 2198//6173 2201//6173 3835//6173 
f 3835//6174 2201//6174 3836//6174 
f 2201//6175 2204//6175 3836//6175 
f 3836//6176 2204//6176 3837//6176 
f 2204//6177 2206//6177 3837//6177 
f 3837//6178 2206//6178 3838//6178 
f 2206//6179 2208//6179 3838//6179 
f 3838//6180 2208//6180 3839//6180 
f 2208//6181 2210//6181 3839//6181 
f 3839//6182 2210//6182 3840//6182 
f 2210//6183 2212//6183 3840//6183 
f 3840//6184 2212//6184 3841//6184 
f 2212//6185 2214//6185 3841//6185 
f 3841//6186 2214//6186 3842//6186 
f 3842//6187 2215//6187 3843//6187 
f 2214//6188 2215//6188 3842//6188 
f 2215//6189 2217//6189 3843//6189 
f 3843//6190 2217//6190 3844//6190 
f 3844//6191 2219//6191 3719//6191 
f 2217//6192 2219//6192 3844//6192 
f 2323//6193 2328//6193 3845//6193 
f 3845//6194 2328//6194 3846//6194 
f 3846//6195 2331//6195 3847//6195 
f 2328//6196 2331//6196 3846//6196 
f 3847//6197 2334//6197 3848//6197 
f 2331//6198 2334//6198 3847//6198 
f 3848//6199 2337//6199 3849//6199 
f 2334//6200 2337//6200 3848//6200 
f 3849//6201 2340//6201 3850//6201 
f 2337//6202 2340//6202 3849//6202 
f 3850//6203 2343//6203 3851//6203 
f 2340//6204 2343//6204 3850//6204 
f 3851//6205 2346//6205 3852//6205 
f 3852//6206 2346//6206 3853//6206 
f 2343//6207 2346//6207 3851//6207 
f 2346//6208 2351//6208 3853//6208 
f 3853//6209 2354//6209 3854//6209 
f 2351//6210 2354//6210 3853//6210 
f 3854//6211 2357//6211 3855//6211 
f 2354//6212 2357//6212 3854//6212 
f 2357//6213 2360//6213 3855//6213 
f 3855//6214 2360//6214 3856//6214 
f 2360//6215 2363//6215 3856//6215 
f 3856//6216 2363//6216 3857//6216 
f 2363//6217 2366//6217 3857//6217 
f 3857//6218 2366//6218 3858//6218 
f 3858//6219 2366//6219 3859//6219 
f 2366//6220 2369//6220 3859//6220 
f 2369//6221 2372//6221 3859//6221 
f 3859//6222 2372//6222 3860//6222 
f 2372//6223 2377//6223 3860//6223 
f 3860//6224 2377//6224 3861//6224 
f 2377//6225 2380//6225 3861//6225 
f 3861//6226 2380//6226 3862//6226 
f 2380//6227 2383//6227 3862//6227 
f 3862//6228 2383//6228 3863//6228 
f 3863//6229 2383//6229 3864//6229 
f 2383//6230 2386//6230 3864//6230 
f 2386//6231 2389//6231 3864//6231 
f 3864//6232 2389//6232 3865//6232 
f 2389//6233 2392//6233 3865//6233 
f 3865//6234 2392//6234 3866//6234 
f 2392//6235 2395//6235 3866//6235 
f 3866//6236 2395//6236 3867//6236 
f 3867//6237 2398//6237 3868//6237 
f 2395//6238 2398//6238 3867//6238 
f 3868//6239 2401//6239 3869//6239 
f 2398//6240 2401//6240 3868//6240 
f 3869//6241 2404//6241 3870//6241 
f 2401//6242 2404//6242 3869//6242 
f 3870//6243 2407//6243 3871//6243 
f 3871//6244 2407//6244 3872//6244 
f 2404//6245 2407//6245 3870//6245 
f 2407//6246 2410//6246 3872//6246 
f 3872//6247 2471//6247 3873//6247 
f 2410//6248 2471//6248 3872//6248 
f 3873//6249 2470//6249 3874//6249 
f 2471//6250 2470//6250 3873//6250 
f 3874//6251 2469//6251 3875//6251 
f 3875//6252 2469//6252 3876//6252 
f 2470//6253 2469//6253 3874//6253 
f 2469//6254 2468//6254 3876//6254 
f 3876//6255 2462//6255 3877//6255 
f 3877//6256 2462//6256 3878//6256 
f 2468//6257 2462//6257 3876//6257 
f 3878//6258 2463//6258 3879//6258 
f 2462//6259 2463//6259 3878//6259 
f 2463//6260 2464//6260 3879//6260 
f 3879//6261 2465//6261 3880//6261 
f 3880//6262 2465//6262 3881//6262 
f 2464//6263 2465//6263 3879//6263 
f 3881//6264 2270//6264 3882//6264 
f 2465//6265 2270//6265 3881//6265 
f 2270//6266 2268//6266 3882//6266 
f 2268//6267 2266//6267 3882//6267 
f 3882//6268 2266//6268 3883//6268 
f 2266//6269 2264//6269 3883//6269 
f 3883//6270 2264//6270 3884//6270 
f 3884//6271 2264//6271 3885//6271 
f 2264//6272 2262//6272 3885//6272 
f 2262//6273 2260//6273 3885//6273 
f 3885//6274 2260//6274 3886//6274 
f 2260//6275 2258//6275 3886//6275 
f 3886//6276 2258//6276 3887//6276 
f 2258//6277 2256//6277 3887//6277 
f 3887//6278 2256//6278 3888//6278 
f 3888//6279 2256//6279 3889//6279 
f 2256//6280 2254//6280 3889//6280 
f 2254//6281 2252//6281 3889//6281 
f 3889//6282 2252//6282 3890//6282 
f 2252//6283 2250//6283 3890//6283 
f 3890//6284 2250//6284 3891//6284 
f 3891//6285 2250//6285 3892//6285 
f 2250//6286 2248//6286 3892//6286 
f 2248//6287 2245//6287 3892//6287 
f 3892//6288 2245//6288 3893//6288 
f 2245//6289 2243//6289 3893//6289 
f 3893//6290 2243//6290 3894//6290 
f 2243//6291 2241//6291 3894//6291 
f 3894//6292 2241//6292 3895//6292 
f 3895//6293 2241//6293 3896//6293 
f 2241//6294 2239//6294 3896//6294 
f 2239//6295 2237//6295 3896//6295 
f 3896//6296 2237//6296 3897//6296 
f 2237//6297 2235//6297 3897//6297 
f 3897//6298 2235//6298 3898//6298 
f 2235//6299 2233//6299 3898//6299 
f 3898//6300 2233//6300 3899//6300 
f 2233//6301 2231//6301 3899//6301 
f 3899//6302 2231//6302 3900//6302 
f 2231//6303 2228//6303 3900//6303 
f 3900//6304 2228//6304 3901//6304 
f 2228//6305 2226//6305 3901//6305 
f 3901//6306 2226//6306 3902//6306 
f 3902//6307 2224//6307 3903//6307 
f 2226//6308 2224//6308 3902//6308 
f 3903//6309 2222//6309 3904//6309 
f 2224//6310 2222//6310 3903//6310 
f 3904//6311 2220//6311 3905//6311 
f 2222//6312 2220//6312 3904//6312 
f 3905//6313 2218//6313 3906//6313 
f 3906//6314 2218//6314 3907//6314 
f 2220//6315 2218//6315 3905//6315 
f 2218//6316 2216//6316 3907//6316 
f 2216//6317 2213//6317 3907//6317 
f 3907//6318 2213//6318 3908//6318 
f 2213//6319 2211//6319 3908//6319 
f 3908//6320 2211//6320 3909//6320 
f 2211//6321 2209//6321 3909//6321 
f 3909//6322 2209//6322 3910//6322 
f 3910//6323 2209//6323 3911//6323 
f 2209//6324 2207//6324 3911//6324 
f 2207//6325 2205//6325 3911//6325 
f 3911//6326 2205//6326 3912//6326 
f 2205//6327 2203//6327 3912//6327 
f 3912//6328 2203//6328 3913//6328 
f 3913//6329 2203//6329 3914//6329 
f 2203//6330 2200//6330 3914//6330 
f 2200//6331 2196//6331 3914//6331 
f 3914//6332 2196//6332 3915//6332 
f 3915//6333 2196//6333 3916//6333 
f 2196//6334 2193//6334 3916//6334 
f 2193//6335 2190//6335 3916//6335 
f 3916//6336 2190//6336 3917//6336 
f 3917//6337 2190//6337 3918//6337 
f 2190//6338 2187//6338 3918//6338 
f 2187//6339 2184//6339 3918//6339 
f 3918//6340 2184//6340 3919//6340 
f 3919//6341 2181//6341 3920//6341 
f 3920//6342 2181//6342 3921//6342 
f 2184//6343 2181//6343 3919//6343 
f 2181//6344 2178//6344 3921//6344 
f 3921//6345 2175//6345 3922//6345 
f 3922//6346 2175//6346 3923//6346 
f 2178//6347 2175//6347 3921//6347 
f 2175//6348 2171//6348 3923//6348 
f 3923//6349 2170//6349 3924//6349 
f 3924//6350 2170//6350 3925//6350 
f 2171//6351 2170//6351 3923//6351 
f 2170//6352 2174//6352 3925//6352 
f 3925//6353 2177//6353 3926//6353 
f 2174//6354 2177//6354 3925//6354 
f 3926//6355 2180//6355 3927//6355 
f 2177//6356 2180//6356 3926//6356 
f 3927//6357 2183//6357 3928//6357 
f 2180//6358 2183//6358 3927//6358 
f 3928//6359 2186//6359 3929//6359 
f 2183//6360 2186//6360 3928//6360 
f 3929//6361 2189//6361 3930//6361 
f 2186//6362 2189//6362 3929//6362 
f 3930//6363 2192//6363 3931//6363 
f 2189//6364 2192//6364 3930//6364 
f 3931//6365 2195//6365 3932//6365 
f 2192//6366 2195//6366 3931//6366 
f 2195//6367 2199//6367 3932//6367 
f 3932//6368 2199//6368 3933//6368 
f 2199//6369 2202//6369 3933//6369 
f 3933//6370 2202//6370 3934//6370 
f 2202//6371 2461//6371 3934//6371 
f 3934//6372 2461//6372 3935//6372 
f 2461//6373 2460//6373 3935//6373 
f 3935//6374 2460//6374 3936//6374 
f 3936//6375 2459//6375 3937//6375 
f 2460//6376 2459//6376 3936//6376 
f 3937//6377 2458//6377 3938//6377 
f 2459//6378 2458//6378 3937//6378 
f 3938//6379 2457//6379 3939//6379 
f 2458//6380 2457//6380 3938//6380 
f 3939//6381 2452//6381 3940//6381 
f 2457//6382 2452//6382 3939//6382 
f 3940//6383 2453//6383 3941//6383 
f 2452//6384 2453//6384 3940//6384 
f 3941//6385 2454//6385 3942//6385 
f 2453//6386 2454//6386 3941//6386 
f 3942//6387 2455//6387 3943//6387 
f 2454//6388 2455//6388 3942//6388 
f 3943//6389 2456//6389 3944//6389 
f 2455//6390 2456//6390 3943//6390 
f 3944//6391 2301//6391 3945//6391 
f 2456//6392 2301//6392 3944//6392 
f 3945//6393 2300//6393 3946//6393 
f 2301//6394 2300//6394 3945//6394 
f 3946//6395 2302//6395 3947//6395 
f 2300//6396 2302//6396 3946//6396 
f 3947//6397 2303//6397 3948//6397 
f 2302//6398 2303//6398 3947//6398 
f 3948//6399 2304//6399 3949//6399 
f 2303//6400 2304//6400 3948//6400 
f 3949//6401 2305//6401 3950//6401 
f 2304//6402 2305//6402 3949//6402 
f 3950//6403 2306//6403 3951//6403 
f 2305//6404 2306//6404 3950//6404 
f 3951//6405 2307//6405 3952//6405 
f 2306//6406 2307//6406 3951//6406 
f 3952//6407 2308//6407 3953//6407 
f 2307//6408 2308//6408 3952//6408 
f 3953//6409 2309//6409 3954//6409 
f 2308//6410 2309//6410 3953//6410 
f 3954//6411 2292//6411 3955//6411 
f 2309//6412 2292//6412 3954//6412 
f 3955//6413 2286//6413 3956//6413 
f 2292//6414 2286//6414 3955//6414 
f 2286//6415 2282//6415 3956//6415 
f 3956//6416 2282//6416 3957//6416 
f 2282//6417 2278//6417 3957//6417 
f 3957//6418 2278//6418 3958//6418 
f 2278//6419 2274//6419 3958//6419 
f 3958//6420 2274//6420 3959//6420 
f 2274//6421 2273//6421 3959//6421 
f 3959//6422 2273//6422 3960//6422 
f 3960//6423 2273//6423 3961//6423 
f 2273//6424 2276//6424 3961//6424 
f 3961//6425 2276//6425 3962//6425 
f 2276//6426 2280//6426 3962//6426 
f 2280//6427 2284//6427 3962//6427 
f 3962//6428 2284//6428 3963//6428 
f 3963//6429 2284//6429 3964//6429 
f 2284//6430 2288//6430 3964//6430 
f 3964//6431 2288//6431 3965//6431 
f 2288//6432 2294//6432 3965//6432 
f 2294//6433 2296//6433 3965//6433 
f 3965//6434 2296//6434 3966//6434 
f 2296//6435 2298//6435 3966//6435 
f 3966//6436 2298//6436 3967//6436 
f 3967//6437 2298//6437 3968//6437 
f 2298//6438 2314//6438 3968//6438 
f 2314//6439 2317//6439 3968//6439 
f 3968//6440 2317//6440 3969//6440 
f 3969//6441 2320//6441 3970//6441 
f 2317//6442 2320//6442 3969//6442 
f 3970//6443 2323//6443 3845//6443 
f 2320//6444 2323//6444 3970//6444 
f 2417//6445 2416//6445 3971//6445 
f 3971//6446 2416//6446 3972//6446 
f 3972//6447 2418//6447 3973//6447 
f 3973//6448 2418//6448 3974//6448 
f 2416//6449 2418//6449 3972//6449 
f 2418//6450 2419//6450 3974//6450 
f 3974//6451 2420//6451 3975//6451 
f 3975//6452 2420//6452 3976//6452 
f 2419//6453 2420//6453 3974//6453 
f 3976//6454 2421//6454 3977//6454 
f 2420//6455 2421//6455 3976//6455 
f 2421//6456 2422//6456 3977//6456 
f 3977//6457 2423//6457 3978//6457 
f 2422//6458 2423//6458 3977//6458 
f 3978//6459 2424//6459 3979//6459 
f 3979//6460 2424//6460 3980//6460 
f 2423//6461 2424//6461 3978//6461 
f 2424//6462 2425//6462 3980//6462 
f 3980//6463 2426//6463 3981//6463 
f 2425//6464 2426//6464 3980//6464 
f 2426//6465 2427//6465 3981//6465 
f 3981//6466 2427//6466 3982//6466 
f 2427//6467 2428//6467 3982//6467 
f 3982//6468 2428//6468 3983//6468 
f 2428//6469 2429//6469 3983//6469 
f 3983//6470 2429//6470 3984//6470 
f 2429//6471 2430//6471 3984//6471 
f 3984//6472 2430//6472 3985//6472 
f 2430//6473 2431//6473 3985//6473 
f 3985//6474 2431//6474 3986//6474 
f 2431//6475 2432//6475 3986//6475 
f 3986//6476 2432//6476 3987//6476 
f 2432//6477 2433//6477 3987//6477 
f 3987//6478 2433//6478 3988//6478 
f 2433//6479 2434//6479 3988//6479 
f 3988//6480 2434//6480 3989//6480 
f 2434//6481 2435//6481 3989//6481 
f 3989//6482 2435//6482 3990//6482 
f 2435//6483 2436//6483 3990//6483 
f 3990//6484 2436//6484 3991//6484 
f 3991//6485 2436//6485 3992//6485 
f 2436//6486 2437//6486 3992//6486 
f 2437//6487 2438//6487 3992//6487 
f 3992//6488 2438//6488 3993//6488 
f 3993//6489 2438//6489 3994//6489 
f 2438//6490 2440//6490 3994//6490 
f 3994//6491 2442//6491 3995//6491 
f 3995//6492 2442//6492 3996//6492 
f 2440//6493 2442//6493 3994//6493 
f 2442//6494 2443//6494 3996//6494 
f 3996//6495 2444//6495 3997//6495 
f 2443//6496 2444//6496 3996//6496 
f 3997//6497 2445//6497 3998//6497 
f 3998//6498 2445//6498 3999//6498 
f 2444//6499 2445//6499 3997//6499 
f 3999//6500 2446//6500 4000//6500 
f 2445//6501 2446//6501 3999//6501 
f 2446//6502 2447//6502 4000//6502 
f 4000//6503 2448//6503 4001//6503 
f 4001//6504 2448//6504 4002//6504 
f 2447//6505 2448//6505 4000//6505 
f 2448//6506 2449//6506 4002//6506 
f 4002//6507 2450//6507 4003//6507 
f 4003//6508 2450//6508 4004//6508 
f 2449//6509 2450//6509 4002//6509 
f 2450//6510 2451//6510 4004//6510 
f 4004//6511 2472//6511 4005//6511 
f 4005//6512 2472//6512 4006//6512 
f 2451//6513 2472//6513 4004//6513 
f 2472//6514 2473//6514 4006//6514 
f 2473//6515 2412//6515 4006//6515 
f 4006//6516 2412//6516 4007//6516 
f 2412//6517 2409//6517 4007//6517 
f 4007//6518 2409//6518 4008//6518 
f 2409//6519 2406//6519 4008//6519 
f 4008//6520 2406//6520 4009//6520 
f 2406//6521 2403//6521 4009//6521 
f 4009//6522 2403//6522 4010//6522 
f 2403//6523 2400//6523 4010//6523 
f 4010//6524 2400//6524 4011//6524 
f 4011//6525 2400//6525 4012//6525 
f 2400//6526 2397//6526 4012//6526 
f 2397//6527 2394//6527 4012//6527 
f 4012//6528 2394//6528 4013//6528 
f 2394//6529 2391//6529 4013//6529 
f 4013//6530 2391//6530 4014//6530 
f 2391//6531 2388//6531 4014//6531 
f 4014//6532 2388//6532 4015//6532 
f 2388//6533 2385//6533 4015//6533 
f 4015//6534 2385//6534 4016//6534 
f 2385//6535 2382//6535 4016//6535 
f 4016//6536 2382//6536 4017//6536 
f 2382//6537 2379//6537 4017//6537 
f 4017//6538 2379//6538 4018//6538 
f 2379//6539 2376//6539 4018//6539 
f 4018//6540 2376//6540 4019//6540 
f 2376//6541 2374//6541 4019//6541 
f 4019//6542 2374//6542 4020//6542 
f 2374//6543 2371//6543 4020//6543 
f 4020//6544 2371//6544 4021//6544 
f 2371//6545 2368//6545 4021//6545 
f 4021//6546 2368//6546 4022//6546 
f 2368//6547 2365//6547 4022//6547 
f 4022//6548 2365//6548 4023//6548 
f 2365//6549 2362//6549 4023//6549 
f 4023//6550 2362//6550 4024//6550 
f 2362//6551 2359//6551 4024//6551 
f 4024//6552 2359//6552 4025//6552 
f 2359//6553 2356//6553 4025//6553 
f 4025//6554 2356//6554 4026//6554 
f 2356//6555 2353//6555 4026//6555 
f 4026//6556 2353//6556 4027//6556 
f 2353//6557 2350//6557 4027//6557 
f 4027//6558 2350//6558 4028//6558 
f 4028//6559 2348//6559 4029//6559 
f 2350//6560 2348//6560 4028//6560 
f 4029//6561 2345//6561 4030//6561 
f 2348//6562 2345//6562 4029//6562 
f 4030//6563 2342//6563 4031//6563 
f 2345//6564 2342//6564 4030//6564 
f 4031//6565 2339//6565 4032//6565 
f 2342//6566 2339//6566 4031//6566 
f 2339//6567 2336//6567 4032//6567 
f 4032//6568 2336//6568 4033//6568 
f 2336//6569 2333//6569 4033//6569 
f 4033//6570 2333//6570 4034//6570 
f 2333//6571 2330//6571 4034//6571 
f 4034//6572 2330//6572 4035//6572 
f 2330//6573 2327//6573 4035//6573 
f 4035//6574 2327//6574 4036//6574 
f 2327//6575 2325//6575 4036//6575 
f 4036//6576 2325//6576 4037//6576 
f 2325//6577 2322//6577 4037//6577 
f 4037//6578 2322//6578 4038//6578 
f 2322//6579 2319//6579 4038//6579 
f 4038//6580 2319//6580 4039//6580 
f 2319//6581 2316//6581 4039//6581 
f 4039//6582 2316//6582 4040//6582 
f 2316//6583 2313//6583 4040//6583 
f 4040//6584 2313//6584 4041//6584 
f 2313//6585 2297//6585 4041//6585 
f 4041//6586 2297//6586 4042//6586 
f 2297//6587 2295//6587 4042//6587 
f 4042//6588 2295//6588 4043//6588 
f 2295//6589 2293//6589 4043//6589 
f 4043//6590 2293//6590 4044//6590 
f 2293//6591 2290//6591 4044//6591 
f 4044//6592 2290//6592 4045//6592 
f 4045//6593 2287//6593 4046//6593 
f 2290//6594 2287//6594 4045//6594 
f 4046//6595 2283//6595 4047//6595 
f 2287//6596 2283//6596 4046//6596 
f 4047//6597 2279//6597 4048//6597 
f 2283//6598 2279//6598 4047//6598 
f 4048//6599 2275//6599 4049//6599 
f 2279//6600 2275//6600 4048//6600 
f 4049//6601 2272//6601 4050//6601 
f 2275//6602 2272//6602 4049//6602 
f 4050//6603 2277//6603 4051//6603 
f 2272//6604 2277//6604 4050//6604 
f 4051//6605 2281//6605 4052//6605 
f 2277//6606 2281//6606 4051//6606 
f 4052//6607 2285//6607 4053//6607 
f 2281//6608 2285//6608 4052//6608 
f 4053//6609 2289//6609 4054//6609 
f 2285//6610 2289//6610 4053//6610 
f 4054//6611 2291//6611 4055//6611 
f 2289//6612 2291//6612 4054//6612 
f 4055//6613 2310//6613 4056//6613 
f 2291//6614 2310//6614 4055//6614 
f 4056//6615 2311//6615 4057//6615 
f 2310//6616 2311//6616 4056//6616 
f 4057//6617 2312//6617 4058//6617 
f 2311//6618 2312//6618 4057//6618 
f 2312//6619 2315//6619 4058//6619 
f 4058//6620 2315//6620 4059//6620 
f 2315//6621 2318//6621 4059//6621 
f 4059//6622 2318//6622 4060//6622 
f 2318//6623 2321//6623 4060//6623 
f 4060//6624 2321//6624 4061//6624 
f 2321//6625 2324//6625 4061//6625 
f 4061//6626 2324//6626 4062//6626 
f 4062//6627 2326//6627 4063//6627 
f 2324//6628 2326//6628 4062//6628 
f 4063//6629 2329//6629 4064//6629 
f 4064//6630 2329//6630 4065//6630 
f 2326//6631 2329//6631 4063//6631 
f 2329//6632 2332//6632 4065//6632 
f 4065//6633 2335//6633 4066//6633 
f 2332//6634 2335//6634 4065//6634 
f 4066//6635 2338//6635 4067//6635 
f 2335//6636 2338//6636 4066//6636 
f 4067//6637 2341//6637 4068//6637 
f 2338//6638 2341//6638 4067//6638 
f 4068//6639 2344//6639 4069//6639 
f 2341//6640 2344//6640 4068//6640 
f 4069//6641 2347//6641 4070//6641 
f 4070//6642 2347//6642 4071//6642 
f 2344//6643 2347//6643 4069//6643 
f 2347//6644 2349//6644 4071//6644 
f 4071//6645 2352//6645 4072//6645 
f 2349//6646 2352//6646 4071//6646 
f 4072//6647 2355//6647 4073//6647 
f 2352//6648 2355//6648 4072//6648 
f 4073//6649 2358//6649 4074//6649 
f 4074//6650 2358//6650 4075//6650 
f 2355//6651 2358//6651 4073//6651 
f 2358//6652 2361//6652 4075//6652 
f 4075//6653 2364//6653 4076//6653 
f 2361//6654 2364//6654 4075//6654 
f 4076//6655 2367//6655 4077//6655 
f 2364//6656 2367//6656 4076//6656 
f 4077//6657 2370//6657 4078//6657 
f 4078//6658 2370//6658 4079//6658 
f 2367//6659 2370//6659 4077//6659 
f 2370//6660 2373//6660 4079//6660 
f 4079//6661 2375//6661 4080//6661 
f 4080//6662 2375//6662 4081//6662 
f 2373//6663 2375//6663 4079//6663 
f 2375//6664 2378//6664 4081//6664 
f 4081//6665 2381//6665 4082//6665 
f 2378//6666 2381//6666 4081//6666 
f 2381//6667 2384//6667 4082//6667 
f 4082//6668 2384//6668 4083//6668 
f 2384//6669 2387//6669 4083//6669 
f 4083//6670 2387//6670 4084//6670 
f 2387//6671 2390//6671 4084//6671 
f 4084//6672 2390//6672 4085//6672 
f 2390//6673 2393//6673 4085//6673 
f 4085//6674 2393//6674 4086//6674 
f 2393//6675 2396//6675 4086//6675 
f 4086//6676 2396//6676 4087//6676 
f 2396//6677 2399//6677 4087//6677 
f 4087//6678 2399//6678 4088//6678 
f 2399//6679 2402//6679 4088//6679 
f 4088//6680 2402//6680 4089//6680 
f 2402//6681 2405//6681 4089//6681 
f 4089//6682 2405//6682 4090//6682 
f 2405//6683 2408//6683 4090//6683 
f 4090//6684 2408//6684 4091//6684 
f 2408//6685 2411//6685 4091//6685 
f 4091//6686 2411//6686 4092//6686 
f 2411//6687 2413//6687 4092//6687 
f 4092//6688 2413//6688 4093//6688 
f 2413//6689 2414//6689 4093//6689 
f 4093//6690 2414//6690 4094//6690 
f 4094//6691 2439//6691 4095//6691 
f 2414//6692 2439//6692 4094//6692 
f 2439//6693 2441//6693 4095//6693 
f 4095//6694 2441//6694 4096//6694 
f 4096//6695 2417//6695 3971//6695 
f 2441//6696 2417//6696 4096//6696 
f 2592//6697 2594//6697 2593//6697 
f 2592//6698 2595//6698 2594//6698 
f 2590//6699 2595//6699 2591//6699 
f 2591//6700 2595//6700 2592//6700 
f 2585//6701 2584//6701 2586//6701 
f 2590//6702 2597//6702 2595//6702 
f 2587//6703 2597//6703 2588//6703 
f 2588//6704 2597//6704 2589//6704 
f 2589//6705 2597//6705 2590//6705 
f 2595//6706 2597//6706 2596//6706 
f 2581//6707 2580//6707 2582//6707 
f 2582//6708 2580//6708 2583//6708 
f 2583//6709 2580//6709 2584//6709 
f 2587//6710 2600//6710 2597//6710 
f 2597//6711 2600//6711 2598//6711 
f 2598//6712 2600//6712 2599//6712 
f 2601//6713 2603//6713 2602//6713 
f 2601//6714 2604//6714 2603//6714 
f 2600//6715 2604//6715 2601//6715 
f 2574//6716 2573//6716 2575//6716 
f 2575//6717 2573//6717 2576//6717 
f 2576//6718 2573//6718 2577//6718 
f 2577//6719 2573//6719 2578//6719 
f 2578//6720 2573//6720 2579//6720 
f 2579//6721 2573//6721 2580//6721 
f 2605//6722 2607//6722 2606//6722 
f 2607//6723 2609//6723 2608//6723 
f 2607//6724 2611//6724 2609//6724 
f 2609//6725 2611//6725 2610//6725 
f 2569//6726 2568//6726 2570//6726 
f 2570//6727 2567//6727 2571//6727 
f 2568//6728 2567//6728 2570//6728 
f 2567//6729 2566//6729 2571//6729 
f 2611//6730 2614//6730 2612//6730 
f 2612//6731 2614//6731 2613//6731 
f 2607//6732 2614//6732 2611//6732 
f 2604//6733 2614//6733 2605//6733 
f 2605//6734 2614//6734 2607//6734 
f 2565//6735 2564//6735 2566//6735 
f 2571//6736 2564//6736 2572//6736 
f 2572//6737 2564//6737 2573//6737 
f 2566//6738 2564//6738 2571//6738 
f 2564//6739 2563//6739 2573//6739 
f 2615//6740 2618//6740 2616//6740 
f 2616//6741 2618//6741 2617//6741 
f 2562//6742 2561//6742 2563//6742 
f 2615//6743 2619//6743 2618//6743 
f 2615//6744 2620//6744 2619//6744 
f 2563//6745 2558//6745 2573//6745 
f 2561//6746 2558//6746 2563//6746 
f 2559//6747 2558//6747 2560//6747 
f 2560//6748 2558//6748 2561//6748 
f 2584//6749 2558//6749 2586//6749 
f 2580//6750 2558//6750 2584//6750 
f 2573//6751 2558//6751 2580//6751 
f 2614//6752 2622//6752 2615//6752 
f 2620//6753 2622//6753 2621//6753 
f 2604//6754 2622//6754 2614//6754 
f 2615//6755 2622//6755 2620//6755 
f 2600//6756 2622//6756 2604//6756 
f 2556//6757 2555//6757 2557//6757 
f 2557//6758 2555//6758 2558//6758 
f 2622//6759 2625//6759 2623//6759 
f 2623//6760 2625//6760 2624//6760 
f 2555//6761 2554//6761 2558//6761 
f 2622//6762 2626//6762 2625//6762 
f 2554//6763 2553//6763 2558//6763 
f 2552//6764 2551//6764 2553//6764 
f 2626//6765 2629//6765 2627//6765 
f 2627//6766 2629//6766 2628//6766 
f 2629//6767 2631//6767 2630//6767 
f 2622//6768 2631//6768 2626//6768 
f 2626//6769 2631//6769 2629//6769 
f 2548//6770 2547//6770 2549//6770 
f 2549//6771 2547//6771 2550//6771 
f 2550//6772 2547//6772 2551//6772 
f 2551//6773 2547//6773 2553//6773 
f 2631//6774 2634//6774 2632//6774 
f 2632//6775 2634//6775 2633//6775 
f 2622//6776 2634//6776 2631//6776 
f 2546//6777 2545//6777 2547//6777 
f 2634//6778 2636//6778 2635//6778 
f 2634//6779 2511//6779 2636//6779 
f 2622//6780 2540//6780 2634//6780 
f 2634//6781 2540//6781 2511//6781 
f 2541//6782 2540//6782 2542//6782 
f 2542//6783 2540//6783 2543//6783 
f 2543//6784 2540//6784 2544//6784 
f 2544//6785 2540//6785 2545//6785 
f 2558//6786 2540//6786 2586//6786 
f 2587//6787 2540//6787 2600//6787 
f 2600//6788 2540//6788 2622//6788 
f 2545//6789 2540//6789 2547//6789 
f 2553//6790 2540//6790 2558//6790 
f 2586//6791 2540//6791 2587//6791 
f 2547//6792 2540//6792 2553//6792 
f 2511//6793 2514//6793 2512//6793 
f 2512//6794 2514//6794 2513//6794 
f 2538//6795 2537//6795 2539//6795 
f 2539//6796 2537//6796 2540//6796 
f 2514//6797 2517//6797 2515//6797 
f 2515//6798 2517//6798 2516//6798 
f 2517//6799 2519//6799 2518//6799 
f 2514//6800 2519//6800 2517//6800 
f 2535//6801 2534//6801 2536//6801 
f 2511//6802 2520//6802 2514//6802 
f 2514//6803 2520//6803 2519//6803 
f 2536//6804 2533//6804 2537//6804 
f 2534//6805 2533//6805 2536//6805 
f 2511//6806 2521//6806 2520//6806 
f 2532//6807 2531//6807 2533//6807 
f 2531//6808 2530//6808 2533//6808 
f 2521//6809 2524//6809 2522//6809 
f 2522//6810 2524//6810 2523//6810 
f 2511//6811 2524//6811 2521//6811 
f 2533//6812 2529//6812 2537//6812 
f 2530//6813 2529//6813 2533//6813 
f 2511//6814 2525//6814 2524//6814 
f 2511//6815 2526//6815 2525//6815 
f 2528//6816 2527//6816 2529//6816 
f 2540//6817 2527//6817 2511//6817 
f 2537//6818 2527//6818 2540//6818 
f 2529//6819 2527//6819 2537//6819 
f 2511//6820 2527//6820 2526//6820 
f 2714//6821 2713//6821 2715//6821 
f 2715//6822 2713//6822 2716//6822 
f 2718//6823 2721//6823 2719//6823 
f 2719//6824 2721//6824 2720//6824 
f 2711//6825 2710//6825 2712//6825 
f 2718//6826 2722//6826 2721//6826 
f 2716//6827 2722//6827 2717//6827 
f 2717//6828 2722//6828 2718//6828 
f 2709//6829 2708//6829 2710//6829 
f 2722//6830 2724//6830 2723//6830 
f 2722//6831 2725//6831 2724//6831 
f 2713//6832 2726//6832 2716//6832 
f 2716//6833 2726//6833 2722//6833 
f 2722//6834 2726//6834 2725//6834 
f 2706//6835 2705//6835 2707//6835 
f 2707//6836 2705//6836 2708//6836 
f 2726//6837 2728//6837 2727//6837 
f 2700//6838 2699//6838 2701//6838 
f 2701//6839 2699//6839 2702//6839 
f 2732//6840 2735//6840 2733//6840 
f 2733//6841 2735//6841 2734//6841 
f 2696//6842 2695//6842 2697//6842 
f 2697//6843 2695//6843 2698//6843 
f 2732//6844 2737//6844 2735//6844 
f 2735//6845 2737//6845 2736//6845 
f 2732//6846 2738//6846 2737//6846 
f 2730//6847 2738//6847 2731//6847 
f 2731//6848 2738//6848 2732//6848 
f 2693//6849 2692//6849 2694//6849 
f 2694//6850 2692//6850 2695//6850 
f 2738//6851 2740//6851 2739//6851 
f 2692//6852 2691//6852 2695//6852 
f 2691//6853 2690//6853 2695//6853 
f 2698//6854 2690//6854 2699//6854 
f 2695//6855 2690//6855 2698//6855 
f 2740//6856 2742//6856 2741//6856 
f 2730//6857 2743//6857 2738//6857 
f 2740//6858 2743//6858 2742//6858 
f 2738//6859 2743//6859 2740//6859 
f 2728//6860 2743//6860 2729//6860 
f 2729//6861 2743//6861 2730//6861 
f 2688//6862 2687//6862 2689//6862 
f 2687//6863 2686//6863 2689//6863 
f 2745//6864 2747//6864 2746//6864 
f 2690//6865 2684//6865 2699//6865 
f 2686//6866 2684//6866 2689//6866 
f 2685//6867 2684//6867 2686//6867 
f 2689//6868 2684//6868 2690//6868 
f 2743//6869 2748//6869 2744//6869 
f 2744//6870 2748//6870 2745//6870 
f 2745//6871 2748//6871 2747//6871 
f 2728//6872 2748//6872 2743//6872 
f 2726//6873 2748//6873 2728//6873 
f 2683//6874 2682//6874 2684//6874 
f 2749//6875 2751//6875 2750//6875 
f 2748//6876 2752//6876 2749//6876 
f 2726//6877 2752//6877 2748//6877 
f 2710//6878 2752//6878 2712//6878 
f 2708//6879 2752//6879 2710//6879 
f 2713//6880 2752//6880 2726//6880 
f 2749//6881 2752//6881 2751//6881 
f 2712//6882 2752//6882 2713//6882 
f 2708//6883 2753//6883 2752//6883 
f 2705//6884 2753//6884 2708//6884 
f 2702//6885 2753//6885 2703//6885 
f 2703//6886 2753//6886 2704//6886 
f 2704//6887 2753//6887 2705//6887 
f 2679//6888 2678//6888 2680//6888 
f 2680//6889 2678//6889 2681//6889 
f 2681//6890 2678//6890 2682//6890 
f 2677//6891 2676//6891 2678//6891 
f 2682//6892 2676//6892 2684//6892 
f 2678//6893 2676//6893 2682//6893 
f 2753//6894 2756//6894 2754//6894 
f 2754//6895 2756//6895 2755//6895 
f 2676//6896 2675//6896 2684//6896 
f 2753//6897 2757//6897 2756//6897 
f 2675//6898 2674//6898 2684//6898 
f 2757//6899 2759//6899 2758//6899 
f 2753//6900 2759//6900 2757//6900 
f 2673//6901 2672//6901 2674//6901 
f 2753//6902 2760//6902 2759//6902 
f 2672//6903 2671//6903 2674//6903 
f 2674//6904 2671//6904 2684//6904 
f 2753//6905 2761//6905 2760//6905 
f 2753//6906 2762//6906 2761//6906 
f 2670//6907 2669//6907 2671//6907 
f 2753//6908 2637//6908 2762//6908 
f 2667//6909 2666//6909 2668//6909 
f 2637//6910 2640//6910 2638//6910 
f 2638//6911 2640//6911 2639//6911 
f 2666//6912 2665//6912 2668//6912 
f 2640//6913 2642//6913 2641//6913 
f 2640//6914 2643//6914 2642//6914 
f 2662//6915 2661//6915 2663//6915 
f 2663//6916 2661//6916 2664//6916 
f 2664//6917 2661//6917 2665//6917 
f 2665//6918 2661//6918 2668//6918 
f 2668//6919 2661//6919 2669//6919 
f 2643//6920 2645//6920 2644//6920 
f 2637//6921 2645//6921 2640//6921 
f 2640//6922 2645//6922 2643//6922 
f 2659//6923 2658//6923 2660//6923 
f 2660//6924 2658//6924 2661//6924 
f 2645//6925 2648//6925 2646//6925 
f 2646//6926 2648//6926 2647//6926 
f 2669//6927 2657//6927 2671//6927 
f 2661//6928 2657//6928 2669//6928 
f 2658//6929 2657//6929 2661//6929 
f 2648//6930 2651//6930 2649//6930 
f 2649//6931 2651//6931 2650//6931 
f 2645//6932 2651//6932 2648//6932 
f 2655//6933 2654//6933 2656//6933 
f 2656//6934 2654//6934 2657//6934 
f 2645//6935 2652//6935 2651//6935 
f 2637//6936 2653//6936 2645//6936 
f 2753//6937 2653//6937 2637//6937 
f 2671//6938 2653//6938 2684//6938 
f 2702//6939 2653//6939 2753//6939 
f 2684//6940 2653//6940 2699//6940 
f 2657//6941 2653//6941 2671//6941 
f 2654//6942 2653//6942 2657//6942 
f 2645//6943 2653//6943 2652//6943 
f 2699//6944 2653//6944 2702//6944 
f 2844//6945 2846//6945 2845//6945 
f 2844//6946 2847//6946 2846//6946 
f 2842//6947 2847//6947 2843//6947 
f 2843//6948 2847//6948 2844//6948 
f 2837//6949 2836//6949 2838//6949 
f 2842//6950 2849//6950 2847//6950 
f 2839//6951 2849//6951 2840//6951 
f 2840//6952 2849//6952 2841//6952 
f 2841//6953 2849//6953 2842//6953 
f 2847//6954 2849//6954 2848//6954 
f 2833//6955 2832//6955 2834//6955 
f 2834//6956 2832//6956 2835//6956 
f 2835//6957 2832//6957 2836//6957 
f 2839//6958 2852//6958 2849//6958 
f 2849//6959 2852//6959 2850//6959 
f 2850//6960 2852//6960 2851//6960 
f 2853//6961 2855//6961 2854//6961 
f 2853//6962 2856//6962 2855//6962 
f 2852//6963 2856//6963 2853//6963 
f 2826//6964 2825//6964 2827//6964 
f 2827//6965 2825//6965 2828//6965 
f 2828//6966 2825//6966 2829//6966 
f 2829//6967 2825//6967 2830//6967 
f 2830//6968 2825//6968 2831//6968 
f 2831//6969 2825//6969 2832//6969 
f 2857//6970 2859//6970 2858//6970 
f 2859//6971 2861//6971 2860//6971 
f 2859//6972 2863//6972 2861//6972 
f 2861//6973 2863//6973 2862//6973 
f 2821//6974 2820//6974 2822//6974 
f 2822//6975 2819//6975 2823//6975 
f 2820//6976 2819//6976 2822//6976 
f 2819//6977 2818//6977 2823//6977 
f 2863//6978 2866//6978 2864//6978 
f 2864//6979 2866//6979 2865//6979 
f 2859//6980 2866//6980 2863//6980 
f 2856//6981 2866//6981 2857//6981 
f 2857//6982 2866//6982 2859//6982 
f 2817//6983 2816//6983 2818//6983 
f 2823//6984 2816//6984 2824//6984 
f 2824//6985 2816//6985 2825//6985 
f 2818//6986 2816//6986 2823//6986 
f 2816//6987 2815//6987 2825//6987 
f 2867//6988 2870//6988 2868//6988 
f 2868//6989 2870//6989 2869//6989 
f 2814//6990 2813//6990 2815//6990 
f 2867//6991 2871//6991 2870//6991 
f 2867//6992 2872//6992 2871//6992 
f 2815//6993 2810//6993 2825//6993 
f 2813//6994 2810//6994 2815//6994 
f 2811//6995 2810//6995 2812//6995 
f 2812//6996 2810//6996 2813//6996 
f 2836//6997 2810//6997 2838//6997 
f 2832//6998 2810//6998 2836//6998 
f 2825//6999 2810//6999 2832//6999 
f 2866//7000 2874//7000 2867//7000 
f 2872//7001 2874//7001 2873//7001 
f 2856//7002 2874//7002 2866//7002 
f 2867//7003 2874//7003 2872//7003 
f 2852//7004 2874//7004 2856//7004 
f 2808//7005 2807//7005 2809//7005 
f 2809//7006 2807//7006 2810//7006 
f 2874//7007 2877//7007 2875//7007 
f 2875//7008 2877//7008 2876//7008 
f 2807//7009 2806//7009 2810//7009 
f 2874//7010 2878//7010 2877//7010 
f 2806//7011 2805//7011 2810//7011 
f 2804//7012 2803//7012 2805//7012 
f 2878//7013 2881//7013 2879//7013 
f 2879//7014 2881//7014 2880//7014 
f 2881//7015 2883//7015 2882//7015 
f 2874//7016 2883//7016 2878//7016 
f 2878//7017 2883//7017 2881//7017 
f 2800//7018 2799//7018 2801//7018 
f 2801//7019 2799//7019 2802//7019 
f 2802//7020 2799//7020 2803//7020 
f 2803//7021 2799//7021 2805//7021 
f 2883//7022 2886//7022 2884//7022 
f 2884//7023 2886//7023 2885//7023 
f 2874//7024 2886//7024 2883//7024 
f 2798//7025 2797//7025 2799//7025 
f 2886//7026 2888//7026 2887//7026 
f 2886//7027 2763//7027 2888//7027 
f 2874//7028 2792//7028 2886//7028 
f 2886//7029 2792//7029 2763//7029 
f 2793//7030 2792//7030 2794//7030 
f 2794//7031 2792//7031 2795//7031 
f 2795//7032 2792//7032 2796//7032 
f 2796//7033 2792//7033 2797//7033 
f 2810//7034 2792//7034 2838//7034 
f 2839//7035 2792//7035 2852//7035 
f 2852//7036 2792//7036 2874//7036 
f 2797//7037 2792//7037 2799//7037 
f 2805//7038 2792//7038 2810//7038 
f 2838//7039 2792//7039 2839//7039 
f 2799//7040 2792//7040 2805//7040 
f 2763//7041 2766//7041 2764//7041 
f 2764//7042 2766//7042 2765//7042 
f 2790//7043 2789//7043 2791//7043 
f 2791//7044 2789//7044 2792//7044 
f 2766//7045 2769//7045 2767//7045 
f 2767//7046 2769//7046 2768//7046 
f 2769//7047 2771//7047 2770//7047 
f 2766//7048 2771//7048 2769//7048 
f 2787//7049 2786//7049 2788//7049 
f 2763//7050 2772//7050 2766//7050 
f 2766//7051 2772//7051 2771//7051 
f 2788//7052 2785//7052 2789//7052 
f 2786//7053 2785//7053 2788//7053 
f 2763//7054 2773//7054 2772//7054 
f 2784//7055 2783//7055 2785//7055 
f 2783//7056 2782//7056 2785//7056 
f 2773//7057 2776//7057 2774//7057 
f 2774//7058 2776//7058 2775//7058 
f 2763//7059 2776//7059 2773//7059 
f 2785//7060 2781//7060 2789//7060 
f 2782//7061 2781//7061 2785//7061 
f 2763//7062 2777//7062 2776//7062 
f 2763//7063 2778//7063 2777//7063 
f 2780//7064 2779//7064 2781//7064 
f 2792//7065 2779//7065 2763//7065 
f 2789//7066 2779//7066 2792//7066 
f 2781//7067 2779//7067 2789//7067 
f 2763//7068 2779//7068 2778//7068 
f 2966//7069 2965//7069 2967//7069 
f 2967//7070 2965//7070 2968//7070 
f 2970//7071 2973//7071 2971//7071 
f 2971//7072 2973//7072 2972//7072 
f 2963//7073 2962//7073 2964//7073 
f 2970//7074 2974//7074 2973//7074 
f 2968//7075 2974//7075 2969//7075 
f 2969//7076 2974//7076 2970//7076 
f 2961//7077 2960//7077 2962//7077 
f 2974//7078 2976//7078 2975//7078 
f 2974//7079 2977//7079 2976//7079 
f 2965//7080 2978//7080 2968//7080 
f 2968//7081 2978//7081 2974//7081 
f 2974//7082 2978//7082 2977//7082 
f 2958//7083 2957//7083 2959//7083 
f 2959//7084 2957//7084 2960//7084 
f 2978//7085 2980//7085 2979//7085 
f 2952//7086 2951//7086 2953//7086 
f 2953//7087 2951//7087 2954//7087 
f 2984//7088 2987//7088 2985//7088 
f 2985//7089 2987//7089 2986//7089 
f 2948//7090 2947//7090 2949//7090 
f 2949//7091 2947//7091 2950//7091 
f 2984//7092 2989//7092 2987//7092 
f 2987//7093 2989//7093 2988//7093 
f 2984//7094 2990//7094 2989//7094 
f 2982//7095 2990//7095 2983//7095 
f 2983//7096 2990//7096 2984//7096 
f 2945//7097 2944//7097 2946//7097 
f 2946//7098 2944//7098 2947//7098 
f 2990//7099 2992//7099 2991//7099 
f 2944//7100 2943//7100 2947//7100 
f 2943//7101 2942//7101 2947//7101 
f 2950//7102 2942//7102 2951//7102 
f 2947//7103 2942//7103 2950//7103 
f 2992//7104 2994//7104 2993//7104 
f 2982//7105 2995//7105 2990//7105 
f 2992//7106 2995//7106 2994//7106 
f 2990//7107 2995//7107 2992//7107 
f 2980//7108 2995//7108 2981//7108 
f 2981//7109 2995//7109 2982//7109 
f 2940//7110 2939//7110 2941//7110 
f 2939//7111 2938//7111 2941//7111 
f 2997//7112 2999//7112 2998//7112 
f 2942//7113 2936//7113 2951//7113 
f 2938//7114 2936//7114 2941//7114 
f 2937//7115 2936//7115 2938//7115 
f 2941//7116 2936//7116 2942//7116 
f 2995//7117 3000//7117 2996//7117 
f 2996//7118 3000//7118 2997//7118 
f 2997//7119 3000//7119 2999//7119 
f 2980//7120 3000//7120 2995//7120 
f 2978//7121 3000//7121 2980//7121 
f 2935//7122 2934//7122 2936//7122 
f 3001//7123 3003//7123 3002//7123 
f 3000//7124 3004//7124 3001//7124 
f 2978//7125 3004//7125 3000//7125 
f 2962//7126 3004//7126 2964//7126 
f 2960//7127 3004//7127 2962//7127 
f 2965//7128 3004//7128 2978//7128 
f 3001//7129 3004//7129 3003//7129 
f 2964//7130 3004//7130 2965//7130 
f 2960//7131 3005//7131 3004//7131 
f 2957//7132 3005//7132 2960//7132 
f 2954//7133 3005//7133 2955//7133 
f 2955//7134 3005//7134 2956//7134 
f 2956//7135 3005//7135 2957//7135 
f 2931//7136 2930//7136 2932//7136 
f 2932//7137 2930//7137 2933//7137 
f 2933//7138 2930//7138 2934//7138 
f 2929//7139 2928//7139 2930//7139 
f 2934//7140 2928//7140 2936//7140 
f 2930//7141 2928//7141 2934//7141 
f 3005//7142 3008//7142 3006//7142 
f 3006//7143 3008//7143 3007//7143 
f 2928//7144 2927//7144 2936//7144 
f 3005//7145 3009//7145 3008//7145 
f 2927//7146 2926//7146 2936//7146 
f 3009//7147 3011//7147 3010//7147 
f 3005//7148 3011//7148 3009//7148 
f 2925//7149 2924//7149 2926//7149 
f 3005//7150 3012//7150 3011//7150 
f 2924//7151 2923//7151 2926//7151 
f 2926//7152 2923//7152 2936//7152 
f 3005//7153 3013//7153 3012//7153 
f 3005//7154 3014//7154 3013//7154 
f 2922//7155 2921//7155 2923//7155 
f 3005//7156 2889//7156 3014//7156 
f 2919//7157 2918//7157 2920//7157 
f 2889//7158 2892//7158 2890//7158 
f 2890//7159 2892//7159 2891//7159 
f 2918//7160 2917//7160 2920//7160 
f 2892//7161 2894//7161 2893//7161 
f 2892//7162 2895//7162 2894//7162 
f 2914//7163 2913//7163 2915//7163 
f 2915//7164 2913//7164 2916//7164 
f 2916//7165 2913//7165 2917//7165 
f 2917//7166 2913//7166 2920//7166 
f 2920//7167 2913//7167 2921//7167 
f 2895//7168 2897//7168 2896//7168 
f 2889//7169 2897//7169 2892//7169 
f 2892//7170 2897//7170 2895//7170 
f 2911//7171 2910//7171 2912//7171 
f 2912//7172 2910//7172 2913//7172 
f 2897//7173 2900//7173 2898//7173 
f 2898//7174 2900//7174 2899//7174 
f 2921//7175 2909//7175 2923//7175 
f 2913//7176 2909//7176 2921//7176 
f 2910//7177 2909//7177 2913//7177 
f 2900//7178 2903//7178 2901//7178 
f 2901//7179 2903//7179 2902//7179 
f 2897//7180 2903//7180 2900//7180 
f 2907//7181 2906//7181 2908//7181 
f 2908//7182 2906//7182 2909//7182 
f 2897//7183 2904//7183 2903//7183 
f 2889//7184 2905//7184 2897//7184 
f 3005//7185 2905//7185 2889//7185 
f 2923//7186 2905//7186 2936//7186 
f 2954//7187 2905//7187 3005//7187 
f 2936//7188 2905//7188 2951//7188 
f 2909//7189 2905//7189 2923//7189 
f 2906//7190 2905//7190 2909//7190 
f 2897//7191 2905//7191 2904//7191 
f 2951//7192 2905//7192 2954//7192 
f 1416//7193 4097//7193 3086//7193 
f 1416//7194 1414//7194 4097//7194 
f 3085//7195 4098//7195 1414//7195 
f 1414//7196 4098//7196 4097//7196 
f 4097//7197 4099//7197 4100//7197 
f 4098//7198 4099//7198 4097//7198 
f 4100//7199 4101//7199 4102//7199 
f 4099//7200 4101//7200 4100//7200 
f 4102//7201 4103//7201 4104//7201 
f 4101//7202 4103//7202 4102//7202 
f 4104//7203 4105//7203 4106//7203 
f 4103//7204 4105//7204 4104//7204 
f 4106//7205 4107//7205 4108//7205 
f 4105//7206 4107//7206 4106//7206 
f 4108//7207 4109//7207 4110//7207 
f 4107//7208 4109//7208 4108//7208 
f 4110//7209 4111//7209 4112//7209 
f 4109//7210 4111//7210 4110//7210 
f 4112//7211 4113//7211 4114//7211 
f 4111//7212 4113//7212 4112//7212 
f 4114//7213 4115//7213 4116//7213 
f 4116//7214 4115//7214 4117//7214 
f 4113//7215 4115//7215 4114//7215 
f 4115//7216 4118//7216 4117//7216 
f 4117//7217 4118//7217 4119//7217 
f 4119//7218 4120//7218 4121//7218 
f 4118//7219 4120//7219 4119//7219 
f 4121//7220 4122//7220 4123//7220 
f 4120//7221 4122//7221 4121//7221 
f 4123//7222 4124//7222 4125//7222 
f 4122//7223 4124//7223 4123//7223 
f 4125//7224 4126//7224 4127//7224 
f 4124//7225 4126//7225 4125//7225 
f 4127//7226 4128//7226 4129//7226 
f 4126//7227 4128//7227 4127//7227 
f 4129//7228 4130//7228 4131//7228 
f 4128//7229 4130//7229 4129//7229 
f 4131//7230 4132//7230 4133//7230 
f 4130//7231 4132//7231 4131//7231 
f 4133//7232 4134//7232 4135//7232 
f 4132//7233 4134//7233 4133//7233 
f 4135//7234 4136//7234 4137//7234 
f 4134//7235 4136//7235 4135//7235 
f 4137//7236 4138//7236 4139//7236 
f 4136//7237 4138//7237 4137//7237 
f 4139//7238 4140//7238 4141//7238 
f 4138//7239 4140//7239 4139//7239 
f 4141//7240 4142//7240 4143//7240 
f 4140//7241 4142//7241 4141//7241 
f 4143//7242 4144//7242 4145//7242 
f 4142//7243 4144//7243 4143//7243 
f 4145//7244 4146//7244 4147//7244 
f 4144//7245 4146//7245 4145//7245 
f 4147//7246 4148//7246 4149//7246 
f 4146//7247 4148//7247 4147//7247 
f 4148//7248 4150//7248 4149//7248 
f 4149//7249 4150//7249 4151//7249 
f 4150//7250 4152//7250 4151//7250 
f 4151//7251 4152//7251 4153//7251 
f 4152//7252 4154//7252 4153//7252 
f 4153//7253 4154//7253 4155//7253 
f 4154//7254 4156//7254 4155//7254 
f 4155//7255 4156//7255 4157//7255 
f 4156//7256 4158//7256 4157//7256 
f 4157//7257 4158//7257 4159//7257 
f 4158//7258 4160//7258 4159//7258 
f 4159//7259 4160//7259 4161//7259 
f 4160//7260 4162//7260 4161//7260 
f 4161//7261 4162//7261 4163//7261 
f 4162//7262 4164//7262 4163//7262 
f 4164//7263 4165//7263 4163//7263 
f 4163//7264 4165//7264 4166//7264 
f 4165//7265 4167//7265 4166//7265 
f 4166//7266 4167//7266 4168//7266 
f 4168//7267 4169//7267 4170//7267 
f 4167//7268 4169//7268 4168//7268 
f 4170//7269 4171//7269 4172//7269 
f 4169//7270 4171//7270 4170//7270 
f 4172//7271 4173//7271 4174//7271 
f 4171//7272 4173//7272 4172//7272 
f 4174//7273 4175//7273 4176//7273 
f 4173//7274 4175//7274 4174//7274 
f 4176//7275 4177//7275 4178//7275 
f 4178//7276 4177//7276 4179//7276 
f 4175//7277 4177//7277 4176//7277 
f 4177//7278 4180//7278 4179//7278 
f 3163//7279 3162//7279 3164//7279 
f 3164//7280 3162//7280 3165//7280 
f 3168//7281 3172//7281 3169//7281 
f 3169//7282 3172//7282 3170//7282 
f 3170//7283 3172//7283 3171//7283 
f 3159//7284 3158//7284 3160//7284 
f 3172//7285 3175//7285 3173//7285 
f 3173//7286 3175//7286 3174//7286 
f 3157//7287 3156//7287 3158//7287 
f 3175//7288 3177//7288 3176//7288 
f 3156//7289 3154//7289 3158//7289 
f 3158//7290 3154//7290 3160//7290 
f 3155//7291 3154//7291 3156//7291 
f 3160//7292 3154//7292 3161//7292 
f 3161//7293 3154//7293 3162//7293 
f 3177//7294 3180//7294 3178//7294 
f 3178//7295 3180//7295 3179//7295 
f 3168//7296 3181//7296 3172//7296 
f 3172//7297 3181//7297 3175//7297 
f 3175//7298 3181//7298 3177//7298 
f 3177//7299 3181//7299 3180//7299 
f 3166//7300 3181//7300 3167//7300 
f 3167//7301 3181//7301 3168//7301 
f 3150//7302 3149//7302 3151//7302 
f 3151//7303 3149//7303 3152//7303 
f 3181//7304 3183//7304 3182//7304 
f 3148//7305 3147//7305 3149//7305 
f 3152//7306 3147//7306 3153//7306 
f 3153//7307 3147//7307 3154//7307 
f 3149//7308 3147//7308 3152//7308 
f 3183//7309 3185//7309 3184//7309 
f 3181//7310 3185//7310 3183//7310 
f 3146//7311 3145//7311 3147//7311 
f 3147//7312 3145//7312 3154//7312 
f 3185//7313 3188//7313 3186//7313 
f 3186//7314 3188//7314 3187//7314 
f 3143//7315 3142//7315 3144//7315 
f 3144//7316 3142//7316 3145//7316 
f 3188//7317 3190//7317 3189//7317 
f 3181//7318 3190//7318 3185//7318 
f 3185//7319 3190//7319 3188//7319 
f 3140//7320 3139//7320 3141//7320 
f 3190//7321 3193//7321 3191//7321 
f 3191//7322 3193//7322 3192//7322 
f 3139//7323 3138//7323 3141//7323 
f 3193//7324 3195//7324 3194//7324 
f 3138//7325 3136//7325 3141//7325 
f 3137//7326 3136//7326 3138//7326 
f 3195//7327 3197//7327 3196//7327 
f 3136//7328 3134//7328 3141//7328 
f 3135//7329 3134//7329 3136//7329 
f 3141//7330 3134//7330 3142//7330 
f 3181//7331 3198//7331 3190//7331 
f 3190//7332 3198//7332 3193//7332 
f 3193//7333 3198//7333 3195//7333 
f 3162//7334 3198//7334 3165//7334 
f 3195//7335 3198//7335 3197//7335 
f 3165//7336 3198//7336 3166//7336 
f 3166//7337 3198//7337 3181//7337 
f 3198//7338 3200//7338 3199//7338 
f 3132//7339 3131//7339 3133//7339 
f 3133//7340 3131//7340 3134//7340 
f 3200//7341 3202//7341 3201//7341 
f 3198//7342 3203//7342 3200//7342 
f 3200//7343 3203//7343 3202//7343 
f 3129//7344 3128//7344 3130//7344 
f 3130//7345 3128//7345 3131//7345 
f 3127//7346 3126//7346 3128//7346 
f 3128//7347 3126//7347 3131//7347 
f 3203//7348 3207//7348 3204//7348 
f 3204//7349 3207//7349 3205//7349 
f 3205//7350 3207//7350 3206//7350 
f 3125//7351 3124//7351 3126//7351 
f 3131//7352 3124//7352 3134//7352 
f 3126//7353 3124//7353 3131//7353 
f 3198//7354 3208//7354 3203//7354 
f 3203//7355 3208//7355 3207//7355 
f 3124//7356 3123//7356 3134//7356 
f 3123//7357 3122//7357 3134//7357 
f 3209//7358 3212//7358 3210//7358 
f 3210//7359 3212//7359 3211//7359 
f 3120//7360 3119//7360 3121//7360 
f 3121//7361 3119//7361 3122//7361 
f 3119//7362 3118//7362 3122//7362 
f 3142//7363 3118//7363 3145//7363 
f 3134//7364 3118//7364 3142//7364 
f 3122//7365 3118//7365 3134//7365 
f 3209//7366 3088//7366 3212//7366 
f 3208//7367 3088//7367 3209//7367 
f 3212//7368 3088//7368 3087//7368 
f 3117//7369 3116//7369 3118//7369 
f 3088//7370 3090//7370 3089//7370 
f 3208//7371 3090//7371 3088//7371 
f 3198//7372 3090//7372 3208//7372 
f 3116//7373 3115//7373 3118//7373 
f 3115//7374 3113//7374 3118//7374 
f 3114//7375 3113//7375 3115//7375 
f 3090//7376 3093//7376 3091//7376 
f 3091//7377 3093//7377 3092//7377 
f 3113//7378 3112//7378 3118//7378 
f 3090//7379 3094//7379 3093//7379 
f 3111//7380 3110//7380 3112//7380 
f 3094//7381 3096//7381 3095//7381 
f 3108//7382 3107//7382 3109//7382 
f 3109//7383 3107//7383 3110//7383 
f 3110//7384 3107//7384 3112//7384 
f 3096//7385 3099//7385 3097//7385 
f 3097//7386 3099//7386 3098//7386 
f 3090//7387 3099//7387 3094//7387 
f 3094//7388 3099//7388 3096//7388 
f 3090//7389 3100//7389 3099//7389 
f 3106//7390 3105//7390 3107//7390 
f 3107//7391 3105//7391 3112//7391 
f 3118//7392 3103//7392 3145//7392 
f 3112//7393 3103//7393 3118//7393 
f 3145//7394 3103//7394 3154//7394 
f 3100//7395 3103//7395 3101//7395 
f 3101//7396 3103//7396 3102//7396 
f 3104//7397 3103//7397 3105//7397 
f 3198//7398 3103//7398 3090//7398 
f 3162//7399 3103//7399 3198//7399 
f 3090//7400 3103//7400 3100//7400 
f 3105//7401 3103//7401 3112//7401 
f 3154//7402 3103//7402 3162//7402 
f 3292//7403 3294//7403 3293//7403 
f 3294//7404 3296//7404 3295//7404 
f 3288//7405 3287//7405 3289//7405 
f 3294//7406 3297//7406 3296//7406 
f 3287//7407 3284//7407 3289//7407 
f 3285//7408 3284//7408 3286//7408 
f 3286//7409 3284//7409 3287//7409 
f 3289//7410 3284//7410 3290//7410 
f 3290//7411 3284//7411 3291//7411 
f 3291//7412 3284//7412 3292//7412 
f 3298//7413 3300//7413 3299//7413 
f 3298//7414 3301//7414 3300//7414 
f 3297//7415 3301//7415 3298//7415 
f 3292//7416 3282//7416 3294//7416 
f 3284//7417 3282//7417 3292//7417 
f 3283//7418 3282//7418 3284//7418 
f 3301//7419 3303//7419 3302//7419 
f 3281//7420 3280//7420 3282//7420 
f 3280//7421 3279//7421 3282//7421 
f 3301//7422 3306//7422 3303//7422 
f 3303//7423 3306//7423 3304//7423 
f 3304//7424 3306//7424 3305//7424 
f 3277//7425 3276//7425 3278//7425 
f 3278//7426 3276//7426 3279//7426 
f 3297//7427 3308//7427 3301//7427 
f 3301//7428 3308//7428 3306//7428 
f 3306//7429 3308//7429 3307//7429 
f 3274//7430 3273//7430 3275//7430 
f 3273//7431 3272//7431 3275//7431 
f 3309//7432 3312//7432 3310//7432 
f 3310//7433 3312//7433 3311//7433 
f 3309//7434 3313//7434 3312//7434 
f 3294//7435 3313//7435 3297//7435 
f 3297//7436 3313//7436 3308//7436 
f 3308//7437 3313//7437 3309//7437 
f 3271//7438 3270//7438 3272//7438 
f 3282//7439 3270//7439 3294//7439 
f 3275//7440 3270//7440 3276//7440 
f 3279//7441 3270//7441 3282//7441 
f 3272//7442 3270//7442 3275//7442 
f 3276//7443 3270//7443 3279//7443 
f 3269//7444 3268//7444 3270//7444 
f 3314//7445 3316//7445 3315//7445 
f 3313//7446 3317//7446 3314//7446 
f 3314//7447 3317//7447 3316//7447 
f 3267//7448 3266//7448 3268//7448 
f 3268//7449 3266//7449 3270//7449 
f 3313//7450 3318//7450 3317//7450 
f 3313//7451 3319//7451 3318//7451 
f 3294//7452 3320//7452 3313//7452 
f 3270//7453 3320//7453 3294//7453 
f 3313//7454 3320//7454 3319//7454 
f 3266//7455 3321//7455 3270//7455 
f 3270//7456 3321//7456 3320//7456 
f 3262//7457 3261//7457 3263//7457 
f 3263//7458 3261//7458 3264//7458 
f 3264//7459 3261//7459 3265//7459 
f 3265//7460 3261//7460 3266//7460 
f 3321//7461 3324//7461 3322//7461 
f 3322//7462 3324//7462 3323//7462 
f 3321//7463 3325//7463 3324//7463 
f 3259//7464 3258//7464 3260//7464 
f 3260//7465 3258//7465 3261//7465 
f 3261//7466 3257//7466 3266//7466 
f 3258//7467 3257//7467 3261//7467 
f 3325//7468 3328//7468 3326//7468 
f 3326//7469 3328//7469 3327//7469 
f 3321//7470 3328//7470 3325//7470 
f 3328//7471 3330//7471 3329//7471 
f 3321//7472 3330//7472 3328//7472 
f 3266//7473 3253//7473 3321//7473 
f 3254//7474 3253//7474 3255//7474 
f 3255//7475 3253//7475 3256//7475 
f 3256//7476 3253//7476 3257//7476 
f 3321//7477 3253//7477 3330//7477 
f 3257//7478 3253//7478 3266//7478 
f 3330//7479 3332//7479 3331//7479 
f 3253//7480 3332//7480 3330//7480 
f 3252//7481 3251//7481 3253//7481 
f 3253//7482 3251//7482 3332//7482 
f 3332//7483 3334//7483 3333//7483 
f 3334//7484 3336//7484 3335//7484 
f 3248//7485 3247//7485 3249//7485 
f 3249//7486 3247//7486 3250//7486 
f 3247//7487 3246//7487 3250//7487 
f 3250//7488 3246//7488 3251//7488 
f 3334//7489 3338//7489 3336//7489 
f 3336//7490 3338//7490 3337//7490 
f 3334//7491 3213//7491 3338//7491 
f 3246//7492 3244//7492 3251//7492 
f 3245//7493 3244//7493 3246//7493 
f 3334//7494 3214//7494 3213//7494 
f 3332//7495 3214//7495 3334//7495 
f 3243//7496 3242//7496 3244//7496 
f 3214//7497 3216//7497 3215//7497 
f 3244//7498 3216//7498 3251//7498 
f 3332//7499 3216//7499 3214//7499 
f 3251//7500 3216//7500 3332//7500 
f 3242//7501 3241//7501 3244//7501 
f 3216//7502 3218//7502 3217//7502 
f 3241//7503 3239//7503 3244//7503 
f 3240//7504 3239//7504 3241//7504 
f 3218//7505 3221//7505 3219//7505 
f 3219//7506 3221//7506 3220//7506 
f 3216//7507 3221//7507 3218//7507 
f 3237//7508 3236//7508 3238//7508 
f 3216//7509 3222//7509 3221//7509 
f 3238//7510 3235//7510 3239//7510 
f 3236//7511 3235//7511 3238//7511 
f 3222//7512 3224//7512 3223//7512 
f 3216//7513 3224//7513 3222//7513 
f 3216//7514 3225//7514 3224//7514 
f 3233//7515 3232//7515 3234//7515 
f 3234//7516 3232//7516 3235//7516 
f 3232//7517 3231//7517 3235//7517 
f 3235//7518 3230//7518 3239//7518 
f 3231//7519 3230//7519 3235//7519 
f 3225//7520 3228//7520 3226//7520 
f 3226//7521 3228//7521 3227//7521 
f 3244//7522 3229//7522 3216//7522 
f 3239//7523 3229//7523 3244//7523 
f 3216//7524 3229//7524 3225//7524 
f 3225//7525 3229//7525 3228//7525 
f 3230//7526 3229//7526 3239//7526 
f 3415//7527 3414//7527 3416//7527 
f 3416//7528 3414//7528 3417//7528 
f 3420//7529 3424//7529 3421//7529 
f 3421//7530 3424//7530 3422//7530 
f 3422//7531 3424//7531 3423//7531 
f 3411//7532 3410//7532 3412//7532 
f 3424//7533 3427//7533 3425//7533 
f 3425//7534 3427//7534 3426//7534 
f 3409//7535 3408//7535 3410//7535 
f 3427//7536 3429//7536 3428//7536 
f 3408//7537 3406//7537 3410//7537 
f 3410//7538 3406//7538 3412//7538 
f 3407//7539 3406//7539 3408//7539 
f 3412//7540 3406//7540 3413//7540 
f 3413//7541 3406//7541 3414//7541 
f 3429//7542 3432//7542 3430//7542 
f 3430//7543 3432//7543 3431//7543 
f 3420//7544 3433//7544 3424//7544 
f 3424//7545 3433//7545 3427//7545 
f 3427//7546 3433//7546 3429//7546 
f 3429//7547 3433//7547 3432//7547 
f 3418//7548 3433//7548 3419//7548 
f 3419//7549 3433//7549 3420//7549 
f 3402//7550 3401//7550 3403//7550 
f 3403//7551 3401//7551 3404//7551 
f 3433//7552 3435//7552 3434//7552 
f 3400//7553 3399//7553 3401//7553 
f 3404//7554 3399//7554 3405//7554 
f 3405//7555 3399//7555 3406//7555 
f 3401//7556 3399//7556 3404//7556 
f 3435//7557 3437//7557 3436//7557 
f 3433//7558 3437//7558 3435//7558 
f 3398//7559 3397//7559 3399//7559 
f 3399//7560 3397//7560 3406//7560 
f 3437//7561 3440//7561 3438//7561 
f 3438//7562 3440//7562 3439//7562 
f 3395//7563 3394//7563 3396//7563 
f 3396//7564 3394//7564 3397//7564 
f 3440//7565 3442//7565 3441//7565 
f 3433//7566 3442//7566 3437//7566 
f 3437//7567 3442//7567 3440//7567 
f 3392//7568 3391//7568 3393//7568 
f 3442//7569 3445//7569 3443//7569 
f 3443//7570 3445//7570 3444//7570 
f 3391//7571 3390//7571 3393//7571 
f 3445//7572 3447//7572 3446//7572 
f 3390//7573 3388//7573 3393//7573 
f 3389//7574 3388//7574 3390//7574 
f 3447//7575 3449//7575 3448//7575 
f 3388//7576 3386//7576 3393//7576 
f 3387//7577 3386//7577 3388//7577 
f 3393//7578 3386//7578 3394//7578 
f 3433//7579 3450//7579 3442//7579 
f 3442//7580 3450//7580 3445//7580 
f 3445//7581 3450//7581 3447//7581 
f 3414//7582 3450//7582 3417//7582 
f 3447//7583 3450//7583 3449//7583 
f 3417//7584 3450//7584 3418//7584 
f 3418//7585 3450//7585 3433//7585 
f 3450//7586 3452//7586 3451//7586 
f 3384//7587 3383//7587 3385//7587 
f 3385//7588 3383//7588 3386//7588 
f 3452//7589 3454//7589 3453//7589 
f 3450//7590 3455//7590 3452//7590 
f 3452//7591 3455//7591 3454//7591 
f 3381//7592 3380//7592 3382//7592 
f 3382//7593 3380//7593 3383//7593 
f 3379//7594 3378//7594 3380//7594 
f 3380//7595 3378//7595 3383//7595 
f 3455//7596 3459//7596 3456//7596 
f 3456//7597 3459//7597 3457//7597 
f 3457//7598 3459//7598 3458//7598 
f 3377//7599 3376//7599 3378//7599 
f 3383//7600 3376//7600 3386//7600 
f 3378//7601 3376//7601 3383//7601 
f 3450//7602 3460//7602 3455//7602 
f 3455//7603 3460//7603 3459//7603 
f 3376//7604 3375//7604 3386//7604 
f 3375//7605 3374//7605 3386//7605 
f 3461//7606 3464//7606 3462//7606 
f 3462//7607 3464//7607 3463//7607 
f 3372//7608 3371//7608 3373//7608 
f 3373//7609 3371//7609 3374//7609 
f 3371//7610 3370//7610 3374//7610 
f 3394//7611 3370//7611 3397//7611 
f 3386//7612 3370//7612 3394//7612 
f 3374//7613 3370//7613 3386//7613 
f 3461//7614 3340//7614 3464//7614 
f 3460//7615 3340//7615 3461//7615 
f 3464//7616 3340//7616 3339//7616 
f 3369//7617 3368//7617 3370//7617 
f 3340//7618 3342//7618 3341//7618 
f 3460//7619 3342//7619 3340//7619 
f 3450//7620 3342//7620 3460//7620 
f 3368//7621 3367//7621 3370//7621 
f 3367//7622 3365//7622 3370//7622 
f 3366//7623 3365//7623 3367//7623 
f 3342//7624 3345//7624 3343//7624 
f 3343//7625 3345//7625 3344//7625 
f 3365//7626 3364//7626 3370//7626 
f 3342//7627 3346//7627 3345//7627 
f 3363//7628 3362//7628 3364//7628 
f 3346//7629 3348//7629 3347//7629 
f 3360//7630 3359//7630 3361//7630 
f 3361//7631 3359//7631 3362//7631 
f 3362//7632 3359//7632 3364//7632 
f 3348//7633 3351//7633 3349//7633 
f 3349//7634 3351//7634 3350//7634 
f 3342//7635 3351//7635 3346//7635 
f 3346//7636 3351//7636 3348//7636 
f 3342//7637 3352//7637 3351//7637 
f 3358//7638 3357//7638 3359//7638 
f 3359//7639 3357//7639 3364//7639 
f 3370//7640 3355//7640 3397//7640 
f 3364//7641 3355//7641 3370//7641 
f 3397//7642 3355//7642 3406//7642 
f 3352//7643 3355//7643 3353//7643 
f 3353//7644 3355//7644 3354//7644 
f 3356//7645 3355//7645 3357//7645 
f 3450//7646 3355//7646 3342//7646 
f 3414//7647 3355//7647 3450//7647 
f 3342//7648 3355//7648 3352//7648 
f 3357//7649 3355//7649 3364//7649 
f 3406//7650 3355//7650 3414//7650 
f 3465//7651 3086//7651 4097//7651 
f 4181//7652 4097//7652 4100//7652 
f 4181//7653 3465//7653 4097//7653 
f 4182//7654 4100//7654 4102//7654 
f 4182//7655 4181//7655 4100//7655 
f 4183//7656 4102//7656 4104//7656 
f 4183//7657 4182//7657 4102//7657 
f 4184//7658 4104//7658 4106//7658 
f 4184//7659 4183//7659 4104//7659 
f 4185//7660 4106//7660 4108//7660 
f 4185//7661 4184//7661 4106//7661 
f 4186//7662 4108//7662 4110//7662 
f 4186//7663 4185//7663 4108//7663 
f 4187//7664 4110//7664 4112//7664 
f 4187//7665 4186//7665 4110//7665 
f 4188//7666 4112//7666 4114//7666 
f 4188//7667 4187//7667 4112//7667 
f 4189//7668 4114//7668 4116//7668 
f 4189//7669 4188//7669 4114//7669 
f 4190//7670 4116//7670 4117//7670 
f 4190//7671 4189//7671 4116//7671 
f 4191//7672 4117//7672 4119//7672 
f 4191//7673 4190//7673 4117//7673 
f 4192//7674 4119//7674 4121//7674 
f 4192//7675 4191//7675 4119//7675 
f 4193//7676 4121//7676 4123//7676 
f 4193//7677 4192//7677 4121//7677 
f 4194//7678 4123//7678 4125//7678 
f 4194//7679 4193//7679 4123//7679 
f 4195//7680 4125//7680 4127//7680 
f 4195//7681 4194//7681 4125//7681 
f 4196//7682 4127//7682 4129//7682 
f 4196//7683 4195//7683 4127//7683 
f 4197//7684 4129//7684 4131//7684 
f 4197//7685 4196//7685 4129//7685 
f 4198//7686 4131//7686 4133//7686 
f 4198//7687 4197//7687 4131//7687 
f 4199//7688 4133//7688 4135//7688 
f 4199//7689 4198//7689 4133//7689 
f 4200//7690 4135//7690 4137//7690 
f 4200//7691 4199//7691 4135//7691 
f 4201//7692 4137//7692 4139//7692 
f 4201//7693 4200//7693 4137//7693 
f 4202//7694 4139//7694 4141//7694 
f 4202//7695 4201//7695 4139//7695 
f 4203//7696 4141//7696 4143//7696 
f 4203//7697 4202//7697 4141//7697 
f 4204//7698 4143//7698 4145//7698 
f 4204//7699 4203//7699 4143//7699 
f 4205//7700 4145//7700 4147//7700 
f 4205//7701 4204//7701 4145//7701 
f 4206//7702 4147//7702 4149//7702 
f 4206//7703 4205//7703 4147//7703 
f 4207//7704 4149//7704 4151//7704 
f 4207//7705 4206//7705 4149//7705 
f 4208//7706 4207//7706 4151//7706 
f 4208//7707 4151//7707 4153//7707 
f 4209//7708 4208//7708 4153//7708 
f 4209//7709 4153//7709 4155//7709 
f 4210//7710 4209//7710 4155//7710 
f 4210//7711 4155//7711 4157//7711 
f 4211//7712 4210//7712 4157//7712 
f 4211//7713 4157//7713 4159//7713 
f 4212//7714 4211//7714 4159//7714 
f 4212//7715 4159//7715 4161//7715 
f 4213//7716 4212//7716 4161//7716 
f 4213//7717 4161//7717 4163//7717 
f 4214//7718 4213//7718 4163//7718 
f 4214//7719 4163//7719 4166//7719 
f 4215//7720 4214//7720 4166//7720 
f 4215//7721 4166//7721 4168//7721 
f 4216//7722 4215//7722 4168//7722 
f 4217//7723 4216//7723 4168//7723 
f 4217//7724 4168//7724 4170//7724 
f 4218//7725 4217//7725 4170//7725 
f 4218//7726 4170//7726 4172//7726 
f 4219//7727 4172//7727 4174//7727 
f 4219//7728 4218//7728 4172//7728 
f 4220//7729 4174//7729 4176//7729 
f 4220//7730 4219//7730 4174//7730 
f 4221//7731 4176//7731 4178//7731 
f 4221//7732 4220//7732 4176//7732 
f 4222//7733 4178//7733 4179//7733 
f 4222//7734 4221//7734 4178//7734 
f 3466//7735 3465//7735 4181//7735 
f 4223//7736 4181//7736 4182//7736 
f 4223//7737 3466//7737 4181//7737 
f 4224//7738 4182//7738 4183//7738 
f 4224//7739 4223//7739 4182//7739 
f 4225//7740 4183//7740 4184//7740 
f 4225//7741 4224//7741 4183//7741 
f 4226//7742 4184//7742 4185//7742 
f 4226//7743 4225//7743 4184//7743 
f 4227//7744 4185//7744 4186//7744 
f 4227//7745 4226//7745 4185//7745 
f 4228//7746 4186//7746 4187//7746 
f 4228//7747 4227//7747 4186//7747 
f 4229//7748 4187//7748 4188//7748 
f 4229//7749 4228//7749 4187//7749 
f 4230//7750 4229//7750 4188//7750 
f 4231//7751 4188//7751 4189//7751 
f 4231//7752 4230//7752 4188//7752 
f 4232//7753 4189//7753 4190//7753 
f 4232//7754 4231//7754 4189//7754 
f 4233//7755 4190//7755 4191//7755 
f 4233//7756 4232//7756 4190//7756 
f 4234//7757 4191//7757 4192//7757 
f 4234//7758 4233//7758 4191//7758 
f 4235//7759 4192//7759 4193//7759 
f 4235//7760 4234//7760 4192//7760 
f 4236//7761 4193//7761 4194//7761 
f 4236//7762 4235//7762 4193//7762 
f 4237//7763 4194//7763 4195//7763 
f 4237//7764 4236//7764 4194//7764 
f 4238//7765 4195//7765 4196//7765 
f 4238//7766 4237//7766 4195//7766 
f 4239//7767 4196//7767 4197//7767 
f 4239//7768 4238//7768 4196//7768 
f 4240//7769 4197//7769 4198//7769 
f 4240//7770 4239//7770 4197//7770 
f 4241//7771 4198//7771 4199//7771 
f 4241//7772 4240//7772 4198//7772 
f 4242//7773 4199//7773 4200//7773 
f 4242//7774 4241//7774 4199//7774 
f 4243//7775 4200//7775 4201//7775 
f 4243//7776 4242//7776 4200//7776 
f 4244//7777 4201//7777 4202//7777 
f 4244//7778 4243//7778 4201//7778 
f 4245//7779 4202//7779 4203//7779 
f 4245//7780 4244//7780 4202//7780 
f 4246//7781 4203//7781 4204//7781 
f 4246//7782 4245//7782 4203//7782 
f 4247//7783 4204//7783 4205//7783 
f 4247//7784 4246//7784 4204//7784 
f 4248//7785 4205//7785 4206//7785 
f 4248//7786 4247//7786 4205//7786 
f 4249//7787 4206//7787 4207//7787 
f 4249//7788 4248//7788 4206//7788 
f 4250//7789 4249//7789 4207//7789 
f 4250//7790 4207//7790 4208//7790 
f 4251//7791 4250//7791 4208//7791 
f 4251//7792 4208//7792 4209//7792 
f 4252//7793 4251//7793 4209//7793 
f 4252//7794 4209//7794 4210//7794 
f 4253//7795 4252//7795 4210//7795 
f 4253//7796 4210//7796 4211//7796 
f 4254//7797 4253//7797 4211//7797 
f 4254//7798 4211//7798 4212//7798 
f 4254//7799 4212//7799 4213//7799 
f 4255//7800 4213//7800 4214//7800 
f 4255//7801 4254//7801 4213//7801 
f 4256//7802 4255//7802 4214//7802 
f 4256//7803 4214//7803 4215//7803 
f 4257//7804 4256//7804 4215//7804 
f 4257//7805 4215//7805 4216//7805 
f 4258//7806 4257//7806 4216//7806 
f 4258//7807 4216//7807 4217//7807 
f 4259//7808 4258//7808 4217//7808 
f 4259//7809 4217//7809 4218//7809 
f 4260//7810 4218//7810 4219//7810 
f 4260//7811 4259//7811 4218//7811 
f 4261//7812 4219//7812 4220//7812 
f 4261//7813 4260//7813 4219//7813 
f 4262//7814 4261//7814 4220//7814 
f 4263//7815 4220//7815 4221//7815 
f 4263//7816 4221//7816 4222//7816 
f 4263//7817 4262//7817 4220//7817 
f 4264//7818 4263//7818 4222//7818 
f 3085//7819 3466//7819 4098//7819 
f 4098//7820 4223//7820 4099//7820 
f 3466//7821 4223//7821 4098//7821 
f 4099//7822 4224//7822 4101//7822 
f 4223//7823 4224//7823 4099//7823 
f 4101//7824 4225//7824 4103//7824 
f 4224//7825 4225//7825 4101//7825 
f 4103//7826 4226//7826 4105//7826 
f 4225//7827 4226//7827 4103//7827 
f 4105//7828 4227//7828 4107//7828 
f 4226//7829 4227//7829 4105//7829 
f 4227//7830 4228//7830 4107//7830 
f 4107//7831 4229//7831 4109//7831 
f 4228//7832 4229//7832 4107//7832 
f 4109//7833 4230//7833 4111//7833 
f 4229//7834 4230//7834 4109//7834 
f 4111//7835 4231//7835 4113//7835 
f 4230//7836 4231//7836 4111//7836 
f 4113//7837 4232//7837 4115//7837 
f 4231//7838 4232//7838 4113//7838 
f 4115//7839 4233//7839 4118//7839 
f 4232//7840 4233//7840 4115//7840 
f 4118//7841 4234//7841 4120//7841 
f 4233//7842 4234//7842 4118//7842 
f 4120//7843 4235//7843 4122//7843 
f 4234//7844 4235//7844 4120//7844 
f 4122//7845 4236//7845 4124//7845 
f 4235//7846 4236//7846 4122//7846 
f 4124//7847 4237//7847 4126//7847 
f 4236//7848 4237//7848 4124//7848 
f 4126//7849 4238//7849 4128//7849 
f 4237//7850 4238//7850 4126//7850 
f 4128//7851 4239//7851 4130//7851 
f 4238//7852 4239//7852 4128//7852 
f 4130//7853 4240//7853 4132//7853 
f 4132//7854 4240//7854 4134//7854 
f 4239//7855 4240//7855 4130//7855 
f 4240//7856 4241//7856 4134//7856 
f 4134//7857 4241//7857 4136//7857 
f 4136//7858 4242//7858 4138//7858 
f 4241//7859 4242//7859 4136//7859 
f 4138//7860 4243//7860 4140//7860 
f 4242//7861 4243//7861 4138//7861 
f 4140//7862 4244//7862 4142//7862 
f 4243//7863 4244//7863 4140//7863 
f 4142//7864 4245//7864 4144//7864 
f 4244//7865 4245//7865 4142//7865 
f 4144//7866 4246//7866 4146//7866 
f 4245//7867 4246//7867 4144//7867 
f 4146//7868 4247//7868 4148//7868 
f 4246//7869 4247//7869 4146//7869 
f 4148//7870 4248//7870 4150//7870 
f 4247//7871 4248//7871 4148//7871 
f 4150//7872 4249//7872 4152//7872 
f 4248//7873 4249//7873 4150//7873 
f 4249//7874 4250//7874 4152//7874 
f 4152//7875 4250//7875 4154//7875 
f 4250//7876 4251//7876 4154//7876 
f 4154//7877 4251//7877 4156//7877 
f 4251//7878 4252//7878 4156//7878 
f 4156//7879 4252//7879 4158//7879 
f 4252//7880 4253//7880 4158//7880 
f 4158//7881 4253//7881 4160//7881 
f 4253//7882 4254//7882 4160//7882 
f 4160//7883 4254//7883 4162//7883 
f 4254//7884 4255//7884 4162//7884 
f 4162//7885 4255//7885 4164//7885 
f 4255//7886 4256//7886 4164//7886 
f 4164//7887 4256//7887 4165//7887 
f 4256//7888 4257//7888 4165//7888 
f 4165//7889 4257//7889 4167//7889 
f 4257//7890 4258//7890 4167//7890 
f 4258//7891 4259//7891 4167//7891 
f 4167//7892 4259//7892 4169//7892 
f 4259//7893 4260//7893 4169//7893 
f 4169//7894 4260//7894 4171//7894 
f 4171//7895 4261//7895 4173//7895 
f 4260//7896 4261//7896 4171//7896 
f 4173//7897 4262//7897 4175//7897 
f 4261//7898 4262//7898 4173//7898 
f 4175//7899 4263//7899 4177//7899 
f 4262//7900 4263//7900 4175//7900 
f 4177//7901 4264//7901 4180//7901 
f 4263//7902 4264//7902 4177//7902 
f 3550//7903 3548//7903 3549//7903 
f 3551//7904 3548//7904 3550//7904 
f 3551//7905 3546//7905 3547//7905 
f 3551//7906 3547//7906 3548//7906 
f 3540//7907 3541//7907 3542//7907 
f 3553//7908 3546//7908 3551//7908 
f 3553//7909 3543//7909 3544//7909 
f 3553//7910 3544//7910 3545//7910 
f 3553//7911 3545//7911 3546//7911 
f 3553//7912 3551//7912 3552//7912 
f 3536//7913 3537//7913 3538//7913 
f 3536//7914 3538//7914 3539//7914 
f 3536//7915 3539//7915 3540//7915 
f 3556//7916 3543//7916 3553//7916 
f 3556//7917 3553//7917 3554//7917 
f 3556//7918 3554//7918 3555//7918 
f 3559//7919 3557//7919 3558//7919 
f 3560//7920 3557//7920 3559//7920 
f 3560//7921 3556//7921 3557//7921 
f 3529//7922 3530//7922 3531//7922 
f 3529//7923 3531//7923 3532//7923 
f 3529//7924 3532//7924 3533//7924 
f 3529//7925 3533//7925 3534//7925 
f 3529//7926 3534//7926 3535//7926 
f 3529//7927 3535//7927 3536//7927 
f 3563//7928 3561//7928 3562//7928 
f 3565//7929 3563//7929 3564//7929 
f 3567//7930 3563//7930 3565//7930 
f 3567//7931 3565//7931 3566//7931 
f 3524//7932 3525//7932 3526//7932 
f 3523//7933 3526//7933 3527//7933 
f 3523//7934 3524//7934 3526//7934 
f 3522//7935 3523//7935 3527//7935 
f 3570//7936 3567//7936 3568//7936 
f 3570//7937 3568//7937 3569//7937 
f 3570//7938 3563//7938 3567//7938 
f 3570//7939 3560//7939 3561//7939 
f 3570//7940 3561//7940 3563//7940 
f 3520//7941 3521//7941 3522//7941 
f 3520//7942 3527//7942 3528//7942 
f 3520//7943 3528//7943 3529//7943 
f 3520//7944 3522//7944 3527//7944 
f 3519//7945 3520//7945 3529//7945 
f 3574//7946 3571//7946 3572//7946 
f 3574//7947 3572//7947 3573//7947 
f 3517//7948 3518//7948 3519//7948 
f 3575//7949 3571//7949 3574//7949 
f 3576//7950 3571//7950 3575//7950 
f 3514//7951 3519//7951 3529//7951 
f 3514//7952 3517//7952 3519//7952 
f 3514//7953 3515//7953 3516//7953 
f 3514//7954 3516//7954 3517//7954 
f 3514//7955 3540//7955 3542//7955 
f 3514//7956 3536//7956 3540//7956 
f 3514//7957 3529//7957 3536//7957 
f 3578//7958 3570//7958 3571//7958 
f 3578//7959 3576//7959 3577//7959 
f 3578//7960 3560//7960 3570//7960 
f 3578//7961 3571//7961 3576//7961 
f 3578//7962 3556//7962 3560//7962 
f 3511//7963 3512//7963 3513//7963 
f 3511//7964 3513//7964 3514//7964 
f 3581//7965 3578//7965 3579//7965 
f 3581//7966 3579//7966 3580//7966 
f 3510//7967 3511//7967 3514//7967 
f 3582//7968 3578//7968 3581//7968 
f 3509//7969 3510//7969 3514//7969 
f 3507//7970 3508//7970 3509//7970 
f 3585//7971 3582//7971 3583//7971 
f 3585//7972 3583//7972 3584//7972 
f 3587//7973 3585//7973 3586//7973 
f 3587//7974 3578//7974 3582//7974 
f 3587//7975 3582//7975 3585//7975 
f 3503//7976 3504//7976 3505//7976 
f 3503//7977 3505//7977 3506//7977 
f 3503//7978 3506//7978 3507//7978 
f 3503//7979 3507//7979 3509//7979 
f 3590//7980 3587//7980 3588//7980 
f 3590//7981 3588//7981 3589//7981 
f 3590//7982 3578//7982 3587//7982 
f 3501//7983 3502//7983 3503//7983 
f 3592//7984 3590//7984 3591//7984 
f 3467//7985 3590//7985 3592//7985 
f 3496//7986 3578//7986 3590//7986 
f 3496//7987 3590//7987 3467//7987 
f 3496//7988 3497//7988 3498//7988 
f 3496//7989 3498//7989 3499//7989 
f 3496//7990 3499//7990 3500//7990 
f 3496//7991 3500//7991 3501//7991 
f 3496//7992 3514//7992 3542//7992 
f 3496//7993 3543//7993 3556//7993 
f 3496//7994 3556//7994 3578//7994 
f 3496//7995 3501//7995 3503//7995 
f 3496//7996 3509//7996 3514//7996 
f 3496//7997 3542//7997 3543//7997 
f 3496//7998 3503//7998 3509//7998 
f 3470//7999 3467//7999 3468//7999 
f 3470//8000 3468//8000 3469//8000 
f 3493//8001 3494//8001 3495//8001 
f 3493//8002 3495//8002 3496//8002 
f 3473//8003 3470//8003 3471//8003 
f 3473//8004 3471//8004 3472//8004 
f 3475//8005 3473//8005 3474//8005 
f 3475//8006 3470//8006 3473//8006 
f 3490//8007 3491//8007 3492//8007 
f 3476//8008 3467//8008 3470//8008 
f 3476//8009 3470//8009 3475//8009 
f 3489//8010 3492//8010 3493//8010 
f 3489//8011 3490//8011 3492//8011 
f 3477//8012 3467//8012 3476//8012 
f 3487//8013 3488//8013 3489//8013 
f 3486//8014 3487//8014 3489//8014 
f 3480//8015 3477//8015 3478//8015 
f 3480//8016 3478//8016 3479//8016 
f 3480//8017 3467//8017 3477//8017 
f 3485//8018 3489//8018 3493//8018 
f 3485//8019 3486//8019 3489//8019 
f 3481//8020 3467//8020 3480//8020 
f 3482//8021 3467//8021 3481//8021 
f 3483//8022 3484//8022 3485//8022 
f 3483//8023 3496//8023 3467//8023 
f 3483//8024 3493//8024 3496//8024 
f 3483//8025 3485//8025 3493//8025 
f 3483//8026 3467//8026 3482//8026 
f 3669//8027 3670//8027 3671//8027 
f 3669//8028 3671//8028 3672//8028 
f 3677//8029 3674//8029 3675//8029 
f 3677//8030 3675//8030 3676//8030 
f 3666//8031 3667//8031 3668//8031 
f 3678//8032 3674//8032 3677//8032 
f 3678//8033 3672//8033 3673//8033 
f 3678//8034 3673//8034 3674//8034 
f 3664//8035 3665//8035 3666//8035 
f 3680//8036 3678//8036 3679//8036 
f 3681//8037 3678//8037 3680//8037 
f 3682//8038 3669//8038 3672//8038 
f 3682//8039 3672//8039 3678//8039 
f 3682//8040 3678//8040 3681//8040 
f 3661//8041 3662//8041 3663//8041 
f 3661//8042 3663//8042 3664//8042 
f 3684//8043 3682//8043 3683//8043 
f 3655//8044 3656//8044 3657//8044 
f 3655//8045 3657//8045 3658//8045 
f 3691//8046 3688//8046 3689//8046 
f 3691//8047 3689//8047 3690//8047 
f 3651//8048 3652//8048 3653//8048 
f 3651//8049 3653//8049 3654//8049 
f 3693//8050 3688//8050 3691//8050 
f 3693//8051 3691//8051 3692//8051 
f 3694//8052 3688//8052 3693//8052 
f 3694//8053 3686//8053 3687//8053 
f 3694//8054 3687//8054 3688//8054 
f 3648//8055 3649//8055 3650//8055 
f 3648//8056 3650//8056 3651//8056 
f 3696//8057 3694//8057 3695//8057 
f 3647//8058 3648//8058 3651//8058 
f 3646//8059 3647//8059 3651//8059 
f 3646//8060 3654//8060 3655//8060 
f 3646//8061 3651//8061 3654//8061 
f 3698//8062 3696//8062 3697//8062 
f 3699//8063 3686//8063 3694//8063 
f 3699//8064 3696//8064 3698//8064 
f 3699//8065 3694//8065 3696//8065 
f 3699//8066 3684//8066 3685//8066 
f 3699//8067 3685//8067 3686//8067 
f 3643//8068 3644//8068 3645//8068 
f 3642//8069 3643//8069 3645//8069 
f 3703//8070 3701//8070 3702//8070 
f 3640//8071 3646//8071 3655//8071 
f 3640//8072 3642//8072 3645//8072 
f 3640//8073 3641//8073 3642//8073 
f 3640//8074 3645//8074 3646//8074 
f 3704//8075 3699//8075 3700//8075 
f 3704//8076 3700//8076 3701//8076 
f 3704//8077 3701//8077 3703//8077 
f 3704//8078 3684//8078 3699//8078 
f 3704//8079 3682//8079 3684//8079 
f 3638//8080 3639//8080 3640//8080 
f 3707//8081 3705//8081 3706//8081 
f 3708//8082 3704//8082 3705//8082 
f 3708//8083 3682//8083 3704//8083 
f 3708//8084 3666//8084 3668//8084 
f 3708//8085 3664//8085 3666//8085 
f 3708//8086 3669//8086 3682//8086 
f 3708//8087 3705//8087 3707//8087 
f 3708//8088 3668//8088 3669//8088 
f 3709//8089 3664//8089 3708//8089 
f 3709//8090 3661//8090 3664//8090 
f 3709//8091 3658//8091 3659//8091 
f 3709//8092 3659//8092 3660//8092 
f 3709//8093 3660//8093 3661//8093 
f 3634//8094 3635//8094 3636//8094 
f 3634//8095 3636//8095 3637//8095 
f 3634//8096 3637//8096 3638//8096 
f 3632//8097 3633//8097 3634//8097 
f 3632//8098 3638//8098 3640//8098 
f 3632//8099 3634//8099 3638//8099 
f 3712//8100 3709//8100 3710//8100 
f 3712//8101 3710//8101 3711//8101 
f 3631//8102 3632//8102 3640//8102 
f 3713//8103 3709//8103 3712//8103 
f 3630//8104 3631//8104 3640//8104 
f 3715//8105 3713//8105 3714//8105 
f 3715//8106 3709//8106 3713//8106 
f 3628//8107 3629//8107 3630//8107 
f 3716//8108 3709//8108 3715//8108 
f 3627//8109 3628//8109 3630//8109 
f 3627//8110 3630//8110 3640//8110 
f 3717//8111 3709//8111 3716//8111 
f 3718//8112 3709//8112 3717//8112 
f 3625//8113 3626//8113 3627//8113 
f 3593//8114 3709//8114 3718//8114 
f 3622//8115 3623//8115 3624//8115 
f 3596//8116 3593//8116 3594//8116 
f 3596//8117 3594//8117 3595//8117 
f 3621//8118 3622//8118 3624//8118 
f 3598//8119 3596//8119 3597//8119 
f 3599//8120 3596//8120 3598//8120 
f 3617//8121 3618//8121 3619//8121 
f 3617//8122 3619//8122 3620//8122 
f 3617//8123 3620//8123 3621//8123 
f 3617//8124 3621//8124 3624//8124 
f 3617//8125 3624//8125 3625//8125 
f 3601//8126 3599//8126 3600//8126 
f 3601//8127 3593//8127 3596//8127 
f 3601//8128 3596//8128 3599//8128 
f 3614//8129 3615//8129 3616//8129 
f 3614//8130 3616//8130 3617//8130 
f 3604//8131 3601//8131 3602//8131 
f 3604//8132 3602//8132 3603//8132 
f 3613//8133 3625//8133 3627//8133 
f 3613//8134 3617//8134 3625//8134 
f 3613//8135 3614//8135 3617//8135 
f 3607//8136 3604//8136 3605//8136 
f 3607//8137 3605//8137 3606//8137 
f 3607//8138 3601//8138 3604//8138 
f 3610//8139 3611//8139 3612//8139 
f 3610//8140 3612//8140 3613//8140 
f 3608//8141 3601//8141 3607//8141 
f 3609//8142 3593//8142 3601//8142 
f 3609//8143 3709//8143 3593//8143 
f 3609//8144 3627//8144 3640//8144 
f 3609//8145 3658//8145 3709//8145 
f 3609//8146 3640//8146 3655//8146 
f 3609//8147 3613//8147 3627//8147 
f 3609//8148 3610//8148 3613//8148 
f 3609//8149 3601//8149 3608//8149 
f 3609//8150 3655//8150 3658//8150 
f 3802//8151 3800//8151 3801//8151 
f 3803//8152 3800//8152 3802//8152 
f 3803//8153 3798//8153 3799//8153 
f 3803//8154 3799//8154 3800//8154 
f 3792//8155 3793//8155 3794//8155 
f 3805//8156 3798//8156 3803//8156 
f 3805//8157 3795//8157 3796//8157 
f 3805//8158 3796//8158 3797//8158 
f 3805//8159 3797//8159 3798//8159 
f 3805//8160 3803//8160 3804//8160 
f 3788//8161 3789//8161 3790//8161 
f 3788//8162 3790//8162 3791//8162 
f 3788//8163 3791//8163 3792//8163 
f 3808//8164 3795//8164 3805//8164 
f 3808//8165 3805//8165 3806//8165 
f 3808//8166 3806//8166 3807//8166 
f 3811//8167 3809//8167 3810//8167 
f 3812//8168 3809//8168 3811//8168 
f 3812//8169 3808//8169 3809//8169 
f 3781//8170 3782//8170 3783//8170 
f 3781//8171 3783//8171 3784//8171 
f 3781//8172 3784//8172 3785//8172 
f 3781//8173 3785//8173 3786//8173 
f 3781//8174 3786//8174 3787//8174 
f 3781//8175 3787//8175 3788//8175 
f 3815//8176 3813//8176 3814//8176 
f 3817//8177 3815//8177 3816//8177 
f 3819//8178 3815//8178 3817//8178 
f 3819//8179 3817//8179 3818//8179 
f 3776//8180 3777//8180 3778//8180 
f 3775//8181 3778//8181 3779//8181 
f 3775//8182 3776//8182 3778//8182 
f 3774//8183 3775//8183 3779//8183 
f 3822//8184 3819//8184 3820//8184 
f 3822//8185 3820//8185 3821//8185 
f 3822//8186 3815//8186 3819//8186 
f 3822//8187 3812//8187 3813//8187 
f 3822//8188 3813//8188 3815//8188 
f 3772//8189 3773//8189 3774//8189 
f 3772//8190 3779//8190 3780//8190 
f 3772//8191 3780//8191 3781//8191 
f 3772//8192 3774//8192 3779//8192 
f 3771//8193 3772//8193 3781//8193 
f 3826//8194 3823//8194 3824//8194 
f 3826//8195 3824//8195 3825//8195 
f 3769//8196 3770//8196 3771//8196 
f 3827//8197 3823//8197 3826//8197 
f 3828//8198 3823//8198 3827//8198 
f 3766//8199 3771//8199 3781//8199 
f 3766//8200 3769//8200 3771//8200 
f 3766//8201 3767//8201 3768//8201 
f 3766//8202 3768//8202 3769//8202 
f 3766//8203 3792//8203 3794//8203 
f 3766//8204 3788//8204 3792//8204 
f 3766//8205 3781//8205 3788//8205 
f 3830//8206 3822//8206 3823//8206 
f 3830//8207 3828//8207 3829//8207 
f 3830//8208 3812//8208 3822//8208 
f 3830//8209 3823//8209 3828//8209 
f 3830//8210 3808//8210 3812//8210 
f 3763//8211 3764//8211 3765//8211 
f 3763//8212 3765//8212 3766//8212 
f 3833//8213 3830//8213 3831//8213 
f 3833//8214 3831//8214 3832//8214 
f 3762//8215 3763//8215 3766//8215 
f 3834//8216 3830//8216 3833//8216 
f 3761//8217 3762//8217 3766//8217 
f 3759//8218 3760//8218 3761//8218 
f 3837//8219 3834//8219 3835//8219 
f 3837//8220 3835//8220 3836//8220 
f 3839//8221 3837//8221 3838//8221 
f 3839//8222 3830//8222 3834//8222 
f 3839//8223 3834//8223 3837//8223 
f 3755//8224 3756//8224 3757//8224 
f 3755//8225 3757//8225 3758//8225 
f 3755//8226 3758//8226 3759//8226 
f 3755//8227 3759//8227 3761//8227 
f 3842//8228 3839//8228 3840//8228 
f 3842//8229 3840//8229 3841//8229 
f 3842//8230 3830//8230 3839//8230 
f 3753//8231 3754//8231 3755//8231 
f 3844//8232 3842//8232 3843//8232 
f 3719//8233 3842//8233 3844//8233 
f 3748//8234 3830//8234 3842//8234 
f 3748//8235 3842//8235 3719//8235 
f 3748//8236 3749//8236 3750//8236 
f 3748//8237 3750//8237 3751//8237 
f 3748//8238 3751//8238 3752//8238 
f 3748//8239 3752//8239 3753//8239 
f 3748//8240 3766//8240 3794//8240 
f 3748//8241 3795//8241 3808//8241 
f 3748//8242 3808//8242 3830//8242 
f 3748//8243 3753//8243 3755//8243 
f 3748//8244 3761//8244 3766//8244 
f 3748//8245 3794//8245 3795//8245 
f 3748//8246 3755//8246 3761//8246 
f 3722//8247 3719//8247 3720//8247 
f 3722//8248 3720//8248 3721//8248 
f 3745//8249 3746//8249 3747//8249 
f 3745//8250 3747//8250 3748//8250 
f 3725//8251 3722//8251 3723//8251 
f 3725//8252 3723//8252 3724//8252 
f 3727//8253 3725//8253 3726//8253 
f 3727//8254 3722//8254 3725//8254 
f 3742//8255 3743//8255 3744//8255 
f 3728//8256 3719//8256 3722//8256 
f 3728//8257 3722//8257 3727//8257 
f 3741//8258 3744//8258 3745//8258 
f 3741//8259 3742//8259 3744//8259 
f 3729//8260 3719//8260 3728//8260 
f 3739//8261 3740//8261 3741//8261 
f 3738//8262 3739//8262 3741//8262 
f 3732//8263 3729//8263 3730//8263 
f 3732//8264 3730//8264 3731//8264 
f 3732//8265 3719//8265 3729//8265 
f 3737//8266 3741//8266 3745//8266 
f 3737//8267 3738//8267 3741//8267 
f 3733//8268 3719//8268 3732//8268 
f 3734//8269 3719//8269 3733//8269 
f 3735//8270 3736//8270 3737//8270 
f 3735//8271 3748//8271 3719//8271 
f 3735//8272 3745//8272 3748//8272 
f 3735//8273 3737//8273 3745//8273 
f 3735//8274 3719//8274 3734//8274 
f 3928//8275 3924//8275 3925//8275 
f 3928//8276 3925//8276 3926//8276 
f 3928//8277 3926//8277 3927//8277 
f 3919//8278 3920//8278 3921//8278 
f 3919//8279 3921//8279 3922//8279 
f 3919//8280 3922//8280 3923//8280 
f 3916//8281 3917//8281 3918//8281 
f 3916//8282 3918//8282 3919//8282 
f 3934//8283 3931//8283 3932//8283 
f 3934//8284 3932//8284 3933//8284 
f 3913//8285 3916//8285 3919//8285 
f 3913//8286 3914//8286 3915//8286 
f 3913//8287 3915//8287 3916//8287 
f 3935//8288 3931//8288 3934//8288 
f 3935//8289 3928//8289 3929//8289 
f 3935//8290 3929//8290 3930//8290 
f 3935//8291 3930//8291 3931//8291 
f 3911//8292 3912//8292 3913//8292 
f 3938//8293 3935//8293 3936//8293 
f 3938//8294 3936//8294 3937//8294 
f 3909//8295 3910//8295 3911//8295 
f 3906//8296 3907//8296 3908//8296 
f 3905//8297 3908//8297 3909//8297 
f 3905//8298 3906//8298 3908//8298 
f 3904//8299 3911//8299 3913//8299 
f 3904//8300 3905//8300 3909//8300 
f 3904//8301 3909//8301 3911//8301 
f 3944//8302 3938//8302 3939//8302 
f 3944//8303 3939//8303 3940//8303 
f 3944//8304 3940//8304 3941//8304 
f 3944//8305 3941//8305 3942//8305 
f 3944//8306 3942//8306 3943//8306 
f 3902//8307 3903//8307 3904//8307 
f 3902//8308 3904//8308 3913//8308 
f 3947//8309 3945//8309 3946//8309 
f 3947//8310 3944//8310 3945//8310 
f 3900//8311 3901//8311 3902//8311 
f 3949//8312 3947//8312 3948//8312 
f 3897//8313 3898//8313 3899//8313 
f 3951//8314 3949//8314 3950//8314 
f 3951//8315 3947//8315 3949//8315 
f 3896//8316 3897//8316 3899//8316 
f 3894//8317 3900//8317 3902//8317 
f 3894//8318 3896//8318 3899//8318 
f 3894//8319 3895//8319 3896//8319 
f 3894//8320 3899//8320 3900//8320 
f 3954//8321 3951//8321 3952//8321 
f 3954//8322 3952//8322 3953//8322 
f 3954//8323 3947//8323 3951//8323 
f 3955//8324 3944//8324 3947//8324 
f 3955//8325 3947//8325 3954//8325 
f 3892//8326 3893//8326 3894//8326 
f 3890//8327 3894//8327 3902//8327 
f 3890//8328 3891//8328 3892//8328 
f 3890//8329 3892//8329 3894//8329 
f 3888//8330 3955//8330 3956//8330 
f 3888//8331 3902//8331 3913//8331 
f 3888//8332 3944//8332 3955//8332 
f 3888//8333 3924//8333 3928//8333 
f 3888//8334 3889//8334 3890//8334 
f 3888//8335 3919//8335 3923//8335 
f 3888//8336 3890//8336 3902//8336 
f 3888//8337 3928//8337 3935//8337 
f 3888//8338 3913//8338 3919//8338 
f 3888//8339 3923//8339 3924//8339 
f 3888//8340 3935//8340 3938//8340 
f 3888//8341 3938//8341 3944//8341 
f 3960//8342 3958//8342 3959//8342 
f 3962//8343 3956//8343 3957//8343 
f 3962//8344 3957//8344 3958//8344 
f 3962//8345 3960//8345 3961//8345 
f 3962//8346 3958//8346 3960//8346 
f 3885//8347 3886//8347 3887//8347 
f 3885//8348 3887//8348 3888//8348 
f 3884//8349 3885//8349 3888//8349 
f 3966//8350 3962//8350 3963//8350 
f 3966//8351 3963//8351 3964//8351 
f 3966//8352 3964//8352 3965//8352 
f 3881//8353 3882//8353 3883//8353 
f 3881//8354 3883//8354 3884//8354 
f 3968//8355 3966//8355 3967//8355 
f 3968//8356 3962//8356 3966//8356 
f 3878//8357 3879//8357 3880//8357 
f 3877//8358 3878//8358 3880//8358 
f 3877//8359 3880//8359 3881//8359 
f 3877//8360 3881//8360 3884//8360 
f 3846//8361 3969//8361 3970//8361 
f 3846//8362 3970//8362 3845//8362 
f 3875//8363 3876//8363 3877//8363 
f 3847//8364 3969//8364 3846//8364 
f 3874//8365 3877//8365 3884//8365 
f 3874//8366 3875//8366 3877//8366 
f 3874//8367 3884//8367 3888//8367 
f 3849//8368 3847//8368 3848//8368 
f 3849//8369 3962//8369 3968//8369 
f 3849//8370 3968//8370 3969//8370 
f 3849//8371 3969//8371 3847//8371 
f 3872//8372 3873//8372 3874//8372 
f 3851//8373 3962//8373 3849//8373 
f 3851//8374 3849//8374 3850//8374 
f 3870//8375 3871//8375 3872//8375 
f 3853//8376 3851//8376 3852//8376 
f 3853//8377 3962//8377 3851//8377 
f 3867//8378 3868//8378 3869//8378 
f 3867//8379 3869//8379 3870//8379 
f 3867//8380 3872//8380 3874//8380 
f 3867//8381 3870//8381 3872//8381 
f 3856//8382 3853//8382 3854//8382 
f 3856//8383 3854//8383 3855//8383 
f 3856//8384 3962//8384 3853//8384 
f 3856//8385 3956//8385 3962//8385 
f 3863//8386 3864//8386 3865//8386 
f 3863//8387 3865//8387 3866//8387 
f 3863//8388 3866//8388 3867//8388 
f 3859//8389 3856//8389 3857//8389 
f 3859//8390 3857//8390 3858//8390 
f 3859//8391 3874//8391 3888//8391 
f 3859//8392 3867//8392 3874//8392 
f 3859//8393 3888//8393 3956//8393 
f 3859//8394 3956//8394 3856//8394 
f 3862//8395 3863//8395 3867//8395 
f 3861//8396 3859//8396 3860//8396 
f 3861//8397 3867//8397 3859//8397 
f 3861//8398 3862//8398 3867//8398 
f 4047//8399 4048//8399 4049//8399 
f 4047//8400 4049//8400 4050//8400 
f 4055//8401 4052//8401 4053//8401 
f 4055//8402 4053//8402 4054//8402 
f 4044//8403 4045//8403 4046//8403 
f 4056//8404 4052//8404 4055//8404 
f 4056//8405 4050//8405 4051//8405 
f 4056//8406 4051//8406 4052//8406 
f 4042//8407 4043//8407 4044//8407 
f 4058//8408 4056//8408 4057//8408 
f 4059//8409 4056//8409 4058//8409 
f 4060//8410 4047//8410 4050//8410 
f 4060//8411 4050//8411 4056//8411 
f 4060//8412 4056//8412 4059//8412 
f 4039//8413 4040//8413 4041//8413 
f 4039//8414 4041//8414 4042//8414 
f 4062//8415 4060//8415 4061//8415 
f 4033//8416 4034//8416 4035//8416 
f 4033//8417 4035//8417 4036//8417 
f 4069//8418 4066//8418 4067//8418 
f 4069//8419 4067//8419 4068//8419 
f 4029//8420 4030//8420 4031//8420 
f 4029//8421 4031//8421 4032//8421 
f 4071//8422 4066//8422 4069//8422 
f 4071//8423 4069//8423 4070//8423 
f 4072//8424 4066//8424 4071//8424 
f 4072//8425 4064//8425 4065//8425 
f 4072//8426 4065//8426 4066//8426 
f 4026//8427 4027//8427 4028//8427 
f 4026//8428 4028//8428 4029//8428 
f 4074//8429 4072//8429 4073//8429 
f 4025//8430 4026//8430 4029//8430 
f 4024//8431 4025//8431 4029//8431 
f 4024//8432 4032//8432 4033//8432 
f 4024//8433 4029//8433 4032//8433 
f 4076//8434 4074//8434 4075//8434 
f 4077//8435 4064//8435 4072//8435 
f 4077//8436 4074//8436 4076//8436 
f 4077//8437 4072//8437 4074//8437 
f 4077//8438 4062//8438 4063//8438 
f 4077//8439 4063//8439 4064//8439 
f 4021//8440 4022//8440 4023//8440 
f 4020//8441 4021//8441 4023//8441 
f 4081//8442 4079//8442 4080//8442 
f 4018//8443 4024//8443 4033//8443 
f 4018//8444 4020//8444 4023//8444 
f 4018//8445 4019//8445 4020//8445 
f 4018//8446 4023//8446 4024//8446 
f 4082//8447 4077//8447 4078//8447 
f 4082//8448 4078//8448 4079//8448 
f 4082//8449 4079//8449 4081//8449 
f 4082//8450 4062//8450 4077//8450 
f 4082//8451 4060//8451 4062//8451 
f 4016//8452 4017//8452 4018//8452 
f 4085//8453 4083//8453 4084//8453 
f 4086//8454 4082//8454 4083//8454 
f 4086//8455 4060//8455 4082//8455 
f 4086//8456 4044//8456 4046//8456 
f 4086//8457 4042//8457 4044//8457 
f 4086//8458 4047//8458 4060//8458 
f 4086//8459 4083//8459 4085//8459 
f 4086//8460 4046//8460 4047//8460 
f 4087//8461 4042//8461 4086//8461 
f 4087//8462 4039//8462 4042//8462 
f 4087//8463 4036//8463 4037//8463 
f 4087//8464 4037//8464 4038//8464 
f 4087//8465 4038//8465 4039//8465 
f 4012//8466 4013//8466 4014//8466 
f 4012//8467 4014//8467 4015//8467 
f 4012//8468 4015//8468 4016//8468 
f 4010//8469 4011//8469 4012//8469 
f 4010//8470 4016//8470 4018//8470 
f 4010//8471 4012//8471 4016//8471 
f 4090//8472 4087//8472 4088//8472 
f 4090//8473 4088//8473 4089//8473 
f 4009//8474 4010//8474 4018//8474 
f 4091//8475 4087//8475 4090//8475 
f 4008//8476 4009//8476 4018//8476 
f 4093//8477 4091//8477 4092//8477 
f 4093//8478 4087//8478 4091//8478 
f 4006//8479 4007//8479 4008//8479 
f 4094//8480 4087//8480 4093//8480 
f 4005//8481 4006//8481 4008//8481 
f 4005//8482 4008//8482 4018//8482 
f 4095//8483 4087//8483 4094//8483 
f 4096//8484 4087//8484 4095//8484 
f 4003//8485 4004//8485 4005//8485 
f 3971//8486 4087//8486 4096//8486 
f 4000//8487 4001//8487 4002//8487 
f 3974//8488 3971//8488 3972//8488 
f 3974//8489 3972//8489 3973//8489 
f 3999//8490 4000//8490 4002//8490 
f 3976//8491 3974//8491 3975//8491 
f 3977//8492 3974//8492 3976//8492 
f 3995//8493 3996//8493 3997//8493 
f 3995//8494 3997//8494 3998//8494 
f 3995//8495 3998//8495 3999//8495 
f 3995//8496 3999//8496 4002//8496 
f 3995//8497 4002//8497 4003//8497 
f 3979//8498 3977//8498 3978//8498 
f 3979//8499 3971//8499 3974//8499 
f 3979//8500 3974//8500 3977//8500 
f 3992//8501 3993//8501 3994//8501 
f 3992//8502 3994//8502 3995//8502 
f 3982//8503 3979//8503 3980//8503 
f 3982//8504 3980//8504 3981//8504 
f 3991//8505 4003//8505 4005//8505 
f 3991//8506 3995//8506 4003//8506 
f 3991//8507 3992//8507 3995//8507 
f 3985//8508 3982//8508 3983//8508 
f 3985//8509 3983//8509 3984//8509 
f 3985//8510 3979//8510 3982//8510 
f 3988//8511 3989//8511 3990//8511 
f 3988//8512 3990//8512 3991//8512 
f 3986//8513 3979//8513 3985//8513 
f 3987//8514 3971//8514 3979//8514 
f 3987//8515 4087//8515 3971//8515 
f 3987//8516 4005//8516 4018//8516 
f 3987//8517 4036//8517 4087//8517 
f 3987//8518 4018//8518 4033//8518 
f 3987//8519 3991//8519 4005//8519 
f 3987//8520 3988//8520 3991//8520 
f 3987//8521 3979//8521 3986//8521 
f 3987//8522 4033//8522 4036//8522 
f 4265//8523 4179//8523 4266//8523 
f 4180//8524 4266//8524 4179//8524 
f 4267//8525 4266//8525 4180//8525 
f 4268//8526 4267//8526 4180//8526 
f 4222//8527 4269//8527 4270//8527 
f 4222//8528 4179//8528 4265//8528 
f 4222//8529 4265//8529 4269//8529 
f 4271//8530 4265//8530 4268//8530 
f 4271//8531 4269//8531 4265//8531 
f 4271//8532 4268//8532 4180//8532 
f 4264//8533 4270//8533 4272//8533 
f 4264//8534 4272//8534 4271//8534 
f 4264//8535 4222//8535 4270//8535 
f 4264//8536 4271//8536 4180//8536 
f 4267//8537 4273//8537 4266//8537 
f 4266//8538 4273//8538 4274//8538 
f 4266//8539 4274//8539 4265//8539 
f 4265//8540 4274//8540 4275//8540 
f 4273//8541 4267//8541 4268//8541 
f 4273//8542 4268//8542 4276//8542 
f 4276//8543 4268//8543 4265//8543 
f 4276//8544 4265//8544 4275//8544 
f 4271//8545 4277//8545 4269//8545 
f 4269//8546 4277//8546 4278//8546 
f 4277//8547 4271//8547 4272//8547 
f 4277//8548 4272//8548 4279//8548 
f 4279//8549 4272//8549 4270//8549 
f 4279//8550 4270//8550 4280//8550 
f 4269//8551 4278//8551 4270//8551 
f 4270//8552 4278//8552 4280//8552 
f 4273//8553 4275//8553 4274//8553 
f 4276//8554 4275//8554 4273//8554 
f 4277//8555 4280//8555 4278//8555 
f 4279//8556 4280//8556 4277//8556 
